source_pdf,ประเภทเอกสาร,is_bch,หน่วยเลือกตั้งที่,หน่วยเลือกตั้งที่(ตัวเลขดิบ),หน่วยเลือกตั้งที่(ตัวอักษร),หน่วยเลือกตั้งที่_from_path,หน่วยเลือกตั้งที่_decision,หมู่ที่,หมู่ที่(ตัวเลขดิบ),หมู่ที่(ตัวอักษร),หมู่ที่_from_path,หมู่ที่_decision,ตำบล/แขวง/เทศบาล,อำเภอ/เขต,จำนวนผู้มีสิทธิ,จำนวนผู้มาใช้สิทธิ์,บัตรดี,บัตรเสีย,บัตรไม่เลือกผู้ใด,match_score_ตำบล,match_score_อำเภอ
อำเภอไชยปราการ/ตำบลแม่ทะลบ/หน่วยเลือกตั้งที่ 9/สส. 5ทับ18 (บช).pdf,บัญชีรายชื่อ,True,9,9,,9,numeric_only,,,,,missing,ตำบลแม่ทะลบ,อำเภอไชยปราการ,,,389.0,,,100,100.0
อำเภอไชยปราการ/ตำบลแม่ทะลบ/หน่วยเลือกตั้งที่ 9/สส. 5ทับ18.pdf,แบ่งเขต,False,1,1,หนึ่ง,9,numeric_text_agree,7.0,7,เจ็ด,,numeric_text_agree,ตำบลแม่ทะลบ,อำเภอไชยปราการ,559.0,395.0,389.0,6.0,,100,100.0
อำเภอไชยปราการ/ตำบลแม่ทะลบ/หน่วยเลือกตั้งที่ 6/สส. 5ทับ18 (บช).pdf,บัญชีรายชื่อ,True,6,6,,6,numeric_only,5.0,5,,,numeric_only,ตำบลแม่ทะลบ,อำเภอไชยปราการ,533.0,402.0,359.0,45.0,18.0,100,100.0
อำเภอไชยปราการ/ตำบลแม่ทะลบ/หน่วยเลือกตั้งที่ 6/สส. 5ทับ18.pdf,แบ่งเขต,False,6,6,,6,numeric_only,5.0,5,,,numeric_only,ตำบลแม่ทะลบ,อำเภอไชยปราการ,533.0,402.0,378.0,10.0,14.0,100,100.0
อำเภอไชยปราการ/ตำบลแม่ทะลบ/หน่วยเลือกตั้งที่ 8/สส. 5ทับ18 (บช).pdf,บัญชีรายชื่อ,True,8,8,,8,numeric_only,,,,,missing,ตำบลแม่ทะลบ,อำเภอไชยปราการ,,,341.0,,,100,100.0
อำเภอไชยปราการ/ตำบลแม่ทะลบ/หน่วยเลือกตั้งที่ 8/สส.5ทับ18.pdf,แบ่งเขต,False,8,8,,8,numeric_only,6.0,6,,,numeric_only,ตำบลแม่ทะลบ,อำเภอไชยปราการ,536.0,379.0,346.0,28.0,5.0,100,100.0
อำเภอไชยปราการ/ตำบลแม่ทะลบ/หน่วยเลือกตั้งที่ 5/สส. 5ทับ18.pdf,แบ่งเขต,False,5,5,,5,numeric_only,4.0,4,,,numeric_only,ตำบลแม่ทะลบ,อำเภอไชยปราการ,411.0,264.0,239.0,15.0,10.0,100,100.0
อำเภอไชยปราการ/ตำบลแม่ทะลบ/หน่วยเลือกตั้งที่ 5/สส. 5ทับ18 (บช).pdf,บัญชีรายชื่อ,True,6,6,,5,numeric_only,4.0,4,,,numeric_only,ตำบลแม่ทะลบ,อำเภอไชยปราการ,411.0,264.0,242.0,17.0,5.0,100,100.0
อำเภอไชยปราการ/ตำบลแม่ทะลบ/หน่วยเลือกตั้งที่ 7/สส. 5ทับ18 (บช).pdf,บัญชีรายชื่อ,True,7,7,,7,numeric_only,6.0,6,,,numeric_only,ตำบลแม่ทะลบ,อำเภอไชยปราการ,452.0,355.0,313.0,27.0,15.0,100,100.0
อำเภอไชยปราการ/ตำบลแม่ทะลบ/หน่วยเลือกตั้งที่ 7/สส.5ทับ18.pdf,แบ่งเขต,False,7,7,,7,numeric_only,6.0,6,,,numeric_only,ตำบลแม่ทะลบ,อำเภอไชยปราการ,452.0,355.0,304.0,29.0,19.0,100,100.0
อำเภอไชยปราการ/ตำบลแม่ทะลบ/หน่วยเลือกตั้งที่ 4/สส. 5ทับ18 (บช).pdf,บัญชีรายชื่อ,True,4,4,,4,numeric_only,4.0,4,,,numeric_only,ตำบลแม่ทะลบ,อำเภอไชยปราการ,421.0,313.0,282.0,20.0,11.0,100,100.0
อำเภอไชยปราการ/ตำบลแม่ทะลบ/หน่วยเลือกตั้งที่ 4/สส. 5ทับ18.pdf,แบ่งเขต,False,4,4,,4,numeric_only,,,,,missing,ตำบลแม่ทะลบ,อำเภอไชยปราการ,,,,,,100,100.0
อำเภอไชยปราการ/ตำบลแม่ทะลบ/หน่วยเลือกตั้งที่ 3/สส. 5ทับ18 (บช).pdf,บัญชีรายชื่อ,True,3,3,,3,numeric_only,3.0,3,,,numeric_only,ตำบลแม่ทะลบ,อำเภอไชยปราการ,577.0,427.0,393.0,31.0,3.0,100,100.0
อำเภอไชยปราการ/ตำบลแม่ทะลบ/หน่วยเลือกตั้งที่ 3/สส. 5ทับ18.pdf,แบ่งเขต,False,3,3,,3,numeric_only,6.0,6,,,numeric_only,ตำบลแม่ทะลบ,อำเภอไชยปราการ,579.0,424.0,408.0,18.0,6.0,100,100.0
อำเภอไชยปราการ/ตำบลแม่ทะลบ/หน่วยเลือกตั้งที่ 10/สส. 5ทับ18 (บช).pdf,บัญชีรายชื่อ,True,10,10,,10,numeric_only,,,,,missing,ตำบลแม่ทะลบ,อำเภอไชยปราการ,372.0,292.0,276.0,15.0,1.0,100,100.0
อำเภอไชยปราการ/ตำบลแม่ทะลบ/หน่วยเลือกตั้งที่ 10/สส. 5ทับ18.pdf,แบ่งเขต,False,10,10,,10,numeric_only,3.0,3,,,numeric_only,ตำบลแม่ทะลบ,อำเภอไชยปราการ,372.0,292.0,271.0,20.0,1.0,100,100.0
อำเภอไชยปราการ/ตำบลแม่ทะลบ/หน่วยเลือกตั้งที่ 2/สส. 5ทับ18 (บช).pdf,บัญชีรายชื่อ,True,2,2,,2,numeric_only,2.0,2,,,numeric_only,ตำบลแม่ทะลบ,อำเภอไชยปราการ,589.0,440.0,398.0,31.0,11.0,100,100.0
อำเภอไชยปราการ/ตำบลแม่ทะลบ/หน่วยเลือกตั้งที่ 2/สส. 5ทับ 18.pdf,แบ่งเขต,False,8,8,,2,numeric_only,8.0,8,,,numeric_only,ตำบลแม่ทะลบ,อำเภอไชยปราการ,589.0,440.0,416.0,16.0,8.0,100,100.0
อำเภอไชยปราการ/ตำบลแม่ทะลบ/หน่วยเลือกตั้งที่ 1/สส. 5ทับ18 (บช).pdf,บัญชีรายชื่อ,True,1,1,,1,numeric_only,1.0,1,,,numeric_only,ตำบลแม่ทะลบ,อำเภอไชยปราการ,674.0,515.0,459.0,46.0,10.0,100,100.0
อำเภอไชยปราการ/ตำบลแม่ทะลบ/หน่วยเลือกตั้งที่ 1/สส. 5ทับ18.pdf,แบ่งเขต,False,1,1,,1,numeric_only,1.0,1,,,numeric_only,ตำบลแม่ทะลบ,อำเภอไชยปราการ,674.0,515.0,450.0,52.0,13.0,100,100.0
อำเภอไชยปราการ/ตำบลแม่ทะลบ/หน่วยเลือกตั้งที่ 11/สส. 5ทับ18.pdf,แบ่งเขต,False,11,11,,11,numeric_only,8.0,8,,,numeric_only,ตำบลแม่ทะลบ,อำเภอไชยปราการ,480.0,381.0,364.0,17.0,0.0,100,100.0
อำเภอไชยปราการ/ตำบลแม่ทะลบ/หน่วยเลือกตั้งที่ 11/สส. 5ทับ18 (บช).pdf,บัญชีรายชื่อ,True,11,11,,11,numeric_only,9.0,9,,,numeric_only,ตำบลแม่ทะลบ,อำเภอไชยปราการ,480.0,381.0,360.0,20.0,1.0,100,100.0
อำเภอไชยปราการ/ตำบลปงตำ/หน่วยเลือกตั้งที่ 8/สส. 5ทับ18 (บช).pdf,บัญชีรายชื่อ,True,8,8,,8,numeric_only,5.0,5,,,numeric_only,ตำบลปงตำ,อำเภอไชยปราการ,471.0,363.0,321.0,25.0,19.0,100,100.0
อำเภอไชยปราการ/ตำบลปงตำ/หน่วยเลือกตั้งที่ 8/สส. 5ทับ18.pdf,แบ่งเขต,False,8,8,,8,numeric_only,5.0,5,,,numeric_only,ตำบลปงตำ,อำเภอไชยปราการ,471.0,365.0,335.0,16.0,14.0,100,100.0
อำเภอไชยปราการ/ตำบลปงตำ/หน่วยเลือกตั้งที่ 6/สส. 5ทับ18.pdf,แบ่งเขต,False,6,6,,6,numeric_only,3.0,3,,,numeric_only,ตำบลปงตำ,อำเภอไชยปราการ,724.0,532.0,485.0,30.0,17.0,100,100.0
อำเภอไชยปราการ/ตำบลปงตำ/หน่วยเลือกตั้งที่ 6/สส. 5ทับ18 (บช).pdf,บัญชีรายชื่อ,True,6,6,,6,numeric_only,3.0,3,,,numeric_only,ตำบลปงตำ,อำเภอไชยปราการ,724.0,532.0,481.0,40.0,11.0,100,100.0
อำเภอไชยปราการ/ตำบลปงตำ/หน่วยเลือกตั้งที่ 7/สส. 5ทับ18.pdf,แบ่งเขต,False,7,7,,7,numeric_only,4.0,4,,,numeric_only,ตำบลปงตำ,อำเภอไชยปราการ,327.0,216.0,197.0,10.0,9.0,100,100.0
อำเภอไชยปราการ/ตำบลปงตำ/หน่วยเลือกตั้งที่ 7/สส. 5ทับ18 (บช).pdf,บัญชีรายชื่อ,True,7,7,,7,numeric_only,4.0,4,,,numeric_only,ตำบลปงตำ,อำเภอไชยปราการ,327.0,216.0,193.0,16.0,7.0,100,100.0
อำเภอไชยปราการ/ตำบลปงตำ/หน่วยเลือกตั้งที่ 9/สส. 5ทับ18 (บช).pdf,บัญชีรายชื่อ,True,9,9,,9,numeric_only,6.0,6,,,numeric_only,ตำบลปงตำ,อำเภอไชยปราการ,655.0,487.0,437.0,31.0,19.0,100,100.0
อำเภอไชยปราการ/ตำบลปงตำ/หน่วยเลือกตั้งที่ 9/สส. 5ทับ18.pdf,แบ่งเขต,False,9,9,,9,numeric_only,6.0,6,,,numeric_only,ตำบลปงตำ,อำเภอไชยปราการ,655.0,487.0,443.0,22.0,22.0,100,100.0
อำเภอไชยปราการ/ตำบลปงตำ/หน่วยเลือกตั้งที่ 5/สส. 5ทับ18.pdf,แบ่งเขต,False,5,5,,5,numeric_only,6.0,6,,,numeric_only,ตำบลปงตำ,อำเภอไชยปราการ,688.0,456.0,456.0,11.0,12.0,100,100.0
อำเภอไชยปราการ/ตำบลปงตำ/หน่วยเลือกตั้งที่ 5/สส. 5ทับ18 (บช).pdf,บัญชีรายชื่อ,True,5,5,,5,numeric_only,2.0,2,,,numeric_only,ตำบลปงตำ,อำเภอไชยปราการ,688.0,556.0,527.0,3.0,26.0,100,100.0
อำเภอไชยปราการ/ตำบลปงตำ/หน่วยเลือกตั้งที่ 11/สส. 5ทับ18.pdf,แบ่งเขต,False,11,11,,11,numeric_only,8.0,8,,,numeric_only,ตำบลปงตำ,อำเภอไชยปราการ,201.0,151.0,134.0,13.0,4.0,100,100.0
อำเภอไชยปราการ/ตำบลปงตำ/หน่วยเลือกตั้งที่ 11/สส. 5ทับ18 (บช).pdf,บัญชีรายชื่อ,True,11,11,,11,numeric_only,8.0,8,,,numeric_only,ตำบลปงตำ,อำเภอไชยปราการ,201.0,151.0,137.0,6.0,8.0,100,100.0
อำเภอไชยปราการ/ตำบลปงตำ/หน่วยเลือกตั้งที่ 2/สส. 5ทับ18 (บช).pdf,บัญชีรายชื่อ,True,2,2,,2,numeric_only,1.0,1,,,numeric_only,ตำบลปงตำ,อำเภอไชยปราการ,498.0,346.0,319.0,18.0,9.0,100,100.0
อำเภอไชยปราการ/ตำบลปงตำ/หน่วยเลือกตั้งที่ 2/สส. 5ทับ18.pdf,แบ่งเขต,False,2,2,,2,numeric_only,1.0,1,,,numeric_only,ตำบลปงตำ,อำเภอไชยปราการ,488.0,346.0,319.0,11.0,16.0,100,100.0
อำเภอไชยปราการ/ตำบลปงตำ/หน่วยเลือกตั้งที่ 3/สส. 5ทับ18.pdf,แบ่งเขต,False,3,3,,3,numeric_only,2.0,2,,,numeric_only,ตำบลปงตำ,อำเภอไชยปราการ,663.0,419.0,386.0,18.0,15.0,100,100.0
อำเภอไชยปราการ/ตำบลปงตำ/หน่วยเลือกตั้งที่ 3/สส. 5ทับ18 (บช).pdf,บัญชีรายชื่อ,True,3,3,,3,numeric_only,2.0,2,,,numeric_only,ตำบลปงตำ,อำเภอไชยปราการ,663.0,419.0,396.0,11.0,12.0,100,100.0
อำเภอไชยปราการ/ตำบลปงตำ/หน่วยเลือกตั้งที่ 4/สส. 5ทับ18 (บช).pdf,บัญชีรายชื่อ,True,4,4,,4,numeric_only,2.0,2,,,numeric_only,ตำบลปงตำ,อำเภอไชยปราการ,670.0,468.0,409.0,28.0,31.0,100,100.0
อำเภอไชยปราการ/ตำบลปงตำ/หน่วยเลือกตั้งที่ 4/สส. 5ทับ18.pdf,แบ่งเขต,False,4,4,,4,numeric_only,2.0,2,,,numeric_only,ตำบลปงตำ,อำเภอไชยปราการ,670.0,468.0,412.0,20.0,36.0,100,100.0
อำเภอไชยปราการ/ตำบลปงตำ/หน่วยเลือกตั้งที่ 10/สส. 5ทับ18 (บช).pdf,บัญชีรายชื่อ,True,10,10,,10,numeric_only,4.0,4,,,numeric_only,ตำบลปงตำ,อำเภอไชยปราการ,621.0,379.0,341.0,23.0,15.0,100,100.0
อำเภอไชยปราการ/ตำบลปงตำ/หน่วยเลือกตั้งที่ 10/สส. 5ทับ18.pdf,แบ่งเขต,False,10,10,,10,numeric_only,7.0,7,,,numeric_only,ตำบลปงตำ,อำเภอไชยปราการ,621.0,379.0,340.0,23.0,16.0,100,100.0
อำเภอไชยปราการ/ตำบลปงตำ/หน่วยเลือกตั้งที่ 1/สส. 5ทับ18.pdf,แบ่งเขต,False,1,1,,1,numeric_only,1.0,1,,,numeric_only,ตำบลปงตำ,อำเภอไชยปราการ,499.0,349.0,323.0,11.0,15.0,100,100.0
อำเภอไชยปราการ/ตำบลปงตำ/หน่วยเลือกตั้งที่ 1/สส. 5ทับ18 (บช).pdf,บัญชีรายชื่อ,True,1,1,,1,numeric_only,1.0,1,,,numeric_only,ตำบลปงตำ,อำเภอไชยปราการ,495.0,410.0,304.0,28.0,17.0,100,100.0
อำเภอแม่อาย/ตำบลแม่สาว/หน่วยเลือกตั้งที่ 6/สส.5ทับ18 บช หน่วยที่ 6.pdf,บัญชีรายชื่อ,True,6,6,,6,numeric_only,6.0,6,,,numeric_only,ตำบลแม่สาว,อำเภอแม่อาย,493.0,312.0,283.0,16.0,13.0,100,100.0
อำเภอแม่อาย/ตำบลแม่สาว/หน่วยเลือกตั้งที่ 6/สส. 5ทับ18.pdf,แบ่งเขต,False,6,6,,6,numeric_only,6.0,6,,,numeric_only,ตำบลแม่สาว,อำเภอแม่อาย,493.0,312.0,295.0,17.0,,100,100.0
อำเภอแม่อาย/ตำบลแม่สาว/หน่วยเลือกตั้งที่ 9/สส.5ทับ18 บช หน่วยที่ 9.pdf,บัญชีรายชื่อ,True,9,9,,9,numeric_only,8.0,8,,,numeric_only,ตำบลแม่สาว,อำเภอแม่อาย,435.0,393.0,298.0,18.0,17.0,100,100.0
อำเภอแม่อาย/ตำบลแม่สาว/หน่วยเลือกตั้งที่ 9/สส. 5ทับ18.pdf,แบ่งเขต,False,9,9,,9,numeric_only,8.0,8,,,numeric_only,ตำบลแม่สาว,อำเภอแม่อาย,425.0,333.0,310.0,11.0,12.0,100,100.0
อำเภอแม่อาย/ตำบลแม่สาว/หน่วยเลือกตั้งที่ 8/สส.5ทับ18 บช หน่วยที่ 8.pdf,บัญชีรายชื่อ,True,8,8,,8,numeric_only,7.0,7,,,numeric_only,ตำบลแม่สาว,อำเภอแม่อาย,280.0,222.0,199.0,13.0,10.0,100,100.0
อำเภอแม่อาย/ตำบลแม่สาว/หน่วยเลือกตั้งที่ 8/สส. 5ทับ18.pdf,แบ่งเขต,False,8,8,,8,numeric_only,7.0,7,,,numeric_only,ตำบลแม่สาว,อำเภอแม่อาย,280.0,222.0,206.0,5.0,11.0,100,100.0
อำเภอแม่อาย/ตำบลแม่สาว/หน่วยเลือกตั้งที่ 7/สส.5ทับ18 บช หน่วยที่ 7.pdf,บัญชีรายชื่อ,True,8,8,,7,numeric_only,4.0,4,,,numeric_only,ตำบลแม่สาว,อำเภอแม่อาย,477.0,351.0,323.0,24.0,4.0,100,100.0
อำเภอแม่อาย/ตำบลแม่สาว/หน่วยเลือกตั้งที่ 7/สส. 5ทับ18.pdf,แบ่งเขต,False,7,7,,7,numeric_only,8.0,8,,,numeric_only,ตำบลแม่สาว,อำเภอแม่อาย,477.0,351.0,322.0,26.0,3.0,100,100.0
อำเภอแม่อาย/ตำบลแม่สาว/หน่วยเลือกตั้งที่ 18/สส.5ทับ18 บช หน่วยที่ 18.pdf,บัญชีรายชื่อ,True,14,14,,18,numeric_only,13.0,13,,,numeric_only,ตำบลแม่สาว,อำเภอแม่อาย,360.0,278.0,258.0,15.0,5.0,100,100.0
อำเภอแม่อาย/ตำบลแม่สาว/หน่วยเลือกตั้งที่ 18/สส. 5ทับ18.pdf,แบ่งเขต,False,18,18,,18,numeric_only,17.0,17,,,numeric_only,ตำบลแม่สาว,อำเภอแม่อาย,360.0,278.0,256.0,22.0,,100,100.0
อำเภอแม่อาย/ตำบลแม่สาว/หน่วยเลือกตั้งที่ 5/สส.5ทับ18 บช หน่วยที่ 5.pdf,บัญชีรายชื่อ,True,9,9,,5,numeric_only,5.0,5,,,numeric_only,ตำบลแม่สาว,อำเภอแม่อาย,549.0,406.0,376.0,,,100,100.0
อำเภอแม่อาย/ตำบลแม่สาว/หน่วยเลือกตั้งที่ 5/สส. 5ทับ18.pdf,แบ่งเขต,False,5,5,,5,numeric_only,,,,,missing,ตำบลแม่สาว,อำเภอแม่อาย,,,,,,100,100.0
อำเภอแม่อาย/ตำบลแม่สาว/หน่วยเลือกตั้งที่ 4/สส.5ทับ18 บช หน่วยที่ 4.pdf,บัญชีรายชื่อ,True,4,4,,4,numeric_only,4.0,4,,,numeric_only,ตำบลแม่สาว,อำเภอแม่อาย,341.0,223.0,206.0,14.0,3.0,100,100.0
อำเภอแม่อาย/ตำบลแม่สาว/หน่วยเลือกตั้งที่ 4/สส. 5ทับ18.pdf,แบ่งเขต,False,1,1,,4,numeric_only,4.0,4,,,numeric_only,ตำบลแม่สาว,อำเภอแม่อาย,341.0,223.0,213.0,6.0,4.0,100,100.0
อำเภอแม่อาย/ตำบลแม่สาว/หน่วยเลือกตั้งที่ 3/สส.5ทับ18 บช หน่วยที่ 3.pdf,บัญชีรายชื่อ,True,3,3,,3,numeric_only,3.0,3,,,numeric_only,ตำบลแม่สาว,อำเภอแม่อาย,468.0,368.0,343.0,11.0,14.0,100,100.0
อำเภอแม่อาย/ตำบลแม่สาว/หน่วยเลือกตั้งที่ 3/สส. 5ทับ18.pdf,แบ่งเขต,False,3,3,,3,numeric_only,3.0,3,,,numeric_only,ตำบลแม่สาว,อำเภอแม่อาย,468.0,368.0,349.0,6.0,13.0,100,100.0
อำเภอแม่อาย/ตำบลแม่สาว/หน่วยเลือกตั้งที่ 2/สส.5ทับ18 บช หน่วยที่ 2.pdf,บัญชีรายชื่อ,True,1,1,,2,numeric_only,1.0,1,,,numeric_only,ตำบลแม่สาว,อำเภอแม่อาย,545.0,387.0,350.0,29.0,8.0,100,100.0
อำเภอแม่อาย/ตำบลแม่สาว/หน่วยเลือกตั้งที่ 2/สส. 5ทับ18.pdf,แบ่งเขต,False,2,2,,2,numeric_only,2.0,2,,,numeric_only,ตำบลแม่สาว,อำเภอแม่อาย,545.0,387.0,346.0,22.0,19.0,100,100.0
อำเภอแม่อาย/ตำบลแม่สาว/หน่วยเลือกตั้งที่ 16/สส.5ทับ18 บช หน่วยที่ 16.pdf,บัญชีรายชื่อ,True,16,16,,16,numeric_only,15.0,15,,,numeric_only,ตำบลแม่สาว,อำเภอแม่อาย,911.0,602.0,506.0,94.0,2.0,100,100.0
อำเภอแม่อาย/ตำบลแม่สาว/หน่วยเลือกตั้งที่ 16/สส. 5ทับ18.pdf,แบ่งเขต,False,16,16,,16,numeric_only,15.0,15,,,numeric_only,ตำบลแม่สาว,อำเภอแม่อาย,911.0,602.0,524.0,75.0,3.0,100,100.0
อำเภอแม่อาย/ตำบลแม่สาว/หน่วยเลือกตั้งที่ 15/สส.5ทับ18 บช หน่วยที่ 15.pdf,บัญชีรายชื่อ,True,15,15,,15,numeric_only,14.0,14,,,numeric_only,ตำบลแม่สาว,อำเภอแม่อาย,456.0,341.0,305.0,25.0,11.0,100,100.0
อำเภอแม่อาย/ตำบลแม่สาว/หน่วยเลือกตั้งที่ 15/สส. 5ทับ18.pdf,แบ่งเขต,False,15,15,,15,numeric_only,14.0,14,,,numeric_only,ตำบลแม่สาว,อำเภอแม่อาย,456.0,311.0,322.0,14.0,5.0,100,100.0
อำเภอแม่อาย/ตำบลแม่สาว/หน่วยเลือกตั้งที่ 17/สส.5ทับ18 บช หน่วยที่ 17.pdf,บัญชีรายชื่อ,True,19,19,,17,numeric_only,16.0,16,,,numeric_only,ตำบลแม่สาว,อำเภอแม่อาย,377.0,246.0,219.0,6.0,21.0,100,100.0
อำเภอแม่อาย/ตำบลแม่สาว/หน่วยเลือกตั้งที่ 17/สส. 5ทับ18.pdf,แบ่งเขต,False,17,17,,17,numeric_only,16.0,16,,,numeric_only,ตำบลแม่สาว,อำเภอแม่อาย,377.0,246.0,228.0,9.0,9.0,100,100.0
อำเภอแม่อาย/ตำบลแม่สาว/หน่วยเลือกตั้งที่ 14/สส.5ทับ18 บช หน่วยที่ 14.pdf,บัญชีรายชื่อ,True,14,14,,14,numeric_only,13.0,13,,,numeric_only,ตำบลแม่สาว,อำเภอแม่อาย,313.0,240.0,220.0,13.0,7.0,100,100.0
อำเภอแม่อาย/ตำบลแม่สาว/หน่วยเลือกตั้งที่ 14/สส. 5ทับ18.pdf,แบ่งเขต,False,14,14,,14,numeric_only,13.0,13,,,numeric_only,ตำบลแม่สาว,อำเภอแม่อาย,313.0,240.0,228.0,9.0,3.0,100,100.0
อำเภอแม่อาย/ตำบลแม่สาว/หน่วยเลือกตั้งที่ 13/สส.5ทับ18 บช หน่วยที่ 13.pdf,บัญชีรายชื่อ,True,13,13,,13,numeric_only,12.0,12,,,numeric_only,ตำบลแม่สาว,อำเภอแม่อาย,153.0,157.0,153.0,4.0,4.0,100,100.0
อำเภอแม่อาย/ตำบลแม่สาว/หน่วยเลือกตั้งที่ 13/สส. 5ทับ18.pdf,แบ่งเขต,False,13,13,,13,numeric_only,12.0,12,,,numeric_only,ตำบลแม่สาว,อำเภอแม่อาย,193.0,147.0,147.0,141.0,1.0,100,100.0
อำเภอแม่อาย/ตำบลแม่สาว/หน่วยเลือกตั้งที่ 10/สส.5ทับ18 บช หน่วยที่ 10.pdf,บัญชีรายชื่อ,True,10,10,,10,numeric_only,9.0,9,,,numeric_only,ตำบลแม่สาว,อำเภอแม่อาย,200.0,139.0,120.0,10.0,9.0,100,100.0
อำเภอแม่อาย/ตำบลแม่สาว/หน่วยเลือกตั้งที่ 10/สส. 5ทับ18.pdf,แบ่งเขต,False,10,10,,10,numeric_only,9.0,9,,,numeric_only,ตำบลแม่สาว,อำเภอแม่อาย,200.0,139.0,126.0,6.0,7.0,100,100.0
อำเภอแม่อาย/ตำบลแม่สาว/หน่วยเลือกตั้งที่ 12/สส.5ทับ18 บช หน่วยที่ 12.pdf,บัญชีรายชื่อ,True,12,12,,12,numeric_only,11.0,11,,,numeric_only,ตำบลแม่สาว,อำเภอแม่อาย,525.0,403.0,378.0,20.0,5.0,100,100.0
อำเภอแม่อาย/ตำบลแม่สาว/หน่วยเลือกตั้งที่ 12/สส. 5ทับ18.pdf,แบ่งเขต,False,12,12,,12,numeric_only,11.0,11,,,numeric_only,ตำบลแม่สาว,อำเภอแม่อาย,625.0,403.0,368.0,22.0,13.0,100,100.0
อำเภอแม่อาย/ตำบลแม่สาว/หน่วยเลือกตั้งที่ 11/สส.5ทับ18 บช หน่วยที่ 11.pdf,บัญชีรายชื่อ,True,11,11,,11,numeric_only,10.0,10,,,numeric_only,ตำบลแม่สาว,อำเภอแม่อาย,740.0,495.0,444.0,29.0,22.0,100,100.0
อำเภอแม่อาย/ตำบลแม่สาว/หน่วยเลือกตั้งที่ 11/สส. 5ทับ18.pdf,แบ่งเขต,False,11,11,,11,numeric_only,10.0,10,,,numeric_only,ตำบลแม่สาว,อำเภอแม่อาย,770.0,495.0,457.0,25.0,13.0,100,100.0
อำเภอแม่อาย/ตำบลแม่สาว/หน่วยเลือกตั้งที่ 1/สส.5ทับ18 บช หน่วยที่ 1.pdf,บัญชีรายชื่อ,True,1,1,,1,numeric_only,,,,,missing,ตำบลแม่สาว,อำเภอแม่อาย,,,211.0,,,100,100.0
อำเภอแม่อาย/ตำบลแม่สาว/หน่วยเลือกตั้งที่ 1/สส. 5ทับ18.pdf,แบ่งเขต,False,1,1,,1,numeric_only,1.0,1,,,numeric_only,ตำบลแม่สาว,อำเภอแม่อาย,366.0,238.0,217.0,8.0,13.0,100,100.0
อำเภอแม่อาย/ตำบลแม่อาย/หน่วยเลือกตั้งที่ 5/สส. 5ทับ18 (บช).pdf,บัญชีรายชื่อ,True,5,5,,5,numeric_only,14.0,14,,,numeric_only,ตำบลแม่อาย,อำเภอแม่อาย,178.0,143.0,123.0,18.0,,100,100.0
อำเภอแม่อาย/ตำบลแม่อาย/หน่วยเลือกตั้งที่ 5/สส. 5ทับ18.pdf,แบ่งเขต,False,5,5,,5,numeric_only,14.0,14,,,numeric_only,ตำบลแม่อาย,อำเภอแม่อาย,178.0,143.0,133.0,10.0,,100,100.0
อำเภอแม่อาย/ตำบลแม่อาย/หน่วยเลือกตั้งที่ 4/สส. 5ทับ18 (บช).pdf,บัญชีรายชื่อ,True,4,4,,4,numeric_only,13.0,13,,,numeric_only,ตำบลแม่อาย,อำเภอแม่อาย,621.0,461.0,412.0,49.0,0.0,100,100.0
อำเภอแม่อาย/ตำบลแม่อาย/หน่วยเลือกตั้งที่ 4/สส. 5ทับ18.pdf,แบ่งเขต,False,4,4,,4,numeric_only,13.0,13,,,numeric_only,ตำบลแม่อาย,อำเภอแม่อาย,621.0,461.0,414.0,47.0,0.0,100,100.0
อำเภอแม่อาย/ตำบลแม่อาย/หน่วยเลือกตั้งที่ 1/สส. 5ทับ18 (บช).pdf,บัญชีรายชื่อ,True,1,1,,1,numeric_only,3.0,3,,,numeric_only,ตำบลแม่อาย,อำเภอแม่อาย,275.0,212.0,184.0,28.0,,100,100.0
อำเภอแม่อาย/ตำบลแม่อาย/หน่วยเลือกตั้งที่ 1/สส. 5ทับ18.pdf,แบ่งเขต,False,1,1,,1,numeric_only,3.0,3,,,numeric_only,ตำบลแม่อาย,อำเภอแม่อาย,275.0,212.0,174.0,28.0,8.0,100,100.0
อำเภอแม่อาย/ตำบลแม่อาย/หน่วยเลือกตั้งที่ 2/สส. 5ทับ18 (บช).pdf,บัญชีรายชื่อ,True,6,6,,2,numeric_only,8.0,8,,,numeric_only,ตำบลแม่อาย,อำเภอแม่อาย,569.0,360.0,355.0,2.0,3.0,100,100.0
อำเภอแม่อาย/ตำบลแม่อาย/หน่วยเลือกตั้งที่ 2/สส. 5ทับ18.pdf,แบ่งเขต,False,2,2,,2,numeric_only,9.0,9,,,numeric_only,ตำบลแม่อาย,อำเภอแม่อาย,565.0,380.0,358.0,18.0,8.0,100,100.0
อำเภอแม่อาย/ตำบลแม่อาย/หน่วยเลือกตั้งที่ 3/สส. 5ทับ18 (บช).pdf,บัญชีรายชื่อ,True,3,3,,3,numeric_only,13.0,13,,,numeric_only,ตำบลแม่อาย,อำเภอแม่อาย,344.0,253.0,233.0,33.0,,100,100.0
อำเภอแม่อาย/ตำบลแม่อาย/หน่วยเลือกตั้งที่ 3/สส. 5ทับ18.pdf,แบ่งเขต,False,33,33,,3,numeric_only,13.0,13,,,numeric_only,ตำบลแม่อาย,อำเภอแม่อาย,355.0,252.0,228.0,30.0,,100,100.0
อำเภอแม่อาย/ตำบลแม่นาวาง/หน่วยเลือกตั้งที่ 9/ส.ส.5 ทับ 18 บช. หน่วย 9.pdf,บัญชีรายชื่อ,True,1,1,,9,numeric_only,7.0,7,,,numeric_only,ตำบลแม่นาวาง,อำเภอแม่อาย,537.0,386.0,337.0,45.0,4.0,100,100.0
อำเภอแม่อาย/ตำบลแม่นาวาง/หน่วยเลือกตั้งที่ 9/สส. 5ทับ18.pdf,แบ่งเขต,False,9,9,,9,numeric_only,7.0,7,,,numeric_only,ตำบลแม่นาวาง,อำเภอแม่อาย,587.0,386.0,354.0,30.0,2.0,100,100.0
อำเภอแม่อาย/ตำบลแม่นาวาง/หน่วยเลือกตั้งที่ 8/ส.ส.5 ทับ 18 บช. หน่วย 8.pdf,บัญชีรายชื่อ,True,8,8,,8,numeric_only,8.0,8,,,numeric_only,ตำบลแม่นาวาง,อำเภอแม่อาย,391.0,254.0,233.0,18.0,3.0,100,100.0
อำเภอแม่อาย/ตำบลแม่นาวาง/หน่วยเลือกตั้งที่ 8/สส. 5ทับ18 แม่นาวาง หน่วย 8.pdf,แบ่งเขต,False,8,8,,8,numeric_only,6.0,6,,,numeric_only,ตำบลแม่นาวาง,อำเภอแม่อาย,391.0,254.0,235.0,16.0,3.0,100,100.0
อำเภอแม่อาย/ตำบลแม่นาวาง/หน่วยเลือกตั้งที่ 4/ส.ส.5 ทับ 18 บช. หน่วย 4.pdf,บัญชีรายชื่อ,True,4,4,,4,numeric_only,4.0,4,,,numeric_only,ตำบลแม่นาวาง,อำเภอแม่อาย,479.0,358.0,317.0,26.0,15.0,100,100.0
อำเภอแม่อาย/ตำบลแม่นาวาง/หน่วยเลือกตั้งที่ 4/สส. 5ทับ18.pdf,แบ่งเขต,False,4,4,,4,numeric_only,4.0,4,,,numeric_only,ตำบลแม่นาวาง,อำเภอแม่อาย,479.0,358.0,334.0,12.0,12.0,100,100.0
อำเภอแม่อาย/ตำบลแม่นาวาง/หน่วยเลือกตั้งที่ 7/ส.ส.5 ทับ 18 บช. หน่วย 7.pdf,บัญชีรายชื่อ,True,7,7,,7,numeric_only,6.0,6,,,numeric_only,ตำบลแม่นาวาง,อำเภอแม่อาย,378.0,234.0,215.0,16.0,3.0,100,100.0
อำเภอแม่อาย/ตำบลแม่นาวาง/หน่วยเลือกตั้งที่ 7/สส. 5ทับ18.pdf,แบ่งเขต,False,7,7,,7,numeric_only,,,,,missing,ตำบลแม่นาวาง,อำเภอแม่อาย,,,,,,100,100.0
อำเภอแม่อาย/ตำบลแม่นาวาง/หน่วยเลือกตั้งที่ 5/ส.ส.5 ทับ 18 บช. หน่วย 5.pdf,บัญชีรายชื่อ,True,5,5,,5,numeric_only,5.0,5,,,numeric_only,ตำบลแม่นาวาง,อำเภอแม่อาย,670.0,496.0,418.0,42.0,16.0,100,100.0
อำเภอแม่อาย/ตำบลแม่นาวาง/หน่วยเลือกตั้งที่ 5/สส. 5ทับ18.pdf,แบ่งเขต,False,5,5,,5,numeric_only,5.0,5,,,numeric_only,ตำบลแม่นาวาง,อำเภอแม่อาย,670.0,496.0,415.0,45.0,16.0,100,100.0
อำเภอแม่อาย/ตำบลแม่นาวาง/หน่วยเลือกตั้งที่ 6/ส.ส.5 ทับ 18 บช. หน่วย 6.pdf,บัญชีรายชื่อ,True,6,6,,6,numeric_only,5.0,5,,,numeric_only,ตำบลแม่นาวาง,อำเภอแม่อาย,1455.0,472.0,450.0,20.0,2.0,100,100.0
อำเภอแม่อาย/ตำบลแม่นาวาง/หน่วยเลือกตั้งที่ 6/สส. 5ทับ18.pdf,แบ่งเขต,False,6,6,,6,numeric_only,5.0,5,,,numeric_only,ตำบลแม่นาวาง,อำเภอแม่อาย,645.0,472.0,446.0,23.0,1.0,100,100.0
อำเภอแม่อาย/ตำบลแม่นาวาง/หน่วยเลือกตั้งที่ 3/ส.ส.5 ทับ 18 บช. หน่วย 3.pdf,บัญชีรายชื่อ,True,3,3,,3,numeric_only,,,,,missing,ตำบลแม่นาวาง,อำเภอแม่อาย,,,167.0,,,100,100.0
อำเภอแม่อาย/ตำบลแม่นาวาง/หน่วยเลือกตั้งที่ 3/สส. 5ทับ18.pdf,แบ่งเขต,False,3,3,,3,numeric_only,3.0,3,,,numeric_only,ตำบลแม่นาวาง,อำเภอแม่อาย,265.0,187.0,166.0,14.0,7.0,100,100.0
อำเภอแม่อาย/ตำบลแม่นาวาง/หน่วยเลือกตั้งที่ 2/ส.ส.5 ทับ 18 บช. หน่วย 2.pdf,บัญชีรายชื่อ,True,2,2,,2,numeric_only,2.0,2,,,numeric_only,ตำบลแม่นาวาง,อำเภอแม่อาย,540.0,399.0,366.0,25.0,8.0,100,100.0
อำเภอแม่อาย/ตำบลแม่นาวาง/หน่วยเลือกตั้งที่ 2/สส. 5ทับ18.pdf,แบ่งเขต,False,1,1,,2,numeric_only,1.0,1,,,numeric_only,ตำบลแม่นาวาง,อำเภอแม่อาย,540.0,399.0,374.0,12.0,13.0,100,100.0
อำเภอแม่อาย/ตำบลแม่นาวาง/หน่วยเลือกตั้งที่ 18/ส.ส.5 ทับ 18 บช. หน่วย 18.pdf,บัญชีรายชื่อ,True,18,18,,18,numeric_only,14.0,14,,,numeric_only,ตำบลแม่นาวาง,อำเภอแม่อาย,588.0,368.0,338.0,24.0,6.0,100,100.0
อำเภอแม่อาย/ตำบลแม่นาวาง/หน่วยเลือกตั้งที่ 18/สส. 5ทับ18.pdf,แบ่งเขต,False,10,10,,18,numeric_only,14.0,14,,,numeric_only,ตำบลแม่นาวาง,อำเภอแม่อาย,783.0,368.0,329.0,27.0,2.0,100,100.0
อำเภอแม่อาย/ตำบลแม่นาวาง/หน่วยเลือกตั้งที่ 21/ส.ส.5 ทับ 18 บช. หน่วย 21.pdf,บัญชีรายชื่อ,True,21,21,,21,numeric_only,17.0,17,,,numeric_only,ตำบลแม่นาวาง,อำเภอแม่อาย,445.0,321.0,295.0,18.0,8.0,100,100.0
อำเภอแม่อาย/ตำบลแม่นาวาง/หน่วยเลือกตั้งที่ 21/สส. 5ทับ18.pdf,แบ่งเขต,False,21,21,,21,numeric_only,17.0,17,,,numeric_only,ตำบลแม่นาวาง,อำเภอแม่อาย,445.0,321.0,292.0,19.0,10.0,100,100.0
อำเภอแม่อาย/ตำบลแม่นาวาง/หน่วยเลือกตั้งที่ 20/ส.ส.5 ทับ 18 บช. หน่วย 20.pdf,บัญชีรายชื่อ,True,20,20,,20,numeric_only,16.0,16,,,numeric_only,ตำบลแม่นาวาง,อำเภอแม่อาย,435.0,378.0,287.0,19.0,12.0,100,100.0
อำเภอแม่อาย/ตำบลแม่นาวาง/หน่วยเลือกตั้งที่ 20/สส. 5ทับ18.pdf,แบ่งเขต,False,20,20,,20,numeric_only,16.0,16,,,numeric_only,ตำบลแม่นาวาง,อำเภอแม่อาย,435.0,318.0,291.0,17.0,10.0,100,100.0
อำเภอแม่อาย/ตำบลแม่นาวาง/หน่วยเลือกตั้งที่ 19/ส.ส.5 ทับ 18 บช. หน่วย 19.pdf,บัญชีรายชื่อ,True,73,73,,19,numeric_only,15.0,15,,,numeric_only,ตำบลแม่นาวาง,อำเภอแม่อาย,404.0,284.0,255.0,22.0,7.0,100,100.0
อำเภอแม่อาย/ตำบลแม่นาวาง/หน่วยเลือกตั้งที่ 19/สส. 5ทับ18.pdf,แบ่งเขต,False,19,19,,19,numeric_only,15.0,15,,,numeric_only,ตำบลแม่นาวาง,อำเภอแม่อาย,404.0,284.0,261.0,19.0,4.0,100,100.0
อำเภอแม่อาย/ตำบลแม่นาวาง/หน่วยเลือกตั้งที่ 16/ส.ส.5 ทับ 18 บช. หน่วย 16.pdf,บัญชีรายชื่อ,True,16,16,,16,numeric_only,13.0,13,,,numeric_only,ตำบลแม่นาวาง,อำเภอแม่อาย,584.0,367.0,325.0,36.0,6.0,100,100.0
อำเภอแม่อาย/ตำบลแม่นาวาง/หน่วยเลือกตั้งที่ 16/สส. 5ทับ18.pdf,แบ่งเขต,False,16,16,,16,numeric_only,13.0,13,,,numeric_only,ตำบลแม่นาวาง,อำเภอแม่อาย,364.0,367.0,336.0,29.0,2.0,100,100.0
อำเภอแม่อาย/ตำบลแม่นาวาง/หน่วยเลือกตั้งที่ 15/ส.ส.5 ทับ 18 บช. หน่วย 15.pdf,บัญชีรายชื่อ,True,15,15,,15,numeric_only,12.0,12,,,numeric_only,ตำบลแม่นาวาง,อำเภอแม่อาย,286.0,216.0,191.0,12.0,10.0,100,100.0
อำเภอแม่อาย/ตำบลแม่นาวาง/หน่วยเลือกตั้งที่ 15/สส. 5ทับ18.pdf,แบ่งเขต,False,15,15,,15,numeric_only,12.0,12,,,numeric_only,ตำบลแม่นาวาง,อำเภอแม่อาย,286.0,216.0,188.0,14.0,14.0,100,100.0
อำเภอแม่อาย/ตำบลแม่นาวาง/หน่วยเลือกตั้งที่ 17/ส.ส.5 ทับ 18 บช. หน่วย 17.pdf,บัญชีรายชื่อ,True,17,17,,17,numeric_only,13.0,13,,,numeric_only,ตำบลแม่นาวาง,อำเภอแม่อาย,603.0,391.0,347.0,42.0,2.0,100,100.0
อำเภอแม่อาย/ตำบลแม่นาวาง/หน่วยเลือกตั้งที่ 17/สส. 5ทับ18.pdf,แบ่งเขต,False,17,17,,17,numeric_only,,,,,missing,ตำบลแม่นาวาง,อำเภอแม่อาย,,,,,,100,100.0
อำเภอแม่อาย/ตำบลแม่นาวาง/หน่วยเลือกตั้งที่ 14/ส.ส.5 ทับ 18 บช. หน่วย 14.pdf,บัญชีรายชื่อ,True,14,14,,14,numeric_only,11.0,11,,,numeric_only,ตำบลแม่นาวาง,อำเภอแม่อาย,563.0,418.0,384.0,26.0,8.0,100,100.0
อำเภอแม่อาย/ตำบลแม่นาวาง/หน่วยเลือกตั้งที่ 14/สส. 5ทับ18.pdf,แบ่งเขต,False,14,14,,14,numeric_only,11.0,11,,,numeric_only,ตำบลแม่นาวาง,อำเภอแม่อาย,563.0,418.0,388.0,26.0,4.0,100,100.0
อำเภอแม่อาย/ตำบลแม่นาวาง/หน่วยเลือกตั้งที่ 13/ส.ส.5 ทับ 18 บช. หน่วย 13.pdf,บัญชีรายชื่อ,True,13,13,,13,numeric_only,10.0,10,,,numeric_only,ตำบลแม่นาวาง,อำเภอแม่อาย,352.0,238.0,225.0,12.0,1.0,100,100.0
อำเภอแม่อาย/ตำบลแม่นาวาง/หน่วยเลือกตั้งที่ 13/สส. 5ทับ18 แม่นาวาง หน่วย 13.pdf,แบ่งเขต,False,13,13,,13,numeric_only,10.0,10,,,numeric_only,ตำบลแม่นาวาง,อำเภอแม่อาย,352.0,238.0,225.0,8.0,5.0,100,100.0
อำเภอแม่อาย/ตำบลแม่นาวาง/หน่วยเลือกตั้งที่ 10/ส.ส.5 ทับ 18 บช. หน่วย 10.pdf,บัญชีรายชื่อ,True,10,10,,10,numeric_only,7.0,7,,,numeric_only,ตำบลแม่นาวาง,อำเภอแม่อาย,531.0,388.0,353.0,27.0,3.0,100,100.0
อำเภอแม่อาย/ตำบลแม่นาวาง/หน่วยเลือกตั้งที่ 10/สส. 5ทับ18.pdf,แบ่งเขต,False,10,10,,10,numeric_only,7.0,7,,,numeric_only,ตำบลแม่นาวาง,อำเภอแม่อาย,531.0,388.0,365.0,22.0,1.0,100,100.0
อำเภอแม่อาย/ตำบลแม่นาวาง/หน่วยเลือกตั้งที่ 12/ส.ส.5 ทับ 18 บช. หน่วย 12.pdf,บัญชีรายชื่อ,True,12,12,,12,numeric_only,9.0,9,,,numeric_only,ตำบลแม่นาวาง,อำเภอแม่อาย,297.0,208.0,186.0,12.0,10.0,100,100.0
อำเภอแม่อาย/ตำบลแม่นาวาง/หน่วยเลือกตั้งที่ 12/สส. 5ทับ18.pdf,แบ่งเขต,False,12,12,,12,numeric_only,9.0,9,,,numeric_only,ตำบลแม่นาวาง,อำเภอแม่อาย,297.0,208.0,191.0,10.0,7.0,100,100.0
อำเภอแม่อาย/ตำบลแม่นาวาง/หน่วยเลือกตั้งที่ 11/ส.ส.5 ทับ 18 บช. หน่วย 11.pdf,บัญชีรายชื่อ,True,11,11,,11,numeric_only,7.0,7,,,numeric_only,ตำบลแม่นาวาง,อำเภอแม่อาย,595.0,411.0,364.0,39.0,8.0,100,100.0
อำเภอแม่อาย/ตำบลแม่นาวาง/หน่วยเลือกตั้งที่ 11/สส. 5ทับ18.pdf,แบ่งเขต,False,11,11,,11,numeric_only,8.0,8,,,numeric_only,ตำบลแม่นาวาง,อำเภอแม่อาย,525.0,411.0,380.0,25.0,6.0,100,100.0
อำเภอแม่อาย/ตำบลแม่นาวาง/หน่วยเลือกตั้งที่ 1/ส.ส.5 ทับ 18 บช. หน่วย 1.pdf,บัญชีรายชื่อ,True,1,1,,1,numeric_only,1.0,1,,,numeric_only,ตำบลแม่นาวาง,อำเภอแม่อาย,394.0,275.0,240.0,22.0,13.0,100,100.0
อำเภอแม่อาย/ตำบลแม่นาวาง/หน่วยเลือกตั้งที่ 1/สส. 5ทับ18.pdf,แบ่งเขต,False,1,1,,1,numeric_only,1.0,1,,,numeric_only,ตำบลแม่นาวาง,อำเภอแม่อาย,394.0,275.0,249.0,15.0,11.0,100,100.0
อำเภอแม่อาย/ตำบลบ้านหลวง/หน่วยเลือกตั้งที่ 9/สส.5ทับ18 บช หน่วยที่ 9.pdf,บัญชีรายชื่อ,True,7,7,,9,numeric_only,1.0,1,,,numeric_only,ตำบลบ้านหลวง,อำเภอแม่อาย,250.0,177.0,158.0,18.0,1.0,100,100.0
อำเภอแม่อาย/ตำบลบ้านหลวง/หน่วยเลือกตั้งที่ 9/สส. 5ทับ18.pdf,แบ่งเขต,False,4,4,,9,numeric_only,4.0,4,,,numeric_only,ตำบลบ้านหลวง,อำเภอแม่อาย,250.0,178.0,168.0,8.0,2.0,100,100.0
อำเภอแม่อาย/ตำบลบ้านหลวง/หน่วยเลือกตั้งที่ 8/สส.5ทับ18 บช หน่วยที่ 8.pdf,บัญชีรายชื่อ,True,8,8,,8,numeric_only,7.0,7,,,numeric_only,ตำบลบ้านหลวง,อำเภอแม่อาย,183.0,121.0,113.0,6.0,2.0,100,100.0
อำเภอแม่อาย/ตำบลบ้านหลวง/หน่วยเลือกตั้งที่ 8/สส. 5ทับ18.pdf,แบ่งเขต,False,1,1,หนึ่ง,8,numeric_text_agree,7.0,7,เจ็ด,,numeric_text_agree,ตำบลบ้านหลวง,อำเภอแม่อาย,193.0,121.0,115.0,6.0,4.0,100,100.0
อำเภอแม่อาย/ตำบลบ้านหลวง/หน่วยเลือกตั้งที่ 4/สส.5ทับ18 บช หน่วยที่ 4.pdf,บัญชีรายชื่อ,True,4,4,,4,numeric_only,3.0,3,,,numeric_only,ตำบลบ้านหลวง,อำเภอแม่อาย,379.0,306.0,276.0,30.0,,100,100.0
อำเภอแม่อาย/ตำบลบ้านหลวง/หน่วยเลือกตั้งที่ 4/สส. 5ทับ18.pdf,แบ่งเขต,False,4,4,,4,numeric_only,3.0,3,,,numeric_only,ตำบลบ้านหลวง,อำเภอแม่อาย,379.0,306.0,282.0,24.0,,100,100.0
อำเภอแม่อาย/ตำบลบ้านหลวง/หน่วยเลือกตั้งที่ 7/สส.5ทับ18 บช หน่วยที่ 7.pdf,บัญชีรายชื่อ,True,7,7,,7,numeric_only,6.0,6,,,numeric_only,ตำบลบ้านหลวง,อำเภอแม่อาย,174.0,133.0,121.0,8.0,4.0,100,100.0
อำเภอแม่อาย/ตำบลบ้านหลวง/หน่วยเลือกตั้งที่ 7/สส. 5ทับ18.pdf,แบ่งเขต,False,7,7,,7,numeric_only,6.0,6,,,numeric_only,ตำบลบ้านหลวง,อำเภอแม่อาย,174.0,133.0,125.0,4.0,4.0,100,100.0
อำเภอแม่อาย/ตำบลบ้านหลวง/หน่วยเลือกตั้งที่ 5/สส.5ทับ18 บช หน่วยที่ 5.pdf,บัญชีรายชื่อ,True,5,5,,5,numeric_only,5.0,5,,,numeric_only,ตำบลบ้านหลวง,อำเภอแม่อาย,208.0,158.0,153.0,3.0,2.0,100,100.0
อำเภอแม่อาย/ตำบลบ้านหลวง/หน่วยเลือกตั้งที่ 5/สส. 5ทับ18.pdf,แบ่งเขต,False,5,5,,5,numeric_only,5.0,5,,,numeric_only,ตำบลบ้านหลวง,อำเภอแม่อาย,205.0,153.0,139.0,9.0,3.0,100,100.0
อำเภอแม่อาย/ตำบลบ้านหลวง/หน่วยเลือกตั้งที่ 6/สส.5ทับ18 บช หน่วยที่ 6.pdf,บัญชีรายชื่อ,True,6,6,หก,6,numeric_text_agree,5.0,5,ห้า,,numeric_text_agree,ตำบลบ้านหลวง,อำเภอแม่อาย,383.0,286.0,250.0,25.0,11.0,100,100.0
อำเภอแม่อาย/ตำบลบ้านหลวง/หน่วยเลือกตั้งที่ 6/สส. 5ทับ18.pdf,แบ่งเขต,False,6,6,,6,numeric_only,5.0,5,,,numeric_only,ตำบลบ้านหลวง,อำเภอแม่อาย,383.0,286.0,266.0,12.0,8.0,100,100.0
อำเภอแม่อาย/ตำบลบ้านหลวง/หน่วยเลือกตั้งที่ 14/สส.5ทับ18 บช หน่วยที่ 14.pdf,บัญชีรายชื่อ,True,14,14,,14,numeric_only,11.0,11,,,numeric_only,ตำบลบ้านหลวง,อำเภอแม่อาย,443.0,351.0,320.0,24.0,7.0,100,100.0
อำเภอแม่อาย/ตำบลบ้านหลวง/หน่วยเลือกตั้งที่ 14/สส. 5ทับ18.pdf,แบ่งเขต,False,14,14,,14,numeric_only,11.0,11,,,numeric_only,ตำบลบ้านหลวง,อำเภอแม่อาย,443.0,351.0,314.0,28.0,9.0,100,100.0
อำเภอแม่อาย/ตำบลบ้านหลวง/หน่วยเลือกตั้งที่ 3/สส.5ทับ18 บช หน่วยที่ 3.pdf,บัญชีรายชื่อ,True,3,3,,3,numeric_only,3.0,3,,,numeric_only,ตำบลบ้านหลวง,อำเภอแม่อาย,369.0,274.0,247.0,27.0,,100,100.0
อำเภอแม่อาย/ตำบลบ้านหลวง/หน่วยเลือกตั้งที่ 3/สส. 5ทับ18.pdf,แบ่งเขต,False,3,3,,3,numeric_only,3.0,3,,,numeric_only,ตำบลบ้านหลวง,อำเภอแม่อาย,369.0,274.0,247.0,27.0,,100,100.0
อำเภอแม่อาย/ตำบลบ้านหลวง/หน่วยเลือกตั้งที่ 2/สส.5ทับ18 บช หน่วยที่ 2.pdf,บัญชีรายชื่อ,True,2,2,,2,numeric_only,2.0,2,,,numeric_only,ตำบลบ้านหลวง,อำเภอแม่อาย,373.0,262.0,244.0,13.0,5.0,100,100.0
อำเภอแม่อาย/ตำบลบ้านหลวง/หน่วยเลือกตั้งที่ 2/สส. 5ทับ18.pdf,แบ่งเขต,False,8,8,,2,numeric_only,8.0,8,,,numeric_only,ตำบลบ้านหลวง,อำเภอแม่อาย,578.0,262.0,253.0,6.0,3.0,100,100.0
อำเภอแม่อาย/ตำบลบ้านหลวง/หน่วยเลือกตั้งที่ 13/สส.5ทับ18 บช หน่วยที่ 13.pdf,บัญชีรายชื่อ,True,13,13,,13,numeric_only,10.0,10,,,numeric_only,ตำบลบ้านหลวง,อำเภอแม่อาย,606.0,433.0,394.0,58.0,1.0,100,100.0
อำเภอแม่อาย/ตำบลบ้านหลวง/หน่วยเลือกตั้งที่ 13/สส. 5ทับ18.pdf,แบ่งเขต,False,13,13,,13,numeric_only,10.0,10,,,numeric_only,ตำบลบ้านหลวง,อำเภอแม่อาย,608.0,433.0,398.0,45.0,,100,100.0
อำเภอแม่อาย/ตำบลบ้านหลวง/หน่วยเลือกตั้งที่ 12/สส.5ทับ18 บช หน่วยที่ 12.pdf,บัญชีรายชื่อ,True,12,12,,12,numeric_only,10.0,10,,,numeric_only,ตำบลบ้านหลวง,อำเภอแม่อาย,583.0,415.0,379.0,36.0,,100,100.0
อำเภอแม่อาย/ตำบลบ้านหลวง/หน่วยเลือกตั้งที่ 12/สส. 5ทับ18.pdf,แบ่งเขต,False,12,12,,12,numeric_only,10.0,10,,,numeric_only,ตำบลบ้านหลวง,อำเภอแม่อาย,583.0,415.0,376.0,38.0,1.0,100,100.0
อำเภอแม่อาย/ตำบลบ้านหลวง/หน่วยเลือกตั้งที่ 10/สส.5ทับ18 บช หน่วยที่ 10.pdf,บัญชีรายชื่อ,True,10,10,,10,numeric_only,9.0,9,,,numeric_only,ตำบลบ้านหลวง,อำเภอแม่อาย,368.0,239.0,207.0,30.0,2.0,100,100.0
อำเภอแม่อาย/ตำบลบ้านหลวง/หน่วยเลือกตั้งที่ 10/สส. 5ทับ18.pdf,แบ่งเขต,False,10,10,,10,numeric_only,9.0,9,,,numeric_only,ตำบลบ้านหลวง,อำเภอแม่อาย,268.0,239.0,209.0,29.0,1.0,100,100.0
อำเภอแม่อาย/ตำบลบ้านหลวง/หน่วยเลือกตั้งที่ 11/สส.5ทับ18 บช หน่วยที่ 11.pdf,บัญชีรายชื่อ,True,11,11,,11,numeric_only,,,,,missing,ตำบลบ้านหลวง,อำเภอแม่อาย,381.0,269.0,233.0,34.0,1.0,100,100.0
อำเภอแม่อาย/ตำบลบ้านหลวง/หน่วยเลือกตั้งที่ 11/สส. 5ทับ18.pdf,แบ่งเขต,False,11,11,,11,numeric_only,3.0,3,,,numeric_only,ตำบลบ้านหลวง,อำเภอแม่อาย,381.0,269.0,244.0,19.0,2.0,100,100.0
อำเภอแม่อาย/ตำบลบ้านหลวง/หน่วยเลือกตั้งที่ 1/สส.5ทับ18 บช หน่วยที่ 1.pdf,บัญชีรายชื่อ,True,1,1,,1,numeric_only,1.0,1,,,numeric_only,ตำบลบ้านหลวง,อำเภอแม่อาย,473.0,328.0,323.0,3.0,2.0,100,100.0
อำเภอแม่อาย/ตำบลบ้านหลวง/หน่วยเลือกตั้งที่ 1/สส. 5ทับ18.pdf,แบ่งเขต,False,1,1,,1,numeric_only,1.0,1,,,numeric_only,ตำบลบ้านหลวง,อำเภอแม่อาย,423.0,395.0,388.0,7.0,,100,100.0
อำเภอแม่อาย/ตำบลมะลิกา/หน่วยเลือกตั้งที่ 1/สส. 5ทับ18 (บช).pdf,บัญชีรายชื่อ,True,1,1,,1,numeric_only,1.0,1,,,numeric_only,ตำบลมะลิกา,อำเภอแม่อาย,390.0,234.0,209.0,17.0,8.0,100,100.0
อำเภอแม่อาย/ตำบลมะลิกา/หน่วยเลือกตั้งที่ 1/สส. 5ทับ18.pdf,แบ่งเขต,False,1,1,,1,numeric_only,1.0,1,,,numeric_only,ตำบลมะลิกา,อำเภอแม่อาย,390.0,234.0,203.0,16.0,15.0,100,100.0
อำเภอแม่อาย/ตำบลท่าตอน/หน่วยเลือกตั้งที่ 8/สส. 5ทับ18 (บช).pdf,บัญชีรายชื่อ,True,8,8,,8,numeric_only,2.0,2,,,numeric_only,ตำบลท่าตอน,อำเภอแม่อาย,897.0,263.0,225.0,33.0,5.0,100,100.0
อำเภอแม่อาย/ตำบลท่าตอน/หน่วยเลือกตั้งที่ 8/สส. 5ทับ18.pdf,แบ่งเขต,False,1,1,,8,numeric_only,1.0,1,,,numeric_only,ตำบลท่าตอน,อำเภอแม่อาย,397.0,263.0,229.0,22.0,2.0,100,100.0
อำเภอแม่อาย/ตำบลท่าตอน/หน่วยเลือกตั้งที่ 9/สส. 5ทับ18 (บช).pdf,บัญชีรายชื่อ,True,9,9,,9,numeric_only,7.0,7,,,numeric_only,ตำบลท่าตอน,อำเภอแม่อาย,355.0,233.0,211.0,13.0,9.0,100,100.0
อำเภอแม่อาย/ตำบลท่าตอน/หน่วยเลือกตั้งที่ 9/สส. 5ทับ18.pdf,แบ่งเขต,False,9,9,,9,numeric_only,7.0,7,,,numeric_only,ตำบลท่าตอน,อำเภอแม่อาย,355.0,233.0,215.0,10.0,8.0,100,100.0
อำเภอแม่อาย/ตำบลท่าตอน/หน่วยเลือกตั้งที่ 6/สส. 5ทับ18 (บช).pdf,บัญชีรายชื่อ,True,7,7,,6,numeric_only,8.0,8,,,numeric_only,ตำบลท่าตอน,อำเภอแม่อาย,700.0,478.0,388.0,63.0,27.0,100,100.0
อำเภอแม่อาย/ตำบลท่าตอน/หน่วยเลือกตั้งที่ 6/สส. 5ทับ18.pdf,แบ่งเขต,False,6,6,,6,numeric_only,,,,,missing,ตำบลท่าตอน,อำเภอแม่อาย,,,,,,100,100.0
อำเภอแม่อาย/ตำบลท่าตอน/หน่วยเลือกตั้งที่ 3/สส. 5ทับ18 (บช).pdf,บัญชีรายชื่อ,True,8,8,,3,numeric_only,2.0,2,,,numeric_only,ตำบลท่าตอน,อำเภอแม่อาย,356.0,249.0,239.0,9.0,1.0,100,100.0
อำเภอแม่อาย/ตำบลท่าตอน/หน่วยเลือกตั้งที่ 3/สส. 5ทับ18.pdf,แบ่งเขต,False,3,3,,3,numeric_only,2.0,2,,,numeric_only,ตำบลท่าตอน,อำเภอแม่อาย,356.0,249.0,237.0,5.0,7.0,100,100.0
อำเภอแม่อาย/ตำบลท่าตอน/หน่วยเลือกตั้งที่ 5/สส. 5ทับ18 (บช).pdf,บัญชีรายชื่อ,True,8,8,,5,numeric_only,8.0,8,,,numeric_only,ตำบลท่าตอน,อำเภอแม่อาย,563.0,391.0,351.0,30.0,10.0,100,100.0
อำเภอแม่อาย/ตำบลท่าตอน/หน่วยเลือกตั้งที่ 5/สส. 5ทับ18.pdf,แบ่งเขต,False,5,5,,5,numeric_only,3.0,3,,,numeric_only,ตำบลท่าตอน,อำเภอแม่อาย,563.0,391.0,357.0,30.0,10.0,100,100.0
อำเภอแม่อาย/ตำบลท่าตอน/หน่วยเลือกตั้งที่ 7/สส. 5ทับ18 (บช).pdf,บัญชีรายชื่อ,True,7,7,,7,numeric_only,5.0,5,,,numeric_only,ตำบลท่าตอน,อำเภอแม่อาย,220.0,112.0,105.0,4.0,3.0,100,100.0
อำเภอแม่อาย/ตำบลท่าตอน/หน่วยเลือกตั้งที่ 7/สส. 5ทับ18.pdf,แบ่งเขต,False,7,7,,7,numeric_only,5.0,5,,,numeric_only,ตำบลท่าตอน,อำเภอแม่อาย,220.0,112.0,103.0,5.0,4.0,100,100.0
อำเภอแม่อาย/ตำบลท่าตอน/หน่วยเลือกตั้งที่ 4/สส. 5ทับ18 (บช).pdf,บัญชีรายชื่อ,True,4,4,,4,numeric_only,3.0,3,,,numeric_only,ตำบลท่าตอน,อำเภอแม่อาย,539.0,329.0,288.0,29.0,12.0,100,100.0
อำเภอแม่อาย/ตำบลท่าตอน/หน่วยเลือกตั้งที่ 4/สส. 5ทับ18.pdf,แบ่งเขต,False,4,4,,4,numeric_only,3.0,3,,,numeric_only,ตำบลท่าตอน,อำเภอแม่อาย,539.0,329.0,300.0,15.0,14.0,100,100.0
อำเภอแม่อาย/ตำบลท่าตอน/หน่วยเลือกตั้งที่ 25/สส. 5ทับ18 (บช).pdf,บัญชีรายชื่อ,True,20,20,,25,numeric_only,15.0,15,,,numeric_only,ตำบลท่าตอน,อำเภอแม่อาย,502.0,218.0,165.0,50.0,3.0,100,100.0
อำเภอแม่อาย/ตำบลท่าตอน/หน่วยเลือกตั้งที่ 25/สส. 5ทับ18.pdf,แบ่งเขต,False,16,16,,25,numeric_only,16.0,16,,,numeric_only,ตำบลท่าตอน,อำเภอแม่อาย,502.0,218.0,174.0,41.0,3.0,100,100.0
อำเภอแม่อาย/ตำบลท่าตอน/หน่วยเลือกตั้งที่ 21/สส. 5ทับ18 (บช).pdf,บัญชีรายชื่อ,True,21,21,,21,numeric_only,13.0,13,,,numeric_only,ตำบลท่าตอน,อำเภอแม่อาย,637.0,446.0,396.0,46.0,4.0,100,100.0
อำเภอแม่อาย/ตำบลท่าตอน/หน่วยเลือกตั้งที่ 21/สส. 5ทับ18.pdf,แบ่งเขต,False,21,21,,21,numeric_only,13.0,13,,,numeric_only,ตำบลท่าตอน,อำเภอแม่อาย,637.0,446.0,402.0,41.0,3.0,100,100.0
อำเภอแม่อาย/ตำบลท่าตอน/หน่วยเลือกตั้งที่ 22/สส. 5ทับ18 (บช).pdf,บัญชีรายชื่อ,True,22,22,,22,numeric_only,14.0,14,,,numeric_only,ตำบลท่าตอน,อำเภอแม่อาย,515.0,299.0,268.0,16.0,13.0,100,100.0
อำเภอแม่อาย/ตำบลท่าตอน/หน่วยเลือกตั้งที่ 22/สส. 5ทับ18.pdf,แบ่งเขต,False,22,22,,22,numeric_only,14.0,14,,,numeric_only,ตำบลท่าตอน,อำเภอแม่อาย,515.0,299.0,292.0,14.0,11.0,100,100.0
อำเภอแม่อาย/ตำบลท่าตอน/หน่วยเลือกตั้งที่ 23/สส. 5ทับ18 (บช).pdf,บัญชีรายชื่อ,True,23,23,,23,numeric_only,14.0,14,,,numeric_only,ตำบลท่าตอน,อำเภอแม่อาย,535.0,299.0,274.0,18.0,7.0,100,100.0
อำเภอแม่อาย/ตำบลท่าตอน/หน่วยเลือกตั้งที่ 23/สส. 5ทับ18.pdf,แบ่งเขต,False,23,23,,23,numeric_only,14.0,14,,,numeric_only,ตำบลท่าตอน,อำเภอแม่อาย,535.0,299.0,272.0,22.0,5.0,100,100.0
อำเภอแม่อาย/ตำบลท่าตอน/หน่วยเลือกตั้งที่ 24/สส. 5ทับ18 (บช).pdf,บัญชีรายชื่อ,True,24,24,,24,numeric_only,15.0,15,,,numeric_only,ตำบลท่าตอน,อำเภอแม่อาย,462.0,211.0,173.0,36.0,2.0,100,100.0
อำเภอแม่อาย/ตำบลท่าตอน/หน่วยเลือกตั้งที่ 24/สส. 5ทับ18.pdf,แบ่งเขต,False,24,24,,24,numeric_only,15.0,15,,,numeric_only,ตำบลท่าตอน,อำเภอแม่อาย,462.0,211.0,164.0,46.0,1.0,100,100.0
อำเภอแม่อาย/ตำบลท่าตอน/หน่วยเลือกตั้งที่ 19/สส. 5ทับ18 (บช).pdf,บัญชีรายชื่อ,True,19,19,,19,numeric_only,12.0,12,,,numeric_only,ตำบลท่าตอน,อำเภอแม่อาย,461.0,311.0,261.0,48.0,2.0,100,100.0
อำเภอแม่อาย/ตำบลท่าตอน/หน่วยเลือกตั้งที่ 19/สส. 5ทับ18.pdf,แบ่งเขต,False,19,19,,19,numeric_only,12.0,12,,,numeric_only,ตำบลท่าตอน,อำเภอแม่อาย,461.0,311.0,277.0,34.0,,100,100.0
อำเภอแม่อาย/ตำบลท่าตอน/หน่วยเลือกตั้งที่ 20/สส. 5ทับ18 (บช).pdf,บัญชีรายชื่อ,True,20,20,,20,numeric_only,12.0,12,,,numeric_only,ตำบลท่าตอน,อำเภอแม่อาย,475.0,342.0,312.0,28.0,2.0,100,100.0
อำเภอแม่อาย/ตำบลท่าตอน/หน่วยเลือกตั้งที่ 20/สส. 5ทับ18.pdf,แบ่งเขต,False,20,20,,20,numeric_only,12.0,12,,,numeric_only,ตำบลท่าตอน,อำเภอแม่อาย,475.0,342.0,304.0,35.0,3.0,100,100.0
อำเภอแม่อาย/ตำบลท่าตอน/หน่วยเลือกตั้งที่ 17/สส. 5ทับ18 (บช).pdf,บัญชีรายชื่อ,True,17,17,,17,numeric_only,11.0,11,,,numeric_only,ตำบลท่าตอน,อำเภอแม่อาย,714.0,302.0,254.0,44.0,4.0,100,100.0
อำเภอแม่อาย/ตำบลท่าตอน/หน่วยเลือกตั้งที่ 17/สส. 5ทับ18.pdf,แบ่งเขต,False,19,19,,17,numeric_only,11.0,11,,,numeric_only,ตำบลท่าตอน,อำเภอแม่อาย,714.0,680.0,261.0,37.0,4.0,100,100.0
อำเภอแม่อาย/ตำบลท่าตอน/หน่วยเลือกตั้งที่ 18/สส. 5ทับ18 (บช).pdf,บัญชีรายชื่อ,True,13,13,,18,numeric_only,11.0,11,,,numeric_only,ตำบลท่าตอน,อำเภอแม่อาย,744.0,376.0,306.0,65.0,5.0,100,100.0
อำเภอแม่อาย/ตำบลท่าตอน/หน่วยเลือกตั้งที่ 18/สส. 5ทับ18.pdf,แบ่งเขต,False,18,18,,18,numeric_only,11.0,11,,,numeric_only,ตำบลท่าตอน,อำเภอแม่อาย,944.0,376.0,311.0,61.0,4.0,100,100.0
อำเภอแม่อาย/ตำบลท่าตอน/หน่วยเลือกตั้งที่ 2/สส. 5ทับ18 (บช).pdf,บัญชีรายชื่อ,True,2,2,,2,numeric_only,2.0,2,,,numeric_only,ตำบลท่าตอน,อำเภอแม่อาย,352.0,234.0,219.0,5.0,10.0,100,100.0
อำเภอแม่อาย/ตำบลท่าตอน/หน่วยเลือกตั้งที่ 2/สส. 5ทับ18.pdf,แบ่งเขต,False,2,2,,2,numeric_only,2.0,2,,,numeric_only,ตำบลท่าตอน,อำเภอแม่อาย,352.0,234.0,219.0,9.0,6.0,100,100.0
อำเภอแม่อาย/ตำบลท่าตอน/หน่วยเลือกตั้งที่ 14/สส. 5ทับ18 (บช).pdf,บัญชีรายชื่อ,True,14,14,,14,numeric_only,9.0,9,,,numeric_only,ตำบลท่าตอน,อำเภอแม่อาย,652.0,338.0,301.0,35.0,2.0,100,100.0
อำเภอแม่อาย/ตำบลท่าตอน/หน่วยเลือกตั้งที่ 14/สส. 5ทับ18.pdf,แบ่งเขต,False,14,14,,14,numeric_only,9.0,9,,,numeric_only,ตำบลท่าตอน,อำเภอแม่อาย,692.0,338.0,286.0,48.0,4.0,100,100.0
อำเภอแม่อาย/ตำบลท่าตอน/หน่วยเลือกตั้งที่ 12/สส. 5ทับ18 (บช).pdf,บัญชีรายชื่อ,True,12,12,,12,numeric_only,8.0,8,,,numeric_only,ตำบลท่าตอน,อำเภอแม่อาย,507.0,280.0,254.0,19.0,7.0,100,100.0
อำเภอแม่อาย/ตำบลท่าตอน/หน่วยเลือกตั้งที่ 12/สส. 5ทับ18.pdf,แบ่งเขต,False,12,12,,12,numeric_only,8.0,8,,,numeric_only,ตำบลท่าตอน,อำเภอแม่อาย,507.0,280.0,260.0,16.0,4.0,100,100.0
อำเภอแม่อาย/ตำบลท่าตอน/หน่วยเลือกตั้งที่ 13/สส. 5ทับ18 (บช).pdf,บัญชีรายชื่อ,True,13,13,,13,numeric_only,9.0,9,,,numeric_only,ตำบลท่าตอน,อำเภอแม่อาย,657.0,393.0,364.0,23.0,6.0,100,100.0
อำเภอแม่อาย/ตำบลท่าตอน/หน่วยเลือกตั้งที่ 13/สส. 5ทับ18.pdf,แบ่งเขต,False,13,13,,13,numeric_only,9.0,9,,,numeric_only,ตำบลท่าตอน,อำเภอแม่อาย,657.0,393.0,366.0,18.0,9.0,100,100.0
อำเภอแม่อาย/ตำบลท่าตอน/หน่วยเลือกตั้งที่ 15/สส. 5ทับ18 (บช).pdf,บัญชีรายชื่อ,True,15,15,,15,numeric_only,10.0,10,,,numeric_only,ตำบลท่าตอน,อำเภอแม่อาย,519.0,238.0,203.0,34.0,1.0,100,100.0
อำเภอแม่อาย/ตำบลท่าตอน/หน่วยเลือกตั้งที่ 15/สส. 5ทับ18.pdf,แบ่งเขต,False,15,15,,15,numeric_only,10.0,10,,,numeric_only,ตำบลท่าตอน,อำเภอแม่อาย,512.0,238.0,214.0,24.0,,100,100.0
อำเภอแม่อาย/ตำบลท่าตอน/หน่วยเลือกตั้งที่ 16/สส. 5ทับ18 (บช).pdf,บัญชีรายชื่อ,True,16,16,,16,numeric_only,10.0,10,,,numeric_only,ตำบลท่าตอน,อำเภอแม่อาย,521.0,310.0,279.0,34.0,1.0,100,100.0
อำเภอแม่อาย/ตำบลท่าตอน/หน่วยเลือกตั้งที่ 16/สส. 5ทับ18.pdf,แบ่งเขต,False,16,16,,16,numeric_only,,,,,missing,ตำบลท่าตอน,อำเภอแม่อาย,,,,,,100,100.0
อำเภอแม่อาย/ตำบลท่าตอน/หน่วยเลือกตั้งที่ 11/สส. 5ทับ18 (บช).pdf,บัญชีรายชื่อ,True,11,11,,11,numeric_only,8.0,8,,,numeric_only,ตำบลท่าตอน,อำเภอแม่อาย,490.0,262.0,240.0,22.0,8.0,100,100.0
อำเภอแม่อาย/ตำบลท่าตอน/หน่วยเลือกตั้งที่ 11/สส. 5ทับ18.pdf,แบ่งเขต,False,11,11,,11,numeric_only,8.0,8,,,numeric_only,ตำบลท่าตอน,อำเภอแม่อาย,490.0,262.0,242.0,17.0,3.0,100,100.0
อำเภอแม่อาย/ตำบลท่าตอน/หน่วยเลือกตั้งที่ 10/สส. 5ทับ18 (บช).pdf,บัญชีรายชื่อ,True,10,10,,10,numeric_only,7.0,7,,,numeric_only,ตำบลท่าตอน,อำเภอแม่อาย,367.0,296.0,225.0,26.0,5.0,100,100.0
อำเภอแม่อาย/ตำบลท่าตอน/หน่วยเลือกตั้งที่ 10/สส. 5ทับ18.pdf,แบ่งเขต,False,10,10,,10,numeric_only,7.0,7,,,numeric_only,ตำบลท่าตอน,อำเภอแม่อาย,367.0,256.0,240.0,8.0,8.0,100,100.0
อำเภอแม่อาย/ตำบลท่าตอน/หน่วยเลือกตั้งที่ 1/สส. 5ทับ18 (บช).pdf,บัญชีรายชื่อ,True,1,1,,1,numeric_only,1.0,1,,,numeric_only,ตำบลท่าตอน,อำเภอแม่อาย,665.0,452.0,392.0,37.0,23.0,100,100.0
อำเภอแม่อาย/ตำบลท่าตอน/หน่วยเลือกตั้งที่ 1/สส. 5ทับ18.pdf,แบ่งเขต,False,1,1,,1,numeric_only,1.0,1,,,numeric_only,ตำบลท่าตอน,อำเภอแม่อาย,665.0,452.0,416.0,23.0,13.0,100,100.0
อำเภอแม่อาย/ตำบลสันต้นหมื้อ/หน่วยเลือกตั้งที่ 9/สส. 5ทับ18 (บช).pdf,บัญชีรายชื่อ,True,9,9,,9,numeric_only,8.0,8,,,numeric_only,ตำบลสันต้นหมื้อ,อำเภอแม่อาย,396.0,278.0,248.0,16.0,14.0,100,100.0
อำเภอแม่อาย/ตำบลสันต้นหมื้อ/หน่วยเลือกตั้งที่ 9/สส. 5ทับ18.pdf,แบ่งเขต,False,9,9,,9,numeric_only,8.0,8,,,numeric_only,ตำบลสันต้นหมื้อ,อำเภอแม่อาย,396.0,278.0,249.0,12.0,17.0,100,100.0
อำเภอแม่อาย/ตำบลสันต้นหมื้อ/หน่วยเลือกตั้งที่ 5/สส. 5ทับ18 (บช).pdf,บัญชีรายชื่อ,True,5,5,,5,numeric_only,5.0,5,,,numeric_only,ตำบลสันต้นหมื้อ,อำเภอแม่อาย,512.0,351.0,312.0,34.0,5.0,100,100.0
อำเภอแม่อาย/ตำบลสันต้นหมื้อ/หน่วยเลือกตั้งที่ 5/สส. 5ทับ18.pdf,แบ่งเขต,False,5,5,,5,numeric_only,5.0,5,,,numeric_only,ตำบลสันต้นหมื้อ,อำเภอแม่อาย,512.0,351.0,309.0,30.0,12.0,100,100.0
อำเภอแม่อาย/ตำบลสันต้นหมื้อ/หน่วยเลือกตั้งที่ 7/สส. 5ทับ18 (บช).pdf,บัญชีรายชื่อ,True,7,7,,7,numeric_only,2.0,2,,,numeric_only,ตำบลสันต้นหมื้อ,อำเภอแม่อาย,358.0,261.0,217.0,27.0,17.0,100,100.0
อำเภอแม่อาย/ตำบลสันต้นหมื้อ/หน่วยเลือกตั้งที่ 7/สส. 5ทับ18.pdf,แบ่งเขต,False,7,7,,7,numeric_only,6.0,6,,,numeric_only,ตำบลสันต้นหมื้อ,อำเภอแม่อาย,358.0,261.0,233.0,13.0,15.0,100,100.0
อำเภอแม่อาย/ตำบลสันต้นหมื้อ/หน่วยเลือกตั้งที่ 8/สส. 5ทับ18 (บช).pdf,บัญชีรายชื่อ,True,8,8,,8,numeric_only,7.0,7,,,numeric_only,ตำบลสันต้นหมื้อ,อำเภอแม่อาย,225.0,162.0,157.0,3.0,2.0,100,100.0
อำเภอแม่อาย/ตำบลสันต้นหมื้อ/หน่วยเลือกตั้งที่ 8/สส. 5ทับ18.pdf,แบ่งเขต,False,8,8,,8,numeric_only,7.0,7,,,numeric_only,ตำบลสันต้นหมื้อ,อำเภอแม่อาย,226.0,162.0,152.0,3.0,7.0,100,100.0
อำเภอแม่อาย/ตำบลสันต้นหมื้อ/หน่วยเลือกตั้งที่ 6/สส. 5ทับ18 (บช).pdf,บัญชีรายชื่อ,True,6,6,,6,numeric_only,6.0,6,,,numeric_only,ตำบลสันต้นหมื้อ,อำเภอแม่อาย,353.0,240.0,221.0,8.0,11.0,100,100.0
อำเภอแม่อาย/ตำบลสันต้นหมื้อ/หน่วยเลือกตั้งที่ 6/สส. 5ทับ18.pdf,แบ่งเขต,False,6,6,,6,numeric_only,6.0,6,,,numeric_only,ตำบลสันต้นหมื้อ,อำเภอแม่อาย,353.0,240.0,224.0,4.0,12.0,100,100.0
อำเภอแม่อาย/ตำบลสันต้นหมื้อ/หน่วยเลือกตั้งที่ 12/สส. 5ทับ18 (บช).pdf,บัญชีรายชื่อ,True,12,12,,12,numeric_only,11.0,11,,,numeric_only,ตำบลสันต้นหมื้อ,อำเภอแม่อาย,280.0,193.0,179.0,13.0,1.0,100,100.0
อำเภอแม่อาย/ตำบลสันต้นหมื้อ/หน่วยเลือกตั้งที่ 12/สส. 5ทับ18.pdf,แบ่งเขต,False,12,12,,12,numeric_only,11.0,11,,,numeric_only,ตำบลสันต้นหมื้อ,อำเภอแม่อาย,280.0,193.0,182.0,5.0,6.0,100,100.0
อำเภอแม่อาย/ตำบลสันต้นหมื้อ/หน่วยเลือกตั้งที่ 3/สส. 5ทับ18 (บช).pdf,บัญชีรายชื่อ,True,3,3,,3,numeric_only,3.0,3,,,numeric_only,ตำบลสันต้นหมื้อ,อำเภอแม่อาย,427.0,298.0,266.0,19.0,13.0,100,100.0
อำเภอแม่อาย/ตำบลสันต้นหมื้อ/หน่วยเลือกตั้งที่ 3/สส. 5ทับ18.pdf,แบ่งเขต,False,3,3,,3,numeric_only,3.0,3,,,numeric_only,ตำบลสันต้นหมื้อ,อำเภอแม่อาย,427.0,299.0,271.0,13.0,14.0,100,100.0
อำเภอแม่อาย/ตำบลสันต้นหมื้อ/หน่วยเลือกตั้งที่ 2/สส. 5ทับ18 (บช).pdf,บัญชีรายชื่อ,True,27,27,,2,numeric_only,2.0,2,,,numeric_only,ตำบลสันต้นหมื้อ,อำเภอแม่อาย,402.0,282.0,277.0,15.0,15.0,100,100.0
อำเภอแม่อาย/ตำบลสันต้นหมื้อ/หน่วยเลือกตั้งที่ 2/สส. 5ทับ18.pdf,แบ่งเขต,False,16,16,,2,numeric_only,16.0,16,,,numeric_only,ตำบลสันต้นหมื้อ,อำเภอแม่อาย,408.0,282.0,265.0,8.0,9.0,100,100.0
อำเภอแม่อาย/ตำบลสันต้นหมื้อ/หน่วยเลือกตั้งที่ 13/สส. 5ทับ18 (บช).pdf,บัญชีรายชื่อ,True,13,13,,13,numeric_only,12.0,12,,,numeric_only,ตำบลสันต้นหมื้อ,อำเภอแม่อาย,276.0,203.0,177.0,23.0,3.0,100,100.0
อำเภอแม่อาย/ตำบลสันต้นหมื้อ/หน่วยเลือกตั้งที่ 13/สส. 5ทับ18.pdf,แบ่งเขต,False,13,13,,13,numeric_only,12.0,12,,,numeric_only,ตำบลสันต้นหมื้อ,อำเภอแม่อาย,246.0,203.0,183.0,18.0,2.0,100,100.0
อำเภอแม่อาย/ตำบลสันต้นหมื้อ/หน่วยเลือกตั้งที่ 4/สส. 5ทับ18 (บช).pdf,บัญชีรายชื่อ,True,4,4,,4,numeric_only,4.0,4,,,numeric_only,ตำบลสันต้นหมื้อ,อำเภอแม่อาย,410.0,299.0,271.0,18.0,10.0,100,100.0
อำเภอแม่อาย/ตำบลสันต้นหมื้อ/หน่วยเลือกตั้งที่ 4/สส. 5ทับ18.pdf,แบ่งเขต,False,4,4,,4,numeric_only,4.0,4,,,numeric_only,ตำบลสันต้นหมื้อ,อำเภอแม่อาย,410.0,299.0,284.0,9.0,6.0,100,100.0
อำเภอแม่อาย/ตำบลสันต้นหมื้อ/หน่วยเลือกตั้งที่ 1/สส. 5ทับ18 (บช).pdf,บัญชีรายชื่อ,True,1,1,,1,numeric_only,1.0,1,,,numeric_only,ตำบลสันต้นหมื้อ,อำเภอแม่อาย,510.0,407.0,371.0,25.0,8.0,100,100.0
อำเภอแม่อาย/ตำบลสันต้นหมื้อ/หน่วยเลือกตั้งที่ 1/สส. 5ทับ18.pdf,แบ่งเขต,False,1,1,,1,numeric_only,1.0,1,,,numeric_only,ตำบลสันต้นหมื้อ,อำเภอแม่อาย,540.0,407.0,380.0,10.0,17.0,100,100.0
อำเภอแม่อาย/ตำบลสันต้นหมื้อ/หน่วยเลือกตั้งที่ 10/สส. 5ทับ18 (บช).pdf,บัญชีรายชื่อ,True,10,10,,10,numeric_only,7.0,7,,,numeric_only,ตำบลสันต้นหมื้อ,อำเภอแม่อาย,220.0,153.0,146.0,7.0,,100,100.0
อำเภอแม่อาย/ตำบลสันต้นหมื้อ/หน่วยเลือกตั้งที่ 10/สส. 5ทับ18.pdf,แบ่งเขต,False,10,10,,10,numeric_only,,,,,missing,ตำบลสันต้นหมื้อ,อำเภอแม่อาย,,,,,,100,100.0
อำเภอแม่อาย/ตำบลสันต้นหมื้อ/หน่วยเลือกตั้งที่ 11/สส. 5ทับ18 (บช).pdf,บัญชีรายชื่อ,True,11,11,,11,numeric_only,10.0,10,,,numeric_only,ตำบลสันต้นหมื้อ,อำเภอแม่อาย,242.0,201.0,185.0,12.0,4.0,100,100.0
อำเภอแม่อาย/ตำบลสันต้นหมื้อ/หน่วยเลือกตั้งที่ 11/สส. 5ทับ18.pdf,แบ่งเขต,False,11,11,,11,numeric_only,10.0,10,,,numeric_only,ตำบลสันต้นหมื้อ,อำเภอแม่อาย,242.0,201.0,186.0,5.0,7.0,100,100.0
ทต.แม่อาย/ตำบลแม่อาย/หน่วยเลือกตั้งที่ 9/สส. 5ทับ18 (บช).pdf,บัญชีรายชื่อ,True,1,1,,9,numeric_only,5.0,5,,,numeric_only,ตำบลแม่อาย,ทต.แม่อาย,369.0,249.0,218.0,26.0,5.0,100,100.0
ทต.แม่อาย/ตำบลแม่อาย/หน่วยเลือกตั้งที่ 9/สส. 5ทับ18.pdf,แบ่งเขต,False,9,9,,9,numeric_only,8.0,8,,,numeric_only,ตำบลแม่อาย,ทต.แม่อาย,327.0,249.0,234.0,12.0,3.0,100,100.0
ทต.แม่อาย/ตำบลแม่อาย/หน่วยเลือกตั้งที่ 5/สส. 5ทับ18 (บช).pdf,บัญชีรายชื่อ,True,5,5,,5,numeric_only,4.0,4,,,numeric_only,ตำบลแม่อาย,ทต.แม่อาย,378.0,242.0,223.0,5.0,14.0,100,100.0
ทต.แม่อาย/ตำบลแม่อาย/หน่วยเลือกตั้งที่ 5/สส. 5ทับ18.pdf,แบ่งเขต,False,9,9,,5,numeric_only,4.0,4,,,numeric_only,ตำบลแม่อาย,ทต.แม่อาย,378.0,242.0,223.0,5.0,14.0,100,100.0
ทต.แม่อาย/ตำบลแม่อาย/หน่วยเลือกตั้งที่ 4/สส. 5ทับ18 (บช).pdf,บัญชีรายชื่อ,True,8,8,,4,numeric_only,8.0,8,,,numeric_only,ตำบลแม่อาย,ทต.แม่อาย,377.0,241.0,207.0,21.0,13.0,100,100.0
ทต.แม่อาย/ตำบลแม่อาย/หน่วยเลือกตั้งที่ 4/สส. 5ทับ18.pdf,แบ่งเขต,False,4,4,,4,numeric_only,4.0,4,,,numeric_only,ตำบลแม่อาย,ทต.แม่อาย,377.0,241.0,211.0,15.0,15.0,100,100.0
ทต.แม่อาย/ตำบลแม่อาย/หน่วยเลือกตั้งที่ 8/สส. 5ทับ18 (บช).pdf,บัญชีรายชื่อ,True,8,8,,8,numeric_only,5.0,5,,,numeric_only,ตำบลแม่อาย,ทต.แม่อาย,609.0,448.0,398.0,52.0,18.0,100,100.0
ทต.แม่อาย/ตำบลแม่อาย/หน่วยเลือกตั้งที่ 8/สส. 5ทับ18.pdf,แบ่งเขต,False,8,8,,8,numeric_only,7.0,7,,,numeric_only,ตำบลแม่อาย,ทต.แม่อาย,609.0,418.0,416.0,21.0,11.0,100,100.0
ทต.แม่อาย/ตำบลแม่อาย/หน่วยเลือกตั้งที่ 6/สส. 5ทับ18 (บช).pdf,บัญชีรายชื่อ,True,6,6,,6,numeric_only,5.0,5,,,numeric_only,ตำบลแม่อาย,ทต.แม่อาย,387.0,259.0,235.0,20.0,4.0,100,100.0
ทต.แม่อาย/ตำบลแม่อาย/หน่วยเลือกตั้งที่ 6/สส. 5ทับ18.pdf,แบ่งเขต,False,6,6,,6,numeric_only,5.0,5,,,numeric_only,ตำบลแม่อาย,ทต.แม่อาย,358.0,259.0,246.0,10.0,3.0,100,100.0
ทต.แม่อาย/ตำบลแม่อาย/หน่วยเลือกตั้งที่ 7/สส. 5ทับ18 (บช).pdf,บัญชีรายชื่อ,True,7,7,,7,numeric_only,6.0,6,,,numeric_only,ตำบลแม่อาย,ทต.แม่อาย,286.0,230.0,215.0,10.0,4.0,100,100.0
ทต.แม่อาย/ตำบลแม่อาย/หน่วยเลือกตั้งที่ 7/สส. 5ทับ18.pdf,แบ่งเขต,False,7,7,,7,numeric_only,2.0,2,,,numeric_only,ตำบลแม่อาย,ทต.แม่อาย,286.0,230.0,220.0,8.0,2.0,100,100.0
ทต.แม่อาย/ตำบลแม่อาย/หน่วยเลือกตั้งที่ 3/สส. 5ทับ18 (บช).pdf,บัญชีรายชื่อ,True,11,11,,3,numeric_only,1.0,1,,,numeric_only,ตำบลแม่อาย,ทต.แม่อาย,432.0,291.0,265.0,17.0,9.0,100,100.0
ทต.แม่อาย/ตำบลแม่อาย/หน่วยเลือกตั้งที่ 3/สส. 5ทับ18.pdf,แบ่งเขต,False,3,3,,3,numeric_only,3.0,3,,,numeric_only,ตำบลแม่อาย,ทต.แม่อาย,432.0,291.0,275.0,8.0,8.0,100,100.0
ทต.แม่อาย/ตำบลแม่อาย/หน่วยเลือกตั้งที่ 12/สส. 5ทับ18 (บช).pdf,บัญชีรายชื่อ,True,16,16,,12,numeric_only,11.0,11,,,numeric_only,ตำบลแม่อาย,ทต.แม่อาย,248.0,189.0,169.0,15.0,5.0,100,100.0
ทต.แม่อาย/ตำบลแม่อาย/หน่วยเลือกตั้งที่ 12/สส. 5ทับ18.pdf,แบ่งเขต,False,12,12,,12,numeric_only,11.0,11,,,numeric_only,ตำบลแม่อาย,ทต.แม่อาย,248.0,189.0,176.0,7.0,6.0,100,100.0
ทต.แม่อาย/ตำบลแม่อาย/หน่วยเลือกตั้งที่ 10/สส. 5ทับ18 (บช).pdf,บัญชีรายชื่อ,True,10,10,,10,numeric_only,5.0,5,,,numeric_only,ตำบลแม่อาย,ทต.แม่อาย,301.0,185.0,162.0,13.0,10.0,100,100.0
ทต.แม่อาย/ตำบลแม่อาย/หน่วยเลือกตั้งที่ 10/สส. 5ทับ18.pdf,แบ่งเขต,False,10,10,,10,numeric_only,8.0,8,,,numeric_only,ตำบลแม่อาย,ทต.แม่อาย,301.0,185.0,170.0,10.0,5.0,100,100.0
ทต.แม่อาย/ตำบลแม่อาย/หน่วยเลือกตั้งที่ 2/สส. 5ทับ18 (บช).pdf,บัญชีรายชื่อ,True,2,2,,2,numeric_only,2.0,2,,,numeric_only,ตำบลแม่อาย,ทต.แม่อาย,316.0,211.0,186.0,19.0,2.0,100,100.0
ทต.แม่อาย/ตำบลแม่อาย/หน่วยเลือกตั้งที่ 2/สส. 5ทับ18.pdf,แบ่งเขต,False,2,2,,2,numeric_only,2.0,2,,,numeric_only,ตำบลแม่อาย,ทต.แม่อาย,316.0,211.0,196.0,9.0,6.0,100,100.0
ทต.แม่อาย/ตำบลแม่อาย/หน่วยเลือกตั้งที่ 11/สส. 5ทับ18 (บช).pdf,บัญชีรายชื่อ,True,11,11,,11,numeric_only,10.0,10,,,numeric_only,ตำบลแม่อาย,ทต.แม่อาย,339.0,234.0,212.0,21.0,1.0,100,100.0
ทต.แม่อาย/ตำบลแม่อาย/หน่วยเลือกตั้งที่ 11/สส. 5ทับ18.pdf,แบ่งเขต,False,11,11,,11,numeric_only,10.0,10,,,numeric_only,ตำบลแม่อาย,ทต.แม่อาย,378.0,234.0,219.0,7.0,8.0,100,100.0
ทต.แม่อาย/ตำบลแม่อาย/หน่วยเลือกตั้งที่ 1/สส. 5ทับ18 (บช).pdf,บัญชีรายชื่อ,True,1,1,,1,numeric_only,1.0,1,,,numeric_only,ตำบลแม่อาย,ทต.แม่อาย,573.0,409.0,376.0,22.0,20.0,100,100.0
ทต.แม่อาย/ตำบลแม่อาย/หน่วยเลือกตั้งที่ 1/สส. 5ทับ18.pdf,แบ่งเขต,False,1,1,,1,numeric_only,1.0,1,,,numeric_only,ตำบลแม่อาย,ทต.แม่อาย,573.0,409.0,377.0,18.0,14.0,100,100.0
ทต.แม่อาย/ตำบลมะลิกา/หน่วยเลือกตั้งที่ 20/สส. 5ทับ18 (บช).pdf,บัญชีรายชื่อ,True,20,20,,20,numeric_only,9.0,9,,,numeric_only,ตำบลมะลิกา,ทต.แม่อาย,235.0,183.0,167.0,13.0,3.0,100,100.0
ทต.แม่อาย/ตำบลมะลิกา/หน่วยเลือกตั้งที่ 20/สส. 5ทับ18.pdf,แบ่งเขต,False,20,20,,20,numeric_only,9.0,9,,,numeric_only,ตำบลมะลิกา,ทต.แม่อาย,235.0,183.0,170.0,11.0,2.0,100,100.0
ทต.แม่อาย/ตำบลมะลิกา/หน่วยเลือกตั้งที่ 19/สส. 5ทับ18 (บช).pdf,บัญชีรายชื่อ,True,19,19,,19,numeric_only,8.0,8,,,numeric_only,ตำบลมะลิกา,ทต.แม่อาย,454.0,295.0,259.0,12.0,24.0,100,100.0
ทต.แม่อาย/ตำบลมะลิกา/หน่วยเลือกตั้งที่ 19/สส. 5ทับ18.pdf,แบ่งเขต,False,19,19,,19,numeric_only,8.0,8,,,numeric_only,ตำบลมะลิกา,ทต.แม่อาย,454.0,295.0,279.0,7.0,9.0,100,100.0
ทต.แม่อาย/ตำบลมะลิกา/หน่วยเลือกตั้งที่ 18/สส. 5ทับ18 (บช).pdf,บัญชีรายชื่อ,True,18,18,,18,numeric_only,7.0,7,,,numeric_only,ตำบลมะลิกา,ทต.แม่อาย,398.0,270.0,238.0,20.0,12.0,100,100.0
ทต.แม่อาย/ตำบลมะลิกา/หน่วยเลือกตั้งที่ 18/สส. 5ทับ18.pdf,แบ่งเขต,False,18,18,,18,numeric_only,,,,,missing,ตำบลมะลิกา,ทต.แม่อาย,,,,,,100,100.0
ทต.แม่อาย/ตำบลมะลิกา/หน่วยเลือกตั้งที่ 21/สส. 5ทับ18 (บช).pdf,บัญชีรายชื่อ,True,21,21,,21,numeric_only,10.0,10,,,numeric_only,ตำบลมะลิกา,ทต.แม่อาย,283.0,184.0,158.0,19.0,7.0,100,100.0
ทต.แม่อาย/ตำบลมะลิกา/หน่วยเลือกตั้งที่ 21/สส. 5ทับ18.pdf,แบ่งเขต,False,21,21,,21,numeric_only,10.0,10,,,numeric_only,ตำบลมะลิกา,ทต.แม่อาย,283.0,184.0,171.0,7.0,6.0,100,100.0
ทต.แม่อาย/ตำบลมะลิกา/หน่วยเลือกตั้งที่ 17/สส. 5ทับ18 (บช).pdf,บัญชีรายชื่อ,True,17,17,,17,numeric_only,6.0,6,,,numeric_only,ตำบลมะลิกา,ทต.แม่อาย,406.0,268.0,233.0,23.0,12.0,100,100.0
ทต.แม่อาย/ตำบลมะลิกา/หน่วยเลือกตั้งที่ 17/สส. 5ทับ18.pdf,แบ่งเขต,False,17,17,,17,numeric_only,6.0,6,,,numeric_only,ตำบลมะลิกา,ทต.แม่อาย,406.0,268.0,254.0,6.0,8.0,100,100.0
ทต.แม่อาย/ตำบลมะลิกา/หน่วยเลือกตั้งที่ 16/สส. 5ทับ18 (บช).pdf,บัญชีรายชื่อ,True,16,16,,16,numeric_only,5.0,5,,,numeric_only,ตำบลมะลิกา,ทต.แม่อาย,289.0,212.0,196.0,12.0,4.0,100,100.0
ทต.แม่อาย/ตำบลมะลิกา/หน่วยเลือกตั้งที่ 16/สส. 5ทับ18.pdf,แบ่งเขต,False,16,16,,16,numeric_only,5.0,5,,,numeric_only,ตำบลมะลิกา,ทต.แม่อาย,289.0,212.0,193.0,9.0,10.0,100,100.0
ทต.แม่อาย/ตำบลมะลิกา/หน่วยเลือกตั้งที่ 14/สส. 5ทับ18 (บช).pdf,บัญชีรายชื่อ,True,10,10,,14,numeric_only,3.0,3,,,numeric_only,ตำบลมะลิกา,ทต.แม่อาย,229.0,158.0,142.0,12.0,4.0,100,100.0
ทต.แม่อาย/ตำบลมะลิกา/หน่วยเลือกตั้งที่ 14/สส. 5ทับ18.pdf,แบ่งเขต,False,14,14,,14,numeric_only,,,,,missing,ตำบลมะลิกา,ทต.แม่อาย,,,,,,100,100.0
ทต.แม่อาย/ตำบลมะลิกา/หน่วยเลือกตั้งที่ 15/สส. 5ทับ18 (บช).pdf,บัญชีรายชื่อ,True,15,15,,15,numeric_only,4.0,4,,,numeric_only,ตำบลมะลิกา,ทต.แม่อาย,278.0,179.0,164.0,11.0,4.0,100,100.0
ทต.แม่อาย/ตำบลมะลิกา/หน่วยเลือกตั้งที่ 15/สส. 5ทับ18.pdf,แบ่งเขต,False,15,15,,15,numeric_only,4.0,4,,,numeric_only,ตำบลมะลิกา,ทต.แม่อาย,278.0,179.0,168.0,9.0,2.0,100,100.0
ทต.แม่อาย/ตำบลมะลิกา/หน่วยเลือกตั้งที่ 13/สส. 5ทับ18 (บช).pdf,บัญชีรายชื่อ,True,13,13,,13,numeric_only,2.0,2,,,numeric_only,ตำบลมะลิกา,ทต.แม่อาย,188.0,149.0,136.0,13.0,2.0,100,100.0
ทต.แม่อาย/ตำบลมะลิกา/หน่วยเลือกตั้งที่ 13/สส. 5ทับ18.pdf,แบ่งเขต,False,13,13,,13,numeric_only,2.0,2,,,numeric_only,ตำบลมะลิกา,ทต.แม่อาย,188.0,149.0,136.0,8.0,5.0,100,100.0
อำเภอฝาง/ตำบลโป่งน้ำร้อน/หน่วยเลือกตั้งที่ 7/สส. 5ทับ18 (บช).pdf,บัญชีรายชื่อ,True,7,7,,7,numeric_only,7.0,7,,,numeric_only,ตำบลโป่งน้ำร้อน,อำเภอฝาง,409.0,305.0,279.0,10.0,16.0,100,100.0
อำเภอฝาง/ตำบลโป่งน้ำร้อน/หน่วยเลือกตั้งที่ 7/สส. 5ทับ18.pdf,แบ่งเขต,False,7,7,,7,numeric_only,7.0,7,,,numeric_only,ตำบลโป่งน้ำร้อน,อำเภอฝาง,409.0,305.0,281.0,9.0,15.0,100,100.0
อำเภอฝาง/ตำบลโป่งน้ำร้อน/หน่วยเลือกตั้งที่ 6/สส. 5ทับ18 (บช).pdf,บัญชีรายชื่อ,True,2,2,,6,numeric_only,3.0,3,,,numeric_only,ตำบลโป่งน้ำร้อน,อำเภอฝาง,223.0,188.0,171.0,13.0,3.0,100,100.0
อำเภอฝาง/ตำบลโป่งน้ำร้อน/หน่วยเลือกตั้งที่ 6/สส. 5ทับ18.pdf,แบ่งเขต,False,6,6,,6,numeric_only,6.0,6,,,numeric_only,ตำบลโป่งน้ำร้อน,อำเภอฝาง,622.0,445.0,398.0,23.0,24.0,100,100.0
อำเภอฝาง/ตำบลโป่งน้ำร้อน/หน่วยเลือกตั้งที่ 3/สส. 5ทับ18 (บช).pdf,บัญชีรายชื่อ,True,3,3,,3,numeric_only,3.0,3,,,numeric_only,ตำบลโป่งน้ำร้อน,อำเภอฝาง,803.0,460.0,410.0,32.0,18.0,100,100.0
อำเภอฝาง/ตำบลโป่งน้ำร้อน/หน่วยเลือกตั้งที่ 3/สส. 5ทับ18.pdf,แบ่งเขต,False,3,3,,3,numeric_only,3.0,3,,,numeric_only,ตำบลโป่งน้ำร้อน,อำเภอฝาง,803.0,460.0,426.0,20.0,14.0,100,100.0
อำเภอฝาง/ตำบลโป่งน้ำร้อน/หน่วยเลือกตั้งที่ 4/สส. 5ทับ18 (บช).pdf,บัญชีรายชื่อ,True,4,4,,4,numeric_only,4.0,4,,,numeric_only,ตำบลโป่งน้ำร้อน,อำเภอฝาง,355.0,256.0,233.0,9.0,14.0,100,100.0
อำเภอฝาง/ตำบลโป่งน้ำร้อน/หน่วยเลือกตั้งที่ 4/สส. 5ทับ18.pdf,แบ่งเขต,False,4,4,,4,numeric_only,4.0,4,,,numeric_only,ตำบลโป่งน้ำร้อน,อำเภอฝาง,355.0,256.0,229.0,14.0,13.0,100,100.0
อำเภอฝาง/ตำบลโป่งน้ำร้อน/หน่วยเลือกตั้งที่ 5/สส. 5ทับ18 (บช).pdf,บัญชีรายชื่อ,True,5,5,,5,numeric_only,5.0,5,,,numeric_only,ตำบลโป่งน้ำร้อน,อำเภอฝาง,502.0,338.0,339.0,13.0,13.0,100,100.0
อำเภอฝาง/ตำบลโป่งน้ำร้อน/หน่วยเลือกตั้งที่ 5/สส. 5ทับ18.pdf,แบ่งเขต,False,5,5,,5,numeric_only,8.0,8,,,numeric_only,ตำบลโป่งน้ำร้อน,อำเภอฝาง,508.0,338.0,320.0,8.0,8.0,100,100.0
อำเภอฝาง/ตำบลโป่งน้ำร้อน/หน่วยเลือกตั้งที่ 2/สส. 5ทับ18.pdf,แบ่งเขต,False,2,2,,2,numeric_only,2.0,2,,,numeric_only,ตำบลโป่งน้ำร้อน,อำเภอฝาง,435.0,328.0,307.0,7.0,14.0,100,100.0
อำเภอฝาง/ตำบลโป่งน้ำร้อน/หน่วยเลือกตั้งที่ 2/สส. 5ทับ18 (บช).pdf,บัญชีรายชื่อ,True,2,2,,2,numeric_only,2.0,2,,,numeric_only,ตำบลโป่งน้ำร้อน,อำเภอฝาง,435.0,328.0,305.0,12.0,11.0,100,100.0
อำเภอฝาง/ตำบลโป่งน้ำร้อน/หน่วยเลือกตั้งที่ 1/สส. 5ทับ18 (บช).pdf,บัญชีรายชื่อ,True,1,1,หนึ่ง,1,numeric_text_agree,1.0,1,หนึ่ง,,numeric_text_agree,ตำบลโป่งน้ำร้อน,อำเภอฝาง,285.0,212.0,194.0,10.0,8.0,100,100.0
อำเภอฝาง/ตำบลโป่งน้ำร้อน/หน่วยเลือกตั้งที่ 1/สส. 5ทับ18.pdf,แบ่งเขต,False,1,1,,1,numeric_only,1.0,1,,,numeric_only,ตำบลโป่งน้ำร้อน,อำเภอฝาง,285.0,212.0,201.0,8.0,3.0,100,100.0
อำเภอฝาง/ตำบลแม่สูน/หน่วยเลือกตั้งที่ 9/สส. 5 ทับ 18 (บช).pdf,บัญชีรายชื่อ,True,4,4,,9,numeric_only,7.0,7,,,numeric_only,ตำบลแม่สูน,อำเภอฝาง,440.0,293.0,275.0,15.0,3.0,100,100.0
อำเภอฝาง/ตำบลแม่สูน/หน่วยเลือกตั้งที่ 9/ส.ส. 5 - 18 (แม่สูน หน่วยที่ 9).pdf,แบ่งเขต,False,1,1,,9,numeric_only,7.0,7,,,numeric_only,ตำบลแม่สูน,อำเภอฝาง,422.0,236.0,216.0,6.0,6.0,100,100.0
อำเภอฝาง/ตำบลแม่สูน/หน่วยเลือกตั้งที่ 7/สส. 5 ทับ 18 (บช).pdf,บัญชีรายชื่อ,True,7,7,,7,numeric_only,6.0,6,,,numeric_only,ตำบลแม่สูน,อำเภอฝาง,405.0,293.0,261.0,18.0,14.0,100,100.0
อำเภอฝาง/ตำบลแม่สูน/หน่วยเลือกตั้งที่ 7/ส.ส. 5 - 18 (แม่สูน หน่วยที่ 7).pdf,แบ่งเขต,False,7,7,,7,numeric_only,5.0,5,,,numeric_only,ตำบลแม่สูน,อำเภอฝาง,405.0,293.0,275.0,5.0,13.0,100,100.0
อำเภอฝาง/ตำบลแม่สูน/หน่วยเลือกตั้งที่ 8/สส. 5 ทับ 18 (บช).pdf,บัญชีรายชื่อ,True,8,8,,8,numeric_only,6.0,6,,,numeric_only,ตำบลแม่สูน,อำเภอฝาง,425.0,310.0,292.0,10.0,8.0,100,100.0
อำเภอฝาง/ตำบลแม่สูน/หน่วยเลือกตั้งที่ 8/ส.ส. 5 - 18 (แม่สูน หน่วยที่ 8).pdf,แบ่งเขต,False,8,8,แปด,8,numeric_text_agree,6.0,6,หก,,numeric_text_agree,ตำบลแม่สูน,อำเภอฝาง,425.0,310.0,290.0,13.0,7.0,100,100.0
อำเภอฝาง/ตำบลแม่สูน/หน่วยเลือกตั้งที่ 6/สส. 5 ทับ 18 (บช).pdf,บัญชีรายชื่อ,True,6,6,,6,numeric_only,4.0,4,,,numeric_only,ตำบลแม่สูน,อำเภอฝาง,620.0,449.0,412.0,22.0,15.0,100,100.0
อำเภอฝาง/ตำบลแม่สูน/หน่วยเลือกตั้งที่ 6/ส.ส. 5 - 18 (แม่สูน หน่วยที่ 6).pdf,แบ่งเขต,False,6,6,,6,numeric_only,4.0,4,,,numeric_only,ตำบลแม่สูน,อำเภอฝาง,620.0,449.0,418.0,13.0,18.0,100,100.0
อำเภอฝาง/ตำบลแม่สูน/หน่วยเลือกตั้งที่ 4/สส. 5 ทับ 18 (บช).pdf,บัญชีรายชื่อ,True,4,4,,4,numeric_only,3.0,3,,,numeric_only,ตำบลแม่สูน,อำเภอฝาง,485.0,328.0,292.0,19.0,17.0,100,100.0
อำเภอฝาง/ตำบลแม่สูน/หน่วยเลือกตั้งที่ 4/ส.ส. 5 - 18 (แม่สูน หน่วยที่ 4).pdf,แบ่งเขต,False,4,4,,4,numeric_only,3.0,3,,,numeric_only,ตำบลแม่สูน,อำเภอฝาง,485.0,328.0,295.0,16.0,17.0,100,100.0
อำเภอฝาง/ตำบลแม่สูน/หน่วยเลือกตั้งที่ 20/สส. 5 ทับ 18 (บช).pdf,บัญชีรายชื่อ,True,20,20,,20,numeric_only,16.0,16,,,numeric_only,ตำบลแม่สูน,อำเภอฝาง,393.0,280.0,242.0,10.0,28.0,100,100.0
อำเภอฝาง/ตำบลแม่สูน/หน่วยเลือกตั้งที่ 20/ส.ส. 5 - 18 (แม่สูน หน่วยที่ 20).pdf,แบ่งเขต,False,20,20,,20,numeric_only,16.0,16,,,numeric_only,ตำบลแม่สูน,อำเภอฝาง,373.0,280.0,246.0,16.0,18.0,100,100.0
อำเภอฝาง/ตำบลแม่สูน/หน่วยเลือกตั้งที่ 5/สส. 5 ทับ 18 (บช).pdf,บัญชีรายชื่อ,True,5,5,,5,numeric_only,3.0,3,,,numeric_only,ตำบลแม่สูน,อำเภอฝาง,481.0,334.0,300.0,17.0,17.0,100,100.0
อำเภอฝาง/ตำบลแม่สูน/หน่วยเลือกตั้งที่ 5/ส.ส. 5 - 18 (แม่สูน หน่วยที่ 5).pdf,แบ่งเขต,False,8,8,,5,numeric_only,3.0,3,,,numeric_only,ตำบลแม่สูน,อำเภอฝาง,481.0,334.0,297.0,10.0,27.0,100,100.0
อำเภอฝาง/ตำบลแม่สูน/หน่วยเลือกตั้งที่ 21/สส. 5 ทับ 18 (บช).pdf,บัญชีรายชื่อ,True,21,21,,21,numeric_only,17.0,17,,,numeric_only,ตำบลแม่สูน,อำเภอฝาง,386.0,280.0,268.0,7.0,5.0,100,100.0
อำเภอฝาง/ตำบลแม่สูน/หน่วยเลือกตั้งที่ 21/ส.ส. 5 - 18 (แม่สูน หน่วยที่ 21).pdf,แบ่งเขต,False,21,21,,21,numeric_only,17.0,17,,,numeric_only,ตำบลแม่สูน,อำเภอฝาง,386.0,280.0,263.0,4.0,13.0,100,100.0
อำเภอฝาง/ตำบลแม่สูน/หน่วยเลือกตั้งที่ 3/สส. 5 ทับ 18 (บช).pdf,บัญชีรายชื่อ,True,8,8,,3,numeric_only,8.0,8,,,numeric_only,ตำบลแม่สูน,อำเภอฝาง,775.0,447.0,390.0,36.0,21.0,100,100.0
อำเภอฝาง/ตำบลแม่สูน/หน่วยเลือกตั้งที่ 3/ส.ส. 5 - 18 (แม่สูน หน่วยที่ 3).pdf,แบ่งเขต,False,3,3,,3,numeric_only,2.0,2,,,numeric_only,ตำบลแม่สูน,อำเภอฝาง,575.0,447.0,406.0,21.0,20.0,100,100.0
อำเภอฝาง/ตำบลแม่สูน/หน่วยเลือกตั้งที่ 17/สส. 5 ทับ 18 (บช).pdf,บัญชีรายชื่อ,True,17,17,,17,numeric_only,13.0,13,,,numeric_only,ตำบลแม่สูน,อำเภอฝาง,349.0,243.0,219.0,20.0,10.0,100,100.0
อำเภอฝาง/ตำบลแม่สูน/หน่วยเลือกตั้งที่ 17/ส.ส. 5 - 18 (แม่สูน หน่วยที่ 17).pdf,แบ่งเขต,False,17,17,,17,numeric_only,13.0,13,,,numeric_only,ตำบลแม่สูน,อำเภอฝาง,349.0,243.0,219.0,17.0,7.0,100,100.0
อำเภอฝาง/ตำบลแม่สูน/หน่วยเลือกตั้งที่ 2/สส. 5 ทับ 18 (บช).pdf,บัญชีรายชื่อ,True,2,2,,2,numeric_only,1.0,1,,,numeric_only,ตำบลแม่สูน,อำเภอฝาง,544.0,343.0,297.0,25.0,21.0,100,100.0
อำเภอฝาง/ตำบลแม่สูน/หน่วยเลือกตั้งที่ 2/ส.ส. 5 - 18 (แม่สูน หน่วยที่ 2).pdf,แบ่งเขต,False,2,2,,2,numeric_only,1.0,1,,,numeric_only,ตำบลแม่สูน,อำเภอฝาง,544.0,343.0,317.0,13.0,13.0,100,100.0
อำเภอฝาง/ตำบลแม่สูน/หน่วยเลือกตั้งที่ 18/สส. 5 ทับ 18 (บช).pdf,บัญชีรายชื่อ,True,18,18,,18,numeric_only,14.0,14,,,numeric_only,ตำบลแม่สูน,อำเภอฝาง,473.0,343.0,322.0,16.0,5.0,100,100.0
อำเภอฝาง/ตำบลแม่สูน/หน่วยเลือกตั้งที่ 18/ส.ส. 5 - 18 (แม่สูน หน่วยที่ 18).pdf,แบ่งเขต,False,18,18,,18,numeric_only,14.0,14,,,numeric_only,ตำบลแม่สูน,อำเภอฝาง,473.0,343.0,324.0,9.0,10.0,100,100.0
อำเภอฝาง/ตำบลแม่สูน/หน่วยเลือกตั้งที่ 19/สส. 5 ทับ 18 (บช).pdf,บัญชีรายชื่อ,True,19,19,,19,numeric_only,15.0,15,,,numeric_only,ตำบลแม่สูน,อำเภอฝาง,382.0,293.0,261.0,15.0,17.0,100,100.0
อำเภอฝาง/ตำบลแม่สูน/หน่วยเลือกตั้งที่ 19/ส.ส. 5 - 18 (แม่สูน หน่วยที่ 19).pdf,แบ่งเขต,False,19,19,,19,numeric_only,15.0,15,,,numeric_only,ตำบลแม่สูน,อำเภอฝาง,352.0,293.0,288.0,9.0,18.0,100,100.0
อำเภอฝาง/ตำบลแม่สูน/หน่วยเลือกตั้งที่ 16/สส. 5 ทับ 18 (บช).pdf,บัญชีรายชื่อ,True,16,16,,16,numeric_only,12.0,12,,,numeric_only,ตำบลแม่สูน,อำเภอฝาง,394.0,283.0,266.0,9.0,8.0,100,100.0
อำเภอฝาง/ตำบลแม่สูน/หน่วยเลือกตั้งที่ 16/ส.ส. 5 - 18 (แม่สูน หน่วยที่ 16).pdf,แบ่งเขต,False,16,16,,16,numeric_only,12.0,12,,,numeric_only,ตำบลแม่สูน,อำเภอฝาง,394.0,283.0,271.0,6.0,6.0,100,100.0
อำเภอฝาง/ตำบลแม่สูน/หน่วยเลือกตั้งที่ 12/สส. 5 ทับ 18 (บช).pdf,บัญชีรายชื่อ,True,12,12,,12,numeric_only,9.0,9,,,numeric_only,ตำบลแม่สูน,อำเภอฝาง,414.0,273.0,250.0,13.0,10.0,100,100.0
อำเภอฝาง/ตำบลแม่สูน/หน่วยเลือกตั้งที่ 12/ส.ส. 5 - 18 (แม่สูน หน่วยที่ 12).pdf,แบ่งเขต,False,12,12,,12,numeric_only,9.0,9,,,numeric_only,ตำบลแม่สูน,อำเภอฝาง,414.0,273.0,250.0,5.0,9.0,100,100.0
อำเภอฝาง/ตำบลแม่สูน/หน่วยเลือกตั้งที่ 13/สส. 5 ทับ 18 (บช).pdf,บัญชีรายชื่อ,True,13,13,,13,numeric_only,9.0,9,,,numeric_only,ตำบลแม่สูน,อำเภอฝาง,427.0,285.0,263.0,15.0,7.0,100,100.0
อำเภอฝาง/ตำบลแม่สูน/หน่วยเลือกตั้งที่ 13/ส.ส. 5 - 18 (แม่สูน หน่วยที่ 13).pdf,แบ่งเขต,False,13,13,,13,numeric_only,9.0,9,,,numeric_only,ตำบลแม่สูน,อำเภอฝาง,421.0,285.0,269.0,9.0,7.0,100,100.0
อำเภอฝาง/ตำบลแม่สูน/หน่วยเลือกตั้งที่ 14/สส. 5 ทับ 18 (บช).pdf,บัญชีรายชื่อ,True,14,14,,14,numeric_only,10.0,10,,,numeric_only,ตำบลแม่สูน,อำเภอฝาง,768.0,553.0,497.0,31.0,25.0,100,100.0
อำเภอฝาง/ตำบลแม่สูน/หน่วยเลือกตั้งที่ 14/ส.ส. 5 - 18 (แม่สูน หน่วยที่ 14).pdf,แบ่งเขต,False,14,14,,14,numeric_only,10.0,10,,,numeric_only,ตำบลแม่สูน,อำเภอฝาง,768.0,553.0,505.0,20.0,28.0,100,100.0
อำเภอฝาง/ตำบลแม่สูน/หน่วยเลือกตั้งที่ 11/สส. 5 ทับ 18 (บช).pdf,บัญชีรายชื่อ,True,11,11,,11,numeric_only,9.0,9,,,numeric_only,ตำบลแม่สูน,อำเภอฝาง,119.0,96.0,92.0,3.0,1.0,100,100.0
อำเภอฝาง/ตำบลแม่สูน/หน่วยเลือกตั้งที่ 11/ส.ส. 5 - 18 (แม่สูน หน่วยที่ 11).pdf,แบ่งเขต,False,11,11,,11,numeric_only,8.0,8,,,numeric_only,ตำบลแม่สูน,อำเภอฝาง,120.0,96.0,92.0,2.0,2.0,100,100.0
อำเภอฝาง/ตำบลแม่สูน/หน่วยเลือกตั้งที่ 15/สส. 5 ทับ 18 (บช).pdf,บัญชีรายชื่อ,True,15,15,,15,numeric_only,11.0,11,,,numeric_only,ตำบลแม่สูน,อำเภอฝาง,544.0,376.0,340.0,25.0,16.0,100,100.0
อำเภอฝาง/ตำบลแม่สูน/หน่วยเลือกตั้งที่ 15/ส.ส. 5 - 18 (แม่สูน หน่วยที่ 15).pdf,แบ่งเขต,False,15,15,,15,numeric_only,11.0,11,,,numeric_only,ตำบลแม่สูน,อำเภอฝาง,544.0,396.0,340.0,17.0,19.0,100,100.0
อำเภอฝาง/ตำบลแม่สูน/หน่วยเลือกตั้งที่ 1/สส. 5 ทับ 18 (บช).pdf,บัญชีรายชื่อ,True,1,1,,1,numeric_only,1.0,1,,,numeric_only,ตำบลแม่สูน,อำเภอฝาง,555.0,379.0,340.0,,,100,100.0
อำเภอฝาง/ตำบลแม่สูน/หน่วยเลือกตั้งที่ 1/ส.ส. 5- 18 (แม่สูน หน่วยที่ 1).pdf,แบ่งเขต,False,1,1,,1,numeric_only,1.0,1,,,numeric_only,ตำบลแม่สูน,อำเภอฝาง,555.0,375.0,352.0,10.0,14.0,100,100.0
อำเภอฝาง/ตำบลแม่สูน/หน่วยเลือกตั้งที่ 10/สส. 5 ทับ 18 (บช).pdf,บัญชีรายชื่อ,True,10,10,,10,numeric_only,7.0,7,,,numeric_only,ตำบลแม่สูน,อำเภอฝาง,417.0,297.0,260.0,21.0,16.0,100,100.0
อำเภอฝาง/ตำบลแม่สูน/หน่วยเลือกตั้งที่ 10/ส.ส. 5 - 18 (แม่สูน หน่วยที่ 10).pdf,แบ่งเขต,False,10,10,,10,numeric_only,7.0,7,,,numeric_only,ตำบลแม่สูน,อำเภอฝาง,417.0,297.0,295.0,2.0,14.0,100,100.0
อำเภอฝาง/ทต.บ้านแม่ข่า/หน่วยเลือกตั้งที่ 3/ส.ส. 5-18 (บช) ทต.บ้านแม่ข่า หน่วยเลือกตั้ง ที่ 3.pdf,บัญชีรายชื่อ,True,3,3,,3,numeric_only,5.0,5,,,numeric_only,ทต.บ้านแม่ข่า,ทต.บ้านแม่ข่า,529.0,391.0,359.0,25.0,7.0,100,63.63636363636363
อำเภอฝาง/ทต.บ้านแม่ข่า/หน่วยเลือกตั้งที่ 3/ส.ส.5-18(ทต.บ้านแม่ข่า หน่วยที่ 3).pdf,แบ่งเขต,False,3,3,,3,numeric_only,5.0,5,,,numeric_only,ทต.บ้านแม่ข่า,ทต.บ้านแม่ข่า,529.0,391.0,362.0,16.0,13.0,100,63.63636363636363
อำเภอฝาง/ทต.บ้านแม่ข่า/หน่วยเลือกตั้งที่ 3/สส. 5ทับ18 (บช).pdf,บัญชีรายชื่อ,True,3,3,,3,numeric_only,5.0,5,,,numeric_only,ทต.บ้านแม่ข่า,ทต.บ้านแม่ข่า,529.0,391.0,359.0,25.0,7.0,100,63.63636363636363
อำเภอฝาง/ทต.บ้านแม่ข่า/หน่วยเลือกตั้งที่ 1/ส.ส. 5-18 (บช) ทต.บ้านแม่ข่า หน่วยเลือกตั้ง ที่ 1.pdf,บัญชีรายชื่อ,True,1,1,,1,numeric_only,1.0,1,,,numeric_only,ทต.บ้านแม่ข่า,ทต.บ้านแม่ข่า,474.0,360.0,331.0,19.0,10.0,100,63.63636363636363
อำเภอฝาง/ทต.บ้านแม่ข่า/หน่วยเลือกตั้งที่ 1/ส.ส.5-18(ทต.บ้านแม่ข่า หน่วยที่ 1).pdf,แบ่งเขต,False,1,1,,1,numeric_only,1.0,1,,,numeric_only,ทต.บ้านแม่ข่า,ทต.บ้านแม่ข่า,474.0,360.0,333.0,12.0,15.0,100,63.63636363636363
อำเภอฝาง/ทต.บ้านแม่ข่า/หน่วยเลือกตั้งที่ 1/สส. 5ทับ18 (บช).pdf,บัญชีรายชื่อ,True,1,1,,1,numeric_only,1.0,1,,,numeric_only,ทต.บ้านแม่ข่า,ทต.บ้านแม่ข่า,474.0,360.0,331.0,19.0,10.0,100,63.63636363636363
อำเภอฝาง/ทต.บ้านแม่ข่า/หน่วยเลือกตั้งที่ 2/ส.ส. 5-18 (บช) ทต.บ้านแม่ข่า หน่วยเลือกตั้ง ที่ 2.pdf,บัญชีรายชื่อ,True,2,2,,2,numeric_only,,,,,missing,ทต.บ้านแม่ข่า,ทต.บ้านแม่ข่า,,,,,,100,63.63636363636363
อำเภอฝาง/ทต.บ้านแม่ข่า/หน่วยเลือกตั้งที่ 2/ส.ส.5-18(ทต.บ้านแม่ข่า หน่วยที่ 2).pdf,แบ่งเขต,False,8,8,,2,numeric_only,5.0,5,,,numeric_only,ทต.บ้านแม่ข่า,ทต.บ้านแม่ข่า,523.0,390.0,370.0,10.0,10.0,100,63.63636363636363
อำเภอฝาง/ทต.บ้านแม่ข่า/หน่วยเลือกตั้งที่ 2/สส. 5ทับ18 (บช).pdf,บัญชีรายชื่อ,True,2,2,,2,numeric_only,,,,,missing,ทต.บ้านแม่ข่า,ทต.บ้านแม่ข่า,,110.0,84.0,26.0,,100,63.63636363636363
อำเภอฝาง/ตำบลแม่งอน/หน่วยเลือกตั้งที่ 7/ส.ส. 5-18 (บช) แม่งอน หน่วยเลือกตั้ง ที่ 7.pdf,บัญชีรายชื่อ,True,7,7,,7,numeric_only,4.0,4,,,numeric_only,ตำบลแม่งอน,อำเภอฝาง,,392.0,318.0,68.0,6.0,100,100.0
อำเภอฝาง/ตำบลแม่งอน/หน่วยเลือกตั้งที่ 7/ส.ส.5-18 (แม่งอน หน่วยที่ 7).pdf,แบ่งเขต,False,7,7,,7,numeric_only,6.0,6,,,numeric_only,ตำบลแม่งอน,อำเภอฝาง,659.0,318.0,276.0,29.0,17.0,100,100.0
อำเภอฝาง/ตำบลแม่งอน/หน่วยเลือกตั้งที่ 9/ส.ส. 5-18 (บช) แม่งอน หน่วยเลือกตั้ง ที่ 9.pdf,บัญชีรายชื่อ,True,8,8,,9,numeric_only,7.0,7,,,numeric_only,ตำบลแม่งอน,อำเภอฝาง,685.0,468.0,417.0,24.0,27.0,100,100.0
อำเภอฝาง/ตำบลแม่งอน/หน่วยเลือกตั้งที่ 9/ส.ส.5-18 (แม่งอน หน่วยที่ 9).pdf,แบ่งเขต,False,14,14,,9,numeric_only,13.0,13,,,numeric_only,ตำบลแม่งอน,อำเภอฝาง,685.0,655.0,434.0,15.0,19.0,100,100.0
อำเภอฝาง/ตำบลแม่งอน/หน่วยเลือกตั้งที่ 8/ส.ส. 5-18 (บช) แม่งอน หน่วยเลือกตั้ง ที่ 8.pdf,บัญชีรายชื่อ,True,8,8,,8,numeric_only,6.0,6,,,numeric_only,ตำบลแม่งอน,อำเภอฝาง,658.0,354.0,329.0,16.0,9.0,100,100.0
อำเภอฝาง/ตำบลแม่งอน/หน่วยเลือกตั้งที่ 8/ส.ส.5-18 (แม่งอน หน่วยที่ 8).pdf,แบ่งเขต,False,8,8,,8,numeric_only,6.0,6,,,numeric_only,ตำบลแม่งอน,อำเภอฝาง,58.0,358.0,328.0,16.0,12.0,100,100.0
อำเภอฝาง/ตำบลแม่งอน/หน่วยเลือกตั้งที่ 5/ส.ส. 5-18 (บช) แม่งอน หน่วยเลือกตั้ง ที่ 5.pdf,บัญชีรายชื่อ,True,5,5,,5,numeric_only,5.0,5,,,numeric_only,ตำบลแม่งอน,อำเภอฝาง,484.0,195.0,183.0,12.0,,100,100.0
อำเภอฝาง/ตำบลแม่งอน/หน่วยเลือกตั้งที่ 5/ส.ส.5-18 (แม่งอน หน่วยที่ 5).pdf,แบ่งเขต,False,5,5,,5,numeric_only,5.0,5,,,numeric_only,ตำบลแม่งอน,อำเภอฝาง,484.0,195.0,190.0,5.0,,100,100.0
อำเภอฝาง/ตำบลแม่งอน/หน่วยเลือกตั้งที่ 6/ส.ส. 5-18 (บช) แม่งอน หน่วยเลือกตั้ง ที่ 6.pdf,บัญชีรายชื่อ,True,6,6,,6,numeric_only,5.0,5,,,numeric_only,ตำบลแม่งอน,อำเภอฝาง,482.0,256.0,143.0,10.0,3.0,100,100.0
อำเภอฝาง/ตำบลแม่งอน/หน่วยเลือกตั้งที่ 6/ส.ส.5-18 (แม่งอน หน่วยที่ 6).pdf,แบ่งเขต,False,6,6,,6,numeric_only,5.0,5,,,numeric_only,ตำบลแม่งอน,อำเภอฝาง,482.0,156.0,148.0,5.0,3.0,100,100.0
อำเภอฝาง/ตำบลแม่งอน/หน่วยเลือกตั้งที่ 4/ส.ส. 5-18 (บช) แม่งอน หน่วยเลือกตั้ง ที่ 4.pdf,บัญชีรายชื่อ,True,4,4,,4,numeric_only,,,,,missing,ตำบลแม่งอน,อำเภอฝาง,,,446.0,,,100,100.0
อำเภอฝาง/ตำบลแม่งอน/หน่วยเลือกตั้งที่ 4/ส.ส.5-18 (แม่งอน หน่วยที่ 4).pdf,แบ่งเขต,False,4,4,,4,numeric_only,4.0,4,,,numeric_only,ตำบลแม่งอน,อำเภอฝาง,628.0,484.0,453.0,14.0,17.0,100,100.0
อำเภอฝาง/ตำบลแม่งอน/หน่วยเลือกตั้งที่ 2/ส.ส. 5-18 (บช) แม่งอน หน่วยเลือกตั้ง ที่ 2.pdf,บัญชีรายชื่อ,True,2,2,,2,numeric_only,2.0,2,,,numeric_only,ตำบลแม่งอน,อำเภอฝาง,661.0,491.0,444.0,29.0,18.0,100,100.0
อำเภอฝาง/ตำบลแม่งอน/หน่วยเลือกตั้งที่ 2/ส.ส.5-18 (แม่งอน หน่วยที่ 2).pdf,แบ่งเขต,False,2,2,,2,numeric_only,2.0,2,,,numeric_only,ตำบลแม่งอน,อำเภอฝาง,661.0,491.0,473.0,10.0,8.0,100,100.0
อำเภอฝาง/ตำบลแม่งอน/หน่วยเลือกตั้งที่ 3/ส.ส. 5-18 (บช) แม่งอน หน่วยเลือกตั้ง ที่ 3.pdf,บัญชีรายชื่อ,True,3,3,,3,numeric_only,3.0,3,,,numeric_only,ตำบลแม่งอน,อำเภอฝาง,355.0,340.0,232.0,17.0,5.0,100,100.0
อำเภอฝาง/ตำบลแม่งอน/หน่วยเลือกตั้งที่ 3/ส.ส.5-18 (แม่งอน หน่วยที่ 3).pdf,แบ่งเขต,False,3,3,,3,numeric_only,3.0,3,,,numeric_only,ตำบลแม่งอน,อำเภอฝาง,355.0,340.0,245.0,7.0,2.0,100,100.0
อำเภอฝาง/ตำบลแม่งอน/หน่วยเลือกตั้งที่ 17/ส.ส. 5-18 (บช) แม่งอน หน่วยเลือกตั้ง ที่ 17.pdf,บัญชีรายชื่อ,True,17,17,,17,numeric_only,15.0,15,,,numeric_only,ตำบลแม่งอน,อำเภอฝาง,376.0,288.0,249.0,24.0,15.0,100,100.0
อำเภอฝาง/ตำบลแม่งอน/หน่วยเลือกตั้งที่ 17/ส.ส.5-18 (แม่งอน หน่วยที่ 17).pdf,แบ่งเขต,False,17,17,,17,numeric_only,15.0,15,,,numeric_only,ตำบลแม่งอน,อำเภอฝาง,376.0,288.0,260.0,13.0,15.0,100,100.0
อำเภอฝาง/ตำบลแม่งอน/หน่วยเลือกตั้งที่ 14/ส.ส. 5-18 (บช) แม่งอน หน่วยเลือกตั้ง ที่ 14.pdf,บัญชีรายชื่อ,True,14,14,,14,numeric_only,12.0,12,,,numeric_only,ตำบลแม่งอน,อำเภอฝาง,785.0,332.0,302.0,22.0,8.0,100,100.0
อำเภอฝาง/ตำบลแม่งอน/หน่วยเลือกตั้งที่ 14/ส.ส.5-18 (แม่งอน หน่วยที่ 14).pdf,แบ่งเขต,False,14,14,,14,numeric_only,12.0,12,,,numeric_only,ตำบลแม่งอน,อำเภอฝาง,785.0,332.0,302.0,22.0,8.0,100,100.0
อำเภอฝาง/ตำบลแม่งอน/หน่วยเลือกตั้งที่ 15/ส.ส. 5-18 (บช) แม่งอน หน่วยเลือกตั้ง ที่ 15.pdf,บัญชีรายชื่อ,True,15,15,,15,numeric_only,12.0,12,,,numeric_only,ตำบลแม่งอน,อำเภอฝาง,303.0,245.0,229.0,9.0,7.0,100,100.0
อำเภอฝาง/ตำบลแม่งอน/หน่วยเลือกตั้งที่ 15/ส.ส.5-18 (แม่งอน หน่วยที่ 15).pdf,แบ่งเขต,False,15,15,,15,numeric_only,,,,,missing,ตำบลแม่งอน,อำเภอฝาง,,,,,,100,100.0
อำเภอฝาง/ตำบลแม่งอน/หน่วยเลือกตั้งที่ 16/ส.ส. 5-18 (บช) แม่งอน หน่วยเลือกตั้ง ที่ 16.pdf,บัญชีรายชื่อ,True,12,12,,16,numeric_only,14.0,14,,,numeric_only,ตำบลแม่งอน,อำเภอฝาง,322.0,261.0,236.0,10.0,15.0,100,100.0
อำเภอฝาง/ตำบลแม่งอน/หน่วยเลือกตั้งที่ 16/ส.ส.5-18 (แม่งอน หน่วยที่ 16).pdf,แบ่งเขต,False,16,16,,16,numeric_only,14.0,14,,,numeric_only,ตำบลแม่งอน,อำเภอฝาง,322.0,261.0,245.0,4.0,12.0,100,100.0
อำเภอฝาง/ตำบลแม่งอน/หน่วยเลือกตั้งที่ 13/ส.ส. 5-18 (บช) แม่งอน หน่วยเลือกตั้ง ที่ 13.pdf,บัญชีรายชื่อ,True,13,13,,13,numeric_only,11.0,11,,,numeric_only,ตำบลแม่งอน,อำเภอฝาง,390.0,326.0,295.0,15.0,16.0,100,100.0
อำเภอฝาง/ตำบลแม่งอน/หน่วยเลือกตั้งที่ 13/ส.ส.5-18 (แม่งอน หน่วยที่ 13).pdf,แบ่งเขต,False,13,13,,13,numeric_only,11.0,11,,,numeric_only,ตำบลแม่งอน,อำเภอฝาง,390.0,326.0,314.0,3.0,9.0,100,100.0
อำเภอฝาง/ตำบลแม่งอน/หน่วยเลือกตั้งที่ 12/ส.ส. 5-18 (บช) แม่งอน หน่วยเลือกตั้ง ที่ 12.pdf,บัญชีรายชื่อ,True,12,12,,12,numeric_only,,,,,missing,ตำบลแม่งอน,อำเภอฝาง,,,,,,100,100.0
อำเภอฝาง/ตำบลแม่งอน/หน่วยเลือกตั้งที่ 12/ส.ส.5-18 (แม่งอน หน่วยที่ 12).pdf,แบ่งเขต,False,12,12,,12,numeric_only,10.0,10,,,numeric_only,ตำบลแม่งอน,อำเภอฝาง,406.0,329.0,312.0,11.0,6.0,100,100.0
อำเภอฝาง/ตำบลแม่งอน/หน่วยเลือกตั้งที่ 10/ส.ส. 5-18 (บช) แม่งอน หน่วยเลือกตั้ง ที่ 10.pdf,บัญชีรายชื่อ,True,10,10,,10,numeric_only,8.0,8,,,numeric_only,ตำบลแม่งอน,อำเภอฝาง,533.0,409.0,374.0,23.0,12.0,100,100.0
อำเภอฝาง/ตำบลแม่งอน/หน่วยเลือกตั้งที่ 10/ส.ส.5-18 (แม่งอน หน่วยที่ 10).pdf,แบ่งเขต,False,10,10,,10,numeric_only,8.0,8,,,numeric_only,ตำบลแม่งอน,อำเภอฝาง,533.0,409.0,379.0,15.0,15.0,100,100.0
อำเภอฝาง/ตำบลแม่งอน/หน่วยเลือกตั้งที่ 11/ส.ส. 5-18 (บช) แม่งอน หน่วยเลือกตั้ง ที่ 11.pdf,บัญชีรายชื่อ,True,11,11,,11,numeric_only,9.0,9,,,numeric_only,ตำบลแม่งอน,อำเภอฝาง,661.0,218.0,210.0,5.0,3.0,100,100.0
อำเภอฝาง/ตำบลแม่งอน/หน่วยเลือกตั้งที่ 11/ส.ส.5-18 (แม่งอน หน่วยที่ 11).pdf,แบ่งเขต,False,11,11,,11,numeric_only,9.0,9,,,numeric_only,ตำบลแม่งอน,อำเภอฝาง,661.0,218.0,211.0,4.0,3.0,100,100.0
อำเภอฝาง/ตำบลแม่งอน/หน่วยเลือกตั้งที่ 1/ส.ส. 5-18 (บช) แม่งอน หน่วยเลือกตั้ง ที่ 1.pdf,บัญชีรายชื่อ,True,1,1,,1,numeric_only,1.0,1,,,numeric_only,ตำบลแม่งอน,อำเภอฝาง,375.0,269.0,239.0,22.0,8.0,100,100.0
อำเภอฝาง/ตำบลแม่งอน/หน่วยเลือกตั้งที่ 1/ส.ส.5-18 (แม่งอน หน่วยที่ 1).pdf,แบ่งเขต,False,1,1,,1,numeric_only,1.0,1,,,numeric_only,ตำบลแม่งอน,อำเภอฝาง,375.0,269.0,243.0,11.0,10.0,100,100.0
อำเภอฝาง/ทต.เวียงฝาง/หน่วยเลือกตั้งที่ 8/สส. 5ทับ18.pdf,แบ่งเขต,False,8,8,,8,numeric_only,5.0,5,,,numeric_only,ทต.เวียงฝาง,ทต.เวียงฝาง,509.0,308.0,281.0,8.0,19.0,100,42.10526315789473
อำเภอฝาง/ทต.เวียงฝาง/หน่วยเลือกตั้งที่ 8/สส. 5ทับ18 (บช).pdf,บัญชีรายชื่อ,True,8,8,,8,numeric_only,5.0,5,,,numeric_only,ทต.เวียงฝาง,ทต.เวียงฝาง,509.0,308.0,284.0,13.0,11.0,100,42.10526315789473
อำเภอฝาง/ทต.เวียงฝาง/หน่วยเลือกตั้งที่ 7/สส. 5ทับ18.pdf,แบ่งเขต,False,7,7,,7,numeric_only,5.0,5,,,numeric_only,ทต.เวียงฝาง,ทต.เวียงฝาง,514.0,339.0,315.0,9.0,15.0,100,42.10526315789473
อำเภอฝาง/ทต.เวียงฝาง/หน่วยเลือกตั้งที่ 7/สส. 5ทับ18 (บช).pdf,บัญชีรายชื่อ,True,7,7,,7,numeric_only,5.0,5,,,numeric_only,ทต.เวียงฝาง,ทต.เวียงฝาง,514.0,339.0,298.0,22.0,19.0,100,42.10526315789473
อำเภอฝาง/ทต.เวียงฝาง/หน่วยเลือกตั้งที่ 9/สส. 5ทับ18.pdf,แบ่งเขต,False,9,9,,9,numeric_only,9.0,9,,,numeric_only,ทต.เวียงฝาง,ทต.เวียงฝาง,613.0,452.0,423.0,14.0,15.0,100,42.10526315789473
อำเภอฝาง/ทต.เวียงฝาง/หน่วยเลือกตั้งที่ 9/สส. 5ทับ18 (บช).pdf,บัญชีรายชื่อ,True,1,1,,9,numeric_only,1.0,1,,,numeric_only,ทต.เวียงฝาง,ทต.เวียงฝาง,613.0,452.0,398.0,29.0,25.0,100,42.10526315789473
อำเภอฝาง/ทต.เวียงฝาง/หน่วยเลือกตั้งที่ 5/สส. 5ทับ18.pdf,แบ่งเขต,False,5,5,,5,numeric_only,4.0,4,,,numeric_only,ทต.เวียงฝาง,ทต.เวียงฝาง,447.0,288.0,263.0,5.0,20.0,100,42.10526315789473
อำเภอฝาง/ทต.เวียงฝาง/หน่วยเลือกตั้งที่ 5/สส. 5ทับ18 (บช).pdf,บัญชีรายชื่อ,True,5,5,,5,numeric_only,4.0,4,,,numeric_only,ทต.เวียงฝาง,ทต.เวียงฝาง,447.0,447.0,258.0,13.0,17.0,100,42.10526315789473
อำเภอฝาง/ทต.เวียงฝาง/หน่วยเลือกตั้งที่ 4/สส. 5ทับ18.pdf,แบ่งเขต,False,4,4,,4,numeric_only,3.0,3,,,numeric_only,ทต.เวียงฝาง,ทต.เวียงฝาง,443.0,298.0,250.0,9.0,19.0,100,42.10526315789473
อำเภอฝาง/ทต.เวียงฝาง/หน่วยเลือกตั้งที่ 4/สส. 5ทับ18 (บช).pdf,บัญชีรายชื่อ,True,4,4,,4,numeric_only,3.0,3,,,numeric_only,ทต.เวียงฝาง,ทต.เวียงฝาง,443.0,298.0,274.0,9.0,15.0,100,42.10526315789473
อำเภอฝาง/ทต.เวียงฝาง/หน่วยเลือกตั้งที่ 2/สส. 5ทับ18.pdf,แบ่งเขต,False,2,2,,2,numeric_only,2.0,2,,,numeric_only,ทต.เวียงฝาง,ทต.เวียงฝาง,639.0,450.0,426.0,8.0,16.0,100,42.10526315789473
อำเภอฝาง/ทต.เวียงฝาง/หน่วยเลือกตั้งที่ 2/สส. 5ทับ18 (บช).pdf,บัญชีรายชื่อ,True,2,2,,2,numeric_only,2.0,2,,,numeric_only,ทต.เวียงฝาง,ทต.เวียงฝาง,639.0,450.0,426.0,24.0,14.0,100,42.10526315789473
อำเภอฝาง/ทต.เวียงฝาง/หน่วยเลือกตั้งที่ 6/สส. 5ทับ18.pdf,แบ่งเขต,False,6,6,,6,numeric_only,4.0,4,,,numeric_only,ทต.เวียงฝาง,ทต.เวียงฝาง,494.0,283.0,264.0,7.0,12.0,100,42.10526315789473
อำเภอฝาง/ทต.เวียงฝาง/หน่วยเลือกตั้งที่ 6/สส. 5ทับ18 (บช).pdf,บัญชีรายชื่อ,True,6,6,,6,numeric_only,4.0,4,,,numeric_only,ทต.เวียงฝาง,ทต.เวียงฝาง,134.0,283.0,262.0,11.0,10.0,100,42.10526315789473
อำเภอฝาง/ทต.เวียงฝาง/หน่วยเลือกตั้งที่ 3/สส. 5ทับ18.pdf,แบ่งเขต,False,3,3,,3,numeric_only,3.0,3,,,numeric_only,ทต.เวียงฝาง,ทต.เวียงฝาง,888.0,488.0,473.0,6.0,3.0,100,42.10526315789473
อำเภอฝาง/ทต.เวียงฝาง/หน่วยเลือกตั้งที่ 3/สส. 5ทับ18 (บช).pdf,บัญชีรายชื่อ,True,33,33,,3,numeric_only,3.0,3,,,numeric_only,ทต.เวียงฝาง,ทต.เวียงฝาง,555.0,253.0,243.0,5.0,3.0,100,42.10526315789473
อำเภอฝาง/ทต.เวียงฝาง/หน่วยเลือกตั้งที่ 1/สส. 5ทับ18.pdf,แบ่งเขต,False,1,1,,1,numeric_only,2.0,2,,,numeric_only,ทต.เวียงฝาง,ทต.เวียงฝาง,645.0,433.0,401.0,13.0,19.0,100,42.10526315789473
อำเภอฝาง/ทต.เวียงฝาง/หน่วยเลือกตั้งที่ 1/สส. 5ทับ18 (บช).pdf,บัญชีรายชื่อ,True,1,1,,1,numeric_only,2.0,2,,,numeric_only,ทต.เวียงฝาง,ทต.เวียงฝาง,645.0,433.0,349.0,29.0,15.0,100,42.10526315789473
อำเภอฝาง/ตำบลแม่คะ/หน่วยเลือกตั้งที่ 8/สส. 5ทับ18.pdf,แบ่งเขต,False,9,9,,8,numeric_only,7.0,7,,,numeric_only,ตำบลแม่คะ,อำเภอฝาง,579.0,448.0,421.0,17.0,10.0,100,100.0
อำเภอฝาง/ตำบลแม่คะ/หน่วยเลือกตั้งที่ 8/สส. 5ทับ18 (บช).pdf,บัญชีรายชื่อ,True,1,1,,8,numeric_only,7.0,7,,,numeric_only,ตำบลแม่คะ,อำเภอฝาง,578.0,448.0,406.0,29.0,13.0,100,100.0
อำเภอฝาง/ตำบลแม่คะ/หน่วยเลือกตั้งที่ 9/สส. 5ทับ18.pdf,แบ่งเขต,False,8,8,,9,numeric_only,1.0,1,,,numeric_only,ตำบลแม่คะ,อำเภอฝาง,211.0,164.0,157.0,0.0,7.0,100,100.0
อำเภอฝาง/ตำบลแม่คะ/หน่วยเลือกตั้งที่ 9/สส. 5ทับ18 (บช).pdf,บัญชีรายชื่อ,True,4,4,,9,numeric_only,7.0,7,,,numeric_only,ตำบลแม่คะ,อำเภอฝาง,211.0,164.0,146.0,10.0,8.0,100,100.0
อำเภอฝาง/ตำบลแม่คะ/หน่วยเลือกตั้งที่ 7/สส. 5ทับ18.pdf,แบ่งเขต,False,7,7,,7,numeric_only,6.0,6,,,numeric_only,ตำบลแม่คะ,อำเภอฝาง,567.0,326.0,275.0,48.0,3.0,100,100.0
อำเภอฝาง/ตำบลแม่คะ/หน่วยเลือกตั้งที่ 7/สส. 5ทับ18 (บช).pdf,บัญชีรายชื่อ,True,7,7,,7,numeric_only,6.0,6,,,numeric_only,ตำบลแม่คะ,อำเภอฝาง,567.0,326.0,296.0,30.0,1.0,100,100.0
อำเภอฝาง/ตำบลแม่คะ/หน่วยเลือกตั้งที่ 4/สส. 5ทับ18.pdf,แบ่งเขต,False,4,4,,4,numeric_only,4.0,4,,,numeric_only,ตำบลแม่คะ,อำเภอฝาง,519.0,343.0,318.0,18.0,7.0,100,100.0
อำเภอฝาง/ตำบลแม่คะ/หน่วยเลือกตั้งที่ 4/สส. 5ทับ18 (บช).pdf,บัญชีรายชื่อ,True,4,4,,4,numeric_only,4.0,4,,,numeric_only,ตำบลแม่คะ,อำเภอฝาง,519.0,343.0,321.0,17.0,5.0,100,100.0
อำเภอฝาง/ตำบลแม่คะ/หน่วยเลือกตั้งที่ 6/สส. 5ทับ18.pdf,แบ่งเขต,False,6,6,,6,numeric_only,6.0,6,,,numeric_only,ตำบลแม่คะ,อำเภอฝาง,542.0,433.0,425.0,3.0,5.0,100,100.0
อำเภอฝาง/ตำบลแม่คะ/หน่วยเลือกตั้งที่ 6/สส. 5ทับ18 (บช).pdf,บัญชีรายชื่อ,True,6,6,,6,numeric_only,8.0,8,,,numeric_only,ตำบลแม่คะ,อำเภอฝาง,502.0,253.0,233.0,20.0,,100,100.0
อำเภอฝาง/ตำบลแม่คะ/หน่วยเลือกตั้งที่ 5/สส. 5ทับ18.pdf,แบ่งเขต,False,5,5,,5,numeric_only,5.0,5,,,numeric_only,ตำบลแม่คะ,อำเภอฝาง,718.0,555.0,520.0,14.0,21.0,100,100.0
อำเภอฝาง/ตำบลแม่คะ/หน่วยเลือกตั้งที่ 5/สส. 5ทับ18 (บช).pdf,บัญชีรายชื่อ,True,8,8,,5,numeric_only,8.0,8,,,numeric_only,ตำบลแม่คะ,อำเภอฝาง,718.0,555.0,507.0,48.0,,100,100.0
อำเภอฝาง/ตำบลแม่คะ/หน่วยเลือกตั้งที่ 3/สส. 5ทับ18.pdf,แบ่งเขต,False,3,3,,3,numeric_only,3.0,3,,,numeric_only,ตำบลแม่คะ,อำเภอฝาง,337.0,229.0,218.0,3.0,8.0,100,100.0
อำเภอฝาง/ตำบลแม่คะ/หน่วยเลือกตั้งที่ 3/สส. 5ทับ18 (บช).pdf,บัญชีรายชื่อ,True,33,33,,3,numeric_only,3.0,3,,,numeric_only,ตำบลแม่คะ,อำเภอฝาง,317.0,229.0,218.0,15.0,8.0,100,100.0
อำเภอฝาง/ตำบลแม่คะ/หน่วยเลือกตั้งที่ 17/สส. 5ทับ18.pdf,แบ่งเขต,False,17,17,,17,numeric_only,15.0,15,,,numeric_only,ตำบลแม่คะ,อำเภอฝาง,323.0,219.0,203.0,13.0,3.0,100,100.0
อำเภอฝาง/ตำบลแม่คะ/หน่วยเลือกตั้งที่ 17/สส. 5ทับ18 (บช).pdf,บัญชีรายชื่อ,True,17,17,,17,numeric_only,19.0,19,,,numeric_only,ตำบลแม่คะ,อำเภอฝาง,323.0,219.0,203.0,16.0,0.0,100,100.0
อำเภอฝาง/ตำบลแม่คะ/หน่วยเลือกตั้งที่ 16/สส. 5ทับ18.pdf,แบ่งเขต,False,16,16,,16,numeric_only,14.0,14,,,numeric_only,ตำบลแม่คะ,อำเภอฝาง,731.0,423.0,381.0,36.0,6.0,100,100.0
อำเภอฝาง/ตำบลแม่คะ/หน่วยเลือกตั้งที่ 16/สส. 5ทับ18 (บช).pdf,บัญชีรายชื่อ,True,16,16,,16,numeric_only,14.0,14,,,numeric_only,ตำบลแม่คะ,อำเภอฝาง,731.0,731.0,372.0,45.0,6.0,100,100.0
อำเภอฝาง/ตำบลแม่คะ/หน่วยเลือกตั้งที่ 2/สส. 5ทับ18.pdf,แบ่งเขต,False,2,2,,2,numeric_only,2.0,2,,,numeric_only,ตำบลแม่คะ,อำเภอฝาง,655.0,466.0,436.0,7.0,23.0,100,100.0
อำเภอฝาง/ตำบลแม่คะ/หน่วยเลือกตั้งที่ 2/สส. 5ทับ18 (บช).pdf,บัญชีรายชื่อ,True,2,2,,2,numeric_only,2.0,2,,,numeric_only,ตำบลแม่คะ,อำเภอฝาง,655.0,466.0,418.0,24.0,24.0,100,100.0
อำเภอฝาง/ตำบลแม่คะ/หน่วยเลือกตั้งที่ 15/สส. 5ทับ18.pdf,แบ่งเขต,False,8,8,แปด,15,numeric_text_agree,3.0,3,สาม,,numeric_text_agree,ตำบลแม่คะ,อำเภอฝาง,360.0,360.0,258.0,4.0,5.0,100,100.0
อำเภอฝาง/ตำบลแม่คะ/หน่วยเลือกตั้งที่ 15/สส. 5ทับ18 (บช).pdf,บัญชีรายชื่อ,True,15,15,,15,numeric_only,13.0,13,,,numeric_only,ตำบลแม่คะ,อำเภอฝาง,370.0,370.0,,,,100,100.0
อำเภอฝาง/ตำบลแม่คะ/หน่วยเลือกตั้งที่ 14/สส. 5ทับ18.pdf,แบ่งเขต,False,14,14,,14,numeric_only,12.0,12,,,numeric_only,ตำบลแม่คะ,อำเภอฝาง,241.0,206.0,197.0,7.0,2.0,100,100.0
อำเภอฝาง/ตำบลแม่คะ/หน่วยเลือกตั้งที่ 14/สส. 5ทับ18 (บช).pdf,บัญชีรายชื่อ,True,14,14,,14,numeric_only,12.0,12,,,numeric_only,ตำบลแม่คะ,อำเภอฝาง,241.0,206.0,192.0,11.0,3.0,100,100.0
อำเภอฝาง/ตำบลแม่คะ/หน่วยเลือกตั้งที่ 12/สส. 5ทับ18.pdf,แบ่งเขต,False,12,12,,12,numeric_only,10.0,10,,,numeric_only,ตำบลแม่คะ,อำเภอฝาง,481.0,394.0,364.0,18.0,15.0,100,100.0
อำเภอฝาง/ตำบลแม่คะ/หน่วยเลือกตั้งที่ 12/สส. 5ทับ18 (บช).pdf,บัญชีรายชื่อ,True,12,12,,12,numeric_only,10.0,10,,,numeric_only,ตำบลแม่คะ,อำเภอฝาง,481.0,394.0,354.0,21.0,19.0,100,100.0
อำเภอฝาง/ตำบลแม่คะ/หน่วยเลือกตั้งที่ 11/สส. 5ทับ18.pdf,แบ่งเขต,False,11,11,,11,numeric_only,9.0,9,,,numeric_only,ตำบลแม่คะ,อำเภอฝาง,706.0,479.0,414.0,58.0,7.0,100,100.0
อำเภอฝาง/ตำบลแม่คะ/หน่วยเลือกตั้งที่ 11/สส. 5ทับ18 (บช).pdf,บัญชีรายชื่อ,True,11,11,,11,numeric_only,9.0,9,,,numeric_only,ตำบลแม่คะ,อำเภอฝาง,706.0,479.0,418.0,55.0,6.0,100,100.0
อำเภอฝาง/ตำบลแม่คะ/หน่วยเลือกตั้งที่ 1/สส. 5ทับ18.pdf,แบ่งเขต,False,1,1,,1,numeric_only,1.0,1,,,numeric_only,ตำบลแม่คะ,อำเภอฝาง,713.0,550.0,503.0,21.0,26.0,100,100.0
อำเภอฝาง/ตำบลแม่คะ/หน่วยเลือกตั้งที่ 1/สส. 5ทับ18 (บช).pdf,บัญชีรายชื่อ,True,1,1,,1,numeric_only,1.0,1,,,numeric_only,ตำบลแม่คะ,อำเภอฝาง,713.0,550.0,499.0,30.0,21.0,100,100.0
อำเภอฝาง/ตำบลแม่คะ/หน่วยเลือกตั้งที่ 10/สส. 5ทับ18.pdf,แบ่งเขต,False,10,10,,10,numeric_only,9.0,9,,,numeric_only,ตำบลแม่คะ,อำเภอฝาง,706.0,493.0,428.0,58.0,7.0,100,100.0
อำเภอฝาง/ตำบลแม่คะ/หน่วยเลือกตั้งที่ 10/สส. 5ทับ18 (บช).pdf,บัญชีรายชื่อ,True,10,10,,10,numeric_only,9.0,9,,,numeric_only,ตำบลแม่คะ,อำเภอฝาง,706.0,493.0,422.0,66.0,5.0,100,100.0
อำเภอฝาง/ตำบลแม่คะ/หน่วยเลือกตั้งที่ 13/สส. 5ทับ18.pdf,แบ่งเขต,False,13,13,,13,numeric_only,11.0,11,,,numeric_only,ตำบลแม่คะ,อำเภอฝาง,584.0,430.0,395.0,22.0,13.0,100,100.0
อำเภอฝาง/ตำบลแม่คะ/หน่วยเลือกตั้งที่ 13/สส. 5ทับ18 (บช).pdf,บัญชีรายชื่อ,True,12,12,,13,numeric_only,11.0,11,,,numeric_only,ตำบลแม่คะ,อำเภอฝาง,587.0,430.0,389.0,29.0,12.0,100,100.0
อำเภอฝาง/ตำบลม่อนปิ่น/หน่วยเลือกตั้งที่ 8/สส. 5ทับ18.pdf,แบ่งเขต,False,8,8,,8,numeric_only,7.0,7,,,numeric_only,ตำบลม่อนปิ่น,อำเภอฝาง,332.0,218.0,210.0,4.0,4.0,100,100.0
อำเภอฝาง/ตำบลม่อนปิ่น/หน่วยเลือกตั้งที่ 8/สส. 5ทับ18 (บช).pdf,บัญชีรายชื่อ,True,8,8,,8,numeric_only,7.0,7,,,numeric_only,ตำบลม่อนปิ่น,อำเภอฝาง,332.0,218.0,203.0,7.0,8.0,100,100.0
อำเภอฝาง/ตำบลม่อนปิ่น/หน่วยเลือกตั้งที่ 6/สส. 5ทับ18.pdf,แบ่งเขต,False,6,6,,6,numeric_only,5.0,5,,,numeric_only,ตำบลม่อนปิ่น,อำเภอฝาง,477.0,220.0,206.0,5.0,9.0,100,100.0
อำเภอฝาง/ตำบลม่อนปิ่น/หน่วยเลือกตั้งที่ 6/สส. 5ทับ18 (บช).pdf,บัญชีรายชื่อ,True,6,6,,6,numeric_only,5.0,5,,,numeric_only,ตำบลม่อนปิ่น,อำเภอฝาง,477.0,220.0,209.0,4.0,7.0,100,100.0
อำเภอฝาง/ตำบลม่อนปิ่น/หน่วยเลือกตั้งที่ 5/สส. 5ทับ18.pdf,แบ่งเขต,False,5,5,,5,numeric_only,5.0,5,,,numeric_only,ตำบลม่อนปิ่น,อำเภอฝาง,462.0,299.0,284.0,6.0,9.0,100,100.0
อำเภอฝาง/ตำบลม่อนปิ่น/หน่วยเลือกตั้งที่ 5/สส. 5ทับ18 (บช).pdf,บัญชีรายชื่อ,True,5,5,,5,numeric_only,5.0,5,,,numeric_only,ตำบลม่อนปิ่น,อำเภอฝาง,462.0,299.0,279.0,8.0,12.0,100,100.0
อำเภอฝาง/ตำบลม่อนปิ่น/หน่วยเลือกตั้งที่ 7/สส. 5ทับ18.pdf,แบ่งเขต,False,7,7,,7,numeric_only,6.0,6,,,numeric_only,ตำบลม่อนปิ่น,อำเภอฝาง,425.0,314.0,298.0,8.0,8.0,100,100.0
อำเภอฝาง/ตำบลม่อนปิ่น/หน่วยเลือกตั้งที่ 7/สส. 5ทับ18 (บช).pdf,บัญชีรายชื่อ,True,7,7,,7,numeric_only,6.0,6,,,numeric_only,ตำบลม่อนปิ่น,อำเภอฝาง,425.0,314.0,288.0,14.0,12.0,100,100.0
อำเภอฝาง/ตำบลม่อนปิ่น/หน่วยเลือกตั้งที่ 9/สส. 5ทับ18.pdf,แบ่งเขต,False,1,1,,9,numeric_only,5.0,5,,,numeric_only,ตำบลม่อนปิ่น,อำเภอฝาง,356.0,286.0,271.0,4.0,11.0,100,100.0
อำเภอฝาง/ตำบลม่อนปิ่น/หน่วยเลือกตั้งที่ 9/สส. 5ทับ18 (บช).pdf,บัญชีรายชื่อ,True,1,1,,9,numeric_only,8.0,8,,,numeric_only,ตำบลม่อนปิ่น,อำเภอฝาง,356.0,286.0,266.0,8.0,12.0,100,100.0
อำเภอฝาง/ตำบลม่อนปิ่น/หน่วยเลือกตั้งที่ 20/สส. 5ทับ18.pdf,แบ่งเขต,False,20,20,,20,numeric_only,16.0,16,,,numeric_only,ตำบลม่อนปิ่น,อำเภอฝาง,264.0,188.0,176.0,10.0,2.0,100,100.0
อำเภอฝาง/ตำบลม่อนปิ่น/หน่วยเลือกตั้งที่ 20/สส. 5ทับ18 (บช).pdf,บัญชีรายชื่อ,True,20,20,,20,numeric_only,16.0,16,,,numeric_only,ตำบลม่อนปิ่น,อำเภอฝาง,264.0,188.0,176.0,10.0,2.0,100,100.0
อำเภอฝาง/ตำบลม่อนปิ่น/หน่วยเลือกตั้งที่ 3/สส. 5ทับ18.pdf,แบ่งเขต,False,3,3,,3,numeric_only,3.0,3,,,numeric_only,ตำบลม่อนปิ่น,อำเภอฝาง,636.0,455.0,442.0,9.0,4.0,100,100.0
อำเภอฝาง/ตำบลม่อนปิ่น/หน่วยเลือกตั้งที่ 3/สส. 5ทับ18 (บช).pdf,บัญชีรายชื่อ,True,3,3,,3,numeric_only,3.0,3,,,numeric_only,ตำบลม่อนปิ่น,อำเภอฝาง,636.0,455.0,423.0,17.0,15.0,100,100.0
อำเภอฝาง/ตำบลม่อนปิ่น/หน่วยเลือกตั้งที่ 4/สส. 5ทับ18.pdf,แบ่งเขต,False,4,4,,4,numeric_only,4.0,4,,,numeric_only,ตำบลม่อนปิ่น,อำเภอฝาง,187.0,135.0,130.0,3.0,2.0,100,100.0
อำเภอฝาง/ตำบลม่อนปิ่น/หน่วยเลือกตั้งที่ 4/สส. 5ทับ18 (บช).pdf,บัญชีรายชื่อ,True,4,4,,4,numeric_only,4.0,4,,,numeric_only,ตำบลม่อนปิ่น,อำเภอฝาง,187.0,135.0,126.0,6.0,3.0,100,100.0
อำเภอฝาง/ตำบลม่อนปิ่น/หน่วยเลือกตั้งที่ 17/สส. 5ทับ18.pdf,แบ่งเขต,False,17,17,,17,numeric_only,14.0,14,,,numeric_only,ตำบลม่อนปิ่น,อำเภอฝาง,662.0,499.0,470.0,26.0,3.0,100,100.0
อำเภอฝาง/ตำบลม่อนปิ่น/หน่วยเลือกตั้งที่ 17/สส. 5ทับ18 (บช).pdf,บัญชีรายชื่อ,True,17,17,,17,numeric_only,14.0,14,,,numeric_only,ตำบลม่อนปิ่น,อำเภอฝาง,662.0,499.0,471.0,26.0,2.0,100,100.0
อำเภอฝาง/ตำบลม่อนปิ่น/หน่วยเลือกตั้งที่ 16/สส. 5ทับ18.pdf,แบ่งเขต,False,16,16,,16,numeric_only,13.0,13,,,numeric_only,ตำบลม่อนปิ่น,อำเภอฝาง,245.0,192.0,176.0,10.0,6.0,100,100.0
อำเภอฝาง/ตำบลม่อนปิ่น/หน่วยเลือกตั้งที่ 16/สส. 5ทับ18 (บช).pdf,บัญชีรายชื่อ,True,16,16,,16,numeric_only,13.0,13,,,numeric_only,ตำบลม่อนปิ่น,อำเภอฝาง,245.0,192.0,180.0,6.0,6.0,100,100.0
อำเภอฝาง/ตำบลม่อนปิ่น/หน่วยเลือกตั้งที่ 14/สส. 5ทับ18.pdf,แบ่งเขต,False,14,14,,14,numeric_only,11.0,11,,,numeric_only,ตำบลม่อนปิ่น,อำเภอฝาง,657.0,433.0,397.0,35.0,1.0,100,100.0
อำเภอฝาง/ตำบลม่อนปิ่น/หน่วยเลือกตั้งที่ 14/สส. 5ทับ18 (บช).pdf,บัญชีรายชื่อ,True,14,14,,14,numeric_only,11.0,11,,,numeric_only,ตำบลม่อนปิ่น,อำเภอฝาง,667.0,433.0,403.0,29.0,1.0,100,100.0
อำเภอฝาง/ตำบลม่อนปิ่น/หน่วยเลือกตั้งที่ 18/สส. 5ทับ18.pdf,แบ่งเขต,False,19,19,,18,numeric_only,15.0,15,,,numeric_only,ตำบลม่อนปิ่น,อำเภอฝาง,528.0,300.0,283.0,17.0,,100,100.0
อำเภอฝาง/ตำบลม่อนปิ่น/หน่วยเลือกตั้งที่ 18/สส. 5ทับ18 (บช).pdf,บัญชีรายชื่อ,True,18,18,,18,numeric_only,15.0,15,,,numeric_only,ตำบลม่อนปิ่น,อำเภอฝาง,528.0,300.0,279.0,21.0,,100,100.0
อำเภอฝาง/ตำบลม่อนปิ่น/หน่วยเลือกตั้งที่ 15/สส. 5ทับ18.pdf,แบ่งเขต,False,15,15,,15,numeric_only,12.0,12,,,numeric_only,ตำบลม่อนปิ่น,อำเภอฝาง,461.0,351.0,332.0,5.0,12.0,100,100.0
อำเภอฝาง/ตำบลม่อนปิ่น/หน่วยเลือกตั้งที่ 15/สส. 5ทับ18 (บช).pdf,บัญชีรายชื่อ,True,15,15,,15,numeric_only,12.0,12,,,numeric_only,ตำบลม่อนปิ่น,อำเภอฝาง,461.0,351.0,328.0,11.0,12.0,100,100.0
อำเภอฝาง/ตำบลม่อนปิ่น/หน่วยเลือกตั้งที่ 12/สส. 5ทับ18.pdf,แบ่งเขต,False,12,12,,12,numeric_only,10.0,10,,,numeric_only,ตำบลม่อนปิ่น,อำเภอฝาง,463.0,319.0,279.0,26.0,14.0,100,100.0
อำเภอฝาง/ตำบลม่อนปิ่น/หน่วยเลือกตั้งที่ 12/สส. 5ทับ18 (บช).pdf,บัญชีรายชื่อ,True,12,12,,12,numeric_only,10.0,10,,,numeric_only,ตำบลม่อนปิ่น,อำเภอฝาง,463.0,319.0,276.0,28.0,15.0,100,100.0
อำเภอฝาง/ตำบลม่อนปิ่น/หน่วยเลือกตั้งที่ 11/สส. 5ทับ18.pdf,แบ่งเขต,False,11,11,,11,numeric_only,9.0,9,,,numeric_only,ตำบลม่อนปิ่น,อำเภอฝาง,429.0,273.0,262.0,6.0,5.0,100,100.0
อำเภอฝาง/ตำบลม่อนปิ่น/หน่วยเลือกตั้งที่ 11/สส. 5ทับ18 (บช).pdf,บัญชีรายชื่อ,True,11,11,,11,numeric_only,1.0,1,,,numeric_only,ตำบลม่อนปิ่น,อำเภอฝาง,429.0,273.0,262.0,6.0,5.0,100,100.0
อำเภอฝาง/ตำบลม่อนปิ่น/หน่วยเลือกตั้งที่ 10/สส. 5ทับ18.pdf,แบ่งเขต,False,10,10,,10,numeric_only,9.0,9,,,numeric_only,ตำบลม่อนปิ่น,อำเภอฝาง,432.0,290.0,268.0,8.0,14.0,100,100.0
อำเภอฝาง/ตำบลม่อนปิ่น/หน่วยเลือกตั้งที่ 10/สส. 5ทับ18 (บช).pdf,บัญชีรายชื่อ,True,10,10,,10,numeric_only,9.0,9,,,numeric_only,ตำบลม่อนปิ่น,อำเภอฝาง,432.0,290.0,277.0,5.0,8.0,100,100.0
อำเภอฝาง/ตำบลม่อนปิ่น/หน่วยเลือกตั้งที่ 1/สส. 5ทับ18.pdf,แบ่งเขต,False,1,1,,1,numeric_only,1.0,1,,,numeric_only,ตำบลม่อนปิ่น,อำเภอฝาง,527.0,385.0,361.0,12.0,12.0,100,100.0
อำเภอฝาง/ตำบลม่อนปิ่น/หน่วยเลือกตั้งที่ 1/สส. 5ทับ18 (บช).pdf,บัญชีรายชื่อ,True,1,1,,1,numeric_only,1.0,1,,,numeric_only,ตำบลม่อนปิ่น,อำเภอฝาง,527.0,385.0,346.0,22.0,17.0,100,100.0
อำเภอฝาง/ตำบลม่อนปิ่น/หน่วยเลือกตั้งที่ 13/สส. 5ทับ18.pdf,แบ่งเขต,False,13,13,,13,numeric_only,10.0,10,,,numeric_only,ตำบลม่อนปิ่น,อำเภอฝาง,464.0,364.0,330.0,21.0,3.0,100,100.0
อำเภอฝาง/ตำบลม่อนปิ่น/หน่วยเลือกตั้งที่ 13/สส. 5ทับ18 (บช).pdf,บัญชีรายชื่อ,True,13,13,,13,numeric_only,10.0,10,,,numeric_only,ตำบลม่อนปิ่น,อำเภอฝาง,460.0,364.0,324.0,38.0,2.0,100,100.0
อำเภอฝาง/ตำบลแม่ข่า/หน่วยเลือกตั้งที่ 9/สส. 5 ทับ 18.pdf,แบ่งเขต,False,1,1,,9,numeric_only,111.0,"1,11",,,numeric_only,ตำบลแม่ข่า,อำเภอฝาง,380.0,294.0,279.0,9.0,6.0,100,100.0
อำเภอฝาง/ตำบลแม่ข่า/หน่วยเลือกตั้งที่ 9/สส. 5ทับ18 (บช).pdf,บัญชีรายชื่อ,True,9,9,,9,numeric_only,11.0,11,,,numeric_only,ตำบลแม่ข่า,อำเภอฝาง,380.0,294.0,269.0,16.0,9.0,100,100.0
อำเภอฝาง/ตำบลแม่ข่า/หน่วยเลือกตั้งที่ 6/สส. 5 ทับ 18.pdf,แบ่งเขต,False,6,6,,6,numeric_only,,,,,missing,ตำบลแม่ข่า,อำเภอฝาง,,,,,,100,100.0
อำเภอฝาง/ตำบลแม่ข่า/หน่วยเลือกตั้งที่ 6/สส. 5ทับ18 (บช).pdf,บัญชีรายชื่อ,True,4,4,,6,numeric_only,8.0,8,,,numeric_only,ตำบลแม่ข่า,อำเภอฝาง,606.0,446.0,387.0,55.0,4.0,100,100.0
อำเภอฝาง/ตำบลแม่ข่า/หน่วยเลือกตั้งที่ 5/สส. 5 ทับ 18.pdf,แบ่งเขต,False,5,5,,5,numeric_only,7.0,7,,,numeric_only,ตำบลแม่ข่า,อำเภอฝาง,480.0,334.0,309.0,13.0,12.0,100,100.0
อำเภอฝาง/ตำบลแม่ข่า/หน่วยเลือกตั้งที่ 5/สส. 5ทับ18 (บช).pdf,บัญชีรายชื่อ,True,5,5,,5,numeric_only,7.0,7,,,numeric_only,ตำบลแม่ข่า,อำเภอฝาง,430.0,334.0,293.0,26.0,15.0,100,100.0
อำเภอฝาง/ตำบลแม่ข่า/หน่วยเลือกตั้งที่ 8/สส. 5 ทับ 18.pdf,แบ่งเขต,False,8,8,,8,numeric_only,10.0,10,,,numeric_only,ตำบลแม่ข่า,อำเภอฝาง,576.0,465.0,425.0,23.0,17.0,100,100.0
อำเภอฝาง/ตำบลแม่ข่า/หน่วยเลือกตั้งที่ 8/สส. 5ทับ18 (บช).pdf,บัญชีรายชื่อ,True,9,9,,8,numeric_only,10.0,10,,,numeric_only,ตำบลแม่ข่า,อำเภอฝาง,576.0,469.0,422.0,26.0,17.0,100,100.0
อำเภอฝาง/ตำบลแม่ข่า/หน่วยเลือกตั้งที่ 7/สส. 5 ทับ 18.pdf,แบ่งเขต,False,7,7,,7,numeric_only,8.0,8,,,numeric_only,ตำบลแม่ข่า,อำเภอฝาง,322.0,288.0,233.0,10.0,11.0,100,100.0
อำเภอฝาง/ตำบลแม่ข่า/หน่วยเลือกตั้งที่ 7/สส. 5ทับ18 (บช).pdf,บัญชีรายชื่อ,True,7,7,,7,numeric_only,8.0,8,,,numeric_only,ตำบลแม่ข่า,อำเภอฝาง,322.0,254.0,233.0,18.0,3.0,100,100.0
อำเภอฝาง/ตำบลแม่ข่า/หน่วยเลือกตั้งที่ 2/สส. 5ทับ18.pdf,แบ่งเขต,False,1,1,,2,numeric_only,3.0,3,,,numeric_only,ตำบลแม่ข่า,อำเภอฝาง,675.0,507.0,463.0,27.0,17.0,100,100.0
อำเภอฝาง/ตำบลแม่ข่า/หน่วยเลือกตั้งที่ 2/สส. 5ทับ18 (บช).pdf,บัญชีรายชื่อ,True,2,2,,2,numeric_only,3.0,3,,,numeric_only,ตำบลแม่ข่า,อำเภอฝาง,675.0,507.0,448.0,37.0,22.0,100,100.0
อำเภอฝาง/ตำบลแม่ข่า/หน่วยเลือกตั้งที่ 10/สส. 5 ทับ 18.pdf,แบ่งเขต,False,10,10,,10,numeric_only,12.0,12,,,numeric_only,ตำบลแม่ข่า,อำเภอฝาง,459.0,348.0,319.0,18.0,11.0,100,100.0
อำเภอฝาง/ตำบลแม่ข่า/หน่วยเลือกตั้งที่ 10/สส. 5ทับ18 (บช).pdf,บัญชีรายชื่อ,True,10,10,,10,numeric_only,12.0,12,,,numeric_only,ตำบลแม่ข่า,อำเภอฝาง,459.0,348.0,316.0,13.0,19.0,100,100.0
อำเภอฝาง/ตำบลแม่ข่า/หน่วยเลือกตั้งที่ 3/สส. 5 ทับ 18.pdf,แบ่งเขต,False,8,8,,3,numeric_only,45.0,"4,5",,,numeric_only,ตำบลแม่ข่า,อำเภอฝาง,470.0,333.0,294.0,18.0,21.0,100,100.0
อำเภอฝาง/ตำบลแม่ข่า/หน่วยเลือกตั้งที่ 3/สส. 5ทับ18 (บช).pdf,บัญชีรายชื่อ,True,8,8,,3,numeric_only,45.0,"4,5",,,numeric_only,ตำบลแม่ข่า,อำเภอฝาง,420.0,293.0,299.0,29.0,15.0,100,100.0
อำเภอฝาง/ตำบลแม่ข่า/หน่วยเลือกตั้งที่ 4/สส. 5 ทับ 18.pdf,แบ่งเขต,False,4,4,,4,numeric_only,6.0,6,,,numeric_only,ตำบลแม่ข่า,อำเภอฝาง,742.0,585.0,538.0,28.0,19.0,100,100.0
อำเภอฝาง/ตำบลแม่ข่า/หน่วยเลือกตั้งที่ 4/สส. 5ทับ18 (บช).pdf,บัญชีรายชื่อ,True,4,4,,4,numeric_only,6.0,6,,,numeric_only,ตำบลแม่ข่า,อำเภอฝาง,742.0,585.0,520.0,47.0,18.0,100,100.0
อำเภอฝาง/ตำบลแม่ข่า/หน่วยเลือกตั้งที่ 11/สส. 5 ทับ 18.pdf,แบ่งเขต,False,11,11,,11,numeric_only,13.0,13,,,numeric_only,ตำบลแม่ข่า,อำเภอฝาง,358.0,251.0,216.0,22.0,13.0,100,100.0
อำเภอฝาง/ตำบลแม่ข่า/หน่วยเลือกตั้งที่ 11/สส. 5ทับ18 (บช).pdf,บัญชีรายชื่อ,True,11,11,,11,numeric_only,13.0,13,,,numeric_only,ตำบลแม่ข่า,อำเภอฝาง,358.0,251.0,219.0,22.0,10.0,100,100.0
อำเภอฝาง/ตำบลแม่ข่า/หน่วยเลือกตั้งที่ 1/สส. 5 ทับ 18.pdf,แบ่งเขต,False,1,1,,1,numeric_only,2.0,2,,,numeric_only,ตำบลแม่ข่า,อำเภอฝาง,411.0,304.0,263.0,26.0,15.0,100,100.0
อำเภอฝาง/ตำบลแม่ข่า/หน่วยเลือกตั้งที่ 1/สส. 5ทับ18 (บช).pdf,บัญชีรายชื่อ,True,9,9,,1,numeric_only,10.0,10,,,numeric_only,ตำบลแม่ข่า,อำเภอฝาง,411.0,304.0,260.0,30.0,14.0,100,100.0
อำเภอฝาง/ตำบลสันทราย/หน่วยเลือกตั้งที่ 9/ส.ส. 5 ทับ 18.pdf,แบ่งเขต,False,9,9,,9,numeric_only,8.0,8,,,numeric_only,ตำบลสันทราย,อำเภอฝาง,615.0,499.0,462.0,13.0,24.0,100,100.0
อำเภอฝาง/ตำบลสันทราย/หน่วยเลือกตั้งที่ 9/ส.ส.5-18 (บช) สันทราย หน่วยที่ 9.pdf,บัญชีรายชื่อ,True,9,9,,9,numeric_only,8.0,8,,,numeric_only,ตำบลสันทราย,อำเภอฝาง,615.0,499.0,451.0,27.0,21.0,100,100.0
อำเภอฝาง/ตำบลสันทราย/หน่วยเลือกตั้งที่ 8/ส.ส. 5 ทับ 18.pdf,แบ่งเขต,False,8,8,,8,numeric_only,5.0,5,,,numeric_only,ตำบลสันทราย,อำเภอฝาง,756.0,535.0,507.0,13.0,15.0,100,100.0
อำเภอฝาง/ตำบลสันทราย/หน่วยเลือกตั้งที่ 8/ส.ส.5-18 (บช) สันทราย หน่วยที่ 8.pdf,บัญชีรายชื่อ,True,8,8,,8,numeric_only,8.0,8,,,numeric_only,ตำบลสันทราย,อำเภอฝาง,756.0,535.0,503.0,19.0,13.0,100,100.0
อำเภอฝาง/ตำบลสันทราย/หน่วยเลือกตั้งที่ 6/ส.ส. 5 ทับ 18.pdf,แบ่งเขต,False,6,6,,6,numeric_only,5.0,5,,,numeric_only,ตำบลสันทราย,อำเภอฝาง,418.0,284.0,262.0,16.0,6.0,100,100.0
อำเภอฝาง/ตำบลสันทราย/หน่วยเลือกตั้งที่ 6/ส.ส.5-18 (บช) สันทราย หน่วยที่ 6.pdf,บัญชีรายชื่อ,True,8,8,แปด,6,numeric_text_agree,5.0,5,ห้า,,numeric_text_agree,ตำบลสันทราย,อำเภอฝาง,418.0,264.0,253.0,28.0,3.0,100,100.0
อำเภอฝาง/ตำบลสันทราย/หน่วยเลือกตั้งที่ 7/ส.ส. 5 ทับ 18.pdf,แบ่งเขต,False,7,7,,7,numeric_only,4.0,4,,,numeric_only,ตำบลสันทราย,อำเภอฝาง,317.0,242.0,233.0,6.0,3.0,100,100.0
อำเภอฝาง/ตำบลสันทราย/หน่วยเลือกตั้งที่ 7/ส.ส.5-18 (บช) สันทราย หน่วยที่ 7.pdf,บัญชีรายชื่อ,True,7,7,,7,numeric_only,2.0,2,,,numeric_only,ตำบลสันทราย,อำเภอฝาง,317.0,242.0,229.0,8.0,5.0,100,100.0
อำเภอฝาง/ตำบลสันทราย/หน่วยเลือกตั้งที่ 3/ส.ส. 5 ทับ 18.pdf,แบ่งเขต,False,3,3,,3,numeric_only,3.0,3,,,numeric_only,ตำบลสันทราย,อำเภอฝาง,548.0,425.0,396.0,23.0,13.0,100,100.0
อำเภอฝาง/ตำบลสันทราย/หน่วยเลือกตั้งที่ 3/ส.ส.5-18 (บช) สันทราย หน่วยที่ 3.pdf,บัญชีรายชื่อ,True,3,3,,3,numeric_only,3.0,3,,,numeric_only,ตำบลสันทราย,อำเภอฝาง,548.0,425.0,239.0,23.0,13.0,100,100.0
อำเภอฝาง/ตำบลสันทราย/หน่วยเลือกตั้งที่ 18/ส.ส. 5 ทับ 18.pdf,แบ่งเขต,False,18,18,,18,numeric_only,19.0,19,,,numeric_only,ตำบลสันทราย,อำเภอฝาง,340.0,294.0,246.0,19.0,19.0,100,100.0
อำเภอฝาง/ตำบลสันทราย/หน่วยเลือกตั้งที่ 18/ส.ส.5-18 (บช) สันทราย หน่วยที่ 18.pdf,บัญชีรายชื่อ,True,18,18,,18,numeric_only,,,,,missing,ตำบลสันทราย,อำเภอฝาง,,,246.0,,,100,100.0
อำเภอฝาง/ตำบลสันทราย/หน่วยเลือกตั้งที่ 5/ส.ส. 5 ทับ 18.pdf,แบ่งเขต,False,4,4,,5,numeric_only,4.0,4,,,numeric_only,ตำบลสันทราย,อำเภอฝาง,478.0,308.0,288.0,18.0,10.0,100,100.0
อำเภอฝาง/ตำบลสันทราย/หน่วยเลือกตั้งที่ 5/ส.ส.5-18 (บช) สันทราย หน่วยที่ 5.pdf,บัญชีรายชื่อ,True,4,4,,5,numeric_only,4.0,4,,,numeric_only,ตำบลสันทราย,อำเภอฝาง,578.0,308.0,288.0,33.0,11.0,100,100.0
อำเภอฝาง/ตำบลสันทราย/หน่วยเลือกตั้งที่ 4/ส.ส. 5 ทับ 18.pdf,แบ่งเขต,False,4,4,,4,numeric_only,4.0,4,,,numeric_only,ตำบลสันทราย,อำเภอฝาง,629.0,491.0,447.0,30.0,14.0,100,100.0
อำเภอฝาง/ตำบลสันทราย/หน่วยเลือกตั้งที่ 4/ส.ส.5-18 (บช) สันทราย หน่วยที่ 4.pdf,บัญชีรายชื่อ,True,4,4,,4,numeric_only,4.0,4,,,numeric_only,ตำบลสันทราย,อำเภอฝาง,621.0,491.0,442.0,35.0,14.0,100,100.0
อำเภอฝาง/ตำบลสันทราย/หน่วยเลือกตั้งที่ 2/ส.ส. 5 ทับ 18.pdf,แบ่งเขต,False,2,2,,2,numeric_only,2.0,2,,,numeric_only,ตำบลสันทราย,อำเภอฝาง,378.0,290.0,254.0,20.0,16.0,100,100.0
อำเภอฝาง/ตำบลสันทราย/หน่วยเลือกตั้งที่ 2/ส.ส.5-18 (บช) สันทราย หน่วยที่ 2.pdf,บัญชีรายชื่อ,True,2,2,,2,numeric_only,2.0,2,,,numeric_only,ตำบลสันทราย,อำเภอฝาง,378.0,290.0,255.0,22.0,13.0,100,100.0
อำเภอฝาง/ตำบลสันทราย/หน่วยเลือกตั้งที่ 14/ส.ส. 5 ทับ 18.pdf,แบ่งเขต,False,14,14,,14,numeric_only,13.0,13,,,numeric_only,ตำบลสันทราย,อำเภอฝาง,661.0,438.0,389.0,16.0,33.0,100,100.0
อำเภอฝาง/ตำบลสันทราย/หน่วยเลือกตั้งที่ 14/ส.ส.5-18 (บช) สันทราย หน่วยที่ 14.pdf,บัญชีรายชื่อ,True,14,14,,14,numeric_only,13.0,13,,,numeric_only,ตำบลสันทราย,อำเภอฝาง,661.0,438.0,376.0,29.0,33.0,100,100.0
อำเภอฝาง/ตำบลสันทราย/หน่วยเลือกตั้งที่ 15/ส.ส. 5 ทับ 18.pdf,แบ่งเขต,False,15,15,,15,numeric_only,14.0,14,,,numeric_only,ตำบลสันทราย,อำเภอฝาง,388.0,286.0,271.0,10.0,5.0,100,100.0
อำเภอฝาง/ตำบลสันทราย/หน่วยเลือกตั้งที่ 15/ส.ส.5-18 (บช) สันทราย หน่วยที่ 15.pdf,บัญชีรายชื่อ,True,15,15,,15,numeric_only,,,,,missing,ตำบลสันทราย,อำเภอฝาง,388.0,286.0,264.0,16.0,6.0,100,100.0
อำเภอฝาง/ตำบลสันทราย/หน่วยเลือกตั้งที่ 17/ส.ส. 5 ทับ 18.pdf,แบ่งเขต,False,17,17,,17,numeric_only,16.0,16,,,numeric_only,ตำบลสันทราย,อำเภอฝาง,630.0,454.0,413.0,23.0,18.0,100,100.0
อำเภอฝาง/ตำบลสันทราย/หน่วยเลือกตั้งที่ 17/ส.ส.5-18 (บช) สันทราย หน่วยที่ 17.pdf,บัญชีรายชื่อ,True,17,17,,17,numeric_only,16.0,16,,,numeric_only,ตำบลสันทราย,อำเภอฝาง,630.0,454.0,395.0,47.0,12.0,100,100.0
อำเภอฝาง/ตำบลสันทราย/หน่วยเลือกตั้งที่ 16/ส.ส.5-18 (บช) สันทราย หน่วยที่ 16.pdf,บัญชีรายชื่อ,True,16,16,,16,numeric_only,15.0,15,,,numeric_only,ตำบลสันทราย,อำเภอฝาง,405.0,342.0,307.0,25.0,10.0,100,100.0
อำเภอฝาง/ตำบลสันทราย/หน่วยเลือกตั้งที่ 13/ส.ส. 5 ทับ 18.pdf,แบ่งเขต,False,10,10,,13,numeric_only,12.0,12,,,numeric_only,ตำบลสันทราย,อำเภอฝาง,204.0,163.0,146.0,12.0,5.0,100,100.0
อำเภอฝาง/ตำบลสันทราย/หน่วยเลือกตั้งที่ 13/ส.ส.5-18 (บช) สันทราย หน่วยที่ 13.pdf,บัญชีรายชื่อ,True,19,19,,13,numeric_only,12.0,12,,,numeric_only,ตำบลสันทราย,อำเภอฝาง,204.0,163.0,148.0,12.0,3.0,100,100.0
อำเภอฝาง/ตำบลสันทราย/หน่วยเลือกตั้งที่ 10/ส.ส.5-18 (บช) สันทราย หน่วยที่ 10.pdf,บัญชีรายชื่อ,True,10,10,,10,numeric_only,9.0,9,,,numeric_only,ตำบลสันทราย,อำเภอฝาง,414.0,319.0,271.0,36.0,12.0,100,100.0
อำเภอฝาง/ตำบลสันทราย/หน่วยเลือกตั้งที่ 1/ส.ส. 5 ทับ 18.pdf,แบ่งเขต,False,1,1,,1,numeric_only,1.0,1,,,numeric_only,ตำบลสันทราย,อำเภอฝาง,508.0,372.0,349.0,11.0,12.0,100,100.0
อำเภอฝาง/ตำบลสันทราย/หน่วยเลือกตั้งที่ 1/ส.ส.5-18 (บช) สันทราย หน่วยที่ 1.pdf,บัญชีรายชื่อ,True,1,1,,1,numeric_only,1.0,1,,,numeric_only,ตำบลสันทราย,อำเภอฝาง,503.0,372.0,347.0,15.0,10.0,100,100.0
อำเภอฝาง/ตำบลสันทราย/หน่วยเลือกตั้งที่ 12/ส.ส. 5 ทับ 18.pdf,แบ่งเขต,False,12,12,,12,numeric_only,11.0,11,,,numeric_only,ตำบลสันทราย,อำเภอฝาง,617.0,469.0,426.0,16.0,27.0,100,100.0
อำเภอฝาง/ตำบลสันทราย/หน่วยเลือกตั้งที่ 12/ส.ส.5-18 (บช) สันทราย หน่วยที่ 12.pdf,บัญชีรายชื่อ,True,12,12,,12,numeric_only,11.0,11,,,numeric_only,ตำบลสันทราย,อำเภอฝาง,617.0,469.0,402.0,27.0,40.0,100,100.0
อำเภอฝาง/ตำบลสันทราย/หน่วยเลือกตั้งที่ 11/ส.ส. 5 ทับ 18.pdf,แบ่งเขต,False,11,11,,11,numeric_only,10.0,10,,,numeric_only,ตำบลสันทราย,อำเภอฝาง,400.0,297.0,279.0,10.0,8.0,100,100.0
อำเภอฝาง/ตำบลสันทราย/หน่วยเลือกตั้งที่ 11/ส.ส.5-18 (บช) สันทราย หน่วยที่ 11.pdf,บัญชีรายชื่อ,True,11,11,,11,numeric_only,10.0,10,,,numeric_only,ตำบลสันทราย,อำเภอฝาง,400.0,293.0,277.0,9.0,11.0,100,100.0
อำเภอฝาง/ตำบลเวียง/หน่วยเลือกตั้งที่ 8/สส. 5ทับ18.pdf,แบ่งเขต,False,8,8,,8,numeric_only,4.0,4,,,numeric_only,ตำบลเวียง,อำเภอฝาง,233.0,185.0,155.0,3.0,6.0,100,100.0
อำเภอฝาง/ตำบลเวียง/หน่วยเลือกตั้งที่ 8/สส. 5ทับ18 (บช).pdf,บัญชีรายชื่อ,True,18,18,,8,numeric_only,6.0,6,,,numeric_only,ตำบลเวียง,อำเภอฝาง,233.0,189.0,188.0,5.0,5.0,100,100.0
อำเภอฝาง/ตำบลเวียง/หน่วยเลือกตั้งที่ 9/สส. 5ทับ18.pdf,แบ่งเขต,False,9,9,,9,numeric_only,10.0,10,,,numeric_only,ตำบลเวียง,อำเภอฝาง,491.0,260.0,224.0,26.0,10.0,100,100.0
อำเภอฝาง/ตำบลเวียง/หน่วยเลือกตั้งที่ 9/สส. 5ทับ18 (บช).pdf,บัญชีรายชื่อ,True,9,9,,9,numeric_only,10.0,10,,,numeric_only,ตำบลเวียง,อำเภอฝาง,491.0,260.0,224.0,26.0,10.0,100,100.0
อำเภอฝาง/ตำบลเวียง/หน่วยเลือกตั้งที่ 6/สส. 5ทับ18.pdf,แบ่งเขต,False,6,6,,6,numeric_only,7.0,7,,,numeric_only,ตำบลเวียง,อำเภอฝาง,690.0,503.0,470.0,10.0,23.0,100,100.0
อำเภอฝาง/ตำบลเวียง/หน่วยเลือกตั้งที่ 6/สส. 5ทับ18 (บช).pdf,บัญชีรายชื่อ,True,4,4,,6,numeric_only,7.0,7,,,numeric_only,ตำบลเวียง,อำเภอฝาง,690.0,503.0,464.0,14.0,21.0,100,100.0
อำเภอฝาง/ตำบลเวียง/หน่วยเลือกตั้งที่ 7/สส. 5ทับ18.pdf,แบ่งเขต,False,7,7,,7,numeric_only,8.0,8,,,numeric_only,ตำบลเวียง,อำเภอฝาง,629.0,497.0,473.0,11.0,13.0,100,100.0
อำเภอฝาง/ตำบลเวียง/หน่วยเลือกตั้งที่ 7/สส. 5ทับ18 (บช).pdf,บัญชีรายชื่อ,True,7,7,,7,numeric_only,8.0,8,,,numeric_only,ตำบลเวียง,อำเภอฝาง,629.0,497.0,449.0,17.0,21.0,100,100.0
อำเภอฝาง/ตำบลเวียง/หน่วยเลือกตั้งที่ 5/สส. 5ทับ18 (บช).pdf,บัญชีรายชื่อ,True,5,5,,5,numeric_only,6.0,6,,,numeric_only,ตำบลเวียง,อำเภอฝาง,798.0,569.0,534.0,25.0,10.0,100,100.0
อำเภอฝาง/ตำบลเวียง/หน่วยเลือกตั้งที่ 5/สส. 5ทับ18.pdf,แบ่งเขต,False,5,5,,5,numeric_only,6.0,6,,,numeric_only,ตำบลเวียง,อำเภอฝาง,798.0,569.0,548.0,10.0,11.0,100,100.0
อำเภอฝาง/ตำบลเวียง/หน่วยเลือกตั้งที่ 3/สส. 5ทับ18.pdf,แบ่งเขต,False,3,3,,3,numeric_only,5.0,5,,,numeric_only,ตำบลเวียง,อำเภอฝาง,577.0,573.0,372.0,17.0,33.0,100,100.0
อำเภอฝาง/ตำบลเวียง/หน่วยเลือกตั้งที่ 3/สส. 5ทับ18 (บช).pdf,บัญชีรายชื่อ,True,33,33,,3,numeric_only,4.0,4,,,numeric_only,ตำบลเวียง,อำเภอฝาง,587.0,533.0,366.0,23.0,24.0,100,100.0
อำเภอฝาง/ตำบลเวียง/หน่วยเลือกตั้งที่ 21/สส. 5ทับ18.pdf,แบ่งเขต,False,20,20,,21,numeric_only,17.0,17,,,numeric_only,ตำบลเวียง,อำเภอฝาง,463.0,342.0,326.0,10.0,6.0,100,100.0
อำเภอฝาง/ตำบลเวียง/หน่วยเลือกตั้งที่ 21/สส. 5ทับ18 (บช).pdf,บัญชีรายชื่อ,True,32,32,,21,numeric_only,14.0,14,,,numeric_only,ตำบลเวียง,อำเภอฝาง,463.0,342.0,307.0,18.0,17.0,100,100.0
อำเภอฝาง/ตำบลเวียง/หน่วยเลือกตั้งที่ 4/สส. 5ทับ18 (บช).pdf,บัญชีรายชื่อ,True,4,4,,4,numeric_only,25.0,"2,5",,,numeric_only,ตำบลเวียง,อำเภอฝาง,607.0,406.0,380.0,7.0,19.0,100,100.0
อำเภอฝาง/ตำบลเวียง/หน่วยเลือกตั้งที่ 4/สส. 5ทับ18.pdf,แบ่งเขต,False,4,4,,4,numeric_only,2.0,"2, 5",,,numeric_only,ตำบลเวียง,อำเภอฝาง,607.0,406.0,384.0,3.0,19.0,100,100.0
อำเภอฝาง/ตำบลเวียง/หน่วยเลือกตั้งที่ 22/สส. 5ทับ18.pdf,แบ่งเขต,False,22,22,,22,numeric_only,20.0,20,,,numeric_only,ตำบลเวียง,อำเภอฝาง,591.0,432.0,412.0,6.0,14.0,100,100.0
อำเภอฝาง/ตำบลเวียง/หน่วยเลือกตั้งที่ 22/สส. 5ทับ18 (บช).pdf,บัญชีรายชื่อ,True,22,22,,22,numeric_only,20.0,20,,,numeric_only,ตำบลเวียง,อำเภอฝาง,591.0,432.0,402.0,17.0,13.0,100,100.0
อำเภอฝาง/ตำบลเวียง/หน่วยเลือกตั้งที่ 2/สส. 5ทับ18.pdf,แบ่งเขต,False,2,2,,2,numeric_only,3.0,3,,,numeric_only,ตำบลเวียง,อำเภอฝาง,450.0,307.0,276.0,13.0,18.0,100,100.0
อำเภอฝาง/ตำบลเวียง/หน่วยเลือกตั้งที่ 2/สส. 5ทับ18 (บช).pdf,บัญชีรายชื่อ,True,7,7,,2,numeric_only,3.0,3,,,numeric_only,ตำบลเวียง,อำเภอฝาง,450.0,307.0,275.0,14.0,18.0,100,100.0
อำเภอฝาง/ตำบลเวียง/หน่วยเลือกตั้งที่ 20/สส. 5ทับ18.pdf,แบ่งเขต,False,20,20,,20,numeric_only,18.0,18,,,numeric_only,ตำบลเวียง,อำเภอฝาง,472.0,330.0,309.0,4.0,17.0,100,100.0
อำเภอฝาง/ตำบลเวียง/หน่วยเลือกตั้งที่ 20/สส. 5ทับ18 (บช).pdf,บัญชีรายชื่อ,True,20,20,,20,numeric_only,18.0,18,,,numeric_only,ตำบลเวียง,อำเภอฝาง,472.0,330.0,310.0,9.0,11.0,100,100.0
อำเภอฝาง/ตำบลเวียง/หน่วยเลือกตั้งที่ 18/สส. 5ทับ18.pdf,แบ่งเขต,False,18,18,,18,numeric_only,16.0,16,,,numeric_only,ตำบลเวียง,อำเภอฝาง,270.0,173.0,161.0,7.0,5.0,100,100.0
อำเภอฝาง/ตำบลเวียง/หน่วยเลือกตั้งที่ 18/สส. 5ทับ18 (บช).pdf,บัญชีรายชื่อ,True,18,18,,18,numeric_only,16.0,16,,,numeric_only,ตำบลเวียง,อำเภอฝาง,270.0,173.0,154.0,11.0,8.0,100,100.0
อำเภอฝาง/ตำบลเวียง/หน่วยเลือกตั้งที่ 19/สส. 5ทับ18.pdf,แบ่งเขต,False,19,19,,19,numeric_only,,,,,missing,ตำบลเวียง,อำเภอฝาง,,,,,,100,100.0
อำเภอฝาง/ตำบลเวียง/หน่วยเลือกตั้งที่ 19/สส. 5ทับ18 (บช).pdf,บัญชีรายชื่อ,True,19,19,,19,numeric_only,17.0,17,,,numeric_only,ตำบลเวียง,อำเภอฝาง,654.0,445.0,406.0,19.0,20.0,100,100.0
อำเภอฝาง/ตำบลเวียง/หน่วยเลือกตั้งที่ 17/สส. 5ทับ18.pdf,แบ่งเขต,False,17,17,,17,numeric_only,17.0,17,,,numeric_only,ตำบลเวียง,อำเภอฝาง,739.0,549.0,516.0,27.0,6.0,100,100.0
อำเภอฝาง/ตำบลเวียง/หน่วยเลือกตั้งที่ 17/สส. 5ทับ18 (บช).pdf,บัญชีรายชื่อ,True,11,11,,17,numeric_only,12.0,12,,,numeric_only,ตำบลเวียง,อำเภอฝาง,735.0,549.0,500.0,44.0,5.0,100,100.0
อำเภอฝาง/ตำบลเวียง/หน่วยเลือกตั้งที่ 12/สส. 5ทับ18.pdf,แบ่งเขต,False,12,12,,12,numeric_only,12.0,12,,,numeric_only,ตำบลเวียง,อำเภอฝาง,446.0,300.0,286.0,11.0,3.0,100,100.0
อำเภอฝาง/ตำบลเวียง/หน่วยเลือกตั้งที่ 12/สส. 5ทับ18 (บช).pdf,บัญชีรายชื่อ,True,12,12,,12,numeric_only,12.0,12,,,numeric_only,ตำบลเวียง,อำเภอฝาง,446.0,300.0,282.0,15.0,3.0,100,100.0
อำเภอฝาง/ตำบลเวียง/หน่วยเลือกตั้งที่ 13/สส. 5ทับ18.pdf,แบ่งเขต,False,13,13,,13,numeric_only,12.0,12,,,numeric_only,ตำบลเวียง,อำเภอฝาง,411.0,328.0,320.0,6.0,2.0,100,100.0
อำเภอฝาง/ตำบลเวียง/หน่วยเลือกตั้งที่ 13/สส. 5ทับ18 (บช).pdf,บัญชีรายชื่อ,True,13,13,,13,numeric_only,,,,,missing,ตำบลเวียง,อำเภอฝาง,,,321.0,,,100,100.0
อำเภอฝาง/ตำบลเวียง/หน่วยเลือกตั้งที่ 16/สส. 5ทับ18.pdf,แบ่งเขต,False,16,16,,16,numeric_only,14.0,14,,,numeric_only,ตำบลเวียง,อำเภอฝาง,486.0,359.0,352.0,2.0,5.0,100,100.0
อำเภอฝาง/ตำบลเวียง/หน่วยเลือกตั้งที่ 16/สส. 5ทับ18 (บช).pdf,บัญชีรายชื่อ,True,16,16,,16,numeric_only,14.0,14,,,numeric_only,ตำบลเวียง,อำเภอฝาง,486.0,359.0,344.0,10.0,5.0,100,100.0
อำเภอฝาง/ตำบลเวียง/หน่วยเลือกตั้งที่ 14/สส. 5ทับ18.pdf,แบ่งเขต,False,14,14,,14,numeric_only,13.0,13,,,numeric_only,ตำบลเวียง,อำเภอฝาง,480.0,315.0,291.0,22.0,2.0,100,100.0
อำเภอฝาง/ตำบลเวียง/หน่วยเลือกตั้งที่ 14/สส. 5ทับ18 (บช).pdf,บัญชีรายชื่อ,True,14,14,,14,numeric_only,13.0,13,,,numeric_only,ตำบลเวียง,อำเภอฝาง,480.0,315.0,283.0,26.0,6.0,100,100.0
อำเภอฝาง/ตำบลเวียง/หน่วยเลือกตั้งที่ 15/สส. 5ทับ18.pdf,แบ่งเขต,False,15,15,,15,numeric_only,13.0,13,,,numeric_only,ตำบลเวียง,อำเภอฝาง,472.0,321.0,316.0,5.0,,100,100.0
อำเภอฝาง/ตำบลเวียง/หน่วยเลือกตั้งที่ 15/สส. 5ทับ18 (บช).pdf,บัญชีรายชื่อ,True,15,15,,15,numeric_only,13.0,13,,,numeric_only,ตำบลเวียง,อำเภอฝาง,472.0,321.0,309.0,12.0,,100,100.0
อำเภอฝาง/ตำบลเวียง/หน่วยเลือกตั้งที่ 10/สส. 5ทับ18.pdf,แบ่งเขต,False,10,10,,10,numeric_only,10.0,10,,,numeric_only,ตำบลเวียง,อำเภอฝาง,489.0,230.0,197.0,27.0,6.0,100,100.0
อำเภอฝาง/ตำบลเวียง/หน่วยเลือกตั้งที่ 10/สส. 5ทับ18 (บช).pdf,บัญชีรายชื่อ,True,10,10,,10,numeric_only,10.0,10,,,numeric_only,ตำบลเวียง,อำเภอฝาง,489.0,230.0,191.0,37.0,2.0,100,100.0
อำเภอฝาง/ตำบลเวียง/หน่วยเลือกตั้งที่ 11/สส. 5ทับ18.pdf,แบ่งเขต,False,11,11,,11,numeric_only,11.0,11,,,numeric_only,ตำบลเวียง,อำเภอฝาง,359.0,270.0,248.0,16.0,12.0,100,100.0
อำเภอฝาง/ตำบลเวียง/หน่วยเลือกตั้งที่ 11/สส. 5ทับ18 (บช).pdf,บัญชีรายชื่อ,True,11,11,,11,numeric_only,11.0,11,,,numeric_only,ตำบลเวียง,อำเภอฝาง,359.0,270.0,237.0,19.0,14.0,100,100.0
อำเภอฝาง/ตำบลเวียง/หน่วยเลือกตั้งที่ 1/สส. 5ทับ18.pdf,แบ่งเขต,False,1,1,,1,numeric_only,1.0,1,,,numeric_only,ตำบลเวียง,อำเภอฝาง,455.0,337.0,315.0,7.0,15.0,100,100.0
อำเภอฝาง/ตำบลเวียง/หน่วยเลือกตั้งที่ 1/สส. 5ทับ18 (บช).pdf,บัญชีรายชื่อ,True,1,1,,1,numeric_only,1.0,1,,,numeric_only,ตำบลเวียง,อำเภอฝาง,455.0,337.0,318.0,7.0,12.0,100,100.0
