source_pdf,หน่วยเลือกตั้งที่,หมู่ที่,ตำบล/แขวง/เทศบาล,อำเภอ/เขต,จำนวนผู้มีสิทธิ,จำนวนผู้มาใช้สิทธิ์,บัตรดี,บัตรเสีย,บัตรไม่เลือกผู้ใด,หมายเลขผู้สมัคร,ชื่อผู้สมัคร,สังกัดพรรคการเมือง,จำนวนคะแนนที่ได้,จำนวนคะแนนที่ได้(ตัวเลขดิบ),จำนวนที่ได้(ตัวอักษร),จำนวนคะแนนที่ได้_decision
อำเภอไชยปราการ/ตำบลแม่ทะลบ/หน่วยเลือกตั้งที่ 9/สส. 5ทับ18.pdf,1,7.0,ตำบลแม่ทะลบ,อำเภอไชยปราการ,559.0,395.0,389.0,6.0,,1.0,นายอดุลย์ บุญใส,ภูมิใจไทย,0.0,0,ศูนย์,numeric_only
อำเภอไชยปราการ/ตำบลแม่ทะลบ/หน่วยเลือกตั้งที่ 9/สส. 5ทับ18.pdf,1,7.0,ตำบลแม่ทะลบ,อำเภอไชยปราการ,559.0,395.0,389.0,6.0,,2.0,นายสมดุลย์ อุดเจริญ,ประชาชน,31.0,31,สามสิบเอ็ดบัตร,numeric_text_agree
อำเภอไชยปราการ/ตำบลแม่ทะลบ/หน่วยเลือกตั้งที่ 9/สส. 5ทับ18.pdf,1,7.0,ตำบลแม่ทะลบ,อำเภอไชยปราการ,559.0,395.0,389.0,6.0,,3.0,นายเกรียงกมล ศรีมา,ประชาธิปัตย์,1.0,1,หนึ่งบัตร,numeric_text_agree
อำเภอไชยปราการ/ตำบลแม่ทะลบ/หน่วยเลือกตั้งที่ 9/สส. 5ทับ18.pdf,1,7.0,ตำบลแม่ทะลบ,อำเภอไชยปราการ,559.0,395.0,389.0,6.0,,4.0,นายสันติ ตันสุขี,ก้าวอิสระ,1.0,1,หนึ่งบัตร,numeric_text_agree
อำเภอไชยปราการ/ตำบลแม่ทะลบ/หน่วยเลือกตั้งที่ 9/สส. 5ทับ18.pdf,1,7.0,ตำบลแม่ทะลบ,อำเภอไชยปราการ,559.0,395.0,389.0,6.0,,5.0,นายการุณย์ คูเจริญชัยกุล,กล้าธรรม,318.0,318,สามร้อยสิบแปดบัตร,numeric_text_agree
อำเภอไชยปราการ/ตำบลแม่ทะลบ/หน่วยเลือกตั้งที่ 9/สส. 5ทับ18.pdf,1,7.0,ตำบลแม่ทะลบ,อำเภอไชยปราการ,559.0,395.0,389.0,6.0,,6.0,นายนิธิกร วุฒินันชัย,เพื่อไทย,30.0,30,สามสิบบัตร,numeric_text_agree
อำเภอไชยปราการ/ตำบลแม่ทะลบ/หน่วยเลือกตั้งที่ 9/สส. 5ทับ18.pdf,1,7.0,ตำบลแม่ทะลบ,อำเภอไชยปราการ,559.0,395.0,389.0,6.0,,7.0,นายไกร ดาบธรรม,พลังประชารัฐ,7.0,7,เจ็ดบัตร,numeric_text_agree
อำเภอไชยปราการ/ตำบลแม่ทะลบ/หน่วยเลือกตั้งที่ 9/สส. 5ทับ18.pdf,1,7.0,ตำบลแม่ทะลบ,อำเภอไชยปราการ,559.0,395.0,389.0,6.0,,8.0,นายพิสัณห์ อุปนันท์,เศรษฐกิจ,1.0,1,หนึ่งบัตร,numeric_text_agree
อำเภอไชยปราการ/ตำบลแม่ทะลบ/หน่วยเลือกตั้งที่ 9/สส. 5ทับ18.pdf,1,7.0,ตำบลแม่ทะลบ,อำเภอไชยปราการ,559.0,395.0,389.0,6.0,,9.0,นายชาญวิทยายุทธ์ อินทร์แก้ว,ประชากรไทย,0.0,0,ศูนย์,numeric_only
อำเภอไชยปราการ/ตำบลแม่ทะลบ/หน่วยเลือกตั้งที่ 6/สส. 5ทับ18.pdf,6,5.0,ตำบลแม่ทะลบ,อำเภอไชยปราการ,533.0,402.0,378.0,10.0,14.0,1.0,นายอดุลย์ บุญใส,ภูมิใจไทย,12.0,12,สิบสองคะแนน,numeric_text_agree
อำเภอไชยปราการ/ตำบลแม่ทะลบ/หน่วยเลือกตั้งที่ 6/สส. 5ทับ18.pdf,6,5.0,ตำบลแม่ทะลบ,อำเภอไชยปราการ,533.0,402.0,378.0,10.0,14.0,2.0,นายสมดุลย์ อุดเจริญ,ประชาชน,79.0,79,เจ็ดสิบเก้าคะแนน,numeric_text_agree
อำเภอไชยปราการ/ตำบลแม่ทะลบ/หน่วยเลือกตั้งที่ 6/สส. 5ทับ18.pdf,6,5.0,ตำบลแม่ทะลบ,อำเภอไชยปราการ,533.0,402.0,378.0,10.0,14.0,3.0,นายเกรียงกมล ศรีมา,ประชาธิปัตย์,1.0,1,หนึ่งคะแนน,numeric_text_agree
อำเภอไชยปราการ/ตำบลแม่ทะลบ/หน่วยเลือกตั้งที่ 6/สส. 5ทับ18.pdf,6,5.0,ตำบลแม่ทะลบ,อำเภอไชยปราการ,533.0,402.0,378.0,10.0,14.0,4.0,นายสันติ ตันสุขัย,ก้าวอิสระ,3.0,3,สามคะแนน,numeric_text_agree
อำเภอไชยปราการ/ตำบลแม่ทะลบ/หน่วยเลือกตั้งที่ 6/สส. 5ทับ18.pdf,6,5.0,ตำบลแม่ทะลบ,อำเภอไชยปราการ,533.0,402.0,378.0,10.0,14.0,5.0,นายการุณย์ คูเจริญชัยกุล,กล้าธรรม,176.0,176,หนึ่งร้อยเจ็ดสิบหกคะแนน,numeric_text_agree
อำเภอไชยปราการ/ตำบลแม่ทะลบ/หน่วยเลือกตั้งที่ 6/สส. 5ทับ18.pdf,6,5.0,ตำบลแม่ทะลบ,อำเภอไชยปราการ,533.0,402.0,378.0,10.0,14.0,6.0,นายนิธิกร วุฒินันชัย,เพื่อไทย,72.0,72,เจ็ดสิบสองคะแนน,numeric_text_agree
อำเภอไชยปราการ/ตำบลแม่ทะลบ/หน่วยเลือกตั้งที่ 6/สส. 5ทับ18.pdf,6,5.0,ตำบลแม่ทะลบ,อำเภอไชยปราการ,533.0,402.0,378.0,10.0,14.0,7.0,นายไกร ดาบธรรม,พลังประชารัฐ,21.0,21,ยี่สิบเอ็ดคะแนน,numeric_text_agree
อำเภอไชยปราการ/ตำบลแม่ทะลบ/หน่วยเลือกตั้งที่ 6/สส. 5ทับ18.pdf,6,5.0,ตำบลแม่ทะลบ,อำเภอไชยปราการ,533.0,402.0,378.0,10.0,14.0,8.0,นายพิสิณห์ อุปนันท์,เศรษฐกิจ,5.0,5,ห้าคะแนน,numeric_text_agree
อำเภอไชยปราการ/ตำบลแม่ทะลบ/หน่วยเลือกตั้งที่ 6/สส. 5ทับ18.pdf,6,5.0,ตำบลแม่ทะลบ,อำเภอไชยปราการ,533.0,402.0,378.0,10.0,14.0,9.0,นายชาญวิทยายุทธ อินทร์แก้ว,ประชากรไทย,9.0,9,เก้าคะแนน,numeric_text_agree
อำเภอไชยปราการ/ตำบลแม่ทะลบ/หน่วยเลือกตั้งที่ 8/สส.5ทับ18.pdf,8,6.0,ตำบลแม่ทะลบ,อำเภอไชยปราการ,536.0,379.0,346.0,28.0,5.0,1.0,นายอดุลย์ บุญใส,ภูมิใจไทย,18.0,18,สิบแปด,numeric_text_agree
อำเภอไชยปราการ/ตำบลแม่ทะลบ/หน่วยเลือกตั้งที่ 8/สส.5ทับ18.pdf,8,6.0,ตำบลแม่ทะลบ,อำเภอไชยปราการ,536.0,379.0,346.0,28.0,5.0,2.0,นายสมดุลย์ อุตเจริญ,ประชาชน,40.0,40,สี่สิบ,numeric_text_agree
อำเภอไชยปราการ/ตำบลแม่ทะลบ/หน่วยเลือกตั้งที่ 8/สส.5ทับ18.pdf,8,6.0,ตำบลแม่ทะลบ,อำเภอไชยปราการ,536.0,379.0,346.0,28.0,5.0,3.0,นายเกรียงกมล ศรีมา,ประชาธิปัตย์,1.0,1,หนึ่ง,numeric_text_agree
อำเภอไชยปราการ/ตำบลแม่ทะลบ/หน่วยเลือกตั้งที่ 8/สส.5ทับ18.pdf,8,6.0,ตำบลแม่ทะลบ,อำเภอไชยปราการ,536.0,379.0,346.0,28.0,5.0,4.0,นายสันติ ตันสุขี,ก้าวอิสระ,3.0,3,สาม,numeric_text_agree
อำเภอไชยปราการ/ตำบลแม่ทะลบ/หน่วยเลือกตั้งที่ 8/สส.5ทับ18.pdf,8,6.0,ตำบลแม่ทะลบ,อำเภอไชยปราการ,536.0,379.0,346.0,28.0,5.0,5.0,นายการุณย์ คูเจริญชัยกุล,กล้าธรรม,68.0,68,หกสิบแปด,numeric_text_agree
อำเภอไชยปราการ/ตำบลแม่ทะลบ/หน่วยเลือกตั้งที่ 8/สส.5ทับ18.pdf,8,6.0,ตำบลแม่ทะลบ,อำเภอไชยปราการ,536.0,379.0,346.0,28.0,5.0,6.0,นายนิธิกร วุฒินันชัย,เพื่อไทย,67.0,67,หกสิบเจ็ด,numeric_text_agree
อำเภอไชยปราการ/ตำบลแม่ทะลบ/หน่วยเลือกตั้งที่ 8/สส.5ทับ18.pdf,8,6.0,ตำบลแม่ทะลบ,อำเภอไชยปราการ,536.0,379.0,346.0,28.0,5.0,7.0,นายไกร ดาบธรรม,พลังประชารัฐ,138.0,138,หนึ่งร้อยสามสิบแปด,numeric_text_agree
อำเภอไชยปราการ/ตำบลแม่ทะลบ/หน่วยเลือกตั้งที่ 8/สส.5ทับ18.pdf,8,6.0,ตำบลแม่ทะลบ,อำเภอไชยปราการ,536.0,379.0,346.0,28.0,5.0,8.0,นายพิสันท์ อุปนันท์,เศรษฐกิจ,3.0,3,สาม,numeric_text_agree
อำเภอไชยปราการ/ตำบลแม่ทะลบ/หน่วยเลือกตั้งที่ 8/สส.5ทับ18.pdf,8,6.0,ตำบลแม่ทะลบ,อำเภอไชยปราการ,536.0,379.0,346.0,28.0,5.0,9.0,นายชาญวิทยายุทธ์ อินทร์แก้ว,ประชากรไทย,8.0,8,แปด,numeric_text_agree
อำเภอไชยปราการ/ตำบลแม่ทะลบ/หน่วยเลือกตั้งที่ 5/สส. 5ทับ18.pdf,5,4.0,ตำบลแม่ทะลบ,อำเภอไชยปราการ,411.0,264.0,239.0,15.0,10.0,1.0,นายอดุลย์ บุญใส,ภูมิใจไทย,11.0,11,สิบเอ็ด,numeric_text_agree
อำเภอไชยปราการ/ตำบลแม่ทะลบ/หน่วยเลือกตั้งที่ 5/สส. 5ทับ18.pdf,5,4.0,ตำบลแม่ทะลบ,อำเภอไชยปราการ,411.0,264.0,239.0,15.0,10.0,2.0,นายสมดุลย์ อุดมเจริญ,ประชาชน,39.0,39,สามสิบเก้า,numeric_text_agree
อำเภอไชยปราการ/ตำบลแม่ทะลบ/หน่วยเลือกตั้งที่ 5/สส. 5ทับ18.pdf,5,4.0,ตำบลแม่ทะลบ,อำเภอไชยปราการ,411.0,264.0,239.0,15.0,10.0,3.0,นายเกรียงกมล ศรีมา,ประชาธิปัตย์,5.0,5,ห้า,numeric_text_agree
อำเภอไชยปราการ/ตำบลแม่ทะลบ/หน่วยเลือกตั้งที่ 5/สส. 5ทับ18.pdf,5,4.0,ตำบลแม่ทะลบ,อำเภอไชยปราการ,411.0,264.0,239.0,15.0,10.0,4.0,นายสันติ ตันสุขข,ก้าวอิสระ,1.0,1,หนึ่ง,numeric_text_agree
อำเภอไชยปราการ/ตำบลแม่ทะลบ/หน่วยเลือกตั้งที่ 5/สส. 5ทับ18.pdf,5,4.0,ตำบลแม่ทะลบ,อำเภอไชยปราการ,411.0,264.0,239.0,15.0,10.0,5.0,นายการุณย์ คงเจริญชัยกุล,กล้าธรรม,89.0,89,แปดสิบเก้า,numeric_text_agree
อำเภอไชยปราการ/ตำบลแม่ทะลบ/หน่วยเลือกตั้งที่ 5/สส. 5ทับ18.pdf,5,4.0,ตำบลแม่ทะลบ,อำเภอไชยปราการ,411.0,264.0,239.0,15.0,10.0,6.0,นายนิธิกร วุฒินันชัย,เพื่อไทย,53.0,53,ห้าสิบสาม,numeric_text_agree
อำเภอไชยปราการ/ตำบลแม่ทะลบ/หน่วยเลือกตั้งที่ 5/สส. 5ทับ18.pdf,5,4.0,ตำบลแม่ทะลบ,อำเภอไชยปราการ,411.0,264.0,239.0,15.0,10.0,7.0,นายไกร ดาบธรรม,พลังประชารัฐ,36.0,36,สามสิบหก,numeric_text_agree
อำเภอไชยปราการ/ตำบลแม่ทะลบ/หน่วยเลือกตั้งที่ 5/สส. 5ทับ18.pdf,5,4.0,ตำบลแม่ทะลบ,อำเภอไชยปราการ,411.0,264.0,239.0,15.0,10.0,8.0,นายพิสิณฑ์ อุปนันท์,เศรษฐกิจ,1.0,1,หนึ่ง,numeric_text_agree
อำเภอไชยปราการ/ตำบลแม่ทะลบ/หน่วยเลือกตั้งที่ 5/สส. 5ทับ18.pdf,5,4.0,ตำบลแม่ทะลบ,อำเภอไชยปราการ,411.0,264.0,239.0,15.0,10.0,9.0,นายชาญวิทยายุทธ์ อินทร์แก้ว,ประชากรไทย,4.0,4,สี่,numeric_text_agree
อำเภอไชยปราการ/ตำบลแม่ทะลบ/หน่วยเลือกตั้งที่ 7/สส.5ทับ18.pdf,7,6.0,ตำบลแม่ทะลบ,อำเภอไชยปราการ,452.0,355.0,304.0,29.0,19.0,1.0,นายอดุลย์ บุญใส,ภูมิใจไทย,8.0,8,แปด,numeric_text_agree
อำเภอไชยปราการ/ตำบลแม่ทะลบ/หน่วยเลือกตั้งที่ 7/สส.5ทับ18.pdf,7,6.0,ตำบลแม่ทะลบ,อำเภอไชยปราการ,452.0,355.0,304.0,29.0,19.0,2.0,นายสมดุลย์ อุดเจริญ,ประชาชน,78.0,78,เจ็ดสิบแปด,numeric_text_agree
อำเภอไชยปราการ/ตำบลแม่ทะลบ/หน่วยเลือกตั้งที่ 7/สส.5ทับ18.pdf,7,6.0,ตำบลแม่ทะลบ,อำเภอไชยปราการ,452.0,355.0,304.0,29.0,19.0,3.0,นายเกรียงกมล ศรีมา,ประชาธิปัตย์,2.0,2,สอง,numeric_text_agree
อำเภอไชยปราการ/ตำบลแม่ทะลบ/หน่วยเลือกตั้งที่ 7/สส.5ทับ18.pdf,7,6.0,ตำบลแม่ทะลบ,อำเภอไชยปราการ,452.0,355.0,304.0,29.0,19.0,4.0,นายสันติ ตันสุขชัย,ก้าวอิสระ,4.0,4,สี่,numeric_text_agree
อำเภอไชยปราการ/ตำบลแม่ทะลบ/หน่วยเลือกตั้งที่ 7/สส.5ทับ18.pdf,7,6.0,ตำบลแม่ทะลบ,อำเภอไชยปราการ,452.0,355.0,304.0,29.0,19.0,5.0,นายการุณย์ คูเจริญชัยกุล,กล้าธรรม,77.0,77,เจ็ดสิบเจ็ด,numeric_text_agree
อำเภอไชยปราการ/ตำบลแม่ทะลบ/หน่วยเลือกตั้งที่ 7/สส.5ทับ18.pdf,7,6.0,ตำบลแม่ทะลบ,อำเภอไชยปราการ,452.0,355.0,304.0,29.0,19.0,6.0,นายนิกร วุฒิบัณฑัย,เพื่อไทย,98.0,98,เก้าสิบแปด,numeric_text_agree
อำเภอไชยปราการ/ตำบลแม่ทะลบ/หน่วยเลือกตั้งที่ 7/สส.5ทับ18.pdf,7,6.0,ตำบลแม่ทะลบ,อำเภอไชยปราการ,452.0,355.0,304.0,29.0,19.0,7.0,นายไกร ดาบธรรม,พลังประชารัฐ,32.0,32,สามสิบสอง,numeric_text_agree
อำเภอไชยปราการ/ตำบลแม่ทะลบ/หน่วยเลือกตั้งที่ 7/สส.5ทับ18.pdf,7,6.0,ตำบลแม่ทะลบ,อำเภอไชยปราการ,452.0,355.0,304.0,29.0,19.0,8.0,นายพิสัณห์ อุปนันท์,เศรษฐกิจ,5.0,5,ห้า,numeric_text_agree
อำเภอไชยปราการ/ตำบลแม่ทะลบ/หน่วยเลือกตั้งที่ 7/สส.5ทับ18.pdf,7,6.0,ตำบลแม่ทะลบ,อำเภอไชยปราการ,452.0,355.0,304.0,29.0,19.0,9.0,นายชาญวิทยายุทธ์ อินทรแก้ว,ประชากรไทย,4.0,4,สี่,numeric_text_agree
อำเภอไชยปราการ/ตำบลแม่ทะลบ/หน่วยเลือกตั้งที่ 3/สส. 5ทับ18.pdf,3,6.0,ตำบลแม่ทะลบ,อำเภอไชยปราการ,579.0,424.0,408.0,18.0,6.0,1.0,นายอดุลย์ บุญใส,ภูมิใจไทย,24.0,24,ยี่สิบสี่,numeric_text_agree
อำเภอไชยปราการ/ตำบลแม่ทะลบ/หน่วยเลือกตั้งที่ 3/สส. 5ทับ18.pdf,3,6.0,ตำบลแม่ทะลบ,อำเภอไชยปราการ,579.0,424.0,408.0,18.0,6.0,2.0,นายสมดุลย์ อุดเจริญ,ประชาชน,75.0,75,เจ็ดสิบห้า,numeric_text_agree
อำเภอไชยปราการ/ตำบลแม่ทะลบ/หน่วยเลือกตั้งที่ 3/สส. 5ทับ18.pdf,3,6.0,ตำบลแม่ทะลบ,อำเภอไชยปราการ,579.0,424.0,408.0,18.0,6.0,3.0,นายเกรียงกมล ศรีมา,ประชาธิปัตย์,4.0,4,สี่,numeric_text_agree
อำเภอไชยปราการ/ตำบลแม่ทะลบ/หน่วยเลือกตั้งที่ 3/สส. 5ทับ18.pdf,3,6.0,ตำบลแม่ทะลบ,อำเภอไชยปราการ,579.0,424.0,408.0,18.0,6.0,4.0,นายสันติ ตันสุขขี,ก้าวอิสระ,1.0,1,หนึ่ง,numeric_text_agree
อำเภอไชยปราการ/ตำบลแม่ทะลบ/หน่วยเลือกตั้งที่ 3/สส. 5ทับ18.pdf,3,6.0,ตำบลแม่ทะลบ,อำเภอไชยปราการ,579.0,424.0,408.0,18.0,6.0,5.0,นายการุณย์ ภูเจริญชัยกุล,กล้าธรรม,92.0,92,เก้าสิบสอง,numeric_text_agree
อำเภอไชยปราการ/ตำบลแม่ทะลบ/หน่วยเลือกตั้งที่ 3/สส. 5ทับ18.pdf,3,6.0,ตำบลแม่ทะลบ,อำเภอไชยปราการ,579.0,424.0,408.0,18.0,6.0,6.0,นายนิธิกร วุฒินันชัย,เพื่อไทย,165.0,165,หนึ่งร้อยหกสิบห้า,numeric_text_agree
อำเภอไชยปราการ/ตำบลแม่ทะลบ/หน่วยเลือกตั้งที่ 3/สส. 5ทับ18.pdf,3,6.0,ตำบลแม่ทะลบ,อำเภอไชยปราการ,579.0,424.0,408.0,18.0,6.0,7.0,นายไกร ดาบธรรม,พลังประชารัฐ,24.0,24,ยี่สิบสี่,numeric_text_agree
อำเภอไชยปราการ/ตำบลแม่ทะลบ/หน่วยเลือกตั้งที่ 3/สส. 5ทับ18.pdf,3,6.0,ตำบลแม่ทะลบ,อำเภอไชยปราการ,579.0,424.0,408.0,18.0,6.0,8.0,นายพิสิณห์ อุปนันท์,เศรษฐกิจ,6.0,6,หก,numeric_text_agree
อำเภอไชยปราการ/ตำบลแม่ทะลบ/หน่วยเลือกตั้งที่ 3/สส. 5ทับ18.pdf,3,6.0,ตำบลแม่ทะลบ,อำเภอไชยปราการ,579.0,424.0,408.0,18.0,6.0,9.0,นายชาญวิทยายุทธ์ อินทร์แก้ว,ประชากรไทย,12.0,12,สิบสอง,numeric_text_agree
อำเภอไชยปราการ/ตำบลแม่ทะลบ/หน่วยเลือกตั้งที่ 10/สส. 5ทับ18.pdf,10,3.0,ตำบลแม่ทะลบ,อำเภอไชยปราการ,372.0,292.0,271.0,20.0,1.0,1.0,นายอดุลย์ บุญใส,ภูมิใจไทย,8.0,8,แปด,numeric_text_agree
อำเภอไชยปราการ/ตำบลแม่ทะลบ/หน่วยเลือกตั้งที่ 10/สส. 5ทับ18.pdf,10,3.0,ตำบลแม่ทะลบ,อำเภอไชยปราการ,372.0,292.0,271.0,20.0,1.0,2.0,นายสมดุลย์ อุดเจริญ,ประชาชน,15.0,15,สิบห้า,numeric_text_agree
อำเภอไชยปราการ/ตำบลแม่ทะลบ/หน่วยเลือกตั้งที่ 10/สส. 5ทับ18.pdf,10,3.0,ตำบลแม่ทะลบ,อำเภอไชยปราการ,372.0,292.0,271.0,20.0,1.0,3.0,นายเกรียงกมล ศรีมา,ประชาธิปัตย์,,,,missing
อำเภอไชยปราการ/ตำบลแม่ทะลบ/หน่วยเลือกตั้งที่ 10/สส. 5ทับ18.pdf,10,3.0,ตำบลแม่ทะลบ,อำเภอไชยปราการ,372.0,292.0,271.0,20.0,1.0,4.0,นายสันติ ตันสุขขี,ก้าวอิสระ,4.0,4,สี่,numeric_text_agree
อำเภอไชยปราการ/ตำบลแม่ทะลบ/หน่วยเลือกตั้งที่ 10/สส. 5ทับ18.pdf,10,3.0,ตำบลแม่ทะลบ,อำเภอไชยปราการ,372.0,292.0,271.0,20.0,1.0,5.0,นายการุณย์ คูเจริญชัยกุล,กล้าธรรม,222.0,222,สองร้อยยี่สิบสอง,numeric_text_agree
อำเภอไชยปราการ/ตำบลแม่ทะลบ/หน่วยเลือกตั้งที่ 10/สส. 5ทับ18.pdf,10,3.0,ตำบลแม่ทะลบ,อำเภอไชยปราการ,372.0,292.0,271.0,20.0,1.0,6.0,นายนิธิกร วุฒินันชัย,เพื่อไทย,7.0,7,เจ็ด,numeric_text_agree
อำเภอไชยปราการ/ตำบลแม่ทะลบ/หน่วยเลือกตั้งที่ 10/สส. 5ทับ18.pdf,10,3.0,ตำบลแม่ทะลบ,อำเภอไชยปราการ,372.0,292.0,271.0,20.0,1.0,7.0,นายไกร ดาบธรรม,พลังประชารัฐ,14.0,14,สิบสี่,numeric_text_agree
อำเภอไชยปราการ/ตำบลแม่ทะลบ/หน่วยเลือกตั้งที่ 10/สส. 5ทับ18.pdf,10,3.0,ตำบลแม่ทะลบ,อำเภอไชยปราการ,372.0,292.0,271.0,20.0,1.0,8.0,นายพิสัณห์ อุปนันท์,เศรษฐกิจ,1.0,1,หนึ่ง,numeric_text_agree
อำเภอไชยปราการ/ตำบลแม่ทะลบ/หน่วยเลือกตั้งที่ 10/สส. 5ทับ18.pdf,10,3.0,ตำบลแม่ทะลบ,อำเภอไชยปราการ,372.0,292.0,271.0,20.0,1.0,9.0,นายชาญวิทยายุทธ์ อินทร์แก้ว,ประชากรไทย,,,,missing
อำเภอไชยปราการ/ตำบลแม่ทะลบ/หน่วยเลือกตั้งที่ 2/สส. 5ทับ 18.pdf,8,8.0,ตำบลแม่ทะลบ,อำเภอไชยปราการ,589.0,440.0,416.0,16.0,8.0,1.0,นายอดุลย์ บุญใส,ภูมิใจไทย,9.0,9,เก้า,numeric_text_agree
อำเภอไชยปราการ/ตำบลแม่ทะลบ/หน่วยเลือกตั้งที่ 2/สส. 5ทับ 18.pdf,8,8.0,ตำบลแม่ทะลบ,อำเภอไชยปราการ,589.0,440.0,416.0,16.0,8.0,2.0,นายสมดุลย์ อุดเจริญ,ประชาชน,70.0,70,เจ็ดสิบ,numeric_text_agree
อำเภอไชยปราการ/ตำบลแม่ทะลบ/หน่วยเลือกตั้งที่ 2/สส. 5ทับ 18.pdf,8,8.0,ตำบลแม่ทะลบ,อำเภอไชยปราการ,589.0,440.0,416.0,16.0,8.0,3.0,นายเกรียงกมล ศรีมา,ประชาธิปัตย์,2.0,2,สอง,numeric_text_agree
อำเภอไชยปราการ/ตำบลแม่ทะลบ/หน่วยเลือกตั้งที่ 2/สส. 5ทับ 18.pdf,8,8.0,ตำบลแม่ทะลบ,อำเภอไชยปราการ,589.0,440.0,416.0,16.0,8.0,4.0,นายสันติ ตันสุขขี,ก้าวอิสระ,6.0,6,หก,numeric_text_agree
อำเภอไชยปราการ/ตำบลแม่ทะลบ/หน่วยเลือกตั้งที่ 2/สส. 5ทับ 18.pdf,8,8.0,ตำบลแม่ทะลบ,อำเภอไชยปราการ,589.0,440.0,416.0,16.0,8.0,5.0,นายการุณย์ เจริญชัยกุล,กล้าธรรม,160.0,160,หนึ่งร้อยหกสิบ,numeric_text_agree
อำเภอไชยปราการ/ตำบลแม่ทะลบ/หน่วยเลือกตั้งที่ 2/สส. 5ทับ 18.pdf,8,8.0,ตำบลแม่ทะลบ,อำเภอไชยปราการ,589.0,440.0,416.0,16.0,8.0,6.0,นายนิธิกร วุฒินันท์ชัย,เพื่อไทย,124.0,124,หนึ่งร้อยยี่สิบสี่,numeric_text_agree
อำเภอไชยปราการ/ตำบลแม่ทะลบ/หน่วยเลือกตั้งที่ 2/สส. 5ทับ 18.pdf,8,8.0,ตำบลแม่ทะลบ,อำเภอไชยปราการ,589.0,440.0,416.0,16.0,8.0,7.0,นายไกร ดาบธรรม,พลังประชารัฐ,26.0,26,ยี่สิบหก,numeric_text_agree
อำเภอไชยปราการ/ตำบลแม่ทะลบ/หน่วยเลือกตั้งที่ 2/สส. 5ทับ 18.pdf,8,8.0,ตำบลแม่ทะลบ,อำเภอไชยปราการ,589.0,440.0,416.0,16.0,8.0,8.0,นายพิสัณฑ์ อุปนันท์,เศรษฐกิจ,5.0,5,ห้า,numeric_text_agree
อำเภอไชยปราการ/ตำบลแม่ทะลบ/หน่วยเลือกตั้งที่ 2/สส. 5ทับ 18.pdf,8,8.0,ตำบลแม่ทะลบ,อำเภอไชยปราการ,589.0,440.0,416.0,16.0,8.0,9.0,นายชาญวิทยายุทธ์ อินทร์แก้ว,ประชากรไทย,14.0,14,สิบสี่,numeric_text_agree
อำเภอไชยปราการ/ตำบลแม่ทะลบ/หน่วยเลือกตั้งที่ 1/สส. 5ทับ18.pdf,1,1.0,ตำบลแม่ทะลบ,อำเภอไชยปราการ,674.0,515.0,450.0,52.0,13.0,1.0,นายอดุลย์ บุญใส,ภูมิใจไทย,10.0,10,สิบ,numeric_text_agree
อำเภอไชยปราการ/ตำบลแม่ทะลบ/หน่วยเลือกตั้งที่ 1/สส. 5ทับ18.pdf,1,1.0,ตำบลแม่ทะลบ,อำเภอไชยปราการ,674.0,515.0,450.0,52.0,13.0,2.0,นายสมดุลย์ อุดเจริญ,ประชาชน,85.0,85,แปดสิบห้า,numeric_text_agree
อำเภอไชยปราการ/ตำบลแม่ทะลบ/หน่วยเลือกตั้งที่ 1/สส. 5ทับ18.pdf,1,1.0,ตำบลแม่ทะลบ,อำเภอไชยปราการ,674.0,515.0,450.0,52.0,13.0,3.0,นายเกรียงกมล ศรีมา,ประชาธิปัตย์,1.0,1,หนึ่ง,numeric_text_agree
อำเภอไชยปราการ/ตำบลแม่ทะลบ/หน่วยเลือกตั้งที่ 1/สส. 5ทับ18.pdf,1,1.0,ตำบลแม่ทะลบ,อำเภอไชยปราการ,674.0,515.0,450.0,52.0,13.0,4.0,นายสันติ ตันสุขขี,ก้าวอิสระ,11.0,11,สิบเอ็ด,numeric_text_agree
อำเภอไชยปราการ/ตำบลแม่ทะลบ/หน่วยเลือกตั้งที่ 1/สส. 5ทับ18.pdf,1,1.0,ตำบลแม่ทะลบ,อำเภอไชยปราการ,674.0,515.0,450.0,52.0,13.0,5.0,นายการุณย์ เจริญชัยกุล,กล้าธรรม,178.0,178,หนึ่งร้อยเจ็ดสิบแปด,numeric_text_agree
อำเภอไชยปราการ/ตำบลแม่ทะลบ/หน่วยเลือกตั้งที่ 1/สส. 5ทับ18.pdf,1,1.0,ตำบลแม่ทะลบ,อำเภอไชยปราการ,674.0,515.0,450.0,52.0,13.0,6.0,นายนิธากร วุฒินันชัย,เพื่อไทย,109.0,109,หนึ่งร้อยเก้า,numeric_text_agree
อำเภอไชยปราการ/ตำบลแม่ทะลบ/หน่วยเลือกตั้งที่ 1/สส. 5ทับ18.pdf,1,1.0,ตำบลแม่ทะลบ,อำเภอไชยปราการ,674.0,515.0,450.0,52.0,13.0,7.0,นายไกร ดาบธรรม,พลังประชารัฐ,42.0,42,สี่สิบสอง,numeric_text_agree
อำเภอไชยปราการ/ตำบลแม่ทะลบ/หน่วยเลือกตั้งที่ 1/สส. 5ทับ18.pdf,1,1.0,ตำบลแม่ทะลบ,อำเภอไชยปราการ,674.0,515.0,450.0,52.0,13.0,8.0,นายพิสิษฐ์ อุปนันท์,เศรษฐกิจ,4.0,4,สี่,numeric_text_agree
อำเภอไชยปราการ/ตำบลแม่ทะลบ/หน่วยเลือกตั้งที่ 1/สส. 5ทับ18.pdf,1,1.0,ตำบลแม่ทะลบ,อำเภอไชยปราการ,674.0,515.0,450.0,52.0,13.0,9.0,นายชาญวิทยายุทธ์ อินทร์แก้ว,ประชากรไทย,10.0,10,สิบ,numeric_text_agree
อำเภอไชยปราการ/ตำบลแม่ทะลบ/หน่วยเลือกตั้งที่ 11/สส. 5ทับ18.pdf,11,8.0,ตำบลแม่ทะลบ,อำเภอไชยปราการ,480.0,381.0,364.0,17.0,0.0,1.0,นายอดุลย์ บุญใส,ภูมิใจไทย,3.0,3,สาม,numeric_text_agree
อำเภอไชยปราการ/ตำบลแม่ทะลบ/หน่วยเลือกตั้งที่ 11/สส. 5ทับ18.pdf,11,8.0,ตำบลแม่ทะลบ,อำเภอไชยปราการ,480.0,381.0,364.0,17.0,0.0,2.0,นายสมดุลย์ อุดเจริญ,ประชาชน,7.0,7,เจ็ด,numeric_text_agree
อำเภอไชยปราการ/ตำบลแม่ทะลบ/หน่วยเลือกตั้งที่ 11/สส. 5ทับ18.pdf,11,8.0,ตำบลแม่ทะลบ,อำเภอไชยปราการ,480.0,381.0,364.0,17.0,0.0,3.0,นายเกรียงกมล ศรีมา,ประชาธิปัตย์,0.0,0,ศูนย์,numeric_only
อำเภอไชยปราการ/ตำบลแม่ทะลบ/หน่วยเลือกตั้งที่ 11/สส. 5ทับ18.pdf,11,8.0,ตำบลแม่ทะลบ,อำเภอไชยปราการ,480.0,381.0,364.0,17.0,0.0,4.0,นายสันติ ตันสุขทัย,ก้าวอิสระ,17.0,17,สิบเจ็ด,numeric_text_agree
อำเภอไชยปราการ/ตำบลแม่ทะลบ/หน่วยเลือกตั้งที่ 11/สส. 5ทับ18.pdf,11,8.0,ตำบลแม่ทะลบ,อำเภอไชยปราการ,480.0,381.0,364.0,17.0,0.0,5.0,นายการุณย์ เจริญชัยกุล,กล้าธรรม,315.0,315,สามร้อยสิบห้า,numeric_text_agree
อำเภอไชยปราการ/ตำบลแม่ทะลบ/หน่วยเลือกตั้งที่ 11/สส. 5ทับ18.pdf,11,8.0,ตำบลแม่ทะลบ,อำเภอไชยปราการ,480.0,381.0,364.0,17.0,0.0,6.0,นายนิกร วุฒินันชัย,เพื่อไทย,15.0,15,สิบห้า,numeric_text_agree
อำเภอไชยปราการ/ตำบลแม่ทะลบ/หน่วยเลือกตั้งที่ 11/สส. 5ทับ18.pdf,11,8.0,ตำบลแม่ทะลบ,อำเภอไชยปราการ,480.0,381.0,364.0,17.0,0.0,7.0,นายไกร ดาบธรรม,พลังประชารัฐ,17.0,17,สิบเจ็ด,numeric_text_agree
อำเภอไชยปราการ/ตำบลแม่ทะลบ/หน่วยเลือกตั้งที่ 11/สส. 5ทับ18.pdf,11,8.0,ตำบลแม่ทะลบ,อำเภอไชยปราการ,480.0,381.0,364.0,17.0,0.0,8.0,นายพิสิณฑ์ อุปนันท์,เศรษฐกิจ,0.0,0,ศูนย์,numeric_only
อำเภอไชยปราการ/ตำบลแม่ทะลบ/หน่วยเลือกตั้งที่ 11/สส. 5ทับ18.pdf,11,8.0,ตำบลแม่ทะลบ,อำเภอไชยปราการ,480.0,381.0,364.0,17.0,0.0,9.0,นายชาญวิทยายุทธ์ อินทร์แก้ว,ประชากรไทย,0.0,0,ศูนย์,numeric_only
อำเภอไชยปราการ/ตำบลปงตำ/หน่วยเลือกตั้งที่ 8/สส. 5ทับ18.pdf,8,5.0,ตำบลปงตำ,อำเภอไชยปราการ,471.0,365.0,335.0,16.0,14.0,1.0,นายอดุลย์ บุญใส,ภูมิใจไทย,13.0,13,สิบสามบัตร,numeric_text_agree
อำเภอไชยปราการ/ตำบลปงตำ/หน่วยเลือกตั้งที่ 8/สส. 5ทับ18.pdf,8,5.0,ตำบลปงตำ,อำเภอไชยปราการ,471.0,365.0,335.0,16.0,14.0,2.0,นายสมดุลย์ อุดมเจริญ,ประชาชน,50.0,50,ห้าสิบบัตร,numeric_text_agree
อำเภอไชยปราการ/ตำบลปงตำ/หน่วยเลือกตั้งที่ 8/สส. 5ทับ18.pdf,8,5.0,ตำบลปงตำ,อำเภอไชยปราการ,471.0,365.0,335.0,16.0,14.0,3.0,นายเกรียงกมล ศรีมา,ประชาธิปัตย์,4.0,4,สี่บัตร,numeric_text_agree
อำเภอไชยปราการ/ตำบลปงตำ/หน่วยเลือกตั้งที่ 8/สส. 5ทับ18.pdf,8,5.0,ตำบลปงตำ,อำเภอไชยปราการ,471.0,365.0,335.0,16.0,14.0,4.0,นายสันติ ตันสุขี,ก้าวอิสระ,3.0,3,สามบัตร,numeric_text_agree
อำเภอไชยปราการ/ตำบลปงตำ/หน่วยเลือกตั้งที่ 8/สส. 5ทับ18.pdf,8,5.0,ตำบลปงตำ,อำเภอไชยปราการ,471.0,365.0,335.0,16.0,14.0,5.0,นายกาญจน์ คูเจริญชัยกุล,กล้าธรรม,202.0,202,สองร้อยสองบัตร,numeric_text_agree
อำเภอไชยปราการ/ตำบลปงตำ/หน่วยเลือกตั้งที่ 8/สส. 5ทับ18.pdf,8,5.0,ตำบลปงตำ,อำเภอไชยปราการ,471.0,365.0,335.0,16.0,14.0,6.0,นายนิธิกร วุฒินันชัย,เพื่อไทย,34.0,34,สามสิบสี่บัตร,numeric_text_agree
อำเภอไชยปราการ/ตำบลปงตำ/หน่วยเลือกตั้งที่ 8/สส. 5ทับ18.pdf,8,5.0,ตำบลปงตำ,อำเภอไชยปราการ,471.0,365.0,335.0,16.0,14.0,7.0,นายไกร ดาบธรรม,พลังประชารัฐ,25.0,25,ยี่สิบห้าบัตร,numeric_text_agree
อำเภอไชยปราการ/ตำบลปงตำ/หน่วยเลือกตั้งที่ 8/สส. 5ทับ18.pdf,8,5.0,ตำบลปงตำ,อำเภอไชยปราการ,471.0,365.0,335.0,16.0,14.0,8.0,นายพิสิณห์ อุปนันท์,เศรษฐกิจ,0.0,0,ศูนย์บัตร,numeric_only
อำเภอไชยปราการ/ตำบลปงตำ/หน่วยเลือกตั้งที่ 8/สส. 5ทับ18.pdf,8,5.0,ตำบลปงตำ,อำเภอไชยปราการ,471.0,365.0,335.0,16.0,14.0,9.0,นายชาญวิทยายุทธ์ อินทร์แก้ว,ประชากรไทย,4.0,4,สี่บัตร,numeric_text_agree
อำเภอไชยปราการ/ตำบลปงตำ/หน่วยเลือกตั้งที่ 6/สส. 5ทับ18.pdf,6,3.0,ตำบลปงตำ,อำเภอไชยปราการ,724.0,532.0,485.0,30.0,17.0,1.0,นายอดุลย์ บุญใส,ภูมิใจไทย,12.0,12,สิบสอง,numeric_text_agree
อำเภอไชยปราการ/ตำบลปงตำ/หน่วยเลือกตั้งที่ 6/สส. 5ทับ18.pdf,6,3.0,ตำบลปงตำ,อำเภอไชยปราการ,724.0,532.0,485.0,30.0,17.0,2.0,นายสมดุลย์ อุดเจริญ,ประชาชน,130.0,130,หนึ่งร้อยสามสิบ,numeric_text_agree
อำเภอไชยปราการ/ตำบลปงตำ/หน่วยเลือกตั้งที่ 6/สส. 5ทับ18.pdf,6,3.0,ตำบลปงตำ,อำเภอไชยปราการ,724.0,532.0,485.0,30.0,17.0,3.0,นายเกรียงกมล ศรีมา,ประชาธิปัตย์,7.0,7,เจ็ด,numeric_text_agree
อำเภอไชยปราการ/ตำบลปงตำ/หน่วยเลือกตั้งที่ 6/สส. 5ทับ18.pdf,6,3.0,ตำบลปงตำ,อำเภอไชยปราการ,724.0,532.0,485.0,30.0,17.0,4.0,นายสันติ ตันสุข,ก้าวอิสระ,3.0,3,สาม,numeric_text_agree
อำเภอไชยปราการ/ตำบลปงตำ/หน่วยเลือกตั้งที่ 6/สส. 5ทับ18.pdf,6,3.0,ตำบลปงตำ,อำเภอไชยปราการ,724.0,532.0,485.0,30.0,17.0,5.0,นายการุณย์ คูเจริญชัยกุล,กล้าธรรม,193.0,193,หนึ่งร้อยเก้าสิบสาม,numeric_text_agree
อำเภอไชยปราการ/ตำบลปงตำ/หน่วยเลือกตั้งที่ 6/สส. 5ทับ18.pdf,6,3.0,ตำบลปงตำ,อำเภอไชยปราการ,724.0,532.0,485.0,30.0,17.0,6.0,นายนิธากร วุฒินัย,เพื่อไทย,68.0,68,หกสิบแปด,numeric_text_agree
อำเภอไชยปราการ/ตำบลปงตำ/หน่วยเลือกตั้งที่ 6/สส. 5ทับ18.pdf,6,3.0,ตำบลปงตำ,อำเภอไชยปราการ,724.0,532.0,485.0,30.0,17.0,7.0,นายไกร ดาบธรรม,พลังประชารัฐ,51.0,51,ห้าสิบเอ็ด,numeric_text_agree
อำเภอไชยปราการ/ตำบลปงตำ/หน่วยเลือกตั้งที่ 6/สส. 5ทับ18.pdf,6,3.0,ตำบลปงตำ,อำเภอไชยปราการ,724.0,532.0,485.0,30.0,17.0,8.0,นายพิสัณห์ อุปนันท์,เศรษฐกิจ,13.0,13,สิบสาม,numeric_text_agree
อำเภอไชยปราการ/ตำบลปงตำ/หน่วยเลือกตั้งที่ 6/สส. 5ทับ18.pdf,6,3.0,ตำบลปงตำ,อำเภอไชยปราการ,724.0,532.0,485.0,30.0,17.0,9.0,นายชาญวิทยายุทธ์ อินทร์แก้ว,ประชากรไทย,8.0,8,แปด,numeric_text_agree
อำเภอไชยปราการ/ตำบลปงตำ/หน่วยเลือกตั้งที่ 7/สส. 5ทับ18.pdf,7,4.0,ตำบลปงตำ,อำเภอไชยปราการ,327.0,216.0,197.0,10.0,9.0,1.0,นายอดุลย์ บุญใส,ภูมิใจไทย,9.0,9,เก้า,numeric_text_agree
อำเภอไชยปราการ/ตำบลปงตำ/หน่วยเลือกตั้งที่ 7/สส. 5ทับ18.pdf,7,4.0,ตำบลปงตำ,อำเภอไชยปราการ,327.0,216.0,197.0,10.0,9.0,2.0,นายสมดุลย์ อุดเจริญ,ประชาชน,45.0,45,สี่สิบห้า,numeric_text_agree
อำเภอไชยปราการ/ตำบลปงตำ/หน่วยเลือกตั้งที่ 7/สส. 5ทับ18.pdf,7,4.0,ตำบลปงตำ,อำเภอไชยปราการ,327.0,216.0,197.0,10.0,9.0,3.0,นายเกรียงกมล ศรีมา,ประชาธิปัตย์,2.0,2,สอง,numeric_text_agree
อำเภอไชยปราการ/ตำบลปงตำ/หน่วยเลือกตั้งที่ 7/สส. 5ทับ18.pdf,7,4.0,ตำบลปงตำ,อำเภอไชยปราการ,327.0,216.0,197.0,10.0,9.0,4.0,นายสันติ ตันสุข,ก้าวอิสระ,4.0,4,สี่,numeric_text_agree
อำเภอไชยปราการ/ตำบลปงตำ/หน่วยเลือกตั้งที่ 7/สส. 5ทับ18.pdf,7,4.0,ตำบลปงตำ,อำเภอไชยปราการ,327.0,216.0,197.0,10.0,9.0,5.0,นายการุณย์ คูเจริญชัยกุล,กล้าธรรม,100.0,100,หนึ่งร้อย,numeric_text_agree
อำเภอไชยปราการ/ตำบลปงตำ/หน่วยเลือกตั้งที่ 7/สส. 5ทับ18.pdf,7,4.0,ตำบลปงตำ,อำเภอไชยปราการ,327.0,216.0,197.0,10.0,9.0,6.0,นายนิธิกร วุฒินันชัย,เพื่อไทย,27.0,27,ยี่สิบเจ็ด,numeric_text_agree
อำเภอไชยปราการ/ตำบลปงตำ/หน่วยเลือกตั้งที่ 7/สส. 5ทับ18.pdf,7,4.0,ตำบลปงตำ,อำเภอไชยปราการ,327.0,216.0,197.0,10.0,9.0,7.0,นายไกร ดาบธรรม,พลังประชารัฐ,8.0,8,แปด,numeric_text_agree
อำเภอไชยปราการ/ตำบลปงตำ/หน่วยเลือกตั้งที่ 7/สส. 5ทับ18.pdf,7,4.0,ตำบลปงตำ,อำเภอไชยปราการ,327.0,216.0,197.0,10.0,9.0,8.0,นายพิสัณห์ อุปนันท์,เศรษฐกิจ,1.0,1,หนึ่ง,numeric_text_agree
อำเภอไชยปราการ/ตำบลปงตำ/หน่วยเลือกตั้งที่ 7/สส. 5ทับ18.pdf,7,4.0,ตำบลปงตำ,อำเภอไชยปราการ,327.0,216.0,197.0,10.0,9.0,9.0,นายชาญวิทยายุทธ์ อินทร์แก้ว,ประชากรไทย,1.0,1,หนึ่ง,numeric_text_agree
อำเภอไชยปราการ/ตำบลปงตำ/หน่วยเลือกตั้งที่ 9/สส. 5ทับ18.pdf,9,6.0,ตำบลปงตำ,อำเภอไชยปราการ,655.0,487.0,443.0,22.0,22.0,1.0,นายอดุลย์ บุญใส,ภูมิใจไทย,12.0,12,สิบสอง,numeric_text_agree
อำเภอไชยปราการ/ตำบลปงตำ/หน่วยเลือกตั้งที่ 9/สส. 5ทับ18.pdf,9,6.0,ตำบลปงตำ,อำเภอไชยปราการ,655.0,487.0,443.0,22.0,22.0,2.0,นายสมดุลย์ อุดเจริญ,ประชาชน,110.0,110,หนึ่งร้อยสิบ,numeric_text_agree
อำเภอไชยปราการ/ตำบลปงตำ/หน่วยเลือกตั้งที่ 9/สส. 5ทับ18.pdf,9,6.0,ตำบลปงตำ,อำเภอไชยปราการ,655.0,487.0,443.0,22.0,22.0,3.0,นายเกรียงกมล ศรีมา,ประชาธิปัตย์,1.0,1,หนึ่ง,numeric_text_agree
อำเภอไชยปราการ/ตำบลปงตำ/หน่วยเลือกตั้งที่ 9/สส. 5ทับ18.pdf,9,6.0,ตำบลปงตำ,อำเภอไชยปราการ,655.0,487.0,443.0,22.0,22.0,4.0,นายสันติ ตันสุขขี,ก้าวอิสระ,5.0,5,ห้า,numeric_text_agree
อำเภอไชยปราการ/ตำบลปงตำ/หน่วยเลือกตั้งที่ 9/สส. 5ทับ18.pdf,9,6.0,ตำบลปงตำ,อำเภอไชยปราการ,655.0,487.0,443.0,22.0,22.0,5.0,นายการุณย์ คูเจริญชัยกุล,กล้าธรรม,148.0,148,หนึ่งร้อยสี่สิบแปด,numeric_text_agree
อำเภอไชยปราการ/ตำบลปงตำ/หน่วยเลือกตั้งที่ 9/สส. 5ทับ18.pdf,9,6.0,ตำบลปงตำ,อำเภอไชยปราการ,655.0,487.0,443.0,22.0,22.0,6.0,นายนิธิกร วุฒินันชัย,เพื่อไทย,94.0,94,เก้าสิบสี่,numeric_text_agree
อำเภอไชยปราการ/ตำบลปงตำ/หน่วยเลือกตั้งที่ 9/สส. 5ทับ18.pdf,9,6.0,ตำบลปงตำ,อำเภอไชยปราการ,655.0,487.0,443.0,22.0,22.0,7.0,นายไกร ดาบธรรม,พลังประชารัฐ,57.0,57,ห้าสิบเจ็ด,numeric_text_agree
อำเภอไชยปราการ/ตำบลปงตำ/หน่วยเลือกตั้งที่ 9/สส. 5ทับ18.pdf,9,6.0,ตำบลปงตำ,อำเภอไชยปราการ,655.0,487.0,443.0,22.0,22.0,8.0,นายพิสิณฑ์ อุปนันท์,เศรษฐกิจ,7.0,7,เจ็ด,numeric_text_agree
อำเภอไชยปราการ/ตำบลปงตำ/หน่วยเลือกตั้งที่ 9/สส. 5ทับ18.pdf,9,6.0,ตำบลปงตำ,อำเภอไชยปราการ,655.0,487.0,443.0,22.0,22.0,9.0,นายชาญวิทยยุทธ์ อินทร์แก้ว,ประชากรไทย,9.0,9,เก้า,numeric_text_agree
อำเภอไชยปราการ/ตำบลปงตำ/หน่วยเลือกตั้งที่ 5/สส. 5ทับ18.pdf,5,6.0,ตำบลปงตำ,อำเภอไชยปราการ,688.0,456.0,456.0,11.0,12.0,1.0,นายอดุลย์ บุญใส,ภูมิใจไทย,60.0,60,หกสิบ,numeric_text_agree
อำเภอไชยปราการ/ตำบลปงตำ/หน่วยเลือกตั้งที่ 5/สส. 5ทับ18.pdf,5,6.0,ตำบลปงตำ,อำเภอไชยปราการ,688.0,456.0,456.0,11.0,12.0,2.0,นายสมดุลย์ อุดเจริญ,ประชาชน,133.0,133,หนึ่งร้อยสามสิบสาม,numeric_text_agree
อำเภอไชยปราการ/ตำบลปงตำ/หน่วยเลือกตั้งที่ 5/สส. 5ทับ18.pdf,5,6.0,ตำบลปงตำ,อำเภอไชยปราการ,688.0,456.0,456.0,11.0,12.0,3.0,นายเกรียงกมล ศรีมา,ประชาธิปัตย์,57.0,57,ห้าสิบเจ็ด,numeric_text_agree
อำเภอไชยปราการ/ตำบลปงตำ/หน่วยเลือกตั้งที่ 5/สส. 5ทับ18.pdf,5,6.0,ตำบลปงตำ,อำเภอไชยปราการ,688.0,456.0,456.0,11.0,12.0,4.0,นายสันติ ตันสุขขี,ก้าวอิสระ,55.0,55,ห้าสิบห้า,numeric_text_agree
อำเภอไชยปราการ/ตำบลปงตำ/หน่วยเลือกตั้งที่ 5/สส. 5ทับ18.pdf,5,6.0,ตำบลปงตำ,อำเภอไชยปราการ,688.0,456.0,456.0,11.0,12.0,5.0,นายการุณย์ คูเจริญชัยกุล,กล้าธรรม,145.0,145,หนึ่งร้อยสี่สิบห้า,numeric_text_agree
อำเภอไชยปราการ/ตำบลปงตำ/หน่วยเลือกตั้งที่ 5/สส. 5ทับ18.pdf,5,6.0,ตำบลปงตำ,อำเภอไชยปราการ,688.0,456.0,456.0,11.0,12.0,6.0,นายนิธิกร วุฒินันชัย,เพื่อไทย,37.0,37,สามสิบเจ็ด,numeric_text_agree
อำเภอไชยปราการ/ตำบลปงตำ/หน่วยเลือกตั้งที่ 5/สส. 5ทับ18.pdf,5,6.0,ตำบลปงตำ,อำเภอไชยปราการ,688.0,456.0,456.0,11.0,12.0,7.0,นายไกร ดาบธรรม,พลังประชารัฐ,33.0,33,สามสิบสาม,numeric_text_agree
อำเภอไชยปราการ/ตำบลปงตำ/หน่วยเลือกตั้งที่ 5/สส. 5ทับ18.pdf,5,6.0,ตำบลปงตำ,อำเภอไชยปราการ,688.0,456.0,456.0,11.0,12.0,8.0,นายพิสิณห์ อุปนันท์,เศรษฐกิจ,27.0,27,ยี่สิบเจ็ด,numeric_text_agree
อำเภอไชยปราการ/ตำบลปงตำ/หน่วยเลือกตั้งที่ 5/สส. 5ทับ18.pdf,5,6.0,ตำบลปงตำ,อำเภอไชยปราการ,688.0,456.0,456.0,11.0,12.0,9.0,นายชาญวิทยายุทธ์ อินทร์แก้ว,ประชากรไทย,27.0,27,ยี่สิบเจ็ด,numeric_text_agree
อำเภอไชยปราการ/ตำบลปงตำ/หน่วยเลือกตั้งที่ 11/สส. 5ทับ18.pdf,11,8.0,ตำบลปงตำ,อำเภอไชยปราการ,201.0,151.0,134.0,13.0,4.0,1.0,นายอดุลย์ บุญใส,ภูมิใจไทย,1.0,1,หนึ่ง,numeric_text_agree
อำเภอไชยปราการ/ตำบลปงตำ/หน่วยเลือกตั้งที่ 11/สส. 5ทับ18.pdf,11,8.0,ตำบลปงตำ,อำเภอไชยปราการ,201.0,151.0,134.0,13.0,4.0,2.0,นายสมดุลย์ อุดเจริญ,ประชาชน,34.0,34,สามสิบสี่,numeric_text_agree
อำเภอไชยปราการ/ตำบลปงตำ/หน่วยเลือกตั้งที่ 11/สส. 5ทับ18.pdf,11,8.0,ตำบลปงตำ,อำเภอไชยปราการ,201.0,151.0,134.0,13.0,4.0,3.0,นายเกรียงกมล ศรีมา,ประชาธิปัตย์,0.0,0,ศูนย์,numeric_only
อำเภอไชยปราการ/ตำบลปงตำ/หน่วยเลือกตั้งที่ 11/สส. 5ทับ18.pdf,11,8.0,ตำบลปงตำ,อำเภอไชยปราการ,201.0,151.0,134.0,13.0,4.0,4.0,นายสันติ ตันสุหัช,ก้าวอิสระ,1.0,1,หนึ่ง,numeric_text_agree
อำเภอไชยปราการ/ตำบลปงตำ/หน่วยเลือกตั้งที่ 11/สส. 5ทับ18.pdf,11,8.0,ตำบลปงตำ,อำเภอไชยปราการ,201.0,151.0,134.0,13.0,4.0,5.0,นายการุณย์ คูเจริญชัยกุล,กล้าธรรม,62.0,62,หกสิบสอง,numeric_text_agree
อำเภอไชยปราการ/ตำบลปงตำ/หน่วยเลือกตั้งที่ 11/สส. 5ทับ18.pdf,11,8.0,ตำบลปงตำ,อำเภอไชยปราการ,201.0,151.0,134.0,13.0,4.0,6.0,นายนิธกร วุฒินันชัย,เพื่อไทย,18.0,18,สิบแปด,numeric_text_agree
อำเภอไชยปราการ/ตำบลปงตำ/หน่วยเลือกตั้งที่ 11/สส. 5ทับ18.pdf,11,8.0,ตำบลปงตำ,อำเภอไชยปราการ,201.0,151.0,134.0,13.0,4.0,7.0,นายไกร ดาบธรรม,พลังประชารัฐ,12.0,12,สิบสอง,numeric_text_agree
อำเภอไชยปราการ/ตำบลปงตำ/หน่วยเลือกตั้งที่ 11/สส. 5ทับ18.pdf,11,8.0,ตำบลปงตำ,อำเภอไชยปราการ,201.0,151.0,134.0,13.0,4.0,8.0,นายพิสัณห์ อุปนันท์,เศรษฐกิจ,2.0,2,สอง,numeric_text_agree
อำเภอไชยปราการ/ตำบลปงตำ/หน่วยเลือกตั้งที่ 11/สส. 5ทับ18.pdf,11,8.0,ตำบลปงตำ,อำเภอไชยปราการ,201.0,151.0,134.0,13.0,4.0,9.0,นายชาญวิทยายุทธ์ อินทร์แก้ว,ประชากรไทย,4.0,4,สี่,numeric_text_agree
อำเภอไชยปราการ/ตำบลปงตำ/หน่วยเลือกตั้งที่ 2/สส. 5ทับ18.pdf,2,1.0,ตำบลปงตำ,อำเภอไชยปราการ,488.0,346.0,319.0,11.0,16.0,1.0,นายอดุลย์ บุญใส,ภูมิใจไทย,72.0,72,เจ็ดสิบสอง,numeric_text_agree
อำเภอไชยปราการ/ตำบลปงตำ/หน่วยเลือกตั้งที่ 2/สส. 5ทับ18.pdf,2,1.0,ตำบลปงตำ,อำเภอไชยปราการ,488.0,346.0,319.0,11.0,16.0,2.0,นายสมดุลย์ อุดมเจริญ,ประชาชน,72.0,72,เจ็ดสิบสอง,numeric_text_agree
อำเภอไชยปราการ/ตำบลปงตำ/หน่วยเลือกตั้งที่ 2/สส. 5ทับ18.pdf,2,1.0,ตำบลปงตำ,อำเภอไชยปราการ,488.0,346.0,319.0,11.0,16.0,3.0,นายเกรียงกมล ศรีมา,ประชาธิปัตย์,4.0,4,สี่,numeric_text_agree
อำเภอไชยปราการ/ตำบลปงตำ/หน่วยเลือกตั้งที่ 2/สส. 5ทับ18.pdf,2,1.0,ตำบลปงตำ,อำเภอไชยปราการ,488.0,346.0,319.0,11.0,16.0,4.0,นายสันติ ตันสุขท้อ,ก้าวอิสระ,2.0,2,สอง,numeric_text_agree
อำเภอไชยปราการ/ตำบลปงตำ/หน่วยเลือกตั้งที่ 2/สส. 5ทับ18.pdf,2,1.0,ตำบลปงตำ,อำเภอไชยปราการ,488.0,346.0,319.0,11.0,16.0,5.0,นายการุณย์ คูเจริญชัยกุล,กล้าธรรม,122.0,122,หนึ่งร้อยยี่สิบสอง,numeric_text_agree
อำเภอไชยปราการ/ตำบลปงตำ/หน่วยเลือกตั้งที่ 2/สส. 5ทับ18.pdf,2,1.0,ตำบลปงตำ,อำเภอไชยปราการ,488.0,346.0,319.0,11.0,16.0,6.0,นายนิกร วุฒินันชัย,เพื่อไทย,88.0,88,แปดสิบแปด,numeric_text_agree
อำเภอไชยปราการ/ตำบลปงตำ/หน่วยเลือกตั้งที่ 2/สส. 5ทับ18.pdf,2,1.0,ตำบลปงตำ,อำเภอไชยปราการ,488.0,346.0,319.0,11.0,16.0,7.0,นายไกร ดาบธรรม,พลังประชารัฐ,24.0,24,ยี่สิบสี่,numeric_text_agree
อำเภอไชยปราการ/ตำบลปงตำ/หน่วยเลือกตั้งที่ 2/สส. 5ทับ18.pdf,2,1.0,ตำบลปงตำ,อำเภอไชยปราการ,488.0,346.0,319.0,11.0,16.0,8.0,นายพิสิษฐ์ อุปนันท์,เศรษฐกิจ,7.0,7,เจ็ด,numeric_text_agree
อำเภอไชยปราการ/ตำบลปงตำ/หน่วยเลือกตั้งที่ 2/สส. 5ทับ18.pdf,2,1.0,ตำบลปงตำ,อำเภอไชยปราการ,488.0,346.0,319.0,11.0,16.0,9.0,นายชาญวิทยายุทธ์ อินทร์แก้ว,ประชากรไทย,10.0,10,สิบ,numeric_text_agree
อำเภอไชยปราการ/ตำบลปงตำ/หน่วยเลือกตั้งที่ 3/สส. 5ทับ18.pdf,3,2.0,ตำบลปงตำ,อำเภอไชยปราการ,663.0,419.0,386.0,18.0,15.0,1.0,นายอดุลย์ บุญใส,ภูมิใจไทย,22.0,22,ยี่สิบสอง,numeric_text_agree
อำเภอไชยปราการ/ตำบลปงตำ/หน่วยเลือกตั้งที่ 3/สส. 5ทับ18.pdf,3,2.0,ตำบลปงตำ,อำเภอไชยปราการ,663.0,419.0,386.0,18.0,15.0,2.0,นายสมดุลย์ อุดเจริญ,ประชาชน,103.0,103,หนึ่งร้อยสาม,numeric_text_agree
อำเภอไชยปราการ/ตำบลปงตำ/หน่วยเลือกตั้งที่ 3/สส. 5ทับ18.pdf,3,2.0,ตำบลปงตำ,อำเภอไชยปราการ,663.0,419.0,386.0,18.0,15.0,3.0,นายเกรียงกมล ศรีมา,ประชาธิปัตย์,3.0,3,สาม,numeric_text_agree
อำเภอไชยปราการ/ตำบลปงตำ/หน่วยเลือกตั้งที่ 3/สส. 5ทับ18.pdf,3,2.0,ตำบลปงตำ,อำเภอไชยปราการ,663.0,419.0,386.0,18.0,15.0,4.0,นายสันติ ตันสุขขี,ก้าวอิสระ,5.0,5,ห้า,numeric_text_agree
อำเภอไชยปราการ/ตำบลปงตำ/หน่วยเลือกตั้งที่ 3/สส. 5ทับ18.pdf,3,2.0,ตำบลปงตำ,อำเภอไชยปราการ,663.0,419.0,386.0,18.0,15.0,5.0,นายการุณย์ คูเจริญชัยกุล,กล้าธรรม,125.0,125,หนึ่งร้อยยี่สิบห้า,numeric_text_agree
อำเภอไชยปราการ/ตำบลปงตำ/หน่วยเลือกตั้งที่ 3/สส. 5ทับ18.pdf,3,2.0,ตำบลปงตำ,อำเภอไชยปราการ,663.0,419.0,386.0,18.0,15.0,6.0,นายนิธิกร วุฒินันชัย,เพื่อไทย,80.0,80,แปดสิบ,numeric_text_agree
อำเภอไชยปราการ/ตำบลปงตำ/หน่วยเลือกตั้งที่ 3/สส. 5ทับ18.pdf,3,2.0,ตำบลปงตำ,อำเภอไชยปราการ,663.0,419.0,386.0,18.0,15.0,7.0,นายไกร ดาบธรรม,พลังประชารัฐ,23.0,23,ยี่สิบสาม,numeric_text_agree
อำเภอไชยปราการ/ตำบลปงตำ/หน่วยเลือกตั้งที่ 3/สส. 5ทับ18.pdf,3,2.0,ตำบลปงตำ,อำเภอไชยปราการ,663.0,419.0,386.0,18.0,15.0,8.0,นายพิสัณห์ อุปนันท์,เศรษฐกิจ,14.0,14,สิบสี่,numeric_text_agree
อำเภอไชยปราการ/ตำบลปงตำ/หน่วยเลือกตั้งที่ 3/สส. 5ทับ18.pdf,3,2.0,ตำบลปงตำ,อำเภอไชยปราการ,663.0,419.0,386.0,18.0,15.0,9.0,นายชาญวิทยายุทธ อินทร์แก้ว,ประชากรไทย,11.0,11,สิบเอ็ด,numeric_text_agree
อำเภอไชยปราการ/ตำบลปงตำ/หน่วยเลือกตั้งที่ 4/สส. 5ทับ18.pdf,4,2.0,ตำบลปงตำ,อำเภอไชยปราการ,670.0,468.0,412.0,20.0,36.0,1.0,นายอดุลย์ บุญใส,ภูมิใจไทย,24.0,24,ยี่สิบสี่,numeric_text_agree
อำเภอไชยปราการ/ตำบลปงตำ/หน่วยเลือกตั้งที่ 4/สส. 5ทับ18.pdf,4,2.0,ตำบลปงตำ,อำเภอไชยปราการ,670.0,468.0,412.0,20.0,36.0,2.0,นายสมดุลย์ อุดเจริญ,ประชาชน,102.0,102,หนึ่งร้อยสอง,numeric_text_agree
อำเภอไชยปราการ/ตำบลปงตำ/หน่วยเลือกตั้งที่ 4/สส. 5ทับ18.pdf,4,2.0,ตำบลปงตำ,อำเภอไชยปราการ,670.0,468.0,412.0,20.0,36.0,3.0,นายเกรียงกมล ศรีมา,ประชาธิปัตย์,9.0,9,เก้า,numeric_text_agree
อำเภอไชยปราการ/ตำบลปงตำ/หน่วยเลือกตั้งที่ 4/สส. 5ทับ18.pdf,4,2.0,ตำบลปงตำ,อำเภอไชยปราการ,670.0,468.0,412.0,20.0,36.0,4.0,นายสันติ ตันสุขท้อ,ก้าวอิสระ,4.0,4,สี่,numeric_text_agree
อำเภอไชยปราการ/ตำบลปงตำ/หน่วยเลือกตั้งที่ 4/สส. 5ทับ18.pdf,4,2.0,ตำบลปงตำ,อำเภอไชยปราการ,670.0,468.0,412.0,20.0,36.0,5.0,นายการุณย์ คูเจริญชัยกุล,กล้าธรรม,161.0,161,หนึ่งร้อยหกสิบเอ็ด,numeric_text_agree
อำเภอไชยปราการ/ตำบลปงตำ/หน่วยเลือกตั้งที่ 4/สส. 5ทับ18.pdf,4,2.0,ตำบลปงตำ,อำเภอไชยปราการ,670.0,468.0,412.0,20.0,36.0,6.0,นายนิธิกร วุฒินันชัย,เพื่อไทย,69.0,69,หกสิบเก้า,numeric_text_agree
อำเภอไชยปราการ/ตำบลปงตำ/หน่วยเลือกตั้งที่ 4/สส. 5ทับ18.pdf,4,2.0,ตำบลปงตำ,อำเภอไชยปราการ,670.0,468.0,412.0,20.0,36.0,7.0,นายไกร ดาบธรรม,พลังประชารัฐ,29.0,29,ยี่สิบเก้า,numeric_text_agree
อำเภอไชยปราการ/ตำบลปงตำ/หน่วยเลือกตั้งที่ 4/สส. 5ทับ18.pdf,4,2.0,ตำบลปงตำ,อำเภอไชยปราการ,670.0,468.0,412.0,20.0,36.0,8.0,นายพิสัณห์ อุปนันท์,เศรษฐกิจ,9.0,9,เก้า,numeric_text_agree
อำเภอไชยปราการ/ตำบลปงตำ/หน่วยเลือกตั้งที่ 4/สส. 5ทับ18.pdf,4,2.0,ตำบลปงตำ,อำเภอไชยปราการ,670.0,468.0,412.0,20.0,36.0,9.0,นายชาญวิทยายุทธ์ อินทร์แก้ว,ประชากรไทย,5.0,5,ห้า,numeric_text_agree
อำเภอไชยปราการ/ตำบลปงตำ/หน่วยเลือกตั้งที่ 10/สส. 5ทับ18.pdf,10,7.0,ตำบลปงตำ,อำเภอไชยปราการ,621.0,379.0,340.0,23.0,16.0,1.0,นายอดุลย์ บุญใส,ภูมิใจไทย,6.0,6,หก,numeric_text_agree
อำเภอไชยปราการ/ตำบลปงตำ/หน่วยเลือกตั้งที่ 10/สส. 5ทับ18.pdf,10,7.0,ตำบลปงตำ,อำเภอไชยปราการ,621.0,379.0,340.0,23.0,16.0,2.0,นายสมดุลย์ อุตเจริญ,ประชาชน,83.0,83,แปดสิบสาม,numeric_text_agree
อำเภอไชยปราการ/ตำบลปงตำ/หน่วยเลือกตั้งที่ 10/สส. 5ทับ18.pdf,10,7.0,ตำบลปงตำ,อำเภอไชยปราการ,621.0,379.0,340.0,23.0,16.0,3.0,นายเกรียงกมล ศรีมา,ประชาธิปัตย์,6.0,6,หก,numeric_text_agree
อำเภอไชยปราการ/ตำบลปงตำ/หน่วยเลือกตั้งที่ 10/สส. 5ทับ18.pdf,10,7.0,ตำบลปงตำ,อำเภอไชยปราการ,621.0,379.0,340.0,23.0,16.0,4.0,นายสันติ ตันสุขี,ก้าวอิสระ,7.0,7,เจ็ด,numeric_text_agree
อำเภอไชยปราการ/ตำบลปงตำ/หน่วยเลือกตั้งที่ 10/สส. 5ทับ18.pdf,10,7.0,ตำบลปงตำ,อำเภอไชยปราการ,621.0,379.0,340.0,23.0,16.0,5.0,นายกาญจน์ คูเจริญชัยกุล,กล้าธรรม,144.0,144,หนึ่งร้อยสี่สิบสี่,numeric_text_agree
อำเภอไชยปราการ/ตำบลปงตำ/หน่วยเลือกตั้งที่ 10/สส. 5ทับ18.pdf,10,7.0,ตำบลปงตำ,อำเภอไชยปราการ,621.0,379.0,340.0,23.0,16.0,6.0,นายนิกร วุฒินันชัย,เพื่อไทย,10.0,10,สิบ,numeric_text_agree
อำเภอไชยปราการ/ตำบลปงตำ/หน่วยเลือกตั้งที่ 10/สส. 5ทับ18.pdf,10,7.0,ตำบลปงตำ,อำเภอไชยปราการ,621.0,379.0,340.0,23.0,16.0,7.0,นายไกร ดาบธรรม,พลังประชารัฐ,74.0,74,เจ็ดสิบสี่,numeric_text_agree
อำเภอไชยปราการ/ตำบลปงตำ/หน่วยเลือกตั้งที่ 10/สส. 5ทับ18.pdf,10,7.0,ตำบลปงตำ,อำเภอไชยปราการ,621.0,379.0,340.0,23.0,16.0,8.0,นายพิสิษฐ์ อุปนันท์,เศรษฐกิจ,8.0,8,แปด,numeric_text_agree
อำเภอไชยปราการ/ตำบลปงตำ/หน่วยเลือกตั้งที่ 10/สส. 5ทับ18.pdf,10,7.0,ตำบลปงตำ,อำเภอไชยปราการ,621.0,379.0,340.0,23.0,16.0,9.0,นายชาญวิทยายุทธ์ อินทร์แก้ว,ประชากรไทย,2.0,2,สอง,numeric_text_agree
อำเภอไชยปราการ/ตำบลปงตำ/หน่วยเลือกตั้งที่ 1/สส. 5ทับ18.pdf,1,1.0,ตำบลปงตำ,อำเภอไชยปราการ,499.0,349.0,323.0,11.0,15.0,1.0,นายอดุลย์ บุญใส,ภูมิใจไทย,40.0,40,สี่สิบคะแนน,numeric_text_agree
อำเภอไชยปราการ/ตำบลปงตำ/หน่วยเลือกตั้งที่ 1/สส. 5ทับ18.pdf,1,1.0,ตำบลปงตำ,อำเภอไชยปราการ,499.0,349.0,323.0,11.0,15.0,2.0,นายสมดุลย์ อุดเจริญ,ประชาชน,85.0,85,แปดสิบห้าคะแนน,numeric_text_agree
อำเภอไชยปราการ/ตำบลปงตำ/หน่วยเลือกตั้งที่ 1/สส. 5ทับ18.pdf,1,1.0,ตำบลปงตำ,อำเภอไชยปราการ,499.0,349.0,323.0,11.0,15.0,3.0,นายเกรียงกมล ศรีมา,ประชาธิปัตย์,1.0,1,หนึ่งคะแนน,numeric_text_agree
อำเภอไชยปราการ/ตำบลปงตำ/หน่วยเลือกตั้งที่ 1/สส. 5ทับ18.pdf,1,1.0,ตำบลปงตำ,อำเภอไชยปราการ,499.0,349.0,323.0,11.0,15.0,4.0,นายสันติ ตันสุข,ก้าวอิสระ,1.0,1,หนึ่งคะแนน,numeric_text_agree
อำเภอไชยปราการ/ตำบลปงตำ/หน่วยเลือกตั้งที่ 1/สส. 5ทับ18.pdf,1,1.0,ตำบลปงตำ,อำเภอไชยปราการ,499.0,349.0,323.0,11.0,15.0,5.0,นายการุณย์ คูเจริญชัยกุล,กล้าธรรม,14.0,14,สิบสี่คะแนน,numeric_text_agree
อำเภอไชยปราการ/ตำบลปงตำ/หน่วยเลือกตั้งที่ 1/สส. 5ทับ18.pdf,1,1.0,ตำบลปงตำ,อำเภอไชยปราการ,499.0,349.0,323.0,11.0,15.0,6.0,นายนิธิกร วุฒินันชัย,เพื่อไทย,50.0,50,ห้าสิบคะแนน,numeric_text_agree
อำเภอไชยปราการ/ตำบลปงตำ/หน่วยเลือกตั้งที่ 1/สส. 5ทับ18.pdf,1,1.0,ตำบลปงตำ,อำเภอไชยปราการ,499.0,349.0,323.0,11.0,15.0,7.0,นายไกร ดาบธรรม,พลังประชารัฐ,20.0,20,ยี่สิบคะแนน,numeric_text_agree
อำเภอไชยปราการ/ตำบลปงตำ/หน่วยเลือกตั้งที่ 1/สส. 5ทับ18.pdf,1,1.0,ตำบลปงตำ,อำเภอไชยปราการ,499.0,349.0,323.0,11.0,15.0,8.0,นายพิสิณฑ์ อุปนันท์,เศรษฐกิจ,0.0,0,ศูนย์คะแนน,numeric_only
อำเภอไชยปราการ/ตำบลปงตำ/หน่วยเลือกตั้งที่ 1/สส. 5ทับ18.pdf,1,1.0,ตำบลปงตำ,อำเภอไชยปราการ,499.0,349.0,323.0,11.0,15.0,9.0,นายชาญวิทยายุทธ์ อินทร์แก้ว,ประชากรไทย,2.0,2,สองคะแนน,numeric_text_agree
อำเภอแม่อาย/ตำบลแม่สาว/หน่วยเลือกตั้งที่ 6/สส. 5ทับ18.pdf,6,6.0,ตำบลแม่สาว,อำเภอแม่อาย,493.0,312.0,295.0,17.0,,1.0,นายอดุลย์ บุญใส,ภูมิใจไทย,11.0,11,สิบเอ็ด,numeric_text_agree
อำเภอแม่อาย/ตำบลแม่สาว/หน่วยเลือกตั้งที่ 6/สส. 5ทับ18.pdf,6,6.0,ตำบลแม่สาว,อำเภอแม่อาย,493.0,312.0,295.0,17.0,,2.0,นายสมดุลย์ อุดเจริญ,ประชาชน,55.0,55,ห้าสิบห้า,numeric_text_agree
อำเภอแม่อาย/ตำบลแม่สาว/หน่วยเลือกตั้งที่ 6/สส. 5ทับ18.pdf,6,6.0,ตำบลแม่สาว,อำเภอแม่อาย,493.0,312.0,295.0,17.0,,3.0,นายเกรียงกมล ศรีมา,ประชาธิปัตย์,1.0,1,หนึ่ง,numeric_text_agree
อำเภอแม่อาย/ตำบลแม่สาว/หน่วยเลือกตั้งที่ 6/สส. 5ทับ18.pdf,6,6.0,ตำบลแม่สาว,อำเภอแม่อาย,493.0,312.0,295.0,17.0,,4.0,นายสันติ ตันสุหัช,ก้าวอิสระ,2.0,2,สอง,numeric_text_agree
อำเภอแม่อาย/ตำบลแม่สาว/หน่วยเลือกตั้งที่ 6/สส. 5ทับ18.pdf,6,6.0,ตำบลแม่สาว,อำเภอแม่อาย,493.0,312.0,295.0,17.0,,5.0,นายการุณย์ คูเจริญชัยกุล,กล้าธรรม,72.0,72,เจ็ดสิบสอง,numeric_text_agree
อำเภอแม่อาย/ตำบลแม่สาว/หน่วยเลือกตั้งที่ 6/สส. 5ทับ18.pdf,6,6.0,ตำบลแม่สาว,อำเภอแม่อาย,493.0,312.0,295.0,17.0,,6.0,นายนิธิกร วุฒิมันชัย,เพื่อไทย,45.0,45,สี่สิบห้า,numeric_text_agree
อำเภอแม่อาย/ตำบลแม่สาว/หน่วยเลือกตั้งที่ 6/สส. 5ทับ18.pdf,6,6.0,ตำบลแม่สาว,อำเภอแม่อาย,493.0,312.0,295.0,17.0,,7.0,นายไกร ดาบธรรม,พลังประชารัฐ,101.0,101,หนึ่งร้อยหนึ่ง,numeric_text_agree
อำเภอแม่อาย/ตำบลแม่สาว/หน่วยเลือกตั้งที่ 6/สส. 5ทับ18.pdf,6,6.0,ตำบลแม่สาว,อำเภอแม่อาย,493.0,312.0,295.0,17.0,,8.0,นายพิสัณห์ อุปนันท์,เศรษฐกิจ,2.0,2,สอง,numeric_text_agree
อำเภอแม่อาย/ตำบลแม่สาว/หน่วยเลือกตั้งที่ 6/สส. 5ทับ18.pdf,6,6.0,ตำบลแม่สาว,อำเภอแม่อาย,493.0,312.0,295.0,17.0,,9.0,นายชาญวิทยายุทธ อินทร์แก้ว,ประชากรไทย,6.0,6,หก,numeric_text_agree
อำเภอแม่อาย/ตำบลแม่สาว/หน่วยเลือกตั้งที่ 9/สส. 5ทับ18.pdf,9,8.0,ตำบลแม่สาว,อำเภอแม่อาย,425.0,333.0,310.0,11.0,12.0,1.0,นายอดุลย์ บุญใส,ภูมิใจไทย,4.0,4,สี่,numeric_text_agree
อำเภอแม่อาย/ตำบลแม่สาว/หน่วยเลือกตั้งที่ 9/สส. 5ทับ18.pdf,9,8.0,ตำบลแม่สาว,อำเภอแม่อาย,425.0,333.0,310.0,11.0,12.0,2.0,นายสมดุลย์ อุดเจริญ,ประชาชน,54.0,54,ห้าสิบสี่,numeric_text_agree
อำเภอแม่อาย/ตำบลแม่สาว/หน่วยเลือกตั้งที่ 9/สส. 5ทับ18.pdf,9,8.0,ตำบลแม่สาว,อำเภอแม่อาย,425.0,333.0,310.0,11.0,12.0,3.0,นายเกรียงกมล ศรีมา,ประชาธิปัตย์,0.0,0,ศูนย์,numeric_only
อำเภอแม่อาย/ตำบลแม่สาว/หน่วยเลือกตั้งที่ 9/สส. 5ทับ18.pdf,9,8.0,ตำบลแม่สาว,อำเภอแม่อาย,425.0,333.0,310.0,11.0,12.0,4.0,นายสันติ ตันสุขหัย,ก้าวอิสระ,0.0,0,ศูนย์,numeric_only
อำเภอแม่อาย/ตำบลแม่สาว/หน่วยเลือกตั้งที่ 9/สส. 5ทับ18.pdf,9,8.0,ตำบลแม่สาว,อำเภอแม่อาย,425.0,333.0,310.0,11.0,12.0,5.0,นายการุณย์ คูเจริญชัยกุล,กล้าธรรม,128.0,128,หนึ่งร้อยยี่สิบแปด,numeric_text_agree
อำเภอแม่อาย/ตำบลแม่สาว/หน่วยเลือกตั้งที่ 9/สส. 5ทับ18.pdf,9,8.0,ตำบลแม่สาว,อำเภอแม่อาย,425.0,333.0,310.0,11.0,12.0,6.0,นายนิธินร วุฒินัย,เพื่อไทย,68.0,68,หกสิบแปด,numeric_text_agree
อำเภอแม่อาย/ตำบลแม่สาว/หน่วยเลือกตั้งที่ 9/สส. 5ทับ18.pdf,9,8.0,ตำบลแม่สาว,อำเภอแม่อาย,425.0,333.0,310.0,11.0,12.0,7.0,นายไกร ดาบธรรม,พลังประชารัฐ,46.0,46,สี่สิบหก,numeric_text_agree
อำเภอแม่อาย/ตำบลแม่สาว/หน่วยเลือกตั้งที่ 9/สส. 5ทับ18.pdf,9,8.0,ตำบลแม่สาว,อำเภอแม่อาย,425.0,333.0,310.0,11.0,12.0,8.0,นายพิสิณห์ อุปนันท์,เศรษฐกิจ,0.0,0,ศูนย์,numeric_only
อำเภอแม่อาย/ตำบลแม่สาว/หน่วยเลือกตั้งที่ 9/สส. 5ทับ18.pdf,9,8.0,ตำบลแม่สาว,อำเภอแม่อาย,425.0,333.0,310.0,11.0,12.0,9.0,นายชาญวิทยายุทธ์ อินทร์แก้ว,ประชากรไทย,10.0,10,สิบ,numeric_text_agree
อำเภอแม่อาย/ตำบลแม่สาว/หน่วยเลือกตั้งที่ 8/สส. 5ทับ18.pdf,8,7.0,ตำบลแม่สาว,อำเภอแม่อาย,280.0,222.0,206.0,5.0,11.0,1.0,นายอดุลย์ บุญใส,ภูมิใจไทย,7.0,7,เจ็ด,numeric_text_agree
อำเภอแม่อาย/ตำบลแม่สาว/หน่วยเลือกตั้งที่ 8/สส. 5ทับ18.pdf,8,7.0,ตำบลแม่สาว,อำเภอแม่อาย,280.0,222.0,206.0,5.0,11.0,2.0,นายสมดุลย์ อุดเจริญ,ประชาชน,52.0,52,ห้าสิบสอง,numeric_text_agree
อำเภอแม่อาย/ตำบลแม่สาว/หน่วยเลือกตั้งที่ 8/สส. 5ทับ18.pdf,8,7.0,ตำบลแม่สาว,อำเภอแม่อาย,280.0,222.0,206.0,5.0,11.0,3.0,นายเกรียงกมล ศรีมา,ประชาธิปัตย์,0.0,0,ศูนย์,numeric_only
อำเภอแม่อาย/ตำบลแม่สาว/หน่วยเลือกตั้งที่ 8/สส. 5ทับ18.pdf,8,7.0,ตำบลแม่สาว,อำเภอแม่อาย,280.0,222.0,206.0,5.0,11.0,4.0,นายสันติ ตันสุขี,ก้าวอิสระ,12.0,12,สิบสอง,numeric_text_agree
อำเภอแม่อาย/ตำบลแม่สาว/หน่วยเลือกตั้งที่ 8/สส. 5ทับ18.pdf,8,7.0,ตำบลแม่สาว,อำเภอแม่อาย,280.0,222.0,206.0,5.0,11.0,5.0,นายการุณย์ คูเจริญชัยกุล,กล้าธรรม,64.0,64,หกสิบสี่,numeric_text_agree
อำเภอแม่อาย/ตำบลแม่สาว/หน่วยเลือกตั้งที่ 8/สส. 5ทับ18.pdf,8,7.0,ตำบลแม่สาว,อำเภอแม่อาย,280.0,222.0,206.0,5.0,11.0,6.0,นายนิธิกร วุฒินัย,เพื่อไทย,29.0,29,ยี่สิบเก้า,numeric_text_agree
อำเภอแม่อาย/ตำบลแม่สาว/หน่วยเลือกตั้งที่ 8/สส. 5ทับ18.pdf,8,7.0,ตำบลแม่สาว,อำเภอแม่อาย,280.0,222.0,206.0,5.0,11.0,7.0,นายไกร ดาบธรรม,พลังประชารัฐ,38.0,38,สามสิบแปด,numeric_text_agree
อำเภอแม่อาย/ตำบลแม่สาว/หน่วยเลือกตั้งที่ 8/สส. 5ทับ18.pdf,8,7.0,ตำบลแม่สาว,อำเภอแม่อาย,280.0,222.0,206.0,5.0,11.0,8.0,นายพิสัณห์ อุปนันท์,เศรษฐกิจ,2.0,2,สอง,numeric_text_agree
อำเภอแม่อาย/ตำบลแม่สาว/หน่วยเลือกตั้งที่ 8/สส. 5ทับ18.pdf,8,7.0,ตำบลแม่สาว,อำเภอแม่อาย,280.0,222.0,206.0,5.0,11.0,9.0,นายชาญวิทยายุทธ์ อินทร์แก้ว,ประชากรไทย,2.0,2,สอง,numeric_text_agree
อำเภอแม่อาย/ตำบลแม่สาว/หน่วยเลือกตั้งที่ 7/สส. 5ทับ18.pdf,7,8.0,ตำบลแม่สาว,อำเภอแม่อาย,477.0,351.0,322.0,26.0,3.0,1.0,นายอดุลย์ บุญใส,ภูมิใจไทย,18.0,18,สิบแปด,numeric_text_agree
อำเภอแม่อาย/ตำบลแม่สาว/หน่วยเลือกตั้งที่ 7/สส. 5ทับ18.pdf,7,8.0,ตำบลแม่สาว,อำเภอแม่อาย,477.0,351.0,322.0,26.0,3.0,2.0,นายสมดุลย์ อุดเจริญ,ประชาชน,71.0,71,เจ็ดสิบเอ็ด,numeric_text_agree
อำเภอแม่อาย/ตำบลแม่สาว/หน่วยเลือกตั้งที่ 7/สส. 5ทับ18.pdf,7,8.0,ตำบลแม่สาว,อำเภอแม่อาย,477.0,351.0,322.0,26.0,3.0,3.0,นายเกรียงกมล ศรีมา,ประชาธิปัตย์,2.0,2,สอง,numeric_text_agree
อำเภอแม่อาย/ตำบลแม่สาว/หน่วยเลือกตั้งที่ 7/สส. 5ทับ18.pdf,7,8.0,ตำบลแม่สาว,อำเภอแม่อาย,477.0,351.0,322.0,26.0,3.0,4.0,นายสันติ ตันสุข,ก้าวอิสระ,3.0,3,สาม,numeric_text_agree
อำเภอแม่อาย/ตำบลแม่สาว/หน่วยเลือกตั้งที่ 7/สส. 5ทับ18.pdf,7,8.0,ตำบลแม่สาว,อำเภอแม่อาย,477.0,351.0,322.0,26.0,3.0,5.0,นายการุณย์ คูเจริญชัยกุล,กล้าธรรม,40.0,40,สี่สิบ,numeric_text_agree
อำเภอแม่อาย/ตำบลแม่สาว/หน่วยเลือกตั้งที่ 7/สส. 5ทับ18.pdf,7,8.0,ตำบลแม่สาว,อำเภอแม่อาย,477.0,351.0,322.0,26.0,3.0,6.0,นายนิธิกร วุฒินันชัย,เพื่อไทย,27.0,27,ยี่สิบเจ็ด,numeric_text_agree
อำเภอแม่อาย/ตำบลแม่สาว/หน่วยเลือกตั้งที่ 7/สส. 5ทับ18.pdf,7,8.0,ตำบลแม่สาว,อำเภอแม่อาย,477.0,351.0,322.0,26.0,3.0,7.0,นายไกร ดาบธรรม,พลังประชารัฐ,156.0,156,หนึ่งร้อยห้าสิบหก,numeric_text_agree
อำเภอแม่อาย/ตำบลแม่สาว/หน่วยเลือกตั้งที่ 7/สส. 5ทับ18.pdf,7,8.0,ตำบลแม่สาว,อำเภอแม่อาย,477.0,351.0,322.0,26.0,3.0,8.0,นายพิสัณห์ อุปนันท์,เศรษฐกิจ,2.0,2,สอง,numeric_text_agree
อำเภอแม่อาย/ตำบลแม่สาว/หน่วยเลือกตั้งที่ 7/สส. 5ทับ18.pdf,7,8.0,ตำบลแม่สาว,อำเภอแม่อาย,477.0,351.0,322.0,26.0,3.0,9.0,นายชาญวิทยายุทธ์ อินทร์แก้ว,ประชากรไทย,3.0,3,สาม,numeric_text_agree
อำเภอแม่อาย/ตำบลแม่สาว/หน่วยเลือกตั้งที่ 5/สส. 5ทับ18.pdf,5,,ตำบลแม่สาว,อำเภอแม่อาย,,,,,,2.0,นายสุรศักดิ์,พรรคเพื่อไทย,,,,missing
อำเภอแม่อาย/ตำบลแม่สาว/หน่วยเลือกตั้งที่ 5/สส. 5ทับ18.pdf,5,,ตำบลแม่สาว,อำเภอแม่อาย,,,,,,3.0,นาย,พรรคก้าวไกล,,,,missing
อำเภอแม่อาย/ตำบลแม่สาว/หน่วยเลือกตั้งที่ 5/สส. 5ทับ18.pdf,5,,ตำบลแม่สาว,อำเภอแม่อาย,,,,,,10.0,นาย,พรรคภูมิใจไทย,,,,missing
อำเภอแม่อาย/ตำบลแม่สาว/หน่วยเลือกตั้งที่ 5/สส. 5ทับ18.pdf,5,,ตำบลแม่สาว,อำเภอแม่อาย,,,,,,9.0,นาย,พรรคพลังประชารัฐ,,,,missing
อำเภอแม่อาย/ตำบลแม่สาว/หน่วยเลือกตั้งที่ 5/สส. 5ทับ18.pdf,5,,ตำบลแม่สาว,อำเภอแม่อาย,,,,,,7.0,นาย,พรรครวมไทยสร้างชาติ,,,,missing
อำเภอแม่อาย/ตำบลแม่สาว/หน่วยเลือกตั้งที่ 5/สส. 5ทับ18.pdf,5,,ตำบลแม่สาว,อำเภอแม่อาย,,,,,,2.0,นาย,พรรคประชาธิปัตย์,,,,missing
อำเภอแม่อาย/ตำบลแม่สาว/หน่วยเลือกตั้งที่ 5/สส. 5ทับ18.pdf,5,,ตำบลแม่สาว,อำเภอแม่อาย,,,,,,19.0,นาย,พรรคชาติไทยพัฒนา,,,,missing
อำเภอแม่อาย/ตำบลแม่สาว/หน่วยเลือกตั้งที่ 5/สส. 5ทับ18.pdf,5,,ตำบลแม่สาว,อำเภอแม่อาย,,,,,,8.0,นาย,พรรคเสรีรวมไทย,,,,missing
อำเภอแม่อาย/ตำบลแม่สาว/หน่วยเลือกตั้งที่ 5/สส. 5ทับ18.pdf,5,,ตำบลแม่สาว,อำเภอแม่อาย,,,,,,6.0,นาย,พรรคชาติพัฒนากล้า,,,,missing
อำเภอแม่อาย/ตำบลแม่สาว/หน่วยเลือกตั้งที่ 5/สส. 5ทับ18.pdf,5,,ตำบลแม่สาว,อำเภอแม่อาย,,,,,,11.0,นาย,พรรคไทยสร้างไทย,,,,missing
อำเภอแม่อาย/ตำบลแม่สาว/หน่วยเลือกตั้งที่ 5/สส. 5ทับ18.pdf,5,,ตำบลแม่สาว,อำเภอแม่อาย,,,,,,21.0,นาย,พรรคเพื่อชาติ,,,,missing
อำเภอแม่อาย/ตำบลแม่สาว/หน่วยเลือกตั้งที่ 5/สส. 5ทับ18.pdf,5,,ตำบลแม่สาว,อำเภอแม่อาย,,,,,,22.0,นาย,พรรคไทยภักดี,,,,missing
อำเภอแม่อาย/ตำบลแม่สาว/หน่วยเลือกตั้งที่ 5/สส. 5ทับ18.pdf,5,,ตำบลแม่สาว,อำเภอแม่อาย,,,,,,23.0,นาย,พรรคไทยศรีวิไลย์,,,,missing
อำเภอแม่อาย/ตำบลแม่สาว/หน่วยเลือกตั้งที่ 5/สส. 5ทับ18.pdf,5,,ตำบลแม่สาว,อำเภอแม่อาย,,,,,,24.0,นาย,พรรคพลังสังคมใหม่,,,,missing
อำเภอแม่อาย/ตำบลแม่สาว/หน่วยเลือกตั้งที่ 5/สส. 5ทับ18.pdf,5,,ตำบลแม่สาว,อำเภอแม่อาย,,,,,,25.0,นาย,พรรคไทยรวมไทย,,,,missing
อำเภอแม่อาย/ตำบลแม่สาว/หน่วยเลือกตั้งที่ 5/สส. 5ทับ18.pdf,5,,ตำบลแม่สาว,อำเภอแม่อาย,,,,,,26.0,นาย,พรรคไทยชนะ,,,,missing
อำเภอแม่อาย/ตำบลแม่สาว/หน่วยเลือกตั้งที่ 5/สส. 5ทับ18.pdf,5,,ตำบลแม่สาว,อำเภอแม่อาย,,,,,,,นาย,พรรคไทยเป็นหนึ่ง,,,,missing
อำเภอแม่อาย/ตำบลแม่สาว/หน่วยเลือกตั้งที่ 5/สส. 5ทับ18.pdf,5,,ตำบลแม่สาว,อำเภอแม่อาย,,,,,,1.0,นายสมศักดิ์ สุวรรณสุจริต,พรรคพลังประชารัฐ,2568.0,2568,สองพันห้าร้อยหกสิบแปด,numeric_text_agree
อำเภอแม่อาย/ตำบลแม่สาว/หน่วยเลือกตั้งที่ 5/สส. 5ทับ18.pdf,5,,ตำบลแม่สาว,อำเภอแม่อาย,,,,,,2.0,นายสมศักดิ์ สุวรรณสุจริต,พรรคพลังประชารัฐ,2568.0,2568,สองพันห้าร้อยหกสิบแปด,numeric_text_agree
อำเภอแม่อาย/ตำบลแม่สาว/หน่วยเลือกตั้งที่ 5/สส. 5ทับ18.pdf,5,,ตำบลแม่สาว,อำเภอแม่อาย,,,,,,3.0,นายสมศักดิ์ สุวรรณสุจริต,พรรคพลังประชารัฐ,2568.0,2568,สองพันห้าร้อยหกสิบแปด,numeric_text_agree
อำเภอแม่อาย/ตำบลแม่สาว/หน่วยเลือกตั้งที่ 5/สส. 5ทับ18.pdf,5,,ตำบลแม่สาว,อำเภอแม่อาย,,,,,,4.0,นายสมศักดิ์ สุวรรณสุจริต,พรรคพลังประชารัฐ,2568.0,2568,สองพันห้าร้อยหกสิบแปด,numeric_text_agree
อำเภอแม่อาย/ตำบลแม่สาว/หน่วยเลือกตั้งที่ 5/สส. 5ทับ18.pdf,5,,ตำบลแม่สาว,อำเภอแม่อาย,,,,,,5.0,นายสมศักดิ์ สุวรรณสุจริต,,,,,missing
อำเภอแม่อาย/ตำบลแม่สาว/หน่วยเลือกตั้งที่ 4/สส. 5ทับ18.pdf,1,4.0,ตำบลแม่สาว,อำเภอแม่อาย,341.0,223.0,213.0,6.0,4.0,1.0,นายอดุลย์ บุญใส,ภูมิใจไทย,9.0,9,เก้า,numeric_text_agree
อำเภอแม่อาย/ตำบลแม่สาว/หน่วยเลือกตั้งที่ 4/สส. 5ทับ18.pdf,1,4.0,ตำบลแม่สาว,อำเภอแม่อาย,341.0,223.0,213.0,6.0,4.0,2.0,นายสมดุลย์ อุดเจริญ,ประชาชน,58.0,58,ห้าสิบแปด,numeric_text_agree
อำเภอแม่อาย/ตำบลแม่สาว/หน่วยเลือกตั้งที่ 4/สส. 5ทับ18.pdf,1,4.0,ตำบลแม่สาว,อำเภอแม่อาย,341.0,223.0,213.0,6.0,4.0,3.0,นายเกรียงกมล ศรีมา,ประชาธิปัตย์,2.0,2,สอง,numeric_text_agree
อำเภอแม่อาย/ตำบลแม่สาว/หน่วยเลือกตั้งที่ 4/สส. 5ทับ18.pdf,1,4.0,ตำบลแม่สาว,อำเภอแม่อาย,341.0,223.0,213.0,6.0,4.0,4.0,นายสันติ ตันสุขห้าว,ก้าวอิสระ,2.0,2,สอง,numeric_text_agree
อำเภอแม่อาย/ตำบลแม่สาว/หน่วยเลือกตั้งที่ 4/สส. 5ทับ18.pdf,1,4.0,ตำบลแม่สาว,อำเภอแม่อาย,341.0,223.0,213.0,6.0,4.0,5.0,นายการุณย์ คูเจริญชัยกุล,กล้าธรรม,26.0,26,ยี่สิบหก,numeric_text_agree
อำเภอแม่อาย/ตำบลแม่สาว/หน่วยเลือกตั้งที่ 4/สส. 5ทับ18.pdf,1,4.0,ตำบลแม่สาว,อำเภอแม่อาย,341.0,223.0,213.0,6.0,4.0,6.0,นายนิกร วุฒินัย,เพื่อไทย,33.0,33,สามสิบสาม,numeric_text_agree
อำเภอแม่อาย/ตำบลแม่สาว/หน่วยเลือกตั้งที่ 4/สส. 5ทับ18.pdf,1,4.0,ตำบลแม่สาว,อำเภอแม่อาย,341.0,223.0,213.0,6.0,4.0,7.0,นายไกร ดาบธรรม,พลังประชารัฐ,57.0,57,ห้าสิบเจ็ด,numeric_text_agree
อำเภอแม่อาย/ตำบลแม่สาว/หน่วยเลือกตั้งที่ 4/สส. 5ทับ18.pdf,1,4.0,ตำบลแม่สาว,อำเภอแม่อาย,341.0,223.0,213.0,6.0,4.0,8.0,นายพิสัณห์ อุปนันท์,เศรษฐกิจ,2.0,2,สอง,numeric_text_agree
อำเภอแม่อาย/ตำบลแม่สาว/หน่วยเลือกตั้งที่ 4/สส. 5ทับ18.pdf,1,4.0,ตำบลแม่สาว,อำเภอแม่อาย,341.0,223.0,213.0,6.0,4.0,9.0,นายชาญวิทยายุทธ์ อินทร์แก้ว,ประชากรไทย,4.0,4,สี่,numeric_text_agree
อำเภอแม่อาย/ตำบลแม่สาว/หน่วยเลือกตั้งที่ 3/สส. 5ทับ18.pdf,3,3.0,ตำบลแม่สาว,อำเภอแม่อาย,468.0,368.0,349.0,6.0,13.0,1.0,นายอดุลย์ บุญใส,ภูมิใจไทย,1.0,1,หนึ่ง,numeric_text_agree
อำเภอแม่อาย/ตำบลแม่สาว/หน่วยเลือกตั้งที่ 3/สส. 5ทับ18.pdf,3,3.0,ตำบลแม่สาว,อำเภอแม่อาย,468.0,368.0,349.0,6.0,13.0,2.0,นายสมดุลย์ อุดเจริญ,ประชาชน,39.0,39,สามสิบเก้า,numeric_text_agree
อำเภอแม่อาย/ตำบลแม่สาว/หน่วยเลือกตั้งที่ 3/สส. 5ทับ18.pdf,3,3.0,ตำบลแม่สาว,อำเภอแม่อาย,468.0,368.0,349.0,6.0,13.0,3.0,นายเกรียงกมล ศรีมา,ประชาธิปัตย์,1.0,1,หนึ่ง,numeric_text_agree
อำเภอแม่อาย/ตำบลแม่สาว/หน่วยเลือกตั้งที่ 3/สส. 5ทับ18.pdf,3,3.0,ตำบลแม่สาว,อำเภอแม่อาย,468.0,368.0,349.0,6.0,13.0,4.0,นายสันติ ตันสุขหุ,ก้าวอิสระ,0.0,0,ศูนย์,numeric_only
อำเภอแม่อาย/ตำบลแม่สาว/หน่วยเลือกตั้งที่ 3/สส. 5ทับ18.pdf,3,3.0,ตำบลแม่สาว,อำเภอแม่อาย,468.0,368.0,349.0,6.0,13.0,5.0,นายการุณย์ คูเจริญชัยกุล,กล้าธรรม,113.0,113,หนึ่งร้อยสิบสาม,numeric_text_agree
อำเภอแม่อาย/ตำบลแม่สาว/หน่วยเลือกตั้งที่ 3/สส. 5ทับ18.pdf,3,3.0,ตำบลแม่สาว,อำเภอแม่อาย,468.0,368.0,349.0,6.0,13.0,6.0,นายนิธินร วุฒินัยชัย,เพื่อไทย,73.0,73,เจ็ดสิบสาม,numeric_text_agree
อำเภอแม่อาย/ตำบลแม่สาว/หน่วยเลือกตั้งที่ 3/สส. 5ทับ18.pdf,3,3.0,ตำบลแม่สาว,อำเภอแม่อาย,468.0,368.0,349.0,6.0,13.0,7.0,นายไกร ดาบธรรม,พลังประชารัฐ,86.0,86,แปดสิบหก,numeric_text_agree
อำเภอแม่อาย/ตำบลแม่สาว/หน่วยเลือกตั้งที่ 3/สส. 5ทับ18.pdf,3,3.0,ตำบลแม่สาว,อำเภอแม่อาย,468.0,368.0,349.0,6.0,13.0,8.0,นายพิสิณห์ อุปนันท์,เศรษฐกิจ,2.0,2,สอง,numeric_text_agree
อำเภอแม่อาย/ตำบลแม่สาว/หน่วยเลือกตั้งที่ 3/สส. 5ทับ18.pdf,3,3.0,ตำบลแม่สาว,อำเภอแม่อาย,468.0,368.0,349.0,6.0,13.0,9.0,นายชาญวิทยายุทธ์ อินทร์แก้ว,ประชากรไทย,4.0,4,สี่,numeric_text_agree
อำเภอแม่อาย/ตำบลแม่สาว/หน่วยเลือกตั้งที่ 2/สส. 5ทับ18.pdf,2,2.0,ตำบลแม่สาว,อำเภอแม่อาย,545.0,387.0,346.0,22.0,19.0,1.0,นายอดุลย์ บุญใส,ภูมิใจไทย,10.0,10,สิบ,numeric_text_agree
อำเภอแม่อาย/ตำบลแม่สาว/หน่วยเลือกตั้งที่ 2/สส. 5ทับ18.pdf,2,2.0,ตำบลแม่สาว,อำเภอแม่อาย,545.0,387.0,346.0,22.0,19.0,2.0,นายสมดุลย์ อุตเจริญ,ประชาชน,42.0,42,สี่สิบสอง,numeric_text_agree
อำเภอแม่อาย/ตำบลแม่สาว/หน่วยเลือกตั้งที่ 2/สส. 5ทับ18.pdf,2,2.0,ตำบลแม่สาว,อำเภอแม่อาย,545.0,387.0,346.0,22.0,19.0,3.0,นายเกรียงกมล ศรีมา,ประชาธิปัตย์,1.0,1,หนึ่ง,numeric_text_agree
อำเภอแม่อาย/ตำบลแม่สาว/หน่วยเลือกตั้งที่ 2/สส. 5ทับ18.pdf,2,2.0,ตำบลแม่สาว,อำเภอแม่อาย,545.0,387.0,346.0,22.0,19.0,4.0,นายสันติ ตันสุขขี,ก้าวอิสระ,1.0,1,หนึ่ง,numeric_text_agree
อำเภอแม่อาย/ตำบลแม่สาว/หน่วยเลือกตั้งที่ 2/สส. 5ทับ18.pdf,2,2.0,ตำบลแม่สาว,อำเภอแม่อาย,545.0,387.0,346.0,22.0,19.0,5.0,นายการุณย์ คูเจริญชัยกุล,กล้าธรรม,50.0,50,ห้าสิบ,numeric_text_agree
อำเภอแม่อาย/ตำบลแม่สาว/หน่วยเลือกตั้งที่ 2/สส. 5ทับ18.pdf,2,2.0,ตำบลแม่สาว,อำเภอแม่อาย,545.0,387.0,346.0,22.0,19.0,6.0,นายนิธิกร วุฒินันชัย,เพื่อไทย,100.0,100,หนึ่งร้อย,numeric_text_agree
อำเภอแม่อาย/ตำบลแม่สาว/หน่วยเลือกตั้งที่ 2/สส. 5ทับ18.pdf,2,2.0,ตำบลแม่สาว,อำเภอแม่อาย,545.0,387.0,346.0,22.0,19.0,7.0,นายไกร ดาบธรรม,พลังประชารัฐ,108.0,108,หนึ่งร้อยแปด,numeric_text_agree
อำเภอแม่อาย/ตำบลแม่สาว/หน่วยเลือกตั้งที่ 2/สส. 5ทับ18.pdf,2,2.0,ตำบลแม่สาว,อำเภอแม่อาย,545.0,387.0,346.0,22.0,19.0,8.0,นายพิสิณห์ อุปนันท์,เศรษฐกิจ,3.0,3,สาม,numeric_text_agree
อำเภอแม่อาย/ตำบลแม่สาว/หน่วยเลือกตั้งที่ 2/สส. 5ทับ18.pdf,2,2.0,ตำบลแม่สาว,อำเภอแม่อาย,545.0,387.0,346.0,22.0,19.0,9.0,นายชาญวิทยายุทธ์ อินทร์แก้ว,ประชากรไทย,3.0,3,สาม,numeric_text_agree
อำเภอแม่อาย/ตำบลแม่สาว/หน่วยเลือกตั้งที่ 16/สส. 5ทับ18.pdf,16,15.0,ตำบลแม่สาว,อำเภอแม่อาย,911.0,602.0,524.0,75.0,3.0,1.0,นายอดุลย์ บุญใส,ภูมิใจไทย,31.0,31,สาม​สิบ​เอ็ด,numeric_text_agree
อำเภอแม่อาย/ตำบลแม่สาว/หน่วยเลือกตั้งที่ 16/สส. 5ทับ18.pdf,16,15.0,ตำบลแม่สาว,อำเภอแม่อาย,911.0,602.0,524.0,75.0,3.0,2.0,นายสมดุลย์ อุดเจริญ,ประชาชน,45.0,45,สี่​สิบ​ห้า,numeric_text_agree
อำเภอแม่อาย/ตำบลแม่สาว/หน่วยเลือกตั้งที่ 16/สส. 5ทับ18.pdf,16,15.0,ตำบลแม่สาว,อำเภอแม่อาย,911.0,602.0,524.0,75.0,3.0,3.0,นายเกรียงกมล ศรีมา,ประชาธิปัตย์,5.0,5,ห้า,numeric_text_agree
อำเภอแม่อาย/ตำบลแม่สาว/หน่วยเลือกตั้งที่ 16/สส. 5ทับ18.pdf,16,15.0,ตำบลแม่สาว,อำเภอแม่อาย,911.0,602.0,524.0,75.0,3.0,4.0,นายสันติ ตันสุข,ก้าวอิสระ,7.0,7,เจ็ด,numeric_text_agree
อำเภอแม่อาย/ตำบลแม่สาว/หน่วยเลือกตั้งที่ 16/สส. 5ทับ18.pdf,16,15.0,ตำบลแม่สาว,อำเภอแม่อาย,911.0,602.0,524.0,75.0,3.0,5.0,นายการุณย์ ภูเจริญชัยกุล,กล้าธรรม,212.0,212,สอง​ร้อย​สิบ​สอง,numeric_text_agree
อำเภอแม่อาย/ตำบลแม่สาว/หน่วยเลือกตั้งที่ 16/สส. 5ทับ18.pdf,16,15.0,ตำบลแม่สาว,อำเภอแม่อาย,911.0,602.0,524.0,75.0,3.0,6.0,นายนิธิกร วุฒินันชัย,เพื่อไทย,32.0,32,สาม​สิบ​สอง,numeric_text_agree
อำเภอแม่อาย/ตำบลแม่สาว/หน่วยเลือกตั้งที่ 16/สส. 5ทับ18.pdf,16,15.0,ตำบลแม่สาว,อำเภอแม่อาย,911.0,602.0,524.0,75.0,3.0,7.0,นายไกร ดาบธรรม,พลังประชารัฐ,182.0,182,หนึ่ง​ร้อย​แปด​สิบ​สอง,numeric_text_agree
อำเภอแม่อาย/ตำบลแม่สาว/หน่วยเลือกตั้งที่ 16/สส. 5ทับ18.pdf,16,15.0,ตำบลแม่สาว,อำเภอแม่อาย,911.0,602.0,524.0,75.0,3.0,8.0,นายพิสัณห์ อุปนันท์,เศรษฐกิจ,3.0,3,สาม,numeric_text_agree
อำเภอแม่อาย/ตำบลแม่สาว/หน่วยเลือกตั้งที่ 16/สส. 5ทับ18.pdf,16,15.0,ตำบลแม่สาว,อำเภอแม่อาย,911.0,602.0,524.0,75.0,3.0,9.0,นายชาญวิทยายุทธ์ อินทร์แก้ว,ประชากรไทย,7.0,7,เจ็ด,numeric_text_agree
อำเภอแม่อาย/ตำบลแม่สาว/หน่วยเลือกตั้งที่ 15/สส. 5ทับ18.pdf,15,14.0,ตำบลแม่สาว,อำเภอแม่อาย,456.0,311.0,322.0,14.0,5.0,1.0,นายอดุลย์ บุญใส,ภูมิใจไทย,8.0,8,แปดคะแนน,numeric_text_agree
อำเภอแม่อาย/ตำบลแม่สาว/หน่วยเลือกตั้งที่ 15/สส. 5ทับ18.pdf,15,14.0,ตำบลแม่สาว,อำเภอแม่อาย,456.0,311.0,322.0,14.0,5.0,2.0,นายสมดุลย์ อุตเจริญ,ประชาชน,61.0,61,หกสิบเอ็ดคะแนน,numeric_text_agree
อำเภอแม่อาย/ตำบลแม่สาว/หน่วยเลือกตั้งที่ 15/สส. 5ทับ18.pdf,15,14.0,ตำบลแม่สาว,อำเภอแม่อาย,456.0,311.0,322.0,14.0,5.0,3.0,นายเกรียงกมล ศรีมา,ประชาธิปัตย์,,,,missing
อำเภอแม่อาย/ตำบลแม่สาว/หน่วยเลือกตั้งที่ 15/สส. 5ทับ18.pdf,15,14.0,ตำบลแม่สาว,อำเภอแม่อาย,456.0,311.0,322.0,14.0,5.0,4.0,นายสันติ ตันสุข,ก้าวอิสระ,1.0,1,หนึ่งคะแนน,numeric_text_agree
อำเภอแม่อาย/ตำบลแม่สาว/หน่วยเลือกตั้งที่ 15/สส. 5ทับ18.pdf,15,14.0,ตำบลแม่สาว,อำเภอแม่อาย,456.0,311.0,322.0,14.0,5.0,5.0,นายการุณย์ คูเจริญชัยกุล,กล้าธรรม,99.0,99,เก้าสิบเก้าคะแนน,numeric_text_agree
อำเภอแม่อาย/ตำบลแม่สาว/หน่วยเลือกตั้งที่ 15/สส. 5ทับ18.pdf,15,14.0,ตำบลแม่สาว,อำเภอแม่อาย,456.0,311.0,322.0,14.0,5.0,6.0,นายนิธิกร วุฒินันชัย,เพื่อไทย,51.0,51,ห้าสิบเอ็ดคะแนน,numeric_text_agree
อำเภอแม่อาย/ตำบลแม่สาว/หน่วยเลือกตั้งที่ 15/สส. 5ทับ18.pdf,15,14.0,ตำบลแม่สาว,อำเภอแม่อาย,456.0,311.0,322.0,14.0,5.0,7.0,นายไกร ดาบธรรม,พลังประชารัฐ,96.0,96,เก้าสิบหกคะแนน,numeric_text_agree
อำเภอแม่อาย/ตำบลแม่สาว/หน่วยเลือกตั้งที่ 15/สส. 5ทับ18.pdf,15,14.0,ตำบลแม่สาว,อำเภอแม่อาย,456.0,311.0,322.0,14.0,5.0,8.0,นายพิสิษฐ์ อุปนันท์,เศรษฐกิจ,2.0,2,สองคะแนน,numeric_text_agree
อำเภอแม่อาย/ตำบลแม่สาว/หน่วยเลือกตั้งที่ 15/สส. 5ทับ18.pdf,15,14.0,ตำบลแม่สาว,อำเภอแม่อาย,456.0,311.0,322.0,14.0,5.0,9.0,นายชาญวิทยายุทธ์ อินทร์แก้ว,ประชากรไทย,1.0,1,หนึ่งคะแนน,numeric_text_agree
อำเภอแม่อาย/ตำบลแม่สาว/หน่วยเลือกตั้งที่ 17/สส. 5ทับ18.pdf,17,16.0,ตำบลแม่สาว,อำเภอแม่อาย,377.0,246.0,228.0,9.0,9.0,1.0,นายอดุลย์ บุญใส,ภูมิใจไทย,10.0,10,สิบ,numeric_text_agree
อำเภอแม่อาย/ตำบลแม่สาว/หน่วยเลือกตั้งที่ 17/สส. 5ทับ18.pdf,17,16.0,ตำบลแม่สาว,อำเภอแม่อาย,377.0,246.0,228.0,9.0,9.0,2.0,นายสมดุลย์ อุดเจริญ,ประชาชน,37.0,37,สามสิบเจ็ด,numeric_text_agree
อำเภอแม่อาย/ตำบลแม่สาว/หน่วยเลือกตั้งที่ 17/สส. 5ทับ18.pdf,17,16.0,ตำบลแม่สาว,อำเภอแม่อาย,377.0,246.0,228.0,9.0,9.0,3.0,นายเกรียงกมล ศรีมา,ประชาธิปัตย์,2.0,2,สอง,numeric_text_agree
อำเภอแม่อาย/ตำบลแม่สาว/หน่วยเลือกตั้งที่ 17/สส. 5ทับ18.pdf,17,16.0,ตำบลแม่สาว,อำเภอแม่อาย,377.0,246.0,228.0,9.0,9.0,4.0,นายสันติ ตันสุขหิร,ก้าวอิสระ,0.0,0,ศูนย์,numeric_only
อำเภอแม่อาย/ตำบลแม่สาว/หน่วยเลือกตั้งที่ 17/สส. 5ทับ18.pdf,17,16.0,ตำบลแม่สาว,อำเภอแม่อาย,377.0,246.0,228.0,9.0,9.0,5.0,นายการุณย์ คูเจริญชัยกุล,กล้าธรรม,82.0,82,แปดสิบสอง,numeric_text_agree
อำเภอแม่อาย/ตำบลแม่สาว/หน่วยเลือกตั้งที่ 17/สส. 5ทับ18.pdf,17,16.0,ตำบลแม่สาว,อำเภอแม่อาย,377.0,246.0,228.0,9.0,9.0,6.0,นายนิธิกร วุฒินันชัย,เพื่อไทย,48.0,48,สี่สิบแปด,numeric_text_agree
อำเภอแม่อาย/ตำบลแม่สาว/หน่วยเลือกตั้งที่ 17/สส. 5ทับ18.pdf,17,16.0,ตำบลแม่สาว,อำเภอแม่อาย,377.0,246.0,228.0,9.0,9.0,7.0,นายไกร ดาบธรรม,พลังประชารัฐ,44.0,44,สี่สิบสี่,numeric_text_agree
อำเภอแม่อาย/ตำบลแม่สาว/หน่วยเลือกตั้งที่ 17/สส. 5ทับ18.pdf,17,16.0,ตำบลแม่สาว,อำเภอแม่อาย,377.0,246.0,228.0,9.0,9.0,8.0,นายพิสิณฑ์ อุปนันท์,เศรษฐกิจ,1.0,1,หนึ่ง,numeric_text_agree
อำเภอแม่อาย/ตำบลแม่สาว/หน่วยเลือกตั้งที่ 17/สส. 5ทับ18.pdf,17,16.0,ตำบลแม่สาว,อำเภอแม่อาย,377.0,246.0,228.0,9.0,9.0,9.0,นายชาญวิทยายุทธ์ อินทร์แก้ว,ประชากรไทย,4.0,4,สี่,numeric_text_agree
อำเภอแม่อาย/ตำบลแม่สาว/หน่วยเลือกตั้งที่ 13/สส. 5ทับ18.pdf,13,12.0,ตำบลแม่สาว,อำเภอแม่อาย,193.0,147.0,147.0,141.0,1.0,1.0,นายอดุลย์ บุญใส,ภูมิใจไทย,0.0,0,-,numeric_only
อำเภอแม่อาย/ตำบลแม่สาว/หน่วยเลือกตั้งที่ 13/สส. 5ทับ18.pdf,13,12.0,ตำบลแม่สาว,อำเภอแม่อาย,193.0,147.0,147.0,141.0,1.0,2.0,นายสมดุลย์ อุดเจริญ,ประชาชน,13.0,13,สิบสาม,numeric_text_agree
อำเภอแม่อาย/ตำบลแม่สาว/หน่วยเลือกตั้งที่ 13/สส. 5ทับ18.pdf,13,12.0,ตำบลแม่สาว,อำเภอแม่อาย,193.0,147.0,147.0,141.0,1.0,3.0,นายเกรียงกมล ศรีมา,ประชาธิปัตย์,1.0,1,หนึ่ง,numeric_text_agree
อำเภอแม่อาย/ตำบลแม่สาว/หน่วยเลือกตั้งที่ 13/สส. 5ทับ18.pdf,13,12.0,ตำบลแม่สาว,อำเภอแม่อาย,193.0,147.0,147.0,141.0,1.0,4.0,นายสันติ ตันสุขขี,ก้าวอิสระ,0.0,0,-,numeric_only
อำเภอแม่อาย/ตำบลแม่สาว/หน่วยเลือกตั้งที่ 13/สส. 5ทับ18.pdf,13,12.0,ตำบลแม่สาว,อำเภอแม่อาย,193.0,147.0,147.0,141.0,1.0,5.0,นายการุณย์ คูเจริญชัยกุล,กล้าธรรม,38.0,38,สามสิบแปด,numeric_text_agree
อำเภอแม่อาย/ตำบลแม่สาว/หน่วยเลือกตั้งที่ 13/สส. 5ทับ18.pdf,13,12.0,ตำบลแม่สาว,อำเภอแม่อาย,193.0,147.0,147.0,141.0,1.0,6.0,นายนิธิกร วุฒินันชัย,เพื่อไทย,31.0,31,สามสิบเอ็ด,numeric_text_agree
อำเภอแม่อาย/ตำบลแม่สาว/หน่วยเลือกตั้งที่ 13/สส. 5ทับ18.pdf,13,12.0,ตำบลแม่สาว,อำเภอแม่อาย,193.0,147.0,147.0,141.0,1.0,7.0,นายไกร ดาบธรรม,พลังประชารัฐ,57.0,57,ห้าสิบเจ็ด,numeric_text_agree
อำเภอแม่อาย/ตำบลแม่สาว/หน่วยเลือกตั้งที่ 13/สส. 5ทับ18.pdf,13,12.0,ตำบลแม่สาว,อำเภอแม่อาย,193.0,147.0,147.0,141.0,1.0,8.0,นายพิสัณห์ อุปนันท์,เศรษฐกิจ,0.0,0,-,numeric_only
อำเภอแม่อาย/ตำบลแม่สาว/หน่วยเลือกตั้งที่ 13/สส. 5ทับ18.pdf,13,12.0,ตำบลแม่สาว,อำเภอแม่อาย,193.0,147.0,147.0,141.0,1.0,9.0,นายชาญวิทยายุทธ์ อินทร์แก้ว,ประชากรไทย,1.0,1,หนึ่ง,numeric_text_agree
อำเภอแม่อาย/ตำบลแม่สาว/หน่วยเลือกตั้งที่ 10/สส. 5ทับ18.pdf,10,9.0,ตำบลแม่สาว,อำเภอแม่อาย,200.0,139.0,126.0,6.0,7.0,1.0,นายอดุลย์ บุญใส,ภูมิใจไทย,6.0,6,หก,numeric_text_agree
อำเภอแม่อาย/ตำบลแม่สาว/หน่วยเลือกตั้งที่ 10/สส. 5ทับ18.pdf,10,9.0,ตำบลแม่สาว,อำเภอแม่อาย,200.0,139.0,126.0,6.0,7.0,2.0,นายสมดุลย์ อุดเจริญ,ประชาชน,29.0,29,ยี่สิบเก้า,numeric_text_agree
อำเภอแม่อาย/ตำบลแม่สาว/หน่วยเลือกตั้งที่ 10/สส. 5ทับ18.pdf,10,9.0,ตำบลแม่สาว,อำเภอแม่อาย,200.0,139.0,126.0,6.0,7.0,3.0,นายเกรียงกมล ศรีมา,ประชาธิปัตย์,0.0,0,ศูนย์,numeric_only
อำเภอแม่อาย/ตำบลแม่สาว/หน่วยเลือกตั้งที่ 10/สส. 5ทับ18.pdf,10,9.0,ตำบลแม่สาว,อำเภอแม่อาย,200.0,139.0,126.0,6.0,7.0,4.0,นายสันติ ตันสุขหัช,ก้าวอิสระ,0.0,0,ศูนย์,numeric_only
อำเภอแม่อาย/ตำบลแม่สาว/หน่วยเลือกตั้งที่ 10/สส. 5ทับ18.pdf,10,9.0,ตำบลแม่สาว,อำเภอแม่อาย,200.0,139.0,126.0,6.0,7.0,5.0,นายการุณย์ คูเจริญชัยกุล,กล้าธรรม,34.0,34,สามสิบสี่,numeric_text_agree
อำเภอแม่อาย/ตำบลแม่สาว/หน่วยเลือกตั้งที่ 10/สส. 5ทับ18.pdf,10,9.0,ตำบลแม่สาว,อำเภอแม่อาย,200.0,139.0,126.0,6.0,7.0,6.0,นายนิธิกร วุฒินันชัย,เพื่อไทย,16.0,16,สิบหก,numeric_text_agree
อำเภอแม่อาย/ตำบลแม่สาว/หน่วยเลือกตั้งที่ 10/สส. 5ทับ18.pdf,10,9.0,ตำบลแม่สาว,อำเภอแม่อาย,200.0,139.0,126.0,6.0,7.0,7.0,นายไกร ดาบธรรม,พลังประชารัฐ,39.0,39,สามสิบเก้า,numeric_text_agree
อำเภอแม่อาย/ตำบลแม่สาว/หน่วยเลือกตั้งที่ 10/สส. 5ทับ18.pdf,10,9.0,ตำบลแม่สาว,อำเภอแม่อาย,200.0,139.0,126.0,6.0,7.0,8.0,นายพิสิณฑ์ อุปนันท์,เศรษฐกิจ,2.0,2,สอง,numeric_text_agree
อำเภอแม่อาย/ตำบลแม่สาว/หน่วยเลือกตั้งที่ 10/สส. 5ทับ18.pdf,10,9.0,ตำบลแม่สาว,อำเภอแม่อาย,200.0,139.0,126.0,6.0,7.0,9.0,นายชาญวิทยายุทธ์ อินทร์แก้ว,ประชากรไทย,0.0,0,ศูนย์,numeric_only
อำเภอแม่อาย/ตำบลแม่สาว/หน่วยเลือกตั้งที่ 12/สส. 5ทับ18.pdf,12,11.0,ตำบลแม่สาว,อำเภอแม่อาย,625.0,403.0,368.0,22.0,13.0,1.0,นายอดุลย์ บุญใส,ภูมิใจไทย,7.0,7,เจ็ด,numeric_text_agree
อำเภอแม่อาย/ตำบลแม่สาว/หน่วยเลือกตั้งที่ 12/สส. 5ทับ18.pdf,12,11.0,ตำบลแม่สาว,อำเภอแม่อาย,625.0,403.0,368.0,22.0,13.0,2.0,นายสมดุลย์ อุดเจริญ,ประชาชน,87.0,87,แปดสิบเจ็ด,numeric_text_agree
อำเภอแม่อาย/ตำบลแม่สาว/หน่วยเลือกตั้งที่ 12/สส. 5ทับ18.pdf,12,11.0,ตำบลแม่สาว,อำเภอแม่อาย,625.0,403.0,368.0,22.0,13.0,3.0,นายเกรียงกมล ศรีมา,ประชาธิปัตย์,2.0,2,สอง,numeric_text_agree
อำเภอแม่อาย/ตำบลแม่สาว/หน่วยเลือกตั้งที่ 12/สส. 5ทับ18.pdf,12,11.0,ตำบลแม่สาว,อำเภอแม่อาย,625.0,403.0,368.0,22.0,13.0,4.0,นายสันติ ตันสุหัช,ก้าวอิสระ,4.0,4,สี่,numeric_text_agree
อำเภอแม่อาย/ตำบลแม่สาว/หน่วยเลือกตั้งที่ 12/สส. 5ทับ18.pdf,12,11.0,ตำบลแม่สาว,อำเภอแม่อาย,625.0,403.0,368.0,22.0,13.0,5.0,นายการุณย์ คูเจริญชัยกุล,กล้าธรรม,67.0,67,หกสิบเจ็ด,numeric_text_agree
อำเภอแม่อาย/ตำบลแม่สาว/หน่วยเลือกตั้งที่ 12/สส. 5ทับ18.pdf,12,11.0,ตำบลแม่สาว,อำเภอแม่อาย,625.0,403.0,368.0,22.0,13.0,6.0,นายนิธิกร วุฒินันชัย,เพื่อไทย,140.0,140,หนึ่งร้อยสี่สิบ,numeric_text_agree
อำเภอแม่อาย/ตำบลแม่สาว/หน่วยเลือกตั้งที่ 12/สส. 5ทับ18.pdf,12,11.0,ตำบลแม่สาว,อำเภอแม่อาย,625.0,403.0,368.0,22.0,13.0,7.0,นายไกร ดาบธรรม,พลังประชารัฐ,45.0,45,สี่สิบห้า,numeric_text_agree
อำเภอแม่อาย/ตำบลแม่สาว/หน่วยเลือกตั้งที่ 12/สส. 5ทับ18.pdf,12,11.0,ตำบลแม่สาว,อำเภอแม่อาย,625.0,403.0,368.0,22.0,13.0,8.0,นายพิสัณห์ อุปนันท์,เศรษฐกิจ,1.0,1,หนึ่ง,numeric_text_agree
อำเภอแม่อาย/ตำบลแม่สาว/หน่วยเลือกตั้งที่ 12/สส. 5ทับ18.pdf,12,11.0,ตำบลแม่สาว,อำเภอแม่อาย,625.0,403.0,368.0,22.0,13.0,9.0,นายชาญวิทยายุทธ อินทร์แก้ว,ประชากรไทย,15.0,15,สิบห้า,numeric_text_agree
อำเภอแม่อาย/ตำบลแม่สาว/หน่วยเลือกตั้งที่ 11/สส. 5ทับ18.pdf,11,10.0,ตำบลแม่สาว,อำเภอแม่อาย,770.0,495.0,457.0,25.0,13.0,1.0,นายอดุลย์ บุญใส,ภูมิใจไทย,7.0,7,เจ็ด,numeric_text_agree
อำเภอแม่อาย/ตำบลแม่สาว/หน่วยเลือกตั้งที่ 11/สส. 5ทับ18.pdf,11,10.0,ตำบลแม่สาว,อำเภอแม่อาย,770.0,495.0,457.0,25.0,13.0,2.0,นายสมดุลย์ อุตเจริญ,ประชาชน,130.0,130,หนึ่งร้อยสามสิบ,numeric_text_agree
อำเภอแม่อาย/ตำบลแม่สาว/หน่วยเลือกตั้งที่ 11/สส. 5ทับ18.pdf,11,10.0,ตำบลแม่สาว,อำเภอแม่อาย,770.0,495.0,457.0,25.0,13.0,3.0,นายเกรียงกมล ศรีมา,ประชาธิปัตย์,3.0,3,สาม,numeric_text_agree
อำเภอแม่อาย/ตำบลแม่สาว/หน่วยเลือกตั้งที่ 11/สส. 5ทับ18.pdf,11,10.0,ตำบลแม่สาว,อำเภอแม่อาย,770.0,495.0,457.0,25.0,13.0,4.0,นายสันติ ตันสุข,ก้าวอิสระ,0.0,0,ศูนย์,numeric_only
อำเภอแม่อาย/ตำบลแม่สาว/หน่วยเลือกตั้งที่ 11/สส. 5ทับ18.pdf,11,10.0,ตำบลแม่สาว,อำเภอแม่อาย,770.0,495.0,457.0,25.0,13.0,5.0,นายการุณย์ คูเจริญชัยกุล,กล้าธรรม,129.0,129,หนึ่งร้อยยี่สิบเก้า,numeric_text_agree
อำเภอแม่อาย/ตำบลแม่สาว/หน่วยเลือกตั้งที่ 11/สส. 5ทับ18.pdf,11,10.0,ตำบลแม่สาว,อำเภอแม่อาย,770.0,495.0,457.0,25.0,13.0,6.0,นายนิธิกร วุฒินัย,เพื่อไทย,78.0,78,เจ็ดสิบแปด,numeric_text_agree
อำเภอแม่อาย/ตำบลแม่สาว/หน่วยเลือกตั้งที่ 11/สส. 5ทับ18.pdf,11,10.0,ตำบลแม่สาว,อำเภอแม่อาย,770.0,495.0,457.0,25.0,13.0,7.0,นายไกร ดาบธรรม,พลังประชารัฐ,110.0,110,หนึ่งร้อยสิบ,numeric_text_agree
อำเภอแม่อาย/ตำบลแม่สาว/หน่วยเลือกตั้งที่ 11/สส. 5ทับ18.pdf,11,10.0,ตำบลแม่สาว,อำเภอแม่อาย,770.0,495.0,457.0,25.0,13.0,8.0,นายพิสิณฑ์ อุปนันท์,เศรษฐกิจ,1.0,1,หนึ่ง,numeric_text_agree
อำเภอแม่อาย/ตำบลแม่สาว/หน่วยเลือกตั้งที่ 11/สส. 5ทับ18.pdf,11,10.0,ตำบลแม่สาว,อำเภอแม่อาย,770.0,495.0,457.0,25.0,13.0,9.0,นายชาญวิทยายุทธ์ อินทร์แก้ว,ประชากรไทย,5.0,5,ห้า,numeric_text_agree
อำเภอแม่อาย/ตำบลแม่สาว/หน่วยเลือกตั้งที่ 1/สส. 5ทับ18.pdf,1,1.0,ตำบลแม่สาว,อำเภอแม่อาย,366.0,238.0,217.0,8.0,13.0,1.0,นายอดุลย์ บุญใส,ภูมิใจไทย,5.0,5,ห้า,numeric_text_agree
อำเภอแม่อาย/ตำบลแม่สาว/หน่วยเลือกตั้งที่ 1/สส. 5ทับ18.pdf,1,1.0,ตำบลแม่สาว,อำเภอแม่อาย,366.0,238.0,217.0,8.0,13.0,2.0,นายสมดุลย์ อุดเจริญ,ประชาชน,38.0,38,สามสิบแปด,numeric_text_agree
อำเภอแม่อาย/ตำบลแม่สาว/หน่วยเลือกตั้งที่ 1/สส. 5ทับ18.pdf,1,1.0,ตำบลแม่สาว,อำเภอแม่อาย,366.0,238.0,217.0,8.0,13.0,3.0,นายเกรียงกมล ศรีมา,ประชาธิปัตย์,0.0,0,ศูนย์,numeric_only
อำเภอแม่อาย/ตำบลแม่สาว/หน่วยเลือกตั้งที่ 1/สส. 5ทับ18.pdf,1,1.0,ตำบลแม่สาว,อำเภอแม่อาย,366.0,238.0,217.0,8.0,13.0,4.0,นายสันติ ตันสุขี,ก้าวอิสระ,0.0,0,ศูนย์,numeric_only
อำเภอแม่อาย/ตำบลแม่สาว/หน่วยเลือกตั้งที่ 1/สส. 5ทับ18.pdf,1,1.0,ตำบลแม่สาว,อำเภอแม่อาย,366.0,238.0,217.0,8.0,13.0,5.0,นายการุณย์ คูเจริญชัยกุล,กล้าธรรม,34.0,34,สามสิบสี่,numeric_text_agree
อำเภอแม่อาย/ตำบลแม่สาว/หน่วยเลือกตั้งที่ 1/สส. 5ทับ18.pdf,1,1.0,ตำบลแม่สาว,อำเภอแม่อาย,366.0,238.0,217.0,8.0,13.0,6.0,นายนิกร วุฒินัย,เพื่อไทย,91.0,91,เก้าสิบเอ็ด,numeric_text_agree
อำเภอแม่อาย/ตำบลแม่สาว/หน่วยเลือกตั้งที่ 1/สส. 5ทับ18.pdf,1,1.0,ตำบลแม่สาว,อำเภอแม่อาย,366.0,238.0,217.0,8.0,13.0,7.0,นายไกร ดาบธรรม,พลังประชารัฐ,39.0,39,สามสิบเก้า,numeric_text_agree
อำเภอแม่อาย/ตำบลแม่สาว/หน่วยเลือกตั้งที่ 1/สส. 5ทับ18.pdf,1,1.0,ตำบลแม่สาว,อำเภอแม่อาย,366.0,238.0,217.0,8.0,13.0,8.0,นายพิสิณห์ อุปนันท์,เศรษฐกิจ,4.0,4,สี่,numeric_text_agree
อำเภอแม่อาย/ตำบลแม่สาว/หน่วยเลือกตั้งที่ 1/สส. 5ทับ18.pdf,1,1.0,ตำบลแม่สาว,อำเภอแม่อาย,366.0,238.0,217.0,8.0,13.0,9.0,นายชาญวิทยายุทธ์ อินทร์แก้ว,ประชากรไทย,2.0,2,สอง,numeric_text_agree
อำเภอแม่อาย/ตำบลแม่อาย/หน่วยเลือกตั้งที่ 5/สส. 5ทับ18.pdf,5,14.0,ตำบลแม่อาย,อำเภอแม่อาย,178.0,143.0,133.0,10.0,,1.0,นายอดุลย์ บุญใส,ภูมิใจไทย,6.0,6,หก,numeric_text_agree
อำเภอแม่อาย/ตำบลแม่อาย/หน่วยเลือกตั้งที่ 5/สส. 5ทับ18.pdf,5,14.0,ตำบลแม่อาย,อำเภอแม่อาย,178.0,143.0,133.0,10.0,,2.0,นายสมดุลย์ อุดเจริญ,ประชาชน,2.0,2,สอง,numeric_text_agree
อำเภอแม่อาย/ตำบลแม่อาย/หน่วยเลือกตั้งที่ 5/สส. 5ทับ18.pdf,5,14.0,ตำบลแม่อาย,อำเภอแม่อาย,178.0,143.0,133.0,10.0,,3.0,นายเกรียงกมล ศรีมา,ประชาธิปัตย์,0.0,0,ศูนย์,numeric_only
อำเภอแม่อาย/ตำบลแม่อาย/หน่วยเลือกตั้งที่ 5/สส. 5ทับ18.pdf,5,14.0,ตำบลแม่อาย,อำเภอแม่อาย,178.0,143.0,133.0,10.0,,4.0,นายสันติ ตันสุขขี,ก้าวอิสระ,3.0,3,สาม,numeric_text_agree
อำเภอแม่อาย/ตำบลแม่อาย/หน่วยเลือกตั้งที่ 5/สส. 5ทับ18.pdf,5,14.0,ตำบลแม่อาย,อำเภอแม่อาย,178.0,143.0,133.0,10.0,,5.0,นายการุณย์ คูเจริญชัยกุล,กล้าธรรม,26.0,26,ยี่สิบหก,numeric_text_agree
อำเภอแม่อาย/ตำบลแม่อาย/หน่วยเลือกตั้งที่ 5/สส. 5ทับ18.pdf,5,14.0,ตำบลแม่อาย,อำเภอแม่อาย,178.0,143.0,133.0,10.0,,6.0,นายนิธินร วุฒินันชัย,เพื่อไทย,3.0,3,สาม,numeric_text_agree
อำเภอแม่อาย/ตำบลแม่อาย/หน่วยเลือกตั้งที่ 5/สส. 5ทับ18.pdf,5,14.0,ตำบลแม่อาย,อำเภอแม่อาย,178.0,143.0,133.0,10.0,,7.0,นายไกร ดาบธรรม,พลังประชารัฐ,93.0,93,เก้าสิบสาม,numeric_text_agree
อำเภอแม่อาย/ตำบลแม่อาย/หน่วยเลือกตั้งที่ 5/สส. 5ทับ18.pdf,5,14.0,ตำบลแม่อาย,อำเภอแม่อาย,178.0,143.0,133.0,10.0,,8.0,นายพิสันต์ อุปนันท์,เศรษฐกิจ,0.0,0,ศูนย์,numeric_only
อำเภอแม่อาย/ตำบลแม่อาย/หน่วยเลือกตั้งที่ 5/สส. 5ทับ18.pdf,5,14.0,ตำบลแม่อาย,อำเภอแม่อาย,178.0,143.0,133.0,10.0,,9.0,นายชาญวิทยายุทธ อินทร์แก้ว,ประชากรไทย,0.0,0,ศูนย์,numeric_only
อำเภอแม่อาย/ตำบลแม่อาย/หน่วยเลือกตั้งที่ 4/สส. 5ทับ18.pdf,4,13.0,ตำบลแม่อาย,อำเภอแม่อาย,621.0,461.0,414.0,47.0,0.0,1.0,นายอดุลย์ บุญใส,ภูมิใจไทย,3.0,3,สามคะแนน,numeric_text_agree
อำเภอแม่อาย/ตำบลแม่อาย/หน่วยเลือกตั้งที่ 4/สส. 5ทับ18.pdf,4,13.0,ตำบลแม่อาย,อำเภอแม่อาย,621.0,461.0,414.0,47.0,0.0,2.0,นายสมดุลย์ อุดเจริญ,ประชาชน,22.0,22,ยี่สิบสองคะแนน,numeric_text_agree
อำเภอแม่อาย/ตำบลแม่อาย/หน่วยเลือกตั้งที่ 4/สส. 5ทับ18.pdf,4,13.0,ตำบลแม่อาย,อำเภอแม่อาย,621.0,461.0,414.0,47.0,0.0,3.0,นายเกรียงกมล ศรีมา,ประชาธิปัตย์,2.0,2,สองคะแนน,numeric_text_agree
อำเภอแม่อาย/ตำบลแม่อาย/หน่วยเลือกตั้งที่ 4/สส. 5ทับ18.pdf,4,13.0,ตำบลแม่อาย,อำเภอแม่อาย,621.0,461.0,414.0,47.0,0.0,4.0,นายสันติ ตันสุข,ก้าวอิสระ,8.0,8,แปดคะแนน,numeric_text_agree
อำเภอแม่อาย/ตำบลแม่อาย/หน่วยเลือกตั้งที่ 4/สส. 5ทับ18.pdf,4,13.0,ตำบลแม่อาย,อำเภอแม่อาย,621.0,461.0,414.0,47.0,0.0,5.0,นายกาญจน์ คูเจริญชัยกุล,กล้าธรรม,306.0,306,สามร้อยหกคะแนน,numeric_text_agree
อำเภอแม่อาย/ตำบลแม่อาย/หน่วยเลือกตั้งที่ 4/สส. 5ทับ18.pdf,4,13.0,ตำบลแม่อาย,อำเภอแม่อาย,621.0,461.0,414.0,47.0,0.0,6.0,นายนิธิกร วุฒินัย,เพื่อไทย,14.0,14,สิบสี่คะแนน,numeric_text_agree
อำเภอแม่อาย/ตำบลแม่อาย/หน่วยเลือกตั้งที่ 4/สส. 5ทับ18.pdf,4,13.0,ตำบลแม่อาย,อำเภอแม่อาย,621.0,461.0,414.0,47.0,0.0,7.0,นายไกร ดาบธรรม,พลังประชารัฐ,57.0,57,ห้าสิบเจ็ดคะแนน,numeric_text_agree
อำเภอแม่อาย/ตำบลแม่อาย/หน่วยเลือกตั้งที่ 4/สส. 5ทับ18.pdf,4,13.0,ตำบลแม่อาย,อำเภอแม่อาย,621.0,461.0,414.0,47.0,0.0,8.0,นายพิสิณฑ์ อุปนันท์,เศรษฐกิจ,0.0,0,ศูนย์คะแนน,numeric_only
อำเภอแม่อาย/ตำบลแม่อาย/หน่วยเลือกตั้งที่ 4/สส. 5ทับ18.pdf,4,13.0,ตำบลแม่อาย,อำเภอแม่อาย,621.0,461.0,414.0,47.0,0.0,9.0,นายชาญวิทยายุทธ อินทร์แก้ว,ประชากรไทย,2.0,2,สองคะแนน,numeric_text_agree
อำเภอแม่อาย/ตำบลแม่อาย/หน่วยเลือกตั้งที่ 1/สส. 5ทับ18.pdf,1,3.0,ตำบลแม่อาย,อำเภอแม่อาย,275.0,212.0,174.0,28.0,8.0,1.0,นายอดุลย์ บุญใส,ภูมิใจไทย,2.0,2,สอง,numeric_text_agree
อำเภอแม่อาย/ตำบลแม่อาย/หน่วยเลือกตั้งที่ 1/สส. 5ทับ18.pdf,1,3.0,ตำบลแม่อาย,อำเภอแม่อาย,275.0,212.0,174.0,28.0,8.0,2.0,นายสมดุลย์ อุดเจริญ,ประชาชน,10.0,10,สิบ,numeric_text_agree
อำเภอแม่อาย/ตำบลแม่อาย/หน่วยเลือกตั้งที่ 1/สส. 5ทับ18.pdf,1,3.0,ตำบลแม่อาย,อำเภอแม่อาย,275.0,212.0,174.0,28.0,8.0,3.0,นายเกรียงกมล ศรีมา,ประชาธิปัตย์,2.0,2,สอง,numeric_text_agree
อำเภอแม่อาย/ตำบลแม่อาย/หน่วยเลือกตั้งที่ 1/สส. 5ทับ18.pdf,1,3.0,ตำบลแม่อาย,อำเภอแม่อาย,275.0,212.0,174.0,28.0,8.0,4.0,นายสันติ ตันสุขขะ,ก้าวอิสระ,6.0,6,หก,numeric_text_agree
อำเภอแม่อาย/ตำบลแม่อาย/หน่วยเลือกตั้งที่ 1/สส. 5ทับ18.pdf,1,3.0,ตำบลแม่อาย,อำเภอแม่อาย,275.0,212.0,174.0,28.0,8.0,5.0,นายการุณย์ คูเจริญชัยกุล,กล้าธรรม,66.0,66,หกสิบหก,numeric_text_agree
อำเภอแม่อาย/ตำบลแม่อาย/หน่วยเลือกตั้งที่ 1/สส. 5ทับ18.pdf,1,3.0,ตำบลแม่อาย,อำเภอแม่อาย,275.0,212.0,174.0,28.0,8.0,6.0,นายนิธิกร วุฒินัย,เพื่อไทย,6.0,6,หก,numeric_text_agree
อำเภอแม่อาย/ตำบลแม่อาย/หน่วยเลือกตั้งที่ 1/สส. 5ทับ18.pdf,1,3.0,ตำบลแม่อาย,อำเภอแม่อาย,275.0,212.0,174.0,28.0,8.0,7.0,นายไกร ดาบธรรม,พลังประชารัฐ,80.0,80,แปดสิบ,numeric_text_agree
อำเภอแม่อาย/ตำบลแม่อาย/หน่วยเลือกตั้งที่ 1/สส. 5ทับ18.pdf,1,3.0,ตำบลแม่อาย,อำเภอแม่อาย,275.0,212.0,174.0,28.0,8.0,8.0,นายพิสิณห์ อุปนันท์,เศรษฐกิจ,0.0,0,ศูนย์,numeric_only
อำเภอแม่อาย/ตำบลแม่อาย/หน่วยเลือกตั้งที่ 1/สส. 5ทับ18.pdf,1,3.0,ตำบลแม่อาย,อำเภอแม่อาย,275.0,212.0,174.0,28.0,8.0,9.0,นายชาญวิทยายุทธ์ อินทร์แก้ว,ประชากรไทย,2.0,2,สอง,numeric_text_agree
อำเภอแม่อาย/ตำบลแม่อาย/หน่วยเลือกตั้งที่ 2/สส. 5ทับ18.pdf,2,9.0,ตำบลแม่อาย,อำเภอแม่อาย,565.0,380.0,358.0,18.0,8.0,1.0,นายอดุลย์ บุญใส,ภูมิใจไทย,6.0,6,หกคะแนน,numeric_text_agree
อำเภอแม่อาย/ตำบลแม่อาย/หน่วยเลือกตั้งที่ 2/สส. 5ทับ18.pdf,2,9.0,ตำบลแม่อาย,อำเภอแม่อาย,565.0,380.0,358.0,18.0,8.0,2.0,นายสมดุลย์ อุดเจริญ,ประชาชน,50.0,50,ห้าสิบ คะแนน,numeric_text_agree
อำเภอแม่อาย/ตำบลแม่อาย/หน่วยเลือกตั้งที่ 2/สส. 5ทับ18.pdf,2,9.0,ตำบลแม่อาย,อำเภอแม่อาย,565.0,380.0,358.0,18.0,8.0,3.0,นายเกรียงกมล ศรีมา,ประชาธิปัตย์,1.0,1,หนึ่งคะแนน,numeric_text_agree
อำเภอแม่อาย/ตำบลแม่อาย/หน่วยเลือกตั้งที่ 2/สส. 5ทับ18.pdf,2,9.0,ตำบลแม่อาย,อำเภอแม่อาย,565.0,380.0,358.0,18.0,8.0,4.0,นายสันติ ตันสุข,ก้าวอิสระ,5.0,5,ห้าคะแนน,numeric_text_agree
อำเภอแม่อาย/ตำบลแม่อาย/หน่วยเลือกตั้งที่ 2/สส. 5ทับ18.pdf,2,9.0,ตำบลแม่อาย,อำเภอแม่อาย,565.0,380.0,358.0,18.0,8.0,5.0,นายการุณย์ คูเจริญชัยกุล,กล้าธรรม,148.0,148,หนึ่งร้อยสี่สิบแปดคะแนน,numeric_text_agree
อำเภอแม่อาย/ตำบลแม่อาย/หน่วยเลือกตั้งที่ 2/สส. 5ทับ18.pdf,2,9.0,ตำบลแม่อาย,อำเภอแม่อาย,565.0,380.0,358.0,18.0,8.0,6.0,นายนิธิกร วุฒินัย,เพื่อไทย,33.0,33,สามสิบสามคะแนน,numeric_text_agree
อำเภอแม่อาย/ตำบลแม่อาย/หน่วยเลือกตั้งที่ 2/สส. 5ทับ18.pdf,2,9.0,ตำบลแม่อาย,อำเภอแม่อาย,565.0,380.0,358.0,18.0,8.0,7.0,นายไกร ดาบธรรม,พลังประชารัฐ,88.0,88,แปดสิบแปดคะแนน,numeric_text_agree
อำเภอแม่อาย/ตำบลแม่อาย/หน่วยเลือกตั้งที่ 2/สส. 5ทับ18.pdf,2,9.0,ตำบลแม่อาย,อำเภอแม่อาย,565.0,380.0,358.0,18.0,8.0,8.0,นายพิสิษฐ์ อุปนันท์,เศรษฐกิจ,1.0,1,หนึ่งคะแนน,numeric_text_agree
อำเภอแม่อาย/ตำบลแม่อาย/หน่วยเลือกตั้งที่ 2/สส. 5ทับ18.pdf,2,9.0,ตำบลแม่อาย,อำเภอแม่อาย,565.0,380.0,358.0,18.0,8.0,9.0,นายชาญวิทยายุทธ์ อินทร์แก้ว,ประชากรไทย,5.0,5,ห้าคะแนน,numeric_text_agree
อำเภอแม่อาย/ตำบลแม่อาย/หน่วยเลือกตั้งที่ 3/สส. 5ทับ18.pdf,33,13.0,ตำบลแม่อาย,อำเภอแม่อาย,355.0,252.0,228.0,30.0,,1.0,นายอดุลย์ บุญใส,ภูมิใจไทย,5.0,5,ห้าคะแนน,numeric_text_agree
อำเภอแม่อาย/ตำบลแม่อาย/หน่วยเลือกตั้งที่ 3/สส. 5ทับ18.pdf,33,13.0,ตำบลแม่อาย,อำเภอแม่อาย,355.0,252.0,228.0,30.0,,2.0,นายสมดุลย์ อุดเจริญ,ประชาชน,22.0,22,ยี่สิบสองคะแนน,numeric_text_agree
อำเภอแม่อาย/ตำบลแม่อาย/หน่วยเลือกตั้งที่ 3/สส. 5ทับ18.pdf,33,13.0,ตำบลแม่อาย,อำเภอแม่อาย,355.0,252.0,228.0,30.0,,3.0,นายเกรียงกมล ศรีมา,ประชาธิปัตย์,0.0,0,-,numeric_only
อำเภอแม่อาย/ตำบลแม่อาย/หน่วยเลือกตั้งที่ 3/สส. 5ทับ18.pdf,33,13.0,ตำบลแม่อาย,อำเภอแม่อาย,355.0,252.0,228.0,30.0,,4.0,นายสันติ ตันสุขหัย,ก้าวอิสระ,5.0,5,ห้าคะแนน,numeric_text_agree
อำเภอแม่อาย/ตำบลแม่อาย/หน่วยเลือกตั้งที่ 3/สส. 5ทับ18.pdf,33,13.0,ตำบลแม่อาย,อำเภอแม่อาย,355.0,252.0,228.0,30.0,,5.0,นายการุณย์ คูเจริญชัยกุล,กล้าธรรม,33.0,33,สามสิบสามคะแนน,numeric_text_agree
อำเภอแม่อาย/ตำบลแม่อาย/หน่วยเลือกตั้งที่ 3/สส. 5ทับ18.pdf,33,13.0,ตำบลแม่อาย,อำเภอแม่อาย,355.0,252.0,228.0,30.0,,6.0,นายนิธิกร วุฒินัย,เพื่อไทย,21.0,21,ยี่สิบเอ็ดคะแนน,numeric_text_agree
อำเภอแม่อาย/ตำบลแม่อาย/หน่วยเลือกตั้งที่ 3/สส. 5ทับ18.pdf,33,13.0,ตำบลแม่อาย,อำเภอแม่อาย,355.0,252.0,228.0,30.0,,7.0,นายไกร ดาบธรรม,พลังประชารัฐ,135.0,135,หนึ่งร้อยสามสิบห้าคะแนน,numeric_text_agree
อำเภอแม่อาย/ตำบลแม่อาย/หน่วยเลือกตั้งที่ 3/สส. 5ทับ18.pdf,33,13.0,ตำบลแม่อาย,อำเภอแม่อาย,355.0,252.0,228.0,30.0,,8.0,นายพิสิณห์ อุปนันท์,เศรษฐกิจ,1.0,1,หนึ่งคะแนน,numeric_text_agree
อำเภอแม่อาย/ตำบลแม่อาย/หน่วยเลือกตั้งที่ 3/สส. 5ทับ18.pdf,33,13.0,ตำบลแม่อาย,อำเภอแม่อาย,355.0,252.0,228.0,30.0,,9.0,นายชาญวิทยายุทธ์ อินทร์แก้ว,ประชากรไทย,3.0,3,สามคะแนน,numeric_text_agree
อำเภอแม่อาย/ตำบลแม่นาวาง/หน่วยเลือกตั้งที่ 9/สส. 5ทับ18.pdf,9,7.0,ตำบลแม่นาวาง,อำเภอแม่อาย,587.0,386.0,354.0,30.0,2.0,1.0,นายอดุลย์ บุญใส,ภูมิใจไทย,17.0,17,สิบเจ็ด,numeric_text_agree
อำเภอแม่อาย/ตำบลแม่นาวาง/หน่วยเลือกตั้งที่ 9/สส. 5ทับ18.pdf,9,7.0,ตำบลแม่นาวาง,อำเภอแม่อาย,587.0,386.0,354.0,30.0,2.0,2.0,นายสมดุลย์ อุดมเจริญ,ประชาชน,30.0,30,สามสิบ,numeric_text_agree
อำเภอแม่อาย/ตำบลแม่นาวาง/หน่วยเลือกตั้งที่ 9/สส. 5ทับ18.pdf,9,7.0,ตำบลแม่นาวาง,อำเภอแม่อาย,587.0,386.0,354.0,30.0,2.0,3.0,นายเกรียงกมล ศรีมา,ประชาธิปัตย์,3.0,3,สาม,numeric_text_agree
อำเภอแม่อาย/ตำบลแม่นาวาง/หน่วยเลือกตั้งที่ 9/สส. 5ทับ18.pdf,9,7.0,ตำบลแม่นาวาง,อำเภอแม่อาย,587.0,386.0,354.0,30.0,2.0,4.0,นายสันติ ตันสุขขี,ก้าวอิสระ,2.0,2,สอง,numeric_text_agree
อำเภอแม่อาย/ตำบลแม่นาวาง/หน่วยเลือกตั้งที่ 9/สส. 5ทับ18.pdf,9,7.0,ตำบลแม่นาวาง,อำเภอแม่อาย,587.0,386.0,354.0,30.0,2.0,5.0,นายการุณย์ คูเจริญชัยกุล,กล้าธรรม,197.0,197,หนึ่งร้อยเก้าสิบเจ็ด,numeric_text_agree
อำเภอแม่อาย/ตำบลแม่นาวาง/หน่วยเลือกตั้งที่ 9/สส. 5ทับ18.pdf,9,7.0,ตำบลแม่นาวาง,อำเภอแม่อาย,587.0,386.0,354.0,30.0,2.0,6.0,นายนิธิกร วุฒินันชัย,เพื่อไทย,38.0,38,สามสิบแปด,numeric_text_agree
อำเภอแม่อาย/ตำบลแม่นาวาง/หน่วยเลือกตั้งที่ 9/สส. 5ทับ18.pdf,9,7.0,ตำบลแม่นาวาง,อำเภอแม่อาย,587.0,386.0,354.0,30.0,2.0,7.0,นายไกร ดาบธรรม,พลังประชารัฐ,62.0,62,หกสิบสอง,numeric_text_agree
อำเภอแม่อาย/ตำบลแม่นาวาง/หน่วยเลือกตั้งที่ 9/สส. 5ทับ18.pdf,9,7.0,ตำบลแม่นาวาง,อำเภอแม่อาย,587.0,386.0,354.0,30.0,2.0,8.0,นายพิสิณฑ์ อุปนันท์,เศรษฐกิจ,2.0,2,สอง,numeric_text_agree
อำเภอแม่อาย/ตำบลแม่นาวาง/หน่วยเลือกตั้งที่ 9/สส. 5ทับ18.pdf,9,7.0,ตำบลแม่นาวาง,อำเภอแม่อาย,587.0,386.0,354.0,30.0,2.0,9.0,นายชาญวิทยายุทธ์ อินทร์แก้ว,ประชากรไทย,3.0,3,สาม,numeric_text_agree
อำเภอแม่อาย/ตำบลแม่นาวาง/หน่วยเลือกตั้งที่ 8/สส. 5ทับ18 แม่นาวาง หน่วย 8.pdf,8,6.0,ตำบลแม่นาวาง,อำเภอแม่อาย,391.0,254.0,235.0,16.0,3.0,1.0,นายอดุลย์ บุญใส,ภูมิใจไทย,4.0,4,สี่,numeric_text_agree
อำเภอแม่อาย/ตำบลแม่นาวาง/หน่วยเลือกตั้งที่ 8/สส. 5ทับ18 แม่นาวาง หน่วย 8.pdf,8,6.0,ตำบลแม่นาวาง,อำเภอแม่อาย,391.0,254.0,235.0,16.0,3.0,2.0,นายสมดุลย์ อุดเจริญ,ประชาชน,17.0,17,สิบเจ็ด,numeric_text_agree
อำเภอแม่อาย/ตำบลแม่นาวาง/หน่วยเลือกตั้งที่ 8/สส. 5ทับ18 แม่นาวาง หน่วย 8.pdf,8,6.0,ตำบลแม่นาวาง,อำเภอแม่อาย,391.0,254.0,235.0,16.0,3.0,3.0,นายเกรียงกมล ศรีมา,ประชาธิปัตย์,0.0,0,ศูนย์,numeric_only
อำเภอแม่อาย/ตำบลแม่นาวาง/หน่วยเลือกตั้งที่ 8/สส. 5ทับ18 แม่นาวาง หน่วย 8.pdf,8,6.0,ตำบลแม่นาวาง,อำเภอแม่อาย,391.0,254.0,235.0,16.0,3.0,4.0,นายสันติ ตันสุข,ก้าวอิสระ,4.0,4,สี่,numeric_text_agree
อำเภอแม่อาย/ตำบลแม่นาวาง/หน่วยเลือกตั้งที่ 8/สส. 5ทับ18 แม่นาวาง หน่วย 8.pdf,8,6.0,ตำบลแม่นาวาง,อำเภอแม่อาย,391.0,254.0,235.0,16.0,3.0,5.0,นายการุณย์ คูเจริญชัยกุล,กล้าธรรม,150.0,150,หนึ่งร้อยห้าสิบ,numeric_text_agree
อำเภอแม่อาย/ตำบลแม่นาวาง/หน่วยเลือกตั้งที่ 8/สส. 5ทับ18 แม่นาวาง หน่วย 8.pdf,8,6.0,ตำบลแม่นาวาง,อำเภอแม่อาย,391.0,254.0,235.0,16.0,3.0,6.0,นายนิธิกร วุฒินันชัย,เพื่อไทย,31.0,31,สามสิบเอ็ด,numeric_text_agree
อำเภอแม่อาย/ตำบลแม่นาวาง/หน่วยเลือกตั้งที่ 8/สส. 5ทับ18 แม่นาวาง หน่วย 8.pdf,8,6.0,ตำบลแม่นาวาง,อำเภอแม่อาย,391.0,254.0,235.0,16.0,3.0,7.0,นายไกร ดาบธรรม,พลังประชารัฐ,21.0,21,ยี่สิบเอ็ด,numeric_text_agree
อำเภอแม่อาย/ตำบลแม่นาวาง/หน่วยเลือกตั้งที่ 8/สส. 5ทับ18 แม่นาวาง หน่วย 8.pdf,8,6.0,ตำบลแม่นาวาง,อำเภอแม่อาย,391.0,254.0,235.0,16.0,3.0,8.0,นายพิสัณห์ อุปนันท์,เศรษฐกิจ,0.0,0,ศูนย์,numeric_only
อำเภอแม่อาย/ตำบลแม่นาวาง/หน่วยเลือกตั้งที่ 8/สส. 5ทับ18 แม่นาวาง หน่วย 8.pdf,8,6.0,ตำบลแม่นาวาง,อำเภอแม่อาย,391.0,254.0,235.0,16.0,3.0,9.0,นายชาญวิทยายุทธ อินทร์แก้ว,ประชากรไทย,5.0,5,ห้า,numeric_text_agree
อำเภอแม่อาย/ตำบลแม่นาวาง/หน่วยเลือกตั้งที่ 4/สส. 5ทับ18.pdf,4,4.0,ตำบลแม่นาวาง,อำเภอแม่อาย,479.0,358.0,334.0,12.0,12.0,1.0,นายอดุลย์ บุญใส,ภูมิใจไทย,3.0,3,สาม,numeric_text_agree
อำเภอแม่อาย/ตำบลแม่นาวาง/หน่วยเลือกตั้งที่ 4/สส. 5ทับ18.pdf,4,4.0,ตำบลแม่นาวาง,อำเภอแม่อาย,479.0,358.0,334.0,12.0,12.0,2.0,นายสมดุลย์ อุตเจริญ,ประชาชน,41.0,41,สี่สิบเอ็ด,numeric_text_agree
อำเภอแม่อาย/ตำบลแม่นาวาง/หน่วยเลือกตั้งที่ 4/สส. 5ทับ18.pdf,4,4.0,ตำบลแม่นาวาง,อำเภอแม่อาย,479.0,358.0,334.0,12.0,12.0,3.0,นายเกรียงกมล ศรีมา,ประชาธิปัตย์,7.0,7,เจ็ด,numeric_text_agree
อำเภอแม่อาย/ตำบลแม่นาวาง/หน่วยเลือกตั้งที่ 4/สส. 5ทับ18.pdf,4,4.0,ตำบลแม่นาวาง,อำเภอแม่อาย,479.0,358.0,334.0,12.0,12.0,4.0,นายสันติ ตันสุข,ก้าวอิสระ,0.0,0,ศูนย์,numeric_only
อำเภอแม่อาย/ตำบลแม่นาวาง/หน่วยเลือกตั้งที่ 4/สส. 5ทับ18.pdf,4,4.0,ตำบลแม่นาวาง,อำเภอแม่อาย,479.0,358.0,334.0,12.0,12.0,5.0,นายการุณย์ คูเจริญชัยกุล,กล้าธรรม,152.0,152,หนึ่งร้อยห้าสิบสอง,numeric_text_agree
อำเภอแม่อาย/ตำบลแม่นาวาง/หน่วยเลือกตั้งที่ 4/สส. 5ทับ18.pdf,4,4.0,ตำบลแม่นาวาง,อำเภอแม่อาย,479.0,358.0,334.0,12.0,12.0,6.0,นายนิธินร วุฒินันชัย,เพื่อไทย,69.0,69,หกสิบเก้า,numeric_text_agree
อำเภอแม่อาย/ตำบลแม่นาวาง/หน่วยเลือกตั้งที่ 4/สส. 5ทับ18.pdf,4,4.0,ตำบลแม่นาวาง,อำเภอแม่อาย,479.0,358.0,334.0,12.0,12.0,7.0,นายไกร ดาบธรรม,พลังประชารัฐ,60.0,60,หกสิบ,numeric_text_agree
อำเภอแม่อาย/ตำบลแม่นาวาง/หน่วยเลือกตั้งที่ 4/สส. 5ทับ18.pdf,4,4.0,ตำบลแม่นาวาง,อำเภอแม่อาย,479.0,358.0,334.0,12.0,12.0,8.0,นายพิสิณห์ อุปนันท์,เศรษฐกิจ,7.0,7,เจ็ด,numeric_text_agree
อำเภอแม่อาย/ตำบลแม่นาวาง/หน่วยเลือกตั้งที่ 4/สส. 5ทับ18.pdf,4,4.0,ตำบลแม่นาวาง,อำเภอแม่อาย,479.0,358.0,334.0,12.0,12.0,9.0,นายชาญวิทยายุทธ์ อินทร์แก้ว,ประชากรไทย,5.0,5,ห้า,numeric_text_agree
อำเภอแม่อาย/ตำบลแม่นาวาง/หน่วยเลือกตั้งที่ 5/สส. 5ทับ18.pdf,5,5.0,ตำบลแม่นาวาง,อำเภอแม่อาย,670.0,496.0,415.0,45.0,16.0,1.0,นายอดุลย์ บุญใส,ภูมิใจไทย,18.0,18,สิบแปด,numeric_text_agree
อำเภอแม่อาย/ตำบลแม่นาวาง/หน่วยเลือกตั้งที่ 5/สส. 5ทับ18.pdf,5,5.0,ตำบลแม่นาวาง,อำเภอแม่อาย,670.0,496.0,415.0,45.0,16.0,2.0,นายสมดุลย์ อุดเจริญ,ประชาชน,46.0,46,สี่สิบหก,numeric_text_agree
อำเภอแม่อาย/ตำบลแม่นาวาง/หน่วยเลือกตั้งที่ 5/สส. 5ทับ18.pdf,5,5.0,ตำบลแม่นาวาง,อำเภอแม่อาย,670.0,496.0,415.0,45.0,16.0,3.0,นายเกรียงกมล ศรีมา,ประชาธิปัตย์,2.0,2,สอง,numeric_text_agree
อำเภอแม่อาย/ตำบลแม่นาวาง/หน่วยเลือกตั้งที่ 5/สส. 5ทับ18.pdf,5,5.0,ตำบลแม่นาวาง,อำเภอแม่อาย,670.0,496.0,415.0,45.0,16.0,4.0,นายสันติ ตันสุขหู,ก้าวอิสระ,7.0,7,เจ็ด,numeric_text_agree
อำเภอแม่อาย/ตำบลแม่นาวาง/หน่วยเลือกตั้งที่ 5/สส. 5ทับ18.pdf,5,5.0,ตำบลแม่นาวาง,อำเภอแม่อาย,670.0,496.0,415.0,45.0,16.0,5.0,นายการุณย์ คูเจริญชัยกุล,กล้าธรรม,181.0,181,หนึ่งร้อยแปดสิบเอ็ด,numeric_text_agree
อำเภอแม่อาย/ตำบลแม่นาวาง/หน่วยเลือกตั้งที่ 5/สส. 5ทับ18.pdf,5,5.0,ตำบลแม่นาวาง,อำเภอแม่อาย,670.0,496.0,415.0,45.0,16.0,6.0,นายนิธิกร วุฒินันชัย,เพื่อไทย,65.0,65,หกสิบห้า,numeric_text_agree
อำเภอแม่อาย/ตำบลแม่นาวาง/หน่วยเลือกตั้งที่ 5/สส. 5ทับ18.pdf,5,5.0,ตำบลแม่นาวาง,อำเภอแม่อาย,670.0,496.0,415.0,45.0,16.0,7.0,นายไกร ดาบธรรม,พลังประชารัฐ,83.0,83,แปดสิบสาม,numeric_text_agree
อำเภอแม่อาย/ตำบลแม่นาวาง/หน่วยเลือกตั้งที่ 5/สส. 5ทับ18.pdf,5,5.0,ตำบลแม่นาวาง,อำเภอแม่อาย,670.0,496.0,415.0,45.0,16.0,8.0,นายพิสัณห์ อุปนันท์,เศรษฐกิจ,4.0,4,สี่,numeric_text_agree
อำเภอแม่อาย/ตำบลแม่นาวาง/หน่วยเลือกตั้งที่ 5/สส. 5ทับ18.pdf,5,5.0,ตำบลแม่นาวาง,อำเภอแม่อาย,670.0,496.0,415.0,45.0,16.0,9.0,นายชาญวิทยายุทธ์ อินทร์แก้ว,ประชากรไทย,9.0,9,เก้า,numeric_text_agree
อำเภอแม่อาย/ตำบลแม่นาวาง/หน่วยเลือกตั้งที่ 6/สส. 5ทับ18.pdf,6,5.0,ตำบลแม่นาวาง,อำเภอแม่อาย,645.0,472.0,446.0,23.0,1.0,1.0,นายอดุลย์ บุญใส,ภูมิใจไทย,9.0,9,เก้า,numeric_text_agree
อำเภอแม่อาย/ตำบลแม่นาวาง/หน่วยเลือกตั้งที่ 6/สส. 5ทับ18.pdf,6,5.0,ตำบลแม่นาวาง,อำเภอแม่อาย,645.0,472.0,446.0,23.0,1.0,2.0,นายสมดุลย์ อุดเจริญ,ประชาชน,22.0,22,ยี่สิบสอง,numeric_text_agree
อำเภอแม่อาย/ตำบลแม่นาวาง/หน่วยเลือกตั้งที่ 6/สส. 5ทับ18.pdf,6,5.0,ตำบลแม่นาวาง,อำเภอแม่อาย,645.0,472.0,446.0,23.0,1.0,3.0,นายเกรียงกมล ศรีมา,ประชาธิปัตย์,4.0,4,สี่,numeric_text_agree
อำเภอแม่อาย/ตำบลแม่นาวาง/หน่วยเลือกตั้งที่ 6/สส. 5ทับ18.pdf,6,5.0,ตำบลแม่นาวาง,อำเภอแม่อาย,645.0,472.0,446.0,23.0,1.0,4.0,นายสันติ ตันสุข,ก้าวอิสระ,3.0,3,สาม,numeric_text_agree
อำเภอแม่อาย/ตำบลแม่นาวาง/หน่วยเลือกตั้งที่ 6/สส. 5ทับ18.pdf,6,5.0,ตำบลแม่นาวาง,อำเภอแม่อาย,645.0,472.0,446.0,23.0,1.0,5.0,นายการุณย์ คูเจริญชัยกุล,กล้าธรรม,345.0,345,สามร้อยสี่สิบห้า,numeric_text_agree
อำเภอแม่อาย/ตำบลแม่นาวาง/หน่วยเลือกตั้งที่ 6/สส. 5ทับ18.pdf,6,5.0,ตำบลแม่นาวาง,อำเภอแม่อาย,645.0,472.0,446.0,23.0,1.0,6.0,นายนิกร วุฒินันชัย,เพื่อไทย,6.0,6,หก,numeric_text_agree
อำเภอแม่อาย/ตำบลแม่นาวาง/หน่วยเลือกตั้งที่ 6/สส. 5ทับ18.pdf,6,5.0,ตำบลแม่นาวาง,อำเภอแม่อาย,645.0,472.0,446.0,23.0,1.0,7.0,นายไกร ดาบธรรม,พลังประชารัฐ,57.0,57,ห้าสิบเจ็ด,numeric_text_agree
อำเภอแม่อาย/ตำบลแม่นาวาง/หน่วยเลือกตั้งที่ 6/สส. 5ทับ18.pdf,6,5.0,ตำบลแม่นาวาง,อำเภอแม่อาย,645.0,472.0,446.0,23.0,1.0,8.0,นายพิสิณฑ์ อุปนันท์,เศรษฐกิจ,0.0,0,ศูนย์,numeric_only
อำเภอแม่อาย/ตำบลแม่นาวาง/หน่วยเลือกตั้งที่ 6/สส. 5ทับ18.pdf,6,5.0,ตำบลแม่นาวาง,อำเภอแม่อาย,645.0,472.0,446.0,23.0,1.0,9.0,นายชาญวิทยายุทธ อินทร์แก้ว,ประชากรไทย,0.0,0,ศูนย์,numeric_only
อำเภอแม่อาย/ตำบลแม่นาวาง/หน่วยเลือกตั้งที่ 3/สส. 5ทับ18.pdf,3,3.0,ตำบลแม่นาวาง,อำเภอแม่อาย,265.0,187.0,166.0,14.0,7.0,1.0,นายอดุลย์ บุญใส,ภูมิใจไทย,6.0,6,หก,numeric_text_agree
อำเภอแม่อาย/ตำบลแม่นาวาง/หน่วยเลือกตั้งที่ 3/สส. 5ทับ18.pdf,3,3.0,ตำบลแม่นาวาง,อำเภอแม่อาย,265.0,187.0,166.0,14.0,7.0,2.0,นายสมดุลย์ อุดเจริญ,ประชาชน,22.0,22,ยี่สิบสอง,numeric_text_agree
อำเภอแม่อาย/ตำบลแม่นาวาง/หน่วยเลือกตั้งที่ 3/สส. 5ทับ18.pdf,3,3.0,ตำบลแม่นาวาง,อำเภอแม่อาย,265.0,187.0,166.0,14.0,7.0,3.0,นายเกรียงกมล ศรีมา,ประชาธิปัตย์,1.0,1,หนึ่ง,numeric_text_agree
อำเภอแม่อาย/ตำบลแม่นาวาง/หน่วยเลือกตั้งที่ 3/สส. 5ทับ18.pdf,3,3.0,ตำบลแม่นาวาง,อำเภอแม่อาย,265.0,187.0,166.0,14.0,7.0,4.0,นายสันติ ตันสุขัย,ก้าวอิสระ,2.0,2,สอง,numeric_text_agree
อำเภอแม่อาย/ตำบลแม่นาวาง/หน่วยเลือกตั้งที่ 3/สส. 5ทับ18.pdf,3,3.0,ตำบลแม่นาวาง,อำเภอแม่อาย,265.0,187.0,166.0,14.0,7.0,5.0,นายการุณย์ คูเจริญชัยกุล,กล้าธรรม,62.0,62,หกสิบสอง,numeric_text_agree
อำเภอแม่อาย/ตำบลแม่นาวาง/หน่วยเลือกตั้งที่ 3/สส. 5ทับ18.pdf,3,3.0,ตำบลแม่นาวาง,อำเภอแม่อาย,265.0,187.0,166.0,14.0,7.0,6.0,นายนิกร วุฒินัย,เพื่อไทย,39.0,39,สามสิบเก้า,numeric_text_agree
อำเภอแม่อาย/ตำบลแม่นาวาง/หน่วยเลือกตั้งที่ 3/สส. 5ทับ18.pdf,3,3.0,ตำบลแม่นาวาง,อำเภอแม่อาย,265.0,187.0,166.0,14.0,7.0,7.0,นายไกร ดาบธรรม,พลังประชารัฐ,25.0,25,ยี่สิบห้า,numeric_text_agree
อำเภอแม่อาย/ตำบลแม่นาวาง/หน่วยเลือกตั้งที่ 3/สส. 5ทับ18.pdf,3,3.0,ตำบลแม่นาวาง,อำเภอแม่อาย,265.0,187.0,166.0,14.0,7.0,8.0,นายพิสัณห์ อุปนันท์,เศรษฐกิจ,1.0,1,หนึ่ง,numeric_text_agree
อำเภอแม่อาย/ตำบลแม่นาวาง/หน่วยเลือกตั้งที่ 3/สส. 5ทับ18.pdf,3,3.0,ตำบลแม่นาวาง,อำเภอแม่อาย,265.0,187.0,166.0,14.0,7.0,9.0,นายชาญวิทยายุทธ์ อินทร์แก้ว,ประชากรไทย,3.0,3,สาม,numeric_text_agree
อำเภอแม่อาย/ตำบลแม่นาวาง/หน่วยเลือกตั้งที่ 2/สส. 5ทับ18.pdf,1,1.0,ตำบลแม่นาวาง,อำเภอแม่อาย,540.0,399.0,374.0,12.0,13.0,1.0,นายอดุลย์ บุญใส,ภูมิใจไทย,12.0,12,สิบสองคะแนน,numeric_text_agree
อำเภอแม่อาย/ตำบลแม่นาวาง/หน่วยเลือกตั้งที่ 2/สส. 5ทับ18.pdf,1,1.0,ตำบลแม่นาวาง,อำเภอแม่อาย,540.0,399.0,374.0,12.0,13.0,2.0,นายสมดุลย์ อุดเจริญ,ประชาชน,30.0,30,สามสิบคะแนน,numeric_text_agree
อำเภอแม่อาย/ตำบลแม่นาวาง/หน่วยเลือกตั้งที่ 2/สส. 5ทับ18.pdf,1,1.0,ตำบลแม่นาวาง,อำเภอแม่อาย,540.0,399.0,374.0,12.0,13.0,3.0,นายเกรียงกมล ศรีมา,ประชาธิปัตย์,1.0,1,หนึ่งคะแนน,numeric_text_agree
อำเภอแม่อาย/ตำบลแม่นาวาง/หน่วยเลือกตั้งที่ 2/สส. 5ทับ18.pdf,1,1.0,ตำบลแม่นาวาง,อำเภอแม่อาย,540.0,399.0,374.0,12.0,13.0,4.0,นายสันติ ตันสุขขี,ก้าวอิสระ,0.0,0,ศูนย์คะแนน,numeric_only
อำเภอแม่อาย/ตำบลแม่นาวาง/หน่วยเลือกตั้งที่ 2/สส. 5ทับ18.pdf,1,1.0,ตำบลแม่นาวาง,อำเภอแม่อาย,540.0,399.0,374.0,12.0,13.0,5.0,นายกาญจน์ คูเจริญชัยกุล,กล้าธรรม,78.0,78,เจ็ดสิบแปดคะแนน,numeric_text_agree
อำเภอแม่อาย/ตำบลแม่นาวาง/หน่วยเลือกตั้งที่ 2/สส. 5ทับ18.pdf,1,1.0,ตำบลแม่นาวาง,อำเภอแม่อาย,540.0,399.0,374.0,12.0,13.0,6.0,นายนิธิกร วุฒินันชัย,เพื่อไทย,161.0,161,หนึ่งร้อยหกสิบเอ็ดคะแนน,numeric_text_agree
อำเภอแม่อาย/ตำบลแม่นาวาง/หน่วยเลือกตั้งที่ 2/สส. 5ทับ18.pdf,1,1.0,ตำบลแม่นาวาง,อำเภอแม่อาย,540.0,399.0,374.0,12.0,13.0,7.0,นายไกร ดาบธรรม,พลังประชารัฐ,64.0,64,หกสิบสี่คะแนน,numeric_text_agree
อำเภอแม่อาย/ตำบลแม่นาวาง/หน่วยเลือกตั้งที่ 2/สส. 5ทับ18.pdf,1,1.0,ตำบลแม่นาวาง,อำเภอแม่อาย,540.0,399.0,374.0,12.0,13.0,8.0,นายพิสัณห์ อุปนันท์,เศรษฐกิจ,4.0,4,สี่คะแนน,numeric_text_agree
อำเภอแม่อาย/ตำบลแม่นาวาง/หน่วยเลือกตั้งที่ 2/สส. 5ทับ18.pdf,1,1.0,ตำบลแม่นาวาง,อำเภอแม่อาย,540.0,399.0,374.0,12.0,13.0,9.0,นายชาญวิทยายุทธ์ อินทร์แก้ว,ประชากรไทย,4.0,4,สี่คะแนน,numeric_text_agree
อำเภอแม่อาย/ตำบลแม่นาวาง/หน่วยเลือกตั้งที่ 18/สส. 5ทับ18.pdf,10,14.0,ตำบลแม่นาวาง,อำเภอแม่อาย,783.0,368.0,329.0,27.0,2.0,2.0,นายสมดุลย์ อุตเจริญ,ประชาชน,47.0,47,สี่สิบเจ็ด,numeric_text_agree
อำเภอแม่อาย/ตำบลแม่นาวาง/หน่วยเลือกตั้งที่ 18/สส. 5ทับ18.pdf,10,14.0,ตำบลแม่นาวาง,อำเภอแม่อาย,783.0,368.0,329.0,27.0,2.0,3.0,นายเกรียงกมล ศรีมา,ประชาธิปัตย์,1.0,1,หนึ่ง,numeric_text_agree
อำเภอแม่อาย/ตำบลแม่นาวาง/หน่วยเลือกตั้งที่ 18/สส. 5ทับ18.pdf,10,14.0,ตำบลแม่นาวาง,อำเภอแม่อาย,783.0,368.0,329.0,27.0,2.0,4.0,นายสันติ ตันสุข,ก้าวอิสระ,2.0,2,สอง,numeric_text_agree
อำเภอแม่อาย/ตำบลแม่นาวาง/หน่วยเลือกตั้งที่ 18/สส. 5ทับ18.pdf,10,14.0,ตำบลแม่นาวาง,อำเภอแม่อาย,783.0,368.0,329.0,27.0,2.0,5.0,นายการุณย์ คูเจริญชัยกุล,กล้าธรรม,93.0,93,เก้าสิบสาม,numeric_text_agree
อำเภอแม่อาย/ตำบลแม่นาวาง/หน่วยเลือกตั้งที่ 18/สส. 5ทับ18.pdf,10,14.0,ตำบลแม่นาวาง,อำเภอแม่อาย,783.0,368.0,329.0,27.0,2.0,6.0,นายนิธิกร วุฒินัย,เพื่อไทย,55.0,55,ห้าสิบห้า,numeric_text_agree
อำเภอแม่อาย/ตำบลแม่นาวาง/หน่วยเลือกตั้งที่ 18/สส. 5ทับ18.pdf,10,14.0,ตำบลแม่นาวาง,อำเภอแม่อาย,783.0,368.0,329.0,27.0,2.0,7.0,นายไกร ดาบธรรม,พลังประชารัฐ,138.0,138,หนึ่งร้อยสามสิบแปด,numeric_text_agree
อำเภอแม่อาย/ตำบลแม่นาวาง/หน่วยเลือกตั้งที่ 18/สส. 5ทับ18.pdf,10,14.0,ตำบลแม่นาวาง,อำเภอแม่อาย,783.0,368.0,329.0,27.0,2.0,8.0,นายพิสิณฑ์ อุปนันท์,เศรษฐกิจ,4.0,4,สี่,numeric_text_agree
อำเภอแม่อาย/ตำบลแม่นาวาง/หน่วยเลือกตั้งที่ 18/สส. 5ทับ18.pdf,10,14.0,ตำบลแม่นาวาง,อำเภอแม่อาย,783.0,368.0,329.0,27.0,2.0,9.0,นายชาญวิทยายุทธ์ อินทร์แก้ว,ประชากรไทย,3.0,3,สาม,numeric_text_agree
อำเภอแม่อาย/ตำบลแม่นาวาง/หน่วยเลือกตั้งที่ 21/สส. 5ทับ18.pdf,21,17.0,ตำบลแม่นาวาง,อำเภอแม่อาย,445.0,321.0,292.0,19.0,10.0,1.0,นายอดุลย์ บุญใส,ภูมิใจไทย,7.0,7,เจ็ด,numeric_text_agree
อำเภอแม่อาย/ตำบลแม่นาวาง/หน่วยเลือกตั้งที่ 21/สส. 5ทับ18.pdf,21,17.0,ตำบลแม่นาวาง,อำเภอแม่อาย,445.0,321.0,292.0,19.0,10.0,2.0,นายสมดุลย์ อุดเจริญ,ประชาชน,60.0,60,หกสิบ,numeric_text_agree
อำเภอแม่อาย/ตำบลแม่นาวาง/หน่วยเลือกตั้งที่ 21/สส. 5ทับ18.pdf,21,17.0,ตำบลแม่นาวาง,อำเภอแม่อาย,445.0,321.0,292.0,19.0,10.0,3.0,นายเกรียงกมล ศรีมา,ประชาธิปัตย์,2.0,2,สอง,numeric_text_agree
อำเภอแม่อาย/ตำบลแม่นาวาง/หน่วยเลือกตั้งที่ 21/สส. 5ทับ18.pdf,21,17.0,ตำบลแม่นาวาง,อำเภอแม่อาย,445.0,321.0,292.0,19.0,10.0,4.0,นายสันติ ตันสุขิช,ก้าวอิสระ,0.0,0,ศูนย์,numeric_only
อำเภอแม่อาย/ตำบลแม่นาวาง/หน่วยเลือกตั้งที่ 21/สส. 5ทับ18.pdf,21,17.0,ตำบลแม่นาวาง,อำเภอแม่อาย,445.0,321.0,292.0,19.0,10.0,5.0,นายกาญจน์ คูเจริญชัยกุล,กล้าธรรม,108.0,108,หนึ่งร้อยแปด,numeric_text_agree
อำเภอแม่อาย/ตำบลแม่นาวาง/หน่วยเลือกตั้งที่ 21/สส. 5ทับ18.pdf,21,17.0,ตำบลแม่นาวาง,อำเภอแม่อาย,445.0,321.0,292.0,19.0,10.0,6.0,นายนิธิกร วุฒินันชัย,เพื่อไทย,70.0,70,เจ็ดสิบ,numeric_text_agree
อำเภอแม่อาย/ตำบลแม่นาวาง/หน่วยเลือกตั้งที่ 21/สส. 5ทับ18.pdf,21,17.0,ตำบลแม่นาวาง,อำเภอแม่อาย,445.0,321.0,292.0,19.0,10.0,7.0,นายไกร ดาบธรรม,พลังประชารัฐ,40.0,40,สี่สิบ,numeric_text_agree
อำเภอแม่อาย/ตำบลแม่นาวาง/หน่วยเลือกตั้งที่ 21/สส. 5ทับ18.pdf,21,17.0,ตำบลแม่นาวาง,อำเภอแม่อาย,445.0,321.0,292.0,19.0,10.0,8.0,นายพิสิษฐ์ อุปนันท์,เศรษฐกิจ,2.0,2,สอง,numeric_text_agree
อำเภอแม่อาย/ตำบลแม่นาวาง/หน่วยเลือกตั้งที่ 21/สส. 5ทับ18.pdf,21,17.0,ตำบลแม่นาวาง,อำเภอแม่อาย,445.0,321.0,292.0,19.0,10.0,9.0,นายชาญวิทยายุทธ์ อินทร์แก้ว,ประชากรไทย,3.0,3,สาม,numeric_text_agree
อำเภอแม่อาย/ตำบลแม่นาวาง/หน่วยเลือกตั้งที่ 20/สส. 5ทับ18.pdf,20,16.0,ตำบลแม่นาวาง,อำเภอแม่อาย,435.0,318.0,291.0,17.0,10.0,1.0,นายอดุลย์ บุญใส,ภูมิใจไทย,5.0,5,ห้า,numeric_text_agree
อำเภอแม่อาย/ตำบลแม่นาวาง/หน่วยเลือกตั้งที่ 20/สส. 5ทับ18.pdf,20,16.0,ตำบลแม่นาวาง,อำเภอแม่อาย,435.0,318.0,291.0,17.0,10.0,2.0,นายสมดุลย์ อุดเจริญ,ประชาชน,40.0,40,สี่สิบ,numeric_text_agree
อำเภอแม่อาย/ตำบลแม่นาวาง/หน่วยเลือกตั้งที่ 20/สส. 5ทับ18.pdf,20,16.0,ตำบลแม่นาวาง,อำเภอแม่อาย,435.0,318.0,291.0,17.0,10.0,3.0,นายเกรียงกมล ศรีมา,ประชาธิปัตย์,1.0,1,หนึ่ง,numeric_text_agree
อำเภอแม่อาย/ตำบลแม่นาวาง/หน่วยเลือกตั้งที่ 20/สส. 5ทับ18.pdf,20,16.0,ตำบลแม่นาวาง,อำเภอแม่อาย,435.0,318.0,291.0,17.0,10.0,4.0,นายสันติ ตันสุขทัย,ก้าวอิสระ,1.0,1,หนึ่ง,numeric_text_agree
อำเภอแม่อาย/ตำบลแม่นาวาง/หน่วยเลือกตั้งที่ 20/สส. 5ทับ18.pdf,20,16.0,ตำบลแม่นาวาง,อำเภอแม่อาย,435.0,318.0,291.0,17.0,10.0,5.0,นายการุณย์ คูเจริญชัยกุล,กล้าธรรม,131.0,191,ร้อยสามสิบเอ็ด,conflict_prefer_text
อำเภอแม่อาย/ตำบลแม่นาวาง/หน่วยเลือกตั้งที่ 20/สส. 5ทับ18.pdf,20,16.0,ตำบลแม่นาวาง,อำเภอแม่อาย,435.0,318.0,291.0,17.0,10.0,6.0,นายนิธิกร วุฒินันชัย,เพื่อไทย,49.0,49,สี่สิบเก้า,numeric_text_agree
อำเภอแม่อาย/ตำบลแม่นาวาง/หน่วยเลือกตั้งที่ 20/สส. 5ทับ18.pdf,20,16.0,ตำบลแม่นาวาง,อำเภอแม่อาย,435.0,318.0,291.0,17.0,10.0,7.0,นายไกร ดาบธรรม,พลังประชารัฐ,60.0,60,หกสิบ,numeric_text_agree
อำเภอแม่อาย/ตำบลแม่นาวาง/หน่วยเลือกตั้งที่ 20/สส. 5ทับ18.pdf,20,16.0,ตำบลแม่นาวาง,อำเภอแม่อาย,435.0,318.0,291.0,17.0,10.0,8.0,นายพิสิณห์ อุปนันท์,เศรษฐกิจ,2.0,2,สอง,numeric_text_agree
อำเภอแม่อาย/ตำบลแม่นาวาง/หน่วยเลือกตั้งที่ 20/สส. 5ทับ18.pdf,20,16.0,ตำบลแม่นาวาง,อำเภอแม่อาย,435.0,318.0,291.0,17.0,10.0,9.0,นายชาญวิทยายุทธ์ อินทร์แก้ว,ประชากรไทย,2.0,2,สอง,numeric_text_agree
อำเภอแม่อาย/ตำบลแม่นาวาง/หน่วยเลือกตั้งที่ 19/สส. 5ทับ18.pdf,19,15.0,ตำบลแม่นาวาง,อำเภอแม่อาย,404.0,284.0,261.0,19.0,4.0,1.0,นายอดุลย์ บุญใส,ภูมิใจไทย,4.0,4,สี่,numeric_text_agree
อำเภอแม่อาย/ตำบลแม่นาวาง/หน่วยเลือกตั้งที่ 19/สส. 5ทับ18.pdf,19,15.0,ตำบลแม่นาวาง,อำเภอแม่อาย,404.0,284.0,261.0,19.0,4.0,2.0,นายสมดุลย์ อุดเจริญ,ประชาชน,28.0,28,ยี่สิบแปด,numeric_text_agree
อำเภอแม่อาย/ตำบลแม่นาวาง/หน่วยเลือกตั้งที่ 19/สส. 5ทับ18.pdf,19,15.0,ตำบลแม่นาวาง,อำเภอแม่อาย,404.0,284.0,261.0,19.0,4.0,3.0,นายเกรียงกมล ศรีมา,ประชาธิปัตย์,2.0,2,สอง,numeric_text_agree
อำเภอแม่อาย/ตำบลแม่นาวาง/หน่วยเลือกตั้งที่ 19/สส. 5ทับ18.pdf,19,15.0,ตำบลแม่นาวาง,อำเภอแม่อาย,404.0,284.0,261.0,19.0,4.0,4.0,นายสันติ ตันสุข,ก้าวอิสระ,2.0,2,สอง,numeric_text_agree
อำเภอแม่อาย/ตำบลแม่นาวาง/หน่วยเลือกตั้งที่ 19/สส. 5ทับ18.pdf,19,15.0,ตำบลแม่นาวาง,อำเภอแม่อาย,404.0,284.0,261.0,19.0,4.0,5.0,นายการุณย์ คูเจริญชัยกุล,กล้าธรรม,90.0,90,เก้าสิบ,numeric_text_agree
อำเภอแม่อาย/ตำบลแม่นาวาง/หน่วยเลือกตั้งที่ 19/สส. 5ทับ18.pdf,19,15.0,ตำบลแม่นาวาง,อำเภอแม่อาย,404.0,284.0,261.0,19.0,4.0,6.0,นายนิธิกร วุฒินัย,เพื่อไทย,73.0,73,เจ็ดสิบสาม,numeric_text_agree
อำเภอแม่อาย/ตำบลแม่นาวาง/หน่วยเลือกตั้งที่ 19/สส. 5ทับ18.pdf,19,15.0,ตำบลแม่นาวาง,อำเภอแม่อาย,404.0,284.0,261.0,19.0,4.0,7.0,นายไกร ดาบธรรม,พลังประชารัฐ,56.0,56,ห้าสิบหก,numeric_text_agree
อำเภอแม่อาย/ตำบลแม่นาวาง/หน่วยเลือกตั้งที่ 19/สส. 5ทับ18.pdf,19,15.0,ตำบลแม่นาวาง,อำเภอแม่อาย,404.0,284.0,261.0,19.0,4.0,8.0,นายพิสิณห์ อุปนันท์,เศรษฐกิจ,0.0,0,ศูนย์,numeric_only
อำเภอแม่อาย/ตำบลแม่นาวาง/หน่วยเลือกตั้งที่ 19/สส. 5ทับ18.pdf,19,15.0,ตำบลแม่นาวาง,อำเภอแม่อาย,404.0,284.0,261.0,19.0,4.0,9.0,นายชาญวิทยายุทธ์ อินทร์แก้ว,ประชากรไทย,6.0,6,หก,numeric_text_agree
อำเภอแม่อาย/ตำบลแม่นาวาง/หน่วยเลือกตั้งที่ 16/สส. 5ทับ18.pdf,16,13.0,ตำบลแม่นาวาง,อำเภอแม่อาย,364.0,367.0,336.0,29.0,2.0,1.0,นายอดุลย์ บุญใส,ภูมิใจไทย,13.0,13,สิบสาม,numeric_text_agree
อำเภอแม่อาย/ตำบลแม่นาวาง/หน่วยเลือกตั้งที่ 16/สส. 5ทับ18.pdf,16,13.0,ตำบลแม่นาวาง,อำเภอแม่อาย,364.0,367.0,336.0,29.0,2.0,2.0,นายสมดุลย์ อุดเจริญ,ประชาชน,27.0,27,ยี่สิบเจ็ด,numeric_text_agree
อำเภอแม่อาย/ตำบลแม่นาวาง/หน่วยเลือกตั้งที่ 16/สส. 5ทับ18.pdf,16,13.0,ตำบลแม่นาวาง,อำเภอแม่อาย,364.0,367.0,336.0,29.0,2.0,3.0,นายเกรียงกมล ศรีมา,ประชาธิปัตย์,3.0,3,สาม,numeric_text_agree
อำเภอแม่อาย/ตำบลแม่นาวาง/หน่วยเลือกตั้งที่ 16/สส. 5ทับ18.pdf,16,13.0,ตำบลแม่นาวาง,อำเภอแม่อาย,364.0,367.0,336.0,29.0,2.0,4.0,นายสันติ ตันสุข,ก้าวอิสระ,1.0,1,หนึ่ง,numeric_text_agree
อำเภอแม่อาย/ตำบลแม่นาวาง/หน่วยเลือกตั้งที่ 16/สส. 5ทับ18.pdf,16,13.0,ตำบลแม่นาวาง,อำเภอแม่อาย,364.0,367.0,336.0,29.0,2.0,5.0,นายการุณย์ คูเจริญชัยกุล,กล้าธรรม,155.0,155,หนึ่งร้อยห้าสิบห้า,numeric_text_agree
อำเภอแม่อาย/ตำบลแม่นาวาง/หน่วยเลือกตั้งที่ 16/สส. 5ทับ18.pdf,16,13.0,ตำบลแม่นาวาง,อำเภอแม่อาย,364.0,367.0,336.0,29.0,2.0,6.0,นายนิกร วุฒินันชัย,เพื่อไทย,56.0,56,ห้าสิบหก,numeric_text_agree
อำเภอแม่อาย/ตำบลแม่นาวาง/หน่วยเลือกตั้งที่ 16/สส. 5ทับ18.pdf,16,13.0,ตำบลแม่นาวาง,อำเภอแม่อาย,364.0,367.0,336.0,29.0,2.0,7.0,นายไกร ดาบธรรม,พลังประชารัฐ,7.0,7,เจ็ด,numeric_text_agree
อำเภอแม่อาย/ตำบลแม่นาวาง/หน่วยเลือกตั้งที่ 16/สส. 5ทับ18.pdf,16,13.0,ตำบลแม่นาวาง,อำเภอแม่อาย,364.0,367.0,336.0,29.0,2.0,8.0,นายพิสัณห์ อุปนันท์,เศรษฐกิจ,0.0,0,ศูนย์,numeric_only
อำเภอแม่อาย/ตำบลแม่นาวาง/หน่วยเลือกตั้งที่ 16/สส. 5ทับ18.pdf,16,13.0,ตำบลแม่นาวาง,อำเภอแม่อาย,364.0,367.0,336.0,29.0,2.0,9.0,นายชาญวิทยายุทธ อินทร์แก้ว,ประชากรไทย,14.0,14,สิบสี่,numeric_text_agree
อำเภอแม่อาย/ตำบลแม่นาวาง/หน่วยเลือกตั้งที่ 15/สส. 5ทับ18.pdf,15,12.0,ตำบลแม่นาวาง,อำเภอแม่อาย,286.0,216.0,188.0,14.0,14.0,1.0,นายอดุลย์ บุญใส,ภูมิใจไทย,2.0,2,สอง,numeric_text_agree
อำเภอแม่อาย/ตำบลแม่นาวาง/หน่วยเลือกตั้งที่ 15/สส. 5ทับ18.pdf,15,12.0,ตำบลแม่นาวาง,อำเภอแม่อาย,286.0,216.0,188.0,14.0,14.0,2.0,นายสมดุลย์ อุดเจริญ,ประชาชน,25.0,25,ยี่สิบห้า,numeric_text_agree
อำเภอแม่อาย/ตำบลแม่นาวาง/หน่วยเลือกตั้งที่ 15/สส. 5ทับ18.pdf,15,12.0,ตำบลแม่นาวาง,อำเภอแม่อาย,286.0,216.0,188.0,14.0,14.0,3.0,นายเกรียงกมล ศรีมา,ประชาธิปัตย์,,,-,missing
อำเภอแม่อาย/ตำบลแม่นาวาง/หน่วยเลือกตั้งที่ 15/สส. 5ทับ18.pdf,15,12.0,ตำบลแม่นาวาง,อำเภอแม่อาย,286.0,216.0,188.0,14.0,14.0,4.0,นายสันติ ตันสุขทัย,ก้าวอิสระ,,,-,missing
อำเภอแม่อาย/ตำบลแม่นาวาง/หน่วยเลือกตั้งที่ 15/สส. 5ทับ18.pdf,15,12.0,ตำบลแม่นาวาง,อำเภอแม่อาย,286.0,216.0,188.0,14.0,14.0,5.0,นายการุณย์ คูเจริญชัยกุล,กล้าธรรม,68.0,68,หกสิบแปด,numeric_text_agree
อำเภอแม่อาย/ตำบลแม่นาวาง/หน่วยเลือกตั้งที่ 15/สส. 5ทับ18.pdf,15,12.0,ตำบลแม่นาวาง,อำเภอแม่อาย,286.0,216.0,188.0,14.0,14.0,6.0,นายนิกร วุฒินันชัย,เพื่อไทย,70.0,70,เจ็ดสิบ,numeric_text_agree
อำเภอแม่อาย/ตำบลแม่นาวาง/หน่วยเลือกตั้งที่ 15/สส. 5ทับ18.pdf,15,12.0,ตำบลแม่นาวาง,อำเภอแม่อาย,286.0,216.0,188.0,14.0,14.0,7.0,นายไกร ดาบธรรม,พลังประชารัฐ,20.0,20,ยี่สิบ,numeric_text_agree
อำเภอแม่อาย/ตำบลแม่นาวาง/หน่วยเลือกตั้งที่ 15/สส. 5ทับ18.pdf,15,12.0,ตำบลแม่นาวาง,อำเภอแม่อาย,286.0,216.0,188.0,14.0,14.0,8.0,นายพิสิณฑ์ อุปปนันท์,เศรษฐกิจ,1.0,1,หนึ่ง,numeric_text_agree
อำเภอแม่อาย/ตำบลแม่นาวาง/หน่วยเลือกตั้งที่ 15/สส. 5ทับ18.pdf,15,12.0,ตำบลแม่นาวาง,อำเภอแม่อาย,286.0,216.0,188.0,14.0,14.0,9.0,นายชาญวิทยายุทธ อินทร์แก้ว,ประชากรไทย,2.0,2,สอง,numeric_text_agree
อำเภอแม่อาย/ตำบลแม่นาวาง/หน่วยเลือกตั้งที่ 14/สส. 5ทับ18.pdf,14,11.0,ตำบลแม่นาวาง,อำเภอแม่อาย,563.0,418.0,388.0,26.0,4.0,1.0,นายอดุลย์ บุญใส,ภูมิใจไทย,13.0,13,สิบสาม,numeric_text_agree
อำเภอแม่อาย/ตำบลแม่นาวาง/หน่วยเลือกตั้งที่ 14/สส. 5ทับ18.pdf,14,11.0,ตำบลแม่นาวาง,อำเภอแม่อาย,563.0,418.0,388.0,26.0,4.0,2.0,นายสมดุลย์ อุดเจริญ,ประชาชน,55.0,55,ห้าสิบห้า,numeric_text_agree
อำเภอแม่อาย/ตำบลแม่นาวาง/หน่วยเลือกตั้งที่ 14/สส. 5ทับ18.pdf,14,11.0,ตำบลแม่นาวาง,อำเภอแม่อาย,563.0,418.0,388.0,26.0,4.0,3.0,นายเกรียงกมล ศรีมา,ประชาธิปัตย์,4.0,4,สี่,numeric_text_agree
อำเภอแม่อาย/ตำบลแม่นาวาง/หน่วยเลือกตั้งที่ 14/สส. 5ทับ18.pdf,14,11.0,ตำบลแม่นาวาง,อำเภอแม่อาย,563.0,418.0,388.0,26.0,4.0,4.0,นายสันติ ตันสุขี,ก้าวอิสระ,2.0,2,สอง,numeric_text_agree
อำเภอแม่อาย/ตำบลแม่นาวาง/หน่วยเลือกตั้งที่ 14/สส. 5ทับ18.pdf,14,11.0,ตำบลแม่นาวาง,อำเภอแม่อาย,563.0,418.0,388.0,26.0,4.0,5.0,นายกาญจน์ คูเจริญชัยกุล,กล้าธรรม,166.0,166,หนึ่งร้อยหกสิบหก,numeric_text_agree
อำเภอแม่อาย/ตำบลแม่นาวาง/หน่วยเลือกตั้งที่ 14/สส. 5ทับ18.pdf,14,11.0,ตำบลแม่นาวาง,อำเภอแม่อาย,563.0,418.0,388.0,26.0,4.0,6.0,นายนิกร วุฒินัย,เพื่อไทย,41.0,41,สี่สิบเอ็ด,numeric_text_agree
อำเภอแม่อาย/ตำบลแม่นาวาง/หน่วยเลือกตั้งที่ 14/สส. 5ทับ18.pdf,14,11.0,ตำบลแม่นาวาง,อำเภอแม่อาย,563.0,418.0,388.0,26.0,4.0,7.0,นายไกร ดาบธรรม,พลังประชารัฐ,104.0,104,หนึ่งร้อยสี่,numeric_text_agree
อำเภอแม่อาย/ตำบลแม่นาวาง/หน่วยเลือกตั้งที่ 14/สส. 5ทับ18.pdf,14,11.0,ตำบลแม่นาวาง,อำเภอแม่อาย,563.0,418.0,388.0,26.0,4.0,8.0,นายพิสัณห์ อุปนันท์,เศรษฐกิจ,3.0,3,สาม,numeric_text_agree
อำเภอแม่อาย/ตำบลแม่นาวาง/หน่วยเลือกตั้งที่ 14/สส. 5ทับ18.pdf,14,11.0,ตำบลแม่นาวาง,อำเภอแม่อาย,563.0,418.0,388.0,26.0,4.0,9.0,นายชาญวิทยายุทธ์ อินทร์แก้ว,ประชากรไทย,0.0,0,ศูนย์,numeric_only
อำเภอแม่อาย/ตำบลแม่นาวาง/หน่วยเลือกตั้งที่ 13/สส. 5ทับ18 แม่นาวาง หน่วย 13.pdf,13,10.0,ตำบลแม่นาวาง,อำเภอแม่อาย,352.0,238.0,225.0,8.0,5.0,1.0,นายอดุลย์ บุญใส,ภูมิใจไทย,6.0,6,หกคะแนน,numeric_text_agree
อำเภอแม่อาย/ตำบลแม่นาวาง/หน่วยเลือกตั้งที่ 13/สส. 5ทับ18 แม่นาวาง หน่วย 13.pdf,13,10.0,ตำบลแม่นาวาง,อำเภอแม่อาย,352.0,238.0,225.0,8.0,5.0,2.0,นายสมดุลย์ อุดเจริญ,ประชาชน,37.0,37,สามสิบเจ็ดคะแนน,numeric_text_agree
อำเภอแม่อาย/ตำบลแม่นาวาง/หน่วยเลือกตั้งที่ 13/สส. 5ทับ18 แม่นาวาง หน่วย 13.pdf,13,10.0,ตำบลแม่นาวาง,อำเภอแม่อาย,352.0,238.0,225.0,8.0,5.0,3.0,นายเกรียงกมล ศรีมา,ประชาธิปัตย์,1.0,1,หนึ่งคะแนน,numeric_text_agree
อำเภอแม่อาย/ตำบลแม่นาวาง/หน่วยเลือกตั้งที่ 13/สส. 5ทับ18 แม่นาวาง หน่วย 13.pdf,13,10.0,ตำบลแม่นาวาง,อำเภอแม่อาย,352.0,238.0,225.0,8.0,5.0,4.0,นายสันติ ตันสุขี,ก้าวอิสระ,0.0,0,ศูนย์คะแนน,numeric_only
อำเภอแม่อาย/ตำบลแม่นาวาง/หน่วยเลือกตั้งที่ 13/สส. 5ทับ18 แม่นาวาง หน่วย 13.pdf,13,10.0,ตำบลแม่นาวาง,อำเภอแม่อาย,352.0,238.0,225.0,8.0,5.0,5.0,นายการุณย์ คูเจริญชัยกุล,กล้าธรรม,73.0,73,เจ็ดสิบสามคะแนน,numeric_text_agree
อำเภอแม่อาย/ตำบลแม่นาวาง/หน่วยเลือกตั้งที่ 13/สส. 5ทับ18 แม่นาวาง หน่วย 13.pdf,13,10.0,ตำบลแม่นาวาง,อำเภอแม่อาย,352.0,238.0,225.0,8.0,5.0,6.0,นายนิกร วุฒินันชัย,เพื่อไทย,91.0,91,เก้าสิบเอ็ดคะแนน,numeric_text_agree
อำเภอแม่อาย/ตำบลแม่นาวาง/หน่วยเลือกตั้งที่ 13/สส. 5ทับ18 แม่นาวาง หน่วย 13.pdf,13,10.0,ตำบลแม่นาวาง,อำเภอแม่อาย,352.0,238.0,225.0,8.0,5.0,7.0,นายไกร ดาบธรรม,พลังประชารัฐ,10.0,10,สิบคะแนน,numeric_text_agree
อำเภอแม่อาย/ตำบลแม่นาวาง/หน่วยเลือกตั้งที่ 13/สส. 5ทับ18 แม่นาวาง หน่วย 13.pdf,13,10.0,ตำบลแม่นาวาง,อำเภอแม่อาย,352.0,238.0,225.0,8.0,5.0,8.0,นายพิสัณห์ อุปนันท์,เศรษฐกิจ,3.0,3,สามคะแนน,numeric_text_agree
อำเภอแม่อาย/ตำบลแม่นาวาง/หน่วยเลือกตั้งที่ 13/สส. 5ทับ18 แม่นาวาง หน่วย 13.pdf,13,10.0,ตำบลแม่นาวาง,อำเภอแม่อาย,352.0,238.0,225.0,8.0,5.0,9.0,นายชาญวิทยายุทธ์ อินทร์แก้ว,ประชากรไทย,4.0,4,สี่คะแนน,numeric_text_agree
อำเภอแม่อาย/ตำบลแม่นาวาง/หน่วยเลือกตั้งที่ 10/สส. 5ทับ18.pdf,10,7.0,ตำบลแม่นาวาง,อำเภอแม่อาย,531.0,388.0,365.0,22.0,1.0,1.0,นายอดุลย์ บุญใส,ภูมิใจไทย,15.0,15,สิบห้า,numeric_text_agree
อำเภอแม่อาย/ตำบลแม่นาวาง/หน่วยเลือกตั้งที่ 10/สส. 5ทับ18.pdf,10,7.0,ตำบลแม่นาวาง,อำเภอแม่อาย,531.0,388.0,365.0,22.0,1.0,2.0,นายสมดุลย์ อุดเจริญ,ประชาชน,31.0,31,สามสิบเอ็ด,numeric_text_agree
อำเภอแม่อาย/ตำบลแม่นาวาง/หน่วยเลือกตั้งที่ 10/สส. 5ทับ18.pdf,10,7.0,ตำบลแม่นาวาง,อำเภอแม่อาย,531.0,388.0,365.0,22.0,1.0,3.0,นายเกรียงกมล ศรีมา,ประชาธิปัตย์,1.0,1,หนึ่ง,numeric_text_agree
อำเภอแม่อาย/ตำบลแม่นาวาง/หน่วยเลือกตั้งที่ 10/สส. 5ทับ18.pdf,10,7.0,ตำบลแม่นาวาง,อำเภอแม่อาย,531.0,388.0,365.0,22.0,1.0,4.0,นายสันติ ตันสุหัช,ก้าวอิสระ,2.0,2,สอง,numeric_text_agree
อำเภอแม่อาย/ตำบลแม่นาวาง/หน่วยเลือกตั้งที่ 10/สส. 5ทับ18.pdf,10,7.0,ตำบลแม่นาวาง,อำเภอแม่อาย,531.0,388.0,365.0,22.0,1.0,5.0,นายการุณย์ คูเจริญชัยกุล,กล้าธรรม,261.0,261,สองร้อยหกสิบเอ็ด,numeric_text_agree
อำเภอแม่อาย/ตำบลแม่นาวาง/หน่วยเลือกตั้งที่ 10/สส. 5ทับ18.pdf,10,7.0,ตำบลแม่นาวาง,อำเภอแม่อาย,531.0,388.0,365.0,22.0,1.0,6.0,นายนิธากร วุฒินัย,เพื่อไทย,30.0,30,สามสิบ,numeric_text_agree
อำเภอแม่อาย/ตำบลแม่นาวาง/หน่วยเลือกตั้งที่ 10/สส. 5ทับ18.pdf,10,7.0,ตำบลแม่นาวาง,อำเภอแม่อาย,531.0,388.0,365.0,22.0,1.0,7.0,นายไกร ดาบธรรม,พลังประชารัฐ,24.0,24,ยี่สิบสี่,numeric_text_agree
อำเภอแม่อาย/ตำบลแม่นาวาง/หน่วยเลือกตั้งที่ 10/สส. 5ทับ18.pdf,10,7.0,ตำบลแม่นาวาง,อำเภอแม่อาย,531.0,388.0,365.0,22.0,1.0,8.0,นายพิสิณห์ อุปนันท์,เศรษฐกิจ,0.0,0,ศูนย์,numeric_only
อำเภอแม่อาย/ตำบลแม่นาวาง/หน่วยเลือกตั้งที่ 10/สส. 5ทับ18.pdf,10,7.0,ตำบลแม่นาวาง,อำเภอแม่อาย,531.0,388.0,365.0,22.0,1.0,9.0,นายชาญวิทยายุทธ์ อินทร์แก้ว,ประชากรไทย,1.0,1,หนึ่ง,numeric_text_agree
อำเภอแม่อาย/ตำบลแม่นาวาง/หน่วยเลือกตั้งที่ 12/สส. 5ทับ18.pdf,12,9.0,ตำบลแม่นาวาง,อำเภอแม่อาย,297.0,208.0,191.0,10.0,7.0,1.0,นายอดุลย์ บุญใส,ภูมิใจไทย,7.0,7,เจ็ด,numeric_text_agree
อำเภอแม่อาย/ตำบลแม่นาวาง/หน่วยเลือกตั้งที่ 12/สส. 5ทับ18.pdf,12,9.0,ตำบลแม่นาวาง,อำเภอแม่อาย,297.0,208.0,191.0,10.0,7.0,2.0,นายสมดุลย์ อุดเจริญ,ประชาชน,30.0,30,สามสิบ,numeric_text_agree
อำเภอแม่อาย/ตำบลแม่นาวาง/หน่วยเลือกตั้งที่ 12/สส. 5ทับ18.pdf,12,9.0,ตำบลแม่นาวาง,อำเภอแม่อาย,297.0,208.0,191.0,10.0,7.0,3.0,นายเกรียงกมล ศรีมา,ประชาธิปัตย์,2.0,2,สอง,numeric_text_agree
อำเภอแม่อาย/ตำบลแม่นาวาง/หน่วยเลือกตั้งที่ 12/สส. 5ทับ18.pdf,12,9.0,ตำบลแม่นาวาง,อำเภอแม่อาย,297.0,208.0,191.0,10.0,7.0,4.0,นายสันติ ตันสุขี,ก้าวอิสระ,2.0,2,สอง,numeric_text_agree
อำเภอแม่อาย/ตำบลแม่นาวาง/หน่วยเลือกตั้งที่ 12/สส. 5ทับ18.pdf,12,9.0,ตำบลแม่นาวาง,อำเภอแม่อาย,297.0,208.0,191.0,10.0,7.0,5.0,นายการุณย์ คูเจริญชัยกุล,กล้าธรรม,86.0,86,แปดสิบหก,numeric_text_agree
อำเภอแม่อาย/ตำบลแม่นาวาง/หน่วยเลือกตั้งที่ 12/สส. 5ทับ18.pdf,12,9.0,ตำบลแม่นาวาง,อำเภอแม่อาย,297.0,208.0,191.0,10.0,7.0,6.0,นายนิธิกร วุฒินันชัย,เพื่อไทย,24.0,24,ยี่สิบสี่,numeric_text_agree
อำเภอแม่อาย/ตำบลแม่นาวาง/หน่วยเลือกตั้งที่ 12/สส. 5ทับ18.pdf,12,9.0,ตำบลแม่นาวาง,อำเภอแม่อาย,297.0,208.0,191.0,10.0,7.0,7.0,นายไกร ดาบธรรม,พลังประชารัฐ,38.0,38,สามสิบแปด,numeric_text_agree
อำเภอแม่อาย/ตำบลแม่นาวาง/หน่วยเลือกตั้งที่ 12/สส. 5ทับ18.pdf,12,9.0,ตำบลแม่นาวาง,อำเภอแม่อาย,297.0,208.0,191.0,10.0,7.0,8.0,นายพิสัณห์ อุปนันท์,เศรษฐกิจ,1.0,1,หนึ่ง,numeric_text_agree
อำเภอแม่อาย/ตำบลแม่นาวาง/หน่วยเลือกตั้งที่ 12/สส. 5ทับ18.pdf,12,9.0,ตำบลแม่นาวาง,อำเภอแม่อาย,297.0,208.0,191.0,10.0,7.0,9.0,นายชาญวิทยายุทธ อินทร์แก้ว,ประชากรไทย,2.0,2,สอง,numeric_text_agree
อำเภอแม่อาย/ตำบลแม่นาวาง/หน่วยเลือกตั้งที่ 11/สส. 5ทับ18.pdf,11,8.0,ตำบลแม่นาวาง,อำเภอแม่อาย,525.0,411.0,380.0,25.0,6.0,1.0,นายอดุลย์ บุญใส,ภูมิใจไทย,7.0,7,เจ็ด,numeric_text_agree
อำเภอแม่อาย/ตำบลแม่นาวาง/หน่วยเลือกตั้งที่ 11/สส. 5ทับ18.pdf,11,8.0,ตำบลแม่นาวาง,อำเภอแม่อาย,525.0,411.0,380.0,25.0,6.0,2.0,นายสมดุลย์ อุดเจริญ,ประชาชน,38.0,38,สามสิบแปด,numeric_text_agree
อำเภอแม่อาย/ตำบลแม่นาวาง/หน่วยเลือกตั้งที่ 11/สส. 5ทับ18.pdf,11,8.0,ตำบลแม่นาวาง,อำเภอแม่อาย,525.0,411.0,380.0,25.0,6.0,3.0,นายเกรียงกมล ศรีมา,ประชาธิปัตย์,3.0,3,สาม,numeric_text_agree
อำเภอแม่อาย/ตำบลแม่นาวาง/หน่วยเลือกตั้งที่ 11/สส. 5ทับ18.pdf,11,8.0,ตำบลแม่นาวาง,อำเภอแม่อาย,525.0,411.0,380.0,25.0,6.0,4.0,นายสันติ ตันสุขขี,ก้าวอิสระ,2.0,2,สอง,numeric_text_agree
อำเภอแม่อาย/ตำบลแม่นาวาง/หน่วยเลือกตั้งที่ 11/สส. 5ทับ18.pdf,11,8.0,ตำบลแม่นาวาง,อำเภอแม่อาย,525.0,411.0,380.0,25.0,6.0,5.0,นายการุณย์ คูเจริญชัยกุล,กล้าธรรม,145.0,145,หนึ่งร้อยสี่สิบห้า,numeric_text_agree
อำเภอแม่อาย/ตำบลแม่นาวาง/หน่วยเลือกตั้งที่ 11/สส. 5ทับ18.pdf,11,8.0,ตำบลแม่นาวาง,อำเภอแม่อาย,525.0,411.0,380.0,25.0,6.0,6.0,นายนิธิกร วุฒินันชัย,เพื่อไทย,49.0,49,สี่สิบเก้า,numeric_text_agree
อำเภอแม่อาย/ตำบลแม่นาวาง/หน่วยเลือกตั้งที่ 11/สส. 5ทับ18.pdf,11,8.0,ตำบลแม่นาวาง,อำเภอแม่อาย,525.0,411.0,380.0,25.0,6.0,7.0,นายไกร ดาบธรรม,พลังประชารัฐ,91.0,91,เก้าสิบเอ็ด,numeric_text_agree
อำเภอแม่อาย/ตำบลแม่นาวาง/หน่วยเลือกตั้งที่ 11/สส. 5ทับ18.pdf,11,8.0,ตำบลแม่นาวาง,อำเภอแม่อาย,525.0,411.0,380.0,25.0,6.0,8.0,นายพิสิษฐ์ อุปนันท์,เศรษฐกิจ,4.0,4,สี่,numeric_text_agree
อำเภอแม่อาย/ตำบลแม่นาวาง/หน่วยเลือกตั้งที่ 11/สส. 5ทับ18.pdf,11,8.0,ตำบลแม่นาวาง,อำเภอแม่อาย,525.0,411.0,380.0,25.0,6.0,9.0,นายชาญวิทยายุทธ์ อินทร์แก้ว,ประชากรไทย,11.0,11,สิบเอ็ด,numeric_text_agree
อำเภอแม่อาย/ตำบลแม่นาวาง/หน่วยเลือกตั้งที่ 1/สส. 5ทับ18.pdf,1,1.0,ตำบลแม่นาวาง,อำเภอแม่อาย,394.0,275.0,249.0,15.0,11.0,1.0,นายอดุลย์ บุญใส,ภูมิใจไทย,2.0,2,สอง,numeric_text_agree
อำเภอแม่อาย/ตำบลแม่นาวาง/หน่วยเลือกตั้งที่ 1/สส. 5ทับ18.pdf,1,1.0,ตำบลแม่นาวาง,อำเภอแม่อาย,394.0,275.0,249.0,15.0,11.0,2.0,นายสมดุลย์ อุดเจริญ,ประชาชน,39.0,39,สามสิบเก้า,numeric_text_agree
อำเภอแม่อาย/ตำบลแม่นาวาง/หน่วยเลือกตั้งที่ 1/สส. 5ทับ18.pdf,1,1.0,ตำบลแม่นาวาง,อำเภอแม่อาย,394.0,275.0,249.0,15.0,11.0,3.0,นายเกรียงกมล ศรีมา,ประชาธิปัตย์,0.0,0,ศูนย์,numeric_only
อำเภอแม่อาย/ตำบลแม่นาวาง/หน่วยเลือกตั้งที่ 1/สส. 5ทับ18.pdf,1,1.0,ตำบลแม่นาวาง,อำเภอแม่อาย,394.0,275.0,249.0,15.0,11.0,4.0,นายสันติ ตันสุขหัช,ก้าวอิสระ,10.0,10,สิบ,numeric_text_agree
อำเภอแม่อาย/ตำบลแม่นาวาง/หน่วยเลือกตั้งที่ 1/สส. 5ทับ18.pdf,1,1.0,ตำบลแม่นาวาง,อำเภอแม่อาย,394.0,275.0,249.0,15.0,11.0,5.0,นายการุณย์ คูเจริญชัยกุล,กล้าธรรม,97.0,97,เก้าสิบเจ็ด,numeric_text_agree
อำเภอแม่อาย/ตำบลแม่นาวาง/หน่วยเลือกตั้งที่ 1/สส. 5ทับ18.pdf,1,1.0,ตำบลแม่นาวาง,อำเภอแม่อาย,394.0,275.0,249.0,15.0,11.0,6.0,นายนิกร วุฒินันชัย,เพื่อไทย,55.0,55,ห้าสิบห้า,numeric_text_agree
อำเภอแม่อาย/ตำบลแม่นาวาง/หน่วยเลือกตั้งที่ 1/สส. 5ทับ18.pdf,1,1.0,ตำบลแม่นาวาง,อำเภอแม่อาย,394.0,275.0,249.0,15.0,11.0,7.0,นายไกร ดาบธรรม,พลังประชารัฐ,44.0,44,สี่สิบสี่,numeric_text_agree
อำเภอแม่อาย/ตำบลแม่นาวาง/หน่วยเลือกตั้งที่ 1/สส. 5ทับ18.pdf,1,1.0,ตำบลแม่นาวาง,อำเภอแม่อาย,394.0,275.0,249.0,15.0,11.0,8.0,นายพิสัณห์ อุปนันท์,เศรษฐกิจ,1.0,1,หนึ่ง,numeric_text_agree
อำเภอแม่อาย/ตำบลแม่นาวาง/หน่วยเลือกตั้งที่ 1/สส. 5ทับ18.pdf,1,1.0,ตำบลแม่นาวาง,อำเภอแม่อาย,394.0,275.0,249.0,15.0,11.0,9.0,นายชาญวิทยายุทธ์ อินทร์แก้ว,ประชากรไทย,1.0,1,หนึ่ง,numeric_text_agree
อำเภอแม่อาย/ตำบลบ้านหลวง/หน่วยเลือกตั้งที่ 9/สส. 5ทับ18.pdf,4,4.0,ตำบลบ้านหลวง,อำเภอแม่อาย,250.0,178.0,168.0,8.0,2.0,1.0,นายอดุลย์ บุญใส,ภูมิใจไทย,,,-,missing
อำเภอแม่อาย/ตำบลบ้านหลวง/หน่วยเลือกตั้งที่ 9/สส. 5ทับ18.pdf,4,4.0,ตำบลบ้านหลวง,อำเภอแม่อาย,250.0,178.0,168.0,8.0,2.0,2.0,นายสมดุลย์ อุดเจริญ,ประชาชน,18.0,18,สิบแปด,numeric_text_agree
อำเภอแม่อาย/ตำบลบ้านหลวง/หน่วยเลือกตั้งที่ 9/สส. 5ทับ18.pdf,4,4.0,ตำบลบ้านหลวง,อำเภอแม่อาย,250.0,178.0,168.0,8.0,2.0,3.0,นายเกรียงกมล ศรีมา,ประชาธิปัตย์,,,-,missing
อำเภอแม่อาย/ตำบลบ้านหลวง/หน่วยเลือกตั้งที่ 9/สส. 5ทับ18.pdf,4,4.0,ตำบลบ้านหลวง,อำเภอแม่อาย,250.0,178.0,168.0,8.0,2.0,4.0,นายสันติ ตันสุขขี,ก้าวอิสระ,2.0,2,สอง,numeric_text_agree
อำเภอแม่อาย/ตำบลบ้านหลวง/หน่วยเลือกตั้งที่ 9/สส. 5ทับ18.pdf,4,4.0,ตำบลบ้านหลวง,อำเภอแม่อาย,250.0,178.0,168.0,8.0,2.0,5.0,นายกาญจน์ คูเจริญชัยกุล,กล้าธรรม,31.0,31,สามสิบเอ็ด,numeric_text_agree
อำเภอแม่อาย/ตำบลบ้านหลวง/หน่วยเลือกตั้งที่ 9/สส. 5ทับ18.pdf,4,4.0,ตำบลบ้านหลวง,อำเภอแม่อาย,250.0,178.0,168.0,8.0,2.0,6.0,นายนิธิกร วุฒินันชัย,เพื่อไทย,78.0,78,เจ็ดสิบแปด,numeric_text_agree
อำเภอแม่อาย/ตำบลบ้านหลวง/หน่วยเลือกตั้งที่ 9/สส. 5ทับ18.pdf,4,4.0,ตำบลบ้านหลวง,อำเภอแม่อาย,250.0,178.0,168.0,8.0,2.0,7.0,นายไกร ดาบธรรม,พลังประชารัฐ,30.0,30,สามสิบ,numeric_text_agree
อำเภอแม่อาย/ตำบลบ้านหลวง/หน่วยเลือกตั้งที่ 9/สส. 5ทับ18.pdf,4,4.0,ตำบลบ้านหลวง,อำเภอแม่อาย,250.0,178.0,168.0,8.0,2.0,8.0,นายพิสิณฑ์ อุปนันท์,เศรษฐกิจ,,,-,missing
อำเภอแม่อาย/ตำบลบ้านหลวง/หน่วยเลือกตั้งที่ 9/สส. 5ทับ18.pdf,4,4.0,ตำบลบ้านหลวง,อำเภอแม่อาย,250.0,178.0,168.0,8.0,2.0,9.0,นายชาญวิทยายุทธ์ อินทร์แก้ว,ประชากรไทย,7.0,7,เจ็ด,numeric_text_agree
อำเภอแม่อาย/ตำบลบ้านหลวง/หน่วยเลือกตั้งที่ 8/สส. 5ทับ18.pdf,1,7.0,ตำบลบ้านหลวง,อำเภอแม่อาย,193.0,121.0,115.0,6.0,4.0,1.0,นายอดุลย์ บุญใส,ภูมิใจไทย,1.0,1,หนึ่ง,numeric_text_agree
อำเภอแม่อาย/ตำบลบ้านหลวง/หน่วยเลือกตั้งที่ 8/สส. 5ทับ18.pdf,1,7.0,ตำบลบ้านหลวง,อำเภอแม่อาย,193.0,121.0,115.0,6.0,4.0,2.0,นายสมดุลย์ อุดเจริญ,ประชาชน,39.0,39,สามสิบเก้า,numeric_text_agree
อำเภอแม่อาย/ตำบลบ้านหลวง/หน่วยเลือกตั้งที่ 8/สส. 5ทับ18.pdf,1,7.0,ตำบลบ้านหลวง,อำเภอแม่อาย,193.0,121.0,115.0,6.0,4.0,3.0,นายเกรียงกมล ศรีมา,ประชาธิปัตย์,,,,missing
อำเภอแม่อาย/ตำบลบ้านหลวง/หน่วยเลือกตั้งที่ 8/สส. 5ทับ18.pdf,1,7.0,ตำบลบ้านหลวง,อำเภอแม่อาย,193.0,121.0,115.0,6.0,4.0,4.0,นายสันติ ตันสุข,ก้าวอิสระ,1.0,1,หนึ่ง,numeric_text_agree
อำเภอแม่อาย/ตำบลบ้านหลวง/หน่วยเลือกตั้งที่ 8/สส. 5ทับ18.pdf,1,7.0,ตำบลบ้านหลวง,อำเภอแม่อาย,193.0,121.0,115.0,6.0,4.0,5.0,นายการุณย์ คูเจริญชัยกุล,กล้าธรรม,32.0,32,สามสิบสอง,numeric_text_agree
อำเภอแม่อาย/ตำบลบ้านหลวง/หน่วยเลือกตั้งที่ 8/สส. 5ทับ18.pdf,1,7.0,ตำบลบ้านหลวง,อำเภอแม่อาย,193.0,121.0,115.0,6.0,4.0,6.0,นายนิธิกร วุฒินันชัย,เพื่อไทย,24.0,24,ยี่สิบสี่,numeric_text_agree
อำเภอแม่อาย/ตำบลบ้านหลวง/หน่วยเลือกตั้งที่ 8/สส. 5ทับ18.pdf,1,7.0,ตำบลบ้านหลวง,อำเภอแม่อาย,193.0,121.0,115.0,6.0,4.0,7.0,นายไกร ดาบธรรม,พลังประชารัฐ,9.0,9,เก้า,numeric_text_agree
อำเภอแม่อาย/ตำบลบ้านหลวง/หน่วยเลือกตั้งที่ 8/สส. 5ทับ18.pdf,1,7.0,ตำบลบ้านหลวง,อำเภอแม่อาย,193.0,121.0,115.0,6.0,4.0,8.0,นายพิสิณห์ อุปนันท์,เศรษฐกิจ,1.0,1,หนึ่ง,numeric_text_agree
อำเภอแม่อาย/ตำบลบ้านหลวง/หน่วยเลือกตั้งที่ 8/สส. 5ทับ18.pdf,1,7.0,ตำบลบ้านหลวง,อำเภอแม่อาย,193.0,121.0,115.0,6.0,4.0,9.0,นายชาญวิทยายุทธ์ อินทร์แก้ว,ประชากรไทย,4.0,4,สี่,numeric_text_agree
อำเภอแม่อาย/ตำบลบ้านหลวง/หน่วยเลือกตั้งที่ 4/สส. 5ทับ18.pdf,4,3.0,ตำบลบ้านหลวง,อำเภอแม่อาย,379.0,306.0,282.0,24.0,,1.0,นายอดุลย์ บุญใส,ภูมิใจไทย,2.0,2,สอง,numeric_text_agree
อำเภอแม่อาย/ตำบลบ้านหลวง/หน่วยเลือกตั้งที่ 4/สส. 5ทับ18.pdf,4,3.0,ตำบลบ้านหลวง,อำเภอแม่อาย,379.0,306.0,282.0,24.0,,2.0,นายสมดุลย์ อุดเจริญ,ประชาชน,7.0,7,เจ็ด,numeric_text_agree
อำเภอแม่อาย/ตำบลบ้านหลวง/หน่วยเลือกตั้งที่ 4/สส. 5ทับ18.pdf,4,3.0,ตำบลบ้านหลวง,อำเภอแม่อาย,379.0,306.0,282.0,24.0,,3.0,นายเกรียงกมล ศรีมา,ประชาธิปัตย์,0.0,0,ศูนย์,numeric_only
อำเภอแม่อาย/ตำบลบ้านหลวง/หน่วยเลือกตั้งที่ 4/สส. 5ทับ18.pdf,4,3.0,ตำบลบ้านหลวง,อำเภอแม่อาย,379.0,306.0,282.0,24.0,,4.0,นายสันติ ตันสุข,ก้าวอิสระ,9.0,9,เก้า,numeric_text_agree
อำเภอแม่อาย/ตำบลบ้านหลวง/หน่วยเลือกตั้งที่ 4/สส. 5ทับ18.pdf,4,3.0,ตำบลบ้านหลวง,อำเภอแม่อาย,379.0,306.0,282.0,24.0,,5.0,นายการุณย์ คูเจริญชัยกุล,กล้าธรรม,194.0,194,หนึ่งร้อยเก้าสิบสี่,numeric_text_agree
อำเภอแม่อาย/ตำบลบ้านหลวง/หน่วยเลือกตั้งที่ 4/สส. 5ทับ18.pdf,4,3.0,ตำบลบ้านหลวง,อำเภอแม่อาย,379.0,306.0,282.0,24.0,,6.0,นายนิธิกร วุฒินันชัย,เพื่อไทย,15.0,15,สิบห้า,numeric_text_agree
อำเภอแม่อาย/ตำบลบ้านหลวง/หน่วยเลือกตั้งที่ 4/สส. 5ทับ18.pdf,4,3.0,ตำบลบ้านหลวง,อำเภอแม่อาย,379.0,306.0,282.0,24.0,,7.0,นายไกร ดาบธรรม,พลังประชารัฐ,53.0,53,ห้าสิบสาม,numeric_text_agree
อำเภอแม่อาย/ตำบลบ้านหลวง/หน่วยเลือกตั้งที่ 4/สส. 5ทับ18.pdf,4,3.0,ตำบลบ้านหลวง,อำเภอแม่อาย,379.0,306.0,282.0,24.0,,8.0,นายพิสิณห์ อุปนันท์,เศรษฐกิจ,0.0,0,ศูนย์,numeric_only
อำเภอแม่อาย/ตำบลบ้านหลวง/หน่วยเลือกตั้งที่ 4/สส. 5ทับ18.pdf,4,3.0,ตำบลบ้านหลวง,อำเภอแม่อาย,379.0,306.0,282.0,24.0,,9.0,นายชาญวิทยายุทธ์ อินทร์แก้ว,ประชากรไทย,2.0,2,สอง,numeric_text_agree
อำเภอแม่อาย/ตำบลบ้านหลวง/หน่วยเลือกตั้งที่ 7/สส. 5ทับ18.pdf,7,6.0,ตำบลบ้านหลวง,อำเภอแม่อาย,174.0,133.0,125.0,4.0,4.0,1.0,นายอดุลย์ บุญใส,ภูมิใจไทย,,,,missing
อำเภอแม่อาย/ตำบลบ้านหลวง/หน่วยเลือกตั้งที่ 7/สส. 5ทับ18.pdf,7,6.0,ตำบลบ้านหลวง,อำเภอแม่อาย,174.0,133.0,125.0,4.0,4.0,2.0,นายสมดุลย์ อุดเจริญ,ประชาชน,10.0,10,สิบ,numeric_text_agree
อำเภอแม่อาย/ตำบลบ้านหลวง/หน่วยเลือกตั้งที่ 7/สส. 5ทับ18.pdf,7,6.0,ตำบลบ้านหลวง,อำเภอแม่อาย,174.0,133.0,125.0,4.0,4.0,3.0,นายเกรียงกมล ศรีมา,ประชาธิปัตย์,1.0,1,หนึ่ง,numeric_text_agree
อำเภอแม่อาย/ตำบลบ้านหลวง/หน่วยเลือกตั้งที่ 7/สส. 5ทับ18.pdf,7,6.0,ตำบลบ้านหลวง,อำเภอแม่อาย,174.0,133.0,125.0,4.0,4.0,4.0,นายสันติ ตันสุขขี,ก้าวอิสระ,1.0,1,หนึ่ง,numeric_text_agree
อำเภอแม่อาย/ตำบลบ้านหลวง/หน่วยเลือกตั้งที่ 7/สส. 5ทับ18.pdf,7,6.0,ตำบลบ้านหลวง,อำเภอแม่อาย,174.0,133.0,125.0,4.0,4.0,5.0,นายการุณย์ คูเจริญชัยกุล,กล้าธรรม,24.0,24,ยี่สิบสี่,numeric_text_agree
อำเภอแม่อาย/ตำบลบ้านหลวง/หน่วยเลือกตั้งที่ 7/สส. 5ทับ18.pdf,7,6.0,ตำบลบ้านหลวง,อำเภอแม่อาย,174.0,133.0,125.0,4.0,4.0,6.0,นายนิธิกร วุฒินันชัย,เพื่อไทย,63.0,63,หกสิบสาม,numeric_text_agree
อำเภอแม่อาย/ตำบลบ้านหลวง/หน่วยเลือกตั้งที่ 7/สส. 5ทับ18.pdf,7,6.0,ตำบลบ้านหลวง,อำเภอแม่อาย,174.0,133.0,125.0,4.0,4.0,7.0,นายไกร ดาบธรรม,พลังประชารัฐ,25.0,25,ยี่สิบห้า,numeric_text_agree
อำเภอแม่อาย/ตำบลบ้านหลวง/หน่วยเลือกตั้งที่ 7/สส. 5ทับ18.pdf,7,6.0,ตำบลบ้านหลวง,อำเภอแม่อาย,174.0,133.0,125.0,4.0,4.0,8.0,นายพิสิณห์ อุปปนันท์,เศรษฐกิจ,,,,missing
อำเภอแม่อาย/ตำบลบ้านหลวง/หน่วยเลือกตั้งที่ 7/สส. 5ทับ18.pdf,7,6.0,ตำบลบ้านหลวง,อำเภอแม่อาย,174.0,133.0,125.0,4.0,4.0,9.0,นายชาญวิทยายุทธ อินทร์แก้ว,ประชากรไทย,1.0,1,หนึ่ง,numeric_text_agree
อำเภอแม่อาย/ตำบลบ้านหลวง/หน่วยเลือกตั้งที่ 5/สส. 5ทับ18.pdf,5,5.0,ตำบลบ้านหลวง,อำเภอแม่อาย,205.0,153.0,139.0,9.0,3.0,1.0,นายอดุลย์ บุญใส,ภูมิใจไทย,3.0,53,สาม,conflict_prefer_text
อำเภอแม่อาย/ตำบลบ้านหลวง/หน่วยเลือกตั้งที่ 5/สส. 5ทับ18.pdf,5,5.0,ตำบลบ้านหลวง,อำเภอแม่อาย,205.0,153.0,139.0,9.0,3.0,2.0,นายสมดุลย์ อุดเจริญ,ประชาชน,18.0,18,สิบแปด,numeric_text_agree
อำเภอแม่อาย/ตำบลบ้านหลวง/หน่วยเลือกตั้งที่ 5/สส. 5ทับ18.pdf,5,5.0,ตำบลบ้านหลวง,อำเภอแม่อาย,205.0,153.0,139.0,9.0,3.0,3.0,นายเกรียงกมล ศรีมา,ประชาธิปัตย์,0.0,0,ศูนย์,numeric_only
อำเภอแม่อาย/ตำบลบ้านหลวง/หน่วยเลือกตั้งที่ 5/สส. 5ทับ18.pdf,5,5.0,ตำบลบ้านหลวง,อำเภอแม่อาย,205.0,153.0,139.0,9.0,3.0,4.0,นายสันติ ตันสุขข์,ก้าวอิสระ,3.0,3,สาม,numeric_text_agree
อำเภอแม่อาย/ตำบลบ้านหลวง/หน่วยเลือกตั้งที่ 5/สส. 5ทับ18.pdf,5,5.0,ตำบลบ้านหลวง,อำเภอแม่อาย,205.0,153.0,139.0,9.0,3.0,5.0,นายการุณย์ คูเจริญชัยกุล,กล้าธรรม,28.0,28,ยี่สิบแปด,numeric_text_agree
อำเภอแม่อาย/ตำบลบ้านหลวง/หน่วยเลือกตั้งที่ 5/สส. 5ทับ18.pdf,5,5.0,ตำบลบ้านหลวง,อำเภอแม่อาย,205.0,153.0,139.0,9.0,3.0,6.0,นายนิธิกร วุฒินันชัย,เพื่อไทย,30.0,30,สามสิบ,numeric_text_agree
อำเภอแม่อาย/ตำบลบ้านหลวง/หน่วยเลือกตั้งที่ 5/สส. 5ทับ18.pdf,5,5.0,ตำบลบ้านหลวง,อำเภอแม่อาย,205.0,153.0,139.0,9.0,3.0,7.0,นายไกร ดาบธรรม,พลังประชารัฐ,16.0,16,สิบหก,numeric_text_agree
อำเภอแม่อาย/ตำบลบ้านหลวง/หน่วยเลือกตั้งที่ 5/สส. 5ทับ18.pdf,5,5.0,ตำบลบ้านหลวง,อำเภอแม่อาย,205.0,153.0,139.0,9.0,3.0,8.0,นายพิสัณห์ อุปนันท์,เศรษฐกิจ,1.0,1,หนึ่ง,numeric_text_agree
อำเภอแม่อาย/ตำบลบ้านหลวง/หน่วยเลือกตั้งที่ 5/สส. 5ทับ18.pdf,5,5.0,ตำบลบ้านหลวง,อำเภอแม่อาย,205.0,153.0,139.0,9.0,3.0,9.0,นายชาญวิทยายุทธ์ อินทร์แก้ว,ประชากรไทย,1.0,1,หนึ่ง,numeric_text_agree
อำเภอแม่อาย/ตำบลบ้านหลวง/หน่วยเลือกตั้งที่ 6/สส. 5ทับ18.pdf,6,5.0,ตำบลบ้านหลวง,อำเภอแม่อาย,383.0,286.0,266.0,12.0,8.0,1.0,นายอดุลย์ บุญใส,ภูมิใจไทย,5.0,5,ห้า,numeric_text_agree
อำเภอแม่อาย/ตำบลบ้านหลวง/หน่วยเลือกตั้งที่ 6/สส. 5ทับ18.pdf,6,5.0,ตำบลบ้านหลวง,อำเภอแม่อาย,383.0,286.0,266.0,12.0,8.0,2.0,นายสมดุลย์ อุดเจริญ,ประชาชน,26.0,26,ยี่สิบหก,numeric_text_agree
อำเภอแม่อาย/ตำบลบ้านหลวง/หน่วยเลือกตั้งที่ 6/สส. 5ทับ18.pdf,6,5.0,ตำบลบ้านหลวง,อำเภอแม่อาย,383.0,286.0,266.0,12.0,8.0,3.0,นายเกรียงกมล ศรีมา,ประชาธิปัตย์,0.0,0,ศูนย์,numeric_only
อำเภอแม่อาย/ตำบลบ้านหลวง/หน่วยเลือกตั้งที่ 6/สส. 5ทับ18.pdf,6,5.0,ตำบลบ้านหลวง,อำเภอแม่อาย,383.0,286.0,266.0,12.0,8.0,4.0,นายสันติ ตันสุข,ก้าวอิสระ,5.0,5,ห้า,numeric_text_agree
อำเภอแม่อาย/ตำบลบ้านหลวง/หน่วยเลือกตั้งที่ 6/สส. 5ทับ18.pdf,6,5.0,ตำบลบ้านหลวง,อำเภอแม่อาย,383.0,286.0,266.0,12.0,8.0,5.0,นายการุณย์ คูเจริญชัยกุล,กล้าธรรม,40.0,40,สี่สิบ,numeric_text_agree
อำเภอแม่อาย/ตำบลบ้านหลวง/หน่วยเลือกตั้งที่ 6/สส. 5ทับ18.pdf,6,5.0,ตำบลบ้านหลวง,อำเภอแม่อาย,383.0,286.0,266.0,12.0,8.0,6.0,นายนิธิกร วุฒินันชัย,เพื่อไทย,115.0,115,หนึ่งร้อยสิบห้า,numeric_text_agree
อำเภอแม่อาย/ตำบลบ้านหลวง/หน่วยเลือกตั้งที่ 6/สส. 5ทับ18.pdf,6,5.0,ตำบลบ้านหลวง,อำเภอแม่อาย,383.0,286.0,266.0,12.0,8.0,7.0,นายไกร ดาบธรรม,พลังประชารัฐ,48.0,48,สี่สิบแปด,numeric_text_agree
อำเภอแม่อาย/ตำบลบ้านหลวง/หน่วยเลือกตั้งที่ 6/สส. 5ทับ18.pdf,6,5.0,ตำบลบ้านหลวง,อำเภอแม่อาย,383.0,286.0,266.0,12.0,8.0,8.0,นายพิสัณห์ อุปนันท์,เศรษฐกิจ,4.0,4,สี่,numeric_text_agree
อำเภอแม่อาย/ตำบลบ้านหลวง/หน่วยเลือกตั้งที่ 6/สส. 5ทับ18.pdf,6,5.0,ตำบลบ้านหลวง,อำเภอแม่อาย,383.0,286.0,266.0,12.0,8.0,9.0,นายชาญวิทยายุทธ์ อินทร์แก้ว,ประชากรไทย,3.0,3,สาม,numeric_text_agree
อำเภอแม่อาย/ตำบลบ้านหลวง/หน่วยเลือกตั้งที่ 14/สส. 5ทับ18.pdf,14,11.0,ตำบลบ้านหลวง,อำเภอแม่อาย,443.0,351.0,314.0,28.0,9.0,1.0,นายอดุลย์ บุญใส,ภูมิใจไทย,18.0,18,สิบแปด,numeric_text_agree
อำเภอแม่อาย/ตำบลบ้านหลวง/หน่วยเลือกตั้งที่ 14/สส. 5ทับ18.pdf,14,11.0,ตำบลบ้านหลวง,อำเภอแม่อาย,443.0,351.0,314.0,28.0,9.0,2.0,นายสมดุลย์ อุดเจริญ,ประชาชน,44.0,44,สี่สิบสี่,numeric_text_agree
อำเภอแม่อาย/ตำบลบ้านหลวง/หน่วยเลือกตั้งที่ 14/สส. 5ทับ18.pdf,14,11.0,ตำบลบ้านหลวง,อำเภอแม่อาย,443.0,351.0,314.0,28.0,9.0,3.0,นายเกรียงกมล ศรีมา,ประชาธิปัตย์,1.0,1,หนึ่ง,numeric_text_agree
อำเภอแม่อาย/ตำบลบ้านหลวง/หน่วยเลือกตั้งที่ 14/สส. 5ทับ18.pdf,14,11.0,ตำบลบ้านหลวง,อำเภอแม่อาย,443.0,351.0,314.0,28.0,9.0,4.0,นายสันติ ตันสุขข,ก้าวอิสระ,2.0,2,สอง,numeric_text_agree
อำเภอแม่อาย/ตำบลบ้านหลวง/หน่วยเลือกตั้งที่ 14/สส. 5ทับ18.pdf,14,11.0,ตำบลบ้านหลวง,อำเภอแม่อาย,443.0,351.0,314.0,28.0,9.0,5.0,นายการุณย์ คูเจริญชัยกุล,กล้าธรรม,71.0,71,เจ็ดสิบเอ็ด,numeric_text_agree
อำเภอแม่อาย/ตำบลบ้านหลวง/หน่วยเลือกตั้งที่ 14/สส. 5ทับ18.pdf,14,11.0,ตำบลบ้านหลวง,อำเภอแม่อาย,443.0,351.0,314.0,28.0,9.0,6.0,นายนิกร วุฒิชัย,เพื่อไทย,144.0,144,หนึ่งร้อยสี่สิบสี่,numeric_text_agree
อำเภอแม่อาย/ตำบลบ้านหลวง/หน่วยเลือกตั้งที่ 14/สส. 5ทับ18.pdf,14,11.0,ตำบลบ้านหลวง,อำเภอแม่อาย,443.0,351.0,314.0,28.0,9.0,7.0,นายไกร ดาบธรรม,พลังประชารัฐ,24.0,24,ยี่สิบสี่,numeric_text_agree
อำเภอแม่อาย/ตำบลบ้านหลวง/หน่วยเลือกตั้งที่ 14/สส. 5ทับ18.pdf,14,11.0,ตำบลบ้านหลวง,อำเภอแม่อาย,443.0,351.0,314.0,28.0,9.0,8.0,นายพิสิณฑ์ อุปนันท์,เศรษฐกิจ,1.0,1,หนึ่ง,numeric_text_agree
อำเภอแม่อาย/ตำบลบ้านหลวง/หน่วยเลือกตั้งที่ 14/สส. 5ทับ18.pdf,14,11.0,ตำบลบ้านหลวง,อำเภอแม่อาย,443.0,351.0,314.0,28.0,9.0,9.0,นายชาญวิทยายุทธ์ อินทร์แก้ว,ประชากรไทย,15.0,15,สิบห้า,numeric_text_agree
อำเภอแม่อาย/ตำบลบ้านหลวง/หน่วยเลือกตั้งที่ 3/สส. 5ทับ18.pdf,3,3.0,ตำบลบ้านหลวง,อำเภอแม่อาย,369.0,274.0,247.0,27.0,,1.0,นายอดุลย์ บุญใส,ภูมิใจไทย,2.0,2,สอง,numeric_text_agree
อำเภอแม่อาย/ตำบลบ้านหลวง/หน่วยเลือกตั้งที่ 3/สส. 5ทับ18.pdf,3,3.0,ตำบลบ้านหลวง,อำเภอแม่อาย,369.0,274.0,247.0,27.0,,2.0,นายสมดุลย์ อุดเจริญ,ประชาชน,11.0,11,สิบเอ็ด,numeric_text_agree
อำเภอแม่อาย/ตำบลบ้านหลวง/หน่วยเลือกตั้งที่ 3/สส. 5ทับ18.pdf,3,3.0,ตำบลบ้านหลวง,อำเภอแม่อาย,369.0,274.0,247.0,27.0,,3.0,นายเกรียงกมล ศรีมา,ประชาธิปัตย์,1.0,1,หนึ่ง,numeric_text_agree
อำเภอแม่อาย/ตำบลบ้านหลวง/หน่วยเลือกตั้งที่ 3/สส. 5ทับ18.pdf,3,3.0,ตำบลบ้านหลวง,อำเภอแม่อาย,369.0,274.0,247.0,27.0,,4.0,นายสันติ ตันสุขทัย,ก้าวอิสระ,4.0,4,สี่,numeric_text_agree
อำเภอแม่อาย/ตำบลบ้านหลวง/หน่วยเลือกตั้งที่ 3/สส. 5ทับ18.pdf,3,3.0,ตำบลบ้านหลวง,อำเภอแม่อาย,369.0,274.0,247.0,27.0,,5.0,นายการุณย์ คูเจริญชัยกุล,กล้าธรรม,168.0,168,หนึ่งร้อยหกสิบแปด,numeric_text_agree
อำเภอแม่อาย/ตำบลบ้านหลวง/หน่วยเลือกตั้งที่ 3/สส. 5ทับ18.pdf,3,3.0,ตำบลบ้านหลวง,อำเภอแม่อาย,369.0,274.0,247.0,27.0,,6.0,นายนิธิกร วุฒินันชัย,เพื่อไทย,12.0,12,สิบสอง,numeric_text_agree
อำเภอแม่อาย/ตำบลบ้านหลวง/หน่วยเลือกตั้งที่ 3/สส. 5ทับ18.pdf,3,3.0,ตำบลบ้านหลวง,อำเภอแม่อาย,369.0,274.0,247.0,27.0,,7.0,นายไกร ดาบธรรม,พลังประชารัฐ,41.0,41,สี่สิบเอ็ด,numeric_text_agree
อำเภอแม่อาย/ตำบลบ้านหลวง/หน่วยเลือกตั้งที่ 3/สส. 5ทับ18.pdf,3,3.0,ตำบลบ้านหลวง,อำเภอแม่อาย,369.0,274.0,247.0,27.0,,8.0,นายพิสิณห์ อุปนันท์,เศรษฐกิจ,2.0,2,สอง,numeric_text_agree
อำเภอแม่อาย/ตำบลบ้านหลวง/หน่วยเลือกตั้งที่ 3/สส. 5ทับ18.pdf,3,3.0,ตำบลบ้านหลวง,อำเภอแม่อาย,369.0,274.0,247.0,27.0,,9.0,นายชาญวิทยายุทธ์ อินทร์แก้ว,ประชากรไทย,0.0,0,ศูนย์,numeric_only
อำเภอแม่อาย/ตำบลบ้านหลวง/หน่วยเลือกตั้งที่ 2/สส. 5ทับ18.pdf,8,8.0,ตำบลบ้านหลวง,อำเภอแม่อาย,578.0,262.0,253.0,6.0,3.0,1.0,นายอดุลย์ บุญใส,ภูมิใจไทย,1.0,1,หนึ่ง,numeric_text_agree
อำเภอแม่อาย/ตำบลบ้านหลวง/หน่วยเลือกตั้งที่ 2/สส. 5ทับ18.pdf,8,8.0,ตำบลบ้านหลวง,อำเภอแม่อาย,578.0,262.0,253.0,6.0,3.0,2.0,นายสมดุลย์ อุดเจริญ,ประชาชน,53.0,53,ห้าสิบสาม,numeric_text_agree
อำเภอแม่อาย/ตำบลบ้านหลวง/หน่วยเลือกตั้งที่ 2/สส. 5ทับ18.pdf,8,8.0,ตำบลบ้านหลวง,อำเภอแม่อาย,578.0,262.0,253.0,6.0,3.0,3.0,นายเกรียงกมล ศรีมา,ประชาธิปัตย์,0.0,0,-,numeric_only
อำเภอแม่อาย/ตำบลบ้านหลวง/หน่วยเลือกตั้งที่ 2/สส. 5ทับ18.pdf,8,8.0,ตำบลบ้านหลวง,อำเภอแม่อาย,578.0,262.0,253.0,6.0,3.0,4.0,นายสันติ ตันสุขี,ก้าวอิสระ,1.0,1,หนึ่ง,numeric_text_agree
อำเภอแม่อาย/ตำบลบ้านหลวง/หน่วยเลือกตั้งที่ 2/สส. 5ทับ18.pdf,8,8.0,ตำบลบ้านหลวง,อำเภอแม่อาย,578.0,262.0,253.0,6.0,3.0,5.0,นายการุณย์ คูเจริญชัยกุล,กล้าธรรม,46.0,46,สี่สิบหก,numeric_text_agree
อำเภอแม่อาย/ตำบลบ้านหลวง/หน่วยเลือกตั้งที่ 2/สส. 5ทับ18.pdf,8,8.0,ตำบลบ้านหลวง,อำเภอแม่อาย,578.0,262.0,253.0,6.0,3.0,6.0,นายนิกร วุฒินันชัย,เพื่อไทย,46.0,46,สี่สิบหก,numeric_text_agree
อำเภอแม่อาย/ตำบลบ้านหลวง/หน่วยเลือกตั้งที่ 2/สส. 5ทับ18.pdf,8,8.0,ตำบลบ้านหลวง,อำเภอแม่อาย,578.0,262.0,253.0,6.0,3.0,7.0,นายไกร ดาบธรรม,พลังประชารัฐ,122.0,122,หนึ่งร้อยยี่สิบสอง,numeric_text_agree
อำเภอแม่อาย/ตำบลบ้านหลวง/หน่วยเลือกตั้งที่ 2/สส. 5ทับ18.pdf,8,8.0,ตำบลบ้านหลวง,อำเภอแม่อาย,578.0,262.0,253.0,6.0,3.0,8.0,นายพิสัณห์ อุปนันท์,เศรษฐกิจ,0.0,0,-,numeric_only
อำเภอแม่อาย/ตำบลบ้านหลวง/หน่วยเลือกตั้งที่ 2/สส. 5ทับ18.pdf,8,8.0,ตำบลบ้านหลวง,อำเภอแม่อาย,578.0,262.0,253.0,6.0,3.0,9.0,นายชาญวิทยายุทธ์ อินทร์แก้ว,ประชากรไทย,5.0,5,ห้า,numeric_text_agree
อำเภอแม่อาย/ตำบลบ้านหลวง/หน่วยเลือกตั้งที่ 13/สส. 5ทับ18.pdf,13,10.0,ตำบลบ้านหลวง,อำเภอแม่อาย,608.0,433.0,398.0,45.0,,1.0,นายอดุลย์ บุญใส,ภูมิใจไทย,16.0,16,สิบหกคะแนน,numeric_text_agree
อำเภอแม่อาย/ตำบลบ้านหลวง/หน่วยเลือกตั้งที่ 13/สส. 5ทับ18.pdf,13,10.0,ตำบลบ้านหลวง,อำเภอแม่อาย,608.0,433.0,398.0,45.0,,2.0,นายสมดุลย์ อุดเจริญ,ประชาชน,32.0,32,สามสิบสองคะแนน,numeric_text_agree
อำเภอแม่อาย/ตำบลบ้านหลวง/หน่วยเลือกตั้งที่ 13/สส. 5ทับ18.pdf,13,10.0,ตำบลบ้านหลวง,อำเภอแม่อาย,608.0,433.0,398.0,45.0,,3.0,นายเกรียงกมล ศรีมา,ประชาธิปัตย์,3.0,3,สามคะแนน,numeric_text_agree
อำเภอแม่อาย/ตำบลบ้านหลวง/หน่วยเลือกตั้งที่ 13/สส. 5ทับ18.pdf,13,10.0,ตำบลบ้านหลวง,อำเภอแม่อาย,608.0,433.0,398.0,45.0,,4.0,นายสันติ ตันสุหัช,ก้าวอิสระ,6.0,6,หกคะแนน,numeric_text_agree
อำเภอแม่อาย/ตำบลบ้านหลวง/หน่วยเลือกตั้งที่ 13/สส. 5ทับ18.pdf,13,10.0,ตำบลบ้านหลวง,อำเภอแม่อาย,608.0,433.0,398.0,45.0,,5.0,นายการุณย์ คูเจริญชัยกุล,กล้าธรรม,173.0,173,หนึ่งร้อยเจ็ดสิบสามคะแนน,numeric_text_agree
อำเภอแม่อาย/ตำบลบ้านหลวง/หน่วยเลือกตั้งที่ 13/สส. 5ทับ18.pdf,13,10.0,ตำบลบ้านหลวง,อำเภอแม่อาย,608.0,433.0,398.0,45.0,,6.0,นายนิธิกร วุฒินันชัย,เพื่อไทย,52.0,52,ห้าสิบสองคะแนน,numeric_text_agree
อำเภอแม่อาย/ตำบลบ้านหลวง/หน่วยเลือกตั้งที่ 13/สส. 5ทับ18.pdf,13,10.0,ตำบลบ้านหลวง,อำเภอแม่อาย,608.0,433.0,398.0,45.0,,7.0,นายไกร ดาบธรรม,พลังประชารัฐ,63.0,63,หกสิบสามคะแนน,numeric_text_agree
อำเภอแม่อาย/ตำบลบ้านหลวง/หน่วยเลือกตั้งที่ 13/สส. 5ทับ18.pdf,13,10.0,ตำบลบ้านหลวง,อำเภอแม่อาย,608.0,433.0,398.0,45.0,,8.0,นายสินทวี อุปนันท์,เศรษฐกิจ,1.0,1,หนึ่งคะแนน,numeric_text_agree
อำเภอแม่อาย/ตำบลบ้านหลวง/หน่วยเลือกตั้งที่ 13/สส. 5ทับ18.pdf,13,10.0,ตำบลบ้านหลวง,อำเภอแม่อาย,608.0,433.0,398.0,45.0,,9.0,นายชาญวิทยายุทธ์ อินทร์แก้ว,ประชากรไทย,5.0,5,ห้าคะแนน,numeric_text_agree
อำเภอแม่อาย/ตำบลบ้านหลวง/หน่วยเลือกตั้งที่ 12/สส. 5ทับ18.pdf,12,10.0,ตำบลบ้านหลวง,อำเภอแม่อาย,583.0,415.0,376.0,38.0,1.0,1.0,นายอดุลย์ บุญใส,ภูมิใจไทย,9.0,9,เก้า,numeric_text_agree
อำเภอแม่อาย/ตำบลบ้านหลวง/หน่วยเลือกตั้งที่ 12/สส. 5ทับ18.pdf,12,10.0,ตำบลบ้านหลวง,อำเภอแม่อาย,583.0,415.0,376.0,38.0,1.0,2.0,นายสมดุลย์ อุดเจริญ,ประชาชน,28.0,28,ยี่สิบแปด,numeric_text_agree
อำเภอแม่อาย/ตำบลบ้านหลวง/หน่วยเลือกตั้งที่ 12/สส. 5ทับ18.pdf,12,10.0,ตำบลบ้านหลวง,อำเภอแม่อาย,583.0,415.0,376.0,38.0,1.0,3.0,นายเกรียงกมล ศรีมา,ประชาธิปัตย์,2.0,2,สอง,numeric_text_agree
อำเภอแม่อาย/ตำบลบ้านหลวง/หน่วยเลือกตั้งที่ 12/สส. 5ทับ18.pdf,12,10.0,ตำบลบ้านหลวง,อำเภอแม่อาย,583.0,415.0,376.0,38.0,1.0,4.0,นายสันติ ตันสุข,ก้าวอิสระ,1.0,1,หนึ่ง,numeric_text_agree
อำเภอแม่อาย/ตำบลบ้านหลวง/หน่วยเลือกตั้งที่ 12/สส. 5ทับ18.pdf,12,10.0,ตำบลบ้านหลวง,อำเภอแม่อาย,583.0,415.0,376.0,38.0,1.0,5.0,นายการุณย์ คูเจริญชัยกุล,กล้าธรรม,129.0,129,หนึ่งร้อยยี่สิบเก้า,numeric_text_agree
อำเภอแม่อาย/ตำบลบ้านหลวง/หน่วยเลือกตั้งที่ 12/สส. 5ทับ18.pdf,12,10.0,ตำบลบ้านหลวง,อำเภอแม่อาย,583.0,415.0,376.0,38.0,1.0,6.0,นายนิธิกร วุฒินันชัย,เพื่อไทย,119.0,119,หนึ่งร้อยสิบเก้า,numeric_text_agree
อำเภอแม่อาย/ตำบลบ้านหลวง/หน่วยเลือกตั้งที่ 12/สส. 5ทับ18.pdf,12,10.0,ตำบลบ้านหลวง,อำเภอแม่อาย,583.0,415.0,376.0,38.0,1.0,7.0,นายไกร ดาบธรรม,พลังประชารัฐ,74.0,74,เจ็ดสิบสี่,numeric_text_agree
อำเภอแม่อาย/ตำบลบ้านหลวง/หน่วยเลือกตั้งที่ 12/สส. 5ทับ18.pdf,12,10.0,ตำบลบ้านหลวง,อำเภอแม่อาย,583.0,415.0,376.0,38.0,1.0,8.0,นายพิสัณห์ อุปนันท์,เศรษฐกิจ,2.0,2,สอง,numeric_text_agree
อำเภอแม่อาย/ตำบลบ้านหลวง/หน่วยเลือกตั้งที่ 12/สส. 5ทับ18.pdf,12,10.0,ตำบลบ้านหลวง,อำเภอแม่อาย,583.0,415.0,376.0,38.0,1.0,9.0,นายชาญวิทยายุทธ์ อินทร์แก้ว,ประชากรไทย,12.0,12,สิบสอง,numeric_text_agree
อำเภอแม่อาย/ตำบลบ้านหลวง/หน่วยเลือกตั้งที่ 10/สส. 5ทับ18.pdf,10,9.0,ตำบลบ้านหลวง,อำเภอแม่อาย,268.0,239.0,209.0,29.0,1.0,1.0,นายอดุลย์ บุญใส,ภูมิใจไทย,5.0,5,ห้า,numeric_text_agree
อำเภอแม่อาย/ตำบลบ้านหลวง/หน่วยเลือกตั้งที่ 10/สส. 5ทับ18.pdf,10,9.0,ตำบลบ้านหลวง,อำเภอแม่อาย,268.0,239.0,209.0,29.0,1.0,2.0,นายสมดุลย์ อุดมเจริญ,ประชาชน,29.0,29,ยี่สิบเก้า,numeric_text_agree
อำเภอแม่อาย/ตำบลบ้านหลวง/หน่วยเลือกตั้งที่ 10/สส. 5ทับ18.pdf,10,9.0,ตำบลบ้านหลวง,อำเภอแม่อาย,268.0,239.0,209.0,29.0,1.0,3.0,นายเกรียงกมล ศรีมา,ประชาธิปัตย์,1.0,1,หนึ่ง,numeric_text_agree
อำเภอแม่อาย/ตำบลบ้านหลวง/หน่วยเลือกตั้งที่ 10/สส. 5ทับ18.pdf,10,9.0,ตำบลบ้านหลวง,อำเภอแม่อาย,268.0,239.0,209.0,29.0,1.0,4.0,นายสันติ ตันสุขขี,ก้าวอิสระ,3.0,3,สาม,numeric_text_agree
อำเภอแม่อาย/ตำบลบ้านหลวง/หน่วยเลือกตั้งที่ 10/สส. 5ทับ18.pdf,10,9.0,ตำบลบ้านหลวง,อำเภอแม่อาย,268.0,239.0,209.0,29.0,1.0,5.0,นายการุณย์ คูเจริญชัยกุล,กล้าธรรม,97.0,97,เก้าสิบเจ็ด,numeric_text_agree
อำเภอแม่อาย/ตำบลบ้านหลวง/หน่วยเลือกตั้งที่ 10/สส. 5ทับ18.pdf,10,9.0,ตำบลบ้านหลวง,อำเภอแม่อาย,268.0,239.0,209.0,29.0,1.0,6.0,นายนิธินร วุฒิมันชัย,เพื่อไทย,47.0,47,สี่สิบเจ็ด,numeric_text_agree
อำเภอแม่อาย/ตำบลบ้านหลวง/หน่วยเลือกตั้งที่ 10/สส. 5ทับ18.pdf,10,9.0,ตำบลบ้านหลวง,อำเภอแม่อาย,268.0,239.0,209.0,29.0,1.0,7.0,นายไกร ดาบธรรม,พลังประชารัฐ,21.0,21,ยี่สิบเอ็ด,numeric_text_agree
อำเภอแม่อาย/ตำบลบ้านหลวง/หน่วยเลือกตั้งที่ 10/สส. 5ทับ18.pdf,10,9.0,ตำบลบ้านหลวง,อำเภอแม่อาย,268.0,239.0,209.0,29.0,1.0,8.0,นายพิสัณห์ อุปนันท์,เศรษฐกิจ,2.0,2,สอง,numeric_text_agree
อำเภอแม่อาย/ตำบลบ้านหลวง/หน่วยเลือกตั้งที่ 10/สส. 5ทับ18.pdf,10,9.0,ตำบลบ้านหลวง,อำเภอแม่อาย,268.0,239.0,209.0,29.0,1.0,9.0,นายชาญวิทยายุทธ์ อินทร์แก้ว,ประชากรไทย,4.0,4,สี่,numeric_text_agree
อำเภอแม่อาย/ตำบลบ้านหลวง/หน่วยเลือกตั้งที่ 11/สส. 5ทับ18.pdf,11,3.0,ตำบลบ้านหลวง,อำเภอแม่อาย,381.0,269.0,244.0,19.0,2.0,1.0,นายอดุลย์ บุญใส,ภูมิใจไทย,4.0,4,สี่,numeric_text_agree
อำเภอแม่อาย/ตำบลบ้านหลวง/หน่วยเลือกตั้งที่ 11/สส. 5ทับ18.pdf,11,3.0,ตำบลบ้านหลวง,อำเภอแม่อาย,381.0,269.0,244.0,19.0,2.0,2.0,นายสมดุลย์ อุดเจริญ,ประชาชน,45.0,45,สี่สิบห้า,numeric_text_agree
อำเภอแม่อาย/ตำบลบ้านหลวง/หน่วยเลือกตั้งที่ 11/สส. 5ทับ18.pdf,11,3.0,ตำบลบ้านหลวง,อำเภอแม่อาย,381.0,269.0,244.0,19.0,2.0,3.0,นายเกรียงกมล ศรีมา,ประชาธิปัตย์,2.0,2,สอง,numeric_text_agree
อำเภอแม่อาย/ตำบลบ้านหลวง/หน่วยเลือกตั้งที่ 11/สส. 5ทับ18.pdf,11,3.0,ตำบลบ้านหลวง,อำเภอแม่อาย,381.0,269.0,244.0,19.0,2.0,4.0,นายสันติ ตันสุข,ก้าวอิสระ,0.0,0,ศูนย์,numeric_only
อำเภอแม่อาย/ตำบลบ้านหลวง/หน่วยเลือกตั้งที่ 11/สส. 5ทับ18.pdf,11,3.0,ตำบลบ้านหลวง,อำเภอแม่อาย,381.0,269.0,244.0,19.0,2.0,5.0,นายการุณย์ คูเจริญชัยกุล,กล้าธรรม,169.0,169,หนึ่งร้อยหกสิบเก้า,numeric_text_agree
อำเภอแม่อาย/ตำบลบ้านหลวง/หน่วยเลือกตั้งที่ 11/สส. 5ทับ18.pdf,11,3.0,ตำบลบ้านหลวง,อำเภอแม่อาย,381.0,269.0,244.0,19.0,2.0,6.0,นายนิธิกร วุฒินันชัย,เพื่อไทย,18.0,18,สิบแปด,numeric_text_agree
อำเภอแม่อาย/ตำบลบ้านหลวง/หน่วยเลือกตั้งที่ 11/สส. 5ทับ18.pdf,11,3.0,ตำบลบ้านหลวง,อำเภอแม่อาย,381.0,269.0,244.0,19.0,2.0,7.0,นายไกร ดาบธรรม,พลังประชารัฐ,8.0,8,แปด,numeric_text_agree
อำเภอแม่อาย/ตำบลบ้านหลวง/หน่วยเลือกตั้งที่ 11/สส. 5ทับ18.pdf,11,3.0,ตำบลบ้านหลวง,อำเภอแม่อาย,381.0,269.0,244.0,19.0,2.0,8.0,นายพิสิณห์ อุปนันท์,เศรษฐกิจ,0.0,0,ศูนย์,numeric_only
อำเภอแม่อาย/ตำบลบ้านหลวง/หน่วยเลือกตั้งที่ 11/สส. 5ทับ18.pdf,11,3.0,ตำบลบ้านหลวง,อำเภอแม่อาย,381.0,269.0,244.0,19.0,2.0,9.0,นายชาญวิทยายุทธ์ อินทร์แก้ว,ประชากรไทย,1.0,1,หนึ่ง,numeric_text_agree
อำเภอแม่อาย/ตำบลบ้านหลวง/หน่วยเลือกตั้งที่ 1/สส. 5ทับ18.pdf,1,1.0,ตำบลบ้านหลวง,อำเภอแม่อาย,423.0,395.0,388.0,7.0,,1.0,นายอดุลย์ บุญใส,ภูมิใจไทย,4.0,4,สี่,numeric_text_agree
อำเภอแม่อาย/ตำบลบ้านหลวง/หน่วยเลือกตั้งที่ 1/สส. 5ทับ18.pdf,1,1.0,ตำบลบ้านหลวง,อำเภอแม่อาย,423.0,395.0,388.0,7.0,,2.0,นายสมดุลย์ อุดเจริญ,ประชาชน,50.0,50,ห้าสิบ,numeric_text_agree
อำเภอแม่อาย/ตำบลบ้านหลวง/หน่วยเลือกตั้งที่ 1/สส. 5ทับ18.pdf,1,1.0,ตำบลบ้านหลวง,อำเภอแม่อาย,423.0,395.0,388.0,7.0,,3.0,นายเกรียงกมล ศรีมา,ประชาธิปัตย์,1.0,1,หนึ่ง,numeric_text_agree
อำเภอแม่อาย/ตำบลบ้านหลวง/หน่วยเลือกตั้งที่ 1/สส. 5ทับ18.pdf,1,1.0,ตำบลบ้านหลวง,อำเภอแม่อาย,423.0,395.0,388.0,7.0,,4.0,นายสันติ ตันสุข,ก้าวอิสระ,2.0,2,สอง,numeric_text_agree
อำเภอแม่อาย/ตำบลบ้านหลวง/หน่วยเลือกตั้งที่ 1/สส. 5ทับ18.pdf,1,1.0,ตำบลบ้านหลวง,อำเภอแม่อาย,423.0,395.0,388.0,7.0,,5.0,นายการุณย์ คูเจริญชัยกุล,กล้าธรรม,100.0,100,หนึ่งร้อย,numeric_text_agree
อำเภอแม่อาย/ตำบลบ้านหลวง/หน่วยเลือกตั้งที่ 1/สส. 5ทับ18.pdf,1,1.0,ตำบลบ้านหลวง,อำเภอแม่อาย,423.0,395.0,388.0,7.0,,6.0,นายนิธิกร วุฒินัย,เพื่อไทย,70.0,70,เจ็ดสิบ,numeric_text_agree
อำเภอแม่อาย/ตำบลบ้านหลวง/หน่วยเลือกตั้งที่ 1/สส. 5ทับ18.pdf,1,1.0,ตำบลบ้านหลวง,อำเภอแม่อาย,423.0,395.0,388.0,7.0,,7.0,นายไกร ดาบธรรม,พลังประชารัฐ,67.0,67,หกสิบเจ็ด,numeric_text_agree
อำเภอแม่อาย/ตำบลบ้านหลวง/หน่วยเลือกตั้งที่ 1/สส. 5ทับ18.pdf,1,1.0,ตำบลบ้านหลวง,อำเภอแม่อาย,423.0,395.0,388.0,7.0,,8.0,นายพิสัณห์ อุปนันท์,เศรษฐกิจ,0.0,0,ศูนย์,numeric_only
อำเภอแม่อาย/ตำบลบ้านหลวง/หน่วยเลือกตั้งที่ 1/สส. 5ทับ18.pdf,1,1.0,ตำบลบ้านหลวง,อำเภอแม่อาย,423.0,395.0,388.0,7.0,,9.0,นายชาญวิทยายุทธ์ อินทร์แก้ว,ประชากรไทย,3.0,3,สาม,numeric_text_agree
อำเภอแม่อาย/ตำบลมะลิกา/หน่วยเลือกตั้งที่ 1/สส. 5ทับ18.pdf,1,1.0,ตำบลมะลิกา,อำเภอแม่อาย,390.0,234.0,203.0,16.0,15.0,1.0,นายอดุลย์ บุญใส,ภูมิใจไทย,1.0,1,หนึ่ง,numeric_text_agree
อำเภอแม่อาย/ตำบลมะลิกา/หน่วยเลือกตั้งที่ 1/สส. 5ทับ18.pdf,1,1.0,ตำบลมะลิกา,อำเภอแม่อาย,390.0,234.0,203.0,16.0,15.0,2.0,นายสมดุลย์ อุดเจริญ,ประชาชน,51.0,51,ห้าสิบเอ็ด,numeric_text_agree
อำเภอแม่อาย/ตำบลมะลิกา/หน่วยเลือกตั้งที่ 1/สส. 5ทับ18.pdf,1,1.0,ตำบลมะลิกา,อำเภอแม่อาย,390.0,234.0,203.0,16.0,15.0,3.0,นายเกรียงกมล ศรีมา,ประชาธิปัตย์,0.0,0,ศูนย์,numeric_only
อำเภอแม่อาย/ตำบลมะลิกา/หน่วยเลือกตั้งที่ 1/สส. 5ทับ18.pdf,1,1.0,ตำบลมะลิกา,อำเภอแม่อาย,390.0,234.0,203.0,16.0,15.0,4.0,นายสันติ ตันสุขชัย,ก้าวอิสระ,1.0,1,หนึ่ง,numeric_text_agree
อำเภอแม่อาย/ตำบลมะลิกา/หน่วยเลือกตั้งที่ 1/สส. 5ทับ18.pdf,1,1.0,ตำบลมะลิกา,อำเภอแม่อาย,390.0,234.0,203.0,16.0,15.0,5.0,นายการุณย์ คุณเจริญชัยกุล,กล้าธรรม,76.0,76,เจ็ดสิบหก,numeric_text_agree
อำเภอแม่อาย/ตำบลมะลิกา/หน่วยเลือกตั้งที่ 1/สส. 5ทับ18.pdf,1,1.0,ตำบลมะลิกา,อำเภอแม่อาย,390.0,234.0,203.0,16.0,15.0,6.0,นายนิกร วุฒินันชัย,เพื่อไทย,14.0,14,สิบสี่,numeric_text_agree
อำเภอแม่อาย/ตำบลมะลิกา/หน่วยเลือกตั้งที่ 1/สส. 5ทับ18.pdf,1,1.0,ตำบลมะลิกา,อำเภอแม่อาย,390.0,234.0,203.0,16.0,15.0,7.0,นายไกร ดาบธรรม,พลังประชารัฐ,55.0,55,ห้าสิบห้า,numeric_text_agree
อำเภอแม่อาย/ตำบลมะลิกา/หน่วยเลือกตั้งที่ 1/สส. 5ทับ18.pdf,1,1.0,ตำบลมะลิกา,อำเภอแม่อาย,390.0,234.0,203.0,16.0,15.0,8.0,นายพิสิณห์ อุปนันท์,เศรษฐกิจ,1.0,1,หนึ่ง,numeric_text_agree
อำเภอแม่อาย/ตำบลมะลิกา/หน่วยเลือกตั้งที่ 1/สส. 5ทับ18.pdf,1,1.0,ตำบลมะลิกา,อำเภอแม่อาย,390.0,234.0,203.0,16.0,15.0,9.0,นายชาญวิทยายุทธ์ อินทร์แก้ว,ประชากรไทย,4.0,4,สี่,numeric_text_agree
อำเภอแม่อาย/ตำบลท่าตอน/หน่วยเลือกตั้งที่ 8/สส. 5ทับ18.pdf,1,1.0,ตำบลท่าตอน,อำเภอแม่อาย,397.0,263.0,229.0,22.0,2.0,1.0,นายอดุลย์ บุญใส,ภูมิใจไทย,3.0,3,สาม,numeric_text_agree
อำเภอแม่อาย/ตำบลท่าตอน/หน่วยเลือกตั้งที่ 8/สส. 5ทับ18.pdf,1,1.0,ตำบลท่าตอน,อำเภอแม่อาย,397.0,263.0,229.0,22.0,2.0,2.0,นายสมดุลย์ อุดเจริญ,ประชาชน,17.0,17,สิบเจ็ด,numeric_text_agree
อำเภอแม่อาย/ตำบลท่าตอน/หน่วยเลือกตั้งที่ 8/สส. 5ทับ18.pdf,1,1.0,ตำบลท่าตอน,อำเภอแม่อาย,397.0,263.0,229.0,22.0,2.0,3.0,นายเกรียงกมล ศรีมา,ประชาธิปัตย์,1.0,1,หนึ่ง,numeric_text_agree
อำเภอแม่อาย/ตำบลท่าตอน/หน่วยเลือกตั้งที่ 8/สส. 5ทับ18.pdf,1,1.0,ตำบลท่าตอน,อำเภอแม่อาย,397.0,263.0,229.0,22.0,2.0,4.0,นายสันติ ตันสุขขี,ก้าวอิสระ,4.0,4,สี่,numeric_text_agree
อำเภอแม่อาย/ตำบลท่าตอน/หน่วยเลือกตั้งที่ 8/สส. 5ทับ18.pdf,1,1.0,ตำบลท่าตอน,อำเภอแม่อาย,397.0,263.0,229.0,22.0,2.0,5.0,นายการุณย์ คูเจริญชัยกุล,กล้าธรรม,141.0,141,หนึ่งร้อยสี่สิบเอ็ด,numeric_text_agree
อำเภอแม่อาย/ตำบลท่าตอน/หน่วยเลือกตั้งที่ 8/สส. 5ทับ18.pdf,1,1.0,ตำบลท่าตอน,อำเภอแม่อาย,397.0,263.0,229.0,22.0,2.0,6.0,นายนิธิกร วุฒินันชัย,เพื่อไทย,10.0,10,สิบ,numeric_text_agree
อำเภอแม่อาย/ตำบลท่าตอน/หน่วยเลือกตั้งที่ 8/สส. 5ทับ18.pdf,1,1.0,ตำบลท่าตอน,อำเภอแม่อาย,397.0,263.0,229.0,22.0,2.0,7.0,นายไกร ดาบธรรม,พลังประชารัฐ,61.0,61,หกสิบเอ็ด,numeric_text_agree
อำเภอแม่อาย/ตำบลท่าตอน/หน่วยเลือกตั้งที่ 8/สส. 5ทับ18.pdf,1,1.0,ตำบลท่าตอน,อำเภอแม่อาย,397.0,263.0,229.0,22.0,2.0,8.0,นายพิสิณฑ์ อุปนันท์,เศรษฐกิจ,2.0,2,สอง,numeric_text_agree
อำเภอแม่อาย/ตำบลท่าตอน/หน่วยเลือกตั้งที่ 8/สส. 5ทับ18.pdf,1,1.0,ตำบลท่าตอน,อำเภอแม่อาย,397.0,263.0,229.0,22.0,2.0,9.0,นายชาญวิทยายุทธ์ อินทร์แก้ว,ประชากรไทย,0.0,0,ศูนย์,numeric_only
อำเภอแม่อาย/ตำบลท่าตอน/หน่วยเลือกตั้งที่ 9/สส. 5ทับ18.pdf,9,7.0,ตำบลท่าตอน,อำเภอแม่อาย,355.0,233.0,215.0,10.0,8.0,1.0,นายอดุลย์ บุญใส,ภูมิใจไทย,12.0,12,สิบสอง,numeric_text_agree
อำเภอแม่อาย/ตำบลท่าตอน/หน่วยเลือกตั้งที่ 9/สส. 5ทับ18.pdf,9,7.0,ตำบลท่าตอน,อำเภอแม่อาย,355.0,233.0,215.0,10.0,8.0,2.0,นายสมดุลย์ อุดเจริญ,ประชาชน,31.0,31,สามสิบเอ็ด,numeric_text_agree
อำเภอแม่อาย/ตำบลท่าตอน/หน่วยเลือกตั้งที่ 9/สส. 5ทับ18.pdf,9,7.0,ตำบลท่าตอน,อำเภอแม่อาย,355.0,233.0,215.0,10.0,8.0,3.0,นายเกรียงกมล ศรีมา,ประชาธิปัตย์,0.0,0,,numeric_only
อำเภอแม่อาย/ตำบลท่าตอน/หน่วยเลือกตั้งที่ 9/สส. 5ทับ18.pdf,9,7.0,ตำบลท่าตอน,อำเภอแม่อาย,355.0,233.0,215.0,10.0,8.0,4.0,นายสันติ ตันสุข,ก้าวอิสระ,0.0,0,,numeric_only
อำเภอแม่อาย/ตำบลท่าตอน/หน่วยเลือกตั้งที่ 9/สส. 5ทับ18.pdf,9,7.0,ตำบลท่าตอน,อำเภอแม่อาย,355.0,233.0,215.0,10.0,8.0,5.0,นายการุณย์ คูเจริญชัยกุล,กล้าธรรม,81.0,81,แปดสิบเอ็ด,numeric_text_agree
อำเภอแม่อาย/ตำบลท่าตอน/หน่วยเลือกตั้งที่ 9/สส. 5ทับ18.pdf,9,7.0,ตำบลท่าตอน,อำเภอแม่อาย,355.0,233.0,215.0,10.0,8.0,6.0,นายนิธร วุฒินันชัย,เพื่อไทย,26.0,26,ยี่สิบหก,numeric_text_agree
อำเภอแม่อาย/ตำบลท่าตอน/หน่วยเลือกตั้งที่ 9/สส. 5ทับ18.pdf,9,7.0,ตำบลท่าตอน,อำเภอแม่อาย,355.0,233.0,215.0,10.0,8.0,7.0,นายไกร ดาบธรรม,พลังประชารัฐ,63.0,63,หกสิบสาม,numeric_text_agree
อำเภอแม่อาย/ตำบลท่าตอน/หน่วยเลือกตั้งที่ 9/สส. 5ทับ18.pdf,9,7.0,ตำบลท่าตอน,อำเภอแม่อาย,355.0,233.0,215.0,10.0,8.0,8.0,นายพิสัณห์ อุปนันท์,เศรษฐกิจ,0.0,0,,numeric_only
อำเภอแม่อาย/ตำบลท่าตอน/หน่วยเลือกตั้งที่ 9/สส. 5ทับ18.pdf,9,7.0,ตำบลท่าตอน,อำเภอแม่อาย,355.0,233.0,215.0,10.0,8.0,9.0,นายชาญวิทยายุทธ อินทร์แก้ว,ประชากรไทย,2.0,2,สอง,numeric_text_agree
อำเภอแม่อาย/ตำบลท่าตอน/หน่วยเลือกตั้งที่ 3/สส. 5ทับ18.pdf,3,2.0,ตำบลท่าตอน,อำเภอแม่อาย,356.0,249.0,237.0,5.0,7.0,1.0,นายอดุลย์ บุญใส,ภูมิใจไทย,5.0,5,ห้า,numeric_text_agree
อำเภอแม่อาย/ตำบลท่าตอน/หน่วยเลือกตั้งที่ 3/สส. 5ทับ18.pdf,3,2.0,ตำบลท่าตอน,อำเภอแม่อาย,356.0,249.0,237.0,5.0,7.0,2.0,นายสมดุลย์ อุตเจริญ,ประชาชน,58.0,58,ห้าสิบแปด,numeric_text_agree
อำเภอแม่อาย/ตำบลท่าตอน/หน่วยเลือกตั้งที่ 3/สส. 5ทับ18.pdf,3,2.0,ตำบลท่าตอน,อำเภอแม่อาย,356.0,249.0,237.0,5.0,7.0,3.0,นายเกรียงกมล ศรีมา,ประชาธิปัตย์,2.0,2,สอง,numeric_text_agree
อำเภอแม่อาย/ตำบลท่าตอน/หน่วยเลือกตั้งที่ 3/สส. 5ทับ18.pdf,3,2.0,ตำบลท่าตอน,อำเภอแม่อาย,356.0,249.0,237.0,5.0,7.0,4.0,นายสันติ ตันสุข,ก้าวอิสระ,,,,missing
อำเภอแม่อาย/ตำบลท่าตอน/หน่วยเลือกตั้งที่ 3/สส. 5ทับ18.pdf,3,2.0,ตำบลท่าตอน,อำเภอแม่อาย,356.0,249.0,237.0,5.0,7.0,5.0,นายการุณย์ คูเจริญชัยกุล,กล้าธรรม,94.0,94,เก้าสิบสี่,numeric_text_agree
อำเภอแม่อาย/ตำบลท่าตอน/หน่วยเลือกตั้งที่ 3/สส. 5ทับ18.pdf,3,2.0,ตำบลท่าตอน,อำเภอแม่อาย,356.0,249.0,237.0,5.0,7.0,6.0,นายนิกร วุฒินันชัย,เพื่อไทย,33.0,33,สามสิบสาม,numeric_text_agree
อำเภอแม่อาย/ตำบลท่าตอน/หน่วยเลือกตั้งที่ 3/สส. 5ทับ18.pdf,3,2.0,ตำบลท่าตอน,อำเภอแม่อาย,356.0,249.0,237.0,5.0,7.0,7.0,นายไกร ดาบธรรม,พลังประชารัฐ,63.0,63,หกสิบสาม,numeric_text_agree
อำเภอแม่อาย/ตำบลท่าตอน/หน่วยเลือกตั้งที่ 3/สส. 5ทับ18.pdf,3,2.0,ตำบลท่าตอน,อำเภอแม่อาย,356.0,249.0,237.0,5.0,7.0,8.0,นายพิสิณห์ อุปนันท์,เศรษฐกิจ,1.0,1,หนึ่ง,numeric_text_agree
อำเภอแม่อาย/ตำบลท่าตอน/หน่วยเลือกตั้งที่ 3/สส. 5ทับ18.pdf,3,2.0,ตำบลท่าตอน,อำเภอแม่อาย,356.0,249.0,237.0,5.0,7.0,9.0,นายชาญวิทยายุทธ อินทร์แก้ว,ประชากรไทย,1.0,1,หนึ่ง,numeric_text_agree
อำเภอแม่อาย/ตำบลท่าตอน/หน่วยเลือกตั้งที่ 5/สส. 5ทับ18.pdf,5,3.0,ตำบลท่าตอน,อำเภอแม่อาย,563.0,391.0,357.0,30.0,10.0,1.0,นายอดุลย์ บุญใส,ภูมิใจไทย,73.0,73,เจ็ดสิบสามคะแนน,numeric_text_agree
อำเภอแม่อาย/ตำบลท่าตอน/หน่วยเลือกตั้งที่ 5/สส. 5ทับ18.pdf,5,3.0,ตำบลท่าตอน,อำเภอแม่อาย,563.0,391.0,357.0,30.0,10.0,2.0,นายสมดุลย์ อุดเจริญ,ประชาชน,74.0,74,เจ็ดสิบสี่คะแนน,numeric_text_agree
อำเภอแม่อาย/ตำบลท่าตอน/หน่วยเลือกตั้งที่ 5/สส. 5ทับ18.pdf,5,3.0,ตำบลท่าตอน,อำเภอแม่อาย,563.0,391.0,357.0,30.0,10.0,3.0,นายเกรียงกมล ศรีมา,ประชาธิปัตย์,2.0,2,สองคะแนน,numeric_text_agree
อำเภอแม่อาย/ตำบลท่าตอน/หน่วยเลือกตั้งที่ 5/สส. 5ทับ18.pdf,5,3.0,ตำบลท่าตอน,อำเภอแม่อาย,563.0,391.0,357.0,30.0,10.0,4.0,นายสันติ ตันสุข,ก้าวอิสระ,1.0,1,หนึ่งคะแนน,numeric_text_agree
อำเภอแม่อาย/ตำบลท่าตอน/หน่วยเลือกตั้งที่ 5/สส. 5ทับ18.pdf,5,3.0,ตำบลท่าตอน,อำเภอแม่อาย,563.0,391.0,357.0,30.0,10.0,5.0,นายการุณย์ คูเจริญชัยกุล,กล้าธรรม,126.0,126,หนึ่งร้อยยี่สิบหกคะแนน,numeric_text_agree
อำเภอแม่อาย/ตำบลท่าตอน/หน่วยเลือกตั้งที่ 5/สส. 5ทับ18.pdf,5,3.0,ตำบลท่าตอน,อำเภอแม่อาย,563.0,391.0,357.0,30.0,10.0,6.0,นายนิธิกร วุฒินันชัย,เพื่อไทย,27.0,27,ยี่สิบเจ็ดคะแนน,numeric_text_agree
อำเภอแม่อาย/ตำบลท่าตอน/หน่วยเลือกตั้งที่ 5/สส. 5ทับ18.pdf,5,3.0,ตำบลท่าตอน,อำเภอแม่อาย,563.0,391.0,357.0,30.0,10.0,7.0,นายไกร ดาบธรรม,พลังประชารัฐ,114.0,114,หนึ่งร้อยสิบสี่คะแนน,numeric_text_agree
อำเภอแม่อาย/ตำบลท่าตอน/หน่วยเลือกตั้งที่ 5/สส. 5ทับ18.pdf,5,3.0,ตำบลท่าตอน,อำเภอแม่อาย,563.0,391.0,357.0,30.0,10.0,8.0,นายพิสัณห์ อุปนันท์,เศรษฐกิจ,2.0,2,สองคะแนน,numeric_text_agree
อำเภอแม่อาย/ตำบลท่าตอน/หน่วยเลือกตั้งที่ 5/สส. 5ทับ18.pdf,5,3.0,ตำบลท่าตอน,อำเภอแม่อาย,563.0,391.0,357.0,30.0,10.0,9.0,นายชาญวิทยายุทธ์ อินทร์แก้ว,ประชากรไทย,4.0,4,สี่คะแนน,numeric_text_agree
อำเภอแม่อาย/ตำบลท่าตอน/หน่วยเลือกตั้งที่ 7/สส. 5ทับ18.pdf,7,5.0,ตำบลท่าตอน,อำเภอแม่อาย,220.0,112.0,103.0,5.0,4.0,1.0,นายอดุลย์ บุญใส,ภูมิใจไทย,5.0,5,ห้าคะแนน,numeric_text_agree
อำเภอแม่อาย/ตำบลท่าตอน/หน่วยเลือกตั้งที่ 7/สส. 5ทับ18.pdf,7,5.0,ตำบลท่าตอน,อำเภอแม่อาย,220.0,112.0,103.0,5.0,4.0,2.0,นายสมดุลย์ อุดเจริญ,ประชาชน,21.0,21,ยี่สิบเอ็ดคะแนน,numeric_text_agree
อำเภอแม่อาย/ตำบลท่าตอน/หน่วยเลือกตั้งที่ 7/สส. 5ทับ18.pdf,7,5.0,ตำบลท่าตอน,อำเภอแม่อาย,220.0,112.0,103.0,5.0,4.0,3.0,นายเกรียงกมล ศรีมา,ประชาธิปัตย์,7.0,7,เจ็ดคะแนน,numeric_text_agree
อำเภอแม่อาย/ตำบลท่าตอน/หน่วยเลือกตั้งที่ 7/สส. 5ทับ18.pdf,7,5.0,ตำบลท่าตอน,อำเภอแม่อาย,220.0,112.0,103.0,5.0,4.0,4.0,นายสันติ ตันสุหัช,ก้าวอิสระ,2.0,2,สองคะแนน,numeric_text_agree
อำเภอแม่อาย/ตำบลท่าตอน/หน่วยเลือกตั้งที่ 7/สส. 5ทับ18.pdf,7,5.0,ตำบลท่าตอน,อำเภอแม่อาย,220.0,112.0,103.0,5.0,4.0,5.0,นายการุณย์ คูเจริญชัยกุล,กล้าธรรม,30.0,30,สามสิบคะแนน,numeric_text_agree
อำเภอแม่อาย/ตำบลท่าตอน/หน่วยเลือกตั้งที่ 7/สส. 5ทับ18.pdf,7,5.0,ตำบลท่าตอน,อำเภอแม่อาย,220.0,112.0,103.0,5.0,4.0,6.0,นายนิธินร วุฒินัย,เพื่อไทย,33.0,33,สามสิบสามคะแนน,numeric_text_agree
อำเภอแม่อาย/ตำบลท่าตอน/หน่วยเลือกตั้งที่ 7/สส. 5ทับ18.pdf,7,5.0,ตำบลท่าตอน,อำเภอแม่อาย,220.0,112.0,103.0,5.0,4.0,7.0,นายไกร ดาบธรรม,พลังประชารัฐ,7.0,7,เจ็ดคะแนน,numeric_text_agree
อำเภอแม่อาย/ตำบลท่าตอน/หน่วยเลือกตั้งที่ 7/สส. 5ทับ18.pdf,7,5.0,ตำบลท่าตอน,อำเภอแม่อาย,220.0,112.0,103.0,5.0,4.0,8.0,นายพิสัณห์ อุปนันท์,เศรษฐกิจ,0.0,0,ศูนย์คะแนน,numeric_only
อำเภอแม่อาย/ตำบลท่าตอน/หน่วยเลือกตั้งที่ 7/สส. 5ทับ18.pdf,7,5.0,ตำบลท่าตอน,อำเภอแม่อาย,220.0,112.0,103.0,5.0,4.0,9.0,นายชาญวิทยายุทธ์ อินทร์แก้ว,ประชากรไทย,0.0,0,ศูนย์คะแนน,numeric_only
อำเภอแม่อาย/ตำบลท่าตอน/หน่วยเลือกตั้งที่ 4/สส. 5ทับ18.pdf,4,3.0,ตำบลท่าตอน,อำเภอแม่อาย,539.0,329.0,300.0,15.0,14.0,1.0,นายอดุลย์ บุญใส,ภูมิใจไทย,7.0,7,เจ็ด,numeric_text_agree
อำเภอแม่อาย/ตำบลท่าตอน/หน่วยเลือกตั้งที่ 4/สส. 5ทับ18.pdf,4,3.0,ตำบลท่าตอน,อำเภอแม่อาย,539.0,329.0,300.0,15.0,14.0,2.0,นายสมดุลย์ อุดเจริญ,ประชาชน,58.0,58,ห้าสิบแปด,numeric_text_agree
อำเภอแม่อาย/ตำบลท่าตอน/หน่วยเลือกตั้งที่ 4/สส. 5ทับ18.pdf,4,3.0,ตำบลท่าตอน,อำเภอแม่อาย,539.0,329.0,300.0,15.0,14.0,3.0,นายเกรียงกมล ศรีมา,ประชาธิปัตย์,2.0,2,สอง,numeric_text_agree
อำเภอแม่อาย/ตำบลท่าตอน/หน่วยเลือกตั้งที่ 4/สส. 5ทับ18.pdf,4,3.0,ตำบลท่าตอน,อำเภอแม่อาย,539.0,329.0,300.0,15.0,14.0,4.0,นายสันติ ตันสุข,ก้าวอิสระ,4.0,4,สี่,numeric_text_agree
อำเภอแม่อาย/ตำบลท่าตอน/หน่วยเลือกตั้งที่ 4/สส. 5ทับ18.pdf,4,3.0,ตำบลท่าตอน,อำเภอแม่อาย,539.0,329.0,300.0,15.0,14.0,5.0,นายการุณย์ คูเจริญชัยกุล,กล้าธรรม,63.0,63,หกสิบสาม,numeric_text_agree
อำเภอแม่อาย/ตำบลท่าตอน/หน่วยเลือกตั้งที่ 4/สส. 5ทับ18.pdf,4,3.0,ตำบลท่าตอน,อำเภอแม่อาย,539.0,329.0,300.0,15.0,14.0,6.0,นายนิธิกร วุฒินันชัย,เพื่อไทย,29.0,29,ยี่สิบเก้า,numeric_text_agree
อำเภอแม่อาย/ตำบลท่าตอน/หน่วยเลือกตั้งที่ 4/สส. 5ทับ18.pdf,4,3.0,ตำบลท่าตอน,อำเภอแม่อาย,539.0,329.0,300.0,15.0,14.0,7.0,นายไกร ดาบธรรม,พลังประชารัฐ,139.0,139,หนึ่งร้อยสามสิบเก้า,numeric_text_agree
อำเภอแม่อาย/ตำบลท่าตอน/หน่วยเลือกตั้งที่ 4/สส. 5ทับ18.pdf,4,3.0,ตำบลท่าตอน,อำเภอแม่อาย,539.0,329.0,300.0,15.0,14.0,8.0,นายพิสัณฑ์ อุปนันท์,เศรษฐกิจ,4.0,4,สี่,numeric_text_agree
อำเภอแม่อาย/ตำบลท่าตอน/หน่วยเลือกตั้งที่ 4/สส. 5ทับ18.pdf,4,3.0,ตำบลท่าตอน,อำเภอแม่อาย,539.0,329.0,300.0,15.0,14.0,9.0,นายชาญวิทยายุทธ์ อินทร์แก้ว,ประชากรไทย,1.0,1,หนึ่ง,numeric_text_agree
อำเภอแม่อาย/ตำบลท่าตอน/หน่วยเลือกตั้งที่ 25/สส. 5ทับ18.pdf,16,16.0,ตำบลท่าตอน,อำเภอแม่อาย,502.0,218.0,174.0,41.0,3.0,1.0,นายอดุลย์ บุญใส,ภูมิใจไทย,3.0,3,สาม,numeric_text_agree
อำเภอแม่อาย/ตำบลท่าตอน/หน่วยเลือกตั้งที่ 25/สส. 5ทับ18.pdf,16,16.0,ตำบลท่าตอน,อำเภอแม่อาย,502.0,218.0,174.0,41.0,3.0,2.0,นายสมดุลย์ อุตเจริญ,ประชาชน,55.0,55,ห้าสิบห้า,numeric_text_agree
อำเภอแม่อาย/ตำบลท่าตอน/หน่วยเลือกตั้งที่ 25/สส. 5ทับ18.pdf,16,16.0,ตำบลท่าตอน,อำเภอแม่อาย,502.0,218.0,174.0,41.0,3.0,3.0,นายเกรียงกมล ศรีมา,ประชาธิปัตย์,2.0,2,สอง,numeric_text_agree
อำเภอแม่อาย/ตำบลท่าตอน/หน่วยเลือกตั้งที่ 25/สส. 5ทับ18.pdf,16,16.0,ตำบลท่าตอน,อำเภอแม่อาย,502.0,218.0,174.0,41.0,3.0,4.0,นายสันติ ตันสุข,ก้าวอิสระ,2.0,2,สอง,numeric_text_agree
อำเภอแม่อาย/ตำบลท่าตอน/หน่วยเลือกตั้งที่ 25/สส. 5ทับ18.pdf,16,16.0,ตำบลท่าตอน,อำเภอแม่อาย,502.0,218.0,174.0,41.0,3.0,5.0,นายการุณย์ คูเจริญชัยกุล,กล้าธรรม,64.0,64,หกสิบสี่,numeric_text_agree
อำเภอแม่อาย/ตำบลท่าตอน/หน่วยเลือกตั้งที่ 25/สส. 5ทับ18.pdf,16,16.0,ตำบลท่าตอน,อำเภอแม่อาย,502.0,218.0,174.0,41.0,3.0,6.0,นายนิธิกร วุฒินันชัย,เพื่อไทย,7.0,7,เจ็ด,numeric_text_agree
อำเภอแม่อาย/ตำบลท่าตอน/หน่วยเลือกตั้งที่ 25/สส. 5ทับ18.pdf,16,16.0,ตำบลท่าตอน,อำเภอแม่อาย,502.0,218.0,174.0,41.0,3.0,7.0,นายไกร ดาบธรรม,พลังประชารัฐ,37.0,37,สามสิบเจ็ด,numeric_text_agree
อำเภอแม่อาย/ตำบลท่าตอน/หน่วยเลือกตั้งที่ 25/สส. 5ทับ18.pdf,16,16.0,ตำบลท่าตอน,อำเภอแม่อาย,502.0,218.0,174.0,41.0,3.0,8.0,นายพิสิณฑ์ อุปนันท์,เศรษฐกิจ,1.0,1,หนึ่ง,numeric_text_agree
อำเภอแม่อาย/ตำบลท่าตอน/หน่วยเลือกตั้งที่ 25/สส. 5ทับ18.pdf,16,16.0,ตำบลท่าตอน,อำเภอแม่อาย,502.0,218.0,174.0,41.0,3.0,9.0,นายชาญวิทยายุทธ์ อินทร์แก้ว,ประชากรไทย,1.0,1,หนึ่ง,numeric_text_agree
อำเภอแม่อาย/ตำบลท่าตอน/หน่วยเลือกตั้งที่ 21/สส. 5ทับ18.pdf,21,13.0,ตำบลท่าตอน,อำเภอแม่อาย,637.0,446.0,402.0,41.0,3.0,1.0,นายอดุลย์ บุญใส,ภูมิใจไทย,12.0,12,สิบสอง,numeric_text_agree
อำเภอแม่อาย/ตำบลท่าตอน/หน่วยเลือกตั้งที่ 21/สส. 5ทับ18.pdf,21,13.0,ตำบลท่าตอน,อำเภอแม่อาย,637.0,446.0,402.0,41.0,3.0,2.0,นายสมดุลย์ อุดเจริญ,ประชาชน,69.0,69,หกสิบเก้า,numeric_text_agree
อำเภอแม่อาย/ตำบลท่าตอน/หน่วยเลือกตั้งที่ 21/สส. 5ทับ18.pdf,21,13.0,ตำบลท่าตอน,อำเภอแม่อาย,637.0,446.0,402.0,41.0,3.0,3.0,นายเกรียงกมล ศรีมา,ประชาธิปัตย์,7.0,7,เจ็ด,numeric_text_agree
อำเภอแม่อาย/ตำบลท่าตอน/หน่วยเลือกตั้งที่ 21/สส. 5ทับ18.pdf,21,13.0,ตำบลท่าตอน,อำเภอแม่อาย,637.0,446.0,402.0,41.0,3.0,4.0,นายสันติ ตันหู,ก้าวอิสระ,7.0,7,เจ็ด,numeric_text_agree
อำเภอแม่อาย/ตำบลท่าตอน/หน่วยเลือกตั้งที่ 21/สส. 5ทับ18.pdf,21,13.0,ตำบลท่าตอน,อำเภอแม่อาย,637.0,446.0,402.0,41.0,3.0,5.0,นายการุณย์ คูเจริญชัยกุล,กล้าธรรม,156.0,156,หนึ่งร้อยห้าสิบหก,numeric_text_agree
อำเภอแม่อาย/ตำบลท่าตอน/หน่วยเลือกตั้งที่ 21/สส. 5ทับ18.pdf,21,13.0,ตำบลท่าตอน,อำเภอแม่อาย,637.0,446.0,402.0,41.0,3.0,6.0,นายนิธิกร วุฒินันชัย,เพื่อไทย,29.0,29,ยี่สิบเก้า,numeric_text_agree
อำเภอแม่อาย/ตำบลท่าตอน/หน่วยเลือกตั้งที่ 21/สส. 5ทับ18.pdf,21,13.0,ตำบลท่าตอน,อำเภอแม่อาย,637.0,446.0,402.0,41.0,3.0,7.0,นายไกร ดาบธรรม,พลังประชารัฐ,121.0,121,หนึ่งร้อยยี่สิบเอ็ด,numeric_text_agree
อำเภอแม่อาย/ตำบลท่าตอน/หน่วยเลือกตั้งที่ 21/สส. 5ทับ18.pdf,21,13.0,ตำบลท่าตอน,อำเภอแม่อาย,637.0,446.0,402.0,41.0,3.0,8.0,นายพิสิณฑ์ อุปนันท์,เศรษฐกิจ,2.0,2,สอง,numeric_text_agree
อำเภอแม่อาย/ตำบลท่าตอน/หน่วยเลือกตั้งที่ 21/สส. 5ทับ18.pdf,21,13.0,ตำบลท่าตอน,อำเภอแม่อาย,637.0,446.0,402.0,41.0,3.0,9.0,นายชาญวิทยายุทธ์ อินทร์แก้ว,ประชากรไทย,3.0,3,สาม,numeric_text_agree
อำเภอแม่อาย/ตำบลท่าตอน/หน่วยเลือกตั้งที่ 22/สส. 5ทับ18.pdf,22,14.0,ตำบลท่าตอน,อำเภอแม่อาย,515.0,299.0,292.0,14.0,11.0,1.0,นายอดุลย์ บุญใส,ภูมิใจไทย,15.0,15,สิบห้า,numeric_text_agree
อำเภอแม่อาย/ตำบลท่าตอน/หน่วยเลือกตั้งที่ 22/สส. 5ทับ18.pdf,22,14.0,ตำบลท่าตอน,อำเภอแม่อาย,515.0,299.0,292.0,14.0,11.0,2.0,นายสมดุลย์ อุดเจริญ,ประชาชน,56.0,56,ห้าสิบหก,numeric_text_agree
อำเภอแม่อาย/ตำบลท่าตอน/หน่วยเลือกตั้งที่ 22/สส. 5ทับ18.pdf,22,14.0,ตำบลท่าตอน,อำเภอแม่อาย,515.0,299.0,292.0,14.0,11.0,3.0,นายเกรียงกมล ศรีมา,ประชาธิปัตย์,1.0,1,หนึ่ง,numeric_text_agree
อำเภอแม่อาย/ตำบลท่าตอน/หน่วยเลือกตั้งที่ 22/สส. 5ทับ18.pdf,22,14.0,ตำบลท่าตอน,อำเภอแม่อาย,515.0,299.0,292.0,14.0,11.0,4.0,นายสันติ ตันสุขข์,ก้าวอิสระ,6.0,6,หก,numeric_text_agree
อำเภอแม่อาย/ตำบลท่าตอน/หน่วยเลือกตั้งที่ 22/สส. 5ทับ18.pdf,22,14.0,ตำบลท่าตอน,อำเภอแม่อาย,515.0,299.0,292.0,14.0,11.0,5.0,นายการุณย์ คูเจริญชัยกุล,กล้าธรรม,30.0,30,สามสิบ,numeric_text_agree
อำเภอแม่อาย/ตำบลท่าตอน/หน่วยเลือกตั้งที่ 22/สส. 5ทับ18.pdf,22,14.0,ตำบลท่าตอน,อำเภอแม่อาย,515.0,299.0,292.0,14.0,11.0,6.0,นายนิธิกร วุฒินันชัย,เพื่อไทย,29.0,29,ยี่สิบเก้า,numeric_text_agree
อำเภอแม่อาย/ตำบลท่าตอน/หน่วยเลือกตั้งที่ 22/สส. 5ทับ18.pdf,22,14.0,ตำบลท่าตอน,อำเภอแม่อาย,515.0,299.0,292.0,14.0,11.0,7.0,นายไกร ดาบธรรม,พลังประชารัฐ,131.0,131,หนึ่งร้อยสามสิบเอ็ด,numeric_text_agree
อำเภอแม่อาย/ตำบลท่าตอน/หน่วยเลือกตั้งที่ 22/สส. 5ทับ18.pdf,22,14.0,ตำบลท่าตอน,อำเภอแม่อาย,515.0,299.0,292.0,14.0,11.0,8.0,นายพิสัณฑ์ อุปนันท์,เศรษฐกิจ,3.0,3,สาม,numeric_text_agree
อำเภอแม่อาย/ตำบลท่าตอน/หน่วยเลือกตั้งที่ 22/สส. 5ทับ18.pdf,22,14.0,ตำบลท่าตอน,อำเภอแม่อาย,515.0,299.0,292.0,14.0,11.0,9.0,นายชาญวิทยายุทธ์ อินทร์แก้ว,ประชากรไทย,1.0,1,หนึ่ง,numeric_text_agree
อำเภอแม่อาย/ตำบลท่าตอน/หน่วยเลือกตั้งที่ 23/สส. 5ทับ18.pdf,23,14.0,ตำบลท่าตอน,อำเภอแม่อาย,535.0,299.0,272.0,22.0,5.0,1.0,นายอดุลย์ บุญใส,ภูมิใจไทย,3.0,3,สาม,numeric_text_agree
อำเภอแม่อาย/ตำบลท่าตอน/หน่วยเลือกตั้งที่ 23/สส. 5ทับ18.pdf,23,14.0,ตำบลท่าตอน,อำเภอแม่อาย,535.0,299.0,272.0,22.0,5.0,2.0,นายสมดุลย์ อุดเจริญ,ประชาชน,79.0,79,เจ็ดสิบเก้า,numeric_text_agree
อำเภอแม่อาย/ตำบลท่าตอน/หน่วยเลือกตั้งที่ 23/สส. 5ทับ18.pdf,23,14.0,ตำบลท่าตอน,อำเภอแม่อาย,535.0,299.0,272.0,22.0,5.0,3.0,นายเกรียงกมล ศรีมา,ประชาธิปัตย์,3.0,3,สาม,numeric_text_agree
อำเภอแม่อาย/ตำบลท่าตอน/หน่วยเลือกตั้งที่ 23/สส. 5ทับ18.pdf,23,14.0,ตำบลท่าตอน,อำเภอแม่อาย,535.0,299.0,272.0,22.0,5.0,4.0,นายสันติ ตันสุข,ก้าวอิสระ,4.0,4,สี่,numeric_text_agree
อำเภอแม่อาย/ตำบลท่าตอน/หน่วยเลือกตั้งที่ 23/สส. 5ทับ18.pdf,23,14.0,ตำบลท่าตอน,อำเภอแม่อาย,535.0,299.0,272.0,22.0,5.0,5.0,นายการุณย์ คูเจริญชัยกุล,กล้าธรรม,41.0,41,สี่สิบเอ็ด,numeric_text_agree
อำเภอแม่อาย/ตำบลท่าตอน/หน่วยเลือกตั้งที่ 23/สส. 5ทับ18.pdf,23,14.0,ตำบลท่าตอน,อำเภอแม่อาย,535.0,299.0,272.0,22.0,5.0,6.0,นายนิธิกร วุฒินันชัย,เพื่อไทย,38.0,38,สามสิบแปด,numeric_text_agree
อำเภอแม่อาย/ตำบลท่าตอน/หน่วยเลือกตั้งที่ 23/สส. 5ทับ18.pdf,23,14.0,ตำบลท่าตอน,อำเภอแม่อาย,535.0,299.0,272.0,22.0,5.0,7.0,นายไกร ดาบธรรม,พลังประชารัฐ,100.0,100,หนึ่งร้อย,numeric_text_agree
อำเภอแม่อาย/ตำบลท่าตอน/หน่วยเลือกตั้งที่ 23/สส. 5ทับ18.pdf,23,14.0,ตำบลท่าตอน,อำเภอแม่อาย,535.0,299.0,272.0,22.0,5.0,8.0,นายพิสิณห์ อุปนันท์,เศรษฐกิจ,2.0,2,สอง,numeric_text_agree
อำเภอแม่อาย/ตำบลท่าตอน/หน่วยเลือกตั้งที่ 23/สส. 5ทับ18.pdf,23,14.0,ตำบลท่าตอน,อำเภอแม่อาย,535.0,299.0,272.0,22.0,5.0,9.0,นายชาญวิทยายุทธ อินทร์แก้ว,ประชากรไทย,2.0,2,สอง,numeric_text_agree
อำเภอแม่อาย/ตำบลท่าตอน/หน่วยเลือกตั้งที่ 24/สส. 5ทับ18.pdf,24,15.0,ตำบลท่าตอน,อำเภอแม่อาย,462.0,211.0,164.0,46.0,1.0,1.0,นายอดุลย์ บุญใส,ภูมิใจไทย,2.0,2,สอง,numeric_text_agree
อำเภอแม่อาย/ตำบลท่าตอน/หน่วยเลือกตั้งที่ 24/สส. 5ทับ18.pdf,24,15.0,ตำบลท่าตอน,อำเภอแม่อาย,462.0,211.0,164.0,46.0,1.0,2.0,นายสมดุลย์ อุดเจริญ,ประชาชน,54.0,54,ห้าสิบสี่,numeric_text_agree
อำเภอแม่อาย/ตำบลท่าตอน/หน่วยเลือกตั้งที่ 24/สส. 5ทับ18.pdf,24,15.0,ตำบลท่าตอน,อำเภอแม่อาย,462.0,211.0,164.0,46.0,1.0,3.0,นายเกรียงกมล ศรีมา,ประชาธิปัตย์,1.0,1,หนึ่ง,numeric_text_agree
อำเภอแม่อาย/ตำบลท่าตอน/หน่วยเลือกตั้งที่ 24/สส. 5ทับ18.pdf,24,15.0,ตำบลท่าตอน,อำเภอแม่อาย,462.0,211.0,164.0,46.0,1.0,4.0,นายสันติ ตันสุหัช,ก้าวอิสระ,5.0,5,ห้า,numeric_text_agree
อำเภอแม่อาย/ตำบลท่าตอน/หน่วยเลือกตั้งที่ 24/สส. 5ทับ18.pdf,24,15.0,ตำบลท่าตอน,อำเภอแม่อาย,462.0,211.0,164.0,46.0,1.0,5.0,นายการุณย์ คูเจริญชัยกุล,กล้าธรรม,67.0,67,หกสิบเจ็ด,numeric_text_agree
อำเภอแม่อาย/ตำบลท่าตอน/หน่วยเลือกตั้งที่ 24/สส. 5ทับ18.pdf,24,15.0,ตำบลท่าตอน,อำเภอแม่อาย,462.0,211.0,164.0,46.0,1.0,6.0,นายนิธิกร วุฒินันชัย,เพื่อไทย,124.0,124,หนึ่งร้อยยี่สิบสี่,numeric_text_agree
อำเภอแม่อาย/ตำบลท่าตอน/หน่วยเลือกตั้งที่ 24/สส. 5ทับ18.pdf,24,15.0,ตำบลท่าตอน,อำเภอแม่อาย,462.0,211.0,164.0,46.0,1.0,7.0,นายไกร ดาบธรรม,พลังประชารัฐ,24.0,24,ยี่สิบสี่,numeric_text_agree
อำเภอแม่อาย/ตำบลท่าตอน/หน่วยเลือกตั้งที่ 24/สส. 5ทับ18.pdf,24,15.0,ตำบลท่าตอน,อำเภอแม่อาย,462.0,211.0,164.0,46.0,1.0,8.0,นายพิสิษณ์ อุปนันท์,เศรษฐกิจ,3.0,3,สาม,numeric_text_agree
อำเภอแม่อาย/ตำบลท่าตอน/หน่วยเลือกตั้งที่ 24/สส. 5ทับ18.pdf,24,15.0,ตำบลท่าตอน,อำเภอแม่อาย,462.0,211.0,164.0,46.0,1.0,9.0,นายชาญวิทยายุทธ์ อินทร์แก้ว,ประชากรไทย,1.0,1,หนึ่ง,numeric_text_agree
อำเภอแม่อาย/ตำบลท่าตอน/หน่วยเลือกตั้งที่ 19/สส. 5ทับ18.pdf,19,12.0,ตำบลท่าตอน,อำเภอแม่อาย,461.0,311.0,277.0,34.0,,1.0,นายอดุลย์ บุญใส,ภูมิใจไทย,3.0,3,สาม,numeric_text_agree
อำเภอแม่อาย/ตำบลท่าตอน/หน่วยเลือกตั้งที่ 19/สส. 5ทับ18.pdf,19,12.0,ตำบลท่าตอน,อำเภอแม่อาย,461.0,311.0,277.0,34.0,,2.0,นายสมดุลย์ อุดเจริญ,ประชาชน,20.0,20,ยี่สิบ,numeric_text_agree
อำเภอแม่อาย/ตำบลท่าตอน/หน่วยเลือกตั้งที่ 19/สส. 5ทับ18.pdf,19,12.0,ตำบลท่าตอน,อำเภอแม่อาย,461.0,311.0,277.0,34.0,,3.0,นายเกรียงกมล ศรีมา,ประชาธิปัตย์,5.0,5,ห้า,numeric_text_agree
อำเภอแม่อาย/ตำบลท่าตอน/หน่วยเลือกตั้งที่ 19/สส. 5ทับ18.pdf,19,12.0,ตำบลท่าตอน,อำเภอแม่อาย,461.0,311.0,277.0,34.0,,4.0,นายสันติ ตันสุขหู,ก้าวอิสระ,5.0,5,ห้า,numeric_text_agree
อำเภอแม่อาย/ตำบลท่าตอน/หน่วยเลือกตั้งที่ 19/สส. 5ทับ18.pdf,19,12.0,ตำบลท่าตอน,อำเภอแม่อาย,461.0,311.0,277.0,34.0,,5.0,นายการุณย์ คูเจริญชัยกุล,กล้าธรรม,171.0,171,หนึ่งร้อยเจ็ดสิบเอ็ด,numeric_text_agree
อำเภอแม่อาย/ตำบลท่าตอน/หน่วยเลือกตั้งที่ 19/สส. 5ทับ18.pdf,19,12.0,ตำบลท่าตอน,อำเภอแม่อาย,461.0,311.0,277.0,34.0,,6.0,นายนิธิกร วุฒินันชัย,เพื่อไทย,21.0,21,ยี่สิบเอ็ด,numeric_text_agree
อำเภอแม่อาย/ตำบลท่าตอน/หน่วยเลือกตั้งที่ 19/สส. 5ทับ18.pdf,19,12.0,ตำบลท่าตอน,อำเภอแม่อาย,461.0,311.0,277.0,34.0,,7.0,นายไกร ดาบธรรม,พลังประชารัฐ,48.0,48,สี่สิบแปด,numeric_text_agree
อำเภอแม่อาย/ตำบลท่าตอน/หน่วยเลือกตั้งที่ 19/สส. 5ทับ18.pdf,19,12.0,ตำบลท่าตอน,อำเภอแม่อาย,461.0,311.0,277.0,34.0,,8.0,นายพิสิณฑ์ อุปนันท์,เศรษฐกิจ,1.0,1,หนึ่ง,numeric_text_agree
อำเภอแม่อาย/ตำบลท่าตอน/หน่วยเลือกตั้งที่ 19/สส. 5ทับ18.pdf,19,12.0,ตำบลท่าตอน,อำเภอแม่อาย,461.0,311.0,277.0,34.0,,9.0,นายชาญวิทยายุทธ์ อินทร์แก้ว,ประชากรไทย,3.0,3,สาม,numeric_text_agree
อำเภอแม่อาย/ตำบลท่าตอน/หน่วยเลือกตั้งที่ 20/สส. 5ทับ18.pdf,20,12.0,ตำบลท่าตอน,อำเภอแม่อาย,475.0,342.0,304.0,35.0,3.0,1.0,นายอดุลย์ บุญใส,ภูมิใจไทย,3.0,8,สาม,conflict_prefer_text
อำเภอแม่อาย/ตำบลท่าตอน/หน่วยเลือกตั้งที่ 20/สส. 5ทับ18.pdf,20,12.0,ตำบลท่าตอน,อำเภอแม่อาย,475.0,342.0,304.0,35.0,3.0,2.0,นายสมดุลย์ อุดเจริญ,ประชาชน,22.0,22,ยี่สิบสอง,numeric_text_agree
อำเภอแม่อาย/ตำบลท่าตอน/หน่วยเลือกตั้งที่ 20/สส. 5ทับ18.pdf,20,12.0,ตำบลท่าตอน,อำเภอแม่อาย,475.0,342.0,304.0,35.0,3.0,3.0,นายเกรียงกมล ศรีมา,ประชาธิปัตย์,4.0,4,สี่,numeric_text_agree
อำเภอแม่อาย/ตำบลท่าตอน/หน่วยเลือกตั้งที่ 20/สส. 5ทับ18.pdf,20,12.0,ตำบลท่าตอน,อำเภอแม่อาย,475.0,342.0,304.0,35.0,3.0,4.0,นายสันติ ตันสุหัช,ก้าวอิสระ,8.0,8,แปด,numeric_text_agree
อำเภอแม่อาย/ตำบลท่าตอน/หน่วยเลือกตั้งที่ 20/สส. 5ทับ18.pdf,20,12.0,ตำบลท่าตอน,อำเภอแม่อาย,475.0,342.0,304.0,35.0,3.0,5.0,นายการุณย์ คูเจริญชัยกุล,กล้าธรรม,164.0,164,หนึ่งร้อยหกสิบสี่,numeric_text_agree
อำเภอแม่อาย/ตำบลท่าตอน/หน่วยเลือกตั้งที่ 20/สส. 5ทับ18.pdf,20,12.0,ตำบลท่าตอน,อำเภอแม่อาย,475.0,342.0,304.0,35.0,3.0,6.0,นายนิธิกร วุฒินันชัย,เพื่อไทย,21.0,21,ยี่สิบเอ็ด,numeric_text_agree
อำเภอแม่อาย/ตำบลท่าตอน/หน่วยเลือกตั้งที่ 20/สส. 5ทับ18.pdf,20,12.0,ตำบลท่าตอน,อำเภอแม่อาย,475.0,342.0,304.0,35.0,3.0,7.0,นายไกร ดาบธรรม,พลังประชารัฐ,78.0,78,เจ็ดสิบแปด,numeric_text_agree
อำเภอแม่อาย/ตำบลท่าตอน/หน่วยเลือกตั้งที่ 20/สส. 5ทับ18.pdf,20,12.0,ตำบลท่าตอน,อำเภอแม่อาย,475.0,342.0,304.0,35.0,3.0,8.0,นายพิสัณห์ อุปนันท์,เศรษฐกิจ,2.0,2,สอง,numeric_text_agree
อำเภอแม่อาย/ตำบลท่าตอน/หน่วยเลือกตั้งที่ 20/สส. 5ทับ18.pdf,20,12.0,ตำบลท่าตอน,อำเภอแม่อาย,475.0,342.0,304.0,35.0,3.0,9.0,นายชาญวิทยายุทธ์ อินทร์แก้ว,ประชากรไทย,2.0,2,สอง,numeric_text_agree
อำเภอแม่อาย/ตำบลท่าตอน/หน่วยเลือกตั้งที่ 17/สส. 5ทับ18.pdf,19,11.0,ตำบลท่าตอน,อำเภอแม่อาย,714.0,680.0,261.0,37.0,4.0,1.0,นายอดุลย์ บุญใส,ภูมิใจไทย,8.0,8,แปด,numeric_text_agree
อำเภอแม่อาย/ตำบลท่าตอน/หน่วยเลือกตั้งที่ 17/สส. 5ทับ18.pdf,19,11.0,ตำบลท่าตอน,อำเภอแม่อาย,714.0,680.0,261.0,37.0,4.0,2.0,นายสมดุลย์ อุดเจริญ,ประชาชน,87.0,87,แปดสิบเจ็ด,numeric_text_agree
อำเภอแม่อาย/ตำบลท่าตอน/หน่วยเลือกตั้งที่ 17/สส. 5ทับ18.pdf,19,11.0,ตำบลท่าตอน,อำเภอแม่อาย,714.0,680.0,261.0,37.0,4.0,3.0,นายเกรียงกมล ศรีมา,ประชาธิปัตย์,3.0,3,สาม,numeric_text_agree
อำเภอแม่อาย/ตำบลท่าตอน/หน่วยเลือกตั้งที่ 17/สส. 5ทับ18.pdf,19,11.0,ตำบลท่าตอน,อำเภอแม่อาย,714.0,680.0,261.0,37.0,4.0,4.0,นายสันติ ตันสุขขี,ก้าวอิสระ,6.0,6,หก,numeric_text_agree
อำเภอแม่อาย/ตำบลท่าตอน/หน่วยเลือกตั้งที่ 17/สส. 5ทับ18.pdf,19,11.0,ตำบลท่าตอน,อำเภอแม่อาย,714.0,680.0,261.0,37.0,4.0,5.0,นายการุณย์ คูเจริญชัยกุล,กล้าธรรม,111.0,111,หนึ่งร้อยสิบเอ็ด,numeric_text_agree
อำเภอแม่อาย/ตำบลท่าตอน/หน่วยเลือกตั้งที่ 17/สส. 5ทับ18.pdf,19,11.0,ตำบลท่าตอน,อำเภอแม่อาย,714.0,680.0,261.0,37.0,4.0,6.0,นายนิกร วุฒินันชัย,เพื่อไทย,16.0,16,สิบหก,numeric_text_agree
อำเภอแม่อาย/ตำบลท่าตอน/หน่วยเลือกตั้งที่ 17/สส. 5ทับ18.pdf,19,11.0,ตำบลท่าตอน,อำเภอแม่อาย,714.0,680.0,261.0,37.0,4.0,7.0,นายไกร ดาบธรรม,พลังประชารัฐ,27.0,27,ยี่สิบเจ็ด,numeric_text_agree
อำเภอแม่อาย/ตำบลท่าตอน/หน่วยเลือกตั้งที่ 17/สส. 5ทับ18.pdf,19,11.0,ตำบลท่าตอน,อำเภอแม่อาย,714.0,680.0,261.0,37.0,4.0,8.0,นายพิสิณฑ์ อุปนันท์,เศรษฐกิจ,2.0,2,สอง,numeric_text_agree
อำเภอแม่อาย/ตำบลท่าตอน/หน่วยเลือกตั้งที่ 17/สส. 5ทับ18.pdf,19,11.0,ตำบลท่าตอน,อำเภอแม่อาย,714.0,680.0,261.0,37.0,4.0,9.0,นายชาญวิทยายุทธ อินทร์แก้ว,ประชากรไทย,1.0,1,หนึ่ง,numeric_text_agree
อำเภอแม่อาย/ตำบลท่าตอน/หน่วยเลือกตั้งที่ 18/สส. 5ทับ18.pdf,18,11.0,ตำบลท่าตอน,อำเภอแม่อาย,944.0,376.0,311.0,61.0,4.0,1.0,นายอดุลย์ บุญใส,ภูมิใจไทย,8.0,8,แปด,numeric_text_agree
อำเภอแม่อาย/ตำบลท่าตอน/หน่วยเลือกตั้งที่ 18/สส. 5ทับ18.pdf,18,11.0,ตำบลท่าตอน,อำเภอแม่อาย,944.0,376.0,311.0,61.0,4.0,2.0,นายสมดุลย์ อุดเจริญ,ประชาชน,98.0,98,เก้าสิบแปด,numeric_text_agree
อำเภอแม่อาย/ตำบลท่าตอน/หน่วยเลือกตั้งที่ 18/สส. 5ทับ18.pdf,18,11.0,ตำบลท่าตอน,อำเภอแม่อาย,944.0,376.0,311.0,61.0,4.0,3.0,นายเกรียงกมล ศรีมา,ประชาธิปัตย์,7.0,7,เจ็ด,numeric_text_agree
อำเภอแม่อาย/ตำบลท่าตอน/หน่วยเลือกตั้งที่ 18/สส. 5ทับ18.pdf,18,11.0,ตำบลท่าตอน,อำเภอแม่อาย,944.0,376.0,311.0,61.0,4.0,4.0,นายสันติ ตันสุหัช,ก้าวอิสระ,6.0,6,หก,numeric_text_agree
อำเภอแม่อาย/ตำบลท่าตอน/หน่วยเลือกตั้งที่ 18/สส. 5ทับ18.pdf,18,11.0,ตำบลท่าตอน,อำเภอแม่อาย,944.0,376.0,311.0,61.0,4.0,5.0,นายการุณย์ คูเจริญชัยกุล,กล้าธรรม,131.0,131,หนึ่งร้อยสามสิบเอ็ด,numeric_text_agree
อำเภอแม่อาย/ตำบลท่าตอน/หน่วยเลือกตั้งที่ 18/สส. 5ทับ18.pdf,18,11.0,ตำบลท่าตอน,อำเภอแม่อาย,944.0,376.0,311.0,61.0,4.0,6.0,นายนิธิกร วุฒินันชัย,เพื่อไทย,21.0,21,ยี่สิบเอ็ด,numeric_text_agree
อำเภอแม่อาย/ตำบลท่าตอน/หน่วยเลือกตั้งที่ 18/สส. 5ทับ18.pdf,18,11.0,ตำบลท่าตอน,อำเภอแม่อาย,944.0,376.0,311.0,61.0,4.0,7.0,นายไกร ดาบธรรม,พลังประชารัฐ,36.0,36,สามสิบหก,numeric_text_agree
อำเภอแม่อาย/ตำบลท่าตอน/หน่วยเลือกตั้งที่ 18/สส. 5ทับ18.pdf,18,11.0,ตำบลท่าตอน,อำเภอแม่อาย,944.0,376.0,311.0,61.0,4.0,8.0,นายพิสิณห์ อุปนันท์,เศรษฐกิจ,1.0,1,หนึ่ง,numeric_text_agree
อำเภอแม่อาย/ตำบลท่าตอน/หน่วยเลือกตั้งที่ 18/สส. 5ทับ18.pdf,18,11.0,ตำบลท่าตอน,อำเภอแม่อาย,944.0,376.0,311.0,61.0,4.0,9.0,นายชาญวิทยายุทธ์ อินทร์แก้ว,ประชากรไทย,3.0,3,สาม,numeric_text_agree
อำเภอแม่อาย/ตำบลท่าตอน/หน่วยเลือกตั้งที่ 2/สส. 5ทับ18.pdf,2,2.0,ตำบลท่าตอน,อำเภอแม่อาย,352.0,234.0,219.0,9.0,6.0,1.0,นายอดุลย์ บุญใส,ภูมิใจไทย,6.0,6,หก,numeric_text_agree
อำเภอแม่อาย/ตำบลท่าตอน/หน่วยเลือกตั้งที่ 2/สส. 5ทับ18.pdf,2,2.0,ตำบลท่าตอน,อำเภอแม่อาย,352.0,234.0,219.0,9.0,6.0,2.0,นายสมดุลย์ อุดเจริญ,ประชาชน,32.0,32,สามสิบสอง,numeric_text_agree
อำเภอแม่อาย/ตำบลท่าตอน/หน่วยเลือกตั้งที่ 2/สส. 5ทับ18.pdf,2,2.0,ตำบลท่าตอน,อำเภอแม่อาย,352.0,234.0,219.0,9.0,6.0,3.0,นายเกรียงกมล ศรีมา,ประชาธิปัตย์,1.0,1,หนึ่ง,numeric_text_agree
อำเภอแม่อาย/ตำบลท่าตอน/หน่วยเลือกตั้งที่ 2/สส. 5ทับ18.pdf,2,2.0,ตำบลท่าตอน,อำเภอแม่อาย,352.0,234.0,219.0,9.0,6.0,4.0,นายสันติ ตันสุหัช,ก้าวอิสระ,,,,missing
อำเภอแม่อาย/ตำบลท่าตอน/หน่วยเลือกตั้งที่ 2/สส. 5ทับ18.pdf,2,2.0,ตำบลท่าตอน,อำเภอแม่อาย,352.0,234.0,219.0,9.0,6.0,5.0,นายการุณย์ คูเจริญชัยกุล,กล้าธรรม,96.0,96,เก้าสิบหก,numeric_text_agree
อำเภอแม่อาย/ตำบลท่าตอน/หน่วยเลือกตั้งที่ 2/สส. 5ทับ18.pdf,2,2.0,ตำบลท่าตอน,อำเภอแม่อาย,352.0,234.0,219.0,9.0,6.0,6.0,นายนิธร วุฒินันชัย,เพื่อไทย,18.0,18,สิบแปด,numeric_text_agree
อำเภอแม่อาย/ตำบลท่าตอน/หน่วยเลือกตั้งที่ 2/สส. 5ทับ18.pdf,2,2.0,ตำบลท่าตอน,อำเภอแม่อาย,352.0,234.0,219.0,9.0,6.0,7.0,นายไกร ดาบธรรม,พลังประชารัฐ,66.0,66,หกสิบหก,numeric_text_agree
อำเภอแม่อาย/ตำบลท่าตอน/หน่วยเลือกตั้งที่ 2/สส. 5ทับ18.pdf,2,2.0,ตำบลท่าตอน,อำเภอแม่อาย,352.0,234.0,219.0,9.0,6.0,8.0,นายพิสิณห์ อุปนันท์,เศรษฐกิจ,,,,missing
อำเภอแม่อาย/ตำบลท่าตอน/หน่วยเลือกตั้งที่ 2/สส. 5ทับ18.pdf,2,2.0,ตำบลท่าตอน,อำเภอแม่อาย,352.0,234.0,219.0,9.0,6.0,9.0,นายชาญวิทยายุทธ อินทร์แก้ว,ประชากรไทย,,,,missing
อำเภอแม่อาย/ตำบลท่าตอน/หน่วยเลือกตั้งที่ 14/สส. 5ทับ18.pdf,14,9.0,ตำบลท่าตอน,อำเภอแม่อาย,692.0,338.0,286.0,48.0,4.0,1.0,นายอดุลย์ บุญใส,ภูมิใจไทย,11.0,11,สิบเอ็ด,numeric_text_agree
อำเภอแม่อาย/ตำบลท่าตอน/หน่วยเลือกตั้งที่ 14/สส. 5ทับ18.pdf,14,9.0,ตำบลท่าตอน,อำเภอแม่อาย,692.0,338.0,286.0,48.0,4.0,2.0,นายสมดุลย์ อุดเจริญ,ประชาชน,110.0,110,หนึ่งร้อยสิบ,numeric_text_agree
อำเภอแม่อาย/ตำบลท่าตอน/หน่วยเลือกตั้งที่ 14/สส. 5ทับ18.pdf,14,9.0,ตำบลท่าตอน,อำเภอแม่อาย,692.0,338.0,286.0,48.0,4.0,3.0,นายเกรียงกมล ศรีมา,ประชาธิปัตย์,1.0,1,หนึ่ง,numeric_text_agree
อำเภอแม่อาย/ตำบลท่าตอน/หน่วยเลือกตั้งที่ 14/สส. 5ทับ18.pdf,14,9.0,ตำบลท่าตอน,อำเภอแม่อาย,692.0,338.0,286.0,48.0,4.0,4.0,นายสันติ ตันสุขี,ก้าวอิสระ,6.0,6,หก,numeric_text_agree
อำเภอแม่อาย/ตำบลท่าตอน/หน่วยเลือกตั้งที่ 14/สส. 5ทับ18.pdf,14,9.0,ตำบลท่าตอน,อำเภอแม่อาย,692.0,338.0,286.0,48.0,4.0,5.0,นายกาญจน์ คูเจริญชัยกุล,กล้าธรรม,68.0,68,หกสิบแปด,numeric_text_agree
อำเภอแม่อาย/ตำบลท่าตอน/หน่วยเลือกตั้งที่ 14/สส. 5ทับ18.pdf,14,9.0,ตำบลท่าตอน,อำเภอแม่อาย,692.0,338.0,286.0,48.0,4.0,6.0,นายนิธิกร วุฒินันชัย,เพื่อไทย,42.0,42,สี่สิบสอง,numeric_text_agree
อำเภอแม่อาย/ตำบลท่าตอน/หน่วยเลือกตั้งที่ 14/สส. 5ทับ18.pdf,14,9.0,ตำบลท่าตอน,อำเภอแม่อาย,692.0,338.0,286.0,48.0,4.0,7.0,นายไกร ดาบธรรม,พลังประชารัฐ,39.0,39,สามสิบเก้า,numeric_text_agree
อำเภอแม่อาย/ตำบลท่าตอน/หน่วยเลือกตั้งที่ 14/สส. 5ทับ18.pdf,14,9.0,ตำบลท่าตอน,อำเภอแม่อาย,692.0,338.0,286.0,48.0,4.0,8.0,นายพิสิณฑ์ อุปนันท์,เศรษฐกิจ,2.0,2,สอง,numeric_text_agree
อำเภอแม่อาย/ตำบลท่าตอน/หน่วยเลือกตั้งที่ 14/สส. 5ทับ18.pdf,14,9.0,ตำบลท่าตอน,อำเภอแม่อาย,692.0,338.0,286.0,48.0,4.0,9.0,นายชาญวิทยายุทธ อินทร์แก้ว,ประชากรไทย,2.0,2,สอง,numeric_text_agree
อำเภอแม่อาย/ตำบลท่าตอน/หน่วยเลือกตั้งที่ 12/สส. 5ทับ18.pdf,12,8.0,ตำบลท่าตอน,อำเภอแม่อาย,507.0,280.0,260.0,16.0,4.0,1.0,นายอดุลย์ บุญใส,ภูมิใจไทย,3.0,3,สาม,numeric_text_agree
อำเภอแม่อาย/ตำบลท่าตอน/หน่วยเลือกตั้งที่ 12/สส. 5ทับ18.pdf,12,8.0,ตำบลท่าตอน,อำเภอแม่อาย,507.0,280.0,260.0,16.0,4.0,2.0,นายสมดุลย์ อุดเจริญ,ประชาชน,68.0,68,หกสิบแปด,numeric_text_agree
อำเภอแม่อาย/ตำบลท่าตอน/หน่วยเลือกตั้งที่ 12/สส. 5ทับ18.pdf,12,8.0,ตำบลท่าตอน,อำเภอแม่อาย,507.0,280.0,260.0,16.0,4.0,3.0,นายเกรียงกมล ศรีมา,ประชาธิปัตย์,0.0,0,ศูนย์,numeric_only
อำเภอแม่อาย/ตำบลท่าตอน/หน่วยเลือกตั้งที่ 12/สส. 5ทับ18.pdf,12,8.0,ตำบลท่าตอน,อำเภอแม่อาย,507.0,280.0,260.0,16.0,4.0,4.0,นายสันติ ตันสุขัง,ก้าวอิสระ,3.0,3,สาม,numeric_text_agree
อำเภอแม่อาย/ตำบลท่าตอน/หน่วยเลือกตั้งที่ 12/สส. 5ทับ18.pdf,12,8.0,ตำบลท่าตอน,อำเภอแม่อาย,507.0,280.0,260.0,16.0,4.0,5.0,นายการุณย์ คูเจริญชัยกุล,กล้าธรรม,147.0,147,หนึ่งร้อยสี่สิบเจ็ด,numeric_text_agree
อำเภอแม่อาย/ตำบลท่าตอน/หน่วยเลือกตั้งที่ 12/สส. 5ทับ18.pdf,12,8.0,ตำบลท่าตอน,อำเภอแม่อาย,507.0,280.0,260.0,16.0,4.0,6.0,นายนิธิกร วุฒินันชัย,เพื่อไทย,11.0,11,สิบเอ็ด,numeric_text_agree
อำเภอแม่อาย/ตำบลท่าตอน/หน่วยเลือกตั้งที่ 12/สส. 5ทับ18.pdf,12,8.0,ตำบลท่าตอน,อำเภอแม่อาย,507.0,280.0,260.0,16.0,4.0,7.0,นายไกร ดาบธรรม,พลังประชารัฐ,25.0,25,ยี่สิบห้า,numeric_text_agree
อำเภอแม่อาย/ตำบลท่าตอน/หน่วยเลือกตั้งที่ 12/สส. 5ทับ18.pdf,12,8.0,ตำบลท่าตอน,อำเภอแม่อาย,507.0,280.0,260.0,16.0,4.0,8.0,นายพิสิณห์ อุปนันท์,เศรษฐกิจ,2.0,2,สอง,numeric_text_agree
อำเภอแม่อาย/ตำบลท่าตอน/หน่วยเลือกตั้งที่ 12/สส. 5ทับ18.pdf,12,8.0,ตำบลท่าตอน,อำเภอแม่อาย,507.0,280.0,260.0,16.0,4.0,9.0,นายชาญวิทยายุทธ์ อินทร์แก้ว,ประชากรไทย,1.0,1,หนึ่ง,numeric_text_agree
อำเภอแม่อาย/ตำบลท่าตอน/หน่วยเลือกตั้งที่ 13/สส. 5ทับ18.pdf,13,9.0,ตำบลท่าตอน,อำเภอแม่อาย,657.0,393.0,366.0,18.0,9.0,1.0,นายอดุลย์ บุญใส,ภูมิใจไทย,5.0,5,ห้าคะแนน,numeric_text_agree
อำเภอแม่อาย/ตำบลท่าตอน/หน่วยเลือกตั้งที่ 13/สส. 5ทับ18.pdf,13,9.0,ตำบลท่าตอน,อำเภอแม่อาย,657.0,393.0,366.0,18.0,9.0,2.0,นายสมดุลย์ อุดเจริญ,ประชาชน,112.0,112,หนึ่งร้อยสิบสองคะแนน,numeric_text_agree
อำเภอแม่อาย/ตำบลท่าตอน/หน่วยเลือกตั้งที่ 13/สส. 5ทับ18.pdf,13,9.0,ตำบลท่าตอน,อำเภอแม่อาย,657.0,393.0,366.0,18.0,9.0,3.0,นายเกรียงกมล ศรีมา,ประชาธิปัตย์,3.0,3,สามคะแนน,numeric_text_agree
อำเภอแม่อาย/ตำบลท่าตอน/หน่วยเลือกตั้งที่ 13/สส. 5ทับ18.pdf,13,9.0,ตำบลท่าตอน,อำเภอแม่อาย,657.0,393.0,366.0,18.0,9.0,4.0,นายสันติ ตันหทัย,ก้าวอิสระ,4.0,4,สี่คะแนน,numeric_text_agree
อำเภอแม่อาย/ตำบลท่าตอน/หน่วยเลือกตั้งที่ 13/สส. 5ทับ18.pdf,13,9.0,ตำบลท่าตอน,อำเภอแม่อาย,657.0,393.0,366.0,18.0,9.0,5.0,นายการุณย์ คูเจริญชัยกุล,กล้าธรรม,18.0,18,สิบแปดคะแนน,numeric_text_agree
อำเภอแม่อาย/ตำบลท่าตอน/หน่วยเลือกตั้งที่ 13/สส. 5ทับ18.pdf,13,9.0,ตำบลท่าตอน,อำเภอแม่อาย,657.0,393.0,366.0,18.0,9.0,6.0,นายนิธิกร วุฒินันชัย,เพื่อไทย,147.0,147,หนึ่งร้อยสี่สิบเจ็ดคะแนน,numeric_text_agree
อำเภอแม่อาย/ตำบลท่าตอน/หน่วยเลือกตั้งที่ 13/สส. 5ทับ18.pdf,13,9.0,ตำบลท่าตอน,อำเภอแม่อาย,657.0,393.0,366.0,18.0,9.0,7.0,นายไกร ดาบธรรม,พลังประชารัฐ,66.0,66,หกสิบหกคะแนน,numeric_text_agree
อำเภอแม่อาย/ตำบลท่าตอน/หน่วยเลือกตั้งที่ 13/สส. 5ทับ18.pdf,13,9.0,ตำบลท่าตอน,อำเภอแม่อาย,657.0,393.0,366.0,18.0,9.0,8.0,นายพิสิณห์ อุปนันท์,เศรษฐกิจ,4.0,4,สี่คะแนน,numeric_text_agree
อำเภอแม่อาย/ตำบลท่าตอน/หน่วยเลือกตั้งที่ 13/สส. 5ทับ18.pdf,13,9.0,ตำบลท่าตอน,อำเภอแม่อาย,657.0,393.0,366.0,18.0,9.0,9.0,นายชาญวิทยายุทธ อินทร์แก้ว,ประชากรไทย,7.0,7,เจ็ดคะแนน,numeric_text_agree
อำเภอแม่อาย/ตำบลท่าตอน/หน่วยเลือกตั้งที่ 15/สส. 5ทับ18.pdf,15,10.0,ตำบลท่าตอน,อำเภอแม่อาย,512.0,238.0,214.0,24.0,,1.0,นายอดุลย์ บุญใส,ภูมิใจไทย,1.0,1,หนึ่ง,numeric_text_agree
อำเภอแม่อาย/ตำบลท่าตอน/หน่วยเลือกตั้งที่ 15/สส. 5ทับ18.pdf,15,10.0,ตำบลท่าตอน,อำเภอแม่อาย,512.0,238.0,214.0,24.0,,2.0,นายสมดุลย์ อุดเจริญ,ประชาชน,41.0,41,สี่สิบเอ็ด,numeric_text_agree
อำเภอแม่อาย/ตำบลท่าตอน/หน่วยเลือกตั้งที่ 15/สส. 5ทับ18.pdf,15,10.0,ตำบลท่าตอน,อำเภอแม่อาย,512.0,238.0,214.0,24.0,,3.0,นายเกรียงกมล ศรีมา,ประชาธิปัตย์,0.0,0,-,numeric_only
อำเภอแม่อาย/ตำบลท่าตอน/หน่วยเลือกตั้งที่ 15/สส. 5ทับ18.pdf,15,10.0,ตำบลท่าตอน,อำเภอแม่อาย,512.0,238.0,214.0,24.0,,4.0,นายสันติ ตันสุข,ก้าวอิสระ,2.0,2,สอง,numeric_text_agree
อำเภอแม่อาย/ตำบลท่าตอน/หน่วยเลือกตั้งที่ 15/สส. 5ทับ18.pdf,15,10.0,ตำบลท่าตอน,อำเภอแม่อาย,512.0,238.0,214.0,24.0,,5.0,นายการุณย์ คูเจริญชัยกุล,กล้าธรรม,129.0,129,หนึ่งร้อยยี่สิบเก้า,numeric_text_agree
อำเภอแม่อาย/ตำบลท่าตอน/หน่วยเลือกตั้งที่ 15/สส. 5ทับ18.pdf,15,10.0,ตำบลท่าตอน,อำเภอแม่อาย,512.0,238.0,214.0,24.0,,6.0,นายนิธิกร วุฒินันชัย,เพื่อไทย,5.0,5,ห้า,numeric_text_agree
อำเภอแม่อาย/ตำบลท่าตอน/หน่วยเลือกตั้งที่ 15/สส. 5ทับ18.pdf,15,10.0,ตำบลท่าตอน,อำเภอแม่อาย,512.0,238.0,214.0,24.0,,7.0,นายไกร ดาบธรรม,พลังประชารัฐ,34.0,34,สามสิบสี่,numeric_text_agree
อำเภอแม่อาย/ตำบลท่าตอน/หน่วยเลือกตั้งที่ 15/สส. 5ทับ18.pdf,15,10.0,ตำบลท่าตอน,อำเภอแม่อาย,512.0,238.0,214.0,24.0,,8.0,นายพิสิษณ์ อุปนันท์,เศรษฐกิจ,1.0,1,หนึ่ง,numeric_text_agree
อำเภอแม่อาย/ตำบลท่าตอน/หน่วยเลือกตั้งที่ 15/สส. 5ทับ18.pdf,15,10.0,ตำบลท่าตอน,อำเภอแม่อาย,512.0,238.0,214.0,24.0,,9.0,นายชาญวิทยายุทธ์ อินทร์แก้ว,ประชากรไทย,1.0,1,หนึ่ง,numeric_text_agree
อำเภอแม่อาย/ตำบลท่าตอน/หน่วยเลือกตั้งที่ 11/สส. 5ทับ18.pdf,11,8.0,ตำบลท่าตอน,อำเภอแม่อาย,490.0,262.0,242.0,17.0,3.0,1.0,นายอดุลย์ บุญใส,ภูมิใจไทย,4.0,4,สี่คน,numeric_text_agree
อำเภอแม่อาย/ตำบลท่าตอน/หน่วยเลือกตั้งที่ 11/สส. 5ทับ18.pdf,11,8.0,ตำบลท่าตอน,อำเภอแม่อาย,490.0,262.0,242.0,17.0,3.0,2.0,นายสมดุลย์ อุตเจริญ,ประชาชน,35.0,35,สามสิบห้าคน,numeric_text_agree
อำเภอแม่อาย/ตำบลท่าตอน/หน่วยเลือกตั้งที่ 11/สส. 5ทับ18.pdf,11,8.0,ตำบลท่าตอน,อำเภอแม่อาย,490.0,262.0,242.0,17.0,3.0,3.0,นายเกรียงกมล ศรีมา,ประชาธิปัตย์,1.0,1,หนึ่งคน,numeric_text_agree
อำเภอแม่อาย/ตำบลท่าตอน/หน่วยเลือกตั้งที่ 11/สส. 5ทับ18.pdf,11,8.0,ตำบลท่าตอน,อำเภอแม่อาย,490.0,262.0,242.0,17.0,3.0,4.0,นายสันติ ตันสุขข์,ก้าวอิสระ,1.0,1,หนึ่งคน,numeric_text_agree
อำเภอแม่อาย/ตำบลท่าตอน/หน่วยเลือกตั้งที่ 11/สส. 5ทับ18.pdf,11,8.0,ตำบลท่าตอน,อำเภอแม่อาย,490.0,262.0,242.0,17.0,3.0,5.0,นายการุณย์ คูเจริญชัยกุล,กล้าธรรม,139.0,139,หนึ่งร้อยสามสิบเก้าคน,numeric_text_agree
อำเภอแม่อาย/ตำบลท่าตอน/หน่วยเลือกตั้งที่ 11/สส. 5ทับ18.pdf,11,8.0,ตำบลท่าตอน,อำเภอแม่อาย,490.0,262.0,242.0,17.0,3.0,6.0,นายนิธิกร วุฒินันชัย,เพื่อไทย,23.0,23,ยี่สิบสามคน,numeric_text_agree
อำเภอแม่อาย/ตำบลท่าตอน/หน่วยเลือกตั้งที่ 11/สส. 5ทับ18.pdf,11,8.0,ตำบลท่าตอน,อำเภอแม่อาย,490.0,262.0,242.0,17.0,3.0,7.0,นายไกร ดาบธรรม,พลังประชารัฐ,37.0,37,สามสิบเจ็ดคน,numeric_text_agree
อำเภอแม่อาย/ตำบลท่าตอน/หน่วยเลือกตั้งที่ 11/สส. 5ทับ18.pdf,11,8.0,ตำบลท่าตอน,อำเภอแม่อาย,490.0,262.0,242.0,17.0,3.0,8.0,นายพิสิษฐ์ อุปนันท์,เศรษฐกิจ,1.0,1,หนึ่งคน,numeric_text_agree
อำเภอแม่อาย/ตำบลท่าตอน/หน่วยเลือกตั้งที่ 11/สส. 5ทับ18.pdf,11,8.0,ตำบลท่าตอน,อำเภอแม่อาย,490.0,262.0,242.0,17.0,3.0,9.0,นายชาญวิทยายุทธ อินทร์แก้ว,ประชากรไทย,1.0,1,หนึ่งคน,numeric_text_agree
อำเภอแม่อาย/ตำบลท่าตอน/หน่วยเลือกตั้งที่ 10/สส. 5ทับ18.pdf,10,7.0,ตำบลท่าตอน,อำเภอแม่อาย,367.0,256.0,240.0,8.0,8.0,1.0,นายอดุลย์ บุญใส,ภูมิใจไทย,2.0,2,สอง,numeric_text_agree
อำเภอแม่อาย/ตำบลท่าตอน/หน่วยเลือกตั้งที่ 10/สส. 5ทับ18.pdf,10,7.0,ตำบลท่าตอน,อำเภอแม่อาย,367.0,256.0,240.0,8.0,8.0,2.0,นายสมดุลย์ อุดเจริญ,ประชาชน,65.0,65,หกสิบห้า,numeric_text_agree
อำเภอแม่อาย/ตำบลท่าตอน/หน่วยเลือกตั้งที่ 10/สส. 5ทับ18.pdf,10,7.0,ตำบลท่าตอน,อำเภอแม่อาย,367.0,256.0,240.0,8.0,8.0,3.0,นายเกรียงกมล ศรีมา,ประชาธิปัตย์,1.0,1,หนึ่ง,numeric_text_agree
อำเภอแม่อาย/ตำบลท่าตอน/หน่วยเลือกตั้งที่ 10/สส. 5ทับ18.pdf,10,7.0,ตำบลท่าตอน,อำเภอแม่อาย,367.0,256.0,240.0,8.0,8.0,4.0,นายสันติ ตันสุขี,ก้าวอิสระ,1.0,1,หนึ่ง,numeric_text_agree
อำเภอแม่อาย/ตำบลท่าตอน/หน่วยเลือกตั้งที่ 10/สส. 5ทับ18.pdf,10,7.0,ตำบลท่าตอน,อำเภอแม่อาย,367.0,256.0,240.0,8.0,8.0,5.0,นายการุณย์ คูเจริญชัยกุล,กล้าธรรม,90.0,90,เก้าสิบ,numeric_text_agree
อำเภอแม่อาย/ตำบลท่าตอน/หน่วยเลือกตั้งที่ 10/สส. 5ทับ18.pdf,10,7.0,ตำบลท่าตอน,อำเภอแม่อาย,367.0,256.0,240.0,8.0,8.0,6.0,นายนิกร วุฒินันชัย,เพื่อไทย,15.0,15,สิบห้า,numeric_text_agree
อำเภอแม่อาย/ตำบลท่าตอน/หน่วยเลือกตั้งที่ 10/สส. 5ทับ18.pdf,10,7.0,ตำบลท่าตอน,อำเภอแม่อาย,367.0,256.0,240.0,8.0,8.0,7.0,นายไกร ดาบธรรม,พลังประชารัฐ,65.0,65,หกสิบห้า,numeric_text_agree
อำเภอแม่อาย/ตำบลท่าตอน/หน่วยเลือกตั้งที่ 10/สส. 5ทับ18.pdf,10,7.0,ตำบลท่าตอน,อำเภอแม่อาย,367.0,256.0,240.0,8.0,8.0,8.0,นายพิสัณฑ์ อุปนันท์,เศรษฐกิจ,,,,missing
อำเภอแม่อาย/ตำบลท่าตอน/หน่วยเลือกตั้งที่ 10/สส. 5ทับ18.pdf,10,7.0,ตำบลท่าตอน,อำเภอแม่อาย,367.0,256.0,240.0,8.0,8.0,9.0,นายชาญวิทยายุทธ์ อินทร์แก้ว,ประชากรไทย,1.0,1,หนึ่ง,numeric_text_agree
อำเภอแม่อาย/ตำบลท่าตอน/หน่วยเลือกตั้งที่ 1/สส. 5ทับ18.pdf,1,1.0,ตำบลท่าตอน,อำเภอแม่อาย,665.0,452.0,416.0,23.0,13.0,1.0,นายอดุลย์ บุญใส,ภูมิใจไทย,16.0,16,สิบหก,numeric_text_agree
อำเภอแม่อาย/ตำบลท่าตอน/หน่วยเลือกตั้งที่ 1/สส. 5ทับ18.pdf,1,1.0,ตำบลท่าตอน,อำเภอแม่อาย,665.0,452.0,416.0,23.0,13.0,2.0,นายสมดุลย์ อุดเจริญ,ประชาชน,64.0,64,หกสิบสี่,numeric_text_agree
อำเภอแม่อาย/ตำบลท่าตอน/หน่วยเลือกตั้งที่ 1/สส. 5ทับ18.pdf,1,1.0,ตำบลท่าตอน,อำเภอแม่อาย,665.0,452.0,416.0,23.0,13.0,3.0,นายเกรียงกมล ศรีมา,ประชาธิปัตย์,3.0,3,สาม,numeric_text_agree
อำเภอแม่อาย/ตำบลท่าตอน/หน่วยเลือกตั้งที่ 1/สส. 5ทับ18.pdf,1,1.0,ตำบลท่าตอน,อำเภอแม่อาย,665.0,452.0,416.0,23.0,13.0,4.0,นายสันติ ตันสุขขี,ก้าวอิสระ,13.0,13,สิบสาม,numeric_text_agree
อำเภอแม่อาย/ตำบลท่าตอน/หน่วยเลือกตั้งที่ 1/สส. 5ทับ18.pdf,1,1.0,ตำบลท่าตอน,อำเภอแม่อาย,665.0,452.0,416.0,23.0,13.0,5.0,นายการุณย์ คูเจริญชัยกุล,กล้าธรรม,184.0,184,หนึ่งร้อยแปดสิบสี่,numeric_text_agree
อำเภอแม่อาย/ตำบลท่าตอน/หน่วยเลือกตั้งที่ 1/สส. 5ทับ18.pdf,1,1.0,ตำบลท่าตอน,อำเภอแม่อาย,665.0,452.0,416.0,23.0,13.0,6.0,นายนิธิกร วุฒินันชัย,เพื่อไทย,53.0,53,ห้าสิบสาม,numeric_text_agree
อำเภอแม่อาย/ตำบลท่าตอน/หน่วยเลือกตั้งที่ 1/สส. 5ทับ18.pdf,1,1.0,ตำบลท่าตอน,อำเภอแม่อาย,665.0,452.0,416.0,23.0,13.0,7.0,นายไกร ดาบธรรม,พลังประชารัฐ,73.0,73,เจ็ดสิบสาม,numeric_text_agree
อำเภอแม่อาย/ตำบลท่าตอน/หน่วยเลือกตั้งที่ 1/สส. 5ทับ18.pdf,1,1.0,ตำบลท่าตอน,อำเภอแม่อาย,665.0,452.0,416.0,23.0,13.0,8.0,นายพิสิณฑ์ อุปนันท์,เศรษฐกิจ,4.0,4,สี่,numeric_text_agree
อำเภอแม่อาย/ตำบลท่าตอน/หน่วยเลือกตั้งที่ 1/สส. 5ทับ18.pdf,1,1.0,ตำบลท่าตอน,อำเภอแม่อาย,665.0,452.0,416.0,23.0,13.0,9.0,นายชาญวิทยายุทธ์ อินทร์แก้ว,ประชากรไทย,6.0,6,หก,numeric_text_agree
อำเภอแม่อาย/ตำบลสันต้นหมื้อ/หน่วยเลือกตั้งที่ 9/สส. 5ทับ18.pdf,9,8.0,ตำบลสันต้นหมื้อ,อำเภอแม่อาย,396.0,278.0,249.0,12.0,17.0,1.0,นายอดุลย์ บุญใส,ภูมิใจไทย,6.0,6,หก,numeric_text_agree
อำเภอแม่อาย/ตำบลสันต้นหมื้อ/หน่วยเลือกตั้งที่ 9/สส. 5ทับ18.pdf,9,8.0,ตำบลสันต้นหมื้อ,อำเภอแม่อาย,396.0,278.0,249.0,12.0,17.0,2.0,นายสมดุลย์ อุดเจริญ,ประชาชน,44.0,44,สี่สิบสี่,numeric_text_agree
อำเภอแม่อาย/ตำบลสันต้นหมื้อ/หน่วยเลือกตั้งที่ 9/สส. 5ทับ18.pdf,9,8.0,ตำบลสันต้นหมื้อ,อำเภอแม่อาย,396.0,278.0,249.0,12.0,17.0,3.0,นายเกรียงกมล ศรีมา,ประชาธิปัตย์,,,,missing
อำเภอแม่อาย/ตำบลสันต้นหมื้อ/หน่วยเลือกตั้งที่ 9/สส. 5ทับ18.pdf,9,8.0,ตำบลสันต้นหมื้อ,อำเภอแม่อาย,396.0,278.0,249.0,12.0,17.0,4.0,นายสันติ ตันสุขขี,ก้าวอิสระ,1.0,1,หนึ่ง,numeric_text_agree
อำเภอแม่อาย/ตำบลสันต้นหมื้อ/หน่วยเลือกตั้งที่ 9/สส. 5ทับ18.pdf,9,8.0,ตำบลสันต้นหมื้อ,อำเภอแม่อาย,396.0,278.0,249.0,12.0,17.0,5.0,นายกาญจน์ คูเจริญชัยกุล,กล้าธรรม,104.0,104,หนึ่งร้อยสี่,numeric_text_agree
อำเภอแม่อาย/ตำบลสันต้นหมื้อ/หน่วยเลือกตั้งที่ 9/สส. 5ทับ18.pdf,9,8.0,ตำบลสันต้นหมื้อ,อำเภอแม่อาย,396.0,278.0,249.0,12.0,17.0,6.0,นายนิธิกร วุฒินันชัย,เพื่อไทย,60.0,60,หกสิบ,numeric_text_agree
อำเภอแม่อาย/ตำบลสันต้นหมื้อ/หน่วยเลือกตั้งที่ 9/สส. 5ทับ18.pdf,9,8.0,ตำบลสันต้นหมื้อ,อำเภอแม่อาย,396.0,278.0,249.0,12.0,17.0,7.0,นายไกร ดาบธรรม,พลังประชารัฐ,31.0,31,สามสิบเอ็ด,numeric_text_agree
อำเภอแม่อาย/ตำบลสันต้นหมื้อ/หน่วยเลือกตั้งที่ 9/สส. 5ทับ18.pdf,9,8.0,ตำบลสันต้นหมื้อ,อำเภอแม่อาย,396.0,278.0,249.0,12.0,17.0,8.0,นายพิสัณห์ อุปนันท์,เศรษฐกิจ,2.0,2,สอง,numeric_text_agree
อำเภอแม่อาย/ตำบลสันต้นหมื้อ/หน่วยเลือกตั้งที่ 9/สส. 5ทับ18.pdf,9,8.0,ตำบลสันต้นหมื้อ,อำเภอแม่อาย,396.0,278.0,249.0,12.0,17.0,9.0,นายชาญวิทยายุทธ อินทร์แก้ว,ประชากรไทย,1.0,1,หนึ่ง,numeric_text_agree
อำเภอแม่อาย/ตำบลสันต้นหมื้อ/หน่วยเลือกตั้งที่ 5/สส. 5ทับ18.pdf,5,5.0,ตำบลสันต้นหมื้อ,อำเภอแม่อาย,512.0,351.0,309.0,30.0,12.0,1.0,นายอดุลย์ บุญใส,ภูมิใจไทย,5.0,5,ห้า,numeric_text_agree
อำเภอแม่อาย/ตำบลสันต้นหมื้อ/หน่วยเลือกตั้งที่ 5/สส. 5ทับ18.pdf,5,5.0,ตำบลสันต้นหมื้อ,อำเภอแม่อาย,512.0,351.0,309.0,30.0,12.0,2.0,นายสมดุลย์ อุดเจริญ,ประชาชน,59.0,59,ห้าสิบเก้า,numeric_text_agree
อำเภอแม่อาย/ตำบลสันต้นหมื้อ/หน่วยเลือกตั้งที่ 5/สส. 5ทับ18.pdf,5,5.0,ตำบลสันต้นหมื้อ,อำเภอแม่อาย,512.0,351.0,309.0,30.0,12.0,3.0,นายเกรียงกมล ศรีมา,ประชาธิปัตย์,2.0,2,สอง,numeric_text_agree
อำเภอแม่อาย/ตำบลสันต้นหมื้อ/หน่วยเลือกตั้งที่ 5/สส. 5ทับ18.pdf,5,5.0,ตำบลสันต้นหมื้อ,อำเภอแม่อาย,512.0,351.0,309.0,30.0,12.0,4.0,นายสันติ ตันสุขิช,ก้าวอิสระ,0.0,0,ศูนย์,numeric_only
อำเภอแม่อาย/ตำบลสันต้นหมื้อ/หน่วยเลือกตั้งที่ 5/สส. 5ทับ18.pdf,5,5.0,ตำบลสันต้นหมื้อ,อำเภอแม่อาย,512.0,351.0,309.0,30.0,12.0,5.0,นายกาญจน์ คูเจริญชัยกุล,กล้าธรรม,90.0,90,เก้าสิบ,numeric_text_agree
อำเภอแม่อาย/ตำบลสันต้นหมื้อ/หน่วยเลือกตั้งที่ 5/สส. 5ทับ18.pdf,5,5.0,ตำบลสันต้นหมื้อ,อำเภอแม่อาย,512.0,351.0,309.0,30.0,12.0,6.0,นายนิกร วุฒินันชัย,เพื่อไทย,86.0,86,แปดสิบหก,numeric_text_agree
อำเภอแม่อาย/ตำบลสันต้นหมื้อ/หน่วยเลือกตั้งที่ 5/สส. 5ทับ18.pdf,5,5.0,ตำบลสันต้นหมื้อ,อำเภอแม่อาย,512.0,351.0,309.0,30.0,12.0,7.0,นายไกร ดาบธรรม,พลังประชารัฐ,54.0,54,ห้าสิบสี่,numeric_text_agree
อำเภอแม่อาย/ตำบลสันต้นหมื้อ/หน่วยเลือกตั้งที่ 5/สส. 5ทับ18.pdf,5,5.0,ตำบลสันต้นหมื้อ,อำเภอแม่อาย,512.0,351.0,309.0,30.0,12.0,8.0,นายพิสิณฑ์ อุปนันท์,เศรษฐกิจ,3.0,3,สาม,numeric_text_agree
อำเภอแม่อาย/ตำบลสันต้นหมื้อ/หน่วยเลือกตั้งที่ 5/สส. 5ทับ18.pdf,5,5.0,ตำบลสันต้นหมื้อ,อำเภอแม่อาย,512.0,351.0,309.0,30.0,12.0,9.0,นายชาญวิทยายุทธ์ อินทร์แก้ว,ประชากรไทย,10.0,10,สิบ,numeric_text_agree
อำเภอแม่อาย/ตำบลสันต้นหมื้อ/หน่วยเลือกตั้งที่ 7/สส. 5ทับ18.pdf,7,6.0,ตำบลสันต้นหมื้อ,อำเภอแม่อาย,358.0,261.0,233.0,13.0,15.0,1.0,นายอดุลย์ บุญใส,ภูมิใจไทย,9.0,9,เก้า,numeric_text_agree
อำเภอแม่อาย/ตำบลสันต้นหมื้อ/หน่วยเลือกตั้งที่ 7/สส. 5ทับ18.pdf,7,6.0,ตำบลสันต้นหมื้อ,อำเภอแม่อาย,358.0,261.0,233.0,13.0,15.0,2.0,นายสมดุลย์ อุดเจริญ,ประชาชน,55.0,55,ห้าสิบห้า,numeric_text_agree
อำเภอแม่อาย/ตำบลสันต้นหมื้อ/หน่วยเลือกตั้งที่ 7/สส. 5ทับ18.pdf,7,6.0,ตำบลสันต้นหมื้อ,อำเภอแม่อาย,358.0,261.0,233.0,13.0,15.0,3.0,นายเกรียงกมล ศรีมา,ประชาธิปัตย์,1.0,1,หนึ่ง,numeric_text_agree
อำเภอแม่อาย/ตำบลสันต้นหมื้อ/หน่วยเลือกตั้งที่ 7/สส. 5ทับ18.pdf,7,6.0,ตำบลสันต้นหมื้อ,อำเภอแม่อาย,358.0,261.0,233.0,13.0,15.0,4.0,นายสันติ ตันสุขหัช,ก้าวอิสระ,1.0,1,หนึ่ง,numeric_text_agree
อำเภอแม่อาย/ตำบลสันต้นหมื้อ/หน่วยเลือกตั้งที่ 7/สส. 5ทับ18.pdf,7,6.0,ตำบลสันต้นหมื้อ,อำเภอแม่อาย,358.0,261.0,233.0,13.0,15.0,5.0,นายการุณย์ คูเจริญชัยกุล,กล้าธรรม,75.0,75,เจ็ดสิบห้า,numeric_text_agree
อำเภอแม่อาย/ตำบลสันต้นหมื้อ/หน่วยเลือกตั้งที่ 7/สส. 5ทับ18.pdf,7,6.0,ตำบลสันต้นหมื้อ,อำเภอแม่อาย,358.0,261.0,233.0,13.0,15.0,6.0,นายนิกร วุฒินันชัย,เพื่อไทย,48.0,48,สี่สิบแปด,numeric_text_agree
อำเภอแม่อาย/ตำบลสันต้นหมื้อ/หน่วยเลือกตั้งที่ 7/สส. 5ทับ18.pdf,7,6.0,ตำบลสันต้นหมื้อ,อำเภอแม่อาย,358.0,261.0,233.0,13.0,15.0,7.0,นายไกร ดาบธรรม,พลังประชารัฐ,43.0,43,สี่สิบสาม,numeric_text_agree
อำเภอแม่อาย/ตำบลสันต้นหมื้อ/หน่วยเลือกตั้งที่ 7/สส. 5ทับ18.pdf,7,6.0,ตำบลสันต้นหมื้อ,อำเภอแม่อาย,358.0,261.0,233.0,13.0,15.0,8.0,นายพิสิณห์ อุปนันท์,เศรษฐกิจ,0.0,0,,numeric_only
อำเภอแม่อาย/ตำบลสันต้นหมื้อ/หน่วยเลือกตั้งที่ 7/สส. 5ทับ18.pdf,7,6.0,ตำบลสันต้นหมื้อ,อำเภอแม่อาย,358.0,261.0,233.0,13.0,15.0,9.0,นายชาญวิทยายุทธ์ อินทร์แก้ว,ประชากรไทย,1.0,1,หนึ่ง,numeric_text_agree
อำเภอแม่อาย/ตำบลสันต้นหมื้อ/หน่วยเลือกตั้งที่ 8/สส. 5ทับ18.pdf,8,7.0,ตำบลสันต้นหมื้อ,อำเภอแม่อาย,226.0,162.0,152.0,3.0,7.0,1.0,นายอดุลย์ บุญใส,ภูมิใจไทย,1.0,1,หนึ่ง,numeric_text_agree
อำเภอแม่อาย/ตำบลสันต้นหมื้อ/หน่วยเลือกตั้งที่ 8/สส. 5ทับ18.pdf,8,7.0,ตำบลสันต้นหมื้อ,อำเภอแม่อาย,226.0,162.0,152.0,3.0,7.0,2.0,นายสมดุลย์ อุดเจริญ,ประชาชน,25.0,25,ยี่สิบห้า,numeric_text_agree
อำเภอแม่อาย/ตำบลสันต้นหมื้อ/หน่วยเลือกตั้งที่ 8/สส. 5ทับ18.pdf,8,7.0,ตำบลสันต้นหมื้อ,อำเภอแม่อาย,226.0,162.0,152.0,3.0,7.0,3.0,นายเกรียงกมล ศรีมา,ประชาธิปัตย์,0.0,0,ศูนย์,numeric_only
อำเภอแม่อาย/ตำบลสันต้นหมื้อ/หน่วยเลือกตั้งที่ 8/สส. 5ทับ18.pdf,8,7.0,ตำบลสันต้นหมื้อ,อำเภอแม่อาย,226.0,162.0,152.0,3.0,7.0,4.0,นายสันติ ตันสุขหัช,ก้าวอิสระ,2.0,2,สอง,numeric_text_agree
อำเภอแม่อาย/ตำบลสันต้นหมื้อ/หน่วยเลือกตั้งที่ 8/สส. 5ทับ18.pdf,8,7.0,ตำบลสันต้นหมื้อ,อำเภอแม่อาย,226.0,162.0,152.0,3.0,7.0,5.0,นายการุณย์ คูเจริญชัยกุล,กล้าธรรม,67.0,67,หกสิบเจ็ด,numeric_text_agree
อำเภอแม่อาย/ตำบลสันต้นหมื้อ/หน่วยเลือกตั้งที่ 8/สส. 5ทับ18.pdf,8,7.0,ตำบลสันต้นหมื้อ,อำเภอแม่อาย,226.0,162.0,152.0,3.0,7.0,6.0,นายนิธิกร วุฒินันชัย,เพื่อไทย,30.0,30,สามสิบ,numeric_text_agree
อำเภอแม่อาย/ตำบลสันต้นหมื้อ/หน่วยเลือกตั้งที่ 8/สส. 5ทับ18.pdf,8,7.0,ตำบลสันต้นหมื้อ,อำเภอแม่อาย,226.0,162.0,152.0,3.0,7.0,7.0,นายไกร ดาบธรรม,พลังประชารัฐ,26.0,26,ยี่สิบหก,numeric_text_agree
อำเภอแม่อาย/ตำบลสันต้นหมื้อ/หน่วยเลือกตั้งที่ 8/สส. 5ทับ18.pdf,8,7.0,ตำบลสันต้นหมื้อ,อำเภอแม่อาย,226.0,162.0,152.0,3.0,7.0,8.0,นายพิสิณห์ อุปนันท์,เศรษฐกิจ,0.0,0,ศูนย์,numeric_only
อำเภอแม่อาย/ตำบลสันต้นหมื้อ/หน่วยเลือกตั้งที่ 8/สส. 5ทับ18.pdf,8,7.0,ตำบลสันต้นหมื้อ,อำเภอแม่อาย,226.0,162.0,152.0,3.0,7.0,9.0,นายชาญวิทยายุทธ อินทร์แก้ว,ประชากรไทย,1.0,1,หนึ่ง,numeric_text_agree
อำเภอแม่อาย/ตำบลสันต้นหมื้อ/หน่วยเลือกตั้งที่ 6/สส. 5ทับ18.pdf,6,6.0,ตำบลสันต้นหมื้อ,อำเภอแม่อาย,353.0,240.0,224.0,4.0,12.0,1.0,นายอดุลย์ บุญใส,ภูมิใจไทย,9.0,9,เก้า,numeric_text_agree
อำเภอแม่อาย/ตำบลสันต้นหมื้อ/หน่วยเลือกตั้งที่ 6/สส. 5ทับ18.pdf,6,6.0,ตำบลสันต้นหมื้อ,อำเภอแม่อาย,353.0,240.0,224.0,4.0,12.0,2.0,นายสมดุลย์ อดเจริญ,ประชาชน,51.0,51,ห้าสิบเอ็ด,numeric_text_agree
อำเภอแม่อาย/ตำบลสันต้นหมื้อ/หน่วยเลือกตั้งที่ 6/สส. 5ทับ18.pdf,6,6.0,ตำบลสันต้นหมื้อ,อำเภอแม่อาย,353.0,240.0,224.0,4.0,12.0,3.0,นายเกรียงกมล ศรีมา,ประชาธิปัตย์,0.0,0,ศูนย์,numeric_only
อำเภอแม่อาย/ตำบลสันต้นหมื้อ/หน่วยเลือกตั้งที่ 6/สส. 5ทับ18.pdf,6,6.0,ตำบลสันต้นหมื้อ,อำเภอแม่อาย,353.0,240.0,224.0,4.0,12.0,4.0,นายสันติ ตันสุขขี,ก้าวอิสระ,1.0,1,หนึ่ง,numeric_text_agree
อำเภอแม่อาย/ตำบลสันต้นหมื้อ/หน่วยเลือกตั้งที่ 6/สส. 5ทับ18.pdf,6,6.0,ตำบลสันต้นหมื้อ,อำเภอแม่อาย,353.0,240.0,224.0,4.0,12.0,5.0,นายการุณย์ คูเจริญชัยกุล,กล้าธรรม,86.0,86,แปดสิบหก,numeric_text_agree
อำเภอแม่อาย/ตำบลสันต้นหมื้อ/หน่วยเลือกตั้งที่ 6/สส. 5ทับ18.pdf,6,6.0,ตำบลสันต้นหมื้อ,อำเภอแม่อาย,353.0,240.0,224.0,4.0,12.0,6.0,นายนิกร วุฒินันชัย,เพื่อไทย,43.0,43,สี่สิบสาม,numeric_text_agree
อำเภอแม่อาย/ตำบลสันต้นหมื้อ/หน่วยเลือกตั้งที่ 6/สส. 5ทับ18.pdf,6,6.0,ตำบลสันต้นหมื้อ,อำเภอแม่อาย,353.0,240.0,224.0,4.0,12.0,7.0,นายไกร ดาบธรรม,พลังประชารัฐ,31.0,31,สามสิบเอ็ด,numeric_text_agree
อำเภอแม่อาย/ตำบลสันต้นหมื้อ/หน่วยเลือกตั้งที่ 6/สส. 5ทับ18.pdf,6,6.0,ตำบลสันต้นหมื้อ,อำเภอแม่อาย,353.0,240.0,224.0,4.0,12.0,8.0,นายพิสิณฑ์ อุปปันท์,เศรษฐกิจ,3.0,3,สาม,numeric_text_agree
อำเภอแม่อาย/ตำบลสันต้นหมื้อ/หน่วยเลือกตั้งที่ 6/สส. 5ทับ18.pdf,6,6.0,ตำบลสันต้นหมื้อ,อำเภอแม่อาย,353.0,240.0,224.0,4.0,12.0,9.0,นายชาญวิทยายุทธ์ อินทรแก้ว,ประชากรไทย,0.0,0,ศูนย์,numeric_only
อำเภอแม่อาย/ตำบลสันต้นหมื้อ/หน่วยเลือกตั้งที่ 12/สส. 5ทับ18.pdf,12,11.0,ตำบลสันต้นหมื้อ,อำเภอแม่อาย,280.0,193.0,182.0,5.0,6.0,1.0,นายอดุลย์ บุญใส,ภูมิใจไทย,6.0,6,หก,numeric_text_agree
อำเภอแม่อาย/ตำบลสันต้นหมื้อ/หน่วยเลือกตั้งที่ 12/สส. 5ทับ18.pdf,12,11.0,ตำบลสันต้นหมื้อ,อำเภอแม่อาย,280.0,193.0,182.0,5.0,6.0,2.0,นายสมดุลย์ อุดเจริญ,ประชาชน,31.0,31,สามสิบเอ็ด,numeric_text_agree
อำเภอแม่อาย/ตำบลสันต้นหมื้อ/หน่วยเลือกตั้งที่ 12/สส. 5ทับ18.pdf,12,11.0,ตำบลสันต้นหมื้อ,อำเภอแม่อาย,280.0,193.0,182.0,5.0,6.0,3.0,นายเกรียงกมล ศรีมา,ประชาธิปัตย์,0.0,0,ศูนย์,numeric_only
อำเภอแม่อาย/ตำบลสันต้นหมื้อ/หน่วยเลือกตั้งที่ 12/สส. 5ทับ18.pdf,12,11.0,ตำบลสันต้นหมื้อ,อำเภอแม่อาย,280.0,193.0,182.0,5.0,6.0,4.0,นายสันติ ตันสุข,ก้าวอิสระ,3.0,3,สาม,numeric_text_agree
อำเภอแม่อาย/ตำบลสันต้นหมื้อ/หน่วยเลือกตั้งที่ 12/สส. 5ทับ18.pdf,12,11.0,ตำบลสันต้นหมื้อ,อำเภอแม่อาย,280.0,193.0,182.0,5.0,6.0,5.0,นายการุณย์ คูเจริญชัยกุล,กล้าธรรม,36.0,36,สามสิบหก,numeric_text_agree
อำเภอแม่อาย/ตำบลสันต้นหมื้อ/หน่วยเลือกตั้งที่ 12/สส. 5ทับ18.pdf,12,11.0,ตำบลสันต้นหมื้อ,อำเภอแม่อาย,280.0,193.0,182.0,5.0,6.0,6.0,นายนิกร วุฒินันชัย,เพื่อไทย,45.0,45,สี่สิบห้า,numeric_text_agree
อำเภอแม่อาย/ตำบลสันต้นหมื้อ/หน่วยเลือกตั้งที่ 12/สส. 5ทับ18.pdf,12,11.0,ตำบลสันต้นหมื้อ,อำเภอแม่อาย,280.0,193.0,182.0,5.0,6.0,7.0,นายไกร ดาบธรรม,พลังประชารัฐ,54.0,54,ห้าสิบสี่,numeric_text_agree
อำเภอแม่อาย/ตำบลสันต้นหมื้อ/หน่วยเลือกตั้งที่ 12/สส. 5ทับ18.pdf,12,11.0,ตำบลสันต้นหมื้อ,อำเภอแม่อาย,280.0,193.0,182.0,5.0,6.0,8.0,นายพิสิณห์ อุปนันท์,เศรษฐกิจ,4.0,4,สี่,numeric_text_agree
อำเภอแม่อาย/ตำบลสันต้นหมื้อ/หน่วยเลือกตั้งที่ 12/สส. 5ทับ18.pdf,12,11.0,ตำบลสันต้นหมื้อ,อำเภอแม่อาย,280.0,193.0,182.0,5.0,6.0,9.0,นายชาญวิทยายุทธ์ อินทร์แก้ว,ประชากรไทย,3.0,3,สาม,numeric_text_agree
อำเภอแม่อาย/ตำบลสันต้นหมื้อ/หน่วยเลือกตั้งที่ 3/สส. 5ทับ18.pdf,3,3.0,ตำบลสันต้นหมื้อ,อำเภอแม่อาย,427.0,299.0,271.0,13.0,14.0,1.0,นายอดุลย์ บุญใส,ภูมิใจไทย,1.0,1,หนึ่ง,numeric_text_agree
อำเภอแม่อาย/ตำบลสันต้นหมื้อ/หน่วยเลือกตั้งที่ 3/สส. 5ทับ18.pdf,3,3.0,ตำบลสันต้นหมื้อ,อำเภอแม่อาย,427.0,299.0,271.0,13.0,14.0,2.0,นายสมดุลย์ อุดเจริญ,ประชาชน,39.0,39,สามสิบเก้า,numeric_text_agree
อำเภอแม่อาย/ตำบลสันต้นหมื้อ/หน่วยเลือกตั้งที่ 3/สส. 5ทับ18.pdf,3,3.0,ตำบลสันต้นหมื้อ,อำเภอแม่อาย,427.0,299.0,271.0,13.0,14.0,3.0,นายเกรียงกมล ศรีมา,ประชาธิปัตย์,1.0,1,หนึ่ง,numeric_text_agree
อำเภอแม่อาย/ตำบลสันต้นหมื้อ/หน่วยเลือกตั้งที่ 3/สส. 5ทับ18.pdf,3,3.0,ตำบลสันต้นหมื้อ,อำเภอแม่อาย,427.0,299.0,271.0,13.0,14.0,4.0,นายสันติ ตันสุข,ก้าวอิสระ,0.0,0,ศูนย์,numeric_only
อำเภอแม่อาย/ตำบลสันต้นหมื้อ/หน่วยเลือกตั้งที่ 3/สส. 5ทับ18.pdf,3,3.0,ตำบลสันต้นหมื้อ,อำเภอแม่อาย,427.0,299.0,271.0,13.0,14.0,5.0,นายการุณย์ คูเจริญชัยกุล,กล้าธรรม,84.0,84,แปดสิบสี่,numeric_text_agree
อำเภอแม่อาย/ตำบลสันต้นหมื้อ/หน่วยเลือกตั้งที่ 3/สส. 5ทับ18.pdf,3,3.0,ตำบลสันต้นหมื้อ,อำเภอแม่อาย,427.0,299.0,271.0,13.0,14.0,6.0,นายนิธิกร วุฒินันชัย,เพื่อไทย,60.0,60,หกสิบ,numeric_text_agree
อำเภอแม่อาย/ตำบลสันต้นหมื้อ/หน่วยเลือกตั้งที่ 3/สส. 5ทับ18.pdf,3,3.0,ตำบลสันต้นหมื้อ,อำเภอแม่อาย,427.0,299.0,271.0,13.0,14.0,7.0,นายไกร ดาบธรรม,พลังประชารัฐ,79.0,79,เจ็ดสิบเก้า,numeric_text_agree
อำเภอแม่อาย/ตำบลสันต้นหมื้อ/หน่วยเลือกตั้งที่ 3/สส. 5ทับ18.pdf,3,3.0,ตำบลสันต้นหมื้อ,อำเภอแม่อาย,427.0,299.0,271.0,13.0,14.0,8.0,นายพิสิณฑ์ อุปนันท์,เศรษฐกิจ,2.0,2,สอง,numeric_text_agree
อำเภอแม่อาย/ตำบลสันต้นหมื้อ/หน่วยเลือกตั้งที่ 3/สส. 5ทับ18.pdf,3,3.0,ตำบลสันต้นหมื้อ,อำเภอแม่อาย,427.0,299.0,271.0,13.0,14.0,9.0,นายชาญวิทยายุทธ อินทร์แก้ว,ประชากรไทย,6.0,6,หก,numeric_text_agree
อำเภอแม่อาย/ตำบลสันต้นหมื้อ/หน่วยเลือกตั้งที่ 2/สส. 5ทับ18.pdf,16,16.0,ตำบลสันต้นหมื้อ,อำเภอแม่อาย,408.0,282.0,265.0,8.0,9.0,1.0,นายอดุลย์ บุญใส,ภูมิใจไทย,6.0,6,หก,numeric_text_agree
อำเภอแม่อาย/ตำบลสันต้นหมื้อ/หน่วยเลือกตั้งที่ 2/สส. 5ทับ18.pdf,16,16.0,ตำบลสันต้นหมื้อ,อำเภอแม่อาย,408.0,282.0,265.0,8.0,9.0,2.0,นายสมดุลย์ อุดเจริญ,ประชาชน,33.0,33,สามสิบสาม,numeric_text_agree
อำเภอแม่อาย/ตำบลสันต้นหมื้อ/หน่วยเลือกตั้งที่ 2/สส. 5ทับ18.pdf,16,16.0,ตำบลสันต้นหมื้อ,อำเภอแม่อาย,408.0,282.0,265.0,8.0,9.0,3.0,นายเกรียงกมล ศรีมา,ประชาธิปัตย์,1.0,1,หนึ่ง,numeric_text_agree
อำเภอแม่อาย/ตำบลสันต้นหมื้อ/หน่วยเลือกตั้งที่ 2/สส. 5ทับ18.pdf,16,16.0,ตำบลสันต้นหมื้อ,อำเภอแม่อาย,408.0,282.0,265.0,8.0,9.0,4.0,นายสันติ ตันสุข,ก้าวอิสระ,1.0,1,หนึ่ง,numeric_text_agree
อำเภอแม่อาย/ตำบลสันต้นหมื้อ/หน่วยเลือกตั้งที่ 2/สส. 5ทับ18.pdf,16,16.0,ตำบลสันต้นหมื้อ,อำเภอแม่อาย,408.0,282.0,265.0,8.0,9.0,5.0,นายการุณย์ คูเจริญชัยกุล,กล้าธรรม,105.0,105,หนึ่งร้อยห้า,numeric_text_agree
อำเภอแม่อาย/ตำบลสันต้นหมื้อ/หน่วยเลือกตั้งที่ 2/สส. 5ทับ18.pdf,16,16.0,ตำบลสันต้นหมื้อ,อำเภอแม่อาย,408.0,282.0,265.0,8.0,9.0,6.0,นายนิธิกร วุฒินัย,เพื่อไทย,87.0,87,แปดสิบเจ็ด,numeric_text_agree
อำเภอแม่อาย/ตำบลสันต้นหมื้อ/หน่วยเลือกตั้งที่ 2/สส. 5ทับ18.pdf,16,16.0,ตำบลสันต้นหมื้อ,อำเภอแม่อาย,408.0,282.0,265.0,8.0,9.0,7.0,นายไกร ดาบธรรม,พลังประชารัฐ,56.0,56,ห้าสิบหก,numeric_text_agree
อำเภอแม่อาย/ตำบลสันต้นหมื้อ/หน่วยเลือกตั้งที่ 2/สส. 5ทับ18.pdf,16,16.0,ตำบลสันต้นหมื้อ,อำเภอแม่อาย,408.0,282.0,265.0,8.0,9.0,8.0,นายพิสิณห์ อุปนันท์,เศรษฐกิจ,0.0,0,ศูนย์,numeric_only
อำเภอแม่อาย/ตำบลสันต้นหมื้อ/หน่วยเลือกตั้งที่ 2/สส. 5ทับ18.pdf,16,16.0,ตำบลสันต้นหมื้อ,อำเภอแม่อาย,408.0,282.0,265.0,8.0,9.0,9.0,นายชาญวิทยายุทธ์ อินทร์แก้ว,ประชากรไทย,2.0,2,สอง,numeric_text_agree
อำเภอแม่อาย/ตำบลสันต้นหมื้อ/หน่วยเลือกตั้งที่ 13/สส. 5ทับ18.pdf,13,12.0,ตำบลสันต้นหมื้อ,อำเภอแม่อาย,246.0,203.0,183.0,18.0,2.0,1.0,นายอดุลย์ บุญใส,ภูมิใจไทย,0.0,0,ศูนย์,numeric_only
อำเภอแม่อาย/ตำบลสันต้นหมื้อ/หน่วยเลือกตั้งที่ 13/สส. 5ทับ18.pdf,13,12.0,ตำบลสันต้นหมื้อ,อำเภอแม่อาย,246.0,203.0,183.0,18.0,2.0,2.0,นายสมดุลย์ อุดเจริญ,ประชาชน,28.0,28,ยี่สิบแปด,numeric_text_agree
อำเภอแม่อาย/ตำบลสันต้นหมื้อ/หน่วยเลือกตั้งที่ 13/สส. 5ทับ18.pdf,13,12.0,ตำบลสันต้นหมื้อ,อำเภอแม่อาย,246.0,203.0,183.0,18.0,2.0,3.0,นายเกรียงกมล ศรีมา,ประชาธิปัตย์,1.0,1,หนึ่ง,numeric_text_agree
อำเภอแม่อาย/ตำบลสันต้นหมื้อ/หน่วยเลือกตั้งที่ 13/สส. 5ทับ18.pdf,13,12.0,ตำบลสันต้นหมื้อ,อำเภอแม่อาย,246.0,203.0,183.0,18.0,2.0,4.0,นายสันติ ตันสุขขี,ก้าวอิสระ,0.0,0,ศูนย์,numeric_only
อำเภอแม่อาย/ตำบลสันต้นหมื้อ/หน่วยเลือกตั้งที่ 13/สส. 5ทับ18.pdf,13,12.0,ตำบลสันต้นหมื้อ,อำเภอแม่อาย,246.0,203.0,183.0,18.0,2.0,5.0,นายกาญจน์ คูเจริญชัยกุล,กล้าธรรม,56.0,56,ห้าสิบหก,numeric_text_agree
อำเภอแม่อาย/ตำบลสันต้นหมื้อ/หน่วยเลือกตั้งที่ 13/สส. 5ทับ18.pdf,13,12.0,ตำบลสันต้นหมื้อ,อำเภอแม่อาย,246.0,203.0,183.0,18.0,2.0,6.0,นายนิกร วุฒินันชัย,เพื่อไทย,68.0,68,หกสิบแปด,numeric_text_agree
อำเภอแม่อาย/ตำบลสันต้นหมื้อ/หน่วยเลือกตั้งที่ 13/สส. 5ทับ18.pdf,13,12.0,ตำบลสันต้นหมื้อ,อำเภอแม่อาย,246.0,203.0,183.0,18.0,2.0,7.0,นายไกร ดาบธรรม,พลังประชารัฐ,22.0,22,ยี่สิบสอง,numeric_text_agree
อำเภอแม่อาย/ตำบลสันต้นหมื้อ/หน่วยเลือกตั้งที่ 13/สส. 5ทับ18.pdf,13,12.0,ตำบลสันต้นหมื้อ,อำเภอแม่อาย,246.0,203.0,183.0,18.0,2.0,8.0,นายพิสิณห์ อุปปนันท์,เศรษฐกิจ,1.0,1,หนึ่ง,numeric_text_agree
อำเภอแม่อาย/ตำบลสันต้นหมื้อ/หน่วยเลือกตั้งที่ 13/สส. 5ทับ18.pdf,13,12.0,ตำบลสันต้นหมื้อ,อำเภอแม่อาย,246.0,203.0,183.0,18.0,2.0,9.0,นายชาญวิทยายุทธ อินทร์แก้ว,ประชากรไทย,7.0,7,เจ็ด,numeric_text_agree
อำเภอแม่อาย/ตำบลสันต้นหมื้อ/หน่วยเลือกตั้งที่ 4/สส. 5ทับ18.pdf,4,4.0,ตำบลสันต้นหมื้อ,อำเภอแม่อาย,410.0,299.0,284.0,9.0,6.0,1.0,นายอดุลย์ บุญใส,ภูมิใจไทย,3.0,3,สาม,numeric_text_agree
อำเภอแม่อาย/ตำบลสันต้นหมื้อ/หน่วยเลือกตั้งที่ 4/สส. 5ทับ18.pdf,4,4.0,ตำบลสันต้นหมื้อ,อำเภอแม่อาย,410.0,299.0,284.0,9.0,6.0,2.0,นายสมดุลย์ อุดเจริญ,ประชาชน,63.0,63,หกสิบสาม,numeric_text_agree
อำเภอแม่อาย/ตำบลสันต้นหมื้อ/หน่วยเลือกตั้งที่ 4/สส. 5ทับ18.pdf,4,4.0,ตำบลสันต้นหมื้อ,อำเภอแม่อาย,410.0,299.0,284.0,9.0,6.0,3.0,นายเกรียงกมล ศรีมา,ประชาธิปัตย์,0.0,0,ศูนย์,numeric_only
อำเภอแม่อาย/ตำบลสันต้นหมื้อ/หน่วยเลือกตั้งที่ 4/สส. 5ทับ18.pdf,4,4.0,ตำบลสันต้นหมื้อ,อำเภอแม่อาย,410.0,299.0,284.0,9.0,6.0,4.0,นายสันติ ตันสุข,ก้าวอิสระ,2.0,2,สอง,numeric_text_agree
อำเภอแม่อาย/ตำบลสันต้นหมื้อ/หน่วยเลือกตั้งที่ 4/สส. 5ทับ18.pdf,4,4.0,ตำบลสันต้นหมื้อ,อำเภอแม่อาย,410.0,299.0,284.0,9.0,6.0,5.0,นายการุณย์ คูเจริญชัยกุล,กล้าธรรม,89.0,89,แปดสิบเก้า,numeric_text_agree
อำเภอแม่อาย/ตำบลสันต้นหมื้อ/หน่วยเลือกตั้งที่ 4/สส. 5ทับ18.pdf,4,4.0,ตำบลสันต้นหมื้อ,อำเภอแม่อาย,410.0,299.0,284.0,9.0,6.0,6.0,นายนิธิกร วุฒินัย,เพื่อไทย,73.0,73,เจ็ดสิบสาม,numeric_text_agree
อำเภอแม่อาย/ตำบลสันต้นหมื้อ/หน่วยเลือกตั้งที่ 4/สส. 5ทับ18.pdf,4,4.0,ตำบลสันต้นหมื้อ,อำเภอแม่อาย,410.0,299.0,284.0,9.0,6.0,7.0,นายไกร ดาบธรรม,พลังประชารัฐ,52.0,52,ห้าสิบสอง,numeric_text_agree
อำเภอแม่อาย/ตำบลสันต้นหมื้อ/หน่วยเลือกตั้งที่ 4/สส. 5ทับ18.pdf,4,4.0,ตำบลสันต้นหมื้อ,อำเภอแม่อาย,410.0,299.0,284.0,9.0,6.0,8.0,นายพิสิณห์ อุปนันท์,เศรษฐกิจ,0.0,0,ศูนย์,numeric_only
อำเภอแม่อาย/ตำบลสันต้นหมื้อ/หน่วยเลือกตั้งที่ 4/สส. 5ทับ18.pdf,4,4.0,ตำบลสันต้นหมื้อ,อำเภอแม่อาย,410.0,299.0,284.0,9.0,6.0,9.0,นายชาญวิทยายุทธ อินทร์แก้ว,ประชากรไทย,2.0,2,สอง,numeric_text_agree
อำเภอแม่อาย/ตำบลสันต้นหมื้อ/หน่วยเลือกตั้งที่ 1/สส. 5ทับ18.pdf,1,1.0,ตำบลสันต้นหมื้อ,อำเภอแม่อาย,540.0,407.0,380.0,10.0,17.0,1.0,นายอดุลย์ บุญใส,ภูมิใจไทย,7.0,7,เจ็ด,numeric_text_agree
อำเภอแม่อาย/ตำบลสันต้นหมื้อ/หน่วยเลือกตั้งที่ 1/สส. 5ทับ18.pdf,1,1.0,ตำบลสันต้นหมื้อ,อำเภอแม่อาย,540.0,407.0,380.0,10.0,17.0,2.0,นายสมดุลย์ อุดมเจริญ,ประชาชน,56.0,56,ห้าสิบหก,numeric_text_agree
อำเภอแม่อาย/ตำบลสันต้นหมื้อ/หน่วยเลือกตั้งที่ 1/สส. 5ทับ18.pdf,1,1.0,ตำบลสันต้นหมื้อ,อำเภอแม่อาย,540.0,407.0,380.0,10.0,17.0,3.0,นายเกรียงกมล ศรีมา,ประชาธิปัตย์,1.0,1,หนึ่ง,numeric_text_agree
อำเภอแม่อาย/ตำบลสันต้นหมื้อ/หน่วยเลือกตั้งที่ 1/สส. 5ทับ18.pdf,1,1.0,ตำบลสันต้นหมื้อ,อำเภอแม่อาย,540.0,407.0,380.0,10.0,17.0,4.0,นายสันติ ตันสุขขี,ก้าวอิสระ,1.0,1,หนึ่ง,numeric_text_agree
อำเภอแม่อาย/ตำบลสันต้นหมื้อ/หน่วยเลือกตั้งที่ 1/สส. 5ทับ18.pdf,1,1.0,ตำบลสันต้นหมื้อ,อำเภอแม่อาย,540.0,407.0,380.0,10.0,17.0,5.0,นายการุณย์ คูเจริญชัยกุล,กล้าธรรม,119.0,119,หนึ่งร้อยสิบเก้า,numeric_text_agree
อำเภอแม่อาย/ตำบลสันต้นหมื้อ/หน่วยเลือกตั้งที่ 1/สส. 5ทับ18.pdf,1,1.0,ตำบลสันต้นหมื้อ,อำเภอแม่อาย,540.0,407.0,380.0,10.0,17.0,6.0,นายนิธิกร วุฒินันชัย,เพื่อไทย,93.0,93,เก้าสิบสาม,numeric_text_agree
อำเภอแม่อาย/ตำบลสันต้นหมื้อ/หน่วยเลือกตั้งที่ 1/สส. 5ทับ18.pdf,1,1.0,ตำบลสันต้นหมื้อ,อำเภอแม่อาย,540.0,407.0,380.0,10.0,17.0,7.0,นายไกร ดาบธรรม,พลังประชารัฐ,92.0,92,เก้าสิบสอง,numeric_text_agree
อำเภอแม่อาย/ตำบลสันต้นหมื้อ/หน่วยเลือกตั้งที่ 1/สส. 5ทับ18.pdf,1,1.0,ตำบลสันต้นหมื้อ,อำเภอแม่อาย,540.0,407.0,380.0,10.0,17.0,8.0,นายพิสัณฑ์ อุปนันท์,เศรษฐกิจ,5.0,5,ห้า,numeric_text_agree
อำเภอแม่อาย/ตำบลสันต้นหมื้อ/หน่วยเลือกตั้งที่ 1/สส. 5ทับ18.pdf,1,1.0,ตำบลสันต้นหมื้อ,อำเภอแม่อาย,540.0,407.0,380.0,10.0,17.0,9.0,นายชาญวิทยายุทธ อินทร์แก้ว,ประชากรไทย,6.0,6,หก,numeric_text_agree
อำเภอแม่อาย/ตำบลสันต้นหมื้อ/หน่วยเลือกตั้งที่ 11/สส. 5ทับ18.pdf,11,10.0,ตำบลสันต้นหมื้อ,อำเภอแม่อาย,242.0,201.0,186.0,5.0,7.0,1.0,นายอดุลย์ บุญใส,ภูมิใจไทย,1.0,1,หนึ่ง,numeric_text_agree
อำเภอแม่อาย/ตำบลสันต้นหมื้อ/หน่วยเลือกตั้งที่ 11/สส. 5ทับ18.pdf,11,10.0,ตำบลสันต้นหมื้อ,อำเภอแม่อาย,242.0,201.0,186.0,5.0,7.0,2.0,นายสมดุลย์ อุดเจริญ,ประชาชน,29.0,29,ยี่สิบเก้า,numeric_text_agree
อำเภอแม่อาย/ตำบลสันต้นหมื้อ/หน่วยเลือกตั้งที่ 11/สส. 5ทับ18.pdf,11,10.0,ตำบลสันต้นหมื้อ,อำเภอแม่อาย,242.0,201.0,186.0,5.0,7.0,3.0,นายเกรียงกมล ศรีมา,ประชาธิปัตย์,0.0,0,ศูนย์,numeric_only
อำเภอแม่อาย/ตำบลสันต้นหมื้อ/หน่วยเลือกตั้งที่ 11/สส. 5ทับ18.pdf,11,10.0,ตำบลสันต้นหมื้อ,อำเภอแม่อาย,242.0,201.0,186.0,5.0,7.0,4.0,นายสันติ ตันสุขี,ก้าวอิสระ,0.0,0,ศูนย์,numeric_only
อำเภอแม่อาย/ตำบลสันต้นหมื้อ/หน่วยเลือกตั้งที่ 11/สส. 5ทับ18.pdf,11,10.0,ตำบลสันต้นหมื้อ,อำเภอแม่อาย,242.0,201.0,186.0,5.0,7.0,5.0,นายการุณย์ คูเจริญชัยกุล,กล้าธรรม,56.0,56,ห้าสิบหก,numeric_text_agree
อำเภอแม่อาย/ตำบลสันต้นหมื้อ/หน่วยเลือกตั้งที่ 11/สส. 5ทับ18.pdf,11,10.0,ตำบลสันต้นหมื้อ,อำเภอแม่อาย,242.0,201.0,186.0,5.0,7.0,6.0,นายนิกร วุฒินันชัย,เพื่อไทย,63.0,63,หกสิบสาม,numeric_text_agree
อำเภอแม่อาย/ตำบลสันต้นหมื้อ/หน่วยเลือกตั้งที่ 11/สส. 5ทับ18.pdf,11,10.0,ตำบลสันต้นหมื้อ,อำเภอแม่อาย,242.0,201.0,186.0,5.0,7.0,7.0,นายไกร ดาบธรรม,พลังประชารัฐ,33.0,33,สามสิบสาม,numeric_text_agree
อำเภอแม่อาย/ตำบลสันต้นหมื้อ/หน่วยเลือกตั้งที่ 11/สส. 5ทับ18.pdf,11,10.0,ตำบลสันต้นหมื้อ,อำเภอแม่อาย,242.0,201.0,186.0,5.0,7.0,8.0,นายพิสิณห์ อุปนันท์,เศรษฐกิจ,1.0,1,หนึ่ง,numeric_text_agree
อำเภอแม่อาย/ตำบลสันต้นหมื้อ/หน่วยเลือกตั้งที่ 11/สส. 5ทับ18.pdf,11,10.0,ตำบลสันต้นหมื้อ,อำเภอแม่อาย,242.0,201.0,186.0,5.0,7.0,9.0,นายชาญวิทยายุทธ์ อินทร์แก้ว,ประชากรไทย,3.0,3,สาม,numeric_text_agree
ทต.แม่อาย/ตำบลแม่อาย/หน่วยเลือกตั้งที่ 9/สส. 5ทับ18.pdf,9,8.0,ตำบลแม่อาย,ทต.แม่อาย,327.0,249.0,234.0,12.0,3.0,1.0,นายอดุลย์ บุญใส,ภูมิใจไทย,3.0,3,สาม,numeric_text_agree
ทต.แม่อาย/ตำบลแม่อาย/หน่วยเลือกตั้งที่ 9/สส. 5ทับ18.pdf,9,8.0,ตำบลแม่อาย,ทต.แม่อาย,327.0,249.0,234.0,12.0,3.0,2.0,นายสมดุลย์ อุดเจริญ,ประชาชน,26.0,26,ยี่สิบหก,numeric_text_agree
ทต.แม่อาย/ตำบลแม่อาย/หน่วยเลือกตั้งที่ 9/สส. 5ทับ18.pdf,9,8.0,ตำบลแม่อาย,ทต.แม่อาย,327.0,249.0,234.0,12.0,3.0,3.0,นายเกรียงกมล ศรีมา,ประชาธิปัตย์,1.0,1,หนึ่ง,numeric_text_agree
ทต.แม่อาย/ตำบลแม่อาย/หน่วยเลือกตั้งที่ 9/สส. 5ทับ18.pdf,9,8.0,ตำบลแม่อาย,ทต.แม่อาย,327.0,249.0,234.0,12.0,3.0,4.0,นายสันติ ตันสุขขี,ก้าวอิสระ,2.0,2,สอง,numeric_text_agree
ทต.แม่อาย/ตำบลแม่อาย/หน่วยเลือกตั้งที่ 9/สส. 5ทับ18.pdf,9,8.0,ตำบลแม่อาย,ทต.แม่อาย,327.0,249.0,234.0,12.0,3.0,5.0,นายการุณย์ คูเจริญชัยกุล,กล้าธรรม,70.0,70,เจ็ดสิบ,numeric_text_agree
ทต.แม่อาย/ตำบลแม่อาย/หน่วยเลือกตั้งที่ 9/สส. 5ทับ18.pdf,9,8.0,ตำบลแม่อาย,ทต.แม่อาย,327.0,249.0,234.0,12.0,3.0,6.0,นายนิธิกร วุฒินันชัย,เพื่อไทย,67.0,67,หกสิบเจ็ด,numeric_text_agree
ทต.แม่อาย/ตำบลแม่อาย/หน่วยเลือกตั้งที่ 9/สส. 5ทับ18.pdf,9,8.0,ตำบลแม่อาย,ทต.แม่อาย,327.0,249.0,234.0,12.0,3.0,7.0,นายไกร ดาบธรรม,พลังประชารัฐ,34.0,34,สามสิบสี่,numeric_text_agree
ทต.แม่อาย/ตำบลแม่อาย/หน่วยเลือกตั้งที่ 9/สส. 5ทับ18.pdf,9,8.0,ตำบลแม่อาย,ทต.แม่อาย,327.0,249.0,234.0,12.0,3.0,8.0,นายพิสันท์ อุปนันท์,เศรษฐกิจ,2.0,2,สอง,numeric_text_agree
ทต.แม่อาย/ตำบลแม่อาย/หน่วยเลือกตั้งที่ 9/สส. 5ทับ18.pdf,9,8.0,ตำบลแม่อาย,ทต.แม่อาย,327.0,249.0,234.0,12.0,3.0,9.0,นายชาญวิทยายุทธ์ อินทร์แก้ว,ประชากรไทย,9.0,9,เก้า,numeric_text_agree
ทต.แม่อาย/ตำบลแม่อาย/หน่วยเลือกตั้งที่ 5/สส. 5ทับ18.pdf,9,4.0,ตำบลแม่อาย,ทต.แม่อาย,378.0,242.0,223.0,5.0,14.0,1.0,นายอดุลย์ บุญใส,ภูมิใจไทย,1.0,1,หนึ่ง,numeric_text_agree
ทต.แม่อาย/ตำบลแม่อาย/หน่วยเลือกตั้งที่ 5/สส. 5ทับ18.pdf,9,4.0,ตำบลแม่อาย,ทต.แม่อาย,378.0,242.0,223.0,5.0,14.0,2.0,นายสมดุลย์ อุดเจริญ,ประชาชน,54.0,54,ห้าสิบสี่,numeric_text_agree
ทต.แม่อาย/ตำบลแม่อาย/หน่วยเลือกตั้งที่ 5/สส. 5ทับ18.pdf,9,4.0,ตำบลแม่อาย,ทต.แม่อาย,378.0,242.0,223.0,5.0,14.0,3.0,นายเกรียงกมล ศรีมา,ประชาธิปัตย์,1.0,1,หนึ่ง,numeric_text_agree
ทต.แม่อาย/ตำบลแม่อาย/หน่วยเลือกตั้งที่ 5/สส. 5ทับ18.pdf,9,4.0,ตำบลแม่อาย,ทต.แม่อาย,378.0,242.0,223.0,5.0,14.0,4.0,นายสันติ ตันสุขี,ก้าวอิสระ,1.0,1,หนึ่ง,numeric_text_agree
ทต.แม่อาย/ตำบลแม่อาย/หน่วยเลือกตั้งที่ 5/สส. 5ทับ18.pdf,9,4.0,ตำบลแม่อาย,ทต.แม่อาย,378.0,242.0,223.0,5.0,14.0,5.0,นายการุณย์ คูเจริญชัยกุล,กล้าธรรม,26.0,26,ยี่สิบหก,numeric_text_agree
ทต.แม่อาย/ตำบลแม่อาย/หน่วยเลือกตั้งที่ 5/สส. 5ทับ18.pdf,9,4.0,ตำบลแม่อาย,ทต.แม่อาย,378.0,242.0,223.0,5.0,14.0,6.0,นายนิธิกร วุฒินันชัย,เพื่อไทย,55.0,55,ห้าสิบห้า,numeric_text_agree
ทต.แม่อาย/ตำบลแม่อาย/หน่วยเลือกตั้งที่ 5/สส. 5ทับ18.pdf,9,4.0,ตำบลแม่อาย,ทต.แม่อาย,378.0,242.0,223.0,5.0,14.0,7.0,นายไกร ดาบธรรม,พลังประชารัฐ,80.0,80,แปดสิบ,numeric_text_agree
ทต.แม่อาย/ตำบลแม่อาย/หน่วยเลือกตั้งที่ 5/สส. 5ทับ18.pdf,9,4.0,ตำบลแม่อาย,ทต.แม่อาย,378.0,242.0,223.0,5.0,14.0,8.0,นายพิสัณฑ์ อุปนันท์,เศรษฐกิจ,2.0,2,สอง,numeric_text_agree
ทต.แม่อาย/ตำบลแม่อาย/หน่วยเลือกตั้งที่ 5/สส. 5ทับ18.pdf,9,4.0,ตำบลแม่อาย,ทต.แม่อาย,378.0,242.0,223.0,5.0,14.0,9.0,นายชาญวิทยายุทธ์ อินทร์แก้ว,ประชากรไทย,3.0,3,สาม,numeric_text_agree
ทต.แม่อาย/ตำบลแม่อาย/หน่วยเลือกตั้งที่ 4/สส. 5ทับ18.pdf,4,4.0,ตำบลแม่อาย,ทต.แม่อาย,377.0,241.0,211.0,15.0,15.0,1.0,นายอดุลย์ บุญใส,ภูมิใจไทย,4.0,4,สี่,numeric_text_agree
ทต.แม่อาย/ตำบลแม่อาย/หน่วยเลือกตั้งที่ 4/สส. 5ทับ18.pdf,4,4.0,ตำบลแม่อาย,ทต.แม่อาย,377.0,241.0,211.0,15.0,15.0,2.0,นายสมดุลย์ อุดเจริญ,ประชาชน,33.0,33,สามสิบสาม,numeric_text_agree
ทต.แม่อาย/ตำบลแม่อาย/หน่วยเลือกตั้งที่ 4/สส. 5ทับ18.pdf,4,4.0,ตำบลแม่อาย,ทต.แม่อาย,377.0,241.0,211.0,15.0,15.0,3.0,นายเกรียงกมล ศรีมา,ประชาธิปัตย์,0.0,0,ศูนย์,numeric_only
ทต.แม่อาย/ตำบลแม่อาย/หน่วยเลือกตั้งที่ 4/สส. 5ทับ18.pdf,4,4.0,ตำบลแม่อาย,ทต.แม่อาย,377.0,241.0,211.0,15.0,15.0,4.0,นายสันติ ตันสุข,ก้าวอิสระ,3.0,3,สาม,numeric_text_agree
ทต.แม่อาย/ตำบลแม่อาย/หน่วยเลือกตั้งที่ 4/สส. 5ทับ18.pdf,4,4.0,ตำบลแม่อาย,ทต.แม่อาย,377.0,241.0,211.0,15.0,15.0,5.0,นายการุณย์ คูเจริญชัยกุล,กล้าธรรม,88.0,88,แปดสิบแปด,numeric_text_agree
ทต.แม่อาย/ตำบลแม่อาย/หน่วยเลือกตั้งที่ 4/สส. 5ทับ18.pdf,4,4.0,ตำบลแม่อาย,ทต.แม่อาย,377.0,241.0,211.0,15.0,15.0,6.0,นายนิธิกร วุฒินัย,เพื่อไทย,70.0,70,เจ็ดสิบ,numeric_text_agree
ทต.แม่อาย/ตำบลแม่อาย/หน่วยเลือกตั้งที่ 4/สส. 5ทับ18.pdf,4,4.0,ตำบลแม่อาย,ทต.แม่อาย,377.0,241.0,211.0,15.0,15.0,7.0,นายไกร ดาบธรรม,พลังประชารัฐ,66.0,66,หกสิบหก,numeric_text_agree
ทต.แม่อาย/ตำบลแม่อาย/หน่วยเลือกตั้งที่ 4/สส. 5ทับ18.pdf,4,4.0,ตำบลแม่อาย,ทต.แม่อาย,377.0,241.0,211.0,15.0,15.0,8.0,นายพิสิษฐ์ อุปนันท์,เศรษฐกิจ,3.0,3,สาม,numeric_text_agree
ทต.แม่อาย/ตำบลแม่อาย/หน่วยเลือกตั้งที่ 4/สส. 5ทับ18.pdf,4,4.0,ตำบลแม่อาย,ทต.แม่อาย,377.0,241.0,211.0,15.0,15.0,9.0,นายชาญวิทยายุทธ อินทร์แก้ว,ประชากรไทย,4.0,4,สี่,numeric_text_agree
ทต.แม่อาย/ตำบลแม่อาย/หน่วยเลือกตั้งที่ 8/สส. 5ทับ18.pdf,8,7.0,ตำบลแม่อาย,ทต.แม่อาย,609.0,418.0,416.0,21.0,11.0,1.0,นายอดุลย์ บุญใส,ภูมิใจไทย,5.0,5,ห้า,numeric_text_agree
ทต.แม่อาย/ตำบลแม่อาย/หน่วยเลือกตั้งที่ 8/สส. 5ทับ18.pdf,8,7.0,ตำบลแม่อาย,ทต.แม่อาย,609.0,418.0,416.0,21.0,11.0,2.0,นายสมดุลย์ อุดเจริญ,ประชาชน,70.0,70,เจ็ดสิบ,numeric_text_agree
ทต.แม่อาย/ตำบลแม่อาย/หน่วยเลือกตั้งที่ 8/สส. 5ทับ18.pdf,8,7.0,ตำบลแม่อาย,ทต.แม่อาย,609.0,418.0,416.0,21.0,11.0,3.0,นายเกรียงกมล ศรีมา,ประชาธิปัตย์,0.0,0,ศูนย์,numeric_only
ทต.แม่อาย/ตำบลแม่อาย/หน่วยเลือกตั้งที่ 8/สส. 5ทับ18.pdf,8,7.0,ตำบลแม่อาย,ทต.แม่อาย,609.0,418.0,416.0,21.0,11.0,4.0,นายสันติ ตันสุข,ก้าวอิสระ,0.0,0,ศูนย์,numeric_only
ทต.แม่อาย/ตำบลแม่อาย/หน่วยเลือกตั้งที่ 8/สส. 5ทับ18.pdf,8,7.0,ตำบลแม่อาย,ทต.แม่อาย,609.0,418.0,416.0,21.0,11.0,5.0,นายการุณย์ คูเจริญชัยกุล,กล้าธรรม,99.0,99,เก้าสิบเก้า,numeric_text_agree
ทต.แม่อาย/ตำบลแม่อาย/หน่วยเลือกตั้งที่ 8/สส. 5ทับ18.pdf,8,7.0,ตำบลแม่อาย,ทต.แม่อาย,609.0,418.0,416.0,21.0,11.0,6.0,นายนิกร วุฒินชัย,เพื่อไทย,58.0,58,ห้าสิบแปด,numeric_text_agree
ทต.แม่อาย/ตำบลแม่อาย/หน่วยเลือกตั้งที่ 8/สส. 5ทับ18.pdf,8,7.0,ตำบลแม่อาย,ทต.แม่อาย,609.0,418.0,416.0,21.0,11.0,7.0,นายไกร ดาบธรรม,พลังประชารัฐ,175.0,175,หนึ่งร้อยเจ็ดสิบห้า,numeric_text_agree
ทต.แม่อาย/ตำบลแม่อาย/หน่วยเลือกตั้งที่ 8/สส. 5ทับ18.pdf,8,7.0,ตำบลแม่อาย,ทต.แม่อาย,609.0,418.0,416.0,21.0,11.0,8.0,นายพิสัณห์ อุปนันท์,เศรษฐกิจ,1.0,1,หนึ่ง,numeric_text_agree
ทต.แม่อาย/ตำบลแม่อาย/หน่วยเลือกตั้งที่ 8/สส. 5ทับ18.pdf,8,7.0,ตำบลแม่อาย,ทต.แม่อาย,609.0,418.0,416.0,21.0,11.0,9.0,นายชาญวิทยายุทธ์ อินทร์แก้ว,ประชากรไทย,8.0,8,แปด,numeric_text_agree
ทต.แม่อาย/ตำบลแม่อาย/หน่วยเลือกตั้งที่ 6/สส. 5ทับ18.pdf,6,5.0,ตำบลแม่อาย,ทต.แม่อาย,358.0,259.0,246.0,10.0,3.0,1.0,นายอดุลย์ บุญใส,ภูมิใจไทย,3.0,3,สาม,numeric_text_agree
ทต.แม่อาย/ตำบลแม่อาย/หน่วยเลือกตั้งที่ 6/สส. 5ทับ18.pdf,6,5.0,ตำบลแม่อาย,ทต.แม่อาย,358.0,259.0,246.0,10.0,3.0,2.0,นายสมดุลย์ อุดเจริญ,ประชาชน,45.0,45,สี่สิบห้า,numeric_text_agree
ทต.แม่อาย/ตำบลแม่อาย/หน่วยเลือกตั้งที่ 6/สส. 5ทับ18.pdf,6,5.0,ตำบลแม่อาย,ทต.แม่อาย,358.0,259.0,246.0,10.0,3.0,3.0,นายเกรียงกมล ศรีมา,ประชาธิปัตย์,1.0,1,หนึ่ง,numeric_text_agree
ทต.แม่อาย/ตำบลแม่อาย/หน่วยเลือกตั้งที่ 6/สส. 5ทับ18.pdf,6,5.0,ตำบลแม่อาย,ทต.แม่อาย,358.0,259.0,246.0,10.0,3.0,4.0,นายสันติ ตันสุขหัย,ก้าวอิสระ,2.0,2,สอง,numeric_text_agree
ทต.แม่อาย/ตำบลแม่อาย/หน่วยเลือกตั้งที่ 6/สส. 5ทับ18.pdf,6,5.0,ตำบลแม่อาย,ทต.แม่อาย,358.0,259.0,246.0,10.0,3.0,5.0,นายการุณย์ คูเจริญชัยกุล,กล้าธรรม,57.0,57,ห้าสิบเจ็ด,numeric_text_agree
ทต.แม่อาย/ตำบลแม่อาย/หน่วยเลือกตั้งที่ 6/สส. 5ทับ18.pdf,6,5.0,ตำบลแม่อาย,ทต.แม่อาย,358.0,259.0,246.0,10.0,3.0,6.0,นายนิธิกร วุฒินัย,เพื่อไทย,31.0,31,สามสิบเอ็ด,numeric_text_agree
ทต.แม่อาย/ตำบลแม่อาย/หน่วยเลือกตั้งที่ 6/สส. 5ทับ18.pdf,6,5.0,ตำบลแม่อาย,ทต.แม่อาย,358.0,259.0,246.0,10.0,3.0,7.0,นายไกร ดาบธรรม,พลังประชารัฐ,106.0,106,หนึ่งร้อยหก,numeric_text_agree
ทต.แม่อาย/ตำบลแม่อาย/หน่วยเลือกตั้งที่ 6/สส. 5ทับ18.pdf,6,5.0,ตำบลแม่อาย,ทต.แม่อาย,358.0,259.0,246.0,10.0,3.0,8.0,นายพิสัณห์ อุปนันท์,เศรษฐกิจ,0.0,0,ศูนย์,numeric_only
ทต.แม่อาย/ตำบลแม่อาย/หน่วยเลือกตั้งที่ 6/สส. 5ทับ18.pdf,6,5.0,ตำบลแม่อาย,ทต.แม่อาย,358.0,259.0,246.0,10.0,3.0,9.0,นายชาญวิทยายุทธ์ อินทร์แก้ว,ประชากรไทย,1.0,1,หนึ่ง,numeric_text_agree
ทต.แม่อาย/ตำบลแม่อาย/หน่วยเลือกตั้งที่ 7/สส. 5ทับ18.pdf,7,2.0,ตำบลแม่อาย,ทต.แม่อาย,286.0,230.0,220.0,8.0,2.0,1.0,นายอดุลย์ บุญใส,ภูมิใจไทย,3.0,3,สาม,numeric_text_agree
ทต.แม่อาย/ตำบลแม่อาย/หน่วยเลือกตั้งที่ 7/สส. 5ทับ18.pdf,7,2.0,ตำบลแม่อาย,ทต.แม่อาย,286.0,230.0,220.0,8.0,2.0,2.0,นายสมดุลย์ อุดเจริญ,ประชาชน,20.0,20,ยี่สิบ,numeric_text_agree
ทต.แม่อาย/ตำบลแม่อาย/หน่วยเลือกตั้งที่ 7/สส. 5ทับ18.pdf,7,2.0,ตำบลแม่อาย,ทต.แม่อาย,286.0,230.0,220.0,8.0,2.0,3.0,นายเกรียงกมล ศรีมา,ประชาธิปัตย์,0.0,0,ศูนย์,numeric_only
ทต.แม่อาย/ตำบลแม่อาย/หน่วยเลือกตั้งที่ 7/สส. 5ทับ18.pdf,7,2.0,ตำบลแม่อาย,ทต.แม่อาย,286.0,230.0,220.0,8.0,2.0,4.0,นายสันติ ตันสุขขี,ก้าวอิสระ,1.0,1,หนึ่ง,numeric_text_agree
ทต.แม่อาย/ตำบลแม่อาย/หน่วยเลือกตั้งที่ 7/สส. 5ทับ18.pdf,7,2.0,ตำบลแม่อาย,ทต.แม่อาย,286.0,230.0,220.0,8.0,2.0,5.0,นายการุณย์ คูเจริญชัยกุล,กล้าธรรม,124.0,124,หนึ่งร้อยยี่สิบสี่,numeric_text_agree
ทต.แม่อาย/ตำบลแม่อาย/หน่วยเลือกตั้งที่ 7/สส. 5ทับ18.pdf,7,2.0,ตำบลแม่อาย,ทต.แม่อาย,286.0,230.0,220.0,8.0,2.0,6.0,นายนิกร วุฒินันชัย,เพื่อไทย,19.0,19,สิบเก้า,numeric_text_agree
ทต.แม่อาย/ตำบลแม่อาย/หน่วยเลือกตั้งที่ 7/สส. 5ทับ18.pdf,7,2.0,ตำบลแม่อาย,ทต.แม่อาย,286.0,230.0,220.0,8.0,2.0,7.0,นายไกร ดาบธรรม,พลังประชารัฐ,50.0,50,ห้าสิบ,numeric_text_agree
ทต.แม่อาย/ตำบลแม่อาย/หน่วยเลือกตั้งที่ 7/สส. 5ทับ18.pdf,7,2.0,ตำบลแม่อาย,ทต.แม่อาย,286.0,230.0,220.0,8.0,2.0,8.0,นายพิสิณฑ์ อุปนันท์,เศรษฐกิจ,0.0,0,ศูนย์,numeric_only
ทต.แม่อาย/ตำบลแม่อาย/หน่วยเลือกตั้งที่ 7/สส. 5ทับ18.pdf,7,2.0,ตำบลแม่อาย,ทต.แม่อาย,286.0,230.0,220.0,8.0,2.0,9.0,นายชาญวิทยายุทธ อินทร์แก้ว,ประชากรไทย,3.0,3,สาม,numeric_text_agree
ทต.แม่อาย/ตำบลแม่อาย/หน่วยเลือกตั้งที่ 3/สส. 5ทับ18.pdf,3,3.0,ตำบลแม่อาย,ทต.แม่อาย,432.0,291.0,275.0,8.0,8.0,1.0,นายอดุลย์ บุญใส,ภูมิใจไทย,2.0,2,สอง,numeric_text_agree
ทต.แม่อาย/ตำบลแม่อาย/หน่วยเลือกตั้งที่ 3/สส. 5ทับ18.pdf,3,3.0,ตำบลแม่อาย,ทต.แม่อาย,432.0,291.0,275.0,8.0,8.0,2.0,นายสมดุลย์ อุดเจริญ,ประชาชน,33.0,33,สามสิบสาม,numeric_text_agree
ทต.แม่อาย/ตำบลแม่อาย/หน่วยเลือกตั้งที่ 3/สส. 5ทับ18.pdf,3,3.0,ตำบลแม่อาย,ทต.แม่อาย,432.0,291.0,275.0,8.0,8.0,3.0,นายเกรียงกมล ศรีมา,ประชาธิปัตย์,0.0,0,ศูนย์,numeric_only
ทต.แม่อาย/ตำบลแม่อาย/หน่วยเลือกตั้งที่ 3/สส. 5ทับ18.pdf,3,3.0,ตำบลแม่อาย,ทต.แม่อาย,432.0,291.0,275.0,8.0,8.0,4.0,นายสันติ ตันสุขี,ก้าวอิสระ,3.0,3,สาม,numeric_text_agree
ทต.แม่อาย/ตำบลแม่อาย/หน่วยเลือกตั้งที่ 3/สส. 5ทับ18.pdf,3,3.0,ตำบลแม่อาย,ทต.แม่อาย,432.0,291.0,275.0,8.0,8.0,5.0,นายการุณย์ คูเจริญชัยกุล,กล้าธรรม,57.0,57,ห้าสิบเจ็ด,numeric_text_agree
ทต.แม่อาย/ตำบลแม่อาย/หน่วยเลือกตั้งที่ 3/สส. 5ทับ18.pdf,3,3.0,ตำบลแม่อาย,ทต.แม่อาย,432.0,291.0,275.0,8.0,8.0,6.0,นายนิกร วุฒินันชัย,เพื่อไทย,57.0,57,ห้าสิบเจ็ด,numeric_text_agree
ทต.แม่อาย/ตำบลแม่อาย/หน่วยเลือกตั้งที่ 3/สส. 5ทับ18.pdf,3,3.0,ตำบลแม่อาย,ทต.แม่อาย,432.0,291.0,275.0,8.0,8.0,7.0,นายไกร ดาบธรรม,พลังประชารัฐ,116.0,116,หนึ่งร้อยสิบหก,numeric_text_agree
ทต.แม่อาย/ตำบลแม่อาย/หน่วยเลือกตั้งที่ 3/สส. 5ทับ18.pdf,3,3.0,ตำบลแม่อาย,ทต.แม่อาย,432.0,291.0,275.0,8.0,8.0,8.0,นายพิสิษฐ์ อุปนันท์,เศรษฐกิจ,3.0,3,สาม,numeric_text_agree
ทต.แม่อาย/ตำบลแม่อาย/หน่วยเลือกตั้งที่ 3/สส. 5ทับ18.pdf,3,3.0,ตำบลแม่อาย,ทต.แม่อาย,432.0,291.0,275.0,8.0,8.0,9.0,นายชาญวิทยายุทธ์ อินทร์แก้ว,ประชากรไทย,4.0,4,สี่,numeric_text_agree
ทต.แม่อาย/ตำบลแม่อาย/หน่วยเลือกตั้งที่ 12/สส. 5ทับ18.pdf,12,11.0,ตำบลแม่อาย,ทต.แม่อาย,248.0,189.0,176.0,7.0,6.0,1.0,นายอดุลย์ บุญใส,ภูมิใจไทย,4.0,4,สี่,numeric_text_agree
ทต.แม่อาย/ตำบลแม่อาย/หน่วยเลือกตั้งที่ 12/สส. 5ทับ18.pdf,12,11.0,ตำบลแม่อาย,ทต.แม่อาย,248.0,189.0,176.0,7.0,6.0,2.0,นายสมดุลย์ อุตเจริญ,ประชาชน,21.0,21,ยี่สิบเอ็ด,numeric_text_agree
ทต.แม่อาย/ตำบลแม่อาย/หน่วยเลือกตั้งที่ 12/สส. 5ทับ18.pdf,12,11.0,ตำบลแม่อาย,ทต.แม่อาย,248.0,189.0,176.0,7.0,6.0,3.0,นายเกรียงกมล ศรีมา,ประชาธิปัตย์,0.0,0,-,numeric_only
ทต.แม่อาย/ตำบลแม่อาย/หน่วยเลือกตั้งที่ 12/สส. 5ทับ18.pdf,12,11.0,ตำบลแม่อาย,ทต.แม่อาย,248.0,189.0,176.0,7.0,6.0,4.0,นายสันติ ตันสุขหุ้ย,ก้าวอิสระ,1.0,1,หนึ่ง,numeric_text_agree
ทต.แม่อาย/ตำบลแม่อาย/หน่วยเลือกตั้งที่ 12/สส. 5ทับ18.pdf,12,11.0,ตำบลแม่อาย,ทต.แม่อาย,248.0,189.0,176.0,7.0,6.0,5.0,นายการุณย์ คูเจริญชัยกุล,กล้าธรรม,90.0,90,เก้าสิบ,numeric_text_agree
ทต.แม่อาย/ตำบลแม่อาย/หน่วยเลือกตั้งที่ 12/สส. 5ทับ18.pdf,12,11.0,ตำบลแม่อาย,ทต.แม่อาย,248.0,189.0,176.0,7.0,6.0,6.0,นายนิธิกร วุฒินันชัย,เพื่อไทย,20.0,20,ยี่สิบ,numeric_text_agree
ทต.แม่อาย/ตำบลแม่อาย/หน่วยเลือกตั้งที่ 12/สส. 5ทับ18.pdf,12,11.0,ตำบลแม่อาย,ทต.แม่อาย,248.0,189.0,176.0,7.0,6.0,7.0,นายไกร ดาบธรรม,พลังประชารัฐ,35.0,35,สามสิบห้า,numeric_text_agree
ทต.แม่อาย/ตำบลแม่อาย/หน่วยเลือกตั้งที่ 12/สส. 5ทับ18.pdf,12,11.0,ตำบลแม่อาย,ทต.แม่อาย,248.0,189.0,176.0,7.0,6.0,8.0,นายพิสิณฑ์ อุปนันท์,เศรษฐกิจ,3.0,3,สาม,numeric_text_agree
ทต.แม่อาย/ตำบลแม่อาย/หน่วยเลือกตั้งที่ 12/สส. 5ทับ18.pdf,12,11.0,ตำบลแม่อาย,ทต.แม่อาย,248.0,189.0,176.0,7.0,6.0,9.0,นายชาญวิทยายุทธ์ อินทร์แก้ว,ประชากรไทย,3.0,3,สาม,numeric_text_agree
ทต.แม่อาย/ตำบลแม่อาย/หน่วยเลือกตั้งที่ 10/สส. 5ทับ18.pdf,10,8.0,ตำบลแม่อาย,ทต.แม่อาย,301.0,185.0,170.0,10.0,5.0,1.0,นายอดุลย์ บุญใส,ภูมิใจไทย,1.0,1,หนึ่ง,numeric_text_agree
ทต.แม่อาย/ตำบลแม่อาย/หน่วยเลือกตั้งที่ 10/สส. 5ทับ18.pdf,10,8.0,ตำบลแม่อาย,ทต.แม่อาย,301.0,185.0,170.0,10.0,5.0,2.0,นายสมดุลย์ อุดเจริญ,ประชาชน,32.0,32,สามสิบสอง,numeric_text_agree
ทต.แม่อาย/ตำบลแม่อาย/หน่วยเลือกตั้งที่ 10/สส. 5ทับ18.pdf,10,8.0,ตำบลแม่อาย,ทต.แม่อาย,301.0,185.0,170.0,10.0,5.0,3.0,นายเกรียงกมล ศรีมา,ประชาธิปัตย์,0.0,0,ศูนย์,numeric_only
ทต.แม่อาย/ตำบลแม่อาย/หน่วยเลือกตั้งที่ 10/สส. 5ทับ18.pdf,10,8.0,ตำบลแม่อาย,ทต.แม่อาย,301.0,185.0,170.0,10.0,5.0,4.0,นายสันติ ตันสุขขี,ก้าวอิสระ,1.0,1,หนึ่ง,numeric_text_agree
ทต.แม่อาย/ตำบลแม่อาย/หน่วยเลือกตั้งที่ 10/สส. 5ทับ18.pdf,10,8.0,ตำบลแม่อาย,ทต.แม่อาย,301.0,185.0,170.0,10.0,5.0,5.0,นายการุณย์ คูเจริญชัยกุล,กล้าธรรม,37.0,37,สามสิบเจ็ด,numeric_text_agree
ทต.แม่อาย/ตำบลแม่อาย/หน่วยเลือกตั้งที่ 10/สส. 5ทับ18.pdf,10,8.0,ตำบลแม่อาย,ทต.แม่อาย,301.0,185.0,170.0,10.0,5.0,6.0,นายนิกร วุฒินันชัย,เพื่อไทย,17.0,17,สิบเจ็ด,numeric_text_agree
ทต.แม่อาย/ตำบลแม่อาย/หน่วยเลือกตั้งที่ 10/สส. 5ทับ18.pdf,10,8.0,ตำบลแม่อาย,ทต.แม่อาย,301.0,185.0,170.0,10.0,5.0,7.0,นายไกร ดาบธรรม,พลังประชารัฐ,18.0,18,สิบแปด,numeric_text_agree
ทต.แม่อาย/ตำบลแม่อาย/หน่วยเลือกตั้งที่ 10/สส. 5ทับ18.pdf,10,8.0,ตำบลแม่อาย,ทต.แม่อาย,301.0,185.0,170.0,10.0,5.0,8.0,นายพิสิณฑ์ อุปนันท์,เศรษฐกิจ,2.0,2,สอง,numeric_text_agree
ทต.แม่อาย/ตำบลแม่อาย/หน่วยเลือกตั้งที่ 10/สส. 5ทับ18.pdf,10,8.0,ตำบลแม่อาย,ทต.แม่อาย,301.0,185.0,170.0,10.0,5.0,9.0,นายชาญวิทยายุทธ อินทร์แก้ว,ประชากรไทย,0.0,0,ศูนย์,numeric_only
ทต.แม่อาย/ตำบลแม่อาย/หน่วยเลือกตั้งที่ 2/สส. 5ทับ18.pdf,2,2.0,ตำบลแม่อาย,ทต.แม่อาย,316.0,211.0,196.0,9.0,6.0,1.0,นายอดุลย์ บุญใส,ภูมิใจไทย,2.0,2,สอง,numeric_text_agree
ทต.แม่อาย/ตำบลแม่อาย/หน่วยเลือกตั้งที่ 2/สส. 5ทับ18.pdf,2,2.0,ตำบลแม่อาย,ทต.แม่อาย,316.0,211.0,196.0,9.0,6.0,2.0,นายสมดุลย์ อุดเจริญ,ประชาชน,28.0,28,ยี่สิบแปด,numeric_text_agree
ทต.แม่อาย/ตำบลแม่อาย/หน่วยเลือกตั้งที่ 2/สส. 5ทับ18.pdf,2,2.0,ตำบลแม่อาย,ทต.แม่อาย,316.0,211.0,196.0,9.0,6.0,3.0,นายเกรียงกมล ศรีมา,ประชาธิปัตย์,1.0,1,หนึ่ง,numeric_text_agree
ทต.แม่อาย/ตำบลแม่อาย/หน่วยเลือกตั้งที่ 2/สส. 5ทับ18.pdf,2,2.0,ตำบลแม่อาย,ทต.แม่อาย,316.0,211.0,196.0,9.0,6.0,4.0,นายสันติ ตันสุขขี,ก้าวอิสระ,2.0,2,สอง,numeric_text_agree
ทต.แม่อาย/ตำบลแม่อาย/หน่วยเลือกตั้งที่ 2/สส. 5ทับ18.pdf,2,2.0,ตำบลแม่อาย,ทต.แม่อาย,316.0,211.0,196.0,9.0,6.0,5.0,นายการุณย์ คูเจริญชัยกุล,กล้าธรรม,91.0,91,เก้าสิบเอ็ด,numeric_text_agree
ทต.แม่อาย/ตำบลแม่อาย/หน่วยเลือกตั้งที่ 2/สส. 5ทับ18.pdf,2,2.0,ตำบลแม่อาย,ทต.แม่อาย,316.0,211.0,196.0,9.0,6.0,6.0,นายนิธิกร วุฒินัย,เพื่อไทย,21.0,21,ยี่สิบเอ็ด,numeric_text_agree
ทต.แม่อาย/ตำบลแม่อาย/หน่วยเลือกตั้งที่ 2/สส. 5ทับ18.pdf,2,2.0,ตำบลแม่อาย,ทต.แม่อาย,316.0,211.0,196.0,9.0,6.0,7.0,นายไกร ดาบธรรม,พลังประชารัฐ,46.0,46,สี่สิบหก,numeric_text_agree
ทต.แม่อาย/ตำบลแม่อาย/หน่วยเลือกตั้งที่ 2/สส. 5ทับ18.pdf,2,2.0,ตำบลแม่อาย,ทต.แม่อาย,316.0,211.0,196.0,9.0,6.0,8.0,นายพิสัณห์ อุปนันท์,เศรษฐกิจ,4.0,4,สี่,numeric_text_agree
ทต.แม่อาย/ตำบลแม่อาย/หน่วยเลือกตั้งที่ 2/สส. 5ทับ18.pdf,2,2.0,ตำบลแม่อาย,ทต.แม่อาย,316.0,211.0,196.0,9.0,6.0,9.0,นายชาญวิทยายุทธ อินทร์แก้ว,ประชากรไทย,1.0,1,หนึ่ง,numeric_text_agree
ทต.แม่อาย/ตำบลแม่อาย/หน่วยเลือกตั้งที่ 11/สส. 5ทับ18.pdf,11,10.0,ตำบลแม่อาย,ทต.แม่อาย,378.0,234.0,219.0,7.0,8.0,1.0,นายอดุลย์ บุญใส,ภูมิใจไทย,6.0,6,หก,numeric_text_agree
ทต.แม่อาย/ตำบลแม่อาย/หน่วยเลือกตั้งที่ 11/สส. 5ทับ18.pdf,11,10.0,ตำบลแม่อาย,ทต.แม่อาย,378.0,234.0,219.0,7.0,8.0,2.0,นายสมดุลย์ อุดเจริญ,ประชาชน,35.0,35,สามสิบห้า,numeric_text_agree
ทต.แม่อาย/ตำบลแม่อาย/หน่วยเลือกตั้งที่ 11/สส. 5ทับ18.pdf,11,10.0,ตำบลแม่อาย,ทต.แม่อาย,378.0,234.0,219.0,7.0,8.0,3.0,นายเกรียงกมล ศรีมา,ประชาธิปัตย์,1.0,1,หนึ่ง,numeric_text_agree
ทต.แม่อาย/ตำบลแม่อาย/หน่วยเลือกตั้งที่ 11/สส. 5ทับ18.pdf,11,10.0,ตำบลแม่อาย,ทต.แม่อาย,378.0,234.0,219.0,7.0,8.0,4.0,นายสันติ ตันสุข,ก้าวอิสระ,3.0,3,สาม,numeric_text_agree
ทต.แม่อาย/ตำบลแม่อาย/หน่วยเลือกตั้งที่ 11/สส. 5ทับ18.pdf,11,10.0,ตำบลแม่อาย,ทต.แม่อาย,378.0,234.0,219.0,7.0,8.0,5.0,นายการุณย์ คูเจริญชัยกุล,กล้าธรรม,93.0,93,เก้าสิบสาม,numeric_text_agree
ทต.แม่อาย/ตำบลแม่อาย/หน่วยเลือกตั้งที่ 11/สส. 5ทับ18.pdf,11,10.0,ตำบลแม่อาย,ทต.แม่อาย,378.0,234.0,219.0,7.0,8.0,6.0,นายนิกร วุฒินันชัย,เพื่อไทย,25.0,25,ยี่สิบห้า,numeric_text_agree
ทต.แม่อาย/ตำบลแม่อาย/หน่วยเลือกตั้งที่ 11/สส. 5ทับ18.pdf,11,10.0,ตำบลแม่อาย,ทต.แม่อาย,378.0,234.0,219.0,7.0,8.0,7.0,นายไกร ดาบธรรม,พลังประชารัฐ,44.0,44,สี่สิบสี่,numeric_text_agree
ทต.แม่อาย/ตำบลแม่อาย/หน่วยเลือกตั้งที่ 11/สส. 5ทับ18.pdf,11,10.0,ตำบลแม่อาย,ทต.แม่อาย,378.0,234.0,219.0,7.0,8.0,8.0,นายพิสิณฑ์ อุปนันท์,เศรษฐกิจ,4.0,4,สี่,numeric_text_agree
ทต.แม่อาย/ตำบลแม่อาย/หน่วยเลือกตั้งที่ 11/สส. 5ทับ18.pdf,11,10.0,ตำบลแม่อาย,ทต.แม่อาย,378.0,234.0,219.0,7.0,8.0,9.0,นายชาญวิทยายุทธ์ อินทร์แก้ว,ประชากรไทย,3.0,3,สาม,numeric_text_agree
ทต.แม่อาย/ตำบลแม่อาย/หน่วยเลือกตั้งที่ 1/สส. 5ทับ18.pdf,1,1.0,ตำบลแม่อาย,ทต.แม่อาย,573.0,409.0,377.0,18.0,14.0,1.0,นายอดุลย์ บุญใส,ภูมิใจไทย,3.0,3,สาม,numeric_text_agree
ทต.แม่อาย/ตำบลแม่อาย/หน่วยเลือกตั้งที่ 1/สส. 5ทับ18.pdf,1,1.0,ตำบลแม่อาย,ทต.แม่อาย,573.0,409.0,377.0,18.0,14.0,2.0,นายสมดุลย์ อุดเจริญ,ประชาชน,78.0,78,เจ็ดสิบแปด,numeric_text_agree
ทต.แม่อาย/ตำบลแม่อาย/หน่วยเลือกตั้งที่ 1/สส. 5ทับ18.pdf,1,1.0,ตำบลแม่อาย,ทต.แม่อาย,573.0,409.0,377.0,18.0,14.0,3.0,นายเกรียงกมล ศรีมา,ประชาธิปัตย์,1.0,1,หนึ่ง,numeric_text_agree
ทต.แม่อาย/ตำบลแม่อาย/หน่วยเลือกตั้งที่ 1/สส. 5ทับ18.pdf,1,1.0,ตำบลแม่อาย,ทต.แม่อาย,573.0,409.0,377.0,18.0,14.0,4.0,นายสันติ ตันสุขหัช,ก้าวอิสระ,1.0,1,หนึ่ง,numeric_text_agree
ทต.แม่อาย/ตำบลแม่อาย/หน่วยเลือกตั้งที่ 1/สส. 5ทับ18.pdf,1,1.0,ตำบลแม่อาย,ทต.แม่อาย,573.0,409.0,377.0,18.0,14.0,5.0,นายการุณย์ คูเจริญชัยกุล,กล้าธรรม,102.0,102,หนึ่งร้อยสอง,numeric_text_agree
ทต.แม่อาย/ตำบลแม่อาย/หน่วยเลือกตั้งที่ 1/สส. 5ทับ18.pdf,1,1.0,ตำบลแม่อาย,ทต.แม่อาย,573.0,409.0,377.0,18.0,14.0,6.0,นายนิกร วุฒินันชัย,เพื่อไทย,70.0,70,เจ็ดสิบ,numeric_text_agree
ทต.แม่อาย/ตำบลแม่อาย/หน่วยเลือกตั้งที่ 1/สส. 5ทับ18.pdf,1,1.0,ตำบลแม่อาย,ทต.แม่อาย,573.0,409.0,377.0,18.0,14.0,7.0,นายไกร ดาบธรรม,พลังประชารัฐ,112.0,112,หนึ่งร้อยสิบสอง,numeric_text_agree
ทต.แม่อาย/ตำบลแม่อาย/หน่วยเลือกตั้งที่ 1/สส. 5ทับ18.pdf,1,1.0,ตำบลแม่อาย,ทต.แม่อาย,573.0,409.0,377.0,18.0,14.0,8.0,นายพิสิณห์ อุปนันท์,เศรษฐกิจ,2.0,2,สอง,numeric_text_agree
ทต.แม่อาย/ตำบลแม่อาย/หน่วยเลือกตั้งที่ 1/สส. 5ทับ18.pdf,1,1.0,ตำบลแม่อาย,ทต.แม่อาย,573.0,409.0,377.0,18.0,14.0,9.0,นายชาญวิทยายุทธ อินทร์แก้ว,ประชากรไทย,8.0,8,แปด,numeric_text_agree
ทต.แม่อาย/ตำบลมะลิกา/หน่วยเลือกตั้งที่ 20/สส. 5ทับ18.pdf,20,9.0,ตำบลมะลิกา,ทต.แม่อาย,235.0,183.0,170.0,11.0,2.0,1.0,นายอดุลย์ บุญใส,ภูมิใจไทย,3.0,3,สาม,numeric_text_agree
ทต.แม่อาย/ตำบลมะลิกา/หน่วยเลือกตั้งที่ 20/สส. 5ทับ18.pdf,20,9.0,ตำบลมะลิกา,ทต.แม่อาย,235.0,183.0,170.0,11.0,2.0,2.0,นายสมดุลย์ อุดเจริญ,ประชาชน,21.0,21,ยี่สิบเอ็ด,numeric_text_agree
ทต.แม่อาย/ตำบลมะลิกา/หน่วยเลือกตั้งที่ 20/สส. 5ทับ18.pdf,20,9.0,ตำบลมะลิกา,ทต.แม่อาย,235.0,183.0,170.0,11.0,2.0,3.0,นายเกรียงกมล ศรีมา,ประชาธิปัตย์,1.0,1,หนึ่ง,numeric_text_agree
ทต.แม่อาย/ตำบลมะลิกา/หน่วยเลือกตั้งที่ 20/สส. 5ทับ18.pdf,20,9.0,ตำบลมะลิกา,ทต.แม่อาย,235.0,183.0,170.0,11.0,2.0,4.0,นายสันติ ตันสุขี,ก้าวอิสระ,1.0,1,หนึ่ง,numeric_text_agree
ทต.แม่อาย/ตำบลมะลิกา/หน่วยเลือกตั้งที่ 20/สส. 5ทับ18.pdf,20,9.0,ตำบลมะลิกา,ทต.แม่อาย,235.0,183.0,170.0,11.0,2.0,5.0,นายการุณย์ คูเจริญชัยกุล,กล้าธรรม,104.0,104,หนึ่งร้อยสี่,numeric_text_agree
ทต.แม่อาย/ตำบลมะลิกา/หน่วยเลือกตั้งที่ 20/สส. 5ทับ18.pdf,20,9.0,ตำบลมะลิกา,ทต.แม่อาย,235.0,183.0,170.0,11.0,2.0,6.0,นายนิกร วุฒินันชัย,เพื่อไทย,16.0,16,สิบหก,numeric_text_agree
ทต.แม่อาย/ตำบลมะลิกา/หน่วยเลือกตั้งที่ 20/สส. 5ทับ18.pdf,20,9.0,ตำบลมะลิกา,ทต.แม่อาย,235.0,183.0,170.0,11.0,2.0,7.0,นายไกร ดาบธรรม,พลังประชารัฐ,22.0,22,ยี่สิบสอง,numeric_text_agree
ทต.แม่อาย/ตำบลมะลิกา/หน่วยเลือกตั้งที่ 20/สส. 5ทับ18.pdf,20,9.0,ตำบลมะลิกา,ทต.แม่อาย,235.0,183.0,170.0,11.0,2.0,8.0,นายพิสัณห์ อุปนันท์,เศรษฐกิจ,1.0,1,หนึ่ง,numeric_text_agree
ทต.แม่อาย/ตำบลมะลิกา/หน่วยเลือกตั้งที่ 20/สส. 5ทับ18.pdf,20,9.0,ตำบลมะลิกา,ทต.แม่อาย,235.0,183.0,170.0,11.0,2.0,9.0,นายชาญวิทยายุทธ์ อินทร์แก้ว,ประชากรไทย,1.0,1,หนึ่ง,numeric_text_agree
ทต.แม่อาย/ตำบลมะลิกา/หน่วยเลือกตั้งที่ 19/สส. 5ทับ18.pdf,19,8.0,ตำบลมะลิกา,ทต.แม่อาย,454.0,295.0,279.0,7.0,9.0,1.0,นายอดุลย์ บุญใส,ภูมิใจไทย,1.0,1,หนึ่ง,numeric_text_agree
ทต.แม่อาย/ตำบลมะลิกา/หน่วยเลือกตั้งที่ 19/สส. 5ทับ18.pdf,19,8.0,ตำบลมะลิกา,ทต.แม่อาย,454.0,295.0,279.0,7.0,9.0,2.0,นายสมดุลย์ อุดเจริญ,ประชาชน,37.0,37,สามสิบเจ็ด,numeric_text_agree
ทต.แม่อาย/ตำบลมะลิกา/หน่วยเลือกตั้งที่ 19/สส. 5ทับ18.pdf,19,8.0,ตำบลมะลิกา,ทต.แม่อาย,454.0,295.0,279.0,7.0,9.0,3.0,นายเกรียงกมล ศรีมา,ประชาธิปัตย์,0.0,0,ศูนย์,numeric_only
ทต.แม่อาย/ตำบลมะลิกา/หน่วยเลือกตั้งที่ 19/สส. 5ทับ18.pdf,19,8.0,ตำบลมะลิกา,ทต.แม่อาย,454.0,295.0,279.0,7.0,9.0,4.0,นายสันติ ตันสุขชัย,ก้าวอิสระ,1.0,1,หนึ่ง,numeric_text_agree
ทต.แม่อาย/ตำบลมะลิกา/หน่วยเลือกตั้งที่ 19/สส. 5ทับ18.pdf,19,8.0,ตำบลมะลิกา,ทต.แม่อาย,454.0,295.0,279.0,7.0,9.0,5.0,นายการุณย์ คูเจริญชัยกุล,กล้าธรรม,82.0,82,แปดสิบสอง,numeric_text_agree
ทต.แม่อาย/ตำบลมะลิกา/หน่วยเลือกตั้งที่ 19/สส. 5ทับ18.pdf,19,8.0,ตำบลมะลิกา,ทต.แม่อาย,454.0,295.0,279.0,7.0,9.0,6.0,นายนิธิกร วุฒินันชัย,เพื่อไทย,21.0,21,ยี่สิบเอ็ด,numeric_text_agree
ทต.แม่อาย/ตำบลมะลิกา/หน่วยเลือกตั้งที่ 19/สส. 5ทับ18.pdf,19,8.0,ตำบลมะลิกา,ทต.แม่อาย,454.0,295.0,279.0,7.0,9.0,7.0,นายไกร ดาบธรรม,พลังประชารัฐ,135.0,135,หนึ่งร้อยสามสิบห้า,numeric_text_agree
ทต.แม่อาย/ตำบลมะลิกา/หน่วยเลือกตั้งที่ 19/สส. 5ทับ18.pdf,19,8.0,ตำบลมะลิกา,ทต.แม่อาย,454.0,295.0,279.0,7.0,9.0,8.0,นายพิสิษฐ์ อุปนันท์,เศรษฐกิจ,0.0,0,ศูนย์,numeric_only
ทต.แม่อาย/ตำบลมะลิกา/หน่วยเลือกตั้งที่ 19/สส. 5ทับ18.pdf,19,8.0,ตำบลมะลิกา,ทต.แม่อาย,454.0,295.0,279.0,7.0,9.0,9.0,นายชาญวิทยายุทธ์ อินทร์แก้ว,ประชากรไทย,2.0,2,สอง,numeric_text_agree
ทต.แม่อาย/ตำบลมะลิกา/หน่วยเลือกตั้งที่ 21/สส. 5ทับ18.pdf,21,10.0,ตำบลมะลิกา,ทต.แม่อาย,283.0,184.0,171.0,7.0,6.0,1.0,นายอดุลย์ บุญใส,ภูมิใจไทย,0.0,0,ศูนย์,numeric_only
ทต.แม่อาย/ตำบลมะลิกา/หน่วยเลือกตั้งที่ 21/สส. 5ทับ18.pdf,21,10.0,ตำบลมะลิกา,ทต.แม่อาย,283.0,184.0,171.0,7.0,6.0,2.0,นายสมดุลย์ อุตเจริญ,ประชาชน,29.0,29,ยี่สิบเก้าคะแนน,numeric_text_agree
ทต.แม่อาย/ตำบลมะลิกา/หน่วยเลือกตั้งที่ 21/สส. 5ทับ18.pdf,21,10.0,ตำบลมะลิกา,ทต.แม่อาย,283.0,184.0,171.0,7.0,6.0,3.0,นายเกรียงกมล ศรีมา,ประชาธิปัตย์,1.0,1,หนึ่งคะแนน,numeric_text_agree
ทต.แม่อาย/ตำบลมะลิกา/หน่วยเลือกตั้งที่ 21/สส. 5ทับ18.pdf,21,10.0,ตำบลมะลิกา,ทต.แม่อาย,283.0,184.0,171.0,7.0,6.0,4.0,นายสันติ ตันสุขขี,ก้าวอิสระ,2.0,2,สองคะแนน,numeric_text_agree
ทต.แม่อาย/ตำบลมะลิกา/หน่วยเลือกตั้งที่ 21/สส. 5ทับ18.pdf,21,10.0,ตำบลมะลิกา,ทต.แม่อาย,283.0,184.0,171.0,7.0,6.0,5.0,นายการุณย์ คูเจริญชัยกุล,กล้าธรรม,84.0,84,แปดสิบสี่คะแนน,numeric_text_agree
ทต.แม่อาย/ตำบลมะลิกา/หน่วยเลือกตั้งที่ 21/สส. 5ทับ18.pdf,21,10.0,ตำบลมะลิกา,ทต.แม่อาย,283.0,184.0,171.0,7.0,6.0,6.0,นายนิธิกร วุฒินันชัย,เพื่อไทย,10.0,10,สิบคะแนน,numeric_text_agree
ทต.แม่อาย/ตำบลมะลิกา/หน่วยเลือกตั้งที่ 21/สส. 5ทับ18.pdf,21,10.0,ตำบลมะลิกา,ทต.แม่อาย,283.0,184.0,171.0,7.0,6.0,7.0,นายไกร ดาบธรรม,พลังประชารัฐ,43.0,43,สี่สิบสามคะแนน,numeric_text_agree
ทต.แม่อาย/ตำบลมะลิกา/หน่วยเลือกตั้งที่ 21/สส. 5ทับ18.pdf,21,10.0,ตำบลมะลิกา,ทต.แม่อาย,283.0,184.0,171.0,7.0,6.0,8.0,นายพิสัณห์ อุปนันท์,เศรษฐกิจ,1.0,1,หนึ่งคะแนน,numeric_text_agree
ทต.แม่อาย/ตำบลมะลิกา/หน่วยเลือกตั้งที่ 21/สส. 5ทับ18.pdf,21,10.0,ตำบลมะลิกา,ทต.แม่อาย,283.0,184.0,171.0,7.0,6.0,9.0,นายชาญวิทยายุทธ์ อินทร์แก้ว,ประชากรไทย,1.0,1,หนึ่งคะแนน,numeric_text_agree
ทต.แม่อาย/ตำบลมะลิกา/หน่วยเลือกตั้งที่ 17/สส. 5ทับ18.pdf,17,6.0,ตำบลมะลิกา,ทต.แม่อาย,406.0,268.0,254.0,6.0,8.0,1.0,นายอดุลย์ บุญใส,ภูมิใจไทย,2.0,2,สอง,numeric_text_agree
ทต.แม่อาย/ตำบลมะลิกา/หน่วยเลือกตั้งที่ 17/สส. 5ทับ18.pdf,17,6.0,ตำบลมะลิกา,ทต.แม่อาย,406.0,268.0,254.0,6.0,8.0,2.0,นายสมดุลย์ อุดเจริญ,ประชาชน,47.0,47,สี่สิบเจ็ด,numeric_text_agree
ทต.แม่อาย/ตำบลมะลิกา/หน่วยเลือกตั้งที่ 17/สส. 5ทับ18.pdf,17,6.0,ตำบลมะลิกา,ทต.แม่อาย,406.0,268.0,254.0,6.0,8.0,3.0,นายเกรียงกมล ศรีมา,ประชาธิปัตย์,0.0,0,ศูนย์,numeric_only
ทต.แม่อาย/ตำบลมะลิกา/หน่วยเลือกตั้งที่ 17/สส. 5ทับ18.pdf,17,6.0,ตำบลมะลิกา,ทต.แม่อาย,406.0,268.0,254.0,6.0,8.0,4.0,นายสันติ ตันสุขชัย,ก้าวอิสระ,0.0,0,ศูนย์,numeric_only
ทต.แม่อาย/ตำบลมะลิกา/หน่วยเลือกตั้งที่ 17/สส. 5ทับ18.pdf,17,6.0,ตำบลมะลิกา,ทต.แม่อาย,406.0,268.0,254.0,6.0,8.0,5.0,นายการุณย์ คูเจริญชัยกุล,กล้าธรรม,83.0,83,แปดสิบสาม,numeric_text_agree
ทต.แม่อาย/ตำบลมะลิกา/หน่วยเลือกตั้งที่ 17/สส. 5ทับ18.pdf,17,6.0,ตำบลมะลิกา,ทต.แม่อาย,406.0,268.0,254.0,6.0,8.0,6.0,นายนิธากร วุฒินันชัย,เพื่อไทย,49.0,49,สี่สิบเก้า,numeric_text_agree
ทต.แม่อาย/ตำบลมะลิกา/หน่วยเลือกตั้งที่ 17/สส. 5ทับ18.pdf,17,6.0,ตำบลมะลิกา,ทต.แม่อาย,406.0,268.0,254.0,6.0,8.0,7.0,นายไกร ดาบธรรม,พลังประชารัฐ,70.0,70,เจ็ดสิบ,numeric_text_agree
ทต.แม่อาย/ตำบลมะลิกา/หน่วยเลือกตั้งที่ 17/สส. 5ทับ18.pdf,17,6.0,ตำบลมะลิกา,ทต.แม่อาย,406.0,268.0,254.0,6.0,8.0,8.0,นายพิสิณห์ อุปนันท์,เศรษฐกิจ,2.0,2,สอง,numeric_text_agree
ทต.แม่อาย/ตำบลมะลิกา/หน่วยเลือกตั้งที่ 17/สส. 5ทับ18.pdf,17,6.0,ตำบลมะลิกา,ทต.แม่อาย,406.0,268.0,254.0,6.0,8.0,9.0,นายชาญวิทยายุทธ์ อินทร์แก้ว,ประชากรไทย,1.0,1,หนึ่ง,numeric_text_agree
ทต.แม่อาย/ตำบลมะลิกา/หน่วยเลือกตั้งที่ 16/สส. 5ทับ18.pdf,16,5.0,ตำบลมะลิกา,ทต.แม่อาย,289.0,212.0,193.0,9.0,10.0,1.0,นายอดุลย์ บุญใส,ภูมิใจไทย,,,,missing
ทต.แม่อาย/ตำบลมะลิกา/หน่วยเลือกตั้งที่ 16/สส. 5ทับ18.pdf,16,5.0,ตำบลมะลิกา,ทต.แม่อาย,289.0,212.0,193.0,9.0,10.0,2.0,นายสมดุลย์ อุดเจริญ,ประชาชน,36.0,36,สามสิบหก,numeric_text_agree
ทต.แม่อาย/ตำบลมะลิกา/หน่วยเลือกตั้งที่ 16/สส. 5ทับ18.pdf,16,5.0,ตำบลมะลิกา,ทต.แม่อาย,289.0,212.0,193.0,9.0,10.0,3.0,นายเกรียงกมล ศรีมา,ประชาธิปัตย์,,,,missing
ทต.แม่อาย/ตำบลมะลิกา/หน่วยเลือกตั้งที่ 16/สส. 5ทับ18.pdf,16,5.0,ตำบลมะลิกา,ทต.แม่อาย,289.0,212.0,193.0,9.0,10.0,4.0,นายสันติ ตันสุขัช,ก้าวอิสระ,,,,missing
ทต.แม่อาย/ตำบลมะลิกา/หน่วยเลือกตั้งที่ 16/สส. 5ทับ18.pdf,16,5.0,ตำบลมะลิกา,ทต.แม่อาย,289.0,212.0,193.0,9.0,10.0,5.0,นายการุณย์ คูเจริญชัยกุล,กล้าธรรม,44.0,44,สี่สิบสี่,numeric_text_agree
ทต.แม่อาย/ตำบลมะลิกา/หน่วยเลือกตั้งที่ 16/สส. 5ทับ18.pdf,16,5.0,ตำบลมะลิกา,ทต.แม่อาย,289.0,212.0,193.0,9.0,10.0,6.0,นายนิธากร วุฒินันชัย,เพื่อไทย,46.0,46,สี่สิบหก,numeric_text_agree
ทต.แม่อาย/ตำบลมะลิกา/หน่วยเลือกตั้งที่ 16/สส. 5ทับ18.pdf,16,5.0,ตำบลมะลิกา,ทต.แม่อาย,289.0,212.0,193.0,9.0,10.0,7.0,นายไกร ดาบธรรม,พลังประชารัฐ,60.0,60,หกสิบ,numeric_text_agree
ทต.แม่อาย/ตำบลมะลิกา/หน่วยเลือกตั้งที่ 16/สส. 5ทับ18.pdf,16,5.0,ตำบลมะลิกา,ทต.แม่อาย,289.0,212.0,193.0,9.0,10.0,8.0,นายพิสิณฑ์ อุปนันท์,เศรษฐกิจ,1.0,1,หนึ่ง,numeric_text_agree
ทต.แม่อาย/ตำบลมะลิกา/หน่วยเลือกตั้งที่ 16/สส. 5ทับ18.pdf,16,5.0,ตำบลมะลิกา,ทต.แม่อาย,289.0,212.0,193.0,9.0,10.0,9.0,นายชาญวิทยายุทธ์ อินทร์แก้ว,ประชากรไทย,6.0,6,หก,numeric_text_agree
ทต.แม่อาย/ตำบลมะลิกา/หน่วยเลือกตั้งที่ 15/สส. 5ทับ18.pdf,15,4.0,ตำบลมะลิกา,ทต.แม่อาย,278.0,179.0,168.0,9.0,2.0,1.0,นายอดุลย์ บุญใส,ภูมิใจไทย,0.0,0,ศูนย์,numeric_only
ทต.แม่อาย/ตำบลมะลิกา/หน่วยเลือกตั้งที่ 15/สส. 5ทับ18.pdf,15,4.0,ตำบลมะลิกา,ทต.แม่อาย,278.0,179.0,168.0,9.0,2.0,2.0,นายสมดุลย์ อุดเจริญ,ประชาชน,30.0,30,สามสิบ,numeric_text_agree
ทต.แม่อาย/ตำบลมะลิกา/หน่วยเลือกตั้งที่ 15/สส. 5ทับ18.pdf,15,4.0,ตำบลมะลิกา,ทต.แม่อาย,278.0,179.0,168.0,9.0,2.0,3.0,นายเกรียงกมล ศรีมา,ประชาธิปัตย์,2.0,2,สอง,numeric_text_agree
ทต.แม่อาย/ตำบลมะลิกา/หน่วยเลือกตั้งที่ 15/สส. 5ทับ18.pdf,15,4.0,ตำบลมะลิกา,ทต.แม่อาย,278.0,179.0,168.0,9.0,2.0,4.0,นายสันติ ตันสุขทัช,ก้าวอิสระ,1.0,1,หนึ่ง,numeric_text_agree
ทต.แม่อาย/ตำบลมะลิกา/หน่วยเลือกตั้งที่ 15/สส. 5ทับ18.pdf,15,4.0,ตำบลมะลิกา,ทต.แม่อาย,278.0,179.0,168.0,9.0,2.0,5.0,นายการุณย์ คูเจริญชัยกุล,กล้าธรรม,45.0,45,สี่สิบห้า,numeric_text_agree
ทต.แม่อาย/ตำบลมะลิกา/หน่วยเลือกตั้งที่ 15/สส. 5ทับ18.pdf,15,4.0,ตำบลมะลิกา,ทต.แม่อาย,278.0,179.0,168.0,9.0,2.0,6.0,นายนิกร วุฒินันชัย,เพื่อไทย,36.0,36,สามสิบหก,numeric_text_agree
ทต.แม่อาย/ตำบลมะลิกา/หน่วยเลือกตั้งที่ 15/สส. 5ทับ18.pdf,15,4.0,ตำบลมะลิกา,ทต.แม่อาย,278.0,179.0,168.0,9.0,2.0,7.0,นายไกร ดาบธรรม,พลังประชารัฐ,49.0,49,สี่สิบเก้า,numeric_text_agree
ทต.แม่อาย/ตำบลมะลิกา/หน่วยเลือกตั้งที่ 15/สส. 5ทับ18.pdf,15,4.0,ตำบลมะลิกา,ทต.แม่อาย,278.0,179.0,168.0,9.0,2.0,8.0,นายพิสิณฑ์ อุปนันท์,เศรษฐกิจ,4.0,4,สี่,numeric_text_agree
ทต.แม่อาย/ตำบลมะลิกา/หน่วยเลือกตั้งที่ 15/สส. 5ทับ18.pdf,15,4.0,ตำบลมะลิกา,ทต.แม่อาย,278.0,179.0,168.0,9.0,2.0,9.0,นายชาญวิทยายุทธ์ อินทร์แก้ว,ประชากรไทย,1.0,1,หนึ่ง,numeric_text_agree
ทต.แม่อาย/ตำบลมะลิกา/หน่วยเลือกตั้งที่ 13/สส. 5ทับ18.pdf,13,2.0,ตำบลมะลิกา,ทต.แม่อาย,188.0,149.0,136.0,8.0,5.0,1.0,นายอดุลย์ บุญใส,ภูมิใจไทย,4.0,4,สี่,numeric_text_agree
ทต.แม่อาย/ตำบลมะลิกา/หน่วยเลือกตั้งที่ 13/สส. 5ทับ18.pdf,13,2.0,ตำบลมะลิกา,ทต.แม่อาย,188.0,149.0,136.0,8.0,5.0,2.0,นายสมดุลย์ อุดเจริญ,ประชาชน,7.0,7,เจ็ด,numeric_text_agree
ทต.แม่อาย/ตำบลมะลิกา/หน่วยเลือกตั้งที่ 13/สส. 5ทับ18.pdf,13,2.0,ตำบลมะลิกา,ทต.แม่อาย,188.0,149.0,136.0,8.0,5.0,3.0,นายเกรียงกมล ศรีมา,ประชาธิปัตย์,0.0,0,ศูนย์,numeric_only
ทต.แม่อาย/ตำบลมะลิกา/หน่วยเลือกตั้งที่ 13/สส. 5ทับ18.pdf,13,2.0,ตำบลมะลิกา,ทต.แม่อาย,188.0,149.0,136.0,8.0,5.0,4.0,นายสันติ ตันสุขชัย,ก้าวอิสระ,0.0,0,ศูนย์,numeric_only
ทต.แม่อาย/ตำบลมะลิกา/หน่วยเลือกตั้งที่ 13/สส. 5ทับ18.pdf,13,2.0,ตำบลมะลิกา,ทต.แม่อาย,188.0,149.0,136.0,8.0,5.0,5.0,นายการุณย์ คูเจริญชัยกุล,กล้าธรรม,97.0,97,เก้าสิบเจ็ด,numeric_text_agree
ทต.แม่อาย/ตำบลมะลิกา/หน่วยเลือกตั้งที่ 13/สส. 5ทับ18.pdf,13,2.0,ตำบลมะลิกา,ทต.แม่อาย,188.0,149.0,136.0,8.0,5.0,6.0,นายนิธิกร วุฒินันชัย,เพื่อไทย,18.0,18,สิบแปด,numeric_text_agree
ทต.แม่อาย/ตำบลมะลิกา/หน่วยเลือกตั้งที่ 13/สส. 5ทับ18.pdf,13,2.0,ตำบลมะลิกา,ทต.แม่อาย,188.0,149.0,136.0,8.0,5.0,7.0,นายไกร ดาบธรรม,พลังประชารัฐ,12.0,12,สิบสอง,numeric_text_agree
ทต.แม่อาย/ตำบลมะลิกา/หน่วยเลือกตั้งที่ 13/สส. 5ทับ18.pdf,13,2.0,ตำบลมะลิกา,ทต.แม่อาย,188.0,149.0,136.0,8.0,5.0,8.0,นายพิสิณฑ์ อุปนันท์,เศรษฐกิจ,1.0,1,หนึ่ง,numeric_text_agree
ทต.แม่อาย/ตำบลมะลิกา/หน่วยเลือกตั้งที่ 13/สส. 5ทับ18.pdf,13,2.0,ตำบลมะลิกา,ทต.แม่อาย,188.0,149.0,136.0,8.0,5.0,9.0,นายชาญวิทยายุทธ์ อินทร์แก้ว,ประชากรไทย,1.0,1,หนึ่ง,numeric_text_agree
อำเภอฝาง/ตำบลโป่งน้ำร้อน/หน่วยเลือกตั้งที่ 7/สส. 5ทับ18.pdf,7,7.0,ตำบลโป่งน้ำร้อน,อำเภอฝาง,409.0,305.0,281.0,9.0,15.0,1.0,นายอดุลย์ บุญใส,ภูมิใจไทย,13.0,13,สิบสามคะแนน,numeric_text_agree
อำเภอฝาง/ตำบลโป่งน้ำร้อน/หน่วยเลือกตั้งที่ 7/สส. 5ทับ18.pdf,7,7.0,ตำบลโป่งน้ำร้อน,อำเภอฝาง,409.0,305.0,281.0,9.0,15.0,2.0,นายสมดุลย์ อุดเจริญ,ประชาชน,67.0,67,หกสิบเจ็ดคะแนน,numeric_text_agree
อำเภอฝาง/ตำบลโป่งน้ำร้อน/หน่วยเลือกตั้งที่ 7/สส. 5ทับ18.pdf,7,7.0,ตำบลโป่งน้ำร้อน,อำเภอฝาง,409.0,305.0,281.0,9.0,15.0,3.0,นายเกรียงกมล ศรีมา,ประชาธิปัตย์,5.0,5,ห้าคะแนน,numeric_text_agree
อำเภอฝาง/ตำบลโป่งน้ำร้อน/หน่วยเลือกตั้งที่ 7/สส. 5ทับ18.pdf,7,7.0,ตำบลโป่งน้ำร้อน,อำเภอฝาง,409.0,305.0,281.0,9.0,15.0,4.0,นายสันติ ตันสุขขี,ก้าวอิสระ,2.0,2,สองคะแนน,numeric_text_agree
อำเภอฝาง/ตำบลโป่งน้ำร้อน/หน่วยเลือกตั้งที่ 7/สส. 5ทับ18.pdf,7,7.0,ตำบลโป่งน้ำร้อน,อำเภอฝาง,409.0,305.0,281.0,9.0,15.0,5.0,นายการุณย์ คูเจริญชัยกุล,กล้าธรรม,126.0,126,หนึ่งร้อยยี่สิบหกคะแนน,numeric_text_agree
อำเภอฝาง/ตำบลโป่งน้ำร้อน/หน่วยเลือกตั้งที่ 7/สส. 5ทับ18.pdf,7,7.0,ตำบลโป่งน้ำร้อน,อำเภอฝาง,409.0,305.0,281.0,9.0,15.0,6.0,นายนิกร วุฒิขันชัย,เพื่อไทย,32.0,32,สามสิบสองคะแนน,numeric_text_agree
อำเภอฝาง/ตำบลโป่งน้ำร้อน/หน่วยเลือกตั้งที่ 7/สส. 5ทับ18.pdf,7,7.0,ตำบลโป่งน้ำร้อน,อำเภอฝาง,409.0,305.0,281.0,9.0,15.0,7.0,นายไกร ดาบธรรม,พลังประชารัฐ,31.0,31,สามสิบเอ็ดคะแนน,numeric_text_agree
อำเภอฝาง/ตำบลโป่งน้ำร้อน/หน่วยเลือกตั้งที่ 7/สส. 5ทับ18.pdf,7,7.0,ตำบลโป่งน้ำร้อน,อำเภอฝาง,409.0,305.0,281.0,9.0,15.0,8.0,นายพิสิษฐ์ อุปนันท์,เศรษฐกิจ,0.0,0,ศูนย์คะแนน,numeric_only
อำเภอฝาง/ตำบลโป่งน้ำร้อน/หน่วยเลือกตั้งที่ 7/สส. 5ทับ18.pdf,7,7.0,ตำบลโป่งน้ำร้อน,อำเภอฝาง,409.0,305.0,281.0,9.0,15.0,9.0,นายชาญวิทยายุทธ อินทร์แก้ว,ประชากรไทย,5.0,5,ห้าคะแนน,numeric_text_agree
อำเภอฝาง/ตำบลโป่งน้ำร้อน/หน่วยเลือกตั้งที่ 6/สส. 5ทับ18.pdf,6,6.0,ตำบลโป่งน้ำร้อน,อำเภอฝาง,622.0,445.0,398.0,23.0,24.0,1.0,นายอดุลย์ บุญใส,ภูมิใจไทย,33.0,33,สามสิบสาม,numeric_text_agree
อำเภอฝาง/ตำบลโป่งน้ำร้อน/หน่วยเลือกตั้งที่ 6/สส. 5ทับ18.pdf,6,6.0,ตำบลโป่งน้ำร้อน,อำเภอฝาง,622.0,445.0,398.0,23.0,24.0,2.0,นายสมดุลย์ อุดเจริญ,ประชาชน,84.0,84,แปดสิบสี่,numeric_text_agree
อำเภอฝาง/ตำบลโป่งน้ำร้อน/หน่วยเลือกตั้งที่ 6/สส. 5ทับ18.pdf,6,6.0,ตำบลโป่งน้ำร้อน,อำเภอฝาง,622.0,445.0,398.0,23.0,24.0,3.0,นายเกรียงกมล ศรีมา,ประชาธิปัตย์,3.0,3,สาม,numeric_text_agree
อำเภอฝาง/ตำบลโป่งน้ำร้อน/หน่วยเลือกตั้งที่ 6/สส. 5ทับ18.pdf,6,6.0,ตำบลโป่งน้ำร้อน,อำเภอฝาง,622.0,445.0,398.0,23.0,24.0,4.0,นายสันติ ตันสุข,ก้าวอิสระ,7.0,7,เจ็ด,numeric_text_agree
อำเภอฝาง/ตำบลโป่งน้ำร้อน/หน่วยเลือกตั้งที่ 6/สส. 5ทับ18.pdf,6,6.0,ตำบลโป่งน้ำร้อน,อำเภอฝาง,622.0,445.0,398.0,23.0,24.0,5.0,นายการุณย์ คูเจริญชัยกุล,กล้าธรรม,135.0,135,หนึ่งร้อยสามสิบห้า,numeric_text_agree
อำเภอฝาง/ตำบลโป่งน้ำร้อน/หน่วยเลือกตั้งที่ 6/สส. 5ทับ18.pdf,6,6.0,ตำบลโป่งน้ำร้อน,อำเภอฝาง,622.0,445.0,398.0,23.0,24.0,6.0,นายนิธิกร วุฒินันชัย,เพื่อไทย,98.0,98,เก้าสิบแปด,numeric_text_agree
อำเภอฝาง/ตำบลโป่งน้ำร้อน/หน่วยเลือกตั้งที่ 6/สส. 5ทับ18.pdf,6,6.0,ตำบลโป่งน้ำร้อน,อำเภอฝาง,622.0,445.0,398.0,23.0,24.0,7.0,นายไกร ดาบธรรม,พลังประชารัฐ,44.0,44,สี่สิบสี่,numeric_text_agree
อำเภอฝาง/ตำบลโป่งน้ำร้อน/หน่วยเลือกตั้งที่ 6/สส. 5ทับ18.pdf,6,6.0,ตำบลโป่งน้ำร้อน,อำเภอฝาง,622.0,445.0,398.0,23.0,24.0,8.0,นายพิสิษณ์ อุปนันท์,เศรษฐกิจ,8.0,8,แปด,numeric_text_agree
อำเภอฝาง/ตำบลโป่งน้ำร้อน/หน่วยเลือกตั้งที่ 6/สส. 5ทับ18.pdf,6,6.0,ตำบลโป่งน้ำร้อน,อำเภอฝาง,622.0,445.0,398.0,23.0,24.0,9.0,นายชาญวิทยายุทธ์ อินทร์แก้ว,ประชากรไทย,3.0,3,สาม,numeric_text_agree
อำเภอฝาง/ตำบลโป่งน้ำร้อน/หน่วยเลือกตั้งที่ 3/สส. 5ทับ18.pdf,3,3.0,ตำบลโป่งน้ำร้อน,อำเภอฝาง,803.0,460.0,426.0,20.0,14.0,1.0,นายอดุลย์ บุญใส,ภูมิใจไทย,13.0,13,สิบสาม,numeric_text_agree
อำเภอฝาง/ตำบลโป่งน้ำร้อน/หน่วยเลือกตั้งที่ 3/สส. 5ทับ18.pdf,3,3.0,ตำบลโป่งน้ำร้อน,อำเภอฝาง,803.0,460.0,426.0,20.0,14.0,2.0,นายสมดุลย์ อุดเจริญ,ประชาชน,127.0,127,หนึ่งร้อยยี่สิบเจ็ด,numeric_text_agree
อำเภอฝาง/ตำบลโป่งน้ำร้อน/หน่วยเลือกตั้งที่ 3/สส. 5ทับ18.pdf,3,3.0,ตำบลโป่งน้ำร้อน,อำเภอฝาง,803.0,460.0,426.0,20.0,14.0,3.0,นายเกรียงกมล ศรีมา,ประชาธิปัตย์,5.0,5,ห้า,numeric_text_agree
อำเภอฝาง/ตำบลโป่งน้ำร้อน/หน่วยเลือกตั้งที่ 3/สส. 5ทับ18.pdf,3,3.0,ตำบลโป่งน้ำร้อน,อำเภอฝาง,803.0,460.0,426.0,20.0,14.0,4.0,นายสันติ ตันสุข,ก้าวอิสระ,1.0,1,หนึ่ง,numeric_text_agree
อำเภอฝาง/ตำบลโป่งน้ำร้อน/หน่วยเลือกตั้งที่ 3/สส. 5ทับ18.pdf,3,3.0,ตำบลโป่งน้ำร้อน,อำเภอฝาง,803.0,460.0,426.0,20.0,14.0,5.0,นายการุณย์ คูเจริญชัยกุล,กล้าธรรม,128.0,128,หนึ่งร้อยยี่สิบแปด,numeric_text_agree
อำเภอฝาง/ตำบลโป่งน้ำร้อน/หน่วยเลือกตั้งที่ 3/สส. 5ทับ18.pdf,3,3.0,ตำบลโป่งน้ำร้อน,อำเภอฝาง,803.0,460.0,426.0,20.0,14.0,6.0,นายนิธิกร วุฒินัย,เพื่อไทย,42.0,42,สี่สิบสอง,numeric_text_agree
อำเภอฝาง/ตำบลโป่งน้ำร้อน/หน่วยเลือกตั้งที่ 3/สส. 5ทับ18.pdf,3,3.0,ตำบลโป่งน้ำร้อน,อำเภอฝาง,803.0,460.0,426.0,20.0,14.0,7.0,นายไกร ดาบธรรม,พลังประชารัฐ,98.0,98,เก้าสิบแปด,numeric_text_agree
อำเภอฝาง/ตำบลโป่งน้ำร้อน/หน่วยเลือกตั้งที่ 3/สส. 5ทับ18.pdf,3,3.0,ตำบลโป่งน้ำร้อน,อำเภอฝาง,803.0,460.0,426.0,20.0,14.0,8.0,นายพิสัณห์ อุปนันท์,เศรษฐกิจ,0.0,0,ศูนย์,numeric_only
อำเภอฝาง/ตำบลโป่งน้ำร้อน/หน่วยเลือกตั้งที่ 3/สส. 5ทับ18.pdf,3,3.0,ตำบลโป่งน้ำร้อน,อำเภอฝาง,803.0,460.0,426.0,20.0,14.0,9.0,นายชาญวิทยายุทธ์ อินทร์แก้ว,ประชากรไทย,7.0,7,เจ็ด,numeric_text_agree
อำเภอฝาง/ตำบลโป่งน้ำร้อน/หน่วยเลือกตั้งที่ 4/สส. 5ทับ18.pdf,4,4.0,ตำบลโป่งน้ำร้อน,อำเภอฝาง,355.0,256.0,229.0,14.0,13.0,1.0,นายอดุลย์ บูลไส,ภูมิใจไทย,11.0,11,สิบเอ็ด,numeric_text_agree
อำเภอฝาง/ตำบลโป่งน้ำร้อน/หน่วยเลือกตั้งที่ 4/สส. 5ทับ18.pdf,4,4.0,ตำบลโป่งน้ำร้อน,อำเภอฝาง,355.0,256.0,229.0,14.0,13.0,2.0,นายสมดุลย์ อุดเจริญ,ประชาชน,66.0,66,หกสิบหก,numeric_text_agree
อำเภอฝาง/ตำบลโป่งน้ำร้อน/หน่วยเลือกตั้งที่ 4/สส. 5ทับ18.pdf,4,4.0,ตำบลโป่งน้ำร้อน,อำเภอฝาง,355.0,256.0,229.0,14.0,13.0,3.0,นายเกรียงกมล ศรีมา,ประชาธิปัตย์,1.0,1,หนึ่ง,numeric_text_agree
อำเภอฝาง/ตำบลโป่งน้ำร้อน/หน่วยเลือกตั้งที่ 4/สส. 5ทับ18.pdf,4,4.0,ตำบลโป่งน้ำร้อน,อำเภอฝาง,355.0,256.0,229.0,14.0,13.0,4.0,นายสันติ ตันสุขขี,ก้าวอิสระ,2.0,2,สอง,numeric_text_agree
อำเภอฝาง/ตำบลโป่งน้ำร้อน/หน่วยเลือกตั้งที่ 4/สส. 5ทับ18.pdf,4,4.0,ตำบลโป่งน้ำร้อน,อำเภอฝาง,355.0,256.0,229.0,14.0,13.0,5.0,นายการุณย์ คูเจริญชัยกุล,กล้าธรรม,101.0,,หนึ่งร้อยหนึ่ง,text_only
อำเภอฝาง/ตำบลโป่งน้ำร้อน/หน่วยเลือกตั้งที่ 4/สส. 5ทับ18.pdf,4,4.0,ตำบลโป่งน้ำร้อน,อำเภอฝาง,355.0,256.0,229.0,14.0,13.0,6.0,นายนิกร วุฒินันชัย,เพื่อไทย,24.0,24,ยี่สิบสี่,numeric_text_agree
อำเภอฝาง/ตำบลโป่งน้ำร้อน/หน่วยเลือกตั้งที่ 4/สส. 5ทับ18.pdf,4,4.0,ตำบลโป่งน้ำร้อน,อำเภอฝาง,355.0,256.0,229.0,14.0,13.0,7.0,นายไกร ดาบธรรม,พลังประชารัฐ,18.0,18,สิบแปด,numeric_text_agree
อำเภอฝาง/ตำบลโป่งน้ำร้อน/หน่วยเลือกตั้งที่ 4/สส. 5ทับ18.pdf,4,4.0,ตำบลโป่งน้ำร้อน,อำเภอฝาง,355.0,256.0,229.0,14.0,13.0,8.0,นายพิสัณห์ อุปนันท์,เศรษฐกิจ,4.0,4,สี่,numeric_text_agree
อำเภอฝาง/ตำบลโป่งน้ำร้อน/หน่วยเลือกตั้งที่ 4/สส. 5ทับ18.pdf,4,4.0,ตำบลโป่งน้ำร้อน,อำเภอฝาง,355.0,256.0,229.0,14.0,13.0,9.0,นายชาญวิทยายุทธ์ อินทร์แก้ว,ประชากรไทย,2.0,2,สอง,numeric_text_agree
อำเภอฝาง/ตำบลโป่งน้ำร้อน/หน่วยเลือกตั้งที่ 5/สส. 5ทับ18.pdf,5,8.0,ตำบลโป่งน้ำร้อน,อำเภอฝาง,508.0,338.0,320.0,8.0,8.0,1.0,นายอดุลย์ บุญใส,ภูมิใจไทย,15.0,15,สิบห้า,numeric_text_agree
อำเภอฝาง/ตำบลโป่งน้ำร้อน/หน่วยเลือกตั้งที่ 5/สส. 5ทับ18.pdf,5,8.0,ตำบลโป่งน้ำร้อน,อำเภอฝาง,508.0,338.0,320.0,8.0,8.0,2.0,นายสมดุลย์ อุดเจริญ,ประชาชน,81.0,81,แปดสิบเอ็ด,numeric_text_agree
อำเภอฝาง/ตำบลโป่งน้ำร้อน/หน่วยเลือกตั้งที่ 5/สส. 5ทับ18.pdf,5,8.0,ตำบลโป่งน้ำร้อน,อำเภอฝาง,508.0,338.0,320.0,8.0,8.0,3.0,นายเกรียงกมล ศรีมา,ประชาธิปัตย์,1.0,1,หนึ่ง,numeric_text_agree
อำเภอฝาง/ตำบลโป่งน้ำร้อน/หน่วยเลือกตั้งที่ 5/สส. 5ทับ18.pdf,5,8.0,ตำบลโป่งน้ำร้อน,อำเภอฝาง,508.0,338.0,320.0,8.0,8.0,4.0,นายสันติ ตันสุข,ก้าวอิสระ,0.0,0,ศูนย์,numeric_only
อำเภอฝาง/ตำบลโป่งน้ำร้อน/หน่วยเลือกตั้งที่ 5/สส. 5ทับ18.pdf,5,8.0,ตำบลโป่งน้ำร้อน,อำเภอฝาง,508.0,338.0,320.0,8.0,8.0,5.0,นายการุณย์ คูเจริญชัยกุล,กล้าธรรม,138.0,138,หนึ่งร้อยสามสิบแปด,numeric_text_agree
อำเภอฝาง/ตำบลโป่งน้ำร้อน/หน่วยเลือกตั้งที่ 5/สส. 5ทับ18.pdf,5,8.0,ตำบลโป่งน้ำร้อน,อำเภอฝาง,508.0,338.0,320.0,8.0,8.0,6.0,นายนิกร วุฒินันชัย,เพื่อไทย,38.0,38,สามสิบแปด,numeric_text_agree
อำเภอฝาง/ตำบลโป่งน้ำร้อน/หน่วยเลือกตั้งที่ 5/สส. 5ทับ18.pdf,5,8.0,ตำบลโป่งน้ำร้อน,อำเภอฝาง,508.0,338.0,320.0,8.0,8.0,7.0,นายไกร ดาบธรรม,พลังประชารัฐ,48.0,48,สี่สิบแปด,numeric_text_agree
อำเภอฝาง/ตำบลโป่งน้ำร้อน/หน่วยเลือกตั้งที่ 5/สส. 5ทับ18.pdf,5,8.0,ตำบลโป่งน้ำร้อน,อำเภอฝาง,508.0,338.0,320.0,8.0,8.0,8.0,นายพิสิณห์ อุปปินันท์,เศรษฐกิจ,5.0,5,ห้า,numeric_text_agree
อำเภอฝาง/ตำบลโป่งน้ำร้อน/หน่วยเลือกตั้งที่ 5/สส. 5ทับ18.pdf,5,8.0,ตำบลโป่งน้ำร้อน,อำเภอฝาง,508.0,338.0,320.0,8.0,8.0,9.0,นายชาญวิทยายุทธ์ อินทร์แก้ว,ประชากรไทย,3.0,3,สาม,numeric_text_agree
อำเภอฝาง/ตำบลโป่งน้ำร้อน/หน่วยเลือกตั้งที่ 2/สส. 5ทับ18.pdf,2,2.0,ตำบลโป่งน้ำร้อน,อำเภอฝาง,435.0,328.0,307.0,7.0,14.0,1.0,นายอดุลย์ บุญใส,ภูมิใจไทย,8.0,8,แปด,numeric_text_agree
อำเภอฝาง/ตำบลโป่งน้ำร้อน/หน่วยเลือกตั้งที่ 2/สส. 5ทับ18.pdf,2,2.0,ตำบลโป่งน้ำร้อน,อำเภอฝาง,435.0,328.0,307.0,7.0,14.0,2.0,นายสมดุลย์ อุดเจริญ,ประชาชน,87.0,87,แปดสิบเจ็ด,numeric_text_agree
อำเภอฝาง/ตำบลโป่งน้ำร้อน/หน่วยเลือกตั้งที่ 2/สส. 5ทับ18.pdf,2,2.0,ตำบลโป่งน้ำร้อน,อำเภอฝาง,435.0,328.0,307.0,7.0,14.0,3.0,นายเกรียงกมล ศรีมา,ประชาธิปัตย์,1.0,1,หนึ่ง,numeric_text_agree
อำเภอฝาง/ตำบลโป่งน้ำร้อน/หน่วยเลือกตั้งที่ 2/สส. 5ทับ18.pdf,2,2.0,ตำบลโป่งน้ำร้อน,อำเภอฝาง,435.0,328.0,307.0,7.0,14.0,4.0,นายสันติ ตันสุขขี,ก้าวอิสระ,0.0,0,ศูนย์,numeric_only
อำเภอฝาง/ตำบลโป่งน้ำร้อน/หน่วยเลือกตั้งที่ 2/สส. 5ทับ18.pdf,2,2.0,ตำบลโป่งน้ำร้อน,อำเภอฝาง,435.0,328.0,307.0,7.0,14.0,5.0,นายกาณฑ์ คูเจริญชัยกุล,กล้าธรรม,131.0,131,หนึ่งร้อยสามสิบเอ็ด,numeric_text_agree
อำเภอฝาง/ตำบลโป่งน้ำร้อน/หน่วยเลือกตั้งที่ 2/สส. 5ทับ18.pdf,2,2.0,ตำบลโป่งน้ำร้อน,อำเภอฝาง,435.0,328.0,307.0,7.0,14.0,6.0,นายนิธกร วุฒินันชัย,เพื่อไทย,44.0,44,สี่สิบสี่,numeric_text_agree
อำเภอฝาง/ตำบลโป่งน้ำร้อน/หน่วยเลือกตั้งที่ 2/สส. 5ทับ18.pdf,2,2.0,ตำบลโป่งน้ำร้อน,อำเภอฝาง,435.0,328.0,307.0,7.0,14.0,7.0,นายไกร ดาบธรรม,พลังประชารัฐ,25.0,25,ยี่สิบห้า,numeric_text_agree
อำเภอฝาง/ตำบลโป่งน้ำร้อน/หน่วยเลือกตั้งที่ 2/สส. 5ทับ18.pdf,2,2.0,ตำบลโป่งน้ำร้อน,อำเภอฝาง,435.0,328.0,307.0,7.0,14.0,8.0,นายพิสัณห์ อุปนันท์,เศรษฐกิจ,6.0,6,หก,numeric_text_agree
อำเภอฝาง/ตำบลโป่งน้ำร้อน/หน่วยเลือกตั้งที่ 2/สส. 5ทับ18.pdf,2,2.0,ตำบลโป่งน้ำร้อน,อำเภอฝาง,435.0,328.0,307.0,7.0,14.0,9.0,นายชาญวิทยายุทธ์ อินทร์แก้ว,ประชากรไทย,2.0,2,สอง,numeric_text_agree
อำเภอฝาง/ตำบลโป่งน้ำร้อน/หน่วยเลือกตั้งที่ 1/สส. 5ทับ18.pdf,1,1.0,ตำบลโป่งน้ำร้อน,อำเภอฝาง,285.0,212.0,201.0,8.0,3.0,1.0,นายอดุลย์ บุญใส,ภูมิใจไทย,5.0,5,ห้า,numeric_text_agree
อำเภอฝาง/ตำบลโป่งน้ำร้อน/หน่วยเลือกตั้งที่ 1/สส. 5ทับ18.pdf,1,1.0,ตำบลโป่งน้ำร้อน,อำเภอฝาง,285.0,212.0,201.0,8.0,3.0,2.0,นายสมดุลย์ อุดมเจริญ,ประชาชน,43.0,43,สี่สิบสาม,numeric_text_agree
อำเภอฝาง/ตำบลโป่งน้ำร้อน/หน่วยเลือกตั้งที่ 1/สส. 5ทับ18.pdf,1,1.0,ตำบลโป่งน้ำร้อน,อำเภอฝาง,285.0,212.0,201.0,8.0,3.0,3.0,นายเกรียงกมล ศรีมา,ประชาธิปัตย์,1.0,1,หนึ่ง,numeric_text_agree
อำเภอฝาง/ตำบลโป่งน้ำร้อน/หน่วยเลือกตั้งที่ 1/สส. 5ทับ18.pdf,1,1.0,ตำบลโป่งน้ำร้อน,อำเภอฝาง,285.0,212.0,201.0,8.0,3.0,4.0,นายสันติ ตันสุหัช,ก้าวอิสระ,0.0,0,ศูนย์,numeric_only
อำเภอฝาง/ตำบลโป่งน้ำร้อน/หน่วยเลือกตั้งที่ 1/สส. 5ทับ18.pdf,1,1.0,ตำบลโป่งน้ำร้อน,อำเภอฝาง,285.0,212.0,201.0,8.0,3.0,5.0,นายการุณย์ คูเจริญชัยกุล,กล้าธรรม,118.0,118,หนึ่งร้อยสิบแปด,numeric_text_agree
อำเภอฝาง/ตำบลโป่งน้ำร้อน/หน่วยเลือกตั้งที่ 1/สส. 5ทับ18.pdf,1,1.0,ตำบลโป่งน้ำร้อน,อำเภอฝาง,285.0,212.0,201.0,8.0,3.0,6.0,นายนิธิกร วุฒินันชัย,เพื่อไทย,22.0,22,ยี่สิบสอง,numeric_text_agree
อำเภอฝาง/ตำบลโป่งน้ำร้อน/หน่วยเลือกตั้งที่ 1/สส. 5ทับ18.pdf,1,1.0,ตำบลโป่งน้ำร้อน,อำเภอฝาง,285.0,212.0,201.0,8.0,3.0,7.0,นายไกร ดาบธรรม,พลังประชารัฐ,9.0,9,เก้า,numeric_text_agree
อำเภอฝาง/ตำบลโป่งน้ำร้อน/หน่วยเลือกตั้งที่ 1/สส. 5ทับ18.pdf,1,1.0,ตำบลโป่งน้ำร้อน,อำเภอฝาง,285.0,212.0,201.0,8.0,3.0,8.0,นายพิสิณห์ อุปนันท์,เศรษฐกิจ,1.0,1,หนึ่ง,numeric_text_agree
อำเภอฝาง/ตำบลโป่งน้ำร้อน/หน่วยเลือกตั้งที่ 1/สส. 5ทับ18.pdf,1,1.0,ตำบลโป่งน้ำร้อน,อำเภอฝาง,285.0,212.0,201.0,8.0,3.0,9.0,นายชาญวิทยายุทธ์ อินทร์แก้ว,ประชากรไทย,2.0,2,สอง,numeric_text_agree
อำเภอฝาง/ตำบลแม่สูน/หน่วยเลือกตั้งที่ 9/ส.ส. 5 - 18 (แม่สูน หน่วยที่ 9).pdf,1,7.0,ตำบลแม่สูน,อำเภอฝาง,422.0,236.0,216.0,6.0,6.0,1.0,นายอดุลย์ บุญใส,ภูมิใจไทย,17.0,17,สิบเจ็ด,numeric_text_agree
อำเภอฝาง/ตำบลแม่สูน/หน่วยเลือกตั้งที่ 9/ส.ส. 5 - 18 (แม่สูน หน่วยที่ 9).pdf,1,7.0,ตำบลแม่สูน,อำเภอฝาง,422.0,236.0,216.0,6.0,6.0,2.0,นายสมดุลย์ อุดเจริญ,ประชาชน,64.0,64,หกสิบสี่,numeric_text_agree
อำเภอฝาง/ตำบลแม่สูน/หน่วยเลือกตั้งที่ 9/ส.ส. 5 - 18 (แม่สูน หน่วยที่ 9).pdf,1,7.0,ตำบลแม่สูน,อำเภอฝาง,422.0,236.0,216.0,6.0,6.0,3.0,นายเกรียงกมล ศรีมา,ประชาธิปัตย์,2.0,2,สอง,numeric_text_agree
อำเภอฝาง/ตำบลแม่สูน/หน่วยเลือกตั้งที่ 9/ส.ส. 5 - 18 (แม่สูน หน่วยที่ 9).pdf,1,7.0,ตำบลแม่สูน,อำเภอฝาง,422.0,236.0,216.0,6.0,6.0,4.0,นายสันติ ตันสุหัช,ก้าวอิสระ,6.0,6,หก,numeric_text_agree
อำเภอฝาง/ตำบลแม่สูน/หน่วยเลือกตั้งที่ 9/ส.ส. 5 - 18 (แม่สูน หน่วยที่ 9).pdf,1,7.0,ตำบลแม่สูน,อำเภอฝาง,422.0,236.0,216.0,6.0,6.0,5.0,นายการุณย์ คูเจริญชัยกุล,กล้าธรรม,27.0,27,ยี่สิบเจ็ด,numeric_text_agree
อำเภอฝาง/ตำบลแม่สูน/หน่วยเลือกตั้งที่ 9/ส.ส. 5 - 18 (แม่สูน หน่วยที่ 9).pdf,1,7.0,ตำบลแม่สูน,อำเภอฝาง,422.0,236.0,216.0,6.0,6.0,6.0,นายนิธิกร วุฒินันชัย,เพื่อไทย,100.0,100,หนึ่งร้อย,numeric_text_agree
อำเภอฝาง/ตำบลแม่สูน/หน่วยเลือกตั้งที่ 9/ส.ส. 5 - 18 (แม่สูน หน่วยที่ 9).pdf,1,7.0,ตำบลแม่สูน,อำเภอฝาง,422.0,236.0,216.0,6.0,6.0,7.0,นายไกร ดาบธรรม,พลังประชารัฐ,20.0,20,ยี่สิบ,numeric_text_agree
อำเภอฝาง/ตำบลแม่สูน/หน่วยเลือกตั้งที่ 9/ส.ส. 5 - 18 (แม่สูน หน่วยที่ 9).pdf,1,7.0,ตำบลแม่สูน,อำเภอฝาง,422.0,236.0,216.0,6.0,6.0,8.0,นายพิสัณห์ อุปนันท์,เศรษฐกิจ,7.0,7,เจ็ด,numeric_text_agree
อำเภอฝาง/ตำบลแม่สูน/หน่วยเลือกตั้งที่ 9/ส.ส. 5 - 18 (แม่สูน หน่วยที่ 9).pdf,1,7.0,ตำบลแม่สูน,อำเภอฝาง,422.0,236.0,216.0,6.0,6.0,9.0,นายชาญวิทยายุทธ อินทร์แก้ว,ประชากรไทย,3.0,3,สาม,numeric_text_agree
อำเภอฝาง/ตำบลแม่สูน/หน่วยเลือกตั้งที่ 7/ส.ส. 5 - 18 (แม่สูน หน่วยที่ 7).pdf,7,5.0,ตำบลแม่สูน,อำเภอฝาง,405.0,293.0,275.0,5.0,13.0,1.0,นายอดุลย์ บุญใส,ภูมิใจไทย,16.0,16,สิบหก,numeric_text_agree
อำเภอฝาง/ตำบลแม่สูน/หน่วยเลือกตั้งที่ 7/ส.ส. 5 - 18 (แม่สูน หน่วยที่ 7).pdf,7,5.0,ตำบลแม่สูน,อำเภอฝาง,405.0,293.0,275.0,5.0,13.0,2.0,นายสมดุลย์ อุดเจริญ,ประชาชน,97.0,97,เก้าสิบเจ็ด,numeric_text_agree
อำเภอฝาง/ตำบลแม่สูน/หน่วยเลือกตั้งที่ 7/ส.ส. 5 - 18 (แม่สูน หน่วยที่ 7).pdf,7,5.0,ตำบลแม่สูน,อำเภอฝาง,405.0,293.0,275.0,5.0,13.0,3.0,นายเกรียงกมล ศรีมา,ประชาธิปัตย์,2.0,2,สอง,numeric_text_agree
อำเภอฝาง/ตำบลแม่สูน/หน่วยเลือกตั้งที่ 7/ส.ส. 5 - 18 (แม่สูน หน่วยที่ 7).pdf,7,5.0,ตำบลแม่สูน,อำเภอฝาง,405.0,293.0,275.0,5.0,13.0,4.0,นายสันติ ตันสุทัศ,ก้าวอิสระ,7.0,7,เจ็ด,numeric_text_agree
อำเภอฝาง/ตำบลแม่สูน/หน่วยเลือกตั้งที่ 7/ส.ส. 5 - 18 (แม่สูน หน่วยที่ 7).pdf,7,5.0,ตำบลแม่สูน,อำเภอฝาง,405.0,293.0,275.0,5.0,13.0,5.0,นายการุณย์ คูเจริญชัยกุล,กล้าธรรม,43.0,43,สี่สิบสาม,numeric_text_agree
อำเภอฝาง/ตำบลแม่สูน/หน่วยเลือกตั้งที่ 7/ส.ส. 5 - 18 (แม่สูน หน่วยที่ 7).pdf,7,5.0,ตำบลแม่สูน,อำเภอฝาง,405.0,293.0,275.0,5.0,13.0,6.0,นายนิธิกร วุฒินันชัย,เพื่อไทย,66.0,66,หกสิบหก,numeric_text_agree
อำเภอฝาง/ตำบลแม่สูน/หน่วยเลือกตั้งที่ 7/ส.ส. 5 - 18 (แม่สูน หน่วยที่ 7).pdf,7,5.0,ตำบลแม่สูน,อำเภอฝาง,405.0,293.0,275.0,5.0,13.0,7.0,นายไกร ดาบธรรม,พลังประชารัฐ,34.0,34,สามสิบสี่,numeric_text_agree
อำเภอฝาง/ตำบลแม่สูน/หน่วยเลือกตั้งที่ 7/ส.ส. 5 - 18 (แม่สูน หน่วยที่ 7).pdf,7,5.0,ตำบลแม่สูน,อำเภอฝาง,405.0,293.0,275.0,5.0,13.0,8.0,นายพิสิณห์ อุปนันท์,เศรษฐกิจ,6.0,6,หก,numeric_text_agree
อำเภอฝาง/ตำบลแม่สูน/หน่วยเลือกตั้งที่ 7/ส.ส. 5 - 18 (แม่สูน หน่วยที่ 7).pdf,7,5.0,ตำบลแม่สูน,อำเภอฝาง,405.0,293.0,275.0,5.0,13.0,9.0,นายชาญวิทยายุทธ อินทร์แก้ว,ประชากรไทย,4.0,4,สี่,numeric_text_agree
อำเภอฝาง/ตำบลแม่สูน/หน่วยเลือกตั้งที่ 8/ส.ส. 5 - 18 (แม่สูน หน่วยที่ 8).pdf,8,6.0,ตำบลแม่สูน,อำเภอฝาง,425.0,310.0,290.0,13.0,7.0,1.0,นายอดุลย์ บุญใส,ภูมิใจไทย,22.0,22,ยี่สิบสอง,numeric_text_agree
อำเภอฝาง/ตำบลแม่สูน/หน่วยเลือกตั้งที่ 8/ส.ส. 5 - 18 (แม่สูน หน่วยที่ 8).pdf,8,6.0,ตำบลแม่สูน,อำเภอฝาง,425.0,310.0,290.0,13.0,7.0,2.0,นายสมดุลย์ อุดเจริญ,ประชาชน,45.0,45,สี่สิบห้า,numeric_text_agree
อำเภอฝาง/ตำบลแม่สูน/หน่วยเลือกตั้งที่ 8/ส.ส. 5 - 18 (แม่สูน หน่วยที่ 8).pdf,8,6.0,ตำบลแม่สูน,อำเภอฝาง,425.0,310.0,290.0,13.0,7.0,3.0,นายเกรียงกมล ศรีมา,ประชาธิปัตย์,1.0,1,หนึ่ง,numeric_text_agree
อำเภอฝาง/ตำบลแม่สูน/หน่วยเลือกตั้งที่ 8/ส.ส. 5 - 18 (แม่สูน หน่วยที่ 8).pdf,8,6.0,ตำบลแม่สูน,อำเภอฝาง,425.0,310.0,290.0,13.0,7.0,4.0,นายสันติ ตันสุขืช,ก้าวอิสระ,1.0,1,หนึ่ง,numeric_text_agree
อำเภอฝาง/ตำบลแม่สูน/หน่วยเลือกตั้งที่ 8/ส.ส. 5 - 18 (แม่สูน หน่วยที่ 8).pdf,8,6.0,ตำบลแม่สูน,อำเภอฝาง,425.0,310.0,290.0,13.0,7.0,5.0,นายการุณย์ คูเจริญชัยกุล,กล้าธรรม,73.0,73,เจ็ดสิบสาม,numeric_text_agree
อำเภอฝาง/ตำบลแม่สูน/หน่วยเลือกตั้งที่ 8/ส.ส. 5 - 18 (แม่สูน หน่วยที่ 8).pdf,8,6.0,ตำบลแม่สูน,อำเภอฝาง,425.0,310.0,290.0,13.0,7.0,6.0,นายนิธิกร วุฒินันชัย,เพื่อไทย,84.0,84,แปดสิบสี่,numeric_text_agree
อำเภอฝาง/ตำบลแม่สูน/หน่วยเลือกตั้งที่ 8/ส.ส. 5 - 18 (แม่สูน หน่วยที่ 8).pdf,8,6.0,ตำบลแม่สูน,อำเภอฝาง,425.0,310.0,290.0,13.0,7.0,7.0,นายไกร ดาบธรรม,พลังประชารัฐ,53.0,53,ห้าสิบสาม,numeric_text_agree
อำเภอฝาง/ตำบลแม่สูน/หน่วยเลือกตั้งที่ 8/ส.ส. 5 - 18 (แม่สูน หน่วยที่ 8).pdf,8,6.0,ตำบลแม่สูน,อำเภอฝาง,425.0,310.0,290.0,13.0,7.0,8.0,นายพิสันห์ อุปนันท์,เศรษฐกิจ,7.0,7,เจ็ด,numeric_text_agree
อำเภอฝาง/ตำบลแม่สูน/หน่วยเลือกตั้งที่ 8/ส.ส. 5 - 18 (แม่สูน หน่วยที่ 8).pdf,8,6.0,ตำบลแม่สูน,อำเภอฝาง,425.0,310.0,290.0,13.0,7.0,9.0,นายชาญวิทยายุทธ อินทร์แก้ว,ประชากรไทย,4.0,4,สี่,numeric_text_agree
อำเภอฝาง/ตำบลแม่สูน/หน่วยเลือกตั้งที่ 6/ส.ส. 5 - 18 (แม่สูน หน่วยที่ 6).pdf,6,4.0,ตำบลแม่สูน,อำเภอฝาง,620.0,449.0,418.0,13.0,18.0,1.0,นายอดุลย์ บุญใส,ภูมิใจไทย,15.0,15,สิบห้า,numeric_text_agree
อำเภอฝาง/ตำบลแม่สูน/หน่วยเลือกตั้งที่ 6/ส.ส. 5 - 18 (แม่สูน หน่วยที่ 6).pdf,6,4.0,ตำบลแม่สูน,อำเภอฝาง,620.0,449.0,418.0,13.0,18.0,2.0,นายสมดุลย์ อุดเจริญ,ประชาชน,86.0,86,แปดสิบหก,numeric_text_agree
อำเภอฝาง/ตำบลแม่สูน/หน่วยเลือกตั้งที่ 6/ส.ส. 5 - 18 (แม่สูน หน่วยที่ 6).pdf,6,4.0,ตำบลแม่สูน,อำเภอฝาง,620.0,449.0,418.0,13.0,18.0,3.0,นายเกรียงกมล ศรีมา,ประชาธิปัตย์,4.0,4,สี่,numeric_text_agree
อำเภอฝาง/ตำบลแม่สูน/หน่วยเลือกตั้งที่ 6/ส.ส. 5 - 18 (แม่สูน หน่วยที่ 6).pdf,6,4.0,ตำบลแม่สูน,อำเภอฝาง,620.0,449.0,418.0,13.0,18.0,4.0,นายสันติ ตันสุขหัย,ก้าวอิสระ,5.0,5,ห้า,numeric_text_agree
อำเภอฝาง/ตำบลแม่สูน/หน่วยเลือกตั้งที่ 6/ส.ส. 5 - 18 (แม่สูน หน่วยที่ 6).pdf,6,4.0,ตำบลแม่สูน,อำเภอฝาง,620.0,449.0,418.0,13.0,18.0,5.0,นายการุณย์ คูเจริญชัยกุล,กล้าธรรม,151.0,151,หนึ่งร้อยห้าสิบเอ็ด,numeric_text_agree
อำเภอฝาง/ตำบลแม่สูน/หน่วยเลือกตั้งที่ 6/ส.ส. 5 - 18 (แม่สูน หน่วยที่ 6).pdf,6,4.0,ตำบลแม่สูน,อำเภอฝาง,620.0,449.0,418.0,13.0,18.0,6.0,นายนิธิกร วุฒิมนชัย,เพื่อไทย,99.0,99,เก้าสิบเก้า,numeric_text_agree
อำเภอฝาง/ตำบลแม่สูน/หน่วยเลือกตั้งที่ 6/ส.ส. 5 - 18 (แม่สูน หน่วยที่ 6).pdf,6,4.0,ตำบลแม่สูน,อำเภอฝาง,620.0,449.0,418.0,13.0,18.0,7.0,นายไกร ดาบธรรม,พลังประชารัฐ,51.0,51,ห้าสิบเอ็ด,numeric_text_agree
อำเภอฝาง/ตำบลแม่สูน/หน่วยเลือกตั้งที่ 6/ส.ส. 5 - 18 (แม่สูน หน่วยที่ 6).pdf,6,4.0,ตำบลแม่สูน,อำเภอฝาง,620.0,449.0,418.0,13.0,18.0,8.0,นายพิสิณฑ์ อุปนันท์,เศรษฐกิจ,5.0,5,ห้า,numeric_text_agree
อำเภอฝาง/ตำบลแม่สูน/หน่วยเลือกตั้งที่ 6/ส.ส. 5 - 18 (แม่สูน หน่วยที่ 6).pdf,6,4.0,ตำบลแม่สูน,อำเภอฝาง,620.0,449.0,418.0,13.0,18.0,9.0,นายชาญวิทยายุทธ อินทร์แก้ว,ประชากรไทย,2.0,2,สอง,numeric_text_agree
อำเภอฝาง/ตำบลแม่สูน/หน่วยเลือกตั้งที่ 4/ส.ส. 5 - 18 (แม่สูน หน่วยที่ 4).pdf,4,3.0,ตำบลแม่สูน,อำเภอฝาง,485.0,328.0,295.0,16.0,17.0,1.0,นายอดุลย์ บุญใส,ภูมิใจไทย,32.0,32,สามสิบสอง,numeric_text_agree
อำเภอฝาง/ตำบลแม่สูน/หน่วยเลือกตั้งที่ 4/ส.ส. 5 - 18 (แม่สูน หน่วยที่ 4).pdf,4,3.0,ตำบลแม่สูน,อำเภอฝาง,485.0,328.0,295.0,16.0,17.0,2.0,นายสมดุลย์ อุดเจริญ,ประชาชน,90.0,90,เก้าสิบ,numeric_text_agree
อำเภอฝาง/ตำบลแม่สูน/หน่วยเลือกตั้งที่ 4/ส.ส. 5 - 18 (แม่สูน หน่วยที่ 4).pdf,4,3.0,ตำบลแม่สูน,อำเภอฝาง,485.0,328.0,295.0,16.0,17.0,3.0,นายเกรียงกมล ศรีมา,ประชาธิปัตย์,4.0,4,สี่,numeric_text_agree
อำเภอฝาง/ตำบลแม่สูน/หน่วยเลือกตั้งที่ 4/ส.ส. 5 - 18 (แม่สูน หน่วยที่ 4).pdf,4,3.0,ตำบลแม่สูน,อำเภอฝาง,485.0,328.0,295.0,16.0,17.0,4.0,นายสันติ ตันสุทิช,ก้าวไกล,6.0,6,หก,numeric_text_agree
อำเภอฝาง/ตำบลแม่สูน/หน่วยเลือกตั้งที่ 4/ส.ส. 5 - 18 (แม่สูน หน่วยที่ 4).pdf,4,3.0,ตำบลแม่สูน,อำเภอฝาง,485.0,328.0,295.0,16.0,17.0,5.0,นายการุณย์ คูเจริญชัยกุล,กล้าธรรม,33.0,33,สามสิบสาม,numeric_text_agree
อำเภอฝาง/ตำบลแม่สูน/หน่วยเลือกตั้งที่ 4/ส.ส. 5 - 18 (แม่สูน หน่วยที่ 4).pdf,4,3.0,ตำบลแม่สูน,อำเภอฝาง,485.0,328.0,295.0,16.0,17.0,6.0,นายนิกร วุฒินันชัย,เพื่อไทย,59.0,59,ห้าสิบเก้า,numeric_text_agree
อำเภอฝาง/ตำบลแม่สูน/หน่วยเลือกตั้งที่ 4/ส.ส. 5 - 18 (แม่สูน หน่วยที่ 4).pdf,4,3.0,ตำบลแม่สูน,อำเภอฝาง,485.0,328.0,295.0,16.0,17.0,7.0,นายไกร ดาบธรรม,พลังประชารัฐ,55.0,55,ห้าสิบห้า,numeric_text_agree
อำเภอฝาง/ตำบลแม่สูน/หน่วยเลือกตั้งที่ 4/ส.ส. 5 - 18 (แม่สูน หน่วยที่ 4).pdf,4,3.0,ตำบลแม่สูน,อำเภอฝาง,485.0,328.0,295.0,16.0,17.0,8.0,นายพิสิณฑ์ อุปนันท์,เศรษฐกิจ,8.0,8,แปด,numeric_text_agree
อำเภอฝาง/ตำบลแม่สูน/หน่วยเลือกตั้งที่ 4/ส.ส. 5 - 18 (แม่สูน หน่วยที่ 4).pdf,4,3.0,ตำบลแม่สูน,อำเภอฝาง,485.0,328.0,295.0,16.0,17.0,9.0,นายชาญวิทยายุทธ อินทร์แก้ว,ประชากรไทย,8.0,8,แปด,numeric_text_agree
อำเภอฝาง/ตำบลแม่สูน/หน่วยเลือกตั้งที่ 20/ส.ส. 5 - 18 (แม่สูน หน่วยที่ 20).pdf,20,16.0,ตำบลแม่สูน,อำเภอฝาง,373.0,280.0,246.0,16.0,18.0,1.0,นายอดุลย์ บุญใส,ภูมิใจไทย,29.0,29,ยี่สิบเก้า,numeric_text_agree
อำเภอฝาง/ตำบลแม่สูน/หน่วยเลือกตั้งที่ 20/ส.ส. 5 - 18 (แม่สูน หน่วยที่ 20).pdf,20,16.0,ตำบลแม่สูน,อำเภอฝาง,373.0,280.0,246.0,16.0,18.0,2.0,นายสมดุลย์ อุดมเจริญ,ประชาชน,62.0,62,หกสิบสอง,numeric_text_agree
อำเภอฝาง/ตำบลแม่สูน/หน่วยเลือกตั้งที่ 20/ส.ส. 5 - 18 (แม่สูน หน่วยที่ 20).pdf,20,16.0,ตำบลแม่สูน,อำเภอฝาง,373.0,280.0,246.0,16.0,18.0,3.0,นายเกรียงกมล ศรีมา,ประชาธิปัตย์,1.0,1,หนึ่ง,numeric_text_agree
อำเภอฝาง/ตำบลแม่สูน/หน่วยเลือกตั้งที่ 20/ส.ส. 5 - 18 (แม่สูน หน่วยที่ 20).pdf,20,16.0,ตำบลแม่สูน,อำเภอฝาง,373.0,280.0,246.0,16.0,18.0,4.0,นายสันติ ตันสุขะ,ก้าวอิสระ,5.0,5,ห้า,numeric_text_agree
อำเภอฝาง/ตำบลแม่สูน/หน่วยเลือกตั้งที่ 20/ส.ส. 5 - 18 (แม่สูน หน่วยที่ 20).pdf,20,16.0,ตำบลแม่สูน,อำเภอฝาง,373.0,280.0,246.0,16.0,18.0,5.0,นายการุณย์ เจริญชัยกุล,กล้าธรรม,73.0,73,เจ็ดสิบสาม,numeric_text_agree
อำเภอฝาง/ตำบลแม่สูน/หน่วยเลือกตั้งที่ 20/ส.ส. 5 - 18 (แม่สูน หน่วยที่ 20).pdf,20,16.0,ตำบลแม่สูน,อำเภอฝาง,373.0,280.0,246.0,16.0,18.0,6.0,นายนิกร วุฒินันชัย,เพื่อไทย,47.0,47,สี่สิบเจ็ด,numeric_text_agree
อำเภอฝาง/ตำบลแม่สูน/หน่วยเลือกตั้งที่ 20/ส.ส. 5 - 18 (แม่สูน หน่วยที่ 20).pdf,20,16.0,ตำบลแม่สูน,อำเภอฝาง,373.0,280.0,246.0,16.0,18.0,7.0,นายไกร ดาบธรรม,พลังประชารัฐ,21.0,21,ยี่สิบเอ็ด,numeric_text_agree
อำเภอฝาง/ตำบลแม่สูน/หน่วยเลือกตั้งที่ 20/ส.ส. 5 - 18 (แม่สูน หน่วยที่ 20).pdf,20,16.0,ตำบลแม่สูน,อำเภอฝาง,373.0,280.0,246.0,16.0,18.0,8.0,นายพิสิษฐ์ อุปนันท์,เศรษฐกิจ,5.0,5,ห้า,numeric_text_agree
อำเภอฝาง/ตำบลแม่สูน/หน่วยเลือกตั้งที่ 20/ส.ส. 5 - 18 (แม่สูน หน่วยที่ 20).pdf,20,16.0,ตำบลแม่สูน,อำเภอฝาง,373.0,280.0,246.0,16.0,18.0,9.0,นายชาญวิทยายุทธ์ อินทร์แก้ว,ประชากรไทย,3.0,3,สาม,numeric_text_agree
อำเภอฝาง/ตำบลแม่สูน/หน่วยเลือกตั้งที่ 5/ส.ส. 5 - 18 (แม่สูน หน่วยที่ 5).pdf,8,3.0,ตำบลแม่สูน,อำเภอฝาง,481.0,334.0,297.0,10.0,27.0,1.0,นายอดุลย์ บุญใส,ภูมิใจไทย,18.0,18,สิบแปด,numeric_text_agree
อำเภอฝาง/ตำบลแม่สูน/หน่วยเลือกตั้งที่ 5/ส.ส. 5 - 18 (แม่สูน หน่วยที่ 5).pdf,8,3.0,ตำบลแม่สูน,อำเภอฝาง,481.0,334.0,297.0,10.0,27.0,2.0,นายสมดุลย์ อุดมเจริญ,ประชาชน,85.0,85,แปดสิบห้า,numeric_text_agree
อำเภอฝาง/ตำบลแม่สูน/หน่วยเลือกตั้งที่ 5/ส.ส. 5 - 18 (แม่สูน หน่วยที่ 5).pdf,8,3.0,ตำบลแม่สูน,อำเภอฝาง,481.0,334.0,297.0,10.0,27.0,3.0,นายเกรียงกมล ศรีมา,ประชาธิปัตย์,3.0,3,สาม,numeric_text_agree
อำเภอฝาง/ตำบลแม่สูน/หน่วยเลือกตั้งที่ 5/ส.ส. 5 - 18 (แม่สูน หน่วยที่ 5).pdf,8,3.0,ตำบลแม่สูน,อำเภอฝาง,481.0,334.0,297.0,10.0,27.0,4.0,นายสันติ ตันสุขหิรัญ,ก้าวอิสระ,4.0,4,สี่,numeric_text_agree
อำเภอฝาง/ตำบลแม่สูน/หน่วยเลือกตั้งที่ 5/ส.ส. 5 - 18 (แม่สูน หน่วยที่ 5).pdf,8,3.0,ตำบลแม่สูน,อำเภอฝาง,481.0,334.0,297.0,10.0,27.0,5.0,นายการุณย์ คูเจริญชัยกุล,กล้าธรรม,37.0,37,สามสิบเจ็ด,numeric_text_agree
อำเภอฝาง/ตำบลแม่สูน/หน่วยเลือกตั้งที่ 5/ส.ส. 5 - 18 (แม่สูน หน่วยที่ 5).pdf,8,3.0,ตำบลแม่สูน,อำเภอฝาง,481.0,334.0,297.0,10.0,27.0,6.0,นายนิธิกร วุฒินันชัย,เพื่อไทย,79.0,79,เจ็ดสิบเก้า,numeric_text_agree
อำเภอฝาง/ตำบลแม่สูน/หน่วยเลือกตั้งที่ 5/ส.ส. 5 - 18 (แม่สูน หน่วยที่ 5).pdf,8,3.0,ตำบลแม่สูน,อำเภอฝาง,481.0,334.0,297.0,10.0,27.0,7.0,นายไกร ดาบธรรม,พลังประชารัฐ,50.0,50,ห้าสิบ,numeric_text_agree
อำเภอฝาง/ตำบลแม่สูน/หน่วยเลือกตั้งที่ 5/ส.ส. 5 - 18 (แม่สูน หน่วยที่ 5).pdf,8,3.0,ตำบลแม่สูน,อำเภอฝาง,481.0,334.0,297.0,10.0,27.0,8.0,นายพิสิษฐ์ อุปนันท์,เศรษฐกิจ,11.0,11,สิบเอ็ด,numeric_text_agree
อำเภอฝาง/ตำบลแม่สูน/หน่วยเลือกตั้งที่ 5/ส.ส. 5 - 18 (แม่สูน หน่วยที่ 5).pdf,8,3.0,ตำบลแม่สูน,อำเภอฝาง,481.0,334.0,297.0,10.0,27.0,9.0,นายชาญวิทยายุทธ์ อินทร์แก้ว,ประชากรไทย,10.0,10,สิบ,numeric_text_agree
อำเภอฝาง/ตำบลแม่สูน/หน่วยเลือกตั้งที่ 21/ส.ส. 5 - 18 (แม่สูน หน่วยที่ 21).pdf,21,17.0,ตำบลแม่สูน,อำเภอฝาง,386.0,280.0,263.0,4.0,13.0,1.0,นายอดุลย์ บุญใส,ภูมิใจไทย,13.0,13,สิบสาม,numeric_text_agree
อำเภอฝาง/ตำบลแม่สูน/หน่วยเลือกตั้งที่ 21/ส.ส. 5 - 18 (แม่สูน หน่วยที่ 21).pdf,21,17.0,ตำบลแม่สูน,อำเภอฝาง,386.0,280.0,263.0,4.0,13.0,2.0,นายสมดุลย์ อุดเจริญ,ประชาชน,74.0,74,เจ็ดสิบสี่,numeric_text_agree
อำเภอฝาง/ตำบลแม่สูน/หน่วยเลือกตั้งที่ 21/ส.ส. 5 - 18 (แม่สูน หน่วยที่ 21).pdf,21,17.0,ตำบลแม่สูน,อำเภอฝาง,386.0,280.0,263.0,4.0,13.0,3.0,นายเกรียงกมล ศรีมา,ประชาธิปัตย์,2.0,2,สอง,numeric_text_agree
อำเภอฝาง/ตำบลแม่สูน/หน่วยเลือกตั้งที่ 21/ส.ส. 5 - 18 (แม่สูน หน่วยที่ 21).pdf,21,17.0,ตำบลแม่สูน,อำเภอฝาง,386.0,280.0,263.0,4.0,13.0,4.0,นายสันติ ตันสุหัช,ก้าวอิสระ,2.0,2,สอง,numeric_text_agree
อำเภอฝาง/ตำบลแม่สูน/หน่วยเลือกตั้งที่ 21/ส.ส. 5 - 18 (แม่สูน หน่วยที่ 21).pdf,21,17.0,ตำบลแม่สูน,อำเภอฝาง,386.0,280.0,263.0,4.0,13.0,5.0,นายการุณย์ คูเจริญชัยกุล,กล้าธรรม,77.0,77,เจ็ดสิบเจ็ด,numeric_text_agree
อำเภอฝาง/ตำบลแม่สูน/หน่วยเลือกตั้งที่ 21/ส.ส. 5 - 18 (แม่สูน หน่วยที่ 21).pdf,21,17.0,ตำบลแม่สูน,อำเภอฝาง,386.0,280.0,263.0,4.0,13.0,6.0,นายนิธิกร วุฒินันชัย,เพื่อไทย,78.0,78,เจ็ดสิบแปด,numeric_text_agree
อำเภอฝาง/ตำบลแม่สูน/หน่วยเลือกตั้งที่ 21/ส.ส. 5 - 18 (แม่สูน หน่วยที่ 21).pdf,21,17.0,ตำบลแม่สูน,อำเภอฝาง,386.0,280.0,263.0,4.0,13.0,7.0,นายไกร ดาบธรรม,พลังประชารัฐ,12.0,12,สิบสอง,numeric_text_agree
อำเภอฝาง/ตำบลแม่สูน/หน่วยเลือกตั้งที่ 21/ส.ส. 5 - 18 (แม่สูน หน่วยที่ 21).pdf,21,17.0,ตำบลแม่สูน,อำเภอฝาง,386.0,280.0,263.0,4.0,13.0,8.0,นายพิสิทธิ์ อุปนันท์,เศรษฐกิจ,3.0,3,สาม,numeric_text_agree
อำเภอฝาง/ตำบลแม่สูน/หน่วยเลือกตั้งที่ 21/ส.ส. 5 - 18 (แม่สูน หน่วยที่ 21).pdf,21,17.0,ตำบลแม่สูน,อำเภอฝาง,386.0,280.0,263.0,4.0,13.0,9.0,นายชาญวิทยายุทธ์ อินทร์แก้ว,ประชากรไทย,7.0,7,เจ็ด,numeric_text_agree
อำเภอฝาง/ตำบลแม่สูน/หน่วยเลือกตั้งที่ 3/ส.ส. 5 - 18 (แม่สูน หน่วยที่ 3).pdf,3,2.0,ตำบลแม่สูน,อำเภอฝาง,575.0,447.0,406.0,21.0,20.0,1.0,นายอดุลย์ บุญใส,ภูมิใจไทย,20.0,20,ยี่สิบ,numeric_text_agree
อำเภอฝาง/ตำบลแม่สูน/หน่วยเลือกตั้งที่ 3/ส.ส. 5 - 18 (แม่สูน หน่วยที่ 3).pdf,3,2.0,ตำบลแม่สูน,อำเภอฝาง,575.0,447.0,406.0,21.0,20.0,2.0,นายสมดุลย์ อุดเจริญ,ประชาชน,86.0,86,แปดสิบหก,numeric_text_agree
อำเภอฝาง/ตำบลแม่สูน/หน่วยเลือกตั้งที่ 3/ส.ส. 5 - 18 (แม่สูน หน่วยที่ 3).pdf,3,2.0,ตำบลแม่สูน,อำเภอฝาง,575.0,447.0,406.0,21.0,20.0,3.0,นายเกรียงกมล ศรีมา,ประชาธิปัตย์,3.0,3,สาม,numeric_text_agree
อำเภอฝาง/ตำบลแม่สูน/หน่วยเลือกตั้งที่ 3/ส.ส. 5 - 18 (แม่สูน หน่วยที่ 3).pdf,3,2.0,ตำบลแม่สูน,อำเภอฝาง,575.0,447.0,406.0,21.0,20.0,4.0,นายสันติ ตันสุขหิร,ก้าวอิสระ,3.0,3,สาม,numeric_text_agree
อำเภอฝาง/ตำบลแม่สูน/หน่วยเลือกตั้งที่ 3/ส.ส. 5 - 18 (แม่สูน หน่วยที่ 3).pdf,3,2.0,ตำบลแม่สูน,อำเภอฝาง,575.0,447.0,406.0,21.0,20.0,5.0,นายการุณย์ คูเจริญชัยกุล,กล้าธรรม,140.0,140,หนึ่งร้อยสี่สิบ,numeric_text_agree
อำเภอฝาง/ตำบลแม่สูน/หน่วยเลือกตั้งที่ 3/ส.ส. 5 - 18 (แม่สูน หน่วยที่ 3).pdf,3,2.0,ตำบลแม่สูน,อำเภอฝาง,575.0,447.0,406.0,21.0,20.0,6.0,นายนิกร วุฒิมันชัย,เพื่อไทย,45.0,45,สี่สิบห้า,numeric_text_agree
อำเภอฝาง/ตำบลแม่สูน/หน่วยเลือกตั้งที่ 3/ส.ส. 5 - 18 (แม่สูน หน่วยที่ 3).pdf,3,2.0,ตำบลแม่สูน,อำเภอฝาง,575.0,447.0,406.0,21.0,20.0,7.0,นายไกร ดาบธรรม,พลังประชารัฐ,97.0,97,เก้าสิบเจ็ด,numeric_text_agree
อำเภอฝาง/ตำบลแม่สูน/หน่วยเลือกตั้งที่ 3/ส.ส. 5 - 18 (แม่สูน หน่วยที่ 3).pdf,3,2.0,ตำบลแม่สูน,อำเภอฝาง,575.0,447.0,406.0,21.0,20.0,8.0,นายพิสิณฑ์ อุปนันท์,เศรษฐกิจ,2.0,2,สอง,numeric_text_agree
อำเภอฝาง/ตำบลแม่สูน/หน่วยเลือกตั้งที่ 3/ส.ส. 5 - 18 (แม่สูน หน่วยที่ 3).pdf,3,2.0,ตำบลแม่สูน,อำเภอฝาง,575.0,447.0,406.0,21.0,20.0,9.0,นายชาญวิทยายุทธ์ อินทร์แก้ว,ประชากรไทย,10.0,10,สิบ,numeric_text_agree
อำเภอฝาง/ตำบลแม่สูน/หน่วยเลือกตั้งที่ 17/ส.ส. 5 - 18 (แม่สูน หน่วยที่ 17).pdf,17,13.0,ตำบลแม่สูน,อำเภอฝาง,349.0,243.0,219.0,17.0,7.0,1.0,นายอดุลย์ บุญใส,ภูมิใจไทย,13.0,13,สิบสาม,numeric_text_agree
อำเภอฝาง/ตำบลแม่สูน/หน่วยเลือกตั้งที่ 17/ส.ส. 5 - 18 (แม่สูน หน่วยที่ 17).pdf,17,13.0,ตำบลแม่สูน,อำเภอฝาง,349.0,243.0,219.0,17.0,7.0,2.0,นายสมดุลย์ อุตเจริญ,ประชาชน,44.0,44,สี่สิบสี่,numeric_text_agree
อำเภอฝาง/ตำบลแม่สูน/หน่วยเลือกตั้งที่ 17/ส.ส. 5 - 18 (แม่สูน หน่วยที่ 17).pdf,17,13.0,ตำบลแม่สูน,อำเภอฝาง,349.0,243.0,219.0,17.0,7.0,3.0,นายเกรียงกมล ศรีมา,ประชาธิปัตย์,0.0,0,ศูนย์,numeric_only
อำเภอฝาง/ตำบลแม่สูน/หน่วยเลือกตั้งที่ 17/ส.ส. 5 - 18 (แม่สูน หน่วยที่ 17).pdf,17,13.0,ตำบลแม่สูน,อำเภอฝาง,349.0,243.0,219.0,17.0,7.0,4.0,นายสันติ ตันสุทัศ,ก้าวอิสระ,1.0,1,หนึ่ง,numeric_text_agree
อำเภอฝาง/ตำบลแม่สูน/หน่วยเลือกตั้งที่ 17/ส.ส. 5 - 18 (แม่สูน หน่วยที่ 17).pdf,17,13.0,ตำบลแม่สูน,อำเภอฝาง,349.0,243.0,219.0,17.0,7.0,5.0,นายการุณย์ คูเจริญชัยกุล,กล้าธรรม,61.0,61,หกสิบเอ็ด,numeric_text_agree
อำเภอฝาง/ตำบลแม่สูน/หน่วยเลือกตั้งที่ 17/ส.ส. 5 - 18 (แม่สูน หน่วยที่ 17).pdf,17,13.0,ตำบลแม่สูน,อำเภอฝาง,349.0,243.0,219.0,17.0,7.0,6.0,นายนิธิกร วุฒิมันชัย,เพื่อไทย,45.0,45,สี่สิบห้า,numeric_text_agree
อำเภอฝาง/ตำบลแม่สูน/หน่วยเลือกตั้งที่ 17/ส.ส. 5 - 18 (แม่สูน หน่วยที่ 17).pdf,17,13.0,ตำบลแม่สูน,อำเภอฝาง,349.0,243.0,219.0,17.0,7.0,7.0,นายไกร ดาบธรรม,พลังประชารัฐ,17.0,17,สิบเจ็ด,numeric_text_agree
อำเภอฝาง/ตำบลแม่สูน/หน่วยเลือกตั้งที่ 17/ส.ส. 5 - 18 (แม่สูน หน่วยที่ 17).pdf,17,13.0,ตำบลแม่สูน,อำเภอฝาง,349.0,243.0,219.0,17.0,7.0,8.0,นายพิสิณฑ์ อุปนันท์,เศรษฐกิจ,2.0,2,สอง,numeric_text_agree
อำเภอฝาง/ตำบลแม่สูน/หน่วยเลือกตั้งที่ 17/ส.ส. 5 - 18 (แม่สูน หน่วยที่ 17).pdf,17,13.0,ตำบลแม่สูน,อำเภอฝาง,349.0,243.0,219.0,17.0,7.0,9.0,นายชาญวิทยายุทธ์ อินทร์แก้ว,ประชากรไทย,6.0,6,หก,numeric_text_agree
อำเภอฝาง/ตำบลแม่สูน/หน่วยเลือกตั้งที่ 2/ส.ส. 5 - 18 (แม่สูน หน่วยที่ 2).pdf,2,1.0,ตำบลแม่สูน,อำเภอฝาง,544.0,343.0,317.0,13.0,13.0,1.0,นายอดุลย์ บุญใส,ภูมิใจไทย,31.0,31,สามสิบเอ็ดคะแนน,numeric_text_agree
อำเภอฝาง/ตำบลแม่สูน/หน่วยเลือกตั้งที่ 2/ส.ส. 5 - 18 (แม่สูน หน่วยที่ 2).pdf,2,1.0,ตำบลแม่สูน,อำเภอฝาง,544.0,343.0,317.0,13.0,13.0,2.0,นายสมดุลย์ อุดเจริญ,ประชาชน,69.0,69,หกสิบเก้าคะแนน,numeric_text_agree
อำเภอฝาง/ตำบลแม่สูน/หน่วยเลือกตั้งที่ 2/ส.ส. 5 - 18 (แม่สูน หน่วยที่ 2).pdf,2,1.0,ตำบลแม่สูน,อำเภอฝาง,544.0,343.0,317.0,13.0,13.0,3.0,นายเกรียงกมล ศรีมา,ประชาธิปัตย์,0.0,0,ศูนย์คะแนน,numeric_only
อำเภอฝาง/ตำบลแม่สูน/หน่วยเลือกตั้งที่ 2/ส.ส. 5 - 18 (แม่สูน หน่วยที่ 2).pdf,2,1.0,ตำบลแม่สูน,อำเภอฝาง,544.0,343.0,317.0,13.0,13.0,4.0,นายสันติ ตับสุหัช,ก้าวอิสระ,6.0,6,หกคะแนน,numeric_text_agree
อำเภอฝาง/ตำบลแม่สูน/หน่วยเลือกตั้งที่ 2/ส.ส. 5 - 18 (แม่สูน หน่วยที่ 2).pdf,2,1.0,ตำบลแม่สูน,อำเภอฝาง,544.0,343.0,317.0,13.0,13.0,5.0,นายการุณย์ คูเจริญชัยกุล,กล้าธรรม,112.0,112,หนึ่งร้อยสิบสองคะแนน,numeric_text_agree
อำเภอฝาง/ตำบลแม่สูน/หน่วยเลือกตั้งที่ 2/ส.ส. 5 - 18 (แม่สูน หน่วยที่ 2).pdf,2,1.0,ตำบลแม่สูน,อำเภอฝาง,544.0,343.0,317.0,13.0,13.0,6.0,นายนิธิกร วุฒินันชัย,เพื่อไทย,46.0,46,สี่สิบหกคะแนน,numeric_text_agree
อำเภอฝาง/ตำบลแม่สูน/หน่วยเลือกตั้งที่ 2/ส.ส. 5 - 18 (แม่สูน หน่วยที่ 2).pdf,2,1.0,ตำบลแม่สูน,อำเภอฝาง,544.0,343.0,317.0,13.0,13.0,7.0,นายไกร ดาบธรรม,พลังประชารัฐ,45.0,45,สี่สิบห้าคะแนน,numeric_text_agree
อำเภอฝาง/ตำบลแม่สูน/หน่วยเลือกตั้งที่ 2/ส.ส. 5 - 18 (แม่สูน หน่วยที่ 2).pdf,2,1.0,ตำบลแม่สูน,อำเภอฝาง,544.0,343.0,317.0,13.0,13.0,8.0,นายพิสิษฐ์ อุปนันท์,เศรษฐกิจ,4.0,4,สี่คะแนน,numeric_text_agree
อำเภอฝาง/ตำบลแม่สูน/หน่วยเลือกตั้งที่ 2/ส.ส. 5 - 18 (แม่สูน หน่วยที่ 2).pdf,2,1.0,ตำบลแม่สูน,อำเภอฝาง,544.0,343.0,317.0,13.0,13.0,9.0,นายชาญวิทยายุทธ์ อินทร์แก้ว,ประชากรไทย,4.0,4,สี่คะแนน,numeric_text_agree
อำเภอฝาง/ตำบลแม่สูน/หน่วยเลือกตั้งที่ 18/ส.ส. 5 - 18 (แม่สูน หน่วยที่ 18).pdf,18,14.0,ตำบลแม่สูน,อำเภอฝาง,473.0,343.0,324.0,9.0,10.0,1.0,นายอดุลย์ บุญใส,ภูมิใจไทย,5.0,5,ห้า,numeric_text_agree
อำเภอฝาง/ตำบลแม่สูน/หน่วยเลือกตั้งที่ 18/ส.ส. 5 - 18 (แม่สูน หน่วยที่ 18).pdf,18,14.0,ตำบลแม่สูน,อำเภอฝาง,473.0,343.0,324.0,9.0,10.0,2.0,นายสมดุลย์ อุดเจริญ,ประชาชน,83.0,83,แปดสิบสาม,numeric_text_agree
อำเภอฝาง/ตำบลแม่สูน/หน่วยเลือกตั้งที่ 18/ส.ส. 5 - 18 (แม่สูน หน่วยที่ 18).pdf,18,14.0,ตำบลแม่สูน,อำเภอฝาง,473.0,343.0,324.0,9.0,10.0,3.0,นายเกรียงกมล ศรีมา,ประชาธิปัตย์,2.0,2,สอง,numeric_text_agree
อำเภอฝาง/ตำบลแม่สูน/หน่วยเลือกตั้งที่ 18/ส.ส. 5 - 18 (แม่สูน หน่วยที่ 18).pdf,18,14.0,ตำบลแม่สูน,อำเภอฝาง,473.0,343.0,324.0,9.0,10.0,4.0,นายสันติ ตันสุขข์,ก้าวอิสระ,4.0,4,สี่,numeric_text_agree
อำเภอฝาง/ตำบลแม่สูน/หน่วยเลือกตั้งที่ 18/ส.ส. 5 - 18 (แม่สูน หน่วยที่ 18).pdf,18,14.0,ตำบลแม่สูน,อำเภอฝาง,473.0,343.0,324.0,9.0,10.0,5.0,นายการุณย์ คูเจริญชัยกุล,กล้าธรรม,105.0,105,หนึ่งร้อยห้า,numeric_text_agree
อำเภอฝาง/ตำบลแม่สูน/หน่วยเลือกตั้งที่ 18/ส.ส. 5 - 18 (แม่สูน หน่วยที่ 18).pdf,18,14.0,ตำบลแม่สูน,อำเภอฝาง,473.0,343.0,324.0,9.0,10.0,6.0,นายนิธิกร วุฒิมันชัย,เพื่อไทย,49.0,49,สี่สิบเก้า,numeric_text_agree
อำเภอฝาง/ตำบลแม่สูน/หน่วยเลือกตั้งที่ 18/ส.ส. 5 - 18 (แม่สูน หน่วยที่ 18).pdf,18,14.0,ตำบลแม่สูน,อำเภอฝาง,473.0,343.0,324.0,9.0,10.0,7.0,นายไกร ดาบธรรม,พลังประชารัฐ,66.0,66,หกสิบหก,numeric_text_agree
อำเภอฝาง/ตำบลแม่สูน/หน่วยเลือกตั้งที่ 18/ส.ส. 5 - 18 (แม่สูน หน่วยที่ 18).pdf,18,14.0,ตำบลแม่สูน,อำเภอฝาง,473.0,343.0,324.0,9.0,10.0,8.0,นายพิสิณห์ อุปนันท์,เศรษฐกิจ,5.0,5,ห้า,numeric_text_agree
อำเภอฝาง/ตำบลแม่สูน/หน่วยเลือกตั้งที่ 18/ส.ส. 5 - 18 (แม่สูน หน่วยที่ 18).pdf,18,14.0,ตำบลแม่สูน,อำเภอฝาง,473.0,343.0,324.0,9.0,10.0,9.0,นายชาญวิทยายุทธ์ อินทร์แก้ว,ประชากรไทย,5.0,5,ห้า,numeric_text_agree
อำเภอฝาง/ตำบลแม่สูน/หน่วยเลือกตั้งที่ 19/ส.ส. 5 - 18 (แม่สูน หน่วยที่ 19).pdf,19,15.0,ตำบลแม่สูน,อำเภอฝาง,352.0,293.0,288.0,9.0,18.0,1.0,นายอดุลย์ บุญใส,ภูมิใจไทย,25.0,25,ยี่สิบห้าคะแนน,numeric_text_agree
อำเภอฝาง/ตำบลแม่สูน/หน่วยเลือกตั้งที่ 19/ส.ส. 5 - 18 (แม่สูน หน่วยที่ 19).pdf,19,15.0,ตำบลแม่สูน,อำเภอฝาง,352.0,293.0,288.0,9.0,18.0,2.0,นายสมดุลย์ อุดเจริญ,ประชาชน,45.0,45,สี่สิบห้าคะแนน,numeric_text_agree
อำเภอฝาง/ตำบลแม่สูน/หน่วยเลือกตั้งที่ 19/ส.ส. 5 - 18 (แม่สูน หน่วยที่ 19).pdf,19,15.0,ตำบลแม่สูน,อำเภอฝาง,352.0,293.0,288.0,9.0,18.0,3.0,นายเกรียงกมล ศรีมา,ประชาธิปัตย์,2.0,2,สองคะแนน,numeric_text_agree
อำเภอฝาง/ตำบลแม่สูน/หน่วยเลือกตั้งที่ 19/ส.ส. 5 - 18 (แม่สูน หน่วยที่ 19).pdf,19,15.0,ตำบลแม่สูน,อำเภอฝาง,352.0,293.0,288.0,9.0,18.0,4.0,นายสันติ ตันสุหัช,ก้าวอิสระ,1.0,1,หนึ่งคะแนน,numeric_text_agree
อำเภอฝาง/ตำบลแม่สูน/หน่วยเลือกตั้งที่ 19/ส.ส. 5 - 18 (แม่สูน หน่วยที่ 19).pdf,19,15.0,ตำบลแม่สูน,อำเภอฝาง,352.0,293.0,288.0,9.0,18.0,5.0,นายการุณย์ คูเจริญชัยกุล,กล้าธรรม,64.0,64,หกสิบสี่คะแนน,numeric_text_agree
อำเภอฝาง/ตำบลแม่สูน/หน่วยเลือกตั้งที่ 19/ส.ส. 5 - 18 (แม่สูน หน่วยที่ 19).pdf,19,15.0,ตำบลแม่สูน,อำเภอฝาง,352.0,293.0,288.0,9.0,18.0,6.0,นายนิธิกร วุฒินันชัย,เพื่อไทย,82.0,82,แปดสิบสองคะแนน,numeric_text_agree
อำเภอฝาง/ตำบลแม่สูน/หน่วยเลือกตั้งที่ 19/ส.ส. 5 - 18 (แม่สูน หน่วยที่ 19).pdf,19,15.0,ตำบลแม่สูน,อำเภอฝาง,352.0,293.0,288.0,9.0,18.0,7.0,นายไกร ดาบธรรม,พลังประชารัฐ,42.0,42,สี่สิบสองคะแนน,numeric_text_agree
อำเภอฝาง/ตำบลแม่สูน/หน่วยเลือกตั้งที่ 19/ส.ส. 5 - 18 (แม่สูน หน่วยที่ 19).pdf,19,15.0,ตำบลแม่สูน,อำเภอฝาง,352.0,293.0,288.0,9.0,18.0,8.0,นายพิสัณห์ อุปนันท์,เศรษฐกิจ,2.0,2,สองคะแนน,numeric_text_agree
อำเภอฝาง/ตำบลแม่สูน/หน่วยเลือกตั้งที่ 19/ส.ส. 5 - 18 (แม่สูน หน่วยที่ 19).pdf,19,15.0,ตำบลแม่สูน,อำเภอฝาง,352.0,293.0,288.0,9.0,18.0,9.0,นายชาญวิทยายุทธ์ อินทร์แก้ว,ประชากรไทย,3.0,3,สามคะแนน,numeric_text_agree
อำเภอฝาง/ตำบลแม่สูน/หน่วยเลือกตั้งที่ 16/ส.ส. 5 - 18 (แม่สูน หน่วยที่ 16).pdf,16,12.0,ตำบลแม่สูน,อำเภอฝาง,394.0,283.0,271.0,6.0,6.0,1.0,นายอดุลย์ บุญใส,ภูมิใจไทย,13.0,13,สิบสาม คะแนน,numeric_text_agree
อำเภอฝาง/ตำบลแม่สูน/หน่วยเลือกตั้งที่ 16/ส.ส. 5 - 18 (แม่สูน หน่วยที่ 16).pdf,16,12.0,ตำบลแม่สูน,อำเภอฝาง,394.0,283.0,271.0,6.0,6.0,2.0,นายสมดุลย์ อุดมเจริญ,ประชาชน,70.0,70,เจ็ดสิบ คะแนน,numeric_text_agree
อำเภอฝาง/ตำบลแม่สูน/หน่วยเลือกตั้งที่ 16/ส.ส. 5 - 18 (แม่สูน หน่วยที่ 16).pdf,16,12.0,ตำบลแม่สูน,อำเภอฝาง,394.0,283.0,271.0,6.0,6.0,3.0,นายเกรียงกมล ศรีมา,ประชาธิปัตย์,2.0,2,สอง คะแนน,numeric_text_agree
อำเภอฝาง/ตำบลแม่สูน/หน่วยเลือกตั้งที่ 16/ส.ส. 5 - 18 (แม่สูน หน่วยที่ 16).pdf,16,12.0,ตำบลแม่สูน,อำเภอฝาง,394.0,283.0,271.0,6.0,6.0,4.0,นายสันติ ตันสุขทั่ง,ก้าวอิสระ,10.0,10,สิบ คะแนน,numeric_text_agree
อำเภอฝาง/ตำบลแม่สูน/หน่วยเลือกตั้งที่ 16/ส.ส. 5 - 18 (แม่สูน หน่วยที่ 16).pdf,16,12.0,ตำบลแม่สูน,อำเภอฝาง,394.0,283.0,271.0,6.0,6.0,5.0,นายการุณย์ ภูเจริญชัยกุล,กล้าธรรม,50.0,50,ห้าสิบ คะแนน,numeric_text_agree
อำเภอฝาง/ตำบลแม่สูน/หน่วยเลือกตั้งที่ 16/ส.ส. 5 - 18 (แม่สูน หน่วยที่ 16).pdf,16,12.0,ตำบลแม่สูน,อำเภอฝาง,394.0,283.0,271.0,6.0,6.0,6.0,นายนิธิกร วุฒินันชัย,เพื่อไทย,81.0,81,แปดสิบเอ็ด คะแนน,numeric_text_agree
อำเภอฝาง/ตำบลแม่สูน/หน่วยเลือกตั้งที่ 16/ส.ส. 5 - 18 (แม่สูน หน่วยที่ 16).pdf,16,12.0,ตำบลแม่สูน,อำเภอฝาง,394.0,283.0,271.0,6.0,6.0,7.0,นายไกร ดาบธรรม,พลังประชารัฐ,36.0,36,สามสิบหก คะแนน,numeric_text_agree
อำเภอฝาง/ตำบลแม่สูน/หน่วยเลือกตั้งที่ 16/ส.ส. 5 - 18 (แม่สูน หน่วยที่ 16).pdf,16,12.0,ตำบลแม่สูน,อำเภอฝาง,394.0,283.0,271.0,6.0,6.0,8.0,นายพิสิษฐ์ อุปนันท์,เศรษฐกิจ,4.0,4,สี่ คะแนน,numeric_text_agree
อำเภอฝาง/ตำบลแม่สูน/หน่วยเลือกตั้งที่ 16/ส.ส. 5 - 18 (แม่สูน หน่วยที่ 16).pdf,16,12.0,ตำบลแม่สูน,อำเภอฝาง,394.0,283.0,271.0,6.0,6.0,9.0,นายชาญวิทยายุทธ์ อินทร์แก้ว,ประชากรไทย,5.0,5,ห้า คะแนน,numeric_text_agree
อำเภอฝาง/ตำบลแม่สูน/หน่วยเลือกตั้งที่ 12/ส.ส. 5 - 18 (แม่สูน หน่วยที่ 12).pdf,12,9.0,ตำบลแม่สูน,อำเภอฝาง,414.0,273.0,250.0,5.0,9.0,1.0,นายอดุลย์ บุญใส,ภูมิใจไทย,8.0,8,แปด,numeric_text_agree
อำเภอฝาง/ตำบลแม่สูน/หน่วยเลือกตั้งที่ 12/ส.ส. 5 - 18 (แม่สูน หน่วยที่ 12).pdf,12,9.0,ตำบลแม่สูน,อำเภอฝาง,414.0,273.0,250.0,5.0,9.0,2.0,นายสมดุลย์ อุดเจริญ,ประชาชน,64.0,64,หกสิบสี่,numeric_text_agree
อำเภอฝาง/ตำบลแม่สูน/หน่วยเลือกตั้งที่ 12/ส.ส. 5 - 18 (แม่สูน หน่วยที่ 12).pdf,12,9.0,ตำบลแม่สูน,อำเภอฝาง,414.0,273.0,250.0,5.0,9.0,3.0,นายเกรียงกมล ศรีมา,ประชาธิปัตย์,3.0,3,สาม,numeric_text_agree
อำเภอฝาง/ตำบลแม่สูน/หน่วยเลือกตั้งที่ 12/ส.ส. 5 - 18 (แม่สูน หน่วยที่ 12).pdf,12,9.0,ตำบลแม่สูน,อำเภอฝาง,414.0,273.0,250.0,5.0,9.0,4.0,นายสันติ ตันสุขี,ก้าวอิสระ,9.0,9,เก้า,numeric_text_agree
อำเภอฝาง/ตำบลแม่สูน/หน่วยเลือกตั้งที่ 12/ส.ส. 5 - 18 (แม่สูน หน่วยที่ 12).pdf,12,9.0,ตำบลแม่สูน,อำเภอฝาง,414.0,273.0,250.0,5.0,9.0,5.0,นายการุณย์ คูเจริญชัยกุล,กล้าธรรม,68.0,68,หกสิบแปด,numeric_text_agree
อำเภอฝาง/ตำบลแม่สูน/หน่วยเลือกตั้งที่ 12/ส.ส. 5 - 18 (แม่สูน หน่วยที่ 12).pdf,12,9.0,ตำบลแม่สูน,อำเภอฝาง,414.0,273.0,250.0,5.0,9.0,6.0,นายนิธิกร วุฒินันชัย,เพื่อไทย,65.0,65,หกสิบห้า,numeric_text_agree
อำเภอฝาง/ตำบลแม่สูน/หน่วยเลือกตั้งที่ 12/ส.ส. 5 - 18 (แม่สูน หน่วยที่ 12).pdf,12,9.0,ตำบลแม่สูน,อำเภอฝาง,414.0,273.0,250.0,5.0,9.0,7.0,นายไกร ดาบธรรม,พลังประชารัฐ,36.0,36,สามสิบหก,numeric_text_agree
อำเภอฝาง/ตำบลแม่สูน/หน่วยเลือกตั้งที่ 12/ส.ส. 5 - 18 (แม่สูน หน่วยที่ 12).pdf,12,9.0,ตำบลแม่สูน,อำเภอฝาง,414.0,273.0,250.0,5.0,9.0,8.0,นายพิสิษฐ์ อุปนันท์,เศรษฐกิจ,4.0,4,สี่,numeric_text_agree
อำเภอฝาง/ตำบลแม่สูน/หน่วยเลือกตั้งที่ 12/ส.ส. 5 - 18 (แม่สูน หน่วยที่ 12).pdf,12,9.0,ตำบลแม่สูน,อำเภอฝาง,414.0,273.0,250.0,5.0,9.0,9.0,นายชาญวิทยายุทธ์ อินทร์แก้ว,ประชากรไทย,2.0,2,สอง,numeric_text_agree
อำเภอฝาง/ตำบลแม่สูน/หน่วยเลือกตั้งที่ 13/ส.ส. 5 - 18 (แม่สูน หน่วยที่ 13).pdf,13,9.0,ตำบลแม่สูน,อำเภอฝาง,421.0,285.0,269.0,9.0,7.0,1.0,นายอดุลย์ บุญใส,ภูมิใจไทย,24.0,24,ยี่สิบสี่คะแนน,numeric_text_agree
อำเภอฝาง/ตำบลแม่สูน/หน่วยเลือกตั้งที่ 13/ส.ส. 5 - 18 (แม่สูน หน่วยที่ 13).pdf,13,9.0,ตำบลแม่สูน,อำเภอฝาง,421.0,285.0,269.0,9.0,7.0,2.0,นายสมดุลย์ อุตเจริญ,ประชาชน,58.0,58,ห้าสิบแปดคะแนน,numeric_text_agree
อำเภอฝาง/ตำบลแม่สูน/หน่วยเลือกตั้งที่ 13/ส.ส. 5 - 18 (แม่สูน หน่วยที่ 13).pdf,13,9.0,ตำบลแม่สูน,อำเภอฝาง,421.0,285.0,269.0,9.0,7.0,3.0,นายเกรียงกมล ศรีมา,ประชาธิปัตย์,90.0,90,เก้าสิบคะแนน,numeric_text_agree
อำเภอฝาง/ตำบลแม่สูน/หน่วยเลือกตั้งที่ 13/ส.ส. 5 - 18 (แม่สูน หน่วยที่ 13).pdf,13,9.0,ตำบลแม่สูน,อำเภอฝาง,421.0,285.0,269.0,9.0,7.0,4.0,นายสันติ ตันสุข,ก้าวอิสระ,6.0,6,หกคะแนน,numeric_text_agree
อำเภอฝาง/ตำบลแม่สูน/หน่วยเลือกตั้งที่ 13/ส.ส. 5 - 18 (แม่สูน หน่วยที่ 13).pdf,13,9.0,ตำบลแม่สูน,อำเภอฝาง,421.0,285.0,269.0,9.0,7.0,5.0,นายการุณย์ คูเจริญชัยกุล,กล้าธรรม,73.0,73,เจ็ดสิบสามคะแนน,numeric_text_agree
อำเภอฝาง/ตำบลแม่สูน/หน่วยเลือกตั้งที่ 13/ส.ส. 5 - 18 (แม่สูน หน่วยที่ 13).pdf,13,9.0,ตำบลแม่สูน,อำเภอฝาง,421.0,285.0,269.0,9.0,7.0,6.0,นายนิธิกร วุฒินันชัย,เพื่อไทย,57.0,57,ห้าสิบเจ็ดคะแนน,numeric_text_agree
อำเภอฝาง/ตำบลแม่สูน/หน่วยเลือกตั้งที่ 13/ส.ส. 5 - 18 (แม่สูน หน่วยที่ 13).pdf,13,9.0,ตำบลแม่สูน,อำเภอฝาง,421.0,285.0,269.0,9.0,7.0,7.0,นายไกร ดาบธรรม,พลังประชารัฐ,44.0,44,สี่สิบสี่คะแนน,numeric_text_agree
อำเภอฝาง/ตำบลแม่สูน/หน่วยเลือกตั้งที่ 13/ส.ส. 5 - 18 (แม่สูน หน่วยที่ 13).pdf,13,9.0,ตำบลแม่สูน,อำเภอฝาง,421.0,285.0,269.0,9.0,7.0,8.0,นายพิสิณฑ์ อุปนันท์,เศรษฐกิจ,2.0,2,สองคะแนน,numeric_text_agree
อำเภอฝาง/ตำบลแม่สูน/หน่วยเลือกตั้งที่ 13/ส.ส. 5 - 18 (แม่สูน หน่วยที่ 13).pdf,13,9.0,ตำบลแม่สูน,อำเภอฝาง,421.0,285.0,269.0,9.0,7.0,9.0,นายชาญวิทยายุทธ์ อินทร์แก้ว,ประชากรไทย,5.0,5,ห้าคะแนน,numeric_text_agree
อำเภอฝาง/ตำบลแม่สูน/หน่วยเลือกตั้งที่ 14/ส.ส. 5 - 18 (แม่สูน หน่วยที่ 14).pdf,14,10.0,ตำบลแม่สูน,อำเภอฝาง,768.0,553.0,505.0,20.0,28.0,1.0,นายอดุลย์ บุญใส,ภูมิใจไทย,29.0,29,ยี่สิบเก้า,numeric_text_agree
อำเภอฝาง/ตำบลแม่สูน/หน่วยเลือกตั้งที่ 14/ส.ส. 5 - 18 (แม่สูน หน่วยที่ 14).pdf,14,10.0,ตำบลแม่สูน,อำเภอฝาง,768.0,553.0,505.0,20.0,28.0,2.0,นายสมดุลย์ อุดเจริญ,ประชาชน,99.0,99,เก้าสิบเก้า,numeric_text_agree
อำเภอฝาง/ตำบลแม่สูน/หน่วยเลือกตั้งที่ 14/ส.ส. 5 - 18 (แม่สูน หน่วยที่ 14).pdf,14,10.0,ตำบลแม่สูน,อำเภอฝาง,768.0,553.0,505.0,20.0,28.0,3.0,นายเกรียงกมล ศรีมา,ประชาธิปัตย์,4.0,4,สี่,numeric_text_agree
อำเภอฝาง/ตำบลแม่สูน/หน่วยเลือกตั้งที่ 14/ส.ส. 5 - 18 (แม่สูน หน่วยที่ 14).pdf,14,10.0,ตำบลแม่สูน,อำเภอฝาง,768.0,553.0,505.0,20.0,28.0,4.0,นายสันติ ตันสุขช,ก้าวอิสระ,18.0,18,สิบแปด,numeric_text_agree
อำเภอฝาง/ตำบลแม่สูน/หน่วยเลือกตั้งที่ 14/ส.ส. 5 - 18 (แม่สูน หน่วยที่ 14).pdf,14,10.0,ตำบลแม่สูน,อำเภอฝาง,768.0,553.0,505.0,20.0,28.0,5.0,นายการุณย์ คูเจริญชัยกุล,กล้าธรรม,105.0,105,หนึ่งร้อยห้า,numeric_text_agree
อำเภอฝาง/ตำบลแม่สูน/หน่วยเลือกตั้งที่ 14/ส.ส. 5 - 18 (แม่สูน หน่วยที่ 14).pdf,14,10.0,ตำบลแม่สูน,อำเภอฝาง,768.0,553.0,505.0,20.0,28.0,6.0,นายนิธิกร วุฒินันชัย,เพื่อไทย,101.0,101,หนึ่งร้อยหนึ่ง,numeric_text_agree
อำเภอฝาง/ตำบลแม่สูน/หน่วยเลือกตั้งที่ 14/ส.ส. 5 - 18 (แม่สูน หน่วยที่ 14).pdf,14,10.0,ตำบลแม่สูน,อำเภอฝาง,768.0,553.0,505.0,20.0,28.0,7.0,นายไกร ดาบธรรม,พลังประชารัฐ,136.0,136,หนึ่งร้อยสามสิบหก,numeric_text_agree
อำเภอฝาง/ตำบลแม่สูน/หน่วยเลือกตั้งที่ 14/ส.ส. 5 - 18 (แม่สูน หน่วยที่ 14).pdf,14,10.0,ตำบลแม่สูน,อำเภอฝาง,768.0,553.0,505.0,20.0,28.0,8.0,นายพิสันท์ อุปนันท์,เศรษฐกิจ,3.0,3,สาม,numeric_text_agree
อำเภอฝาง/ตำบลแม่สูน/หน่วยเลือกตั้งที่ 14/ส.ส. 5 - 18 (แม่สูน หน่วยที่ 14).pdf,14,10.0,ตำบลแม่สูน,อำเภอฝาง,768.0,553.0,505.0,20.0,28.0,9.0,นายชาญวิทยายุทธ์ อินทร์แก้ว,ประชากรไทย,10.0,10,สิบ,numeric_text_agree
อำเภอฝาง/ตำบลแม่สูน/หน่วยเลือกตั้งที่ 11/ส.ส. 5 - 18 (แม่สูน หน่วยที่ 11).pdf,11,8.0,ตำบลแม่สูน,อำเภอฝาง,120.0,96.0,92.0,2.0,2.0,1.0,นายอดุลย์ บุญใส,ภูมิใจไทย,2.0,2,สอง,numeric_text_agree
อำเภอฝาง/ตำบลแม่สูน/หน่วยเลือกตั้งที่ 11/ส.ส. 5 - 18 (แม่สูน หน่วยที่ 11).pdf,11,8.0,ตำบลแม่สูน,อำเภอฝาง,120.0,96.0,92.0,2.0,2.0,2.0,นายสมดุลย์ อุดเจริญ,ประชาชน,14.0,14,สิบสี่,numeric_text_agree
อำเภอฝาง/ตำบลแม่สูน/หน่วยเลือกตั้งที่ 11/ส.ส. 5 - 18 (แม่สูน หน่วยที่ 11).pdf,11,8.0,ตำบลแม่สูน,อำเภอฝาง,120.0,96.0,92.0,2.0,2.0,3.0,นายเกรียงกมล ศรีมา,ประชาธิปัตย์,2.0,2,สอง,numeric_text_agree
อำเภอฝาง/ตำบลแม่สูน/หน่วยเลือกตั้งที่ 11/ส.ส. 5 - 18 (แม่สูน หน่วยที่ 11).pdf,11,8.0,ตำบลแม่สูน,อำเภอฝาง,120.0,96.0,92.0,2.0,2.0,4.0,นายสันติ ตันสุทัศ,ก้าวอิสระ,0.0,0,ศูนย์,numeric_only
อำเภอฝาง/ตำบลแม่สูน/หน่วยเลือกตั้งที่ 11/ส.ส. 5 - 18 (แม่สูน หน่วยที่ 11).pdf,11,8.0,ตำบลแม่สูน,อำเภอฝาง,120.0,96.0,92.0,2.0,2.0,5.0,นายกาญจน์ เจริญชัยกุล,กล้าธรรม,18.0,18,สิบแปด,numeric_text_agree
อำเภอฝาง/ตำบลแม่สูน/หน่วยเลือกตั้งที่ 11/ส.ส. 5 - 18 (แม่สูน หน่วยที่ 11).pdf,11,8.0,ตำบลแม่สูน,อำเภอฝาง,120.0,96.0,92.0,2.0,2.0,6.0,นายนิธิกร วุฒินันชัย,เพื่อไทย,39.0,39,สามสิบเก้า,numeric_text_agree
อำเภอฝาง/ตำบลแม่สูน/หน่วยเลือกตั้งที่ 11/ส.ส. 5 - 18 (แม่สูน หน่วยที่ 11).pdf,11,8.0,ตำบลแม่สูน,อำเภอฝาง,120.0,96.0,92.0,2.0,2.0,7.0,นายไกร ดาบธรรม,พลังประชารัฐ,14.0,14,สิบสี่,numeric_text_agree
อำเภอฝาง/ตำบลแม่สูน/หน่วยเลือกตั้งที่ 11/ส.ส. 5 - 18 (แม่สูน หน่วยที่ 11).pdf,11,8.0,ตำบลแม่สูน,อำเภอฝาง,120.0,96.0,92.0,2.0,2.0,8.0,นายพิสันต์ อุปนันท์,เศรษฐกิจ,0.0,0,ศูนย์,numeric_only
อำเภอฝาง/ตำบลแม่สูน/หน่วยเลือกตั้งที่ 11/ส.ส. 5 - 18 (แม่สูน หน่วยที่ 11).pdf,11,8.0,ตำบลแม่สูน,อำเภอฝาง,120.0,96.0,92.0,2.0,2.0,9.0,นายชาญวิทยายุทธ์ อินทร์แก้ว,ประชากรไทย,3.0,3,สาม,numeric_text_agree
อำเภอฝาง/ตำบลแม่สูน/หน่วยเลือกตั้งที่ 15/ส.ส. 5 - 18 (แม่สูน หน่วยที่ 15).pdf,15,11.0,ตำบลแม่สูน,อำเภอฝาง,544.0,396.0,340.0,17.0,19.0,1.0,นายอุดมย์ บุญใส,ภูมิใจไทย,15.0,15,สิบห้า,numeric_text_agree
อำเภอฝาง/ตำบลแม่สูน/หน่วยเลือกตั้งที่ 15/ส.ส. 5 - 18 (แม่สูน หน่วยที่ 15).pdf,15,11.0,ตำบลแม่สูน,อำเภอฝาง,544.0,396.0,340.0,17.0,19.0,2.0,นายสมดุลย์ อุดมเจริญ,ประชาชน,92.0,92,เก้าสิบสอง,numeric_text_agree
อำเภอฝาง/ตำบลแม่สูน/หน่วยเลือกตั้งที่ 15/ส.ส. 5 - 18 (แม่สูน หน่วยที่ 15).pdf,15,11.0,ตำบลแม่สูน,อำเภอฝาง,544.0,396.0,340.0,17.0,19.0,3.0,นายเกรียงกมล ศรีมา,ประชาธิปัตย์,4.0,4,สี่,numeric_text_agree
อำเภอฝาง/ตำบลแม่สูน/หน่วยเลือกตั้งที่ 15/ส.ส. 5 - 18 (แม่สูน หน่วยที่ 15).pdf,15,11.0,ตำบลแม่สูน,อำเภอฝาง,544.0,396.0,340.0,17.0,19.0,4.0,นายสันติ ตันสุขขี,ก้าวอิสระ,4.0,4,สี่,numeric_text_agree
อำเภอฝาง/ตำบลแม่สูน/หน่วยเลือกตั้งที่ 15/ส.ส. 5 - 18 (แม่สูน หน่วยที่ 15).pdf,15,11.0,ตำบลแม่สูน,อำเภอฝาง,544.0,396.0,340.0,17.0,19.0,5.0,นายการุณย์ คูเจริญชัยกุล,กล้าธรรม,75.0,75,เจ็ดสิบห้า,numeric_text_agree
อำเภอฝาง/ตำบลแม่สูน/หน่วยเลือกตั้งที่ 15/ส.ส. 5 - 18 (แม่สูน หน่วยที่ 15).pdf,15,11.0,ตำบลแม่สูน,อำเภอฝาง,544.0,396.0,340.0,17.0,19.0,6.0,นายนิธิกร วุฒินันชัย,เพื่อไทย,109.0,109,หนึ่งร้อยเก้า,numeric_text_agree
อำเภอฝาง/ตำบลแม่สูน/หน่วยเลือกตั้งที่ 15/ส.ส. 5 - 18 (แม่สูน หน่วยที่ 15).pdf,15,11.0,ตำบลแม่สูน,อำเภอฝาง,544.0,396.0,340.0,17.0,19.0,7.0,นายไกร ดาบธรรม,พลังประชารัฐ,26.0,26,ยี่สิบหก,numeric_text_agree
อำเภอฝาง/ตำบลแม่สูน/หน่วยเลือกตั้งที่ 15/ส.ส. 5 - 18 (แม่สูน หน่วยที่ 15).pdf,15,11.0,ตำบลแม่สูน,อำเภอฝาง,544.0,396.0,340.0,17.0,19.0,8.0,นายพิสิษฐ์ อุปนันท์,เศรษฐกิจ,0.0,0,ศูนย์,numeric_only
อำเภอฝาง/ตำบลแม่สูน/หน่วยเลือกตั้งที่ 15/ส.ส. 5 - 18 (แม่สูน หน่วยที่ 15).pdf,15,11.0,ตำบลแม่สูน,อำเภอฝาง,544.0,396.0,340.0,17.0,19.0,9.0,นายชาญวิทยายุทธ อินทร์แก้ว,ประชากรไทย,15.0,15,สิบห้า,numeric_text_agree
อำเภอฝาง/ตำบลแม่สูน/หน่วยเลือกตั้งที่ 1/ส.ส. 5- 18 (แม่สูน หน่วยที่ 1).pdf,1,1.0,ตำบลแม่สูน,อำเภอฝาง,555.0,375.0,352.0,10.0,14.0,1.0,นายอดุลย์ บุญใส,ภูมิใจไทย,23.0,23,ยี่สิบสาม,numeric_text_agree
อำเภอฝาง/ตำบลแม่สูน/หน่วยเลือกตั้งที่ 1/ส.ส. 5- 18 (แม่สูน หน่วยที่ 1).pdf,1,1.0,ตำบลแม่สูน,อำเภอฝาง,555.0,375.0,352.0,10.0,14.0,2.0,นายสมดุลย์ อุดเจริญ,ประชาชน,100.0,100,หนึ่งร้อย,numeric_text_agree
อำเภอฝาง/ตำบลแม่สูน/หน่วยเลือกตั้งที่ 1/ส.ส. 5- 18 (แม่สูน หน่วยที่ 1).pdf,1,1.0,ตำบลแม่สูน,อำเภอฝาง,555.0,375.0,352.0,10.0,14.0,3.0,นายเกรียงกมล ศรีมา,ประชาธิปัตย์,0.0,0,ศูนย์,numeric_only
อำเภอฝาง/ตำบลแม่สูน/หน่วยเลือกตั้งที่ 1/ส.ส. 5- 18 (แม่สูน หน่วยที่ 1).pdf,1,1.0,ตำบลแม่สูน,อำเภอฝาง,555.0,375.0,352.0,10.0,14.0,4.0,นายสันติ ตันสุหัช,ก้าวอิสระ,11.0,11,สิบเอ็ด,numeric_text_agree
อำเภอฝาง/ตำบลแม่สูน/หน่วยเลือกตั้งที่ 1/ส.ส. 5- 18 (แม่สูน หน่วยที่ 1).pdf,1,1.0,ตำบลแม่สูน,อำเภอฝาง,555.0,375.0,352.0,10.0,14.0,5.0,นายการุณย์ คูเจริญชัยกุล,กล้าธรรม,57.0,57,ห้าสิบเจ็ด,numeric_text_agree
อำเภอฝาง/ตำบลแม่สูน/หน่วยเลือกตั้งที่ 1/ส.ส. 5- 18 (แม่สูน หน่วยที่ 1).pdf,1,1.0,ตำบลแม่สูน,อำเภอฝาง,555.0,375.0,352.0,10.0,14.0,6.0,นายนิธิกร วุฒินันชัย,เพื่อไทย,78.0,78,เจ็ดสิบแปด,numeric_text_agree
อำเภอฝาง/ตำบลแม่สูน/หน่วยเลือกตั้งที่ 1/ส.ส. 5- 18 (แม่สูน หน่วยที่ 1).pdf,1,1.0,ตำบลแม่สูน,อำเภอฝาง,555.0,375.0,352.0,10.0,14.0,7.0,นายไกร ดาบธรรม,พลังประชารัฐ,74.0,74,เจ็ดสิบสี่,numeric_text_agree
อำเภอฝาง/ตำบลแม่สูน/หน่วยเลือกตั้งที่ 1/ส.ส. 5- 18 (แม่สูน หน่วยที่ 1).pdf,1,1.0,ตำบลแม่สูน,อำเภอฝาง,555.0,375.0,352.0,10.0,14.0,8.0,นายพิสัณห์ อุปนันท์,เศรษฐกิจ,5.0,5,ห้า,numeric_text_agree
อำเภอฝาง/ตำบลแม่สูน/หน่วยเลือกตั้งที่ 1/ส.ส. 5- 18 (แม่สูน หน่วยที่ 1).pdf,1,1.0,ตำบลแม่สูน,อำเภอฝาง,555.0,375.0,352.0,10.0,14.0,9.0,นายชาญวิทยายุทธ์ อินทร์แก้ว,ประชากรไทย,4.0,4,สี่,numeric_text_agree
อำเภอฝาง/ตำบลแม่สูน/หน่วยเลือกตั้งที่ 10/ส.ส. 5 - 18 (แม่สูน หน่วยที่ 10).pdf,10,7.0,ตำบลแม่สูน,อำเภอฝาง,417.0,297.0,295.0,2.0,14.0,1.0,นายอดุลย์ บุญใส,ภูมิใจไทย,21.0,21,ยี่สิบเอ็ดคะแนน,numeric_text_agree
อำเภอฝาง/ตำบลแม่สูน/หน่วยเลือกตั้งที่ 10/ส.ส. 5 - 18 (แม่สูน หน่วยที่ 10).pdf,10,7.0,ตำบลแม่สูน,อำเภอฝาง,417.0,297.0,295.0,2.0,14.0,2.0,นายสมดุลย์ อุดเจริญ,ประชาชน,69.0,69,หกสิบเก้าคะแนน,numeric_text_agree
อำเภอฝาง/ตำบลแม่สูน/หน่วยเลือกตั้งที่ 10/ส.ส. 5 - 18 (แม่สูน หน่วยที่ 10).pdf,10,7.0,ตำบลแม่สูน,อำเภอฝาง,417.0,297.0,295.0,2.0,14.0,3.0,นายเกรียงกมล ศรีมา,ประชาธิปัตย์,4.0,4,สี่คะแนน,numeric_text_agree
อำเภอฝาง/ตำบลแม่สูน/หน่วยเลือกตั้งที่ 10/ส.ส. 5 - 18 (แม่สูน หน่วยที่ 10).pdf,10,7.0,ตำบลแม่สูน,อำเภอฝาง,417.0,297.0,295.0,2.0,14.0,4.0,นายสันติ ตันสุหัช,ก้าวอิสระ,2.0,2,สองคะแนน,numeric_text_agree
อำเภอฝาง/ตำบลแม่สูน/หน่วยเลือกตั้งที่ 10/ส.ส. 5 - 18 (แม่สูน หน่วยที่ 10).pdf,10,7.0,ตำบลแม่สูน,อำเภอฝาง,417.0,297.0,295.0,2.0,14.0,5.0,นายการุณย์ คงเจริญชัยกุล,กล้าธรรม,29.0,29,ยี่สิบเก้าคะแนน,numeric_text_agree
อำเภอฝาง/ตำบลแม่สูน/หน่วยเลือกตั้งที่ 10/ส.ส. 5 - 18 (แม่สูน หน่วยที่ 10).pdf,10,7.0,ตำบลแม่สูน,อำเภอฝาง,417.0,297.0,295.0,2.0,14.0,6.0,นายนิธิกร วุฒิมันชัย,เพื่อไทย,98.0,98,เก้าสิบแปดคะแนน,numeric_text_agree
อำเภอฝาง/ตำบลแม่สูน/หน่วยเลือกตั้งที่ 10/ส.ส. 5 - 18 (แม่สูน หน่วยที่ 10).pdf,10,7.0,ตำบลแม่สูน,อำเภอฝาง,417.0,297.0,295.0,2.0,14.0,7.0,นายไกร ดาบธรรม,พลังประชารัฐ,41.0,41,สี่สิบเอ็ดคะแนน,numeric_text_agree
อำเภอฝาง/ตำบลแม่สูน/หน่วยเลือกตั้งที่ 10/ส.ส. 5 - 18 (แม่สูน หน่วยที่ 10).pdf,10,7.0,ตำบลแม่สูน,อำเภอฝาง,417.0,297.0,295.0,2.0,14.0,8.0,นายพิสิณห์ อุปนันท์,เศรษฐกิจ,6.0,6,หกคะแนน,numeric_text_agree
อำเภอฝาง/ตำบลแม่สูน/หน่วยเลือกตั้งที่ 10/ส.ส. 5 - 18 (แม่สูน หน่วยที่ 10).pdf,10,7.0,ตำบลแม่สูน,อำเภอฝาง,417.0,297.0,295.0,2.0,14.0,9.0,นายชาญวิทยายุทธ์ อินทร์แก้ว,ประชาธิปไตย,5.0,5,ห้าคะแนน,numeric_text_agree
อำเภอฝาง/ทต.บ้านแม่ข่า/หน่วยเลือกตั้งที่ 3/ส.ส.5-18(ทต.บ้านแม่ข่า หน่วยที่ 3).pdf,3,5.0,ทต.บ้านแม่ข่า,ทต.บ้านแม่ข่า,529.0,391.0,362.0,16.0,13.0,1.0,นายยอดดุลย์ บุญใส,ภูมิใจไทย,15.0,15,สิบห้า,numeric_text_agree
อำเภอฝาง/ทต.บ้านแม่ข่า/หน่วยเลือกตั้งที่ 3/ส.ส.5-18(ทต.บ้านแม่ข่า หน่วยที่ 3).pdf,3,5.0,ทต.บ้านแม่ข่า,ทต.บ้านแม่ข่า,529.0,391.0,362.0,16.0,13.0,2.0,นายสมดุลย์ อุดเจริญ,ประชาชน,73.0,73,เจ็ดสิบสาม,numeric_text_agree
อำเภอฝาง/ทต.บ้านแม่ข่า/หน่วยเลือกตั้งที่ 3/ส.ส.5-18(ทต.บ้านแม่ข่า หน่วยที่ 3).pdf,3,5.0,ทต.บ้านแม่ข่า,ทต.บ้านแม่ข่า,529.0,391.0,362.0,16.0,13.0,3.0,นายเกรียงกมล ศรีมา,ประชาธิปัตย์,7.0,7,เจ็ด,numeric_text_agree
อำเภอฝาง/ทต.บ้านแม่ข่า/หน่วยเลือกตั้งที่ 3/ส.ส.5-18(ทต.บ้านแม่ข่า หน่วยที่ 3).pdf,3,5.0,ทต.บ้านแม่ข่า,ทต.บ้านแม่ข่า,529.0,391.0,362.0,16.0,13.0,4.0,นายสันติ ตันสุขัช,ก้าวอิสระ,19.0,19,สิบเก้า,numeric_text_agree
อำเภอฝาง/ทต.บ้านแม่ข่า/หน่วยเลือกตั้งที่ 3/ส.ส.5-18(ทต.บ้านแม่ข่า หน่วยที่ 3).pdf,3,5.0,ทต.บ้านแม่ข่า,ทต.บ้านแม่ข่า,529.0,391.0,362.0,16.0,13.0,5.0,นายการุณย์ คูเจริญชัยกุล,กล้าธรรม,165.0,165,หนึ่งร้อยหกสิบห้า,numeric_text_agree
อำเภอฝาง/ทต.บ้านแม่ข่า/หน่วยเลือกตั้งที่ 3/ส.ส.5-18(ทต.บ้านแม่ข่า หน่วยที่ 3).pdf,3,5.0,ทต.บ้านแม่ข่า,ทต.บ้านแม่ข่า,529.0,391.0,362.0,16.0,13.0,6.0,นายนิกร วุฒินันชัย,เพื่อไทย,35.0,35,สามสิบห้า,numeric_text_agree
อำเภอฝาง/ทต.บ้านแม่ข่า/หน่วยเลือกตั้งที่ 3/ส.ส.5-18(ทต.บ้านแม่ข่า หน่วยที่ 3).pdf,3,5.0,ทต.บ้านแม่ข่า,ทต.บ้านแม่ข่า,529.0,391.0,362.0,16.0,13.0,7.0,นายไกร ดาบธรรม,พลังประชารัฐ,42.0,42,สี่สิบสอง,numeric_text_agree
อำเภอฝาง/ทต.บ้านแม่ข่า/หน่วยเลือกตั้งที่ 3/ส.ส.5-18(ทต.บ้านแม่ข่า หน่วยที่ 3).pdf,3,5.0,ทต.บ้านแม่ข่า,ทต.บ้านแม่ข่า,529.0,391.0,362.0,16.0,13.0,8.0,นายพิสัณฑ์ อุปนันท์,เศรษฐกิจ,3.0,3,สาม,numeric_text_agree
อำเภอฝาง/ทต.บ้านแม่ข่า/หน่วยเลือกตั้งที่ 3/ส.ส.5-18(ทต.บ้านแม่ข่า หน่วยที่ 3).pdf,3,5.0,ทต.บ้านแม่ข่า,ทต.บ้านแม่ข่า,529.0,391.0,362.0,16.0,13.0,9.0,นายชาญวิทยายุทธ์ อินทร์แก้ว,ประชากรไทย,3.0,3,สาม,numeric_text_agree
อำเภอฝาง/ทต.บ้านแม่ข่า/หน่วยเลือกตั้งที่ 1/ส.ส.5-18(ทต.บ้านแม่ข่า หน่วยที่ 1).pdf,1,1.0,ทต.บ้านแม่ข่า,ทต.บ้านแม่ข่า,474.0,360.0,333.0,12.0,15.0,1.0,นายอดุลย์ บุญใส,ภูมิใจไทย,12.0,12,สิบสอง,numeric_text_agree
อำเภอฝาง/ทต.บ้านแม่ข่า/หน่วยเลือกตั้งที่ 1/ส.ส.5-18(ทต.บ้านแม่ข่า หน่วยที่ 1).pdf,1,1.0,ทต.บ้านแม่ข่า,ทต.บ้านแม่ข่า,474.0,360.0,333.0,12.0,15.0,2.0,นายสมดุลย์ อุดเจริญ,ประชาชน,84.0,84,แปดสิบสี่,numeric_text_agree
อำเภอฝาง/ทต.บ้านแม่ข่า/หน่วยเลือกตั้งที่ 1/ส.ส.5-18(ทต.บ้านแม่ข่า หน่วยที่ 1).pdf,1,1.0,ทต.บ้านแม่ข่า,ทต.บ้านแม่ข่า,474.0,360.0,333.0,12.0,15.0,3.0,นายเกรียงกมล ศรีมา,ประชาธิปัตย์,4.0,4,สี่,numeric_text_agree
อำเภอฝาง/ทต.บ้านแม่ข่า/หน่วยเลือกตั้งที่ 1/ส.ส.5-18(ทต.บ้านแม่ข่า หน่วยที่ 1).pdf,1,1.0,ทต.บ้านแม่ข่า,ทต.บ้านแม่ข่า,474.0,360.0,333.0,12.0,15.0,4.0,นายสันติ ตันสุข,ก้าวอิสระ,6.0,6,หก,numeric_text_agree
อำเภอฝาง/ทต.บ้านแม่ข่า/หน่วยเลือกตั้งที่ 1/ส.ส.5-18(ทต.บ้านแม่ข่า หน่วยที่ 1).pdf,1,1.0,ทต.บ้านแม่ข่า,ทต.บ้านแม่ข่า,474.0,360.0,333.0,12.0,15.0,5.0,นายการุณย์ คูเจริญกุล,กล้าธรรม,117.0,117,หนึ่งร้อยสิบเจ็ด,numeric_text_agree
อำเภอฝาง/ทต.บ้านแม่ข่า/หน่วยเลือกตั้งที่ 1/ส.ส.5-18(ทต.บ้านแม่ข่า หน่วยที่ 1).pdf,1,1.0,ทต.บ้านแม่ข่า,ทต.บ้านแม่ข่า,474.0,360.0,333.0,12.0,15.0,6.0,นายนิกร วุฒินันชัย,เพื่อไทย,83.0,83,แปดสิบสาม,numeric_text_agree
อำเภอฝาง/ทต.บ้านแม่ข่า/หน่วยเลือกตั้งที่ 1/ส.ส.5-18(ทต.บ้านแม่ข่า หน่วยที่ 1).pdf,1,1.0,ทต.บ้านแม่ข่า,ทต.บ้านแม่ข่า,474.0,360.0,333.0,12.0,15.0,7.0,นายไกร ดาบธรรม,พลังประชารัฐ,18.0,18,สิบแปด,numeric_text_agree
อำเภอฝาง/ทต.บ้านแม่ข่า/หน่วยเลือกตั้งที่ 1/ส.ส.5-18(ทต.บ้านแม่ข่า หน่วยที่ 1).pdf,1,1.0,ทต.บ้านแม่ข่า,ทต.บ้านแม่ข่า,474.0,360.0,333.0,12.0,15.0,8.0,นายพิพัฒน์ อุปนันท์,เศรษฐกิจ,1.0,1,หนึ่ง,numeric_text_agree
อำเภอฝาง/ทต.บ้านแม่ข่า/หน่วยเลือกตั้งที่ 1/ส.ส.5-18(ทต.บ้านแม่ข่า หน่วยที่ 1).pdf,1,1.0,ทต.บ้านแม่ข่า,ทต.บ้านแม่ข่า,474.0,360.0,333.0,12.0,15.0,9.0,นายชาญวิทยายุทธ์ อินทร์แก้ว,ประชากรไทย,8.0,8,แปด,numeric_text_agree
อำเภอฝาง/ทต.บ้านแม่ข่า/หน่วยเลือกตั้งที่ 2/ส.ส.5-18(ทต.บ้านแม่ข่า หน่วยที่ 2).pdf,8,5.0,ทต.บ้านแม่ข่า,ทต.บ้านแม่ข่า,523.0,390.0,370.0,10.0,10.0,1.0,นายอดุลย์ บุญใส,ภูมิใจไทย,12.0,12,สิบสอง,numeric_text_agree
อำเภอฝาง/ทต.บ้านแม่ข่า/หน่วยเลือกตั้งที่ 2/ส.ส.5-18(ทต.บ้านแม่ข่า หน่วยที่ 2).pdf,8,5.0,ทต.บ้านแม่ข่า,ทต.บ้านแม่ข่า,523.0,390.0,370.0,10.0,10.0,2.0,นายสมดุลย์ อุดเจริญ,ประชาชน,48.0,48,สี่สิบแปด,numeric_text_agree
อำเภอฝาง/ทต.บ้านแม่ข่า/หน่วยเลือกตั้งที่ 2/ส.ส.5-18(ทต.บ้านแม่ข่า หน่วยที่ 2).pdf,8,5.0,ทต.บ้านแม่ข่า,ทต.บ้านแม่ข่า,523.0,390.0,370.0,10.0,10.0,3.0,นายเกรียงกมล ศรีมา,ประชาธิปัตย์,10.0,10,สิบ,numeric_text_agree
อำเภอฝาง/ทต.บ้านแม่ข่า/หน่วยเลือกตั้งที่ 2/ส.ส.5-18(ทต.บ้านแม่ข่า หน่วยที่ 2).pdf,8,5.0,ทต.บ้านแม่ข่า,ทต.บ้านแม่ข่า,523.0,390.0,370.0,10.0,10.0,4.0,นายสันติ ตันสุขขี,ก้าวอิสระ,21.0,21,ยี่สิบเอ็ด,numeric_text_agree
อำเภอฝาง/ทต.บ้านแม่ข่า/หน่วยเลือกตั้งที่ 2/ส.ส.5-18(ทต.บ้านแม่ข่า หน่วยที่ 2).pdf,8,5.0,ทต.บ้านแม่ข่า,ทต.บ้านแม่ข่า,523.0,390.0,370.0,10.0,10.0,5.0,นายการุณย์ คูเจริญชัยกุล,กล้าธรรม,190.0,190,หนึ่งร้อยเก้าสิบ,numeric_text_agree
อำเภอฝาง/ทต.บ้านแม่ข่า/หน่วยเลือกตั้งที่ 2/ส.ส.5-18(ทต.บ้านแม่ข่า หน่วยที่ 2).pdf,8,5.0,ทต.บ้านแม่ข่า,ทต.บ้านแม่ข่า,523.0,390.0,370.0,10.0,10.0,6.0,นายนิธากร วุฒินันชัย,เพื่อไทย,25.0,25,ยี่สิบห้า,numeric_text_agree
อำเภอฝาง/ทต.บ้านแม่ข่า/หน่วยเลือกตั้งที่ 2/ส.ส.5-18(ทต.บ้านแม่ข่า หน่วยที่ 2).pdf,8,5.0,ทต.บ้านแม่ข่า,ทต.บ้านแม่ข่า,523.0,390.0,370.0,10.0,10.0,7.0,นายไกร ดาบธรรม,พลังประชารัฐ,26.0,26,ยี่สิบหก,numeric_text_agree
อำเภอฝาง/ทต.บ้านแม่ข่า/หน่วยเลือกตั้งที่ 2/ส.ส.5-18(ทต.บ้านแม่ข่า หน่วยที่ 2).pdf,8,5.0,ทต.บ้านแม่ข่า,ทต.บ้านแม่ข่า,523.0,390.0,370.0,10.0,10.0,8.0,นายพิสิษฐ์ อุปนันท์,เศรษฐกิจ,4.0,4,สี่,numeric_text_agree
อำเภอฝาง/ทต.บ้านแม่ข่า/หน่วยเลือกตั้งที่ 2/ส.ส.5-18(ทต.บ้านแม่ข่า หน่วยที่ 2).pdf,8,5.0,ทต.บ้านแม่ข่า,ทต.บ้านแม่ข่า,523.0,390.0,370.0,10.0,10.0,9.0,นายชาญวิทยายุทธ์ อินทร์แก้ว,ประชากรไทย,4.0,4,สี่,numeric_text_agree
อำเภอฝาง/ตำบลแม่งอน/หน่วยเลือกตั้งที่ 7/ส.ส.5-18 (แม่งอน หน่วยที่ 7).pdf,7,6.0,ตำบลแม่งอน,อำเภอฝาง,659.0,318.0,276.0,29.0,17.0,1.0,นายอดุลย์ บุญใส,ภูมิใจไทย,12.0,12,สิบสอง,numeric_text_agree
อำเภอฝาง/ตำบลแม่งอน/หน่วยเลือกตั้งที่ 7/ส.ส.5-18 (แม่งอน หน่วยที่ 7).pdf,7,6.0,ตำบลแม่งอน,อำเภอฝาง,659.0,318.0,276.0,29.0,17.0,2.0,นายสมดุลย์ อุดมเจริญ,ประชาชน,107.0,107,หนึ่งร้อยเจ็ด,numeric_text_agree
อำเภอฝาง/ตำบลแม่งอน/หน่วยเลือกตั้งที่ 7/ส.ส.5-18 (แม่งอน หน่วยที่ 7).pdf,7,6.0,ตำบลแม่งอน,อำเภอฝาง,659.0,318.0,276.0,29.0,17.0,3.0,นายเกรียงกมล ศรีมา,ประชาธิปัตย์,4.0,4,สี่,numeric_text_agree
อำเภอฝาง/ตำบลแม่งอน/หน่วยเลือกตั้งที่ 7/ส.ส.5-18 (แม่งอน หน่วยที่ 7).pdf,7,6.0,ตำบลแม่งอน,อำเภอฝาง,659.0,318.0,276.0,29.0,17.0,4.0,นายสันติ ตันสุทัศ,ก้าวอิสระ,5.0,5,ห้า,numeric_text_agree
อำเภอฝาง/ตำบลแม่งอน/หน่วยเลือกตั้งที่ 7/ส.ส.5-18 (แม่งอน หน่วยที่ 7).pdf,7,6.0,ตำบลแม่งอน,อำเภอฝาง,659.0,318.0,276.0,29.0,17.0,5.0,นายการุณย์ เจริญชัยกุล,กล้าธรรม,79.0,79,เจ็ดสิบเก้า,numeric_text_agree
อำเภอฝาง/ตำบลแม่งอน/หน่วยเลือกตั้งที่ 7/ส.ส.5-18 (แม่งอน หน่วยที่ 7).pdf,7,6.0,ตำบลแม่งอน,อำเภอฝาง,659.0,318.0,276.0,29.0,17.0,6.0,นายนิธิกร วุฒินันชัย,เพื่อไทย,26.0,26,ยี่สิบหก,numeric_text_agree
อำเภอฝาง/ตำบลแม่งอน/หน่วยเลือกตั้งที่ 7/ส.ส.5-18 (แม่งอน หน่วยที่ 7).pdf,7,6.0,ตำบลแม่งอน,อำเภอฝาง,659.0,318.0,276.0,29.0,17.0,7.0,นายไกร ดาบธรรม,พลังประชารัฐ,36.0,36,สามสิบหก,numeric_text_agree
อำเภอฝาง/ตำบลแม่งอน/หน่วยเลือกตั้งที่ 7/ส.ส.5-18 (แม่งอน หน่วยที่ 7).pdf,7,6.0,ตำบลแม่งอน,อำเภอฝาง,659.0,318.0,276.0,29.0,17.0,8.0,นายพิสิณห์ อุปนันท์,เศรษฐกิจ,4.0,4,สี่,numeric_text_agree
อำเภอฝาง/ตำบลแม่งอน/หน่วยเลือกตั้งที่ 7/ส.ส.5-18 (แม่งอน หน่วยที่ 7).pdf,7,6.0,ตำบลแม่งอน,อำเภอฝาง,659.0,318.0,276.0,29.0,17.0,9.0,นายชาญวิทยายุทธ์ อินทร์แก้ว,ประชากรไทย,3.0,3,สาม,numeric_text_agree
อำเภอฝาง/ตำบลแม่งอน/หน่วยเลือกตั้งที่ 9/ส.ส.5-18 (แม่งอน หน่วยที่ 9).pdf,14,13.0,ตำบลแม่งอน,อำเภอฝาง,685.0,655.0,434.0,15.0,19.0,1.0,นายอดุลย์ บุญใส,ภูมิใจไทย,14.0,14,สิบสี่,numeric_text_agree
อำเภอฝาง/ตำบลแม่งอน/หน่วยเลือกตั้งที่ 9/ส.ส.5-18 (แม่งอน หน่วยที่ 9).pdf,14,13.0,ตำบลแม่งอน,อำเภอฝาง,685.0,655.0,434.0,15.0,19.0,2.0,นายสมดุลย์ อุดเจริญ,ประชาชน,102.0,102,หนึ่งร้อยสอง,numeric_text_agree
อำเภอฝาง/ตำบลแม่งอน/หน่วยเลือกตั้งที่ 9/ส.ส.5-18 (แม่งอน หน่วยที่ 9).pdf,14,13.0,ตำบลแม่งอน,อำเภอฝาง,685.0,655.0,434.0,15.0,19.0,3.0,นายเกรียงกมล ศรีมา,ประชาธิปัตย์,2.0,2,สอง,numeric_text_agree
อำเภอฝาง/ตำบลแม่งอน/หน่วยเลือกตั้งที่ 9/ส.ส.5-18 (แม่งอน หน่วยที่ 9).pdf,14,13.0,ตำบลแม่งอน,อำเภอฝาง,685.0,655.0,434.0,15.0,19.0,4.0,นายสันติ ตันสุขข์,ก้าวอิสระ,2.0,2,สอง,numeric_text_agree
อำเภอฝาง/ตำบลแม่งอน/หน่วยเลือกตั้งที่ 9/ส.ส.5-18 (แม่งอน หน่วยที่ 9).pdf,14,13.0,ตำบลแม่งอน,อำเภอฝาง,685.0,655.0,434.0,15.0,19.0,5.0,นายการุณย์ คูเจริญชัยกุล,กล้าธรรม,172.0,172,หนึ่งร้อยเจ็ดสิบสอง,numeric_text_agree
อำเภอฝาง/ตำบลแม่งอน/หน่วยเลือกตั้งที่ 9/ส.ส.5-18 (แม่งอน หน่วยที่ 9).pdf,14,13.0,ตำบลแม่งอน,อำเภอฝาง,685.0,655.0,434.0,15.0,19.0,6.0,นายนิธิกร วุฒินันชัย,เพื่อไทย,75.0,75,เจ็ดสิบห้า,numeric_text_agree
อำเภอฝาง/ตำบลแม่งอน/หน่วยเลือกตั้งที่ 9/ส.ส.5-18 (แม่งอน หน่วยที่ 9).pdf,14,13.0,ตำบลแม่งอน,อำเภอฝาง,685.0,655.0,434.0,15.0,19.0,7.0,นายไกร ดาบธรรม,พลังประชารัฐ,58.0,58,ห้าสิบแปด,numeric_text_agree
อำเภอฝาง/ตำบลแม่งอน/หน่วยเลือกตั้งที่ 9/ส.ส.5-18 (แม่งอน หน่วยที่ 9).pdf,14,13.0,ตำบลแม่งอน,อำเภอฝาง,685.0,655.0,434.0,15.0,19.0,8.0,นายพิสันท์ อุปนันท์,เศรษฐกิจ,4.0,4,สี่,numeric_text_agree
อำเภอฝาง/ตำบลแม่งอน/หน่วยเลือกตั้งที่ 9/ส.ส.5-18 (แม่งอน หน่วยที่ 9).pdf,14,13.0,ตำบลแม่งอน,อำเภอฝาง,685.0,655.0,434.0,15.0,19.0,9.0,นายชาญวิทยายุทธ์ อินทร์แก้ว,ประชากรไทย,5.0,5,ห้า,numeric_text_agree
อำเภอฝาง/ตำบลแม่งอน/หน่วยเลือกตั้งที่ 8/ส.ส.5-18 (แม่งอน หน่วยที่ 8).pdf,8,6.0,ตำบลแม่งอน,อำเภอฝาง,58.0,358.0,328.0,16.0,12.0,1.0,นายยศดุลย์ บุญใส,ภูมิใจไทย,12.0,12,สิบสอง,numeric_text_agree
อำเภอฝาง/ตำบลแม่งอน/หน่วยเลือกตั้งที่ 8/ส.ส.5-18 (แม่งอน หน่วยที่ 8).pdf,8,6.0,ตำบลแม่งอน,อำเภอฝาง,58.0,358.0,328.0,16.0,12.0,2.0,นายสมดุลย์ อุดเจริญ,ประชาชน,129.0,129,หนึ่งร้อยยี่สิบเก้า,numeric_text_agree
อำเภอฝาง/ตำบลแม่งอน/หน่วยเลือกตั้งที่ 8/ส.ส.5-18 (แม่งอน หน่วยที่ 8).pdf,8,6.0,ตำบลแม่งอน,อำเภอฝาง,58.0,358.0,328.0,16.0,12.0,3.0,นายเกรียงกมล ศรีมา,ประชาธิปัตย์,3.0,3,สาม,numeric_text_agree
อำเภอฝาง/ตำบลแม่งอน/หน่วยเลือกตั้งที่ 8/ส.ส.5-18 (แม่งอน หน่วยที่ 8).pdf,8,6.0,ตำบลแม่งอน,อำเภอฝาง,58.0,358.0,328.0,16.0,12.0,4.0,นายสันติ ตันสุขขี,ก้าวอิสระ,3.0,3,สาม,numeric_text_agree
อำเภอฝาง/ตำบลแม่งอน/หน่วยเลือกตั้งที่ 8/ส.ส.5-18 (แม่งอน หน่วยที่ 8).pdf,8,6.0,ตำบลแม่งอน,อำเภอฝาง,58.0,358.0,328.0,16.0,12.0,5.0,นายการุณย์ คูเจริญชัยกุล,กล้าธรรม,122.0,122,หนึ่งร้อยยี่สิบสอง,numeric_text_agree
อำเภอฝาง/ตำบลแม่งอน/หน่วยเลือกตั้งที่ 8/ส.ส.5-18 (แม่งอน หน่วยที่ 8).pdf,8,6.0,ตำบลแม่งอน,อำเภอฝาง,58.0,358.0,328.0,16.0,12.0,6.0,นายนิกร วุฒิขันชัย,เพื่อไทย,16.0,16,สิบหก,numeric_text_agree
อำเภอฝาง/ตำบลแม่งอน/หน่วยเลือกตั้งที่ 8/ส.ส.5-18 (แม่งอน หน่วยที่ 8).pdf,8,6.0,ตำบลแม่งอน,อำเภอฝาง,58.0,358.0,328.0,16.0,12.0,7.0,นายไกร ดาบธรรม,พลังประชารัฐ,27.0,27,ยี่สิบเจ็ด,numeric_text_agree
อำเภอฝาง/ตำบลแม่งอน/หน่วยเลือกตั้งที่ 8/ส.ส.5-18 (แม่งอน หน่วยที่ 8).pdf,8,6.0,ตำบลแม่งอน,อำเภอฝาง,58.0,358.0,328.0,16.0,12.0,8.0,นายพิสันต์ อุปนันท์,เศรษฐกิจ,4.0,4,สี่,numeric_text_agree
อำเภอฝาง/ตำบลแม่งอน/หน่วยเลือกตั้งที่ 8/ส.ส.5-18 (แม่งอน หน่วยที่ 8).pdf,8,6.0,ตำบลแม่งอน,อำเภอฝาง,58.0,358.0,328.0,16.0,12.0,9.0,นายชาญวิทยายุทธ์ อินทร์แก้ว,ประชากรไทย,2.0,2,สอง,numeric_text_agree
อำเภอฝาง/ตำบลแม่งอน/หน่วยเลือกตั้งที่ 5/ส.ส.5-18 (แม่งอน หน่วยที่ 5).pdf,5,5.0,ตำบลแม่งอน,อำเภอฝาง,484.0,195.0,190.0,5.0,,1.0,นายอดุลย์ บุญใส,ภูมิใจไทย,8.0,8,แปด,numeric_text_agree
อำเภอฝาง/ตำบลแม่งอน/หน่วยเลือกตั้งที่ 5/ส.ส.5-18 (แม่งอน หน่วยที่ 5).pdf,5,5.0,ตำบลแม่งอน,อำเภอฝาง,484.0,195.0,190.0,5.0,,2.0,นายสมดุลย์ อุดเจริญ,ประชาชน,105.0,105,หนึ่งร้อยห้า,numeric_text_agree
อำเภอฝาง/ตำบลแม่งอน/หน่วยเลือกตั้งที่ 5/ส.ส.5-18 (แม่งอน หน่วยที่ 5).pdf,5,5.0,ตำบลแม่งอน,อำเภอฝาง,484.0,195.0,190.0,5.0,,3.0,นายเกรียงกมล ศรีมา,ประชาธิปัตย์,2.0,2,สอง,numeric_text_agree
อำเภอฝาง/ตำบลแม่งอน/หน่วยเลือกตั้งที่ 5/ส.ส.5-18 (แม่งอน หน่วยที่ 5).pdf,5,5.0,ตำบลแม่งอน,อำเภอฝาง,484.0,195.0,190.0,5.0,,4.0,นายสันติ ตันสุหัช,ก้าวอิสระ,3.0,3,สาม,numeric_text_agree
อำเภอฝาง/ตำบลแม่งอน/หน่วยเลือกตั้งที่ 5/ส.ส.5-18 (แม่งอน หน่วยที่ 5).pdf,5,5.0,ตำบลแม่งอน,อำเภอฝาง,484.0,195.0,190.0,5.0,,5.0,นายการุณย์ คูเจริญชัยกุล,กล้าธรรม,24.0,24,ยี่สิบสี่,numeric_text_agree
อำเภอฝาง/ตำบลแม่งอน/หน่วยเลือกตั้งที่ 5/ส.ส.5-18 (แม่งอน หน่วยที่ 5).pdf,5,5.0,ตำบลแม่งอน,อำเภอฝาง,484.0,195.0,190.0,5.0,,6.0,นายนิธิกร วุฒินันชัย,เพื่อไทย,22.0,22,ยี่สิบสอง,numeric_text_agree
อำเภอฝาง/ตำบลแม่งอน/หน่วยเลือกตั้งที่ 5/ส.ส.5-18 (แม่งอน หน่วยที่ 5).pdf,5,5.0,ตำบลแม่งอน,อำเภอฝาง,484.0,195.0,190.0,5.0,,7.0,นายไกร ดาบธรรม,พลังประชารัฐ,18.0,18,สิบแปด,numeric_text_agree
อำเภอฝาง/ตำบลแม่งอน/หน่วยเลือกตั้งที่ 5/ส.ส.5-18 (แม่งอน หน่วยที่ 5).pdf,5,5.0,ตำบลแม่งอน,อำเภอฝาง,484.0,195.0,190.0,5.0,,8.0,นายพิสัณฑ์ อุปนันท์,เศรษฐกิจ,5.0,5,ห้า,numeric_text_agree
อำเภอฝาง/ตำบลแม่งอน/หน่วยเลือกตั้งที่ 5/ส.ส.5-18 (แม่งอน หน่วยที่ 5).pdf,5,5.0,ตำบลแม่งอน,อำเภอฝาง,484.0,195.0,190.0,5.0,,9.0,นายชาญวิทยายุทธ์ อินทร์แก้ว,ประชากรไทย,3.0,3,สาม,numeric_text_agree
อำเภอฝาง/ตำบลแม่งอน/หน่วยเลือกตั้งที่ 6/ส.ส.5-18 (แม่งอน หน่วยที่ 6).pdf,6,5.0,ตำบลแม่งอน,อำเภอฝาง,482.0,156.0,148.0,5.0,3.0,1.0,นายอดุลย์ บุญใส,ภูมิใจไทย,3.0,3,สาม,numeric_text_agree
อำเภอฝาง/ตำบลแม่งอน/หน่วยเลือกตั้งที่ 6/ส.ส.5-18 (แม่งอน หน่วยที่ 6).pdf,6,5.0,ตำบลแม่งอน,อำเภอฝาง,482.0,156.0,148.0,5.0,3.0,2.0,นายสมดุลย์ อุดเจริญ,ประชาชน,43.0,43,สี่สิบสาม,numeric_text_agree
อำเภอฝาง/ตำบลแม่งอน/หน่วยเลือกตั้งที่ 6/ส.ส.5-18 (แม่งอน หน่วยที่ 6).pdf,6,5.0,ตำบลแม่งอน,อำเภอฝาง,482.0,156.0,148.0,5.0,3.0,3.0,นายเกรียงกมล ศรีมา,ประชาธิปัตย์,3.0,3,สาม,numeric_text_agree
อำเภอฝาง/ตำบลแม่งอน/หน่วยเลือกตั้งที่ 6/ส.ส.5-18 (แม่งอน หน่วยที่ 6).pdf,6,5.0,ตำบลแม่งอน,อำเภอฝาง,482.0,156.0,148.0,5.0,3.0,4.0,นายสันติ ตันสุข,ก้าวอิสระ,3.0,3,สาม,numeric_text_agree
อำเภอฝาง/ตำบลแม่งอน/หน่วยเลือกตั้งที่ 6/ส.ส.5-18 (แม่งอน หน่วยที่ 6).pdf,6,5.0,ตำบลแม่งอน,อำเภอฝาง,482.0,156.0,148.0,5.0,3.0,5.0,นายการุณย์ คูเจริญชัยกุล,กล้าธรรม,36.0,36,สามสิบหก,numeric_text_agree
อำเภอฝาง/ตำบลแม่งอน/หน่วยเลือกตั้งที่ 6/ส.ส.5-18 (แม่งอน หน่วยที่ 6).pdf,6,5.0,ตำบลแม่งอน,อำเภอฝาง,482.0,156.0,148.0,5.0,3.0,6.0,นายนิธิกร วุฒินันชัย,เพื่อไทย,39.0,39,สามสิบเก้า,numeric_text_agree
อำเภอฝาง/ตำบลแม่งอน/หน่วยเลือกตั้งที่ 6/ส.ส.5-18 (แม่งอน หน่วยที่ 6).pdf,6,5.0,ตำบลแม่งอน,อำเภอฝาง,482.0,156.0,148.0,5.0,3.0,7.0,นายไกร ดาบธรรม,พลังประชารัฐ,17.0,17,สิบเจ็ด,numeric_text_agree
อำเภอฝาง/ตำบลแม่งอน/หน่วยเลือกตั้งที่ 6/ส.ส.5-18 (แม่งอน หน่วยที่ 6).pdf,6,5.0,ตำบลแม่งอน,อำเภอฝาง,482.0,156.0,148.0,5.0,3.0,8.0,นายพิสัณห์ อุปนันท์,เศรษฐกิจ,1.0,1,หนึ่ง,numeric_text_agree
อำเภอฝาง/ตำบลแม่งอน/หน่วยเลือกตั้งที่ 6/ส.ส.5-18 (แม่งอน หน่วยที่ 6).pdf,6,5.0,ตำบลแม่งอน,อำเภอฝาง,482.0,156.0,148.0,5.0,3.0,9.0,นายชาญวิทยายุทธ์ อินทร์แก้ว,ประชากรไทย,3.0,3,สาม,numeric_text_agree
อำเภอฝาง/ตำบลแม่งอน/หน่วยเลือกตั้งที่ 4/ส.ส.5-18 (แม่งอน หน่วยที่ 4).pdf,4,4.0,ตำบลแม่งอน,อำเภอฝาง,628.0,484.0,453.0,14.0,17.0,1.0,นายอดุลย์ บุญใส,ภูมิใจไทย,7.0,7,เจ็ด,numeric_text_agree
อำเภอฝาง/ตำบลแม่งอน/หน่วยเลือกตั้งที่ 4/ส.ส.5-18 (แม่งอน หน่วยที่ 4).pdf,4,4.0,ตำบลแม่งอน,อำเภอฝาง,628.0,484.0,453.0,14.0,17.0,2.0,นายสมดุลย์ อุดเจริญ,ประชาชน,113.0,113,หนึ่งร้อยสิบสาม,numeric_text_agree
อำเภอฝาง/ตำบลแม่งอน/หน่วยเลือกตั้งที่ 4/ส.ส.5-18 (แม่งอน หน่วยที่ 4).pdf,4,4.0,ตำบลแม่งอน,อำเภอฝาง,628.0,484.0,453.0,14.0,17.0,3.0,นายเกรียงกมล ศรีมา,ประชาธิปัตย์,1.0,1,หนึ่ง,numeric_text_agree
อำเภอฝาง/ตำบลแม่งอน/หน่วยเลือกตั้งที่ 4/ส.ส.5-18 (แม่งอน หน่วยที่ 4).pdf,4,4.0,ตำบลแม่งอน,อำเภอฝาง,628.0,484.0,453.0,14.0,17.0,4.0,นายสันติ ตันสุหัช,ก้าวอิสระ,2.0,2,สอง,numeric_text_agree
อำเภอฝาง/ตำบลแม่งอน/หน่วยเลือกตั้งที่ 4/ส.ส.5-18 (แม่งอน หน่วยที่ 4).pdf,4,4.0,ตำบลแม่งอน,อำเภอฝาง,628.0,484.0,453.0,14.0,17.0,5.0,นายการุณย์ คูเจริญชัยกุล,กล้าธรรม,181.0,181,หนึ่งร้อยแปดสิบเอ็ด,numeric_text_agree
อำเภอฝาง/ตำบลแม่งอน/หน่วยเลือกตั้งที่ 4/ส.ส.5-18 (แม่งอน หน่วยที่ 4).pdf,4,4.0,ตำบลแม่งอน,อำเภอฝาง,628.0,484.0,453.0,14.0,17.0,6.0,นายนิธิกร วุฒิมันชัย,เพื่อไทย,80.0,80,แปดสิบ,numeric_text_agree
อำเภอฝาง/ตำบลแม่งอน/หน่วยเลือกตั้งที่ 4/ส.ส.5-18 (แม่งอน หน่วยที่ 4).pdf,4,4.0,ตำบลแม่งอน,อำเภอฝาง,628.0,484.0,453.0,14.0,17.0,7.0,นายไกร ดาบธรรม,พลังประชารัฐ,54.0,54,ห้าสิบสี่,numeric_text_agree
อำเภอฝาง/ตำบลแม่งอน/หน่วยเลือกตั้งที่ 4/ส.ส.5-18 (แม่งอน หน่วยที่ 4).pdf,4,4.0,ตำบลแม่งอน,อำเภอฝาง,628.0,484.0,453.0,14.0,17.0,8.0,นายพิสิณฑ์ อุปนันท์,เศรษฐกิจ,4.0,4,สี่,numeric_text_agree
อำเภอฝาง/ตำบลแม่งอน/หน่วยเลือกตั้งที่ 4/ส.ส.5-18 (แม่งอน หน่วยที่ 4).pdf,4,4.0,ตำบลแม่งอน,อำเภอฝาง,628.0,484.0,453.0,14.0,17.0,9.0,นายชาญวิทยายุทธ์ อินทร์แก้ว,ประชากรไทย,11.0,11,สิบเอ็ด,numeric_text_agree
อำเภอฝาง/ตำบลแม่งอน/หน่วยเลือกตั้งที่ 2/ส.ส.5-18 (แม่งอน หน่วยที่ 2).pdf,2,2.0,ตำบลแม่งอน,อำเภอฝาง,661.0,491.0,473.0,10.0,8.0,1.0,นายอดุลย์ บุญใส,ภูมิใจไทย,8.0,8,แปด คะแนน,numeric_text_agree
อำเภอฝาง/ตำบลแม่งอน/หน่วยเลือกตั้งที่ 2/ส.ส.5-18 (แม่งอน หน่วยที่ 2).pdf,2,2.0,ตำบลแม่งอน,อำเภอฝาง,661.0,491.0,473.0,10.0,8.0,2.0,นายสมดุลย์ อุดเจริญ,ประชาชน,86.0,86,แปดสิบหกคะแนน,numeric_text_agree
อำเภอฝาง/ตำบลแม่งอน/หน่วยเลือกตั้งที่ 2/ส.ส.5-18 (แม่งอน หน่วยที่ 2).pdf,2,2.0,ตำบลแม่งอน,อำเภอฝาง,661.0,491.0,473.0,10.0,8.0,3.0,นายเกรียงกมล ศรีมา,ประชาธิปัตย์,2.0,2,สองคะแนน,numeric_text_agree
อำเภอฝาง/ตำบลแม่งอน/หน่วยเลือกตั้งที่ 2/ส.ส.5-18 (แม่งอน หน่วยที่ 2).pdf,2,2.0,ตำบลแม่งอน,อำเภอฝาง,661.0,491.0,473.0,10.0,8.0,4.0,นายสันติ ตันสุหัช,ก้าวอิสระ,8.0,8,แปดคะแนน,numeric_text_agree
อำเภอฝาง/ตำบลแม่งอน/หน่วยเลือกตั้งที่ 2/ส.ส.5-18 (แม่งอน หน่วยที่ 2).pdf,2,2.0,ตำบลแม่งอน,อำเภอฝาง,661.0,491.0,473.0,10.0,8.0,5.0,นายการุณย์ คูเจริญชัยกุล,กล้าธรรม,295.0,295,สองร้อยเก้าสิบห้าคะแนน,numeric_text_agree
อำเภอฝาง/ตำบลแม่งอน/หน่วยเลือกตั้งที่ 2/ส.ส.5-18 (แม่งอน หน่วยที่ 2).pdf,2,2.0,ตำบลแม่งอน,อำเภอฝาง,661.0,491.0,473.0,10.0,8.0,6.0,นายนิธิกร วุฒินันชัย,เพื่อไทย,53.0,53,ห้าสิบสามคะแนน,numeric_text_agree
อำเภอฝาง/ตำบลแม่งอน/หน่วยเลือกตั้งที่ 2/ส.ส.5-18 (แม่งอน หน่วยที่ 2).pdf,2,2.0,ตำบลแม่งอน,อำเภอฝาง,661.0,491.0,473.0,10.0,8.0,7.0,นายไกร ดาบธรรม,พลังประชารัฐ,41.0,41,สี่สิบเอ็ดคะแนน,numeric_text_agree
อำเภอฝาง/ตำบลแม่งอน/หน่วยเลือกตั้งที่ 2/ส.ส.5-18 (แม่งอน หน่วยที่ 2).pdf,2,2.0,ตำบลแม่งอน,อำเภอฝาง,661.0,491.0,473.0,10.0,8.0,8.0,นายพิสิษฐ์ อุปนันท์,เศรษฐกิจ,0.0,0,ศูนย์คะแนน,numeric_only
อำเภอฝาง/ตำบลแม่งอน/หน่วยเลือกตั้งที่ 2/ส.ส.5-18 (แม่งอน หน่วยที่ 2).pdf,2,2.0,ตำบลแม่งอน,อำเภอฝาง,661.0,491.0,473.0,10.0,8.0,9.0,นายชาญวิทยายุทธ อินทร์แก้ว,ประชากรไทย,0.0,0,ศูนย์คะแนน,numeric_only
อำเภอฝาง/ตำบลแม่งอน/หน่วยเลือกตั้งที่ 3/ส.ส.5-18 (แม่งอน หน่วยที่ 3).pdf,3,3.0,ตำบลแม่งอน,อำเภอฝาง,355.0,340.0,245.0,7.0,2.0,1.0,นายอดุลย์ บุญใส,ภูมิใจไทย,1.0,1,หนึ่ง,numeric_text_agree
อำเภอฝาง/ตำบลแม่งอน/หน่วยเลือกตั้งที่ 3/ส.ส.5-18 (แม่งอน หน่วยที่ 3).pdf,3,3.0,ตำบลแม่งอน,อำเภอฝาง,355.0,340.0,245.0,7.0,2.0,2.0,นายสมดุลย์ อุตเจริญ,ประชาชน,29.0,29,ยี่สิบเก้า,numeric_text_agree
อำเภอฝาง/ตำบลแม่งอน/หน่วยเลือกตั้งที่ 3/ส.ส.5-18 (แม่งอน หน่วยที่ 3).pdf,3,3.0,ตำบลแม่งอน,อำเภอฝาง,355.0,340.0,245.0,7.0,2.0,3.0,นายเกรียงกมล ศรีมา,ประชาธิปัตย์,2.0,2,สอง,numeric_text_agree
อำเภอฝาง/ตำบลแม่งอน/หน่วยเลือกตั้งที่ 3/ส.ส.5-18 (แม่งอน หน่วยที่ 3).pdf,3,3.0,ตำบลแม่งอน,อำเภอฝาง,355.0,340.0,245.0,7.0,2.0,4.0,นายสันติ ตันสุทัศ,ก้าวอิสระ,14.0,14,สิบสี่,numeric_text_agree
อำเภอฝาง/ตำบลแม่งอน/หน่วยเลือกตั้งที่ 3/ส.ส.5-18 (แม่งอน หน่วยที่ 3).pdf,3,3.0,ตำบลแม่งอน,อำเภอฝาง,355.0,340.0,245.0,7.0,2.0,5.0,นายการุณย์ คูเจริญชัยกุล,กล้าธรรม,156.0,156,หนึ่งร้อยห้าสิบหก,numeric_text_agree
อำเภอฝาง/ตำบลแม่งอน/หน่วยเลือกตั้งที่ 3/ส.ส.5-18 (แม่งอน หน่วยที่ 3).pdf,3,3.0,ตำบลแม่งอน,อำเภอฝาง,355.0,340.0,245.0,7.0,2.0,6.0,นายนิธิกร วุฒินันชัย,เพื่อไทย,21.0,21,ยี่สิบเอ็ด,numeric_text_agree
อำเภอฝาง/ตำบลแม่งอน/หน่วยเลือกตั้งที่ 3/ส.ส.5-18 (แม่งอน หน่วยที่ 3).pdf,3,3.0,ตำบลแม่งอน,อำเภอฝาง,355.0,340.0,245.0,7.0,2.0,7.0,นายไกร ดาบธรรม,พลังประชารัฐ,15.0,15,สิบห้า,numeric_text_agree
อำเภอฝาง/ตำบลแม่งอน/หน่วยเลือกตั้งที่ 3/ส.ส.5-18 (แม่งอน หน่วยที่ 3).pdf,3,3.0,ตำบลแม่งอน,อำเภอฝาง,355.0,340.0,245.0,7.0,2.0,8.0,นายพิสันท์ อุปนันท์,เศรษฐกิจ,4.0,4,สี่,numeric_text_agree
อำเภอฝาง/ตำบลแม่งอน/หน่วยเลือกตั้งที่ 3/ส.ส.5-18 (แม่งอน หน่วยที่ 3).pdf,3,3.0,ตำบลแม่งอน,อำเภอฝาง,355.0,340.0,245.0,7.0,2.0,9.0,นายชาญวิทยายุทธ์ อินทร์แก้ว,ประชากรไทย,5.0,5,ห้า,numeric_text_agree
อำเภอฝาง/ตำบลแม่งอน/หน่วยเลือกตั้งที่ 17/ส.ส.5-18 (แม่งอน หน่วยที่ 17).pdf,17,15.0,ตำบลแม่งอน,อำเภอฝาง,376.0,288.0,260.0,13.0,15.0,1.0,นายยศอุบล บุญใส,ภูมิใจไทย,14.0,14,สิบสี่,numeric_text_agree
อำเภอฝาง/ตำบลแม่งอน/หน่วยเลือกตั้งที่ 17/ส.ส.5-18 (แม่งอน หน่วยที่ 17).pdf,17,15.0,ตำบลแม่งอน,อำเภอฝาง,376.0,288.0,260.0,13.0,15.0,2.0,นายสมดุลย์ อุดเจริญ,ประชาชน,43.0,43,สี่สิบสาม,numeric_text_agree
อำเภอฝาง/ตำบลแม่งอน/หน่วยเลือกตั้งที่ 17/ส.ส.5-18 (แม่งอน หน่วยที่ 17).pdf,17,15.0,ตำบลแม่งอน,อำเภอฝาง,376.0,288.0,260.0,13.0,15.0,3.0,นายเกรียงกมล ศรีมา,ประชาธิปัตย์,1.0,1,หนึ่ง,numeric_text_agree
อำเภอฝาง/ตำบลแม่งอน/หน่วยเลือกตั้งที่ 17/ส.ส.5-18 (แม่งอน หน่วยที่ 17).pdf,17,15.0,ตำบลแม่งอน,อำเภอฝาง,376.0,288.0,260.0,13.0,15.0,4.0,นายสันติ ตันสุขข์,ก้าวอิสระ,3.0,3,สาม,numeric_text_agree
อำเภอฝาง/ตำบลแม่งอน/หน่วยเลือกตั้งที่ 17/ส.ส.5-18 (แม่งอน หน่วยที่ 17).pdf,17,15.0,ตำบลแม่งอน,อำเภอฝาง,376.0,288.0,260.0,13.0,15.0,5.0,นายการุณย์ ดูเจริญชัยกุล,กล้าธรรม,80.0,80,แปดสิบ,numeric_text_agree
อำเภอฝาง/ตำบลแม่งอน/หน่วยเลือกตั้งที่ 17/ส.ส.5-18 (แม่งอน หน่วยที่ 17).pdf,17,15.0,ตำบลแม่งอน,อำเภอฝาง,376.0,288.0,260.0,13.0,15.0,6.0,นายนิธิกร วุฒินัย,เพื่อไทย,52.0,52,ห้าสิบสอง,numeric_text_agree
อำเภอฝาง/ตำบลแม่งอน/หน่วยเลือกตั้งที่ 17/ส.ส.5-18 (แม่งอน หน่วยที่ 17).pdf,17,15.0,ตำบลแม่งอน,อำเภอฝาง,376.0,288.0,260.0,13.0,15.0,7.0,นายไกร ดาบธรรม,พลังประชารัฐ,62.0,62,หกสิบสอง,numeric_text_agree
อำเภอฝาง/ตำบลแม่งอน/หน่วยเลือกตั้งที่ 17/ส.ส.5-18 (แม่งอน หน่วยที่ 17).pdf,17,15.0,ตำบลแม่งอน,อำเภอฝาง,376.0,288.0,260.0,13.0,15.0,8.0,นายพิสิณห์ อุปนันท์,เศรษฐกิจ,2.0,2,สอง,numeric_text_agree
อำเภอฝาง/ตำบลแม่งอน/หน่วยเลือกตั้งที่ 17/ส.ส.5-18 (แม่งอน หน่วยที่ 17).pdf,17,15.0,ตำบลแม่งอน,อำเภอฝาง,376.0,288.0,260.0,13.0,15.0,9.0,นายชาญวิทยายุทธ์ อินทร์แก้ว,ประชากรไทย,3.0,3,สาม,numeric_text_agree
อำเภอฝาง/ตำบลแม่งอน/หน่วยเลือกตั้งที่ 14/ส.ส.5-18 (แม่งอน หน่วยที่ 14).pdf,14,12.0,ตำบลแม่งอน,อำเภอฝาง,785.0,332.0,302.0,22.0,8.0,1.0,นายอดุลย์ บุญใส,ภูมิใจไทย,12.0,12,สิบสอง,numeric_text_agree
อำเภอฝาง/ตำบลแม่งอน/หน่วยเลือกตั้งที่ 14/ส.ส.5-18 (แม่งอน หน่วยที่ 14).pdf,14,12.0,ตำบลแม่งอน,อำเภอฝาง,785.0,332.0,302.0,22.0,8.0,2.0,นายสมดุลย์ อุดมเจริญ,ประชาชน,93.0,93,เก้าสิบสาม,numeric_text_agree
อำเภอฝาง/ตำบลแม่งอน/หน่วยเลือกตั้งที่ 14/ส.ส.5-18 (แม่งอน หน่วยที่ 14).pdf,14,12.0,ตำบลแม่งอน,อำเภอฝาง,785.0,332.0,302.0,22.0,8.0,3.0,นายเกรียงกมล ศรีมา,ประชาธิปัตย์,5.0,5,ห้า,numeric_text_agree
อำเภอฝาง/ตำบลแม่งอน/หน่วยเลือกตั้งที่ 14/ส.ส.5-18 (แม่งอน หน่วยที่ 14).pdf,14,12.0,ตำบลแม่งอน,อำเภอฝาง,785.0,332.0,302.0,22.0,8.0,4.0,นายสันติ ตันสุขหัช,ก้าวอิสระ,4.0,4,สี่,numeric_text_agree
อำเภอฝาง/ตำบลแม่งอน/หน่วยเลือกตั้งที่ 14/ส.ส.5-18 (แม่งอน หน่วยที่ 14).pdf,14,12.0,ตำบลแม่งอน,อำเภอฝาง,785.0,332.0,302.0,22.0,8.0,5.0,นายการุณย์ คูเจริญชัยกุล,กล้าธรรม,108.0,108,หนึ่งร้อยแปด,numeric_text_agree
อำเภอฝาง/ตำบลแม่งอน/หน่วยเลือกตั้งที่ 14/ส.ส.5-18 (แม่งอน หน่วยที่ 14).pdf,14,12.0,ตำบลแม่งอน,อำเภอฝาง,785.0,332.0,302.0,22.0,8.0,6.0,นายนิธิกร วุฒินันชัย,เพื่อไทย,32.0,32,สามสิบสอง,numeric_text_agree
อำเภอฝาง/ตำบลแม่งอน/หน่วยเลือกตั้งที่ 14/ส.ส.5-18 (แม่งอน หน่วยที่ 14).pdf,14,12.0,ตำบลแม่งอน,อำเภอฝาง,785.0,332.0,302.0,22.0,8.0,7.0,นายไกร ดาบธรรม,พลังประชารัฐ,87.0,87,แปดสิบเจ็ด,numeric_text_agree
อำเภอฝาง/ตำบลแม่งอน/หน่วยเลือกตั้งที่ 14/ส.ส.5-18 (แม่งอน หน่วยที่ 14).pdf,14,12.0,ตำบลแม่งอน,อำเภอฝาง,785.0,332.0,302.0,22.0,8.0,8.0,นายพิสิณฑ์ อุปนันท์,เศรษฐกิจ,5.0,5,ห้า,numeric_text_agree
อำเภอฝาง/ตำบลแม่งอน/หน่วยเลือกตั้งที่ 14/ส.ส.5-18 (แม่งอน หน่วยที่ 14).pdf,14,12.0,ตำบลแม่งอน,อำเภอฝาง,785.0,332.0,302.0,22.0,8.0,9.0,นายชาญวิทยายุทธ์ อินทร์แก้ว,ประชากรไทย,6.0,6,หก,numeric_text_agree
อำเภอฝาง/ตำบลแม่งอน/หน่วยเลือกตั้งที่ 16/ส.ส.5-18 (แม่งอน หน่วยที่ 16).pdf,16,14.0,ตำบลแม่งอน,อำเภอฝาง,322.0,261.0,245.0,4.0,12.0,1.0,นายอดุลย์ บุญใส,ภูมิใจไทย,6.0,6,หก,numeric_text_agree
อำเภอฝาง/ตำบลแม่งอน/หน่วยเลือกตั้งที่ 16/ส.ส.5-18 (แม่งอน หน่วยที่ 16).pdf,16,14.0,ตำบลแม่งอน,อำเภอฝาง,322.0,261.0,245.0,4.0,12.0,2.0,นายสมดุลย์ อุดเจริญ,ประชาชน,45.0,45,สี่สิบห้า,numeric_text_agree
อำเภอฝาง/ตำบลแม่งอน/หน่วยเลือกตั้งที่ 16/ส.ส.5-18 (แม่งอน หน่วยที่ 16).pdf,16,14.0,ตำบลแม่งอน,อำเภอฝาง,322.0,261.0,245.0,4.0,12.0,3.0,นายเกรียงกมล ศรีมา,ประชาธิปัตย์,4.0,4,สี่,numeric_text_agree
อำเภอฝาง/ตำบลแม่งอน/หน่วยเลือกตั้งที่ 16/ส.ส.5-18 (แม่งอน หน่วยที่ 16).pdf,16,14.0,ตำบลแม่งอน,อำเภอฝาง,322.0,261.0,245.0,4.0,12.0,4.0,นายสันติ ตันสุขืช,ก้าวอิสระ,8.0,8,แปด,numeric_text_agree
อำเภอฝาง/ตำบลแม่งอน/หน่วยเลือกตั้งที่ 16/ส.ส.5-18 (แม่งอน หน่วยที่ 16).pdf,16,14.0,ตำบลแม่งอน,อำเภอฝาง,322.0,261.0,245.0,4.0,12.0,5.0,นายการุณย์ คงเจริญกุล,กล้าธรรม,91.0,91,เก้าสิบเอ็ด,numeric_text_agree
อำเภอฝาง/ตำบลแม่งอน/หน่วยเลือกตั้งที่ 16/ส.ส.5-18 (แม่งอน หน่วยที่ 16).pdf,16,14.0,ตำบลแม่งอน,อำเภอฝาง,322.0,261.0,245.0,4.0,12.0,6.0,นายนิธิกร วุฒินันชัย,เพื่อไทย,37.0,37,สามสิบเจ็ด,numeric_text_agree
อำเภอฝาง/ตำบลแม่งอน/หน่วยเลือกตั้งที่ 16/ส.ส.5-18 (แม่งอน หน่วยที่ 16).pdf,16,14.0,ตำบลแม่งอน,อำเภอฝาง,322.0,261.0,245.0,4.0,12.0,7.0,นายไกร ดาบธรรม,พลังประชารัฐ,51.0,51,ห้าสิบเอ็ด,numeric_text_agree
อำเภอฝาง/ตำบลแม่งอน/หน่วยเลือกตั้งที่ 16/ส.ส.5-18 (แม่งอน หน่วยที่ 16).pdf,16,14.0,ตำบลแม่งอน,อำเภอฝาง,322.0,261.0,245.0,4.0,12.0,8.0,นายพิสิณห์ อุปนันท์,เศรษฐกิจ,1.0,1,หนึ่ง,numeric_text_agree
อำเภอฝาง/ตำบลแม่งอน/หน่วยเลือกตั้งที่ 16/ส.ส.5-18 (แม่งอน หน่วยที่ 16).pdf,16,14.0,ตำบลแม่งอน,อำเภอฝาง,322.0,261.0,245.0,4.0,12.0,9.0,นายชาญวิทยายุทธ์ อินทร์แก้ว,ประชากรไทย,2.0,2,สอง,numeric_text_agree
อำเภอฝาง/ตำบลแม่งอน/หน่วยเลือกตั้งที่ 13/ส.ส.5-18 (แม่งอน หน่วยที่ 13).pdf,13,11.0,ตำบลแม่งอน,อำเภอฝาง,390.0,326.0,314.0,3.0,9.0,1.0,นายอดุลย์ บุญใส,ภูมิใจไทย,7.0,7,เจ็ด,numeric_text_agree
อำเภอฝาง/ตำบลแม่งอน/หน่วยเลือกตั้งที่ 13/ส.ส.5-18 (แม่งอน หน่วยที่ 13).pdf,13,11.0,ตำบลแม่งอน,อำเภอฝาง,390.0,326.0,314.0,3.0,9.0,2.0,นายสมดุลย์ อุดเจริญ,ประชาชน,55.0,55,ห้าสิบห้า,numeric_text_agree
อำเภอฝาง/ตำบลแม่งอน/หน่วยเลือกตั้งที่ 13/ส.ส.5-18 (แม่งอน หน่วยที่ 13).pdf,13,11.0,ตำบลแม่งอน,อำเภอฝาง,390.0,326.0,314.0,3.0,9.0,3.0,นายเกรียงกมล ศรีมา,ประชาธิปัตย์,0.0,0,ศูนย์,numeric_only
อำเภอฝาง/ตำบลแม่งอน/หน่วยเลือกตั้งที่ 13/ส.ส.5-18 (แม่งอน หน่วยที่ 13).pdf,13,11.0,ตำบลแม่งอน,อำเภอฝาง,390.0,326.0,314.0,3.0,9.0,4.0,นายสันติ ตันสุหัช,ก้าวอิสระ,2.0,2,สอง,numeric_text_agree
อำเภอฝาง/ตำบลแม่งอน/หน่วยเลือกตั้งที่ 13/ส.ส.5-18 (แม่งอน หน่วยที่ 13).pdf,13,11.0,ตำบลแม่งอน,อำเภอฝาง,390.0,326.0,314.0,3.0,9.0,5.0,นายการุณย์ คูเจริญชัยกุล,กล้าธรรม,195.0,195,หนึ่งร้อยเก้าสิบห้า,numeric_text_agree
อำเภอฝาง/ตำบลแม่งอน/หน่วยเลือกตั้งที่ 13/ส.ส.5-18 (แม่งอน หน่วยที่ 13).pdf,13,11.0,ตำบลแม่งอน,อำเภอฝาง,390.0,326.0,314.0,3.0,9.0,6.0,นายนิธากร วุฒินันชัย,เพื่อไทย,23.0,23,ยี่สิบสาม,numeric_text_agree
อำเภอฝาง/ตำบลแม่งอน/หน่วยเลือกตั้งที่ 13/ส.ส.5-18 (แม่งอน หน่วยที่ 13).pdf,13,11.0,ตำบลแม่งอน,อำเภอฝาง,390.0,326.0,314.0,3.0,9.0,7.0,นายไกร ดาบธรรม,พลังประชารัฐ,30.0,30,สามสิบ,numeric_text_agree
อำเภอฝาง/ตำบลแม่งอน/หน่วยเลือกตั้งที่ 13/ส.ส.5-18 (แม่งอน หน่วยที่ 13).pdf,13,11.0,ตำบลแม่งอน,อำเภอฝาง,390.0,326.0,314.0,3.0,9.0,8.0,นายพิสิณห์ อุปนันท์,เศรษฐกิจ,0.0,0,ศูนย์,numeric_only
อำเภอฝาง/ตำบลแม่งอน/หน่วยเลือกตั้งที่ 13/ส.ส.5-18 (แม่งอน หน่วยที่ 13).pdf,13,11.0,ตำบลแม่งอน,อำเภอฝาง,390.0,326.0,314.0,3.0,9.0,9.0,นายชาญวิทยายุทธ อินทร์แก้ว,ประชากรไทย,2.0,2,สอง,numeric_text_agree
อำเภอฝาง/ตำบลแม่งอน/หน่วยเลือกตั้งที่ 12/ส.ส.5-18 (แม่งอน หน่วยที่ 12).pdf,12,10.0,ตำบลแม่งอน,อำเภอฝาง,406.0,329.0,312.0,11.0,6.0,1.0,นายอดุลย์ บุญใส,ภูมิใจไทย,4.0,4,สี่,numeric_text_agree
อำเภอฝาง/ตำบลแม่งอน/หน่วยเลือกตั้งที่ 12/ส.ส.5-18 (แม่งอน หน่วยที่ 12).pdf,12,10.0,ตำบลแม่งอน,อำเภอฝาง,406.0,329.0,312.0,11.0,6.0,2.0,นายสมดุลย์ อุดเจริญ,ประชาชน,47.0,47,สี่สิบเจ็ด,numeric_text_agree
อำเภอฝาง/ตำบลแม่งอน/หน่วยเลือกตั้งที่ 12/ส.ส.5-18 (แม่งอน หน่วยที่ 12).pdf,12,10.0,ตำบลแม่งอน,อำเภอฝาง,406.0,329.0,312.0,11.0,6.0,3.0,นายเกรียงกมล ศรีมา,ประชาธิปัตย์,1.0,1,หนึ่ง,numeric_text_agree
อำเภอฝาง/ตำบลแม่งอน/หน่วยเลือกตั้งที่ 12/ส.ส.5-18 (แม่งอน หน่วยที่ 12).pdf,12,10.0,ตำบลแม่งอน,อำเภอฝาง,406.0,329.0,312.0,11.0,6.0,4.0,นายสันติ ตันสุทัศ,ก้าวอิสระ,3.0,3,สาม,numeric_text_agree
อำเภอฝาง/ตำบลแม่งอน/หน่วยเลือกตั้งที่ 12/ส.ส.5-18 (แม่งอน หน่วยที่ 12).pdf,12,10.0,ตำบลแม่งอน,อำเภอฝาง,406.0,329.0,312.0,11.0,6.0,5.0,นายการุณย์ คูเจริญชัยกุล,กล้าธรรม,149.0,149,หนึ่งร้อยสี่สิบเก้า,numeric_text_agree
อำเภอฝาง/ตำบลแม่งอน/หน่วยเลือกตั้งที่ 12/ส.ส.5-18 (แม่งอน หน่วยที่ 12).pdf,12,10.0,ตำบลแม่งอน,อำเภอฝาง,406.0,329.0,312.0,11.0,6.0,6.0,นายนิกร วุฒินันชัย,เพื่อไทย,40.0,40,สี่สิบ,numeric_text_agree
อำเภอฝาง/ตำบลแม่งอน/หน่วยเลือกตั้งที่ 12/ส.ส.5-18 (แม่งอน หน่วยที่ 12).pdf,12,10.0,ตำบลแม่งอน,อำเภอฝาง,406.0,329.0,312.0,11.0,6.0,7.0,นายไกร ดาบธรรม,พลังประชารัฐ,64.0,64,หกสิบสี่,numeric_text_agree
อำเภอฝาง/ตำบลแม่งอน/หน่วยเลือกตั้งที่ 12/ส.ส.5-18 (แม่งอน หน่วยที่ 12).pdf,12,10.0,ตำบลแม่งอน,อำเภอฝาง,406.0,329.0,312.0,11.0,6.0,8.0,นายพิสิณฐ์ อุปนันท์,เศรษฐกิจ,1.0,1,หนึ่ง,numeric_text_agree
อำเภอฝาง/ตำบลแม่งอน/หน่วยเลือกตั้งที่ 12/ส.ส.5-18 (แม่งอน หน่วยที่ 12).pdf,12,10.0,ตำบลแม่งอน,อำเภอฝาง,406.0,329.0,312.0,11.0,6.0,9.0,นายชาญวิทยายุทธ์ อินทร์แก้ว,ประชากรไทย,3.0,3,สาม,numeric_text_agree
อำเภอฝาง/ตำบลแม่งอน/หน่วยเลือกตั้งที่ 10/ส.ส.5-18 (แม่งอน หน่วยที่ 10).pdf,10,8.0,ตำบลแม่งอน,อำเภอฝาง,533.0,409.0,379.0,15.0,15.0,1.0,นายอดุลย์ บุญใส,ภูมิใจไทย,6.0,6,หก,numeric_text_agree
อำเภอฝาง/ตำบลแม่งอน/หน่วยเลือกตั้งที่ 10/ส.ส.5-18 (แม่งอน หน่วยที่ 10).pdf,10,8.0,ตำบลแม่งอน,อำเภอฝาง,533.0,409.0,379.0,15.0,15.0,2.0,นายสมดุลย์ อุดเจริญ,ประชาชน,72.0,72,เจ็ดสิบสอง,numeric_text_agree
อำเภอฝาง/ตำบลแม่งอน/หน่วยเลือกตั้งที่ 10/ส.ส.5-18 (แม่งอน หน่วยที่ 10).pdf,10,8.0,ตำบลแม่งอน,อำเภอฝาง,533.0,409.0,379.0,15.0,15.0,3.0,นายเกรียงกมล ศรีมา,ประชาธิปัตย์,0.0,0,ศูนย์,numeric_only
อำเภอฝาง/ตำบลแม่งอน/หน่วยเลือกตั้งที่ 10/ส.ส.5-18 (แม่งอน หน่วยที่ 10).pdf,10,8.0,ตำบลแม่งอน,อำเภอฝาง,533.0,409.0,379.0,15.0,15.0,4.0,นายสันติ ตันสุทัศ,ก้าวอิสระ,5.0,5,ห้า,numeric_text_agree
อำเภอฝาง/ตำบลแม่งอน/หน่วยเลือกตั้งที่ 10/ส.ส.5-18 (แม่งอน หน่วยที่ 10).pdf,10,8.0,ตำบลแม่งอน,อำเภอฝาง,533.0,409.0,379.0,15.0,15.0,5.0,นายการุณย์ คูเจริญชัยกุล,กล้าธรรม,201.0,201,สองร้อยเอ็ด,numeric_text_agree
อำเภอฝาง/ตำบลแม่งอน/หน่วยเลือกตั้งที่ 10/ส.ส.5-18 (แม่งอน หน่วยที่ 10).pdf,10,8.0,ตำบลแม่งอน,อำเภอฝาง,533.0,409.0,379.0,15.0,15.0,6.0,นายนิธิกร วุฒินันชัย,เพื่อไทย,57.0,57,ห้าสิบเจ็ด,numeric_text_agree
อำเภอฝาง/ตำบลแม่งอน/หน่วยเลือกตั้งที่ 10/ส.ส.5-18 (แม่งอน หน่วยที่ 10).pdf,10,8.0,ตำบลแม่งอน,อำเภอฝาง,533.0,409.0,379.0,15.0,15.0,7.0,นายไกร ดาบธรรม,พลังประชารัฐ,30.0,30,สามสิบ,numeric_text_agree
อำเภอฝาง/ตำบลแม่งอน/หน่วยเลือกตั้งที่ 10/ส.ส.5-18 (แม่งอน หน่วยที่ 10).pdf,10,8.0,ตำบลแม่งอน,อำเภอฝาง,533.0,409.0,379.0,15.0,15.0,8.0,นายพิสิณห์ อุปนันท์,เศรษฐกิจ,5.0,5,ห้า,numeric_text_agree
อำเภอฝาง/ตำบลแม่งอน/หน่วยเลือกตั้งที่ 10/ส.ส.5-18 (แม่งอน หน่วยที่ 10).pdf,10,8.0,ตำบลแม่งอน,อำเภอฝาง,533.0,409.0,379.0,15.0,15.0,9.0,นายชาญวิทยายุทธ์ อินทร์แก้ว,ประชากรไทย,3.0,3,สาม,numeric_text_agree
อำเภอฝาง/ตำบลแม่งอน/หน่วยเลือกตั้งที่ 11/ส.ส.5-18 (แม่งอน หน่วยที่ 11).pdf,11,9.0,ตำบลแม่งอน,อำเภอฝาง,661.0,218.0,211.0,4.0,3.0,1.0,นายอดุลย์ บุญใส,ภูมิใจไทย,7.0,7,เจ็ด,numeric_text_agree
อำเภอฝาง/ตำบลแม่งอน/หน่วยเลือกตั้งที่ 11/ส.ส.5-18 (แม่งอน หน่วยที่ 11).pdf,11,9.0,ตำบลแม่งอน,อำเภอฝาง,661.0,218.0,211.0,4.0,3.0,2.0,นายสมดุลย์ อุดเจริญ,ประชาชน,88.0,88,แปดสิบแปด,numeric_text_agree
อำเภอฝาง/ตำบลแม่งอน/หน่วยเลือกตั้งที่ 11/ส.ส.5-18 (แม่งอน หน่วยที่ 11).pdf,11,9.0,ตำบลแม่งอน,อำเภอฝาง,661.0,218.0,211.0,4.0,3.0,3.0,นายเกรียงกมล ศรีมา,ประชาธิปัตย์,3.0,3,สาม,numeric_text_agree
อำเภอฝาง/ตำบลแม่งอน/หน่วยเลือกตั้งที่ 11/ส.ส.5-18 (แม่งอน หน่วยที่ 11).pdf,11,9.0,ตำบลแม่งอน,อำเภอฝาง,661.0,218.0,211.0,4.0,3.0,4.0,นายสันติ ตันสุทัศ,ก้าวอิสระ,2.0,2,สอง,numeric_text_agree
อำเภอฝาง/ตำบลแม่งอน/หน่วยเลือกตั้งที่ 11/ส.ส.5-18 (แม่งอน หน่วยที่ 11).pdf,11,9.0,ตำบลแม่งอน,อำเภอฝาง,661.0,218.0,211.0,4.0,3.0,5.0,นายการุณย์ คงเจริญกุล,กล้าธรรม,33.0,33,สามสิบสาม,numeric_text_agree
อำเภอฝาง/ตำบลแม่งอน/หน่วยเลือกตั้งที่ 11/ส.ส.5-18 (แม่งอน หน่วยที่ 11).pdf,11,9.0,ตำบลแม่งอน,อำเภอฝาง,661.0,218.0,211.0,4.0,3.0,6.0,นายนิธิกร วุฒินันชัย,เพื่อไทย,8.0,8,แปด,numeric_text_agree
อำเภอฝาง/ตำบลแม่งอน/หน่วยเลือกตั้งที่ 11/ส.ส.5-18 (แม่งอน หน่วยที่ 11).pdf,11,9.0,ตำบลแม่งอน,อำเภอฝาง,661.0,218.0,211.0,4.0,3.0,7.0,นายไกร ดาบธรรม,พลังประชารัฐ,15.0,15,สิบห้า,numeric_text_agree
อำเภอฝาง/ตำบลแม่งอน/หน่วยเลือกตั้งที่ 11/ส.ส.5-18 (แม่งอน หน่วยที่ 11).pdf,11,9.0,ตำบลแม่งอน,อำเภอฝาง,661.0,218.0,211.0,4.0,3.0,8.0,นายพิสิณฑ์ อุปนันท์,เศรษฐกิจ,3.0,3,สาม,numeric_text_agree
อำเภอฝาง/ตำบลแม่งอน/หน่วยเลือกตั้งที่ 11/ส.ส.5-18 (แม่งอน หน่วยที่ 11).pdf,11,9.0,ตำบลแม่งอน,อำเภอฝาง,661.0,218.0,211.0,4.0,3.0,9.0,นายชาญวิทยายุทธ์ อินทร์แก้ว,ประชากรไทย,0.0,0,ศูนย์,numeric_only
อำเภอฝาง/ตำบลแม่งอน/หน่วยเลือกตั้งที่ 1/ส.ส.5-18 (แม่งอน หน่วยที่ 1).pdf,1,1.0,ตำบลแม่งอน,อำเภอฝาง,375.0,269.0,243.0,11.0,10.0,1.0,นายอดุลย์ บุญใส,ภูมิใจไทย,7.0,7,เจ็ด,numeric_text_agree
อำเภอฝาง/ตำบลแม่งอน/หน่วยเลือกตั้งที่ 1/ส.ส.5-18 (แม่งอน หน่วยที่ 1).pdf,1,1.0,ตำบลแม่งอน,อำเภอฝาง,375.0,269.0,243.0,11.0,10.0,2.0,นายสมดุลย์ อุดเจริญ,ประชาชน,63.0,63,หกสิบสาม,numeric_text_agree
อำเภอฝาง/ตำบลแม่งอน/หน่วยเลือกตั้งที่ 1/ส.ส.5-18 (แม่งอน หน่วยที่ 1).pdf,1,1.0,ตำบลแม่งอน,อำเภอฝาง,375.0,269.0,243.0,11.0,10.0,3.0,นายเกรียงกมล ศรีมา,ประชาธิปัตย์,0.0,0,ศูนย์,numeric_only
อำเภอฝาง/ตำบลแม่งอน/หน่วยเลือกตั้งที่ 1/ส.ส.5-18 (แม่งอน หน่วยที่ 1).pdf,1,1.0,ตำบลแม่งอน,อำเภอฝาง,375.0,269.0,243.0,11.0,10.0,4.0,นายสันติ ตันสุขขี,ก้าวอิสระ,4.0,4,สี่,numeric_text_agree
อำเภอฝาง/ตำบลแม่งอน/หน่วยเลือกตั้งที่ 1/ส.ส.5-18 (แม่งอน หน่วยที่ 1).pdf,1,1.0,ตำบลแม่งอน,อำเภอฝาง,375.0,269.0,243.0,11.0,10.0,5.0,นายการุณย์ คูเจริญชัยกุล,กล้าธรรม,73.0,73,เจ็ดสิบสาม,numeric_text_agree
อำเภอฝาง/ตำบลแม่งอน/หน่วยเลือกตั้งที่ 1/ส.ส.5-18 (แม่งอน หน่วยที่ 1).pdf,1,1.0,ตำบลแม่งอน,อำเภอฝาง,375.0,269.0,243.0,11.0,10.0,6.0,นายนิธิกร วุฒิบัณฑัย,เพื่อไทย,49.0,49,สี่สิบเก้า,numeric_text_agree
อำเภอฝาง/ตำบลแม่งอน/หน่วยเลือกตั้งที่ 1/ส.ส.5-18 (แม่งอน หน่วยที่ 1).pdf,1,1.0,ตำบลแม่งอน,อำเภอฝาง,375.0,269.0,243.0,11.0,10.0,7.0,นายไกร ดาบธรรม,พลังประชารัฐ,41.0,41,สี่สิบเอ็ด,numeric_text_agree
อำเภอฝาง/ตำบลแม่งอน/หน่วยเลือกตั้งที่ 1/ส.ส.5-18 (แม่งอน หน่วยที่ 1).pdf,1,1.0,ตำบลแม่งอน,อำเภอฝาง,375.0,269.0,243.0,11.0,10.0,8.0,นายพิสัณฑ์ อุปนันท์,เศรษฐกิจ,1.0,1,หนึ่ง,numeric_text_agree
อำเภอฝาง/ตำบลแม่งอน/หน่วยเลือกตั้งที่ 1/ส.ส.5-18 (แม่งอน หน่วยที่ 1).pdf,1,1.0,ตำบลแม่งอน,อำเภอฝาง,375.0,269.0,243.0,11.0,10.0,9.0,นายชาญวิทยายุทธ์ อินทร์แก้ว,ประชากรไทย,10.0,10,สิบ,numeric_text_agree
อำเภอฝาง/ทต.เวียงฝาง/หน่วยเลือกตั้งที่ 8/สส. 5ทับ18.pdf,8,5.0,ทต.เวียงฝาง,ทต.เวียงฝาง,509.0,308.0,281.0,8.0,19.0,1.0,นายอดุลย์ บุญใส,ภูมิใจไทย,21.0,21,ยี่สิบเอ็ด,numeric_text_agree
อำเภอฝาง/ทต.เวียงฝาง/หน่วยเลือกตั้งที่ 8/สส. 5ทับ18.pdf,8,5.0,ทต.เวียงฝาง,ทต.เวียงฝาง,509.0,308.0,281.0,8.0,19.0,2.0,นายสมดุลย์ อุดเจริญ,ประชาชน,85.0,85,แปดสิบห้า,numeric_text_agree
อำเภอฝาง/ทต.เวียงฝาง/หน่วยเลือกตั้งที่ 8/สส. 5ทับ18.pdf,8,5.0,ทต.เวียงฝาง,ทต.เวียงฝาง,509.0,308.0,281.0,8.0,19.0,3.0,นายเกรียงกมล ศรีมา,ประชาธิปัตย์,4.0,4,สี่,numeric_text_agree
อำเภอฝาง/ทต.เวียงฝาง/หน่วยเลือกตั้งที่ 8/สส. 5ทับ18.pdf,8,5.0,ทต.เวียงฝาง,ทต.เวียงฝาง,509.0,308.0,281.0,8.0,19.0,4.0,นายสันติ ตันสุขี,ก้าวอิสระ,3.0,3,สาม,numeric_text_agree
อำเภอฝาง/ทต.เวียงฝาง/หน่วยเลือกตั้งที่ 8/สส. 5ทับ18.pdf,8,5.0,ทต.เวียงฝาง,ทต.เวียงฝาง,509.0,308.0,281.0,8.0,19.0,5.0,นายการุณย์ คูเจริญชัยกุล,กล้าธรรม,91.0,91,เก้าสิบเอ็ด,numeric_text_agree
อำเภอฝาง/ทต.เวียงฝาง/หน่วยเลือกตั้งที่ 8/สส. 5ทับ18.pdf,8,5.0,ทต.เวียงฝาง,ทต.เวียงฝาง,509.0,308.0,281.0,8.0,19.0,6.0,นายนิกร วุฒินันชัย,เพื่อไทย,39.0,39,สามสิบเก้า,numeric_text_agree
อำเภอฝาง/ทต.เวียงฝาง/หน่วยเลือกตั้งที่ 8/สส. 5ทับ18.pdf,8,5.0,ทต.เวียงฝาง,ทต.เวียงฝาง,509.0,308.0,281.0,8.0,19.0,7.0,นายไกร ดาบธรรม,พลังประชารัฐ,30.0,30,สามสิบ,numeric_text_agree
อำเภอฝาง/ทต.เวียงฝาง/หน่วยเลือกตั้งที่ 8/สส. 5ทับ18.pdf,8,5.0,ทต.เวียงฝาง,ทต.เวียงฝาง,509.0,308.0,281.0,8.0,19.0,8.0,นายพิสัณห์ อุปนันท์,เศรษฐกิจ,7.0,7,เจ็ด,numeric_text_agree
อำเภอฝาง/ทต.เวียงฝาง/หน่วยเลือกตั้งที่ 8/สส. 5ทับ18.pdf,8,5.0,ทต.เวียงฝาง,ทต.เวียงฝาง,509.0,308.0,281.0,8.0,19.0,9.0,นายชาญวิทยายุทธ์ อินทร์แก้ว,ประชากรไทย,1.0,1,หนึ่ง,numeric_text_agree
อำเภอฝาง/ทต.เวียงฝาง/หน่วยเลือกตั้งที่ 7/สส. 5ทับ18.pdf,7,5.0,ทต.เวียงฝาง,ทต.เวียงฝาง,514.0,339.0,315.0,9.0,15.0,1.0,นายอดุลย์ บุญใส,ภูมิใจไทย,14.0,14,สิบสี่,numeric_text_agree
อำเภอฝาง/ทต.เวียงฝาง/หน่วยเลือกตั้งที่ 7/สส. 5ทับ18.pdf,7,5.0,ทต.เวียงฝาง,ทต.เวียงฝาง,514.0,339.0,315.0,9.0,15.0,2.0,นายสมดุลย์ อุดเจริญ,ประชาชน,67.0,67,หกสิบเจ็ด,numeric_text_agree
อำเภอฝาง/ทต.เวียงฝาง/หน่วยเลือกตั้งที่ 7/สส. 5ทับ18.pdf,7,5.0,ทต.เวียงฝาง,ทต.เวียงฝาง,514.0,339.0,315.0,9.0,15.0,3.0,นายเกรียงกมล ศรีมา,ประชาธิปัตย์,4.0,4,สี่,numeric_text_agree
อำเภอฝาง/ทต.เวียงฝาง/หน่วยเลือกตั้งที่ 7/สส. 5ทับ18.pdf,7,5.0,ทต.เวียงฝาง,ทต.เวียงฝาง,514.0,339.0,315.0,9.0,15.0,4.0,นายสันติ ตันสุขี,ก้าวอิสระ,6.0,6,หก,numeric_text_agree
อำเภอฝาง/ทต.เวียงฝาง/หน่วยเลือกตั้งที่ 7/สส. 5ทับ18.pdf,7,5.0,ทต.เวียงฝาง,ทต.เวียงฝาง,514.0,339.0,315.0,9.0,15.0,5.0,นายการุณย์ คูเจริญชัยกุล,กล้าธรรม,129.0,129,หนึ่งร้อยยี่สิบเก้า,numeric_text_agree
อำเภอฝาง/ทต.เวียงฝาง/หน่วยเลือกตั้งที่ 7/สส. 5ทับ18.pdf,7,5.0,ทต.เวียงฝาง,ทต.เวียงฝาง,514.0,339.0,315.0,9.0,15.0,6.0,นายนิธิกร วุฒินันชัย,เพื่อไทย,49.0,49,สี่สิบเก้า,numeric_text_agree
อำเภอฝาง/ทต.เวียงฝาง/หน่วยเลือกตั้งที่ 7/สส. 5ทับ18.pdf,7,5.0,ทต.เวียงฝาง,ทต.เวียงฝาง,514.0,339.0,315.0,9.0,15.0,7.0,นายไกร ดาบธรรม,พลังประชารัฐ,33.0,33,สามสิบสาม,numeric_text_agree
อำเภอฝาง/ทต.เวียงฝาง/หน่วยเลือกตั้งที่ 7/สส. 5ทับ18.pdf,7,5.0,ทต.เวียงฝาง,ทต.เวียงฝาง,514.0,339.0,315.0,9.0,15.0,8.0,นายพิสิณฑ์ อุปนันท์,เศรษฐกิจ,12.0,12,สิบสอง,numeric_text_agree
อำเภอฝาง/ทต.เวียงฝาง/หน่วยเลือกตั้งที่ 7/สส. 5ทับ18.pdf,7,5.0,ทต.เวียงฝาง,ทต.เวียงฝาง,514.0,339.0,315.0,9.0,15.0,9.0,นายชาญวิทยายุทธ์ อินทร์แก้ว,ประชากรไทย,1.0,1,หนึ่ง,numeric_text_agree
อำเภอฝาง/ทต.เวียงฝาง/หน่วยเลือกตั้งที่ 9/สส. 5ทับ18.pdf,9,9.0,ทต.เวียงฝาง,ทต.เวียงฝาง,613.0,452.0,423.0,14.0,15.0,1.0,นายอดุลย์ บุญใส,ภูมิใจไทย,21.0,21,ยี่สิบเอ็ด,numeric_text_agree
อำเภอฝาง/ทต.เวียงฝาง/หน่วยเลือกตั้งที่ 9/สส. 5ทับ18.pdf,9,9.0,ทต.เวียงฝาง,ทต.เวียงฝาง,613.0,452.0,423.0,14.0,15.0,2.0,นายสมดุลย์ อุดเจริญ,ประชาชน,80.0,80,แปดสิบ,numeric_text_agree
อำเภอฝาง/ทต.เวียงฝาง/หน่วยเลือกตั้งที่ 9/สส. 5ทับ18.pdf,9,9.0,ทต.เวียงฝาง,ทต.เวียงฝาง,613.0,452.0,423.0,14.0,15.0,3.0,นายเกรียงกมล ศรีมา,ประชาธิปัตย์,4.0,4,สี่,numeric_text_agree
อำเภอฝาง/ทต.เวียงฝาง/หน่วยเลือกตั้งที่ 9/สส. 5ทับ18.pdf,9,9.0,ทต.เวียงฝาง,ทต.เวียงฝาง,613.0,452.0,423.0,14.0,15.0,4.0,นายสันติ ตันสุขี,ก้าวอิสระ,4.0,4,สี่,numeric_text_agree
อำเภอฝาง/ทต.เวียงฝาง/หน่วยเลือกตั้งที่ 9/สส. 5ทับ18.pdf,9,9.0,ทต.เวียงฝาง,ทต.เวียงฝาง,613.0,452.0,423.0,14.0,15.0,5.0,นายการุณย์ คูเจริญชัยกุล,กล้าธรรม,129.0,129,หนึ่งร้อยยี่สิบเก้า,numeric_text_agree
อำเภอฝาง/ทต.เวียงฝาง/หน่วยเลือกตั้งที่ 9/สส. 5ทับ18.pdf,9,9.0,ทต.เวียงฝาง,ทต.เวียงฝาง,613.0,452.0,423.0,14.0,15.0,6.0,นายนิธิกร วุฒินันชัย,เพื่อไทย,75.0,75,เจ็ดสิบห้า,numeric_text_agree
อำเภอฝาง/ทต.เวียงฝาง/หน่วยเลือกตั้งที่ 9/สส. 5ทับ18.pdf,9,9.0,ทต.เวียงฝาง,ทต.เวียงฝาง,613.0,452.0,423.0,14.0,15.0,7.0,นายไกร ดาบธรรม,พลังประชารัฐ,101.0,101,หนึ่งร้อยหนึ่ง,numeric_text_agree
อำเภอฝาง/ทต.เวียงฝาง/หน่วยเลือกตั้งที่ 9/สส. 5ทับ18.pdf,9,9.0,ทต.เวียงฝาง,ทต.เวียงฝาง,613.0,452.0,423.0,14.0,15.0,8.0,นายพิสัณห์ อุปนันท์,เศรษฐกิจ,6.0,6,หก,numeric_text_agree
อำเภอฝาง/ทต.เวียงฝาง/หน่วยเลือกตั้งที่ 9/สส. 5ทับ18.pdf,9,9.0,ทต.เวียงฝาง,ทต.เวียงฝาง,613.0,452.0,423.0,14.0,15.0,9.0,นายชาญวิทยายุทธ์ อินทร์แก้ว,ประชากรไทย,3.0,3,สาม,numeric_text_agree
อำเภอฝาง/ทต.เวียงฝาง/หน่วยเลือกตั้งที่ 5/สส. 5ทับ18.pdf,5,4.0,ทต.เวียงฝาง,ทต.เวียงฝาง,447.0,288.0,263.0,5.0,20.0,1.0,นายอดุลย์ บุญใส,ภูมิใจไทย,9.0,9,เก้าคะแนน,numeric_text_agree
อำเภอฝาง/ทต.เวียงฝาง/หน่วยเลือกตั้งที่ 5/สส. 5ทับ18.pdf,5,4.0,ทต.เวียงฝาง,ทต.เวียงฝาง,447.0,288.0,263.0,5.0,20.0,2.0,นายสมดุลย์ อุดเจริญ,ประชาชน,74.0,74,เจ็ดสิบสี่คะแนน,numeric_text_agree
อำเภอฝาง/ทต.เวียงฝาง/หน่วยเลือกตั้งที่ 5/สส. 5ทับ18.pdf,5,4.0,ทต.เวียงฝาง,ทต.เวียงฝาง,447.0,288.0,263.0,5.0,20.0,3.0,นายเกรียงกมล ศรีมา,ประชาธิปัตย์,1.0,1,หนึ่งคะแนน,numeric_text_agree
อำเภอฝาง/ทต.เวียงฝาง/หน่วยเลือกตั้งที่ 5/สส. 5ทับ18.pdf,5,4.0,ทต.เวียงฝาง,ทต.เวียงฝาง,447.0,288.0,263.0,5.0,20.0,4.0,นายสันติ ตันสุขัย,ก้าวอิสระ,2.0,2,สองคะแนน,numeric_text_agree
อำเภอฝาง/ทต.เวียงฝาง/หน่วยเลือกตั้งที่ 5/สส. 5ทับ18.pdf,5,4.0,ทต.เวียงฝาง,ทต.เวียงฝาง,447.0,288.0,263.0,5.0,20.0,5.0,นายการุณย์ คูเจริญชัยกุล,กล้าธรรม,82.0,82,แปดสิบสองคะแนน,numeric_text_agree
อำเภอฝาง/ทต.เวียงฝาง/หน่วยเลือกตั้งที่ 5/สส. 5ทับ18.pdf,5,4.0,ทต.เวียงฝาง,ทต.เวียงฝาง,447.0,288.0,263.0,5.0,20.0,6.0,นายนิธิกร วุฒินันชัย,เพื่อไทย,53.0,53,ห้าสิบสามคะแนน,numeric_text_agree
อำเภอฝาง/ทต.เวียงฝาง/หน่วยเลือกตั้งที่ 5/สส. 5ทับ18.pdf,5,4.0,ทต.เวียงฝาง,ทต.เวียงฝาง,447.0,288.0,263.0,5.0,20.0,7.0,นายไกร ดาบธรรม,พลังประชารัฐ,38.0,38,สามสิบแปดคะแนน,numeric_text_agree
อำเภอฝาง/ทต.เวียงฝาง/หน่วยเลือกตั้งที่ 5/สส. 5ทับ18.pdf,5,4.0,ทต.เวียงฝาง,ทต.เวียงฝาง,447.0,288.0,263.0,5.0,20.0,8.0,นายพิสิณห์ อุปนันท์,เศรษฐกิจ,3.0,3,สามคะแนน,numeric_text_agree
อำเภอฝาง/ทต.เวียงฝาง/หน่วยเลือกตั้งที่ 5/สส. 5ทับ18.pdf,5,4.0,ทต.เวียงฝาง,ทต.เวียงฝาง,447.0,288.0,263.0,5.0,20.0,9.0,นายชาญวิทยายุทธ์ อินทร์แก้ว,ประชากรไทย,1.0,1,หนึ่งคะแนน,numeric_text_agree
อำเภอฝาง/ทต.เวียงฝาง/หน่วยเลือกตั้งที่ 4/สส. 5ทับ18.pdf,4,3.0,ทต.เวียงฝาง,ทต.เวียงฝาง,443.0,298.0,250.0,9.0,19.0,1.0,นายอดุลย์ บุญใส,ภูมิใจไทย,7.0,7,เจ็ด,numeric_text_agree
อำเภอฝาง/ทต.เวียงฝาง/หน่วยเลือกตั้งที่ 4/สส. 5ทับ18.pdf,4,3.0,ทต.เวียงฝาง,ทต.เวียงฝาง,443.0,298.0,250.0,9.0,19.0,2.0,นายสมดุลย์ อุดเจริญ,ประชาชน,56.0,56,ห้าสิบหก,numeric_text_agree
อำเภอฝาง/ทต.เวียงฝาง/หน่วยเลือกตั้งที่ 4/สส. 5ทับ18.pdf,4,3.0,ทต.เวียงฝาง,ทต.เวียงฝาง,443.0,298.0,250.0,9.0,19.0,3.0,นายเกรียงกมล ศรีมา,ประชาธิปัตย์,1.0,1,หนึ่ง,numeric_text_agree
อำเภอฝาง/ทต.เวียงฝาง/หน่วยเลือกตั้งที่ 4/สส. 5ทับ18.pdf,4,3.0,ทต.เวียงฝาง,ทต.เวียงฝาง,443.0,298.0,250.0,9.0,19.0,4.0,นายสันติ ตันสุขี,ก้าวอิสระ,0.0,0,ศูนย์,numeric_only
อำเภอฝาง/ทต.เวียงฝาง/หน่วยเลือกตั้งที่ 4/สส. 5ทับ18.pdf,4,3.0,ทต.เวียงฝาง,ทต.เวียงฝาง,443.0,298.0,250.0,9.0,19.0,5.0,นายการุณย์ คูเจริญชัยกุล,กล้าธรรม,95.0,95,เก้าสิบห้า,numeric_text_agree
อำเภอฝาง/ทต.เวียงฝาง/หน่วยเลือกตั้งที่ 4/สส. 5ทับ18.pdf,4,3.0,ทต.เวียงฝาง,ทต.เวียงฝาง,443.0,298.0,250.0,9.0,19.0,6.0,นายนิกร วุฒินันชัย,เพื่อไทย,62.0,62,หกสิบสอง,numeric_text_agree
อำเภอฝาง/ทต.เวียงฝาง/หน่วยเลือกตั้งที่ 4/สส. 5ทับ18.pdf,4,3.0,ทต.เวียงฝาง,ทต.เวียงฝาง,443.0,298.0,250.0,9.0,19.0,7.0,นายไกร ดาบธรรม,พลังประชารัฐ,23.0,23,ยี่สิบสาม,numeric_text_agree
อำเภอฝาง/ทต.เวียงฝาง/หน่วยเลือกตั้งที่ 4/สส. 5ทับ18.pdf,4,3.0,ทต.เวียงฝาง,ทต.เวียงฝาง,443.0,298.0,250.0,9.0,19.0,8.0,นายพิสิณฑ์ อุปนันท์,เศรษฐกิจ,4.0,4,สี่,numeric_text_agree
อำเภอฝาง/ทต.เวียงฝาง/หน่วยเลือกตั้งที่ 4/สส. 5ทับ18.pdf,4,3.0,ทต.เวียงฝาง,ทต.เวียงฝาง,443.0,298.0,250.0,9.0,19.0,9.0,นายชาญวิทยายุทธ์ อินทร์แก้ว,ประชากรไทย,2.0,2,สอง,numeric_text_agree
อำเภอฝาง/ทต.เวียงฝาง/หน่วยเลือกตั้งที่ 2/สส. 5ทับ18.pdf,2,2.0,ทต.เวียงฝาง,ทต.เวียงฝาง,639.0,450.0,426.0,8.0,16.0,1.0,นายอดุลย์ บุญใส,ภูมิใจไทย,17.0,17,สิบเจ็ด,numeric_text_agree
อำเภอฝาง/ทต.เวียงฝาง/หน่วยเลือกตั้งที่ 2/สส. 5ทับ18.pdf,2,2.0,ทต.เวียงฝาง,ทต.เวียงฝาง,639.0,450.0,426.0,8.0,16.0,2.0,นายสมดุลย์ อุดเจริญ,ประชาชน,70.0,70,เจ็ดสิบ,numeric_text_agree
อำเภอฝาง/ทต.เวียงฝาง/หน่วยเลือกตั้งที่ 2/สส. 5ทับ18.pdf,2,2.0,ทต.เวียงฝาง,ทต.เวียงฝาง,639.0,450.0,426.0,8.0,16.0,3.0,นายเกรียงกมล ศรีมา,ประชาธิปัตย์,2.0,2,สอง,numeric_text_agree
อำเภอฝาง/ทต.เวียงฝาง/หน่วยเลือกตั้งที่ 2/สส. 5ทับ18.pdf,2,2.0,ทต.เวียงฝาง,ทต.เวียงฝาง,639.0,450.0,426.0,8.0,16.0,4.0,นายสันติ ตันสุหัช,ก้าวอิสระ,12.0,12,สิบสอง,numeric_text_agree
อำเภอฝาง/ทต.เวียงฝาง/หน่วยเลือกตั้งที่ 2/สส. 5ทับ18.pdf,2,2.0,ทต.เวียงฝาง,ทต.เวียงฝาง,639.0,450.0,426.0,8.0,16.0,5.0,นายการุณย์ คูเจริญชัยกุล,กล้าธรรม,157.0,157,หนึ่งร้อยห้าสิบเจ็ด,numeric_text_agree
อำเภอฝาง/ทต.เวียงฝาง/หน่วยเลือกตั้งที่ 2/สส. 5ทับ18.pdf,2,2.0,ทต.เวียงฝาง,ทต.เวียงฝาง,639.0,450.0,426.0,8.0,16.0,6.0,นายนิธิกร วุฒินันชัย,เพื่อไทย,107.0,107,หนึ่งร้อยเจ็ด,numeric_text_agree
อำเภอฝาง/ทต.เวียงฝาง/หน่วยเลือกตั้งที่ 2/สส. 5ทับ18.pdf,2,2.0,ทต.เวียงฝาง,ทต.เวียงฝาง,639.0,450.0,426.0,8.0,16.0,7.0,นายไกร ดาบธรรม,พลังประชารัฐ,48.0,48,สี่สิบแปด,numeric_text_agree
อำเภอฝาง/ทต.เวียงฝาง/หน่วยเลือกตั้งที่ 2/สส. 5ทับ18.pdf,2,2.0,ทต.เวียงฝาง,ทต.เวียงฝาง,639.0,450.0,426.0,8.0,16.0,8.0,นายพิสิณฑ์ อุปนันท์,เศรษฐกิจ,5.0,5,ห้า,numeric_text_agree
อำเภอฝาง/ทต.เวียงฝาง/หน่วยเลือกตั้งที่ 2/สส. 5ทับ18.pdf,2,2.0,ทต.เวียงฝาง,ทต.เวียงฝาง,639.0,450.0,426.0,8.0,16.0,9.0,นายชาญวิทยายุทธ์ อินทร์แก้ว,ประชากรไทย,8.0,8,แปด,numeric_text_agree
อำเภอฝาง/ทต.เวียงฝาง/หน่วยเลือกตั้งที่ 6/สส. 5ทับ18.pdf,6,4.0,ทต.เวียงฝาง,ทต.เวียงฝาง,494.0,283.0,264.0,7.0,12.0,1.0,นายอดุลย์ บุญใส,ภูมิใจไทย,8.0,8,แปด,numeric_text_agree
อำเภอฝาง/ทต.เวียงฝาง/หน่วยเลือกตั้งที่ 6/สส. 5ทับ18.pdf,6,4.0,ทต.เวียงฝาง,ทต.เวียงฝาง,494.0,283.0,264.0,7.0,12.0,2.0,นายสมดุลย์ อุดเจริญ,ประชาชน,74.0,74,เจ็ดสิบสี่,numeric_text_agree
อำเภอฝาง/ทต.เวียงฝาง/หน่วยเลือกตั้งที่ 6/สส. 5ทับ18.pdf,6,4.0,ทต.เวียงฝาง,ทต.เวียงฝาง,494.0,283.0,264.0,7.0,12.0,3.0,นายเกรียงกมล ศรีมา,ประชาธิปัตย์,1.0,1,หนึ่ง,numeric_text_agree
อำเภอฝาง/ทต.เวียงฝาง/หน่วยเลือกตั้งที่ 6/สส. 5ทับ18.pdf,6,4.0,ทต.เวียงฝาง,ทต.เวียงฝาง,494.0,283.0,264.0,7.0,12.0,4.0,นายสันติ ตันสุข,ก้าวอิสระ,4.0,4,สี่,numeric_text_agree
อำเภอฝาง/ทต.เวียงฝาง/หน่วยเลือกตั้งที่ 6/สส. 5ทับ18.pdf,6,4.0,ทต.เวียงฝาง,ทต.เวียงฝาง,494.0,283.0,264.0,7.0,12.0,5.0,นายการุณย์ คูเจริญชัยกุล,กล้าธรรม,116.0,116,หนึ่งร้อยสิบหก,numeric_text_agree
อำเภอฝาง/ทต.เวียงฝาง/หน่วยเลือกตั้งที่ 6/สส. 5ทับ18.pdf,6,4.0,ทต.เวียงฝาง,ทต.เวียงฝาง,494.0,283.0,264.0,7.0,12.0,6.0,นายนิธิกร วุฒินันชัย,เพื่อไทย,35.0,35,สามสิบห้า,numeric_text_agree
อำเภอฝาง/ทต.เวียงฝาง/หน่วยเลือกตั้งที่ 6/สส. 5ทับ18.pdf,6,4.0,ทต.เวียงฝาง,ทต.เวียงฝาง,494.0,283.0,264.0,7.0,12.0,7.0,นายไกร ดาบธรรม,พลังประชารัฐ,23.0,23,ยี่สิบสาม,numeric_text_agree
อำเภอฝาง/ทต.เวียงฝาง/หน่วยเลือกตั้งที่ 6/สส. 5ทับ18.pdf,6,4.0,ทต.เวียงฝาง,ทต.เวียงฝาง,494.0,283.0,264.0,7.0,12.0,8.0,นายพิสิณห์ อุปนันท์,เศรษฐกิจ,2.0,2,สอง,numeric_text_agree
อำเภอฝาง/ทต.เวียงฝาง/หน่วยเลือกตั้งที่ 6/สส. 5ทับ18.pdf,6,4.0,ทต.เวียงฝาง,ทต.เวียงฝาง,494.0,283.0,264.0,7.0,12.0,9.0,นายชาญวิทยา ยุทธ อินทร์แก้ว,ประชากรไทย,1.0,1,หนึ่ง,numeric_text_agree
อำเภอฝาง/ทต.เวียงฝาง/หน่วยเลือกตั้งที่ 3/สส. 5ทับ18.pdf,3,3.0,ทต.เวียงฝาง,ทต.เวียงฝาง,888.0,488.0,473.0,6.0,3.0,1.0,นายอดุลย์ บุญใส,ภูมิใจไทย,5.0,5,ห้า,numeric_text_agree
อำเภอฝาง/ทต.เวียงฝาง/หน่วยเลือกตั้งที่ 3/สส. 5ทับ18.pdf,3,3.0,ทต.เวียงฝาง,ทต.เวียงฝาง,888.0,488.0,473.0,6.0,3.0,2.0,นายสมดุลย์ อุดเจริญ,ประชาชน,54.0,54,ห้าสิบสี่,numeric_text_agree
อำเภอฝาง/ทต.เวียงฝาง/หน่วยเลือกตั้งที่ 3/สส. 5ทับ18.pdf,3,3.0,ทต.เวียงฝาง,ทต.เวียงฝาง,888.0,488.0,473.0,6.0,3.0,3.0,นายเกรียงกมล ศรีมา,ประชาธิปัตย์,3.0,3,สาม,numeric_text_agree
อำเภอฝาง/ทต.เวียงฝาง/หน่วยเลือกตั้งที่ 3/สส. 5ทับ18.pdf,3,3.0,ทต.เวียงฝาง,ทต.เวียงฝาง,888.0,488.0,473.0,6.0,3.0,4.0,นายสันติ ตันสุขา,ก้าวอิสระ,0.0,0,ศูนย์,numeric_only
อำเภอฝาง/ทต.เวียงฝาง/หน่วยเลือกตั้งที่ 3/สส. 5ทับ18.pdf,3,3.0,ทต.เวียงฝาง,ทต.เวียงฝาง,888.0,488.0,473.0,6.0,3.0,5.0,นายการุณย์ คูเจริญชัยกุล,กล้าธรรม,127.0,127,หนึ่งร้อยยี่สิบเจ็ด,numeric_text_agree
อำเภอฝาง/ทต.เวียงฝาง/หน่วยเลือกตั้งที่ 3/สส. 5ทับ18.pdf,3,3.0,ทต.เวียงฝาง,ทต.เวียงฝาง,888.0,488.0,473.0,6.0,3.0,6.0,นายนิธิกร วุฒินันชัย,เพื่อไทย,55.0,55,ห้าสิบห้า,numeric_text_agree
อำเภอฝาง/ทต.เวียงฝาง/หน่วยเลือกตั้งที่ 3/สส. 5ทับ18.pdf,3,3.0,ทต.เวียงฝาง,ทต.เวียงฝาง,888.0,488.0,473.0,6.0,3.0,7.0,นายไกร ดาบธรรม,พลังประชารัฐ,29.0,29,ยี่สิบเก้า,numeric_text_agree
อำเภอฝาง/ทต.เวียงฝาง/หน่วยเลือกตั้งที่ 3/สส. 5ทับ18.pdf,3,3.0,ทต.เวียงฝาง,ทต.เวียงฝาง,888.0,488.0,473.0,6.0,3.0,8.0,นายพิสิณฑ์ อุปนันท์,เศรษฐกิจ,3.0,3,สาม,numeric_text_agree
อำเภอฝาง/ทต.เวียงฝาง/หน่วยเลือกตั้งที่ 3/สส. 5ทับ18.pdf,3,3.0,ทต.เวียงฝาง,ทต.เวียงฝาง,888.0,488.0,473.0,6.0,3.0,9.0,นายชาญวิทยายุทธ์ อินทร์แก้ว,ประชากรไทย,5.0,5,ห้า,numeric_text_agree
อำเภอฝาง/ทต.เวียงฝาง/หน่วยเลือกตั้งที่ 1/สส. 5ทับ18.pdf,1,2.0,ทต.เวียงฝาง,ทต.เวียงฝาง,645.0,433.0,401.0,13.0,19.0,1.0,นายอดุลย์ บุญใส,ภูมิใจไทย,11.0,11,สิบเอ็ดคะแนนถ้วน,numeric_text_agree
อำเภอฝาง/ทต.เวียงฝาง/หน่วยเลือกตั้งที่ 1/สส. 5ทับ18.pdf,1,2.0,ทต.เวียงฝาง,ทต.เวียงฝาง,645.0,433.0,401.0,13.0,19.0,2.0,นายสมดุลย์ อุตเจริญ,ประชาชน,87.0,87,แปดสิบเจ็ดคะแนนถ้วน,numeric_text_agree
อำเภอฝาง/ทต.เวียงฝาง/หน่วยเลือกตั้งที่ 1/สส. 5ทับ18.pdf,1,2.0,ทต.เวียงฝาง,ทต.เวียงฝาง,645.0,433.0,401.0,13.0,19.0,3.0,นายเกรียงกมล ศรีมา,ประชาธิปัตย์,1.0,1,หนึ่งคะแนนถ้วน,numeric_text_agree
อำเภอฝาง/ทต.เวียงฝาง/หน่วยเลือกตั้งที่ 1/สส. 5ทับ18.pdf,1,2.0,ทต.เวียงฝาง,ทต.เวียงฝาง,645.0,433.0,401.0,13.0,19.0,4.0,นายสันติ ตันสุขทิ,ก้าวอิสระ,9.0,9,เก้าคะแนนถ้วน,numeric_text_agree
อำเภอฝาง/ทต.เวียงฝาง/หน่วยเลือกตั้งที่ 1/สส. 5ทับ18.pdf,1,2.0,ทต.เวียงฝาง,ทต.เวียงฝาง,645.0,433.0,401.0,13.0,19.0,5.0,นายกาญจน์ คูเจริญชัยกุล,กล้าธรรม,112.0,112,หนึ่งร้อยสิบสองคะแนนถ้วน,numeric_text_agree
อำเภอฝาง/ทต.เวียงฝาง/หน่วยเลือกตั้งที่ 1/สส. 5ทับ18.pdf,1,2.0,ทต.เวียงฝาง,ทต.เวียงฝาง,645.0,433.0,401.0,13.0,19.0,6.0,นายนิธิกร วุฒินันชัย,เพื่อไทย,126.0,126,หนึ่งร้อยยี่สิบหกคะแนนถ้วน,numeric_text_agree
อำเภอฝาง/ทต.เวียงฝาง/หน่วยเลือกตั้งที่ 1/สส. 5ทับ18.pdf,1,2.0,ทต.เวียงฝาง,ทต.เวียงฝาง,645.0,433.0,401.0,13.0,19.0,7.0,นายไกร ดาบธรรม,พลังประชารัฐ,43.0,43,สี่สิบสามคะแนนถ้วน,numeric_text_agree
อำเภอฝาง/ทต.เวียงฝาง/หน่วยเลือกตั้งที่ 1/สส. 5ทับ18.pdf,1,2.0,ทต.เวียงฝาง,ทต.เวียงฝาง,645.0,433.0,401.0,13.0,19.0,8.0,นายพิสิณฑ์ อุปนันท์,เศรษฐกิจ,1.0,1,หนึ่งคะแนนถ้วน,numeric_text_agree
อำเภอฝาง/ทต.เวียงฝาง/หน่วยเลือกตั้งที่ 1/สส. 5ทับ18.pdf,1,2.0,ทต.เวียงฝาง,ทต.เวียงฝาง,645.0,433.0,401.0,13.0,19.0,9.0,นายชาญวิทยายุทธ์ อินทร์แก้ว,ประชากรไทย,11.0,11,สิบเอ็ดคะแนนถ้วน,numeric_text_agree
อำเภอฝาง/ตำบลแม่คะ/หน่วยเลือกตั้งที่ 8/สส. 5ทับ18.pdf,9,7.0,ตำบลแม่คะ,อำเภอฝาง,579.0,448.0,421.0,17.0,10.0,1.0,นายอดุลย์ บุญใส,ภูมิใจไทย,20.0,20,ยี่สิบ,numeric_text_agree
อำเภอฝาง/ตำบลแม่คะ/หน่วยเลือกตั้งที่ 8/สส. 5ทับ18.pdf,9,7.0,ตำบลแม่คะ,อำเภอฝาง,579.0,448.0,421.0,17.0,10.0,2.0,นายสมดุลย์ อุตเจริญ,ประชาชน,75.0,75,เจ็ดสิบห้า,numeric_text_agree
อำเภอฝาง/ตำบลแม่คะ/หน่วยเลือกตั้งที่ 8/สส. 5ทับ18.pdf,9,7.0,ตำบลแม่คะ,อำเภอฝาง,579.0,448.0,421.0,17.0,10.0,3.0,นายเกรียงกมล ศรีมา,ประชาธิปัตย์,2.0,2,สอง,numeric_text_agree
อำเภอฝาง/ตำบลแม่คะ/หน่วยเลือกตั้งที่ 8/สส. 5ทับ18.pdf,9,7.0,ตำบลแม่คะ,อำเภอฝาง,579.0,448.0,421.0,17.0,10.0,4.0,นายสันติ ตันสุขหัช,ก้าวอิสระ,13.0,13,สิบสาม,numeric_text_agree
อำเภอฝาง/ตำบลแม่คะ/หน่วยเลือกตั้งที่ 8/สส. 5ทับ18.pdf,9,7.0,ตำบลแม่คะ,อำเภอฝาง,579.0,448.0,421.0,17.0,10.0,5.0,นายการุณย์ คูเจริญชัยกุล,กล้าธรรม,146.0,146,หนึ่งร้อยสี่สิบหก,numeric_text_agree
อำเภอฝาง/ตำบลแม่คะ/หน่วยเลือกตั้งที่ 8/สส. 5ทับ18.pdf,9,7.0,ตำบลแม่คะ,อำเภอฝาง,579.0,448.0,421.0,17.0,10.0,6.0,นายนิธิกร วุฒินันชัย,เพื่อไทย,102.0,102,หนึ่งร้อยสอง,numeric_text_agree
อำเภอฝาง/ตำบลแม่คะ/หน่วยเลือกตั้งที่ 8/สส. 5ทับ18.pdf,9,7.0,ตำบลแม่คะ,อำเภอฝาง,579.0,448.0,421.0,17.0,10.0,7.0,นายไกร ดาบธรรม,พลังประชารัฐ,58.0,58,ห้าสิบแปด,numeric_text_agree
อำเภอฝาง/ตำบลแม่คะ/หน่วยเลือกตั้งที่ 8/สส. 5ทับ18.pdf,9,7.0,ตำบลแม่คะ,อำเภอฝาง,579.0,448.0,421.0,17.0,10.0,8.0,นายพิสิษฐ์ อุปนันท์,เศรษฐกิจ,1.0,1,หนึ่ง,numeric_text_agree
อำเภอฝาง/ตำบลแม่คะ/หน่วยเลือกตั้งที่ 8/สส. 5ทับ18.pdf,9,7.0,ตำบลแม่คะ,อำเภอฝาง,579.0,448.0,421.0,17.0,10.0,9.0,นายชาญวิทยายุทธ์ อินทร์แก้ว,ประชากรไทย,4.0,4,สี่,numeric_text_agree
อำเภอฝาง/ตำบลแม่คะ/หน่วยเลือกตั้งที่ 9/สส. 5ทับ18.pdf,8,1.0,ตำบลแม่คะ,อำเภอฝาง,211.0,164.0,157.0,0.0,7.0,1.0,นายอดุลย์ บุญใส,ภูมิใจไทย,9.0,9,เก้า,numeric_text_agree
อำเภอฝาง/ตำบลแม่คะ/หน่วยเลือกตั้งที่ 9/สส. 5ทับ18.pdf,8,1.0,ตำบลแม่คะ,อำเภอฝาง,211.0,164.0,157.0,0.0,7.0,2.0,นายสมดุลย์ อุดเจริญ,ประชาชน,39.0,39,สามสิบเก้า,numeric_text_agree
อำเภอฝาง/ตำบลแม่คะ/หน่วยเลือกตั้งที่ 9/สส. 5ทับ18.pdf,8,1.0,ตำบลแม่คะ,อำเภอฝาง,211.0,164.0,157.0,0.0,7.0,3.0,นายเกรียงกมล ศรีมา,ประชาธิปัตย์,0.0,0,,numeric_only
อำเภอฝาง/ตำบลแม่คะ/หน่วยเลือกตั้งที่ 9/สส. 5ทับ18.pdf,8,1.0,ตำบลแม่คะ,อำเภอฝาง,211.0,164.0,157.0,0.0,7.0,4.0,นายสันติ ตันสุขขี,ก้าวอิสระ,0.0,0,,numeric_only
อำเภอฝาง/ตำบลแม่คะ/หน่วยเลือกตั้งที่ 9/สส. 5ทับ18.pdf,8,1.0,ตำบลแม่คะ,อำเภอฝาง,211.0,164.0,157.0,0.0,7.0,5.0,นายการุณย์ คูเจริญชัยกุล,กล้าธรรม,57.0,57,ห้าสิบเจ็ด,numeric_text_agree
อำเภอฝาง/ตำบลแม่คะ/หน่วยเลือกตั้งที่ 9/สส. 5ทับ18.pdf,8,1.0,ตำบลแม่คะ,อำเภอฝาง,211.0,164.0,157.0,0.0,7.0,6.0,นายนิธินร วุฒิมันชัย,เพื่อไทย,28.0,28,ยี่สิบแปด,numeric_text_agree
อำเภอฝาง/ตำบลแม่คะ/หน่วยเลือกตั้งที่ 9/สส. 5ทับ18.pdf,8,1.0,ตำบลแม่คะ,อำเภอฝาง,211.0,164.0,157.0,0.0,7.0,7.0,นายไกร ดาบธรรม,พลังประชารัฐ,22.0,22,ยี่สิบสอง,numeric_text_agree
อำเภอฝาง/ตำบลแม่คะ/หน่วยเลือกตั้งที่ 9/สส. 5ทับ18.pdf,8,1.0,ตำบลแม่คะ,อำเภอฝาง,211.0,164.0,157.0,0.0,7.0,8.0,นายพิสัณห์ อุปนันท์,เศรษฐกิจ,0.0,0,,numeric_only
อำเภอฝาง/ตำบลแม่คะ/หน่วยเลือกตั้งที่ 9/สส. 5ทับ18.pdf,8,1.0,ตำบลแม่คะ,อำเภอฝาง,211.0,164.0,157.0,0.0,7.0,9.0,นายชาญวิทยายุทธ์ อินทร์แก้ว,ประชากรไทย,2.0,2,สอง,numeric_text_agree
อำเภอฝาง/ตำบลแม่คะ/หน่วยเลือกตั้งที่ 7/สส. 5ทับ18.pdf,7,6.0,ตำบลแม่คะ,อำเภอฝาง,567.0,326.0,275.0,48.0,3.0,1.0,นายอดุลย์ บุญใส,ภูมิใจไทย,9.0,9,เก้า,numeric_text_agree
อำเภอฝาง/ตำบลแม่คะ/หน่วยเลือกตั้งที่ 7/สส. 5ทับ18.pdf,7,6.0,ตำบลแม่คะ,อำเภอฝาง,567.0,326.0,275.0,48.0,3.0,2.0,นายสมดุลย์ อุดเจริญ,ประชาชน,81.0,81,แปดสิบเอ็ด,numeric_text_agree
อำเภอฝาง/ตำบลแม่คะ/หน่วยเลือกตั้งที่ 7/สส. 5ทับ18.pdf,7,6.0,ตำบลแม่คะ,อำเภอฝาง,567.0,326.0,275.0,48.0,3.0,3.0,นายเกรียงกมล ศรีมา,ประชาธิปัตย์,5.0,5,ห้า,numeric_text_agree
อำเภอฝาง/ตำบลแม่คะ/หน่วยเลือกตั้งที่ 7/สส. 5ทับ18.pdf,7,6.0,ตำบลแม่คะ,อำเภอฝาง,567.0,326.0,275.0,48.0,3.0,4.0,นายสันติ ตันสุข,ก้าวอิสระ,6.0,6,หก,numeric_text_agree
อำเภอฝาง/ตำบลแม่คะ/หน่วยเลือกตั้งที่ 7/สส. 5ทับ18.pdf,7,6.0,ตำบลแม่คะ,อำเภอฝาง,567.0,326.0,275.0,48.0,3.0,5.0,นายการุณย์ คูเจริญชัยกุล,กล้าธรรม,73.0,73,เจ็ดสิบสาม,numeric_text_agree
อำเภอฝาง/ตำบลแม่คะ/หน่วยเลือกตั้งที่ 7/สส. 5ทับ18.pdf,7,6.0,ตำบลแม่คะ,อำเภอฝาง,567.0,326.0,275.0,48.0,3.0,6.0,นายนิกร วุฒินันชัย,เพื่อไทย,46.0,46,สี่สิบหก,numeric_text_agree
อำเภอฝาง/ตำบลแม่คะ/หน่วยเลือกตั้งที่ 7/สส. 5ทับ18.pdf,7,6.0,ตำบลแม่คะ,อำเภอฝาง,567.0,326.0,275.0,48.0,3.0,7.0,นายไกร ดาบธรรม,พลังประชารัฐ,52.0,52,ห้าสิบสอง,numeric_text_agree
อำเภอฝาง/ตำบลแม่คะ/หน่วยเลือกตั้งที่ 7/สส. 5ทับ18.pdf,7,6.0,ตำบลแม่คะ,อำเภอฝาง,567.0,326.0,275.0,48.0,3.0,8.0,นายพิสันต์ อุปนันท์,เศรษฐกิจ,0.0,0,ศูนย์,numeric_only
อำเภอฝาง/ตำบลแม่คะ/หน่วยเลือกตั้งที่ 7/สส. 5ทับ18.pdf,7,6.0,ตำบลแม่คะ,อำเภอฝาง,567.0,326.0,275.0,48.0,3.0,9.0,นายชาญวิทยายุทธ อินทร์แก้ว,ประชากรไทย,3.0,3,สาม,numeric_text_agree
อำเภอฝาง/ตำบลแม่คะ/หน่วยเลือกตั้งที่ 4/สส. 5ทับ18.pdf,4,4.0,ตำบลแม่คะ,อำเภอฝาง,519.0,343.0,318.0,18.0,7.0,1.0,นายอดุลย์ บุญใส,ภูมิใจไทย,8.0,8,แปด,numeric_text_agree
อำเภอฝาง/ตำบลแม่คะ/หน่วยเลือกตั้งที่ 4/สส. 5ทับ18.pdf,4,4.0,ตำบลแม่คะ,อำเภอฝาง,519.0,343.0,318.0,18.0,7.0,2.0,นายสมดุลย์ อุดเจริญ,ประชาชน,44.0,44,สี่สิบสี่,numeric_text_agree
อำเภอฝาง/ตำบลแม่คะ/หน่วยเลือกตั้งที่ 4/สส. 5ทับ18.pdf,4,4.0,ตำบลแม่คะ,อำเภอฝาง,519.0,343.0,318.0,18.0,7.0,3.0,นายเกรียงกมล ศรีมา,ประชาธิปัตย์,2.0,2,สอง,numeric_text_agree
อำเภอฝาง/ตำบลแม่คะ/หน่วยเลือกตั้งที่ 4/สส. 5ทับ18.pdf,4,4.0,ตำบลแม่คะ,อำเภอฝาง,519.0,343.0,318.0,18.0,7.0,4.0,นายสันติ ตันสุขหิรัญ,ก้าวไกล,1.0,1,หนึ่ง,numeric_text_agree
อำเภอฝาง/ตำบลแม่คะ/หน่วยเลือกตั้งที่ 4/สส. 5ทับ18.pdf,4,4.0,ตำบลแม่คะ,อำเภอฝาง,519.0,343.0,318.0,18.0,7.0,5.0,นายการุณย์ คงเจริญชัยกุล,กล้าธรรม,120.0,120,หนึ่งร้อยยี่สิบ,numeric_text_agree
อำเภอฝาง/ตำบลแม่คะ/หน่วยเลือกตั้งที่ 4/สส. 5ทับ18.pdf,4,4.0,ตำบลแม่คะ,อำเภอฝาง,519.0,343.0,318.0,18.0,7.0,6.0,นายนิธิกร วุฒินันชัย,เพื่อไทย,114.0,114,หนึ่งร้อยสิบสี่,numeric_text_agree
อำเภอฝาง/ตำบลแม่คะ/หน่วยเลือกตั้งที่ 4/สส. 5ทับ18.pdf,4,4.0,ตำบลแม่คะ,อำเภอฝาง,519.0,343.0,318.0,18.0,7.0,7.0,นายไกร ดาบธรรม,พลังประชารัฐ,15.0,15,สิบห้า,numeric_text_agree
อำเภอฝาง/ตำบลแม่คะ/หน่วยเลือกตั้งที่ 4/สส. 5ทับ18.pdf,4,4.0,ตำบลแม่คะ,อำเภอฝาง,519.0,343.0,318.0,18.0,7.0,8.0,นายพิสิณฑ์ อุปนันท์,เศรษฐกิจ,6.0,6,หก,numeric_text_agree
อำเภอฝาง/ตำบลแม่คะ/หน่วยเลือกตั้งที่ 4/สส. 5ทับ18.pdf,4,4.0,ตำบลแม่คะ,อำเภอฝาง,519.0,343.0,318.0,18.0,7.0,9.0,นายชาญวิทยายุทธ์ อินทร์แก้ว,ประชากรไทย,8.0,8,แปด,numeric_text_agree
อำเภอฝาง/ตำบลแม่คะ/หน่วยเลือกตั้งที่ 6/สส. 5ทับ18.pdf,6,6.0,ตำบลแม่คะ,อำเภอฝาง,542.0,433.0,425.0,3.0,5.0,1.0,นายอดุลย์ บุญใส,ภูมิใจไทย,33.0,33,สามสิบสาม,numeric_text_agree
อำเภอฝาง/ตำบลแม่คะ/หน่วยเลือกตั้งที่ 6/สส. 5ทับ18.pdf,6,6.0,ตำบลแม่คะ,อำเภอฝาง,542.0,433.0,425.0,3.0,5.0,2.0,นายสมดุลย์ อุดเจริญ,ประชาชน,32.0,32,สามสิบสอง,numeric_text_agree
อำเภอฝาง/ตำบลแม่คะ/หน่วยเลือกตั้งที่ 6/สส. 5ทับ18.pdf,6,6.0,ตำบลแม่คะ,อำเภอฝาง,542.0,433.0,425.0,3.0,5.0,3.0,นายเกรียงกมล ศรีมา,ประชาธิปัตย์,2.0,2,สอง,numeric_text_agree
อำเภอฝาง/ตำบลแม่คะ/หน่วยเลือกตั้งที่ 6/สส. 5ทับ18.pdf,6,6.0,ตำบลแม่คะ,อำเภอฝาง,542.0,433.0,425.0,3.0,5.0,4.0,นายสันติ ตันสุข,ก้าวอิสระ,6.0,6,หก,numeric_text_agree
อำเภอฝาง/ตำบลแม่คะ/หน่วยเลือกตั้งที่ 6/สส. 5ทับ18.pdf,6,6.0,ตำบลแม่คะ,อำเภอฝาง,542.0,433.0,425.0,3.0,5.0,5.0,นายการุณย์ คูเจริญชัยกุล,กล้าธรรม,33.0,33,สามสิบสาม,numeric_text_agree
อำเภอฝาง/ตำบลแม่คะ/หน่วยเลือกตั้งที่ 6/สส. 5ทับ18.pdf,6,6.0,ตำบลแม่คะ,อำเภอฝาง,542.0,433.0,425.0,3.0,5.0,6.0,นายนิธร วุฒินันชัย,เพื่อไทย,31.0,31,สามสิบเอ็ด,numeric_text_agree
อำเภอฝาง/ตำบลแม่คะ/หน่วยเลือกตั้งที่ 6/สส. 5ทับ18.pdf,6,6.0,ตำบลแม่คะ,อำเภอฝาง,542.0,433.0,425.0,3.0,5.0,7.0,นายไกร ดาบธรรม,พลังประชารัฐ,39.0,39,สามสิบเก้า,numeric_text_agree
อำเภอฝาง/ตำบลแม่คะ/หน่วยเลือกตั้งที่ 6/สส. 5ทับ18.pdf,6,6.0,ตำบลแม่คะ,อำเภอฝาง,542.0,433.0,425.0,3.0,5.0,8.0,นายพิสิณห์ อุปนันท์,เศรษฐกิจ,3.0,3,สาม,numeric_text_agree
อำเภอฝาง/ตำบลแม่คะ/หน่วยเลือกตั้งที่ 6/สส. 5ทับ18.pdf,6,6.0,ตำบลแม่คะ,อำเภอฝาง,542.0,433.0,425.0,3.0,5.0,9.0,นายชาญวิทยายุทธ์ อินทร์แก้ว,ประชากรไทย,2.0,2,สอง,numeric_text_agree
อำเภอฝาง/ตำบลแม่คะ/หน่วยเลือกตั้งที่ 5/สส. 5ทับ18.pdf,5,5.0,ตำบลแม่คะ,อำเภอฝาง,718.0,555.0,520.0,14.0,21.0,1.0,นายอดุลย์ บุญใส,ภูมิใจไทย,11.0,11,สิบเอ็ด,numeric_text_agree
อำเภอฝาง/ตำบลแม่คะ/หน่วยเลือกตั้งที่ 5/สส. 5ทับ18.pdf,5,5.0,ตำบลแม่คะ,อำเภอฝาง,718.0,555.0,520.0,14.0,21.0,2.0,นายสมดุลย์ อุดเจริญ,ประชาชน,85.0,85,แปดสิบห้า,numeric_text_agree
อำเภอฝาง/ตำบลแม่คะ/หน่วยเลือกตั้งที่ 5/สส. 5ทับ18.pdf,5,5.0,ตำบลแม่คะ,อำเภอฝาง,718.0,555.0,520.0,14.0,21.0,3.0,นายเกรียงกมล ศรีมา,ประชาธิปัตย์,1.0,1,หนึ่ง,numeric_text_agree
อำเภอฝาง/ตำบลแม่คะ/หน่วยเลือกตั้งที่ 5/สส. 5ทับ18.pdf,5,5.0,ตำบลแม่คะ,อำเภอฝาง,718.0,555.0,520.0,14.0,21.0,4.0,นายสันติ ตันสุขี,ก้าวอิสระ,4.0,4,สี่,numeric_text_agree
อำเภอฝาง/ตำบลแม่คะ/หน่วยเลือกตั้งที่ 5/สส. 5ทับ18.pdf,5,5.0,ตำบลแม่คะ,อำเภอฝาง,718.0,555.0,520.0,14.0,21.0,5.0,นายการุณย์ คูเจริญชัยกุล,กล้าธรรม,189.0,189,หนึ่งร้อยแปดสิบเก้า,numeric_text_agree
อำเภอฝาง/ตำบลแม่คะ/หน่วยเลือกตั้งที่ 5/สส. 5ทับ18.pdf,5,5.0,ตำบลแม่คะ,อำเภอฝาง,718.0,555.0,520.0,14.0,21.0,6.0,นายนิธิกร วุฒินัย,เพื่อไทย,154.0,154,หนึ่งร้อยห้าสิบสี่,numeric_text_agree
อำเภอฝาง/ตำบลแม่คะ/หน่วยเลือกตั้งที่ 5/สส. 5ทับ18.pdf,5,5.0,ตำบลแม่คะ,อำเภอฝาง,718.0,555.0,520.0,14.0,21.0,7.0,นายไกร ดาบธรรม,พลังประชารัฐ,67.0,67,หกสิบเจ็ด,numeric_text_agree
อำเภอฝาง/ตำบลแม่คะ/หน่วยเลือกตั้งที่ 5/สส. 5ทับ18.pdf,5,5.0,ตำบลแม่คะ,อำเภอฝาง,718.0,555.0,520.0,14.0,21.0,8.0,นายพิสิณฑ์ อุปนันท์,เศรษฐกิจ,2.0,2,สอง,numeric_text_agree
อำเภอฝาง/ตำบลแม่คะ/หน่วยเลือกตั้งที่ 5/สส. 5ทับ18.pdf,5,5.0,ตำบลแม่คะ,อำเภอฝาง,718.0,555.0,520.0,14.0,21.0,9.0,นายชาญวิทยายุทธ์ อินทร์แก้ว,ประชากรไทย,7.0,7,เจ็ด,numeric_text_agree
อำเภอฝาง/ตำบลแม่คะ/หน่วยเลือกตั้งที่ 3/สส. 5ทับ18.pdf,3,3.0,ตำบลแม่คะ,อำเภอฝาง,337.0,229.0,218.0,3.0,8.0,1.0,นายอดุลย์ บุญใส,ภูมิใจไทย,18.0,18,สิบแปด,numeric_text_agree
อำเภอฝาง/ตำบลแม่คะ/หน่วยเลือกตั้งที่ 3/สส. 5ทับ18.pdf,3,3.0,ตำบลแม่คะ,อำเภอฝาง,337.0,229.0,218.0,3.0,8.0,2.0,นายสมดุลย์ อุดเจริญ,ประชาชน,47.0,47,สี่สิบเจ็ด,numeric_text_agree
อำเภอฝาง/ตำบลแม่คะ/หน่วยเลือกตั้งที่ 3/สส. 5ทับ18.pdf,3,3.0,ตำบลแม่คะ,อำเภอฝาง,337.0,229.0,218.0,3.0,8.0,3.0,นายเกรียงกมล ศรีมา,ประชาธิปัตย์,5.0,5,ห้า,numeric_text_agree
อำเภอฝาง/ตำบลแม่คะ/หน่วยเลือกตั้งที่ 3/สส. 5ทับ18.pdf,3,3.0,ตำบลแม่คะ,อำเภอฝาง,337.0,229.0,218.0,3.0,8.0,4.0,นายสันติ ตันสุข,ก้าวอิสระ,1.0,1,หนึ่ง,numeric_text_agree
อำเภอฝาง/ตำบลแม่คะ/หน่วยเลือกตั้งที่ 3/สส. 5ทับ18.pdf,3,3.0,ตำบลแม่คะ,อำเภอฝาง,337.0,229.0,218.0,3.0,8.0,5.0,นายการุณย์ คูเจริญชัยกุล,กล้าธรรม,42.0,42,สี่สิบสอง,numeric_text_agree
อำเภอฝาง/ตำบลแม่คะ/หน่วยเลือกตั้งที่ 3/สส. 5ทับ18.pdf,3,3.0,ตำบลแม่คะ,อำเภอฝาง,337.0,229.0,218.0,3.0,8.0,6.0,นายนิธิกร วุฒินันชัย,เพื่อไทย,69.0,69,หกสิบเก้า,numeric_text_agree
อำเภอฝาง/ตำบลแม่คะ/หน่วยเลือกตั้งที่ 3/สส. 5ทับ18.pdf,3,3.0,ตำบลแม่คะ,อำเภอฝาง,337.0,229.0,218.0,3.0,8.0,7.0,นายไกร ดาบธรรม,พลังประชารัฐ,18.0,18,สิบแปด,numeric_text_agree
อำเภอฝาง/ตำบลแม่คะ/หน่วยเลือกตั้งที่ 3/สส. 5ทับ18.pdf,3,3.0,ตำบลแม่คะ,อำเภอฝาง,337.0,229.0,218.0,3.0,8.0,8.0,นายพิสิณห์ อุปนันท์,เศรษฐกิจ,1.0,1,หนึ่ง,numeric_text_agree
อำเภอฝาง/ตำบลแม่คะ/หน่วยเลือกตั้งที่ 3/สส. 5ทับ18.pdf,3,3.0,ตำบลแม่คะ,อำเภอฝาง,337.0,229.0,218.0,3.0,8.0,9.0,นายชาญวิทยายุทธ์ อินทร์แก้ว,ประชากรไทย,3.0,3,สาม,numeric_text_agree
อำเภอฝาง/ตำบลแม่คะ/หน่วยเลือกตั้งที่ 17/สส. 5ทับ18.pdf,17,15.0,ตำบลแม่คะ,อำเภอฝาง,323.0,219.0,203.0,13.0,3.0,1.0,นายอดุลย์ บุญใส,ภูมิใจไทย,9.0,9,เก้า,numeric_text_agree
อำเภอฝาง/ตำบลแม่คะ/หน่วยเลือกตั้งที่ 17/สส. 5ทับ18.pdf,17,15.0,ตำบลแม่คะ,อำเภอฝาง,323.0,219.0,203.0,13.0,3.0,2.0,นายสมดุลย์ อุตเจริญ,ประชาชน,19.0,19,สิบเก้า,numeric_text_agree
อำเภอฝาง/ตำบลแม่คะ/หน่วยเลือกตั้งที่ 17/สส. 5ทับ18.pdf,17,15.0,ตำบลแม่คะ,อำเภอฝาง,323.0,219.0,203.0,13.0,3.0,3.0,นายเกรียงกมล ศรีมา,ประชาธิปัตย์,3.0,3,สาม,numeric_text_agree
อำเภอฝาง/ตำบลแม่คะ/หน่วยเลือกตั้งที่ 17/สส. 5ทับ18.pdf,17,15.0,ตำบลแม่คะ,อำเภอฝาง,323.0,219.0,203.0,13.0,3.0,4.0,นายสันติ ตันสุขชัย,ก้าวอิสระ,1.0,1,หนึ่ง,numeric_text_agree
อำเภอฝาง/ตำบลแม่คะ/หน่วยเลือกตั้งที่ 17/สส. 5ทับ18.pdf,17,15.0,ตำบลแม่คะ,อำเภอฝาง,323.0,219.0,203.0,13.0,3.0,5.0,นายกาญจน์ คูเจริญชัยกุล,กล้าธรรม,77.0,77,เจ็ดสิบเจ็ด,numeric_text_agree
อำเภอฝาง/ตำบลแม่คะ/หน่วยเลือกตั้งที่ 17/สส. 5ทับ18.pdf,17,15.0,ตำบลแม่คะ,อำเภอฝาง,323.0,219.0,203.0,13.0,3.0,6.0,นายนิกร วุฒินันชัย,เพื่อไทย,99.0,9,เก้าสิบเก้า,conflict_prefer_text
อำเภอฝาง/ตำบลแม่คะ/หน่วยเลือกตั้งที่ 17/สส. 5ทับ18.pdf,17,15.0,ตำบลแม่คะ,อำเภอฝาง,323.0,219.0,203.0,13.0,3.0,7.0,นายไกร ดาบธรรม,พลังประชารัฐ,28.0,28,ยี่สิบแปด,numeric_text_agree
อำเภอฝาง/ตำบลแม่คะ/หน่วยเลือกตั้งที่ 17/สส. 5ทับ18.pdf,17,15.0,ตำบลแม่คะ,อำเภอฝาง,323.0,219.0,203.0,13.0,3.0,8.0,นายพิสิณฑ์ อุปนันท์,เศรษฐกิจ,2.0,2,สอง,numeric_text_agree
อำเภอฝาง/ตำบลแม่คะ/หน่วยเลือกตั้งที่ 17/สส. 5ทับ18.pdf,17,15.0,ตำบลแม่คะ,อำเภอฝาง,323.0,219.0,203.0,13.0,3.0,9.0,นายชาญวิทยายุทธ์ อินทร์แก้ว,ประชากรไทย,9.0,9,เก้า,numeric_text_agree
อำเภอฝาง/ตำบลแม่คะ/หน่วยเลือกตั้งที่ 16/สส. 5ทับ18.pdf,16,14.0,ตำบลแม่คะ,อำเภอฝาง,731.0,423.0,381.0,36.0,6.0,1.0,นายอดุลย์ บุญใส,ภูมิใจไทย,10.0,10,สิบ,numeric_text_agree
อำเภอฝาง/ตำบลแม่คะ/หน่วยเลือกตั้งที่ 16/สส. 5ทับ18.pdf,16,14.0,ตำบลแม่คะ,อำเภอฝาง,731.0,423.0,381.0,36.0,6.0,2.0,นายสมดุลย์ อุดเจริญ,ประชาชน,90.0,90,เก้าสิบ,numeric_text_agree
อำเภอฝาง/ตำบลแม่คะ/หน่วยเลือกตั้งที่ 16/สส. 5ทับ18.pdf,16,14.0,ตำบลแม่คะ,อำเภอฝาง,731.0,423.0,381.0,36.0,6.0,3.0,นายเกรียงกมล ศรีมา,ประชาธิปัตย์,9.0,9,เก้า,numeric_text_agree
อำเภอฝาง/ตำบลแม่คะ/หน่วยเลือกตั้งที่ 16/สส. 5ทับ18.pdf,16,14.0,ตำบลแม่คะ,อำเภอฝาง,731.0,423.0,381.0,36.0,6.0,4.0,นายสันติ ตันสุข,ก้าวอิสระ,6.0,6,หก,numeric_text_agree
อำเภอฝาง/ตำบลแม่คะ/หน่วยเลือกตั้งที่ 16/สส. 5ทับ18.pdf,16,14.0,ตำบลแม่คะ,อำเภอฝาง,731.0,423.0,381.0,36.0,6.0,5.0,นายกรุณย์ คูเจริญชัยกุล,กล้าธรรม,128.0,128,หนึ่งร้อยยี่สิบแปด,numeric_text_agree
อำเภอฝาง/ตำบลแม่คะ/หน่วยเลือกตั้งที่ 16/สส. 5ทับ18.pdf,16,14.0,ตำบลแม่คะ,อำเภอฝาง,731.0,423.0,381.0,36.0,6.0,6.0,นายนิธิกร วุฒินันชัย,เพื่อไทย,76.0,76,เจ็ดสิบหก,numeric_text_agree
อำเภอฝาง/ตำบลแม่คะ/หน่วยเลือกตั้งที่ 16/สส. 5ทับ18.pdf,16,14.0,ตำบลแม่คะ,อำเภอฝาง,731.0,423.0,381.0,36.0,6.0,7.0,นายไกร ดาบธรรม,พลังประชารัฐ,63.0,63,หกสิบสาม,numeric_text_agree
อำเภอฝาง/ตำบลแม่คะ/หน่วยเลือกตั้งที่ 16/สส. 5ทับ18.pdf,16,14.0,ตำบลแม่คะ,อำเภอฝาง,731.0,423.0,381.0,36.0,6.0,8.0,นายพิสิณห์ อุปนันท์,เศรษฐกิจ,4.0,4,สี่,numeric_text_agree
อำเภอฝาง/ตำบลแม่คะ/หน่วยเลือกตั้งที่ 16/สส. 5ทับ18.pdf,16,14.0,ตำบลแม่คะ,อำเภอฝาง,731.0,423.0,381.0,36.0,6.0,9.0,นายชาญวิทยายุทธ์ อินทร์แก้ว,ประชากรไทย,2.0,2,สอง,numeric_text_agree
อำเภอฝาง/ตำบลแม่คะ/หน่วยเลือกตั้งที่ 2/สส. 5ทับ18.pdf,2,2.0,ตำบลแม่คะ,อำเภอฝาง,655.0,466.0,436.0,7.0,23.0,1.0,นายอดุลย์ บุญใส,ภูมิใจไทย,26.0,26,ยี่สิบหก,numeric_text_agree
อำเภอฝาง/ตำบลแม่คะ/หน่วยเลือกตั้งที่ 2/สส. 5ทับ18.pdf,2,2.0,ตำบลแม่คะ,อำเภอฝาง,655.0,466.0,436.0,7.0,23.0,2.0,นายสมดุลย์ อุดเจริญ,ประชาชน,83.0,83,แปดสิบสาม,numeric_text_agree
อำเภอฝาง/ตำบลแม่คะ/หน่วยเลือกตั้งที่ 2/สส. 5ทับ18.pdf,2,2.0,ตำบลแม่คะ,อำเภอฝาง,655.0,466.0,436.0,7.0,23.0,3.0,นายเกรียงกมล ศรีมา,ประชาธิปัตย์,2.0,2,สอง,numeric_text_agree
อำเภอฝาง/ตำบลแม่คะ/หน่วยเลือกตั้งที่ 2/สส. 5ทับ18.pdf,2,2.0,ตำบลแม่คะ,อำเภอฝาง,655.0,466.0,436.0,7.0,23.0,4.0,นายสันติ ตันสุขข์,ก้าวอิสระ,5.0,5,ห้า,numeric_text_agree
อำเภอฝาง/ตำบลแม่คะ/หน่วยเลือกตั้งที่ 2/สส. 5ทับ18.pdf,2,2.0,ตำบลแม่คะ,อำเภอฝาง,655.0,466.0,436.0,7.0,23.0,5.0,นายการุณย์ คูเจริญชัยกุล,กล้าธรรม,200.0,200,สองร้อย,numeric_text_agree
อำเภอฝาง/ตำบลแม่คะ/หน่วยเลือกตั้งที่ 2/สส. 5ทับ18.pdf,2,2.0,ตำบลแม่คะ,อำเภอฝาง,655.0,466.0,436.0,7.0,23.0,6.0,นายนิธิกร วุฒินัย,เพื่อไทย,59.0,59,ห้าสิบเก้า,numeric_text_agree
อำเภอฝาง/ตำบลแม่คะ/หน่วยเลือกตั้งที่ 2/สส. 5ทับ18.pdf,2,2.0,ตำบลแม่คะ,อำเภอฝาง,655.0,466.0,436.0,7.0,23.0,7.0,นายไกร ดาบธรรม,พลังประชารัฐ,53.0,53,ห้าสิบสาม,numeric_text_agree
อำเภอฝาง/ตำบลแม่คะ/หน่วยเลือกตั้งที่ 2/สส. 5ทับ18.pdf,2,2.0,ตำบลแม่คะ,อำเภอฝาง,655.0,466.0,436.0,7.0,23.0,8.0,นายพิสิณณ์ อุปนันท์,เศรษฐกิจ,3.0,3,สาม,numeric_text_agree
อำเภอฝาง/ตำบลแม่คะ/หน่วยเลือกตั้งที่ 2/สส. 5ทับ18.pdf,2,2.0,ตำบลแม่คะ,อำเภอฝาง,655.0,466.0,436.0,7.0,23.0,9.0,นายชาญวิทยายุทธ์ อินทร์แก้ว,ประชากรไทย,5.0,5,ห้า,numeric_text_agree
อำเภอฝาง/ตำบลแม่คะ/หน่วยเลือกตั้งที่ 15/สส. 5ทับ18.pdf,8,3.0,ตำบลแม่คะ,อำเภอฝาง,360.0,360.0,258.0,4.0,5.0,1.0,นายอดุลย์ บุญใส,ภูมิใจไทย,11.0,11,สิบเอ็ด,numeric_text_agree
อำเภอฝาง/ตำบลแม่คะ/หน่วยเลือกตั้งที่ 15/สส. 5ทับ18.pdf,8,3.0,ตำบลแม่คะ,อำเภอฝาง,360.0,360.0,258.0,4.0,5.0,2.0,นายสมดุลย์ อุดเจริญ,ประชาชน,62.0,62,หกสิบสอง,numeric_text_agree
อำเภอฝาง/ตำบลแม่คะ/หน่วยเลือกตั้งที่ 15/สส. 5ทับ18.pdf,8,3.0,ตำบลแม่คะ,อำเภอฝาง,360.0,360.0,258.0,4.0,5.0,3.0,นายเกรียงกมล ศรีมา,ประชาธิปัตย์,2.0,2,สอง,numeric_text_agree
อำเภอฝาง/ตำบลแม่คะ/หน่วยเลือกตั้งที่ 15/สส. 5ทับ18.pdf,8,3.0,ตำบลแม่คะ,อำเภอฝาง,360.0,360.0,258.0,4.0,5.0,4.0,นายสันติ ตันสุทัศ,ก้าวอิสระ,2.0,2,สอง,numeric_text_agree
อำเภอฝาง/ตำบลแม่คะ/หน่วยเลือกตั้งที่ 15/สส. 5ทับ18.pdf,8,3.0,ตำบลแม่คะ,อำเภอฝาง,360.0,360.0,258.0,4.0,5.0,5.0,นายการุณย์ คูเจริญชัยกุล,กล้าธรรม,77.0,77,เจ็ดสิบเจ็ด,numeric_text_agree
อำเภอฝาง/ตำบลแม่คะ/หน่วยเลือกตั้งที่ 15/สส. 5ทับ18.pdf,8,3.0,ตำบลแม่คะ,อำเภอฝาง,360.0,360.0,258.0,4.0,5.0,6.0,นายนิธิกร วุฒินันชัย,เพื่อไทย,50.0,50,ห้าสิบ,numeric_text_agree
อำเภอฝาง/ตำบลแม่คะ/หน่วยเลือกตั้งที่ 15/สส. 5ทับ18.pdf,8,3.0,ตำบลแม่คะ,อำเภอฝาง,360.0,360.0,258.0,4.0,5.0,7.0,นายไกร ดาบธรรม,พลังประชารัฐ,70.0,70,เจ็ดสิบ,numeric_text_agree
อำเภอฝาง/ตำบลแม่คะ/หน่วยเลือกตั้งที่ 15/สส. 5ทับ18.pdf,8,3.0,ตำบลแม่คะ,อำเภอฝาง,360.0,360.0,258.0,4.0,5.0,8.0,นายพิสิณห์ อุปนันท์,เศรษฐกิจ,0.0,0,ศูนย์,numeric_only
อำเภอฝาง/ตำบลแม่คะ/หน่วยเลือกตั้งที่ 15/สส. 5ทับ18.pdf,8,3.0,ตำบลแม่คะ,อำเภอฝาง,360.0,360.0,258.0,4.0,5.0,9.0,นายชาญวิทยายุทธ์ อินทร์แก้ว,ประชากรไทย,7.0,7,เจ็ด,numeric_text_agree
อำเภอฝาง/ตำบลแม่คะ/หน่วยเลือกตั้งที่ 14/สส. 5ทับ18.pdf,14,12.0,ตำบลแม่คะ,อำเภอฝาง,241.0,206.0,197.0,7.0,2.0,1.0,นายอดุลย์ บุญใส,ภูมิใจไทย,6.0,6,หก,numeric_text_agree
อำเภอฝาง/ตำบลแม่คะ/หน่วยเลือกตั้งที่ 14/สส. 5ทับ18.pdf,14,12.0,ตำบลแม่คะ,อำเภอฝาง,241.0,206.0,197.0,7.0,2.0,2.0,นายสมดุลย์ อุตเจริญ,ประชาชน,18.0,18,สิบแปด,numeric_text_agree
อำเภอฝาง/ตำบลแม่คะ/หน่วยเลือกตั้งที่ 14/สส. 5ทับ18.pdf,14,12.0,ตำบลแม่คะ,อำเภอฝาง,241.0,206.0,197.0,7.0,2.0,3.0,นายเกรียงกมล ศรีมา,ประชาธิปัตย์,0.0,0,ศูนย์,numeric_only
อำเภอฝาง/ตำบลแม่คะ/หน่วยเลือกตั้งที่ 14/สส. 5ทับ18.pdf,14,12.0,ตำบลแม่คะ,อำเภอฝาง,241.0,206.0,197.0,7.0,2.0,4.0,นายสันติ ตันสุข,ก้าวอิสระ,0.0,0,ศูนย์,numeric_only
อำเภอฝาง/ตำบลแม่คะ/หน่วยเลือกตั้งที่ 14/สส. 5ทับ18.pdf,14,12.0,ตำบลแม่คะ,อำเภอฝาง,241.0,206.0,197.0,7.0,2.0,5.0,นายการุณย์ คูเจริญชัยกุล,กล้าธรรม,83.0,83,แปดสิบสาม,numeric_text_agree
อำเภอฝาง/ตำบลแม่คะ/หน่วยเลือกตั้งที่ 14/สส. 5ทับ18.pdf,14,12.0,ตำบลแม่คะ,อำเภอฝาง,241.0,206.0,197.0,7.0,2.0,6.0,นายนิธิกร วุฒินัย,เพื่อไทย,80.0,80,แปดสิบ,numeric_text_agree
อำเภอฝาง/ตำบลแม่คะ/หน่วยเลือกตั้งที่ 14/สส. 5ทับ18.pdf,14,12.0,ตำบลแม่คะ,อำเภอฝาง,241.0,206.0,197.0,7.0,2.0,7.0,นายไกร ดาบธรรม,พลังประชารัฐ,7.0,7,เจ็ด,numeric_text_agree
อำเภอฝาง/ตำบลแม่คะ/หน่วยเลือกตั้งที่ 14/สส. 5ทับ18.pdf,14,12.0,ตำบลแม่คะ,อำเภอฝาง,241.0,206.0,197.0,7.0,2.0,8.0,นายพิสัณห์ อุปนันท์,เศรษฐกิจ,0.0,0,ศูนย์,numeric_only
อำเภอฝาง/ตำบลแม่คะ/หน่วยเลือกตั้งที่ 14/สส. 5ทับ18.pdf,14,12.0,ตำบลแม่คะ,อำเภอฝาง,241.0,206.0,197.0,7.0,2.0,9.0,นายชาญวิทยายุทธ์ อินทร์แก้ว,ประชากรไทย,3.0,3,สาม,numeric_text_agree
อำเภอฝาง/ตำบลแม่คะ/หน่วยเลือกตั้งที่ 12/สส. 5ทับ18.pdf,12,10.0,ตำบลแม่คะ,อำเภอฝาง,481.0,394.0,364.0,18.0,15.0,1.0,นายอดุลย์ บุญใส,ภูมิใจไทย,9.0,9,เก้า,numeric_text_agree
อำเภอฝาง/ตำบลแม่คะ/หน่วยเลือกตั้งที่ 12/สส. 5ทับ18.pdf,12,10.0,ตำบลแม่คะ,อำเภอฝาง,481.0,394.0,364.0,18.0,15.0,2.0,นายสมดุลย์ อุดมเจริญ,ประชาชน,52.0,52,ห้าสิบสอง,numeric_text_agree
อำเภอฝาง/ตำบลแม่คะ/หน่วยเลือกตั้งที่ 12/สส. 5ทับ18.pdf,12,10.0,ตำบลแม่คะ,อำเภอฝาง,481.0,394.0,364.0,18.0,15.0,3.0,นายเกรียงกมล ศรีมา,ประชาธิปัตย์,2.0,2,สอง,numeric_text_agree
อำเภอฝาง/ตำบลแม่คะ/หน่วยเลือกตั้งที่ 12/สส. 5ทับ18.pdf,12,10.0,ตำบลแม่คะ,อำเภอฝาง,481.0,394.0,364.0,18.0,15.0,4.0,นายสันติ ตันสุขทัย,ก้าวอิสระ,1.0,1,หนึ่ง,numeric_text_agree
อำเภอฝาง/ตำบลแม่คะ/หน่วยเลือกตั้งที่ 12/สส. 5ทับ18.pdf,12,10.0,ตำบลแม่คะ,อำเภอฝาง,481.0,394.0,364.0,18.0,15.0,5.0,นายการุณย์ คูเจริญชัยกุล,กล้าธรรม,181.0,181,หนึ่งร้อยแปดสิบเอ็ด,numeric_text_agree
อำเภอฝาง/ตำบลแม่คะ/หน่วยเลือกตั้งที่ 12/สส. 5ทับ18.pdf,12,10.0,ตำบลแม่คะ,อำเภอฝาง,481.0,394.0,364.0,18.0,15.0,6.0,นายนิธิกร วุฒินันชัย,เพื่อไทย,54.0,54,ห้าสิบสี่,numeric_text_agree
อำเภอฝาง/ตำบลแม่คะ/หน่วยเลือกตั้งที่ 12/สส. 5ทับ18.pdf,12,10.0,ตำบลแม่คะ,อำเภอฝาง,481.0,394.0,364.0,18.0,15.0,7.0,นายไกร ดาบธรรม,พลังประชารัฐ,56.0,56,ห้าสิบหก,numeric_text_agree
อำเภอฝาง/ตำบลแม่คะ/หน่วยเลือกตั้งที่ 12/สส. 5ทับ18.pdf,12,10.0,ตำบลแม่คะ,อำเภอฝาง,481.0,394.0,364.0,18.0,15.0,8.0,นายพิสิษฐ์ อุปนันท์,เศรษฐกิจ,0.0,0,ศูนย์,numeric_only
อำเภอฝาง/ตำบลแม่คะ/หน่วยเลือกตั้งที่ 12/สส. 5ทับ18.pdf,12,10.0,ตำบลแม่คะ,อำเภอฝาง,481.0,394.0,364.0,18.0,15.0,9.0,นายชาญวิทยายุทธ์ อินทร์แก้ว,ประชากรไทย,9.0,9,เก้า,numeric_text_agree
อำเภอฝาง/ตำบลแม่คะ/หน่วยเลือกตั้งที่ 11/สส. 5ทับ18.pdf,11,9.0,ตำบลแม่คะ,อำเภอฝาง,706.0,479.0,414.0,58.0,7.0,1.0,นายอดุลย์ บุญใส,ภูมิใจไทย,8.0,8,แปด,numeric_text_agree
อำเภอฝาง/ตำบลแม่คะ/หน่วยเลือกตั้งที่ 11/สส. 5ทับ18.pdf,11,9.0,ตำบลแม่คะ,อำเภอฝาง,706.0,479.0,414.0,58.0,7.0,2.0,นายสมดุลย์ อุดเจริญ,ประชาชน,79.0,79,เจ็ดสิบเก้า,numeric_text_agree
อำเภอฝาง/ตำบลแม่คะ/หน่วยเลือกตั้งที่ 11/สส. 5ทับ18.pdf,11,9.0,ตำบลแม่คะ,อำเภอฝาง,706.0,479.0,414.0,58.0,7.0,3.0,นายเกรียงกมล ศรีมา,ประชาธิปัตย์,2.0,2,สอง,numeric_text_agree
อำเภอฝาง/ตำบลแม่คะ/หน่วยเลือกตั้งที่ 11/สส. 5ทับ18.pdf,11,9.0,ตำบลแม่คะ,อำเภอฝาง,706.0,479.0,414.0,58.0,7.0,4.0,นายสันติ ตันสุหัช,ก้าวอิสระ,5.0,5,ห้า,numeric_text_agree
อำเภอฝาง/ตำบลแม่คะ/หน่วยเลือกตั้งที่ 11/สส. 5ทับ18.pdf,11,9.0,ตำบลแม่คะ,อำเภอฝาง,706.0,479.0,414.0,58.0,7.0,5.0,นายการุณย์ คูเจริญชัยกุล,กล้าธรรม,234.0,234,สองร้อยสามสิบสี่,numeric_text_agree
อำเภอฝาง/ตำบลแม่คะ/หน่วยเลือกตั้งที่ 11/สส. 5ทับ18.pdf,11,9.0,ตำบลแม่คะ,อำเภอฝาง,706.0,479.0,414.0,58.0,7.0,6.0,นายนิธินร วุฒินันชัย,เพื่อไทย,55.0,55,ห้าสิบห้า,numeric_text_agree
อำเภอฝาง/ตำบลแม่คะ/หน่วยเลือกตั้งที่ 11/สส. 5ทับ18.pdf,11,9.0,ตำบลแม่คะ,อำเภอฝาง,706.0,479.0,414.0,58.0,7.0,7.0,นายไกร ดาบธรรม,พลังประชารัฐ,29.0,29,ยี่สิบเก้า,numeric_text_agree
อำเภอฝาง/ตำบลแม่คะ/หน่วยเลือกตั้งที่ 11/สส. 5ทับ18.pdf,11,9.0,ตำบลแม่คะ,อำเภอฝาง,706.0,479.0,414.0,58.0,7.0,8.0,นายพิสิณท์ อุปนันท์,เศรษฐกิจ,0.0,0,ศูนย์,numeric_only
อำเภอฝาง/ตำบลแม่คะ/หน่วยเลือกตั้งที่ 11/สส. 5ทับ18.pdf,11,9.0,ตำบลแม่คะ,อำเภอฝาง,706.0,479.0,414.0,58.0,7.0,9.0,นายชาญวิทยายุทธ์ อินทร์แก้ว,ประชากรไทย,2.0,2,สอง,numeric_text_agree
อำเภอฝาง/ตำบลแม่คะ/หน่วยเลือกตั้งที่ 1/สส. 5ทับ18.pdf,1,1.0,ตำบลแม่คะ,อำเภอฝาง,713.0,550.0,503.0,21.0,26.0,1.0,นายอดุลย์ บุญใส,ภูมิใจไทย,47.0,47,สี่สิบเจ็ด,numeric_text_agree
อำเภอฝาง/ตำบลแม่คะ/หน่วยเลือกตั้งที่ 1/สส. 5ทับ18.pdf,1,1.0,ตำบลแม่คะ,อำเภอฝาง,713.0,550.0,503.0,21.0,26.0,2.0,นายสมดุลย์ อุดเจริญ,ประชาชน,72.0,72,เจ็ดสิบสอง,numeric_text_agree
อำเภอฝาง/ตำบลแม่คะ/หน่วยเลือกตั้งที่ 1/สส. 5ทับ18.pdf,1,1.0,ตำบลแม่คะ,อำเภอฝาง,713.0,550.0,503.0,21.0,26.0,3.0,นายเกรียงกมล ศรีมา,ประชาธิปัตย์,5.0,5,ห้า,numeric_text_agree
อำเภอฝาง/ตำบลแม่คะ/หน่วยเลือกตั้งที่ 1/สส. 5ทับ18.pdf,1,1.0,ตำบลแม่คะ,อำเภอฝาง,713.0,550.0,503.0,21.0,26.0,4.0,นายสันติ ตันสุขชัย,ก้าวอิสระ,5.0,5,ห้า,numeric_text_agree
อำเภอฝาง/ตำบลแม่คะ/หน่วยเลือกตั้งที่ 1/สส. 5ทับ18.pdf,1,1.0,ตำบลแม่คะ,อำเภอฝาง,713.0,550.0,503.0,21.0,26.0,5.0,นายการุณย์ คูเจริญชัยกุล,กล้าธรรม,215.0,215,สองร้อยสิบห้า,numeric_text_agree
อำเภอฝาง/ตำบลแม่คะ/หน่วยเลือกตั้งที่ 1/สส. 5ทับ18.pdf,1,1.0,ตำบลแม่คะ,อำเภอฝาง,713.0,550.0,503.0,21.0,26.0,6.0,นายนิธิกร วุฒินันชัย,เพื่อไทย,111.0,111,หนึ่งร้อยสิบเอ็ด,numeric_text_agree
อำเภอฝาง/ตำบลแม่คะ/หน่วยเลือกตั้งที่ 1/สส. 5ทับ18.pdf,1,1.0,ตำบลแม่คะ,อำเภอฝาง,713.0,550.0,503.0,21.0,26.0,7.0,นายไกร ดาบธรรม,พลังประชารัฐ,71.0,71,เจ็ดสิบเอ็ด,numeric_text_agree
อำเภอฝาง/ตำบลแม่คะ/หน่วยเลือกตั้งที่ 1/สส. 5ทับ18.pdf,1,1.0,ตำบลแม่คะ,อำเภอฝาง,713.0,550.0,503.0,21.0,26.0,8.0,นายพิสัณฑ์ อุปนันท์,เศรษฐกิจ,2.0,2,สอง,numeric_text_agree
อำเภอฝาง/ตำบลแม่คะ/หน่วยเลือกตั้งที่ 1/สส. 5ทับ18.pdf,1,1.0,ตำบลแม่คะ,อำเภอฝาง,713.0,550.0,503.0,21.0,26.0,9.0,นายชาญวิทยายุทธ์ อินทร์แก้ว,ประชากรไทย,5.0,5,ห้า,numeric_text_agree
อำเภอฝาง/ตำบลแม่คะ/หน่วยเลือกตั้งที่ 10/สส. 5ทับ18.pdf,10,9.0,ตำบลแม่คะ,อำเภอฝาง,706.0,493.0,428.0,58.0,7.0,1.0,นายอดุลย์ บุญใส,ภูมิใจไทย,18.0,18,สิบแปด,numeric_text_agree
อำเภอฝาง/ตำบลแม่คะ/หน่วยเลือกตั้งที่ 10/สส. 5ทับ18.pdf,10,9.0,ตำบลแม่คะ,อำเภอฝาง,706.0,493.0,428.0,58.0,7.0,2.0,นายสมดุลย์ อุดเจริญ,ประชาชน,56.0,56,ห้าสิบหก,numeric_text_agree
อำเภอฝาง/ตำบลแม่คะ/หน่วยเลือกตั้งที่ 10/สส. 5ทับ18.pdf,10,9.0,ตำบลแม่คะ,อำเภอฝาง,706.0,493.0,428.0,58.0,7.0,3.0,นายเกรียงกมล ศรีมา,ประชาธิปัตย์,3.0,3,สาม,numeric_text_agree
อำเภอฝาง/ตำบลแม่คะ/หน่วยเลือกตั้งที่ 10/สส. 5ทับ18.pdf,10,9.0,ตำบลแม่คะ,อำเภอฝาง,706.0,493.0,428.0,58.0,7.0,4.0,นายสันติ ตันสุขัพ,ก้าวอิสระ,7.0,7,เจ็ด,numeric_text_agree
อำเภอฝาง/ตำบลแม่คะ/หน่วยเลือกตั้งที่ 10/สส. 5ทับ18.pdf,10,9.0,ตำบลแม่คะ,อำเภอฝาง,706.0,493.0,428.0,58.0,7.0,5.0,นายการุณย์ คูเจริญชัยกุล,กล้าธรรม,232.0,232,สองร้อยสามสิบสอง,numeric_text_agree
อำเภอฝาง/ตำบลแม่คะ/หน่วยเลือกตั้งที่ 10/สส. 5ทับ18.pdf,10,9.0,ตำบลแม่คะ,อำเภอฝาง,706.0,493.0,428.0,58.0,7.0,6.0,นายนิธร วุฒินันชัย,เพื่อไทย,50.0,50,ห้าสิบ,numeric_text_agree
อำเภอฝาง/ตำบลแม่คะ/หน่วยเลือกตั้งที่ 10/สส. 5ทับ18.pdf,10,9.0,ตำบลแม่คะ,อำเภอฝาง,706.0,493.0,428.0,58.0,7.0,7.0,นายไกร ดาบธรรม,พลังประชารัฐ,48.0,48,สี่สิบแปด,numeric_text_agree
อำเภอฝาง/ตำบลแม่คะ/หน่วยเลือกตั้งที่ 10/สส. 5ทับ18.pdf,10,9.0,ตำบลแม่คะ,อำเภอฝาง,706.0,493.0,428.0,58.0,7.0,8.0,นายพิสิณห์ อุปนันท์,เศรษฐกิจ,11.0,11,สิบเอ็ด,numeric_text_agree
อำเภอฝาง/ตำบลแม่คะ/หน่วยเลือกตั้งที่ 10/สส. 5ทับ18.pdf,10,9.0,ตำบลแม่คะ,อำเภอฝาง,706.0,493.0,428.0,58.0,7.0,9.0,นายชาญวิทยายุทธ อินทร์แก้ว,ประชากรไทย,3.0,3,สาม,numeric_text_agree
อำเภอฝาง/ตำบลแม่คะ/หน่วยเลือกตั้งที่ 13/สส. 5ทับ18.pdf,13,11.0,ตำบลแม่คะ,อำเภอฝาง,584.0,430.0,395.0,22.0,13.0,1.0,นายอดุลย์ บุญใส,ภูมิใจไทย,17.0,17,สิบเจ็ด,numeric_text_agree
อำเภอฝาง/ตำบลแม่คะ/หน่วยเลือกตั้งที่ 13/สส. 5ทับ18.pdf,13,11.0,ตำบลแม่คะ,อำเภอฝาง,584.0,430.0,395.0,22.0,13.0,2.0,นายสมดุลย์ อุตเจริญ,ประชาชน,96.0,96,เก้าสิบหก,numeric_text_agree
อำเภอฝาง/ตำบลแม่คะ/หน่วยเลือกตั้งที่ 13/สส. 5ทับ18.pdf,13,11.0,ตำบลแม่คะ,อำเภอฝาง,584.0,430.0,395.0,22.0,13.0,3.0,นายเกรียงกมล ศรีมา,ประชาธิปัตย์,4.0,4,สี่,numeric_text_agree
อำเภอฝาง/ตำบลแม่คะ/หน่วยเลือกตั้งที่ 13/สส. 5ทับ18.pdf,13,11.0,ตำบลแม่คะ,อำเภอฝาง,584.0,430.0,395.0,22.0,13.0,4.0,นายสันติ ตันสุขขี,ก้าวอิสระ,5.0,5,ห้า,numeric_text_agree
อำเภอฝาง/ตำบลแม่คะ/หน่วยเลือกตั้งที่ 13/สส. 5ทับ18.pdf,13,11.0,ตำบลแม่คะ,อำเภอฝาง,584.0,430.0,395.0,22.0,13.0,5.0,นายภาณุรุจ คูเจริญชัยกุล,กล้าธรรม,71.0,71,เจ็ดสิบเอ็ด,numeric_text_agree
อำเภอฝาง/ตำบลแม่คะ/หน่วยเลือกตั้งที่ 13/สส. 5ทับ18.pdf,13,11.0,ตำบลแม่คะ,อำเภอฝาง,584.0,430.0,395.0,22.0,13.0,6.0,นายนิกร วุฒิบัณชัย,เพื่อไทย,160.0,160,หนึ่งร้อยหกสิบ,numeric_text_agree
อำเภอฝาง/ตำบลแม่คะ/หน่วยเลือกตั้งที่ 13/สส. 5ทับ18.pdf,13,11.0,ตำบลแม่คะ,อำเภอฝาง,584.0,430.0,395.0,22.0,13.0,7.0,นายไกร ดาบธรรม,พลังประชารัฐ,27.0,27,ยี่สิบเจ็ด,numeric_text_agree
อำเภอฝาง/ตำบลแม่คะ/หน่วยเลือกตั้งที่ 13/สส. 5ทับ18.pdf,13,11.0,ตำบลแม่คะ,อำเภอฝาง,584.0,430.0,395.0,22.0,13.0,8.0,นายพิสิณฑ์ อุปนันท์,เศรษฐกิจ,5.0,5,ห้า,numeric_text_agree
อำเภอฝาง/ตำบลแม่คะ/หน่วยเลือกตั้งที่ 13/สส. 5ทับ18.pdf,13,11.0,ตำบลแม่คะ,อำเภอฝาง,584.0,430.0,395.0,22.0,13.0,9.0,นายชาญวิทยายุทธ์ อินทร์แก้ว,ประชากรไทย,10.0,10,สิบ,numeric_text_agree
อำเภอฝาง/ตำบลม่อนปิ่น/หน่วยเลือกตั้งที่ 8/สส. 5ทับ18.pdf,8,7.0,ตำบลม่อนปิ่น,อำเภอฝาง,332.0,218.0,210.0,4.0,4.0,1.0,นายอดุลย์ บุญใส,ภูมิใจไทย,5.0,5,ห้า,numeric_text_agree
อำเภอฝาง/ตำบลม่อนปิ่น/หน่วยเลือกตั้งที่ 8/สส. 5ทับ18.pdf,8,7.0,ตำบลม่อนปิ่น,อำเภอฝาง,332.0,218.0,210.0,4.0,4.0,2.0,นายสมดุลย์ อุดเจริญ,ประชาชน,37.0,37,สามสิบเจ็ด,numeric_text_agree
อำเภอฝาง/ตำบลม่อนปิ่น/หน่วยเลือกตั้งที่ 8/สส. 5ทับ18.pdf,8,7.0,ตำบลม่อนปิ่น,อำเภอฝาง,332.0,218.0,210.0,4.0,4.0,3.0,นายเกรียงกมล ศรีมา,ประชาธิปัตย์,0.0,0,ศูนย์,numeric_only
อำเภอฝาง/ตำบลม่อนปิ่น/หน่วยเลือกตั้งที่ 8/สส. 5ทับ18.pdf,8,7.0,ตำบลม่อนปิ่น,อำเภอฝาง,332.0,218.0,210.0,4.0,4.0,4.0,นายสันติ ตันสุขทัย,ก้าวอิสระ,0.0,0,ศูนย์,numeric_only
อำเภอฝาง/ตำบลม่อนปิ่น/หน่วยเลือกตั้งที่ 8/สส. 5ทับ18.pdf,8,7.0,ตำบลม่อนปิ่น,อำเภอฝาง,332.0,218.0,210.0,4.0,4.0,5.0,นายการุณย์ คูเจริญชัยกุล,กล้าธรรม,136.0,136,หนึ่งร้อยสามสิบหก,numeric_text_agree
อำเภอฝาง/ตำบลม่อนปิ่น/หน่วยเลือกตั้งที่ 8/สส. 5ทับ18.pdf,8,7.0,ตำบลม่อนปิ่น,อำเภอฝาง,332.0,218.0,210.0,4.0,4.0,6.0,นายนิธิกร วุฒินันชัย,เพื่อไทย,20.0,20,ยี่สิบ,numeric_text_agree
อำเภอฝาง/ตำบลม่อนปิ่น/หน่วยเลือกตั้งที่ 8/สส. 5ทับ18.pdf,8,7.0,ตำบลม่อนปิ่น,อำเภอฝาง,332.0,218.0,210.0,4.0,4.0,7.0,นายไกร ดาบธรรม,พลังประชารัฐ,14.0,14,สิบสี่,numeric_text_agree
อำเภอฝาง/ตำบลม่อนปิ่น/หน่วยเลือกตั้งที่ 8/สส. 5ทับ18.pdf,8,7.0,ตำบลม่อนปิ่น,อำเภอฝาง,332.0,218.0,210.0,4.0,4.0,8.0,นายพิสัณห์ อุปนันท์,เศรษฐกิจ,0.0,0,ศูนย์,numeric_only
อำเภอฝาง/ตำบลม่อนปิ่น/หน่วยเลือกตั้งที่ 8/สส. 5ทับ18.pdf,8,7.0,ตำบลม่อนปิ่น,อำเภอฝาง,332.0,218.0,210.0,4.0,4.0,9.0,นายชาญวิทยายุทธ์ อินทร์แก้ว,ประชากรไทย,46.0,46,สี่สิบหก,numeric_text_agree
อำเภอฝาง/ตำบลม่อนปิ่น/หน่วยเลือกตั้งที่ 6/สส. 5ทับ18.pdf,6,5.0,ตำบลม่อนปิ่น,อำเภอฝาง,477.0,220.0,206.0,5.0,9.0,1.0,นายอดุลย์ บุญใส,ภูมิใจไทย,11.0,11,สิบเอ็ด,numeric_text_agree
อำเภอฝาง/ตำบลม่อนปิ่น/หน่วยเลือกตั้งที่ 6/สส. 5ทับ18.pdf,6,5.0,ตำบลม่อนปิ่น,อำเภอฝาง,477.0,220.0,206.0,5.0,9.0,2.0,นายสมดุลย์ อุดเจริญ,ประชาชน,87.0,87,แปดสิบเจ็ด,numeric_text_agree
อำเภอฝาง/ตำบลม่อนปิ่น/หน่วยเลือกตั้งที่ 6/สส. 5ทับ18.pdf,6,5.0,ตำบลม่อนปิ่น,อำเภอฝาง,477.0,220.0,206.0,5.0,9.0,3.0,นายเกรียงกมล ศรีมา,ประชาธิปัตย์,5.0,5,ห้า,numeric_text_agree
อำเภอฝาง/ตำบลม่อนปิ่น/หน่วยเลือกตั้งที่ 6/สส. 5ทับ18.pdf,6,5.0,ตำบลม่อนปิ่น,อำเภอฝาง,477.0,220.0,206.0,5.0,9.0,4.0,นายสันติ ตันสุทัศ,ก้าวอิสระ,2.0,2,สอง,numeric_text_agree
อำเภอฝาง/ตำบลม่อนปิ่น/หน่วยเลือกตั้งที่ 6/สส. 5ทับ18.pdf,6,5.0,ตำบลม่อนปิ่น,อำเภอฝาง,477.0,220.0,206.0,5.0,9.0,5.0,นายการุณย์ คูเจริญชัยกุล,กล้าธรรม,59.0,59,ห้าสิบเก้า,numeric_text_agree
อำเภอฝาง/ตำบลม่อนปิ่น/หน่วยเลือกตั้งที่ 6/สส. 5ทับ18.pdf,6,5.0,ตำบลม่อนปิ่น,อำเภอฝาง,477.0,220.0,206.0,5.0,9.0,6.0,นายนิกร วุฒินันชัย,เพื่อไทย,18.0,18,สิบแปด,numeric_text_agree
อำเภอฝาง/ตำบลม่อนปิ่น/หน่วยเลือกตั้งที่ 6/สส. 5ทับ18.pdf,6,5.0,ตำบลม่อนปิ่น,อำเภอฝาง,477.0,220.0,206.0,5.0,9.0,7.0,นายไกร ดาบธรรม,พลังประชารัฐ,15.0,15,สิบห้า,numeric_text_agree
อำเภอฝาง/ตำบลม่อนปิ่น/หน่วยเลือกตั้งที่ 6/สส. 5ทับ18.pdf,6,5.0,ตำบลม่อนปิ่น,อำเภอฝาง,477.0,220.0,206.0,5.0,9.0,8.0,นายพิสิณฑ์ อุปนันท์,เศรษฐกิจ,3.0,3,สาม,numeric_text_agree
อำเภอฝาง/ตำบลม่อนปิ่น/หน่วยเลือกตั้งที่ 6/สส. 5ทับ18.pdf,6,5.0,ตำบลม่อนปิ่น,อำเภอฝาง,477.0,220.0,206.0,5.0,9.0,9.0,นายชาญวิทยายุทธ์ อินทร์แก้ว,ประชากรไทย,3.0,3,สาม,numeric_text_agree
อำเภอฝาง/ตำบลม่อนปิ่น/หน่วยเลือกตั้งที่ 5/สส. 5ทับ18.pdf,5,5.0,ตำบลม่อนปิ่น,อำเภอฝาง,462.0,299.0,284.0,6.0,9.0,1.0,นายอดุลย์ บุญใส,ภูมิใจไทย,9.0,9,เก้า,numeric_text_agree
อำเภอฝาง/ตำบลม่อนปิ่น/หน่วยเลือกตั้งที่ 5/สส. 5ทับ18.pdf,5,5.0,ตำบลม่อนปิ่น,อำเภอฝาง,462.0,299.0,284.0,6.0,9.0,2.0,นายสมดุลย์ อุดเจริญ,ประชาชน,94.0,94,เก้าสิบสี่,numeric_text_agree
อำเภอฝาง/ตำบลม่อนปิ่น/หน่วยเลือกตั้งที่ 5/สส. 5ทับ18.pdf,5,5.0,ตำบลม่อนปิ่น,อำเภอฝาง,462.0,299.0,284.0,6.0,9.0,3.0,นายเกรียงกมล ศรีมา,ประชาธิปัตย์,1.0,1,หนึ่ง,numeric_text_agree
อำเภอฝาง/ตำบลม่อนปิ่น/หน่วยเลือกตั้งที่ 5/สส. 5ทับ18.pdf,5,5.0,ตำบลม่อนปิ่น,อำเภอฝาง,462.0,299.0,284.0,6.0,9.0,4.0,นายสันติ ตันสุข,ก้าวอิสระ,3.0,3,สาม,numeric_text_agree
อำเภอฝาง/ตำบลม่อนปิ่น/หน่วยเลือกตั้งที่ 5/สส. 5ทับ18.pdf,5,5.0,ตำบลม่อนปิ่น,อำเภอฝาง,462.0,299.0,284.0,6.0,9.0,5.0,นายการุณย์ คูเจริญชัยกุล,กล้าธรรม,49.0,49,สี่สิบเก้า,numeric_text_agree
อำเภอฝาง/ตำบลม่อนปิ่น/หน่วยเลือกตั้งที่ 5/สส. 5ทับ18.pdf,5,5.0,ตำบลม่อนปิ่น,อำเภอฝาง,462.0,299.0,284.0,6.0,9.0,6.0,นายนิธิกร วุฒินันชัย,เพื่อไทย,40.0,40,สี่สิบ,numeric_text_agree
อำเภอฝาง/ตำบลม่อนปิ่น/หน่วยเลือกตั้งที่ 5/สส. 5ทับ18.pdf,5,5.0,ตำบลม่อนปิ่น,อำเภอฝาง,462.0,299.0,284.0,6.0,9.0,7.0,นายไกร ดาบธรรม,พลังประชารัฐ,81.0,81,แปดสิบเอ็ด,numeric_text_agree
อำเภอฝาง/ตำบลม่อนปิ่น/หน่วยเลือกตั้งที่ 5/สส. 5ทับ18.pdf,5,5.0,ตำบลม่อนปิ่น,อำเภอฝาง,462.0,299.0,284.0,6.0,9.0,8.0,นายพิสิษฐ์ อุปนันท์,เศรษฐกิจ,1.0,1,หนึ่ง,numeric_text_agree
อำเภอฝาง/ตำบลม่อนปิ่น/หน่วยเลือกตั้งที่ 5/สส. 5ทับ18.pdf,5,5.0,ตำบลม่อนปิ่น,อำเภอฝาง,462.0,299.0,284.0,6.0,9.0,9.0,นายชาญวิทยายุทธ์ อินทร์แก้ว,ประชากรไทย,6.0,6,หก,numeric_text_agree
อำเภอฝาง/ตำบลม่อนปิ่น/หน่วยเลือกตั้งที่ 7/สส. 5ทับ18.pdf,7,6.0,ตำบลม่อนปิ่น,อำเภอฝาง,425.0,314.0,298.0,8.0,8.0,1.0,นายอดุลย์ บุญใส,ภูมิใจไทย,8.0,8,แปด,numeric_text_agree
อำเภอฝาง/ตำบลม่อนปิ่น/หน่วยเลือกตั้งที่ 7/สส. 5ทับ18.pdf,7,6.0,ตำบลม่อนปิ่น,อำเภอฝาง,425.0,314.0,298.0,8.0,8.0,2.0,นายสมดุลย์ อุดเจริญ,ประชาชน,61.0,61,หกสิบเอ็ด,numeric_text_agree
อำเภอฝาง/ตำบลม่อนปิ่น/หน่วยเลือกตั้งที่ 7/สส. 5ทับ18.pdf,7,6.0,ตำบลม่อนปิ่น,อำเภอฝาง,425.0,314.0,298.0,8.0,8.0,3.0,นายเกรียงกมล ศรีมา,ประชาธิปัตย์,1.0,1,หนึ่ง,numeric_text_agree
อำเภอฝาง/ตำบลม่อนปิ่น/หน่วยเลือกตั้งที่ 7/สส. 5ทับ18.pdf,7,6.0,ตำบลม่อนปิ่น,อำเภอฝาง,425.0,314.0,298.0,8.0,8.0,4.0,นายสันติ ตันสุข,ก้าวอิสระ,5.0,5,ห้า,numeric_text_agree
อำเภอฝาง/ตำบลม่อนปิ่น/หน่วยเลือกตั้งที่ 7/สส. 5ทับ18.pdf,7,6.0,ตำบลม่อนปิ่น,อำเภอฝาง,425.0,314.0,298.0,8.0,8.0,5.0,นายการุณย์ คูเจริญชัยกุล,กล้าธรรม,164.0,164,หนึ่งร้อยหกสิบสี่,numeric_text_agree
อำเภอฝาง/ตำบลม่อนปิ่น/หน่วยเลือกตั้งที่ 7/สส. 5ทับ18.pdf,7,6.0,ตำบลม่อนปิ่น,อำเภอฝาง,425.0,314.0,298.0,8.0,8.0,6.0,นายนิธิกร วุฒินันชัย,เพื่อไทย,36.0,36,สามสิบหก,numeric_text_agree
อำเภอฝาง/ตำบลม่อนปิ่น/หน่วยเลือกตั้งที่ 7/สส. 5ทับ18.pdf,7,6.0,ตำบลม่อนปิ่น,อำเภอฝาง,425.0,314.0,298.0,8.0,8.0,7.0,นายไกร ดาบธรรม,พลังประชารัฐ,19.0,19,สิบเก้า,numeric_text_agree
อำเภอฝาง/ตำบลม่อนปิ่น/หน่วยเลือกตั้งที่ 7/สส. 5ทับ18.pdf,7,6.0,ตำบลม่อนปิ่น,อำเภอฝาง,425.0,314.0,298.0,8.0,8.0,8.0,นายพิสิณห์ อุปนันท์,เศรษฐกิจ,4.0,4,สี่,numeric_text_agree
อำเภอฝาง/ตำบลม่อนปิ่น/หน่วยเลือกตั้งที่ 7/สส. 5ทับ18.pdf,7,6.0,ตำบลม่อนปิ่น,อำเภอฝาง,425.0,314.0,298.0,8.0,8.0,9.0,นายชาญวิทยายุทธ์ อินทร์แก้ว,ประชากรไทย,0.0,0,ศูนย์,numeric_only
อำเภอฝาง/ตำบลม่อนปิ่น/หน่วยเลือกตั้งที่ 9/สส. 5ทับ18.pdf,1,5.0,ตำบลม่อนปิ่น,อำเภอฝาง,356.0,286.0,271.0,4.0,11.0,1.0,นายอดุลย์ บุญใส,ภูมิใจไทย,4.0,4,สี่,numeric_text_agree
อำเภอฝาง/ตำบลม่อนปิ่น/หน่วยเลือกตั้งที่ 9/สส. 5ทับ18.pdf,1,5.0,ตำบลม่อนปิ่น,อำเภอฝาง,356.0,286.0,271.0,4.0,11.0,2.0,นายสมดุลย์ อุตเจริญ,ประชาชน,58.0,58,ห้าสิบแปด,numeric_text_agree
อำเภอฝาง/ตำบลม่อนปิ่น/หน่วยเลือกตั้งที่ 9/สส. 5ทับ18.pdf,1,5.0,ตำบลม่อนปิ่น,อำเภอฝาง,356.0,286.0,271.0,4.0,11.0,3.0,นายเกรียงกมล ศรีมา,ประชาธิปัตย์,1.0,1,หนึ่ง,numeric_text_agree
อำเภอฝาง/ตำบลม่อนปิ่น/หน่วยเลือกตั้งที่ 9/สส. 5ทับ18.pdf,1,5.0,ตำบลม่อนปิ่น,อำเภอฝาง,356.0,286.0,271.0,4.0,11.0,4.0,นายสันติ ตันสุขี,ก้าวอิสระ,2.0,2,สอง,numeric_text_agree
อำเภอฝาง/ตำบลม่อนปิ่น/หน่วยเลือกตั้งที่ 9/สส. 5ทับ18.pdf,1,5.0,ตำบลม่อนปิ่น,อำเภอฝาง,356.0,286.0,271.0,4.0,11.0,5.0,นายการุณย์ ภูเจริญชัยกุล,กล้าธรรม,156.0,156,หนึ่งร้อยห้าสิบหก,numeric_text_agree
อำเภอฝาง/ตำบลม่อนปิ่น/หน่วยเลือกตั้งที่ 9/สส. 5ทับ18.pdf,1,5.0,ตำบลม่อนปิ่น,อำเภอฝาง,356.0,286.0,271.0,4.0,11.0,6.0,นายนิกร วุฒินันชัย,เพื่อไทย,18.0,18,สิบแปด,numeric_text_agree
อำเภอฝาง/ตำบลม่อนปิ่น/หน่วยเลือกตั้งที่ 9/สส. 5ทับ18.pdf,1,5.0,ตำบลม่อนปิ่น,อำเภอฝาง,356.0,286.0,271.0,4.0,11.0,7.0,นายไกร ดาบธรรม,พลังประชารัฐ,24.0,24,ยี่สิบสี่,numeric_text_agree
อำเภอฝาง/ตำบลม่อนปิ่น/หน่วยเลือกตั้งที่ 9/สส. 5ทับ18.pdf,1,5.0,ตำบลม่อนปิ่น,อำเภอฝาง,356.0,286.0,271.0,4.0,11.0,8.0,นายพิสิณฑ์ อุปนันท์,เศรษฐกิจ,4.0,4,สี่,numeric_text_agree
อำเภอฝาง/ตำบลม่อนปิ่น/หน่วยเลือกตั้งที่ 9/สส. 5ทับ18.pdf,1,5.0,ตำบลม่อนปิ่น,อำเภอฝาง,356.0,286.0,271.0,4.0,11.0,9.0,นายชาญวิทยายุทธ อินทร์แก้ว,ประชากรไทย,4.0,4,สี่,numeric_text_agree
อำเภอฝาง/ตำบลม่อนปิ่น/หน่วยเลือกตั้งที่ 20/สส. 5ทับ18.pdf,20,16.0,ตำบลม่อนปิ่น,อำเภอฝาง,264.0,188.0,176.0,10.0,2.0,1.0,นายอดุลย์ บุญใส,ภูมิใจไทย,1.0,1,หนึ่ง,numeric_text_agree
อำเภอฝาง/ตำบลม่อนปิ่น/หน่วยเลือกตั้งที่ 20/สส. 5ทับ18.pdf,20,16.0,ตำบลม่อนปิ่น,อำเภอฝาง,264.0,188.0,176.0,10.0,2.0,2.0,นายสมดุลย์ อุดเจริญ,ประชาชน,32.0,32,สามสิบสอง,numeric_text_agree
อำเภอฝาง/ตำบลม่อนปิ่น/หน่วยเลือกตั้งที่ 20/สส. 5ทับ18.pdf,20,16.0,ตำบลม่อนปิ่น,อำเภอฝาง,264.0,188.0,176.0,10.0,2.0,3.0,นายเกรียงกมล ศรีมา,ประชาธิปัตย์,2.0,2,สอง,numeric_text_agree
อำเภอฝาง/ตำบลม่อนปิ่น/หน่วยเลือกตั้งที่ 20/สส. 5ทับ18.pdf,20,16.0,ตำบลม่อนปิ่น,อำเภอฝาง,264.0,188.0,176.0,10.0,2.0,4.0,นายสันติ ตันสุขขี,ก้าวอิสระ,1.0,1,หนึ่ง,numeric_text_agree
อำเภอฝาง/ตำบลม่อนปิ่น/หน่วยเลือกตั้งที่ 20/สส. 5ทับ18.pdf,20,16.0,ตำบลม่อนปิ่น,อำเภอฝาง,264.0,188.0,176.0,10.0,2.0,5.0,นายการุณย์ คูเจริญชัยกุล,กล้าธรรม,116.0,116,หนึ่งร้อยสิบหก,numeric_text_agree
อำเภอฝาง/ตำบลม่อนปิ่น/หน่วยเลือกตั้งที่ 20/สส. 5ทับ18.pdf,20,16.0,ตำบลม่อนปิ่น,อำเภอฝาง,264.0,188.0,176.0,10.0,2.0,6.0,นายนิธิกร วุฒินันชัย,เพื่อไทย,6.0,6,หก,numeric_text_agree
อำเภอฝาง/ตำบลม่อนปิ่น/หน่วยเลือกตั้งที่ 20/สส. 5ทับ18.pdf,20,16.0,ตำบลม่อนปิ่น,อำเภอฝาง,264.0,188.0,176.0,10.0,2.0,7.0,นายไกร ดาบธรรม,พลังประชารัฐ,19.0,19,สิบเก้า,numeric_text_agree
อำเภอฝาง/ตำบลม่อนปิ่น/หน่วยเลือกตั้งที่ 20/สส. 5ทับ18.pdf,20,16.0,ตำบลม่อนปิ่น,อำเภอฝาง,264.0,188.0,176.0,10.0,2.0,8.0,นายพิสิณห์ อุปนันท์,เศรษฐกิจ,0.0,0,ศูนย์,numeric_only
อำเภอฝาง/ตำบลม่อนปิ่น/หน่วยเลือกตั้งที่ 20/สส. 5ทับ18.pdf,20,16.0,ตำบลม่อนปิ่น,อำเภอฝาง,264.0,188.0,176.0,10.0,2.0,9.0,นายชาญวิทยายุทธ์ อินทร์แก้ว,ประชากรไทย,0.0,0,ศูนย์,numeric_only
อำเภอฝาง/ตำบลม่อนปิ่น/หน่วยเลือกตั้งที่ 3/สส. 5ทับ18.pdf,3,3.0,ตำบลม่อนปิ่น,อำเภอฝาง,636.0,455.0,442.0,9.0,4.0,1.0,นายอดุลย์ บุญใส,ภูมิใจไทย,8.0,8,แปด,numeric_text_agree
อำเภอฝาง/ตำบลม่อนปิ่น/หน่วยเลือกตั้งที่ 3/สส. 5ทับ18.pdf,3,3.0,ตำบลม่อนปิ่น,อำเภอฝาง,636.0,455.0,442.0,9.0,4.0,2.0,นายสมดุลย์ อุตเจริญ,ประชาชน,89.0,89,แปดสิบเก้า,numeric_text_agree
อำเภอฝาง/ตำบลม่อนปิ่น/หน่วยเลือกตั้งที่ 3/สส. 5ทับ18.pdf,3,3.0,ตำบลม่อนปิ่น,อำเภอฝาง,636.0,455.0,442.0,9.0,4.0,3.0,นายเกรียงกมล ศรีมา,ประชาธิปัตย์,2.0,2,สอง,numeric_text_agree
อำเภอฝาง/ตำบลม่อนปิ่น/หน่วยเลือกตั้งที่ 3/สส. 5ทับ18.pdf,3,3.0,ตำบลม่อนปิ่น,อำเภอฝาง,636.0,455.0,442.0,9.0,4.0,4.0,นายสันติ ตันสุขหู,ก้าวอิสระ,3.0,3,สาม,numeric_text_agree
อำเภอฝาง/ตำบลม่อนปิ่น/หน่วยเลือกตั้งที่ 3/สส. 5ทับ18.pdf,3,3.0,ตำบลม่อนปิ่น,อำเภอฝาง,636.0,455.0,442.0,9.0,4.0,5.0,นายการุณย์ คูเจริญชัยกุล,กล้าธรรม,216.0,216,สองร้อยสิบหก,numeric_text_agree
อำเภอฝาง/ตำบลม่อนปิ่น/หน่วยเลือกตั้งที่ 3/สส. 5ทับ18.pdf,3,3.0,ตำบลม่อนปิ่น,อำเภอฝาง,636.0,455.0,442.0,9.0,4.0,6.0,นายนิธิกร วุฒินันชัย,เพื่อไทย,66.0,66,หกสิบหก,numeric_text_agree
อำเภอฝาง/ตำบลม่อนปิ่น/หน่วยเลือกตั้งที่ 3/สส. 5ทับ18.pdf,3,3.0,ตำบลม่อนปิ่น,อำเภอฝาง,636.0,455.0,442.0,9.0,4.0,7.0,นายไกร ดาบธรรม,พลังประชารัฐ,50.0,50,ห้าสิบ,numeric_text_agree
อำเภอฝาง/ตำบลม่อนปิ่น/หน่วยเลือกตั้งที่ 3/สส. 5ทับ18.pdf,3,3.0,ตำบลม่อนปิ่น,อำเภอฝาง,636.0,455.0,442.0,9.0,4.0,8.0,นายพิสิณห์ อุปนันท์,เศรษฐกิจ,7.0,7,เจ็ด,numeric_text_agree
อำเภอฝาง/ตำบลม่อนปิ่น/หน่วยเลือกตั้งที่ 3/สส. 5ทับ18.pdf,3,3.0,ตำบลม่อนปิ่น,อำเภอฝาง,636.0,455.0,442.0,9.0,4.0,9.0,นายชาญวิทยายุทธ์ อินทร์แก้ว,ประชากรไทย,1.0,1,หนึ่ง,numeric_text_agree
อำเภอฝาง/ตำบลม่อนปิ่น/หน่วยเลือกตั้งที่ 4/สส. 5ทับ18.pdf,4,4.0,ตำบลม่อนปิ่น,อำเภอฝาง,187.0,135.0,130.0,3.0,2.0,1.0,นายอดุลย์ บุญใส,ภูมิใจไทย,,,,missing
อำเภอฝาง/ตำบลม่อนปิ่น/หน่วยเลือกตั้งที่ 4/สส. 5ทับ18.pdf,4,4.0,ตำบลม่อนปิ่น,อำเภอฝาง,187.0,135.0,130.0,3.0,2.0,2.0,นายสมดุลย์ อุดเจริญ,ประชาชน,30.0,30,สามสิบ,numeric_text_agree
อำเภอฝาง/ตำบลม่อนปิ่น/หน่วยเลือกตั้งที่ 4/สส. 5ทับ18.pdf,4,4.0,ตำบลม่อนปิ่น,อำเภอฝาง,187.0,135.0,130.0,3.0,2.0,3.0,นายเกรียงกมล ศรีมา,ประชาธิปัตย์,,,,missing
อำเภอฝาง/ตำบลม่อนปิ่น/หน่วยเลือกตั้งที่ 4/สส. 5ทับ18.pdf,4,4.0,ตำบลม่อนปิ่น,อำเภอฝาง,187.0,135.0,130.0,3.0,2.0,4.0,นายสันติ ตันสุข,ก้าวอิสระ,2.0,2,สอง,numeric_text_agree
อำเภอฝาง/ตำบลม่อนปิ่น/หน่วยเลือกตั้งที่ 4/สส. 5ทับ18.pdf,4,4.0,ตำบลม่อนปิ่น,อำเภอฝาง,187.0,135.0,130.0,3.0,2.0,5.0,นายการุณย์ คูเจริญยุกุล,กล้าธรรม,83.0,83,แปดสิบสาม,numeric_text_agree
อำเภอฝาง/ตำบลม่อนปิ่น/หน่วยเลือกตั้งที่ 4/สส. 5ทับ18.pdf,4,4.0,ตำบลม่อนปิ่น,อำเภอฝาง,187.0,135.0,130.0,3.0,2.0,6.0,นายนิกร วุฒิขันชัย,เพื่อไทย,2.0,2,สอง,numeric_text_agree
อำเภอฝาง/ตำบลม่อนปิ่น/หน่วยเลือกตั้งที่ 4/สส. 5ทับ18.pdf,4,4.0,ตำบลม่อนปิ่น,อำเภอฝาง,187.0,135.0,130.0,3.0,2.0,7.0,นายไกร ดาบธรรม,พลังประชารัฐ,11.0,11,สิบเอ็ด,numeric_text_agree
อำเภอฝาง/ตำบลม่อนปิ่น/หน่วยเลือกตั้งที่ 4/สส. 5ทับ18.pdf,4,4.0,ตำบลม่อนปิ่น,อำเภอฝาง,187.0,135.0,130.0,3.0,2.0,8.0,นายพิสิษฐ์ อุปนันท์,เศรษฐกิจ,2.0,2,สอง,numeric_text_agree
อำเภอฝาง/ตำบลม่อนปิ่น/หน่วยเลือกตั้งที่ 4/สส. 5ทับ18.pdf,4,4.0,ตำบลม่อนปิ่น,อำเภอฝาง,187.0,135.0,130.0,3.0,2.0,9.0,นายชาญวิทยายุทธ์ อินทร์แก้ว,ประชากรไทย,,,,missing
อำเภอฝาง/ตำบลม่อนปิ่น/หน่วยเลือกตั้งที่ 17/สส. 5ทับ18.pdf,17,14.0,ตำบลม่อนปิ่น,อำเภอฝาง,662.0,499.0,470.0,26.0,3.0,1.0,นายอดุลย์ บุญใส,ภูมิใจไทย,12.0,12,สิบสอง,numeric_text_agree
อำเภอฝาง/ตำบลม่อนปิ่น/หน่วยเลือกตั้งที่ 17/สส. 5ทับ18.pdf,17,14.0,ตำบลม่อนปิ่น,อำเภอฝาง,662.0,499.0,470.0,26.0,3.0,2.0,นายสมดุลย์ อุดเจริญ,ประชาชน,84.0,84,แปดสิบสี่,numeric_text_agree
อำเภอฝาง/ตำบลม่อนปิ่น/หน่วยเลือกตั้งที่ 17/สส. 5ทับ18.pdf,17,14.0,ตำบลม่อนปิ่น,อำเภอฝาง,662.0,499.0,470.0,26.0,3.0,3.0,นายเกรียงกมล ศรีมา,ประชาธิปัตย์,4.0,4,สี่,numeric_text_agree
อำเภอฝาง/ตำบลม่อนปิ่น/หน่วยเลือกตั้งที่ 17/สส. 5ทับ18.pdf,17,14.0,ตำบลม่อนปิ่น,อำเภอฝาง,662.0,499.0,470.0,26.0,3.0,4.0,นายสันติ ตันสุหัช,ก้าวอิสระ,4.0,4,สี่,numeric_text_agree
อำเภอฝาง/ตำบลม่อนปิ่น/หน่วยเลือกตั้งที่ 17/สส. 5ทับ18.pdf,17,14.0,ตำบลม่อนปิ่น,อำเภอฝาง,662.0,499.0,470.0,26.0,3.0,5.0,นายการุณย์ คูเจริญชัยกุล,กล้าธรรม,202.0,202,สองร้อยสอง,numeric_text_agree
อำเภอฝาง/ตำบลม่อนปิ่น/หน่วยเลือกตั้งที่ 17/สส. 5ทับ18.pdf,17,14.0,ตำบลม่อนปิ่น,อำเภอฝาง,662.0,499.0,470.0,26.0,3.0,6.0,นายนิธิกร วุฒินันชัย,เพื่อไทย,115.0,115,หนึ่งร้อยสิบห้า,numeric_text_agree
อำเภอฝาง/ตำบลม่อนปิ่น/หน่วยเลือกตั้งที่ 17/สส. 5ทับ18.pdf,17,14.0,ตำบลม่อนปิ่น,อำเภอฝาง,662.0,499.0,470.0,26.0,3.0,7.0,นายไกร ดาบธรรม,พลังประชารัฐ,41.0,41,สี่สิบเอ็ด,numeric_text_agree
อำเภอฝาง/ตำบลม่อนปิ่น/หน่วยเลือกตั้งที่ 17/สส. 5ทับ18.pdf,17,14.0,ตำบลม่อนปิ่น,อำเภอฝาง,662.0,499.0,470.0,26.0,3.0,8.0,นายพิสัณห์ อุปนันท์,เศรษฐกิจ,0.0,0,ศูนย์,numeric_only
อำเภอฝาง/ตำบลม่อนปิ่น/หน่วยเลือกตั้งที่ 17/สส. 5ทับ18.pdf,17,14.0,ตำบลม่อนปิ่น,อำเภอฝาง,662.0,499.0,470.0,26.0,3.0,9.0,นายชาญวิทยายุทธ์ อินทร์แก้ว,ประชากรไทย,8.0,8,แปด,numeric_text_agree
อำเภอฝาง/ตำบลม่อนปิ่น/หน่วยเลือกตั้งที่ 16/สส. 5ทับ18.pdf,16,13.0,ตำบลม่อนปิ่น,อำเภอฝาง,245.0,192.0,176.0,10.0,6.0,1.0,นายอดุลย์ บุญใส,ภูมิใจไทย,4.0,4,สี่,numeric_text_agree
อำเภอฝาง/ตำบลม่อนปิ่น/หน่วยเลือกตั้งที่ 16/สส. 5ทับ18.pdf,16,13.0,ตำบลม่อนปิ่น,อำเภอฝาง,245.0,192.0,176.0,10.0,6.0,2.0,นายสมดุลย์ อุดเจริญ,ประชาชน,43.0,43,สี่สิบสาม,numeric_text_agree
อำเภอฝาง/ตำบลม่อนปิ่น/หน่วยเลือกตั้งที่ 16/สส. 5ทับ18.pdf,16,13.0,ตำบลม่อนปิ่น,อำเภอฝาง,245.0,192.0,176.0,10.0,6.0,3.0,นายเกรียงกมล ศรีมา,ประชาธิปัตย์,0.0,0,ศูนย์,numeric_only
อำเภอฝาง/ตำบลม่อนปิ่น/หน่วยเลือกตั้งที่ 16/สส. 5ทับ18.pdf,16,13.0,ตำบลม่อนปิ่น,อำเภอฝาง,245.0,192.0,176.0,10.0,6.0,4.0,นายสันติ ตันสุขา,ก้าวอิสระ,1.0,1,หนึ่ง,numeric_text_agree
อำเภอฝาง/ตำบลม่อนปิ่น/หน่วยเลือกตั้งที่ 16/สส. 5ทับ18.pdf,16,13.0,ตำบลม่อนปิ่น,อำเภอฝาง,245.0,192.0,176.0,10.0,6.0,5.0,นายกาณฑ์ ภูเจริญชัยกุล,กล้าธรรม,80.0,80,แปดสิบ,numeric_text_agree
อำเภอฝาง/ตำบลม่อนปิ่น/หน่วยเลือกตั้งที่ 16/สส. 5ทับ18.pdf,16,13.0,ตำบลม่อนปิ่น,อำเภอฝาง,245.0,192.0,176.0,10.0,6.0,6.0,นายนิกร วุฒิบัณฑัย,เพื่อไทย,12.0,12,สิบสอง,numeric_text_agree
อำเภอฝาง/ตำบลม่อนปิ่น/หน่วยเลือกตั้งที่ 16/สส. 5ทับ18.pdf,16,13.0,ตำบลม่อนปิ่น,อำเภอฝาง,245.0,192.0,176.0,10.0,6.0,7.0,นายไกร ดาบธรรม,พลังประชารัฐ,33.0,33,สามสิบสาม,numeric_text_agree
อำเภอฝาง/ตำบลม่อนปิ่น/หน่วยเลือกตั้งที่ 16/สส. 5ทับ18.pdf,16,13.0,ตำบลม่อนปิ่น,อำเภอฝาง,245.0,192.0,176.0,10.0,6.0,8.0,นายพิสิณฑ์ อุปนันท์,เศรษฐกิจ,3.0,3,สาม,numeric_text_agree
อำเภอฝาง/ตำบลม่อนปิ่น/หน่วยเลือกตั้งที่ 16/สส. 5ทับ18.pdf,16,13.0,ตำบลม่อนปิ่น,อำเภอฝาง,245.0,192.0,176.0,10.0,6.0,9.0,นายชาญวิทยายุทธ อินทร์แก้ว,ประชากรไทย,0.0,0,ศูนย์,numeric_only
อำเภอฝาง/ตำบลม่อนปิ่น/หน่วยเลือกตั้งที่ 14/สส. 5ทับ18.pdf,14,11.0,ตำบลม่อนปิ่น,อำเภอฝาง,657.0,433.0,397.0,35.0,1.0,1.0,นายอดุลย์ บุญใส,ภูมิใจไทย,16.0,16,สิบหก,numeric_text_agree
อำเภอฝาง/ตำบลม่อนปิ่น/หน่วยเลือกตั้งที่ 14/สส. 5ทับ18.pdf,14,11.0,ตำบลม่อนปิ่น,อำเภอฝาง,657.0,433.0,397.0,35.0,1.0,2.0,นายสมดุลย์ อุดเจริญ,ประชาชน,19.0,19,สิบเก้า,numeric_text_agree
อำเภอฝาง/ตำบลม่อนปิ่น/หน่วยเลือกตั้งที่ 14/สส. 5ทับ18.pdf,14,11.0,ตำบลม่อนปิ่น,อำเภอฝาง,657.0,433.0,397.0,35.0,1.0,3.0,นายเกรียงกมล ศรีมา,ประชาธิปัตย์,1.0,1,หนึ่ง,numeric_text_agree
อำเภอฝาง/ตำบลม่อนปิ่น/หน่วยเลือกตั้งที่ 14/สส. 5ทับ18.pdf,14,11.0,ตำบลม่อนปิ่น,อำเภอฝาง,657.0,433.0,397.0,35.0,1.0,4.0,นายสันติ ตันสุห้อ,ก้าวอิสระ,4.0,4,สี่,numeric_text_agree
อำเภอฝาง/ตำบลม่อนปิ่น/หน่วยเลือกตั้งที่ 14/สส. 5ทับ18.pdf,14,11.0,ตำบลม่อนปิ่น,อำเภอฝาง,657.0,433.0,397.0,35.0,1.0,5.0,นายการุณย์ คูเจริญชัยกุล,กล้าธรรม,161.0,161,หนึ่งร้อยหกสิบเอ็ด,numeric_text_agree
อำเภอฝาง/ตำบลม่อนปิ่น/หน่วยเลือกตั้งที่ 14/สส. 5ทับ18.pdf,14,11.0,ตำบลม่อนปิ่น,อำเภอฝาง,657.0,433.0,397.0,35.0,1.0,6.0,นายนิธิกร วุฒินันชัย,เพื่อไทย,97.0,97,เก้าสิบเจ็ด,numeric_text_agree
อำเภอฝาง/ตำบลม่อนปิ่น/หน่วยเลือกตั้งที่ 14/สส. 5ทับ18.pdf,14,11.0,ตำบลม่อนปิ่น,อำเภอฝาง,657.0,433.0,397.0,35.0,1.0,7.0,นายไกร ดาบธรรม,พลังประชารัฐ,93.0,93,เก้าสิบสาม,numeric_text_agree
อำเภอฝาง/ตำบลม่อนปิ่น/หน่วยเลือกตั้งที่ 14/สส. 5ทับ18.pdf,14,11.0,ตำบลม่อนปิ่น,อำเภอฝาง,657.0,433.0,397.0,35.0,1.0,8.0,นายพิสิณห์ อุปนันท์,เศรษฐกิจ,2.0,2,สอง,numeric_text_agree
อำเภอฝาง/ตำบลม่อนปิ่น/หน่วยเลือกตั้งที่ 14/สส. 5ทับ18.pdf,14,11.0,ตำบลม่อนปิ่น,อำเภอฝาง,657.0,433.0,397.0,35.0,1.0,9.0,นายชาญวิทยายุทธ์ อินทร์แก้ว,ประชากรไทย,4.0,4,สี่,numeric_text_agree
อำเภอฝาง/ตำบลม่อนปิ่น/หน่วยเลือกตั้งที่ 18/สส. 5ทับ18.pdf,19,15.0,ตำบลม่อนปิ่น,อำเภอฝาง,528.0,300.0,283.0,17.0,,1.0,นายอดุลย์ บุญใส,ภูมิใจไทย,36.0,36,สามสิบหก,numeric_text_agree
อำเภอฝาง/ตำบลม่อนปิ่น/หน่วยเลือกตั้งที่ 18/สส. 5ทับ18.pdf,19,15.0,ตำบลม่อนปิ่น,อำเภอฝาง,528.0,300.0,283.0,17.0,,2.0,นายสมดุลย์ อุดเจริญ,ประชาชน,32.0,32,สามสิบสอง,numeric_text_agree
อำเภอฝาง/ตำบลม่อนปิ่น/หน่วยเลือกตั้งที่ 18/สส. 5ทับ18.pdf,19,15.0,ตำบลม่อนปิ่น,อำเภอฝาง,528.0,300.0,283.0,17.0,,3.0,นายเกรียงกมล ศรีมา,ประชาธิปัตย์,1.0,1,หนึ่ง,numeric_text_agree
อำเภอฝาง/ตำบลม่อนปิ่น/หน่วยเลือกตั้งที่ 18/สส. 5ทับ18.pdf,19,15.0,ตำบลม่อนปิ่น,อำเภอฝาง,528.0,300.0,283.0,17.0,,4.0,นายสันติ ตันสุข,ก้าวอิสระ,6.0,6,หก,numeric_text_agree
อำเภอฝาง/ตำบลม่อนปิ่น/หน่วยเลือกตั้งที่ 18/สส. 5ทับ18.pdf,19,15.0,ตำบลม่อนปิ่น,อำเภอฝาง,528.0,300.0,283.0,17.0,,5.0,นายการุณย์ ภูเจริญชัยกุล,กล้าธรรม,24.0,24,ยี่สิบสี่,numeric_text_agree
อำเภอฝาง/ตำบลม่อนปิ่น/หน่วยเลือกตั้งที่ 18/สส. 5ทับ18.pdf,19,15.0,ตำบลม่อนปิ่น,อำเภอฝาง,528.0,300.0,283.0,17.0,,6.0,นายนิกร วุฒินันชัย,เพื่อไทย,45.0,45,สี่สิบห้า,numeric_text_agree
อำเภอฝาง/ตำบลม่อนปิ่น/หน่วยเลือกตั้งที่ 18/สส. 5ทับ18.pdf,19,15.0,ตำบลม่อนปิ่น,อำเภอฝาง,528.0,300.0,283.0,17.0,,7.0,นายไกร ดาบธรรม,พลังประชารัฐ,79.0,79,เจ็ดสิบเก้า,numeric_text_agree
อำเภอฝาง/ตำบลม่อนปิ่น/หน่วยเลือกตั้งที่ 18/สส. 5ทับ18.pdf,19,15.0,ตำบลม่อนปิ่น,อำเภอฝาง,528.0,300.0,283.0,17.0,,8.0,นายพิสิษฐ์ อุปนันท์,เศรษฐกิจ,0.0,0,ศูนย์,numeric_only
อำเภอฝาง/ตำบลม่อนปิ่น/หน่วยเลือกตั้งที่ 18/สส. 5ทับ18.pdf,19,15.0,ตำบลม่อนปิ่น,อำเภอฝาง,528.0,300.0,283.0,17.0,,9.0,นายชาญวิทยายุทธ์ อินทร์แก้ว,ประชากรไทย,0.0,0,ศูนย์,numeric_only
อำเภอฝาง/ตำบลม่อนปิ่น/หน่วยเลือกตั้งที่ 15/สส. 5ทับ18.pdf,15,12.0,ตำบลม่อนปิ่น,อำเภอฝาง,461.0,351.0,332.0,5.0,12.0,1.0,นายอดุลย์ บุญใส,ภูมิใจไทย,8.0,8,แปด,numeric_text_agree
อำเภอฝาง/ตำบลม่อนปิ่น/หน่วยเลือกตั้งที่ 15/สส. 5ทับ18.pdf,15,12.0,ตำบลม่อนปิ่น,อำเภอฝาง,461.0,351.0,332.0,5.0,12.0,2.0,นายสมดุลย์ อุดเจริญ,ประชาชน,62.0,62,หกสิบสอง,numeric_text_agree
อำเภอฝาง/ตำบลม่อนปิ่น/หน่วยเลือกตั้งที่ 15/สส. 5ทับ18.pdf,15,12.0,ตำบลม่อนปิ่น,อำเภอฝาง,461.0,351.0,332.0,5.0,12.0,3.0,นายเกรียงกมล ศรีมา,ประชาธิปัตย์,3.0,3,สาม,numeric_text_agree
อำเภอฝาง/ตำบลม่อนปิ่น/หน่วยเลือกตั้งที่ 15/สส. 5ทับ18.pdf,15,12.0,ตำบลม่อนปิ่น,อำเภอฝาง,461.0,351.0,332.0,5.0,12.0,4.0,นายสันติ ตันสุขชัย,ก้าวอิสระ,1.0,1,หนึ่ง,numeric_text_agree
อำเภอฝาง/ตำบลม่อนปิ่น/หน่วยเลือกตั้งที่ 15/สส. 5ทับ18.pdf,15,12.0,ตำบลม่อนปิ่น,อำเภอฝาง,461.0,351.0,332.0,5.0,12.0,5.0,นายการุณย์ คูเจริญชัยกุล,กล้าธรรม,171.0,171,หนึ่งร้อยเจ็ดสิบเอ็ด,numeric_text_agree
อำเภอฝาง/ตำบลม่อนปิ่น/หน่วยเลือกตั้งที่ 15/สส. 5ทับ18.pdf,15,12.0,ตำบลม่อนปิ่น,อำเภอฝาง,461.0,351.0,332.0,5.0,12.0,6.0,นายนิธิกร วุฒินันชัย,เพื่อไทย,23.0,23,ยี่สิบสาม,numeric_text_agree
อำเภอฝาง/ตำบลม่อนปิ่น/หน่วยเลือกตั้งที่ 15/สส. 5ทับ18.pdf,15,12.0,ตำบลม่อนปิ่น,อำเภอฝาง,461.0,351.0,332.0,5.0,12.0,7.0,นายไกร ดาบธรรม,พลังประชารัฐ,21.0,21,ยี่สิบเอ็ด,numeric_text_agree
อำเภอฝาง/ตำบลม่อนปิ่น/หน่วยเลือกตั้งที่ 15/สส. 5ทับ18.pdf,15,12.0,ตำบลม่อนปิ่น,อำเภอฝาง,461.0,351.0,332.0,5.0,12.0,8.0,นายพิสิณท์ อุปนันท์,เศรษฐกิจ,3.0,3,สาม,numeric_text_agree
อำเภอฝาง/ตำบลม่อนปิ่น/หน่วยเลือกตั้งที่ 15/สส. 5ทับ18.pdf,15,12.0,ตำบลม่อนปิ่น,อำเภอฝาง,461.0,351.0,332.0,5.0,12.0,9.0,นายชาญวิทยายุทธ์ อินทร์แก้ว,ประชากรไทย,2.0,2,สอง,numeric_text_agree
อำเภอฝาง/ตำบลม่อนปิ่น/หน่วยเลือกตั้งที่ 12/สส. 5ทับ18.pdf,12,10.0,ตำบลม่อนปิ่น,อำเภอฝาง,463.0,319.0,279.0,26.0,14.0,1.0,นายอดุลย์ บุญใส,ภูมิใจไทย,9.0,9,เก้า,numeric_text_agree
อำเภอฝาง/ตำบลม่อนปิ่น/หน่วยเลือกตั้งที่ 12/สส. 5ทับ18.pdf,12,10.0,ตำบลม่อนปิ่น,อำเภอฝาง,463.0,319.0,279.0,26.0,14.0,2.0,นายสมดุลย์ อุดเจริญ,ประชาชน,57.0,57,ห้าสิบเจ็ด,numeric_text_agree
อำเภอฝาง/ตำบลม่อนปิ่น/หน่วยเลือกตั้งที่ 12/สส. 5ทับ18.pdf,12,10.0,ตำบลม่อนปิ่น,อำเภอฝาง,463.0,319.0,279.0,26.0,14.0,3.0,นายเกรียงกมล ศรีมา,ประชาธิปัตย์,2.0,2,สอง,numeric_text_agree
อำเภอฝาง/ตำบลม่อนปิ่น/หน่วยเลือกตั้งที่ 12/สส. 5ทับ18.pdf,12,10.0,ตำบลม่อนปิ่น,อำเภอฝาง,463.0,319.0,279.0,26.0,14.0,4.0,นายสันติ ตันสุข,ก้าวอิสระ,1.0,1,หนึ่ง,numeric_text_agree
อำเภอฝาง/ตำบลม่อนปิ่น/หน่วยเลือกตั้งที่ 12/สส. 5ทับ18.pdf,12,10.0,ตำบลม่อนปิ่น,อำเภอฝาง,463.0,319.0,279.0,26.0,14.0,5.0,นายการุณย์ คูเจริญชัยกุล,กล้าธรรม,98.0,98,เก้าสิบแปด,numeric_text_agree
อำเภอฝาง/ตำบลม่อนปิ่น/หน่วยเลือกตั้งที่ 12/สส. 5ทับ18.pdf,12,10.0,ตำบลม่อนปิ่น,อำเภอฝาง,463.0,319.0,279.0,26.0,14.0,6.0,นายนิธิกร วุฒินันชัย,เพื่อไทย,82.0,82,แปดสิบสอง,numeric_text_agree
อำเภอฝาง/ตำบลม่อนปิ่น/หน่วยเลือกตั้งที่ 12/สส. 5ทับ18.pdf,12,10.0,ตำบลม่อนปิ่น,อำเภอฝาง,463.0,319.0,279.0,26.0,14.0,7.0,นายไกร ดาบธรรม,พลังประชารัฐ,25.0,25,ยี่สิบห้า,numeric_text_agree
อำเภอฝาง/ตำบลม่อนปิ่น/หน่วยเลือกตั้งที่ 12/สส. 5ทับ18.pdf,12,10.0,ตำบลม่อนปิ่น,อำเภอฝาง,463.0,319.0,279.0,26.0,14.0,8.0,นายพิสัณห์ อุปนันท์,เศรษฐกิจ,4.0,4,สี่,numeric_text_agree
อำเภอฝาง/ตำบลม่อนปิ่น/หน่วยเลือกตั้งที่ 12/สส. 5ทับ18.pdf,12,10.0,ตำบลม่อนปิ่น,อำเภอฝาง,463.0,319.0,279.0,26.0,14.0,9.0,นายชาญวิทยายุทธ อินทร์แก้ว,ประชากรไทย,1.0,1,หนึ่ง,numeric_text_agree
อำเภอฝาง/ตำบลม่อนปิ่น/หน่วยเลือกตั้งที่ 11/สส. 5ทับ18.pdf,11,9.0,ตำบลม่อนปิ่น,อำเภอฝาง,429.0,273.0,262.0,6.0,5.0,1.0,นายอดุลย์ บุญใส,ภูมิใจไทย,6.0,6,หก,numeric_text_agree
อำเภอฝาง/ตำบลม่อนปิ่น/หน่วยเลือกตั้งที่ 11/สส. 5ทับ18.pdf,11,9.0,ตำบลม่อนปิ่น,อำเภอฝาง,429.0,273.0,262.0,6.0,5.0,2.0,นายสมดุลย์ อุดเจริญ,ประชาชน,109.0,109,หนึ่งร้อยเก้า,numeric_text_agree
อำเภอฝาง/ตำบลม่อนปิ่น/หน่วยเลือกตั้งที่ 11/สส. 5ทับ18.pdf,11,9.0,ตำบลม่อนปิ่น,อำเภอฝาง,429.0,273.0,262.0,6.0,5.0,3.0,นายเกรียงกมล ศรีมา,ประชาธิปัตย์,2.0,2,สอง,numeric_text_agree
อำเภอฝาง/ตำบลม่อนปิ่น/หน่วยเลือกตั้งที่ 11/สส. 5ทับ18.pdf,11,9.0,ตำบลม่อนปิ่น,อำเภอฝาง,429.0,273.0,262.0,6.0,5.0,4.0,นายสันติ ตันสุข,ก้าวอิสระ,5.0,5,ห้า,numeric_text_agree
อำเภอฝาง/ตำบลม่อนปิ่น/หน่วยเลือกตั้งที่ 11/สส. 5ทับ18.pdf,11,9.0,ตำบลม่อนปิ่น,อำเภอฝาง,429.0,273.0,262.0,6.0,5.0,5.0,นายกาญจน์ คูเจริญชัยกุล,กล้าธรรม,68.0,68,หกสิบแปด,numeric_text_agree
อำเภอฝาง/ตำบลม่อนปิ่น/หน่วยเลือกตั้งที่ 11/สส. 5ทับ18.pdf,11,9.0,ตำบลม่อนปิ่น,อำเภอฝาง,429.0,273.0,262.0,6.0,5.0,6.0,นายนิธิกร วุฒินันชัย,เพื่อไทย,42.0,42,สี่สิบสอง,numeric_text_agree
อำเภอฝาง/ตำบลม่อนปิ่น/หน่วยเลือกตั้งที่ 11/สส. 5ทับ18.pdf,11,9.0,ตำบลม่อนปิ่น,อำเภอฝาง,429.0,273.0,262.0,6.0,5.0,7.0,นายไกร ดาบธรรม,พลังประชารัฐ,22.0,22,ยี่สิบสอง,numeric_text_agree
อำเภอฝาง/ตำบลม่อนปิ่น/หน่วยเลือกตั้งที่ 11/สส. 5ทับ18.pdf,11,9.0,ตำบลม่อนปิ่น,อำเภอฝาง,429.0,273.0,262.0,6.0,5.0,8.0,นายพิสิษฐ์ อุปนันท์,เศรษฐกิจ,4.0,4,สี่,numeric_text_agree
อำเภอฝาง/ตำบลม่อนปิ่น/หน่วยเลือกตั้งที่ 11/สส. 5ทับ18.pdf,11,9.0,ตำบลม่อนปิ่น,อำเภอฝาง,429.0,273.0,262.0,6.0,5.0,9.0,นายชาญวิทยายุทธ์ อินทร์แก้ว,ประชากรไทย,4.0,4,สี่,numeric_text_agree
อำเภอฝาง/ตำบลม่อนปิ่น/หน่วยเลือกตั้งที่ 10/สส. 5ทับ18.pdf,10,9.0,ตำบลม่อนปิ่น,อำเภอฝาง,432.0,290.0,268.0,8.0,14.0,1.0,นายอดุลย์ บุญใส,ภูมิใจไทย,13.0,13,สิบสาม,numeric_text_agree
อำเภอฝาง/ตำบลม่อนปิ่น/หน่วยเลือกตั้งที่ 10/สส. 5ทับ18.pdf,10,9.0,ตำบลม่อนปิ่น,อำเภอฝาง,432.0,290.0,268.0,8.0,14.0,2.0,นายสมดุลย์ อุดมเจริญ,ประชาชน,104.0,104,หนึ่งร้อยสี่,numeric_text_agree
อำเภอฝาง/ตำบลม่อนปิ่น/หน่วยเลือกตั้งที่ 10/สส. 5ทับ18.pdf,10,9.0,ตำบลม่อนปิ่น,อำเภอฝาง,432.0,290.0,268.0,8.0,14.0,3.0,นายเกรียงกมล ศรีมา,ประชาธิปัตย์,3.0,3,สาม,numeric_text_agree
อำเภอฝาง/ตำบลม่อนปิ่น/หน่วยเลือกตั้งที่ 10/สส. 5ทับ18.pdf,10,9.0,ตำบลม่อนปิ่น,อำเภอฝาง,432.0,290.0,268.0,8.0,14.0,4.0,นายสันติ ตันสุข,ก้าวอิสระ,1.0,1,หนึ่ง,numeric_text_agree
อำเภอฝาง/ตำบลม่อนปิ่น/หน่วยเลือกตั้งที่ 10/สส. 5ทับ18.pdf,10,9.0,ตำบลม่อนปิ่น,อำเภอฝาง,432.0,290.0,268.0,8.0,14.0,5.0,นายการุณย์ คงเจริญชัยกุล,กล้าธรรม,48.0,48,สี่สิบแปด,numeric_text_agree
อำเภอฝาง/ตำบลม่อนปิ่น/หน่วยเลือกตั้งที่ 10/สส. 5ทับ18.pdf,10,9.0,ตำบลม่อนปิ่น,อำเภอฝาง,432.0,290.0,268.0,8.0,14.0,6.0,นายนิธิกร วุฒินันชัย,เพื่อไทย,55.0,55,ห้าสิบห้า,numeric_text_agree
อำเภอฝาง/ตำบลม่อนปิ่น/หน่วยเลือกตั้งที่ 10/สส. 5ทับ18.pdf,10,9.0,ตำบลม่อนปิ่น,อำเภอฝาง,432.0,290.0,268.0,8.0,14.0,7.0,นายไกร ดาบธรรม,พลังประชารัฐ,38.0,38,สามสิบแปด,numeric_text_agree
อำเภอฝาง/ตำบลม่อนปิ่น/หน่วยเลือกตั้งที่ 10/สส. 5ทับ18.pdf,10,9.0,ตำบลม่อนปิ่น,อำเภอฝาง,432.0,290.0,268.0,8.0,14.0,8.0,นายพิสิษฐ์ อุปนันท์,เศรษฐกิจ,5.0,5,ห้า,numeric_text_agree
อำเภอฝาง/ตำบลม่อนปิ่น/หน่วยเลือกตั้งที่ 10/สส. 5ทับ18.pdf,10,9.0,ตำบลม่อนปิ่น,อำเภอฝาง,432.0,290.0,268.0,8.0,14.0,9.0,นายชาญวิทยายุทธ์ อินทร์แก้ว,ประชากรไทย,1.0,1,หนึ่ง,numeric_text_agree
อำเภอฝาง/ตำบลม่อนปิ่น/หน่วยเลือกตั้งที่ 1/สส. 5ทับ18.pdf,1,1.0,ตำบลม่อนปิ่น,อำเภอฝาง,527.0,385.0,361.0,12.0,12.0,1.0,นายอดุลย์ บุญใส,ภูมิใจไทย,21.0,21,ยี่สิบเอ็ด,numeric_text_agree
อำเภอฝาง/ตำบลม่อนปิ่น/หน่วยเลือกตั้งที่ 1/สส. 5ทับ18.pdf,1,1.0,ตำบลม่อนปิ่น,อำเภอฝาง,527.0,385.0,361.0,12.0,12.0,2.0,นายสมดุลย์ อุดเจริญ,ประชาชน,31.0,31,สามสิบเอ็ด,numeric_text_agree
อำเภอฝาง/ตำบลม่อนปิ่น/หน่วยเลือกตั้งที่ 1/สส. 5ทับ18.pdf,1,1.0,ตำบลม่อนปิ่น,อำเภอฝาง,527.0,385.0,361.0,12.0,12.0,3.0,นายเกรียงกมล ศรีมา,ประชาธิปัตย์,2.0,2,สอง,numeric_text_agree
อำเภอฝาง/ตำบลม่อนปิ่น/หน่วยเลือกตั้งที่ 1/สส. 5ทับ18.pdf,1,1.0,ตำบลม่อนปิ่น,อำเภอฝาง,527.0,385.0,361.0,12.0,12.0,4.0,นายสันติ ตันสุข,ก้าวอิสระ,1.0,1,หนึ่ง,numeric_text_agree
อำเภอฝาง/ตำบลม่อนปิ่น/หน่วยเลือกตั้งที่ 1/สส. 5ทับ18.pdf,1,1.0,ตำบลม่อนปิ่น,อำเภอฝาง,527.0,385.0,361.0,12.0,12.0,5.0,นายการุณย์ คูเจริญชัยกุล,กล้าธรรม,131.0,131,หนึ่งร้อยสามสิบเอ็ด,numeric_text_agree
อำเภอฝาง/ตำบลม่อนปิ่น/หน่วยเลือกตั้งที่ 1/สส. 5ทับ18.pdf,1,1.0,ตำบลม่อนปิ่น,อำเภอฝาง,527.0,385.0,361.0,12.0,12.0,6.0,นายนิธิกร วุฒินันชัย,เพื่อไทย,23.0,23,ยี่สิบสาม,numeric_text_agree
อำเภอฝาง/ตำบลม่อนปิ่น/หน่วยเลือกตั้งที่ 1/สส. 5ทับ18.pdf,1,1.0,ตำบลม่อนปิ่น,อำเภอฝาง,527.0,385.0,361.0,12.0,12.0,7.0,นายไกร ดาบธรรม,พลังประชารัฐ,47.0,47,สี่สิบเจ็ด,numeric_text_agree
อำเภอฝาง/ตำบลม่อนปิ่น/หน่วยเลือกตั้งที่ 1/สส. 5ทับ18.pdf,1,1.0,ตำบลม่อนปิ่น,อำเภอฝาง,527.0,385.0,361.0,12.0,12.0,8.0,นายพิสิณฑ์ อุปนันท์,เศรษฐกิจ,2.0,2,สอง,numeric_text_agree
อำเภอฝาง/ตำบลม่อนปิ่น/หน่วยเลือกตั้งที่ 1/สส. 5ทับ18.pdf,1,1.0,ตำบลม่อนปิ่น,อำเภอฝาง,527.0,385.0,361.0,12.0,12.0,9.0,นายชาญวิทยายุทธ อินทร์แก้ว,ประชากรไทย,3.0,3,สาม,numeric_text_agree
อำเภอฝาง/ตำบลม่อนปิ่น/หน่วยเลือกตั้งที่ 13/สส. 5ทับ18.pdf,13,10.0,ตำบลม่อนปิ่น,อำเภอฝาง,464.0,364.0,330.0,21.0,3.0,1.0,นายอดุลย์ บุญใส,ภูมิใจไทย,6.0,6,หก,numeric_text_agree
อำเภอฝาง/ตำบลม่อนปิ่น/หน่วยเลือกตั้งที่ 13/สส. 5ทับ18.pdf,13,10.0,ตำบลม่อนปิ่น,อำเภอฝาง,464.0,364.0,330.0,21.0,3.0,2.0,นายสมดุลย์ อุดเจริญ,ประชาชน,32.0,32,สามสิบสอง,numeric_text_agree
อำเภอฝาง/ตำบลม่อนปิ่น/หน่วยเลือกตั้งที่ 13/สส. 5ทับ18.pdf,13,10.0,ตำบลม่อนปิ่น,อำเภอฝาง,464.0,364.0,330.0,21.0,3.0,3.0,นายเกรียงกมล ศรีมา,ประชาธิปัตย์,2.0,2,สอง,numeric_text_agree
อำเภอฝาง/ตำบลม่อนปิ่น/หน่วยเลือกตั้งที่ 13/สส. 5ทับ18.pdf,13,10.0,ตำบลม่อนปิ่น,อำเภอฝาง,464.0,364.0,330.0,21.0,3.0,4.0,นายสันติ ตันสุหัช,ก้าวอิสระ,3.0,3,สาม,numeric_text_agree
อำเภอฝาง/ตำบลม่อนปิ่น/หน่วยเลือกตั้งที่ 13/สส. 5ทับ18.pdf,13,10.0,ตำบลม่อนปิ่น,อำเภอฝาง,464.0,364.0,330.0,21.0,3.0,5.0,นายการุณย์ คูเจริญชัยกุล,กล้าธรรม,62.0,62,หกสิบสอง,numeric_text_agree
อำเภอฝาง/ตำบลม่อนปิ่น/หน่วยเลือกตั้งที่ 13/สส. 5ทับ18.pdf,13,10.0,ตำบลม่อนปิ่น,อำเภอฝาง,464.0,364.0,330.0,21.0,3.0,6.0,นายนิธิกร วุฒินันชัย,เพื่อไทย,108.0,108,หนึ่งร้อยแปด,numeric_text_agree
อำเภอฝาง/ตำบลม่อนปิ่น/หน่วยเลือกตั้งที่ 13/สส. 5ทับ18.pdf,13,10.0,ตำบลม่อนปิ่น,อำเภอฝาง,464.0,364.0,330.0,21.0,3.0,7.0,นายไกร ดาบธรรม,พลังประชารัฐ,110.0,110,หนึ่งร้อยสิบ,numeric_text_agree
อำเภอฝาง/ตำบลม่อนปิ่น/หน่วยเลือกตั้งที่ 13/สส. 5ทับ18.pdf,13,10.0,ตำบลม่อนปิ่น,อำเภอฝาง,464.0,364.0,330.0,21.0,3.0,8.0,นายพิสิณห์ อุปนันท์,เศรษฐกิจ,2.0,2,สอง,numeric_text_agree
อำเภอฝาง/ตำบลม่อนปิ่น/หน่วยเลือกตั้งที่ 13/สส. 5ทับ18.pdf,13,10.0,ตำบลม่อนปิ่น,อำเภอฝาง,464.0,364.0,330.0,21.0,3.0,9.0,นายชาญวิทยายุทธ์ อินทร์แก้ว,ประชากรไทย,7.0,7,เจ็ด,numeric_text_agree
อำเภอฝาง/ตำบลแม่ข่า/หน่วยเลือกตั้งที่ 9/สส. 5 ทับ 18.pdf,1,111.0,ตำบลแม่ข่า,อำเภอฝาง,380.0,294.0,279.0,9.0,6.0,1.0,นายอดุลย์ บุญใส,ภูมิใจไทย,3.0,3,สาม,numeric_text_agree
อำเภอฝาง/ตำบลแม่ข่า/หน่วยเลือกตั้งที่ 9/สส. 5 ทับ 18.pdf,1,111.0,ตำบลแม่ข่า,อำเภอฝาง,380.0,294.0,279.0,9.0,6.0,2.0,นายสมดุลย์ อุดเจริญ,ประชาชน,52.0,52,ห้าสิบสอง,numeric_text_agree
อำเภอฝาง/ตำบลแม่ข่า/หน่วยเลือกตั้งที่ 9/สส. 5 ทับ 18.pdf,1,111.0,ตำบลแม่ข่า,อำเภอฝาง,380.0,294.0,279.0,9.0,6.0,3.0,นายเกรียงกมล ศรีมา,ประชาธิปัตย์,3.0,3,สาม,numeric_text_agree
อำเภอฝาง/ตำบลแม่ข่า/หน่วยเลือกตั้งที่ 9/สส. 5 ทับ 18.pdf,1,111.0,ตำบลแม่ข่า,อำเภอฝาง,380.0,294.0,279.0,9.0,6.0,4.0,นายสันติ ตันสุข,ก้าวอิสระ,3.0,3,สาม,numeric_text_agree
อำเภอฝาง/ตำบลแม่ข่า/หน่วยเลือกตั้งที่ 9/สส. 5 ทับ 18.pdf,1,111.0,ตำบลแม่ข่า,อำเภอฝาง,380.0,294.0,279.0,9.0,6.0,5.0,นายการุณย์ คูเจริญชัยกุล,กล้าธรรม,133.0,133,หนึ่งร้อยสามสิบสาม,numeric_text_agree
อำเภอฝาง/ตำบลแม่ข่า/หน่วยเลือกตั้งที่ 9/สส. 5 ทับ 18.pdf,1,111.0,ตำบลแม่ข่า,อำเภอฝาง,380.0,294.0,279.0,9.0,6.0,6.0,นายนิธิกร วุฒินันชัย,เพื่อไทย,55.0,55,ห้าสิบห้า,numeric_text_agree
อำเภอฝาง/ตำบลแม่ข่า/หน่วยเลือกตั้งที่ 9/สส. 5 ทับ 18.pdf,1,111.0,ตำบลแม่ข่า,อำเภอฝาง,380.0,294.0,279.0,9.0,6.0,7.0,นายไกร ดาบธรรม,พลังประชารัฐ,18.0,18,สิบแปด,numeric_text_agree
อำเภอฝาง/ตำบลแม่ข่า/หน่วยเลือกตั้งที่ 9/สส. 5 ทับ 18.pdf,1,111.0,ตำบลแม่ข่า,อำเภอฝาง,380.0,294.0,279.0,9.0,6.0,8.0,นายพิสิณฑ์ อุปนันท์,เศรษฐกิจ,6.0,6,หก,numeric_text_agree
อำเภอฝาง/ตำบลแม่ข่า/หน่วยเลือกตั้งที่ 9/สส. 5 ทับ 18.pdf,1,111.0,ตำบลแม่ข่า,อำเภอฝาง,380.0,294.0,279.0,9.0,6.0,9.0,นายชาญวิทยายุทธ์ อินทร์แก้ว,ประชากรไทย,6.0,6,หก,numeric_text_agree
อำเภอฝาง/ตำบลแม่ข่า/หน่วยเลือกตั้งที่ 5/สส. 5 ทับ 18.pdf,5,7.0,ตำบลแม่ข่า,อำเภอฝาง,480.0,334.0,309.0,13.0,12.0,1.0,นายอดุลย์ บุญใส,ภูมิใจไทย,3.0,3,สาม,numeric_text_agree
อำเภอฝาง/ตำบลแม่ข่า/หน่วยเลือกตั้งที่ 5/สส. 5 ทับ 18.pdf,5,7.0,ตำบลแม่ข่า,อำเภอฝาง,480.0,334.0,309.0,13.0,12.0,2.0,นายสมดุลย์ อุดมเจริญ,ประชาชน,92.0,92,เก้าสิบสอง,numeric_text_agree
อำเภอฝาง/ตำบลแม่ข่า/หน่วยเลือกตั้งที่ 5/สส. 5 ทับ 18.pdf,5,7.0,ตำบลแม่ข่า,อำเภอฝาง,480.0,334.0,309.0,13.0,12.0,3.0,นายเกรียงกมล ศรีมา,ประชาธิปัตย์,2.0,2,สอง,numeric_text_agree
อำเภอฝาง/ตำบลแม่ข่า/หน่วยเลือกตั้งที่ 5/สส. 5 ทับ 18.pdf,5,7.0,ตำบลแม่ข่า,อำเภอฝาง,480.0,334.0,309.0,13.0,12.0,4.0,นายสันติ ตันสุขขี,ก้าวอิสระ,14.0,14,สิบสี่,numeric_text_agree
อำเภอฝาง/ตำบลแม่ข่า/หน่วยเลือกตั้งที่ 5/สส. 5 ทับ 18.pdf,5,7.0,ตำบลแม่ข่า,อำเภอฝาง,480.0,334.0,309.0,13.0,12.0,5.0,นายการุณย์ คงเจริญชัยกุล,กล้าธรรม,56.0,56,ห้าสิบหก,numeric_text_agree
อำเภอฝาง/ตำบลแม่ข่า/หน่วยเลือกตั้งที่ 5/สส. 5 ทับ 18.pdf,5,7.0,ตำบลแม่ข่า,อำเภอฝาง,480.0,334.0,309.0,13.0,12.0,6.0,นายนิกร วุฒินันชัย,เพื่อไทย,99.0,99,เก้าสิบเก้า,numeric_text_agree
อำเภอฝาง/ตำบลแม่ข่า/หน่วยเลือกตั้งที่ 5/สส. 5 ทับ 18.pdf,5,7.0,ตำบลแม่ข่า,อำเภอฝาง,480.0,334.0,309.0,13.0,12.0,7.0,นายไกร ดาบธรรม,พลังประชารัฐ,31.0,31,สามสิบเอ็ด,numeric_text_agree
อำเภอฝาง/ตำบลแม่ข่า/หน่วยเลือกตั้งที่ 5/สส. 5 ทับ 18.pdf,5,7.0,ตำบลแม่ข่า,อำเภอฝาง,480.0,334.0,309.0,13.0,12.0,8.0,นายพิสิณฑ์ อุปนันท์,เศรษฐกิจ,5.0,5,ห้า,numeric_text_agree
อำเภอฝาง/ตำบลแม่ข่า/หน่วยเลือกตั้งที่ 5/สส. 5 ทับ 18.pdf,5,7.0,ตำบลแม่ข่า,อำเภอฝาง,480.0,334.0,309.0,13.0,12.0,9.0,นายชาญวิทยายุทธ์ อินทร์แก้ว,ประชากรไทย,7.0,7,เจ็ด,numeric_text_agree
อำเภอฝาง/ตำบลแม่ข่า/หน่วยเลือกตั้งที่ 8/สส. 5 ทับ 18.pdf,8,10.0,ตำบลแม่ข่า,อำเภอฝาง,576.0,465.0,425.0,23.0,17.0,1.0,นายอดุลย์ บุญใส,ภูมิใจไทย,19.0,19,สิบเก้าบัตร,numeric_text_agree
อำเภอฝาง/ตำบลแม่ข่า/หน่วยเลือกตั้งที่ 8/สส. 5 ทับ 18.pdf,8,10.0,ตำบลแม่ข่า,อำเภอฝาง,576.0,465.0,425.0,23.0,17.0,2.0,นายสมดุลย์ อุดเจริญ,ประชาชน,108.0,108,หนึ่งร้อยแปดบัตร,numeric_text_agree
อำเภอฝาง/ตำบลแม่ข่า/หน่วยเลือกตั้งที่ 8/สส. 5 ทับ 18.pdf,8,10.0,ตำบลแม่ข่า,อำเภอฝาง,576.0,465.0,425.0,23.0,17.0,3.0,นายเกรียงกมล ศรีมา,ประชาธิปัตย์,7.0,7,เจ็ดบัตร,numeric_text_agree
อำเภอฝาง/ตำบลแม่ข่า/หน่วยเลือกตั้งที่ 8/สส. 5 ทับ 18.pdf,8,10.0,ตำบลแม่ข่า,อำเภอฝาง,576.0,465.0,425.0,23.0,17.0,4.0,นายสันติ ตันสุข,ก้าวอิสระ,1.0,1,หนึ่งบัตร,numeric_text_agree
อำเภอฝาง/ตำบลแม่ข่า/หน่วยเลือกตั้งที่ 8/สส. 5 ทับ 18.pdf,8,10.0,ตำบลแม่ข่า,อำเภอฝาง,576.0,465.0,425.0,23.0,17.0,5.0,นายการุณย์ คูเจริญชัยกุล,กล้าธรรม,180.0,180,หนึ่งร้อยแปดสิบบัตร,numeric_text_agree
อำเภอฝาง/ตำบลแม่ข่า/หน่วยเลือกตั้งที่ 8/สส. 5 ทับ 18.pdf,8,10.0,ตำบลแม่ข่า,อำเภอฝาง,576.0,465.0,425.0,23.0,17.0,6.0,นายนิธิกร วุฒินันชัย,เพื่อไทย,70.0,70,เจ็ดสิบบัตร,numeric_text_agree
อำเภอฝาง/ตำบลแม่ข่า/หน่วยเลือกตั้งที่ 8/สส. 5 ทับ 18.pdf,8,10.0,ตำบลแม่ข่า,อำเภอฝาง,576.0,465.0,425.0,23.0,17.0,7.0,นายไกร ดาบธรรม,พลังประชารัฐ,32.0,32,สามสิบสองบัตร,numeric_text_agree
อำเภอฝาง/ตำบลแม่ข่า/หน่วยเลือกตั้งที่ 8/สส. 5 ทับ 18.pdf,8,10.0,ตำบลแม่ข่า,อำเภอฝาง,576.0,465.0,425.0,23.0,17.0,8.0,นายพิสัณฑ์ อุปนันท์,เศรษฐกิจ,1.0,1,หนึ่งบัตร,numeric_text_agree
อำเภอฝาง/ตำบลแม่ข่า/หน่วยเลือกตั้งที่ 8/สส. 5 ทับ 18.pdf,8,10.0,ตำบลแม่ข่า,อำเภอฝาง,576.0,465.0,425.0,23.0,17.0,9.0,นายชาญวิทยายุทธ์ อินทร์แก้ว,ประชากรไทย,1.0,1,หนึ่งบัตร,numeric_text_agree
อำเภอฝาง/ตำบลแม่ข่า/หน่วยเลือกตั้งที่ 7/สส. 5 ทับ 18.pdf,7,8.0,ตำบลแม่ข่า,อำเภอฝาง,322.0,288.0,233.0,10.0,11.0,1.0,นายอดุลย์ บุญใส,ภูมิใจไทย,7.0,7,เจ็ด,numeric_text_agree
อำเภอฝาง/ตำบลแม่ข่า/หน่วยเลือกตั้งที่ 7/สส. 5 ทับ 18.pdf,7,8.0,ตำบลแม่ข่า,อำเภอฝาง,322.0,288.0,233.0,10.0,11.0,2.0,นายสมดุลย์ อุดเจริญ,ประชาชน,38.0,38,สามสิบแปด,numeric_text_agree
อำเภอฝาง/ตำบลแม่ข่า/หน่วยเลือกตั้งที่ 7/สส. 5 ทับ 18.pdf,7,8.0,ตำบลแม่ข่า,อำเภอฝาง,322.0,288.0,233.0,10.0,11.0,3.0,นายเกรียงกมล ศรีมา,ประชาธิปัตย์,14.0,14,สิบสี่,numeric_text_agree
อำเภอฝาง/ตำบลแม่ข่า/หน่วยเลือกตั้งที่ 7/สส. 5 ทับ 18.pdf,7,8.0,ตำบลแม่ข่า,อำเภอฝาง,322.0,288.0,233.0,10.0,11.0,4.0,นายสันติ ตันสุขข์,ก้าวอิสระ,0.0,0,ศูนย์,numeric_only
อำเภอฝาง/ตำบลแม่ข่า/หน่วยเลือกตั้งที่ 7/สส. 5 ทับ 18.pdf,7,8.0,ตำบลแม่ข่า,อำเภอฝาง,322.0,288.0,233.0,10.0,11.0,5.0,นายการุณย์ คูเจริญชัยกุล,กล้าธรรม,59.0,59,ห้าสิบเก้า,numeric_text_agree
อำเภอฝาง/ตำบลแม่ข่า/หน่วยเลือกตั้งที่ 7/สส. 5 ทับ 18.pdf,7,8.0,ตำบลแม่ข่า,อำเภอฝาง,322.0,288.0,233.0,10.0,11.0,6.0,นายนิกร วุฒินันชัย,เพื่อไทย,69.0,69,หกสิบเก้า,numeric_text_agree
อำเภอฝาง/ตำบลแม่ข่า/หน่วยเลือกตั้งที่ 7/สส. 5 ทับ 18.pdf,7,8.0,ตำบลแม่ข่า,อำเภอฝาง,322.0,288.0,233.0,10.0,11.0,7.0,นายไกร ดาบธรรม,พลังประชารัฐ,20.0,20,ยี่สิบ,numeric_text_agree
อำเภอฝาง/ตำบลแม่ข่า/หน่วยเลือกตั้งที่ 7/สส. 5 ทับ 18.pdf,7,8.0,ตำบลแม่ข่า,อำเภอฝาง,322.0,288.0,233.0,10.0,11.0,8.0,นายพิสัณฑ์ อุปนันท์,เศรษฐกิจ,0.0,0,ศูนย์,numeric_only
อำเภอฝาง/ตำบลแม่ข่า/หน่วยเลือกตั้งที่ 7/สส. 5 ทับ 18.pdf,7,8.0,ตำบลแม่ข่า,อำเภอฝาง,322.0,288.0,233.0,10.0,11.0,9.0,นายชาญวิทยายุทธ อินทร์แก้ว,ประชากรไทย,38.0,38,สามสิบแปด,numeric_text_agree
อำเภอฝาง/ตำบลแม่ข่า/หน่วยเลือกตั้งที่ 2/สส. 5ทับ18.pdf,1,3.0,ตำบลแม่ข่า,อำเภอฝาง,675.0,507.0,463.0,27.0,17.0,1.0,นายอดุลย์ บุญใส,ภูมิใจไทย,17.0,17,สิบเจ็ด,numeric_text_agree
อำเภอฝาง/ตำบลแม่ข่า/หน่วยเลือกตั้งที่ 2/สส. 5ทับ18.pdf,1,3.0,ตำบลแม่ข่า,อำเภอฝาง,675.0,507.0,463.0,27.0,17.0,2.0,นายสมดุลย์ อุดเจริญ,ประชาชน,92.0,92,เก้าสิบสอง,numeric_text_agree
อำเภอฝาง/ตำบลแม่ข่า/หน่วยเลือกตั้งที่ 2/สส. 5ทับ18.pdf,1,3.0,ตำบลแม่ข่า,อำเภอฝาง,675.0,507.0,463.0,27.0,17.0,3.0,นายเกรียงกมล ศรีมา,ประชาธิปัตย์,21.0,21,ยี่สิบเอ็ด,numeric_text_agree
อำเภอฝาง/ตำบลแม่ข่า/หน่วยเลือกตั้งที่ 2/สส. 5ทับ18.pdf,1,3.0,ตำบลแม่ข่า,อำเภอฝาง,675.0,507.0,463.0,27.0,17.0,4.0,นายสันติ ตันสุขชัย,ก้าวอิสระ,7.0,7,เจ็ด,numeric_text_agree
อำเภอฝาง/ตำบลแม่ข่า/หน่วยเลือกตั้งที่ 2/สส. 5ทับ18.pdf,1,3.0,ตำบลแม่ข่า,อำเภอฝาง,675.0,507.0,463.0,27.0,17.0,5.0,นายกาญจน์ คูเจริญชัยกุล,กล้าธรรม,123.0,123,หนึ่งร้อยยี่สิบสาม,numeric_text_agree
อำเภอฝาง/ตำบลแม่ข่า/หน่วยเลือกตั้งที่ 2/สส. 5ทับ18.pdf,1,3.0,ตำบลแม่ข่า,อำเภอฝาง,675.0,507.0,463.0,27.0,17.0,6.0,นายนิกร วุฒินันชัย,เพื่อไทย,134.0,134,หนึ่งร้อยสามสิบสี่,numeric_text_agree
อำเภอฝาง/ตำบลแม่ข่า/หน่วยเลือกตั้งที่ 2/สส. 5ทับ18.pdf,1,3.0,ตำบลแม่ข่า,อำเภอฝาง,675.0,507.0,463.0,27.0,17.0,7.0,นายไกร ดาบธรรม,พลังประชารัฐ,45.0,45,สี่สิบห้า,numeric_text_agree
อำเภอฝาง/ตำบลแม่ข่า/หน่วยเลือกตั้งที่ 2/สส. 5ทับ18.pdf,1,3.0,ตำบลแม่ข่า,อำเภอฝาง,675.0,507.0,463.0,27.0,17.0,8.0,นายพิสิณฑ์ อุปนันท์,เศรษฐกิจ,7.0,7,เจ็ด,numeric_text_agree
อำเภอฝาง/ตำบลแม่ข่า/หน่วยเลือกตั้งที่ 2/สส. 5ทับ18.pdf,1,3.0,ตำบลแม่ข่า,อำเภอฝาง,675.0,507.0,463.0,27.0,17.0,9.0,นายชาญวิทยายุทธ์ อินทร์แก้ว,ประชากรไทย,17.0,17,สิบเจ็ด,numeric_text_agree
อำเภอฝาง/ตำบลแม่ข่า/หน่วยเลือกตั้งที่ 10/สส. 5 ทับ 18.pdf,10,12.0,ตำบลแม่ข่า,อำเภอฝาง,459.0,348.0,319.0,18.0,11.0,1.0,นายอดุลย์ บุญใส,ภูมิใจไทย,14.0,14,สิบสี่,numeric_text_agree
อำเภอฝาง/ตำบลแม่ข่า/หน่วยเลือกตั้งที่ 10/สส. 5 ทับ 18.pdf,10,12.0,ตำบลแม่ข่า,อำเภอฝาง,459.0,348.0,319.0,18.0,11.0,2.0,นายสมดุลย์ อุดเจริญ,ประชาชน,78.0,78,เจ็ดสิบแปด,numeric_text_agree
อำเภอฝาง/ตำบลแม่ข่า/หน่วยเลือกตั้งที่ 10/สส. 5 ทับ 18.pdf,10,12.0,ตำบลแม่ข่า,อำเภอฝาง,459.0,348.0,319.0,18.0,11.0,3.0,นายเกรียงกมล ศรีมา,ประชาธิปัตย์,6.0,6,หก,numeric_text_agree
อำเภอฝาง/ตำบลแม่ข่า/หน่วยเลือกตั้งที่ 10/สส. 5 ทับ 18.pdf,10,12.0,ตำบลแม่ข่า,อำเภอฝาง,459.0,348.0,319.0,18.0,11.0,4.0,นายสันติ ตันสุขขี,ก้าวอิสระ,1.0,1,หนึ่ง,numeric_text_agree
อำเภอฝาง/ตำบลแม่ข่า/หน่วยเลือกตั้งที่ 10/สส. 5 ทับ 18.pdf,10,12.0,ตำบลแม่ข่า,อำเภอฝาง,459.0,348.0,319.0,18.0,11.0,5.0,นายการุณย์ ภูเจริญชัยกุล,กล้าธรรม,80.0,80,แปดสิบ,numeric_text_agree
อำเภอฝาง/ตำบลแม่ข่า/หน่วยเลือกตั้งที่ 10/สส. 5 ทับ 18.pdf,10,12.0,ตำบลแม่ข่า,อำเภอฝาง,459.0,348.0,319.0,18.0,11.0,6.0,นายนิกร วุฒินันชัย,เพื่อไทย,105.0,105,หนึ่งร้อยห้า,numeric_text_agree
อำเภอฝาง/ตำบลแม่ข่า/หน่วยเลือกตั้งที่ 10/สส. 5 ทับ 18.pdf,10,12.0,ตำบลแม่ข่า,อำเภอฝาง,459.0,348.0,319.0,18.0,11.0,7.0,นายไกร ดาบธรรม,พลังประชารัฐ,21.0,21,ยี่สิบเอ็ด,numeric_text_agree
อำเภอฝาง/ตำบลแม่ข่า/หน่วยเลือกตั้งที่ 10/สส. 5 ทับ 18.pdf,10,12.0,ตำบลแม่ข่า,อำเภอฝาง,459.0,348.0,319.0,18.0,11.0,8.0,นายพิสิษฐ์ อุปนันท์,เศรษฐกิจ,6.0,6,หก,numeric_text_agree
อำเภอฝาง/ตำบลแม่ข่า/หน่วยเลือกตั้งที่ 10/สส. 5 ทับ 18.pdf,10,12.0,ตำบลแม่ข่า,อำเภอฝาง,459.0,348.0,319.0,18.0,11.0,9.0,นายชาญวิทยายุทธ อินทร์แก้ว,ประชากรไทย,8.0,8,แปด,numeric_text_agree
อำเภอฝาง/ตำบลแม่ข่า/หน่วยเลือกตั้งที่ 3/สส. 5 ทับ 18.pdf,8,45.0,ตำบลแม่ข่า,อำเภอฝาง,470.0,333.0,294.0,18.0,21.0,1.0,นายอดุลย์ บุญใส,ภูมิใจไทย,9.0,9,เก้า,numeric_text_agree
อำเภอฝาง/ตำบลแม่ข่า/หน่วยเลือกตั้งที่ 3/สส. 5 ทับ 18.pdf,8,45.0,ตำบลแม่ข่า,อำเภอฝาง,470.0,333.0,294.0,18.0,21.0,2.0,นายสมดุลย์ อุดมเจริญ,ประชาชน,72.0,72,เจ็ดสิบสอง,numeric_text_agree
อำเภอฝาง/ตำบลแม่ข่า/หน่วยเลือกตั้งที่ 3/สส. 5 ทับ 18.pdf,8,45.0,ตำบลแม่ข่า,อำเภอฝาง,470.0,333.0,294.0,18.0,21.0,3.0,นายเกรียงกมล ศรีมา,ประชาธิปัตย์,4.0,4,สี่,numeric_text_agree
อำเภอฝาง/ตำบลแม่ข่า/หน่วยเลือกตั้งที่ 3/สส. 5 ทับ 18.pdf,8,45.0,ตำบลแม่ข่า,อำเภอฝาง,470.0,333.0,294.0,18.0,21.0,4.0,นายสันติ ตันสุขทัย,ก้าวอิสระ,5.0,5,ห้า,numeric_text_agree
อำเภอฝาง/ตำบลแม่ข่า/หน่วยเลือกตั้งที่ 3/สส. 5 ทับ 18.pdf,8,45.0,ตำบลแม่ข่า,อำเภอฝาง,470.0,333.0,294.0,18.0,21.0,5.0,นายการุณย์ คูเจริญชัยกุล,กล้าธรรม,86.0,86,แปดสิบหก,numeric_text_agree
อำเภอฝาง/ตำบลแม่ข่า/หน่วยเลือกตั้งที่ 3/สส. 5 ทับ 18.pdf,8,45.0,ตำบลแม่ข่า,อำเภอฝาง,470.0,333.0,294.0,18.0,21.0,6.0,นายนิธิกร วุฒินันชัย,เพื่อไทย,75.0,75,เจ็ดสิบห้า,numeric_text_agree
อำเภอฝาง/ตำบลแม่ข่า/หน่วยเลือกตั้งที่ 3/สส. 5 ทับ 18.pdf,8,45.0,ตำบลแม่ข่า,อำเภอฝาง,470.0,333.0,294.0,18.0,21.0,7.0,นายไกร ดาบธรรม,พลังประชารัฐ,33.0,33,สามสิบสาม,numeric_text_agree
อำเภอฝาง/ตำบลแม่ข่า/หน่วยเลือกตั้งที่ 3/สส. 5 ทับ 18.pdf,8,45.0,ตำบลแม่ข่า,อำเภอฝาง,470.0,333.0,294.0,18.0,21.0,8.0,นายพิสิษฐ์ อุปนันท์,เศรษฐกิจ,2.0,2,สอง,numeric_text_agree
อำเภอฝาง/ตำบลแม่ข่า/หน่วยเลือกตั้งที่ 3/สส. 5 ทับ 18.pdf,8,45.0,ตำบลแม่ข่า,อำเภอฝาง,470.0,333.0,294.0,18.0,21.0,9.0,นายชาญวิทยายุทธ์ อินทร์แก้ว,ประชากรไทย,8.0,8,แปด,numeric_text_agree
อำเภอฝาง/ตำบลแม่ข่า/หน่วยเลือกตั้งที่ 4/สส. 5 ทับ 18.pdf,4,6.0,ตำบลแม่ข่า,อำเภอฝาง,742.0,585.0,538.0,28.0,19.0,1.0,นายอดุลย์ บุญใส,ภูมิใจไทย,30.0,30,สามสิบ,numeric_text_agree
อำเภอฝาง/ตำบลแม่ข่า/หน่วยเลือกตั้งที่ 4/สส. 5 ทับ 18.pdf,4,6.0,ตำบลแม่ข่า,อำเภอฝาง,742.0,585.0,538.0,28.0,19.0,2.0,นายสมดุลย์ อุดเจริญ,ประชาชน,122.0,122,หนึ่งร้อยยี่สิบสอง,numeric_text_agree
อำเภอฝาง/ตำบลแม่ข่า/หน่วยเลือกตั้งที่ 4/สส. 5 ทับ 18.pdf,4,6.0,ตำบลแม่ข่า,อำเภอฝาง,742.0,585.0,538.0,28.0,19.0,3.0,นายเกรียงกมล ศรีมา,ประชาธิปัตย์,2.0,2,สอง,numeric_text_agree
อำเภอฝาง/ตำบลแม่ข่า/หน่วยเลือกตั้งที่ 4/สส. 5 ทับ 18.pdf,4,6.0,ตำบลแม่ข่า,อำเภอฝาง,742.0,585.0,538.0,28.0,19.0,4.0,นายสันติ ตันสุขทัย,ก้าวอิสระ,8.0,8,แปด,numeric_text_agree
อำเภอฝาง/ตำบลแม่ข่า/หน่วยเลือกตั้งที่ 4/สส. 5 ทับ 18.pdf,4,6.0,ตำบลแม่ข่า,อำเภอฝาง,742.0,585.0,538.0,28.0,19.0,5.0,นายกาญจน์ คูเจริญชัยกุล,กล้าธรรม,193.0,193,หนึ่งร้อยเก้าสิบสาม,numeric_text_agree
อำเภอฝาง/ตำบลแม่ข่า/หน่วยเลือกตั้งที่ 4/สส. 5 ทับ 18.pdf,4,6.0,ตำบลแม่ข่า,อำเภอฝาง,742.0,585.0,538.0,28.0,19.0,6.0,นายนิกร วุฒินันชัย,เพื่อไทย,121.0,121,หนึ่งร้อยยี่สิบเอ็ด,numeric_text_agree
อำเภอฝาง/ตำบลแม่ข่า/หน่วยเลือกตั้งที่ 4/สส. 5 ทับ 18.pdf,4,6.0,ตำบลแม่ข่า,อำเภอฝาง,742.0,585.0,538.0,28.0,19.0,7.0,นายไกร ดาบธรรม,พลังประชารัฐ,37.0,37,สามสิบเจ็ด,numeric_text_agree
อำเภอฝาง/ตำบลแม่ข่า/หน่วยเลือกตั้งที่ 4/สส. 5 ทับ 18.pdf,4,6.0,ตำบลแม่ข่า,อำเภอฝาง,742.0,585.0,538.0,28.0,19.0,8.0,นายพิสัณห์ อุปนันท์,เศรษฐกิจ,14.0,14,สิบสี่,numeric_text_agree
อำเภอฝาง/ตำบลแม่ข่า/หน่วยเลือกตั้งที่ 4/สส. 5 ทับ 18.pdf,4,6.0,ตำบลแม่ข่า,อำเภอฝาง,742.0,585.0,538.0,28.0,19.0,9.0,นายชาญวิทยายุทธ์ อินทร์แก้ว,ประชากรไทย,11.0,11,สิบเอ็ด,numeric_text_agree
อำเภอฝาง/ตำบลแม่ข่า/หน่วยเลือกตั้งที่ 11/สส. 5 ทับ 18.pdf,11,13.0,ตำบลแม่ข่า,อำเภอฝาง,358.0,251.0,216.0,22.0,13.0,1.0,นายอดุลย์ บุญใส,ภูมิใจไทย,9.0,9,เก้า,numeric_text_agree
อำเภอฝาง/ตำบลแม่ข่า/หน่วยเลือกตั้งที่ 11/สส. 5 ทับ 18.pdf,11,13.0,ตำบลแม่ข่า,อำเภอฝาง,358.0,251.0,216.0,22.0,13.0,2.0,นายสมดุลย์ อุตเจริญ,ประชาชน,46.0,46,สี่สิบหก,numeric_text_agree
อำเภอฝาง/ตำบลแม่ข่า/หน่วยเลือกตั้งที่ 11/สส. 5 ทับ 18.pdf,11,13.0,ตำบลแม่ข่า,อำเภอฝาง,358.0,251.0,216.0,22.0,13.0,3.0,นายเกรียงกมล ศรีมา,ประชาธิปัตย์,3.0,3,สาม,numeric_text_agree
อำเภอฝาง/ตำบลแม่ข่า/หน่วยเลือกตั้งที่ 11/สส. 5 ทับ 18.pdf,11,13.0,ตำบลแม่ข่า,อำเภอฝาง,358.0,251.0,216.0,22.0,13.0,4.0,นายสันติ ตันสุขชัย,ก้าวอิสระ,5.0,5,ห้า,numeric_text_agree
อำเภอฝาง/ตำบลแม่ข่า/หน่วยเลือกตั้งที่ 11/สส. 5 ทับ 18.pdf,11,13.0,ตำบลแม่ข่า,อำเภอฝาง,358.0,251.0,216.0,22.0,13.0,5.0,นายการุณย์ คูเจริญชัยกุล,กล้าธรรม,53.0,53,ห้าสิบสาม,numeric_text_agree
อำเภอฝาง/ตำบลแม่ข่า/หน่วยเลือกตั้งที่ 11/สส. 5 ทับ 18.pdf,11,13.0,ตำบลแม่ข่า,อำเภอฝาง,358.0,251.0,216.0,22.0,13.0,6.0,นายนิธิกร วุฒินันชัย,เพื่อไทย,70.0,70,เจ็ดสิบ,numeric_text_agree
อำเภอฝาง/ตำบลแม่ข่า/หน่วยเลือกตั้งที่ 11/สส. 5 ทับ 18.pdf,11,13.0,ตำบลแม่ข่า,อำเภอฝาง,358.0,251.0,216.0,22.0,13.0,7.0,นายไกร ดาบธรรม,พลังประชารัฐ,16.0,16,สิบหก,numeric_text_agree
อำเภอฝาง/ตำบลแม่ข่า/หน่วยเลือกตั้งที่ 11/สส. 5 ทับ 18.pdf,11,13.0,ตำบลแม่ข่า,อำเภอฝาง,358.0,251.0,216.0,22.0,13.0,8.0,นายพิสิณฑ์ อุปนันท์,เศรษฐกิจ,6.0,6,หก,numeric_text_agree
อำเภอฝาง/ตำบลแม่ข่า/หน่วยเลือกตั้งที่ 11/สส. 5 ทับ 18.pdf,11,13.0,ตำบลแม่ข่า,อำเภอฝาง,358.0,251.0,216.0,22.0,13.0,9.0,นายชาญวิทยายุทธ อินทร์แก้ว,ประชากรไทย,8.0,8,แปด,numeric_text_agree
อำเภอฝาง/ตำบลแม่ข่า/หน่วยเลือกตั้งที่ 1/สส. 5 ทับ 18.pdf,1,2.0,ตำบลแม่ข่า,อำเภอฝาง,411.0,304.0,263.0,26.0,15.0,1.0,นายอดุลย์ บุญใส,ภูมิใจไทย,10.0,10,สิบคะแนน,numeric_text_agree
อำเภอฝาง/ตำบลแม่ข่า/หน่วยเลือกตั้งที่ 1/สส. 5 ทับ 18.pdf,1,2.0,ตำบลแม่ข่า,อำเภอฝาง,411.0,304.0,263.0,26.0,15.0,2.0,นายสมดุลย์ อุดเจริญ,ประชาชน,48.0,48,สี่สิบแปดคะแนน,numeric_text_agree
อำเภอฝาง/ตำบลแม่ข่า/หน่วยเลือกตั้งที่ 1/สส. 5 ทับ 18.pdf,1,2.0,ตำบลแม่ข่า,อำเภอฝาง,411.0,304.0,263.0,26.0,15.0,3.0,นายเกรียงกมล ศรีมา,ประชาธิปัตย์,2.0,2,สองคะแนน,numeric_text_agree
อำเภอฝาง/ตำบลแม่ข่า/หน่วยเลือกตั้งที่ 1/สส. 5 ทับ 18.pdf,1,2.0,ตำบลแม่ข่า,อำเภอฝาง,411.0,304.0,263.0,26.0,15.0,4.0,นายสันติ ตันสุข,ก้าวอิสระ,4.0,4,สี่คะแนน,numeric_text_agree
อำเภอฝาง/ตำบลแม่ข่า/หน่วยเลือกตั้งที่ 1/สส. 5 ทับ 18.pdf,1,2.0,ตำบลแม่ข่า,อำเภอฝาง,411.0,304.0,263.0,26.0,15.0,5.0,นายการุณย์ คูเจริญชัยกุล,กล้าธรรม,82.0,82,แปดสิบสองคะแนน,numeric_text_agree
อำเภอฝาง/ตำบลแม่ข่า/หน่วยเลือกตั้งที่ 1/สส. 5 ทับ 18.pdf,1,2.0,ตำบลแม่ข่า,อำเภอฝาง,411.0,304.0,263.0,26.0,15.0,6.0,นายนิธิกร วุฒินันชัย,เพื่อไทย,64.0,64,หกสิบสี่คะแนน,numeric_text_agree
อำเภอฝาง/ตำบลแม่ข่า/หน่วยเลือกตั้งที่ 1/สส. 5 ทับ 18.pdf,1,2.0,ตำบลแม่ข่า,อำเภอฝาง,411.0,304.0,263.0,26.0,15.0,7.0,นายไกร ดาบธรรม,พลังประชารัฐ,43.0,43,สี่สิบสามคะแนน,numeric_text_agree
อำเภอฝาง/ตำบลแม่ข่า/หน่วยเลือกตั้งที่ 1/สส. 5 ทับ 18.pdf,1,2.0,ตำบลแม่ข่า,อำเภอฝาง,411.0,304.0,263.0,26.0,15.0,8.0,นายพิสิษฐ์ อุปนันท์,เศรษฐกิจ,3.0,3,สามคะแนน,numeric_text_agree
อำเภอฝาง/ตำบลแม่ข่า/หน่วยเลือกตั้งที่ 1/สส. 5 ทับ 18.pdf,1,2.0,ตำบลแม่ข่า,อำเภอฝาง,411.0,304.0,263.0,26.0,15.0,9.0,นายชาญวิทยายุทธ์ อินทร์แก้ว,ประชากรไทย,7.0,7,เจ็ดคะแนน,numeric_text_agree
อำเภอฝาง/ตำบลสันทราย/หน่วยเลือกตั้งที่ 9/ส.ส. 5 ทับ 18.pdf,9,8.0,ตำบลสันทราย,อำเภอฝาง,615.0,499.0,462.0,13.0,24.0,1.0,นายอดุลย์ บุญใส,ภูมิใจไทย,34.0,34,สามสิบสี่,numeric_text_agree
อำเภอฝาง/ตำบลสันทราย/หน่วยเลือกตั้งที่ 9/ส.ส. 5 ทับ 18.pdf,9,8.0,ตำบลสันทราย,อำเภอฝาง,615.0,499.0,462.0,13.0,24.0,2.0,นายสมดุลย์ อุดเจริญ,ประชาชน,72.0,72,เจ็ดสิบสอง,numeric_text_agree
อำเภอฝาง/ตำบลสันทราย/หน่วยเลือกตั้งที่ 9/ส.ส. 5 ทับ 18.pdf,9,8.0,ตำบลสันทราย,อำเภอฝาง,615.0,499.0,462.0,13.0,24.0,3.0,นายเกรียงกมล ศรีมา,ประชาธิปัตย์,2.0,2,สอง,numeric_text_agree
อำเภอฝาง/ตำบลสันทราย/หน่วยเลือกตั้งที่ 9/ส.ส. 5 ทับ 18.pdf,9,8.0,ตำบลสันทราย,อำเภอฝาง,615.0,499.0,462.0,13.0,24.0,4.0,นายสันติ ตันสุขขี,ก้าวอิสระ,1.0,1,หนึ่ง,numeric_text_agree
อำเภอฝาง/ตำบลสันทราย/หน่วยเลือกตั้งที่ 9/ส.ส. 5 ทับ 18.pdf,9,8.0,ตำบลสันทราย,อำเภอฝาง,615.0,499.0,462.0,13.0,24.0,5.0,นายการุณย์ คูเจริญชัยกุล,กล้าธรรม,264.0,264,สองร้อยหกสิบสี่,numeric_text_agree
อำเภอฝาง/ตำบลสันทราย/หน่วยเลือกตั้งที่ 9/ส.ส. 5 ทับ 18.pdf,9,8.0,ตำบลสันทราย,อำเภอฝาง,615.0,499.0,462.0,13.0,24.0,6.0,นายนิธิกร วุฒิบัณฑัย,เพื่อไทย,44.0,44,สี่สิบสี่,numeric_text_agree
อำเภอฝาง/ตำบลสันทราย/หน่วยเลือกตั้งที่ 9/ส.ส. 5 ทับ 18.pdf,9,8.0,ตำบลสันทราย,อำเภอฝาง,615.0,499.0,462.0,13.0,24.0,7.0,นายไกร ดาบธรรม,พลังประชารัฐ,35.0,35,สามสิบห้า,numeric_text_agree
อำเภอฝาง/ตำบลสันทราย/หน่วยเลือกตั้งที่ 9/ส.ส. 5 ทับ 18.pdf,9,8.0,ตำบลสันทราย,อำเภอฝาง,615.0,499.0,462.0,13.0,24.0,8.0,นายพิสิณฑ์ อุปนันท์,เศรษฐกิจ,5.0,5,ห้า,numeric_text_agree
อำเภอฝาง/ตำบลสันทราย/หน่วยเลือกตั้งที่ 9/ส.ส. 5 ทับ 18.pdf,9,8.0,ตำบลสันทราย,อำเภอฝาง,615.0,499.0,462.0,13.0,24.0,9.0,นายชาญวิทยายุทธ์ อินทร์แก้ว,ประชากรไทย,5.0,5,ห้า,numeric_text_agree
อำเภอฝาง/ตำบลสันทราย/หน่วยเลือกตั้งที่ 8/ส.ส. 5 ทับ 18.pdf,8,5.0,ตำบลสันทราย,อำเภอฝาง,756.0,535.0,507.0,13.0,15.0,1.0,นายอดุลย์ บุญใส,ภูมิใจไทย,66.0,66,หกสิบหก,numeric_text_agree
อำเภอฝาง/ตำบลสันทราย/หน่วยเลือกตั้งที่ 8/ส.ส. 5 ทับ 18.pdf,8,5.0,ตำบลสันทราย,อำเภอฝาง,756.0,535.0,507.0,13.0,15.0,2.0,นายสมดุลย์ อุดเจริญ,ประชาชน,106.0,106,หนึ่งร้อยหก,numeric_text_agree
อำเภอฝาง/ตำบลสันทราย/หน่วยเลือกตั้งที่ 8/ส.ส. 5 ทับ 18.pdf,8,5.0,ตำบลสันทราย,อำเภอฝาง,756.0,535.0,507.0,13.0,15.0,3.0,นายเกรียงกมล ศรีมา,ประชาธิปัตย์,6.0,6,หก,numeric_text_agree
อำเภอฝาง/ตำบลสันทราย/หน่วยเลือกตั้งที่ 8/ส.ส. 5 ทับ 18.pdf,8,5.0,ตำบลสันทราย,อำเภอฝาง,756.0,535.0,507.0,13.0,15.0,4.0,นายสันติ ตันสุขหู,ก้าวอิสระ,6.0,6,หก,numeric_text_agree
อำเภอฝาง/ตำบลสันทราย/หน่วยเลือกตั้งที่ 8/ส.ส. 5 ทับ 18.pdf,8,5.0,ตำบลสันทราย,อำเภอฝาง,756.0,535.0,507.0,13.0,15.0,5.0,นายการุณย์ คูเจริญชัยกุล,กล้าธรรม,129.0,129,หนึ่งร้อยยี่สิบเก้า,numeric_text_agree
อำเภอฝาง/ตำบลสันทราย/หน่วยเลือกตั้งที่ 8/ส.ส. 5 ทับ 18.pdf,8,5.0,ตำบลสันทราย,อำเภอฝาง,756.0,535.0,507.0,13.0,15.0,6.0,นายนิธิกร วุฒินันชัย,เพื่อไทย,131.0,131,หนึ่งร้อยสามสิบเอ็ด,numeric_text_agree
อำเภอฝาง/ตำบลสันทราย/หน่วยเลือกตั้งที่ 8/ส.ส. 5 ทับ 18.pdf,8,5.0,ตำบลสันทราย,อำเภอฝาง,756.0,535.0,507.0,13.0,15.0,7.0,นายไกร ดาบธรรม,พลังประชารัฐ,45.0,45,สี่สิบห้า,numeric_text_agree
อำเภอฝาง/ตำบลสันทราย/หน่วยเลือกตั้งที่ 8/ส.ส. 5 ทับ 18.pdf,8,5.0,ตำบลสันทราย,อำเภอฝาง,756.0,535.0,507.0,13.0,15.0,8.0,นายพิสัณห์ อุปนันท์,เศรษฐกิจ,6.0,6,หก,numeric_text_agree
อำเภอฝาง/ตำบลสันทราย/หน่วยเลือกตั้งที่ 8/ส.ส. 5 ทับ 18.pdf,8,5.0,ตำบลสันทราย,อำเภอฝาง,756.0,535.0,507.0,13.0,15.0,9.0,นายชาญวิทยายุทธ์ อินทร์แก้ว,ประชากรไทย,12.0,12,สิบสอง,numeric_text_agree
อำเภอฝาง/ตำบลสันทราย/หน่วยเลือกตั้งที่ 6/ส.ส. 5 ทับ 18.pdf,6,5.0,ตำบลสันทราย,อำเภอฝาง,418.0,284.0,262.0,16.0,6.0,1.0,นายอดุลย์ บุญใส,ภูมิใจไทย,8.0,8,แปด,numeric_text_agree
อำเภอฝาง/ตำบลสันทราย/หน่วยเลือกตั้งที่ 6/ส.ส. 5 ทับ 18.pdf,6,5.0,ตำบลสันทราย,อำเภอฝาง,418.0,284.0,262.0,16.0,6.0,2.0,นายสมดุลย์ อุดเจริญ,ประชาชน,51.0,51,ห้าสิบเอ็ด,numeric_text_agree
อำเภอฝาง/ตำบลสันทราย/หน่วยเลือกตั้งที่ 6/ส.ส. 5 ทับ 18.pdf,6,5.0,ตำบลสันทราย,อำเภอฝาง,418.0,284.0,262.0,16.0,6.0,3.0,นายเกรียงกมล ศรีมา,ประชาธิปัตย์,4.0,4,สี่,numeric_text_agree
อำเภอฝาง/ตำบลสันทราย/หน่วยเลือกตั้งที่ 6/ส.ส. 5 ทับ 18.pdf,6,5.0,ตำบลสันทราย,อำเภอฝาง,418.0,284.0,262.0,16.0,6.0,4.0,นายสันติ ตันสุขี,ก้าวอิสระ,0.0,0,ศูนย์,numeric_only
อำเภอฝาง/ตำบลสันทราย/หน่วยเลือกตั้งที่ 6/ส.ส. 5 ทับ 18.pdf,6,5.0,ตำบลสันทราย,อำเภอฝาง,418.0,284.0,262.0,16.0,6.0,5.0,นายการุณย์ คูเจริญชัยกุล,กล้าธรรม,133.0,133,หนึ่งร้อยสามสิบสาม,numeric_text_agree
อำเภอฝาง/ตำบลสันทราย/หน่วยเลือกตั้งที่ 6/ส.ส. 5 ทับ 18.pdf,6,5.0,ตำบลสันทราย,อำเภอฝาง,418.0,284.0,262.0,16.0,6.0,6.0,นายนิกร วุฒินันชัย,เพื่อไทย,32.0,32,สามสิบสอง,numeric_text_agree
อำเภอฝาง/ตำบลสันทราย/หน่วยเลือกตั้งที่ 6/ส.ส. 5 ทับ 18.pdf,6,5.0,ตำบลสันทราย,อำเภอฝาง,418.0,284.0,262.0,16.0,6.0,7.0,นายไกร ดาบธรรม,พลังประชารัฐ,24.0,24,ยี่สิบสี่,numeric_text_agree
อำเภอฝาง/ตำบลสันทราย/หน่วยเลือกตั้งที่ 6/ส.ส. 5 ทับ 18.pdf,6,5.0,ตำบลสันทราย,อำเภอฝาง,418.0,284.0,262.0,16.0,6.0,8.0,นายพิสิษฐ์ อุปนันท์,เศรษฐกิจ,8.0,8,แปด,numeric_text_agree
อำเภอฝาง/ตำบลสันทราย/หน่วยเลือกตั้งที่ 6/ส.ส. 5 ทับ 18.pdf,6,5.0,ตำบลสันทราย,อำเภอฝาง,418.0,284.0,262.0,16.0,6.0,9.0,นายชาญวิทยายุทธ อินทร์แก้ว,ประชากรไทย,2.0,2,สอง,numeric_text_agree
อำเภอฝาง/ตำบลสันทราย/หน่วยเลือกตั้งที่ 7/ส.ส. 5 ทับ 18.pdf,7,4.0,ตำบลสันทราย,อำเภอฝาง,317.0,242.0,233.0,6.0,3.0,1.0,นายอดุลย์ บุญใส,ภูมิใจไทย,24.0,24,ยี่สิบสี่,numeric_text_agree
อำเภอฝาง/ตำบลสันทราย/หน่วยเลือกตั้งที่ 7/ส.ส. 5 ทับ 18.pdf,7,4.0,ตำบลสันทราย,อำเภอฝาง,317.0,242.0,233.0,6.0,3.0,2.0,นายสมดุลย์ อุดเจริญ,ประชาชน,40.0,40,สี่สิบ,numeric_text_agree
อำเภอฝาง/ตำบลสันทราย/หน่วยเลือกตั้งที่ 7/ส.ส. 5 ทับ 18.pdf,7,4.0,ตำบลสันทราย,อำเภอฝาง,317.0,242.0,233.0,6.0,3.0,3.0,นายเกรียงกมล ศรีมา,ประชาธิปัตย์,1.0,1,หนึ่ง,numeric_text_agree
อำเภอฝาง/ตำบลสันทราย/หน่วยเลือกตั้งที่ 7/ส.ส. 5 ทับ 18.pdf,7,4.0,ตำบลสันทราย,อำเภอฝาง,317.0,242.0,233.0,6.0,3.0,4.0,นายสันติ ตันสุขหู,ก้าวอิสระ,0.0,0,ศูนย์,numeric_only
อำเภอฝาง/ตำบลสันทราย/หน่วยเลือกตั้งที่ 7/ส.ส. 5 ทับ 18.pdf,7,4.0,ตำบลสันทราย,อำเภอฝาง,317.0,242.0,233.0,6.0,3.0,5.0,นายการุณย์ คูเจริญชัยกุล,กล้าธรรม,98.0,98,เก้าสิบแปด,numeric_text_agree
อำเภอฝาง/ตำบลสันทราย/หน่วยเลือกตั้งที่ 7/ส.ส. 5 ทับ 18.pdf,7,4.0,ตำบลสันทราย,อำเภอฝาง,317.0,242.0,233.0,6.0,3.0,6.0,นายนิธิกร วุฒินันชัย,เพื่อไทย,32.0,32,สามสิบสอง,numeric_text_agree
อำเภอฝาง/ตำบลสันทราย/หน่วยเลือกตั้งที่ 7/ส.ส. 5 ทับ 18.pdf,7,4.0,ตำบลสันทราย,อำเภอฝาง,317.0,242.0,233.0,6.0,3.0,7.0,นายไกร ดาบธรรม,พลังประชารัฐ,28.0,28,ยี่สิบแปด,numeric_text_agree
อำเภอฝาง/ตำบลสันทราย/หน่วยเลือกตั้งที่ 7/ส.ส. 5 ทับ 18.pdf,7,4.0,ตำบลสันทราย,อำเภอฝาง,317.0,242.0,233.0,6.0,3.0,8.0,นายพิสัณฑ์ อุปนันท์,เศรษฐกิจ,7.0,7,เจ็ด,numeric_text_agree
อำเภอฝาง/ตำบลสันทราย/หน่วยเลือกตั้งที่ 7/ส.ส. 5 ทับ 18.pdf,7,4.0,ตำบลสันทราย,อำเภอฝาง,317.0,242.0,233.0,6.0,3.0,9.0,นายชาญวิทยายุทธ์ อินทร์แก้ว,ประชากรไทย,3.0,3,สาม,numeric_text_agree
อำเภอฝาง/ตำบลสันทราย/หน่วยเลือกตั้งที่ 3/ส.ส. 5 ทับ 18.pdf,3,3.0,ตำบลสันทราย,อำเภอฝาง,548.0,425.0,396.0,23.0,13.0,1.0,นายอดุลย์ บุญใส,ภูมิใจไทย,29.0,29,ยี่สิบเก้า,numeric_text_agree
อำเภอฝาง/ตำบลสันทราย/หน่วยเลือกตั้งที่ 3/ส.ส. 5 ทับ 18.pdf,3,3.0,ตำบลสันทราย,อำเภอฝาง,548.0,425.0,396.0,23.0,13.0,2.0,นายสมดุลย์ อุตเจริญ,ประชาชน,67.0,67,หกสิบเจ็ด,numeric_text_agree
อำเภอฝาง/ตำบลสันทราย/หน่วยเลือกตั้งที่ 3/ส.ส. 5 ทับ 18.pdf,3,3.0,ตำบลสันทราย,อำเภอฝาง,548.0,425.0,396.0,23.0,13.0,3.0,นายเกรียงกมล ศรีมา,ประชาธิปัตย์,4.0,4,สี่,numeric_text_agree
อำเภอฝาง/ตำบลสันทราย/หน่วยเลือกตั้งที่ 3/ส.ส. 5 ทับ 18.pdf,3,3.0,ตำบลสันทราย,อำเภอฝาง,548.0,425.0,396.0,23.0,13.0,4.0,นายสันติ ตันสุข,ก้าวอิสระ,1.0,1,หนึ่ง,numeric_text_agree
อำเภอฝาง/ตำบลสันทราย/หน่วยเลือกตั้งที่ 3/ส.ส. 5 ทับ 18.pdf,3,3.0,ตำบลสันทราย,อำเภอฝาง,548.0,425.0,396.0,23.0,13.0,5.0,นายการุณย์ คูเจริญชัยกุล,กล้าธรรม,166.0,166,หนึ่งร้อยหกสิบหก,numeric_text_agree
อำเภอฝาง/ตำบลสันทราย/หน่วยเลือกตั้งที่ 3/ส.ส. 5 ทับ 18.pdf,3,3.0,ตำบลสันทราย,อำเภอฝาง,548.0,425.0,396.0,23.0,13.0,6.0,นายนิธิกร วุฒินันชัย,เพื่อไทย,75.0,75,เจ็ดสิบห้า,numeric_text_agree
อำเภอฝาง/ตำบลสันทราย/หน่วยเลือกตั้งที่ 3/ส.ส. 5 ทับ 18.pdf,3,3.0,ตำบลสันทราย,อำเภอฝาง,548.0,425.0,396.0,23.0,13.0,7.0,นายไกร ดาบธรรม,พลังประชารัฐ,48.0,48,สี่สิบแปด,numeric_text_agree
อำเภอฝาง/ตำบลสันทราย/หน่วยเลือกตั้งที่ 3/ส.ส. 5 ทับ 18.pdf,3,3.0,ตำบลสันทราย,อำเภอฝาง,548.0,425.0,396.0,23.0,13.0,8.0,นายพิสิณฑ์ อุปนันท์,เศรษฐกิจ,4.0,4,สี่,numeric_text_agree
อำเภอฝาง/ตำบลสันทราย/หน่วยเลือกตั้งที่ 3/ส.ส. 5 ทับ 18.pdf,3,3.0,ตำบลสันทราย,อำเภอฝาง,548.0,425.0,396.0,23.0,13.0,9.0,นายชาญวิทยายุทธ์ อินทร์แก้ว,ประชากรไทย,2.0,2,สอง,numeric_text_agree
อำเภอฝาง/ตำบลสันทราย/หน่วยเลือกตั้งที่ 18/ส.ส. 5 ทับ 18.pdf,18,19.0,ตำบลสันทราย,อำเภอฝาง,340.0,294.0,246.0,19.0,19.0,1.0,นายอดุลย์ บุญใส,ภูมิใจไทย,21.0,21,ยี่สิบเอ็ด,numeric_text_agree
อำเภอฝาง/ตำบลสันทราย/หน่วยเลือกตั้งที่ 18/ส.ส. 5 ทับ 18.pdf,18,19.0,ตำบลสันทราย,อำเภอฝาง,340.0,294.0,246.0,19.0,19.0,2.0,นายสมดุลย์ อุตเจริญ,ประชาชน,27.0,27,ยี่สิบเจ็ด,numeric_text_agree
อำเภอฝาง/ตำบลสันทราย/หน่วยเลือกตั้งที่ 18/ส.ส. 5 ทับ 18.pdf,18,19.0,ตำบลสันทราย,อำเภอฝาง,340.0,294.0,246.0,19.0,19.0,3.0,นายเกรียงกมล ศรีมา,ประชาธิปัตย์,2.0,2,สอง,numeric_text_agree
อำเภอฝาง/ตำบลสันทราย/หน่วยเลือกตั้งที่ 18/ส.ส. 5 ทับ 18.pdf,18,19.0,ตำบลสันทราย,อำเภอฝาง,340.0,294.0,246.0,19.0,19.0,4.0,นายสันติ ตันสุข,ก้าวอิสระ,7.0,7,เจ็ด,numeric_text_agree
อำเภอฝาง/ตำบลสันทราย/หน่วยเลือกตั้งที่ 18/ส.ส. 5 ทับ 18.pdf,18,19.0,ตำบลสันทราย,อำเภอฝาง,340.0,294.0,246.0,19.0,19.0,5.0,นายการุณย์ คูเจริญชัยกุล,กล้าธรรม,79.0,79,เจ็ดสิบเก้า,numeric_text_agree
อำเภอฝาง/ตำบลสันทราย/หน่วยเลือกตั้งที่ 18/ส.ส. 5 ทับ 18.pdf,18,19.0,ตำบลสันทราย,อำเภอฝาง,340.0,294.0,246.0,19.0,19.0,6.0,นายนิธิกร วุฒินัย,เพื่อไทย,54.0,54,ห้าสิบสี่,numeric_text_agree
อำเภอฝาง/ตำบลสันทราย/หน่วยเลือกตั้งที่ 18/ส.ส. 5 ทับ 18.pdf,18,19.0,ตำบลสันทราย,อำเภอฝาง,340.0,294.0,246.0,19.0,19.0,7.0,นายไกร ดาบธรรม,พลังประชารัฐ,17.0,17,สิบเจ็ด,numeric_text_agree
อำเภอฝาง/ตำบลสันทราย/หน่วยเลือกตั้งที่ 18/ส.ส. 5 ทับ 18.pdf,18,19.0,ตำบลสันทราย,อำเภอฝาง,340.0,294.0,246.0,19.0,19.0,8.0,นายพิสิณห์ อุปนันท์,เศรษฐกิจ,7.0,7,เจ็ด,numeric_text_agree
อำเภอฝาง/ตำบลสันทราย/หน่วยเลือกตั้งที่ 18/ส.ส. 5 ทับ 18.pdf,18,19.0,ตำบลสันทราย,อำเภอฝาง,340.0,294.0,246.0,19.0,19.0,9.0,นายชาญวิทยายุทธ อินทร์แก้ว,ประชากรไทย,2.0,2,สอง,numeric_text_agree
อำเภอฝาง/ตำบลสันทราย/หน่วยเลือกตั้งที่ 5/ส.ส. 5 ทับ 18.pdf,4,4.0,ตำบลสันทราย,อำเภอฝาง,478.0,308.0,288.0,18.0,10.0,1.0,นายอดุลย์ บุญใส,ภูมิใจไทย,10.0,10,สิบ,numeric_text_agree
อำเภอฝาง/ตำบลสันทราย/หน่วยเลือกตั้งที่ 5/ส.ส. 5 ทับ 18.pdf,4,4.0,ตำบลสันทราย,อำเภอฝาง,478.0,308.0,288.0,18.0,10.0,2.0,นายสมดุลย์ อุดเจริญ,ประชาชน,43.0,43,สี่สิบสาม,numeric_text_agree
อำเภอฝาง/ตำบลสันทราย/หน่วยเลือกตั้งที่ 5/ส.ส. 5 ทับ 18.pdf,4,4.0,ตำบลสันทราย,อำเภอฝาง,478.0,308.0,288.0,18.0,10.0,3.0,นายเกรียงกมล ศรีมา,ประชาธิปัตย์,0.0,0,ศูนย์,numeric_only
อำเภอฝาง/ตำบลสันทราย/หน่วยเลือกตั้งที่ 5/ส.ส. 5 ทับ 18.pdf,4,4.0,ตำบลสันทราย,อำเภอฝาง,478.0,308.0,288.0,18.0,10.0,4.0,นายสันติ ตันสุข,ก้าวอิสระ,2.0,2,สอง,numeric_text_agree
อำเภอฝาง/ตำบลสันทราย/หน่วยเลือกตั้งที่ 5/ส.ส. 5 ทับ 18.pdf,4,4.0,ตำบลสันทราย,อำเภอฝาง,478.0,308.0,288.0,18.0,10.0,5.0,นายการุณย์ คูเจริญชัยกุล,กล้าธรรม,188.0,188,หนึ่งร้อยแปดสิบแปด,numeric_text_agree
อำเภอฝาง/ตำบลสันทราย/หน่วยเลือกตั้งที่ 5/ส.ส. 5 ทับ 18.pdf,4,4.0,ตำบลสันทราย,อำเภอฝาง,478.0,308.0,288.0,18.0,10.0,6.0,นายนิกร วุฒินันชัย,เพื่อไทย,52.0,52,ห้าสิบสอง,numeric_text_agree
อำเภอฝาง/ตำบลสันทราย/หน่วยเลือกตั้งที่ 5/ส.ส. 5 ทับ 18.pdf,4,4.0,ตำบลสันทราย,อำเภอฝาง,478.0,308.0,288.0,18.0,10.0,7.0,นายไกร ดาบธรรม,พลังประชารัฐ,13.0,13,สิบสาม,numeric_text_agree
อำเภอฝาง/ตำบลสันทราย/หน่วยเลือกตั้งที่ 5/ส.ส. 5 ทับ 18.pdf,4,4.0,ตำบลสันทราย,อำเภอฝาง,478.0,308.0,288.0,18.0,10.0,8.0,นายพิสิณห์ อุปนันท์,เศรษฐกิจ,1.0,1,หนึ่ง,numeric_text_agree
อำเภอฝาง/ตำบลสันทราย/หน่วยเลือกตั้งที่ 5/ส.ส. 5 ทับ 18.pdf,4,4.0,ตำบลสันทราย,อำเภอฝาง,478.0,308.0,288.0,18.0,10.0,9.0,นายชาญวิทยายุทธ์ อินทร์แก้ว,ประชากรไทย,7.0,7,เจ็ด,numeric_text_agree
อำเภอฝาง/ตำบลสันทราย/หน่วยเลือกตั้งที่ 4/ส.ส. 5 ทับ 18.pdf,4,4.0,ตำบลสันทราย,อำเภอฝาง,629.0,491.0,447.0,30.0,14.0,1.0,นายอดุลย์ บุญใส,ภูมิใจไทย,15.0,15,สิบห้า,numeric_text_agree
อำเภอฝาง/ตำบลสันทราย/หน่วยเลือกตั้งที่ 4/ส.ส. 5 ทับ 18.pdf,4,4.0,ตำบลสันทราย,อำเภอฝาง,629.0,491.0,447.0,30.0,14.0,2.0,นายสมดุลย์ อุตเจริญ,ประชาชน,85.0,85,แปดสิบห้า,numeric_text_agree
อำเภอฝาง/ตำบลสันทราย/หน่วยเลือกตั้งที่ 4/ส.ส. 5 ทับ 18.pdf,4,4.0,ตำบลสันทราย,อำเภอฝาง,629.0,491.0,447.0,30.0,14.0,3.0,นายเกรียงกมล ศรีมา,ประชาธิปัตย์,1.0,81,หนึ่ง,conflict_prefer_text
อำเภอฝาง/ตำบลสันทราย/หน่วยเลือกตั้งที่ 4/ส.ส. 5 ทับ 18.pdf,4,4.0,ตำบลสันทราย,อำเภอฝาง,629.0,491.0,447.0,30.0,14.0,4.0,นายสันติ ตันสุหัช,ก้าวอิสระ,8.0,8,แปด,numeric_text_agree
อำเภอฝาง/ตำบลสันทราย/หน่วยเลือกตั้งที่ 4/ส.ส. 5 ทับ 18.pdf,4,4.0,ตำบลสันทราย,อำเภอฝาง,629.0,491.0,447.0,30.0,14.0,5.0,นายการุณย์ คูเจริญชัยกุล,กล้าธรรม,212.0,212,สองร้อยสิบสอง,numeric_text_agree
อำเภอฝาง/ตำบลสันทราย/หน่วยเลือกตั้งที่ 4/ส.ส. 5 ทับ 18.pdf,4,4.0,ตำบลสันทราย,อำเภอฝาง,629.0,491.0,447.0,30.0,14.0,6.0,นายนิธิกร วุฒินันชัย,เพื่อไทย,45.0,45,สี่สิบห้า,numeric_text_agree
อำเภอฝาง/ตำบลสันทราย/หน่วยเลือกตั้งที่ 4/ส.ส. 5 ทับ 18.pdf,4,4.0,ตำบลสันทราย,อำเภอฝาง,629.0,491.0,447.0,30.0,14.0,7.0,นายไกร ดาบธรรม,พลังประชารัฐ,70.0,70,เจ็ดสิบ,numeric_text_agree
อำเภอฝาง/ตำบลสันทราย/หน่วยเลือกตั้งที่ 4/ส.ส. 5 ทับ 18.pdf,4,4.0,ตำบลสันทราย,อำเภอฝาง,629.0,491.0,447.0,30.0,14.0,8.0,นายพิสิณฑ์ อุปนันท์,เศรษฐกิจ,7.0,7,เจ็ด,numeric_text_agree
อำเภอฝาง/ตำบลสันทราย/หน่วยเลือกตั้งที่ 4/ส.ส. 5 ทับ 18.pdf,4,4.0,ตำบลสันทราย,อำเภอฝาง,629.0,491.0,447.0,30.0,14.0,9.0,นายชาญวิทยายุทธ์ อินทร์แก้ว,ประชากรไทย,4.0,4,สี่,numeric_text_agree
อำเภอฝาง/ตำบลสันทราย/หน่วยเลือกตั้งที่ 2/ส.ส. 5 ทับ 18.pdf,2,2.0,ตำบลสันทราย,อำเภอฝาง,378.0,290.0,254.0,20.0,16.0,1.0,นายอดุลย์ บุญใส,ภูมิใจไทย,9.0,9,เก้า,numeric_text_agree
อำเภอฝาง/ตำบลสันทราย/หน่วยเลือกตั้งที่ 2/ส.ส. 5 ทับ 18.pdf,2,2.0,ตำบลสันทราย,อำเภอฝาง,378.0,290.0,254.0,20.0,16.0,2.0,นายสมดุลย์ อุดเจริญ,ประชาชน,52.0,52,ห้าสิบสอง,numeric_text_agree
อำเภอฝาง/ตำบลสันทราย/หน่วยเลือกตั้งที่ 2/ส.ส. 5 ทับ 18.pdf,2,2.0,ตำบลสันทราย,อำเภอฝาง,378.0,290.0,254.0,20.0,16.0,3.0,นายเกรียงกมล ศรีมา,ประชาธิปัตย์,4.0,4,สี่,numeric_text_agree
อำเภอฝาง/ตำบลสันทราย/หน่วยเลือกตั้งที่ 2/ส.ส. 5 ทับ 18.pdf,2,2.0,ตำบลสันทราย,อำเภอฝาง,378.0,290.0,254.0,20.0,16.0,4.0,นายสันติ ตันสุขทัย,ก้าวอิสระ,4.0,4,สี่,numeric_text_agree
อำเภอฝาง/ตำบลสันทราย/หน่วยเลือกตั้งที่ 2/ส.ส. 5 ทับ 18.pdf,2,2.0,ตำบลสันทราย,อำเภอฝาง,378.0,290.0,254.0,20.0,16.0,5.0,นายการุณย์ คูเจริญชัยกุล,กล้าธรรม,93.0,93,เก้าสิบสาม,numeric_text_agree
อำเภอฝาง/ตำบลสันทราย/หน่วยเลือกตั้งที่ 2/ส.ส. 5 ทับ 18.pdf,2,2.0,ตำบลสันทราย,อำเภอฝาง,378.0,290.0,254.0,20.0,16.0,6.0,นายนิกร วุฒินันชัย,เพื่อไทย,38.0,38,สามสิบแปด,numeric_text_agree
อำเภอฝาง/ตำบลสันทราย/หน่วยเลือกตั้งที่ 2/ส.ส. 5 ทับ 18.pdf,2,2.0,ตำบลสันทราย,อำเภอฝาง,378.0,290.0,254.0,20.0,16.0,7.0,นายไกร ดาบธรรม,พลังประชารัฐ,48.0,48,สี่สิบแปด,numeric_text_agree
อำเภอฝาง/ตำบลสันทราย/หน่วยเลือกตั้งที่ 2/ส.ส. 5 ทับ 18.pdf,2,2.0,ตำบลสันทราย,อำเภอฝาง,378.0,290.0,254.0,20.0,16.0,8.0,นายพิสิณฑ์ อุปนันท์,เศรษฐกิจ,4.0,4,สี่,numeric_text_agree
อำเภอฝาง/ตำบลสันทราย/หน่วยเลือกตั้งที่ 2/ส.ส. 5 ทับ 18.pdf,2,2.0,ตำบลสันทราย,อำเภอฝาง,378.0,290.0,254.0,20.0,16.0,9.0,นายชาญวิทยายุทธ์ อินทร์แก้ว,ประชากรไทย,2.0,2,สอง,numeric_text_agree
อำเภอฝาง/ตำบลสันทราย/หน่วยเลือกตั้งที่ 14/ส.ส. 5 ทับ 18.pdf,14,13.0,ตำบลสันทราย,อำเภอฝาง,661.0,438.0,389.0,16.0,33.0,1.0,นายอดุลย์ บุญใส,ภูมิใจไทย,29.0,29,ยี่สิบเก้า,numeric_text_agree
อำเภอฝาง/ตำบลสันทราย/หน่วยเลือกตั้งที่ 14/ส.ส. 5 ทับ 18.pdf,14,13.0,ตำบลสันทราย,อำเภอฝาง,661.0,438.0,389.0,16.0,33.0,2.0,นายสมดุลย์ อุดเจริญ,ประชาชน,71.0,71,เจ็ดสิบเอ็ด,numeric_text_agree
อำเภอฝาง/ตำบลสันทราย/หน่วยเลือกตั้งที่ 14/ส.ส. 5 ทับ 18.pdf,14,13.0,ตำบลสันทราย,อำเภอฝาง,661.0,438.0,389.0,16.0,33.0,3.0,นายเกรียงกมล ศรีมา,ประชาธิปัตย์,2.0,2,สอง,numeric_text_agree
อำเภอฝาง/ตำบลสันทราย/หน่วยเลือกตั้งที่ 14/ส.ส. 5 ทับ 18.pdf,14,13.0,ตำบลสันทราย,อำเภอฝาง,661.0,438.0,389.0,16.0,33.0,4.0,นายสันติ ตันสุขหทัย,ก้าวอิสระ,3.0,3,สาม,numeric_text_agree
อำเภอฝาง/ตำบลสันทราย/หน่วยเลือกตั้งที่ 14/ส.ส. 5 ทับ 18.pdf,14,13.0,ตำบลสันทราย,อำเภอฝาง,661.0,438.0,389.0,16.0,33.0,5.0,นายการุณย์ ภูเจริญชัยกุล,กล้าธรรม,127.0,127,หนึ่งร้อยยี่สิบเจ็ด,numeric_text_agree
อำเภอฝาง/ตำบลสันทราย/หน่วยเลือกตั้งที่ 14/ส.ส. 5 ทับ 18.pdf,14,13.0,ตำบลสันทราย,อำเภอฝาง,661.0,438.0,389.0,16.0,33.0,6.0,นายนิกร วุฒินันชัย,เพื่อไทย,89.0,89,แปดสิบเก้า,numeric_text_agree
อำเภอฝาง/ตำบลสันทราย/หน่วยเลือกตั้งที่ 14/ส.ส. 5 ทับ 18.pdf,14,13.0,ตำบลสันทราย,อำเภอฝาง,661.0,438.0,389.0,16.0,33.0,7.0,นายไกร ดาบธรรม,พลังประชารัฐ,55.0,55,ห้าสิบห้า,numeric_text_agree
อำเภอฝาง/ตำบลสันทราย/หน่วยเลือกตั้งที่ 14/ส.ส. 5 ทับ 18.pdf,14,13.0,ตำบลสันทราย,อำเภอฝาง,661.0,438.0,389.0,16.0,33.0,8.0,นายพิสิณฑ์ อุปนันท์,เศรษฐกิจ,4.0,4,สี่,numeric_text_agree
อำเภอฝาง/ตำบลสันทราย/หน่วยเลือกตั้งที่ 14/ส.ส. 5 ทับ 18.pdf,14,13.0,ตำบลสันทราย,อำเภอฝาง,661.0,438.0,389.0,16.0,33.0,9.0,นายชาญวิทยายุทธ์ อินทร์แก้ว,ประชากรไทย,9.0,9,เก้า,numeric_text_agree
อำเภอฝาง/ตำบลสันทราย/หน่วยเลือกตั้งที่ 15/ส.ส. 5 ทับ 18.pdf,15,14.0,ตำบลสันทราย,อำเภอฝาง,388.0,286.0,271.0,10.0,5.0,1.0,นายอดุลย์ บุญใส,ภูมิใจไทย,18.0,18,สิบแปด,numeric_text_agree
อำเภอฝาง/ตำบลสันทราย/หน่วยเลือกตั้งที่ 15/ส.ส. 5 ทับ 18.pdf,15,14.0,ตำบลสันทราย,อำเภอฝาง,388.0,286.0,271.0,10.0,5.0,2.0,นายสมดุลย์ อุดเจริญ,ประชาชน,41.0,41,สี่สิบเอ็ด,numeric_text_agree
อำเภอฝาง/ตำบลสันทราย/หน่วยเลือกตั้งที่ 15/ส.ส. 5 ทับ 18.pdf,15,14.0,ตำบลสันทราย,อำเภอฝาง,388.0,286.0,271.0,10.0,5.0,3.0,นายเกรียงกมล ศรีมา,ประชาธิปัตย์,1.0,1,หนึ่ง,numeric_text_agree
อำเภอฝาง/ตำบลสันทราย/หน่วยเลือกตั้งที่ 15/ส.ส. 5 ทับ 18.pdf,15,14.0,ตำบลสันทราย,อำเภอฝาง,388.0,286.0,271.0,10.0,5.0,4.0,นายสันติ ตันสุข,ก้าวอิสระ,1.0,1,หนึ่ง,numeric_text_agree
อำเภอฝาง/ตำบลสันทราย/หน่วยเลือกตั้งที่ 15/ส.ส. 5 ทับ 18.pdf,15,14.0,ตำบลสันทราย,อำเภอฝาง,388.0,286.0,271.0,10.0,5.0,5.0,นายกาญจน์ ภูเจริญชัยกุล,กล้าธรรม,157.0,157,หนึ่งร้อยห้าสิบเจ็ด,numeric_text_agree
อำเภอฝาง/ตำบลสันทราย/หน่วยเลือกตั้งที่ 15/ส.ส. 5 ทับ 18.pdf,15,14.0,ตำบลสันทราย,อำเภอฝาง,388.0,286.0,271.0,10.0,5.0,6.0,นายนิธิกร วุฒินัย,เพื่อไทย,27.0,27,ยี่สิบเจ็ด,numeric_text_agree
อำเภอฝาง/ตำบลสันทราย/หน่วยเลือกตั้งที่ 15/ส.ส. 5 ทับ 18.pdf,15,14.0,ตำบลสันทราย,อำเภอฝาง,388.0,286.0,271.0,10.0,5.0,7.0,นายไกร ดาบธรรม,พลังประชารัฐ,21.0,21,ยี่สิบเอ็ด,numeric_text_agree
อำเภอฝาง/ตำบลสันทราย/หน่วยเลือกตั้งที่ 15/ส.ส. 5 ทับ 18.pdf,15,14.0,ตำบลสันทราย,อำเภอฝาง,388.0,286.0,271.0,10.0,5.0,8.0,นายพิสิณฑ์ อุปนันท์,เศรษฐกิจ,2.0,2,สอง,numeric_text_agree
อำเภอฝาง/ตำบลสันทราย/หน่วยเลือกตั้งที่ 15/ส.ส. 5 ทับ 18.pdf,15,14.0,ตำบลสันทราย,อำเภอฝาง,388.0,286.0,271.0,10.0,5.0,9.0,นายชาญวิทยายุทธ์ อินทร์แก้ว,ประชากรไทย,3.0,3,สาม,numeric_text_agree
อำเภอฝาง/ตำบลสันทราย/หน่วยเลือกตั้งที่ 17/ส.ส. 5 ทับ 18.pdf,17,16.0,ตำบลสันทราย,อำเภอฝาง,630.0,454.0,413.0,23.0,18.0,1.0,นายอดุลย์ บุญใส,ภูมิใจไทย,27.0,27,ยี่สิบเจ็ด,numeric_text_agree
อำเภอฝาง/ตำบลสันทราย/หน่วยเลือกตั้งที่ 17/ส.ส. 5 ทับ 18.pdf,17,16.0,ตำบลสันทราย,อำเภอฝาง,630.0,454.0,413.0,23.0,18.0,2.0,นายสมดุลย์ อุดมเจริญ,ประชาชน,62.0,62,หกสิบสอง,numeric_text_agree
อำเภอฝาง/ตำบลสันทราย/หน่วยเลือกตั้งที่ 17/ส.ส. 5 ทับ 18.pdf,17,16.0,ตำบลสันทราย,อำเภอฝาง,630.0,454.0,413.0,23.0,18.0,3.0,นายเกรียงกมล ศรีมา,ประชาธิปัตย์,0.0,0,ศูนย์,numeric_only
อำเภอฝาง/ตำบลสันทราย/หน่วยเลือกตั้งที่ 17/ส.ส. 5 ทับ 18.pdf,17,16.0,ตำบลสันทราย,อำเภอฝาง,630.0,454.0,413.0,23.0,18.0,4.0,นายสันติ ตันสุขขี,ก้าวอิสระ,6.0,6,หก,numeric_text_agree
อำเภอฝาง/ตำบลสันทราย/หน่วยเลือกตั้งที่ 17/ส.ส. 5 ทับ 18.pdf,17,16.0,ตำบลสันทราย,อำเภอฝาง,630.0,454.0,413.0,23.0,18.0,5.0,นายกาญจน์ คูเจริญชัยกุล,กล้าธรรม,188.0,188,หนึ่งร้อยแปดสิบแปด,numeric_text_agree
อำเภอฝาง/ตำบลสันทราย/หน่วยเลือกตั้งที่ 17/ส.ส. 5 ทับ 18.pdf,17,16.0,ตำบลสันทราย,อำเภอฝาง,630.0,454.0,413.0,23.0,18.0,6.0,นายนิกร วุฒิบัณชัย,เพื่อไทย,68.0,68,หกสิบแปด,numeric_text_agree
อำเภอฝาง/ตำบลสันทราย/หน่วยเลือกตั้งที่ 17/ส.ส. 5 ทับ 18.pdf,17,16.0,ตำบลสันทราย,อำเภอฝาง,630.0,454.0,413.0,23.0,18.0,7.0,นายไกร ดาบธรรม,พลังประชารัฐ,56.0,56,ห้าสิบหก,numeric_text_agree
อำเภอฝาง/ตำบลสันทราย/หน่วยเลือกตั้งที่ 17/ส.ส. 5 ทับ 18.pdf,17,16.0,ตำบลสันทราย,อำเภอฝาง,630.0,454.0,413.0,23.0,18.0,8.0,นายพิสัณฑ์ อุปนันท์,เศรษฐกิจ,2.0,2,สอง,numeric_text_agree
อำเภอฝาง/ตำบลสันทราย/หน่วยเลือกตั้งที่ 17/ส.ส. 5 ทับ 18.pdf,17,16.0,ตำบลสันทราย,อำเภอฝาง,630.0,454.0,413.0,23.0,18.0,9.0,นายชาญวิทยายุทธ์ อินทร์แก้ว,ประชากรไทย,4.0,4,สี่,numeric_text_agree
อำเภอฝาง/ตำบลสันทราย/หน่วยเลือกตั้งที่ 13/ส.ส. 5 ทับ 18.pdf,10,12.0,ตำบลสันทราย,อำเภอฝาง,204.0,163.0,146.0,12.0,5.0,1.0,นายอดุลย์ บุญใส,ภูมิใจไทย,2.0,2,สอง,numeric_text_agree
อำเภอฝาง/ตำบลสันทราย/หน่วยเลือกตั้งที่ 13/ส.ส. 5 ทับ 18.pdf,10,12.0,ตำบลสันทราย,อำเภอฝาง,204.0,163.0,146.0,12.0,5.0,2.0,นายสมดุลย์ อุดเจริญ,ประชาชน,18.0,18,สิบแปด,numeric_text_agree
อำเภอฝาง/ตำบลสันทราย/หน่วยเลือกตั้งที่ 13/ส.ส. 5 ทับ 18.pdf,10,12.0,ตำบลสันทราย,อำเภอฝาง,204.0,163.0,146.0,12.0,5.0,3.0,นายเกรียงกมล ศรีมา,ประชาธิปัตย์,0.0,0,ศูนย์,numeric_only
อำเภอฝาง/ตำบลสันทราย/หน่วยเลือกตั้งที่ 13/ส.ส. 5 ทับ 18.pdf,10,12.0,ตำบลสันทราย,อำเภอฝาง,204.0,163.0,146.0,12.0,5.0,4.0,นายสันติ ตันสุขทัย,ก้าวอิสระ,1.0,1,หนึ่ง,numeric_text_agree
อำเภอฝาง/ตำบลสันทราย/หน่วยเลือกตั้งที่ 13/ส.ส. 5 ทับ 18.pdf,10,12.0,ตำบลสันทราย,อำเภอฝาง,204.0,163.0,146.0,12.0,5.0,5.0,นายการุณย์ คูเจริญชัยกุล,กล้าธรรม,68.0,68,หกสิบแปด,numeric_text_agree
อำเภอฝาง/ตำบลสันทราย/หน่วยเลือกตั้งที่ 13/ส.ส. 5 ทับ 18.pdf,10,12.0,ตำบลสันทราย,อำเภอฝาง,204.0,163.0,146.0,12.0,5.0,6.0,นายนิธิกร วุฒินันชัย,เพื่อไทย,30.0,30,สามสิบ,numeric_text_agree
อำเภอฝาง/ตำบลสันทราย/หน่วยเลือกตั้งที่ 13/ส.ส. 5 ทับ 18.pdf,10,12.0,ตำบลสันทราย,อำเภอฝาง,204.0,163.0,146.0,12.0,5.0,7.0,นายไกร ดาบธรรม,พลังประชารัฐ,23.0,23,ยี่สิบสาม,numeric_text_agree
อำเภอฝาง/ตำบลสันทราย/หน่วยเลือกตั้งที่ 13/ส.ส. 5 ทับ 18.pdf,10,12.0,ตำบลสันทราย,อำเภอฝาง,204.0,163.0,146.0,12.0,5.0,8.0,นายพิสัณห์ อุปนันท์,เศรษฐกิจ,1.0,1,หนึ่ง,numeric_text_agree
อำเภอฝาง/ตำบลสันทราย/หน่วยเลือกตั้งที่ 13/ส.ส. 5 ทับ 18.pdf,10,12.0,ตำบลสันทราย,อำเภอฝาง,204.0,163.0,146.0,12.0,5.0,9.0,นายชาญวิทยายุทธ อินทร์แก้ว,ประชากรไทย,3.0,3,สาม,numeric_text_agree
อำเภอฝาง/ตำบลสันทราย/หน่วยเลือกตั้งที่ 1/ส.ส. 5 ทับ 18.pdf,1,1.0,ตำบลสันทราย,อำเภอฝาง,508.0,372.0,349.0,11.0,12.0,1.0,นายอดุลย์ บุญใส,ภูมิใจไทย,15.0,15,สิบห้า,numeric_text_agree
อำเภอฝาง/ตำบลสันทราย/หน่วยเลือกตั้งที่ 1/ส.ส. 5 ทับ 18.pdf,1,1.0,ตำบลสันทราย,อำเภอฝาง,508.0,372.0,349.0,11.0,12.0,2.0,นายสมดุลย์ อุดเจริญ,ประชาชน,75.0,75,เจ็ดสิบห้า,numeric_text_agree
อำเภอฝาง/ตำบลสันทราย/หน่วยเลือกตั้งที่ 1/ส.ส. 5 ทับ 18.pdf,1,1.0,ตำบลสันทราย,อำเภอฝาง,508.0,372.0,349.0,11.0,12.0,3.0,นายเกรียงกมล ศรีมา,ประชาธิปัตย์,1.0,1,หนึ่ง,numeric_text_agree
อำเภอฝาง/ตำบลสันทราย/หน่วยเลือกตั้งที่ 1/ส.ส. 5 ทับ 18.pdf,1,1.0,ตำบลสันทราย,อำเภอฝาง,508.0,372.0,349.0,11.0,12.0,4.0,นายสันติ ตันสุหัช,ก้าวอิสระ,2.0,2,สอง,numeric_text_agree
อำเภอฝาง/ตำบลสันทราย/หน่วยเลือกตั้งที่ 1/ส.ส. 5 ทับ 18.pdf,1,1.0,ตำบลสันทราย,อำเภอฝาง,508.0,372.0,349.0,11.0,12.0,5.0,นายการุณย์ คูเจริญชัยกุล,กล้าธรรม,135.0,135,หนึ่งร้อยสามสิบห้า,numeric_text_agree
อำเภอฝาง/ตำบลสันทราย/หน่วยเลือกตั้งที่ 1/ส.ส. 5 ทับ 18.pdf,1,1.0,ตำบลสันทราย,อำเภอฝาง,508.0,372.0,349.0,11.0,12.0,6.0,นายนิธิกร วุฒินันชัย,เพื่อไทย,79.0,79,เจ็ดสิบเก้า,numeric_text_agree
อำเภอฝาง/ตำบลสันทราย/หน่วยเลือกตั้งที่ 1/ส.ส. 5 ทับ 18.pdf,1,1.0,ตำบลสันทราย,อำเภอฝาง,508.0,372.0,349.0,11.0,12.0,7.0,นายไกร ดาบธรรม,พลังประชารัฐ,29.0,29,ยี่สิบเก้า,numeric_text_agree
อำเภอฝาง/ตำบลสันทราย/หน่วยเลือกตั้งที่ 1/ส.ส. 5 ทับ 18.pdf,1,1.0,ตำบลสันทราย,อำเภอฝาง,508.0,372.0,349.0,11.0,12.0,8.0,นายพิสิณห์ อุปนันท์,เศรษฐกิจ,5.0,5,ห้า,numeric_text_agree
อำเภอฝาง/ตำบลสันทราย/หน่วยเลือกตั้งที่ 1/ส.ส. 5 ทับ 18.pdf,1,1.0,ตำบลสันทราย,อำเภอฝาง,508.0,372.0,349.0,11.0,12.0,9.0,นายชาญวิทยายุทธ์ อินทร์แก้ว,ประชากรไทย,8.0,8,แปด,numeric_text_agree
อำเภอฝาง/ตำบลสันทราย/หน่วยเลือกตั้งที่ 12/ส.ส. 5 ทับ 18.pdf,12,11.0,ตำบลสันทราย,อำเภอฝาง,617.0,469.0,426.0,16.0,27.0,1.0,นายอดุลย์ บุญใส,ภูมิใจไทย,34.0,34,สามสิบสี่,numeric_text_agree
อำเภอฝาง/ตำบลสันทราย/หน่วยเลือกตั้งที่ 12/ส.ส. 5 ทับ 18.pdf,12,11.0,ตำบลสันทราย,อำเภอฝาง,617.0,469.0,426.0,16.0,27.0,2.0,นายสมดุลย์ อุตเจริญ,ประชาชน,71.0,71,เจ็ดสิบเอ็ด,numeric_text_agree
อำเภอฝาง/ตำบลสันทราย/หน่วยเลือกตั้งที่ 12/ส.ส. 5 ทับ 18.pdf,12,11.0,ตำบลสันทราย,อำเภอฝาง,617.0,469.0,426.0,16.0,27.0,3.0,นายเกรียงกมล ศรีมา,ประชาธิปัตย์,1.0,1,หนึ่ง,numeric_text_agree
อำเภอฝาง/ตำบลสันทราย/หน่วยเลือกตั้งที่ 12/ส.ส. 5 ทับ 18.pdf,12,11.0,ตำบลสันทราย,อำเภอฝาง,617.0,469.0,426.0,16.0,27.0,4.0,นายสันติ ตันสุหัช,ก้าวอิสระ,2.0,2,สอง,numeric_text_agree
อำเภอฝาง/ตำบลสันทราย/หน่วยเลือกตั้งที่ 12/ส.ส. 5 ทับ 18.pdf,12,11.0,ตำบลสันทราย,อำเภอฝาง,617.0,469.0,426.0,16.0,27.0,5.0,นายการุณย์ คูเจริญชัยกุล,กล้าธรรม,225.0,225,สองร้อยยี่สิบห้า,numeric_text_agree
อำเภอฝาง/ตำบลสันทราย/หน่วยเลือกตั้งที่ 12/ส.ส. 5 ทับ 18.pdf,12,11.0,ตำบลสันทราย,อำเภอฝาง,617.0,469.0,426.0,16.0,27.0,6.0,นายนิธิกร วุฒินันชัย,เพื่อไทย,69.0,69,หกสิบเก้า,numeric_text_agree
อำเภอฝาง/ตำบลสันทราย/หน่วยเลือกตั้งที่ 12/ส.ส. 5 ทับ 18.pdf,12,11.0,ตำบลสันทราย,อำเภอฝาง,617.0,469.0,426.0,16.0,27.0,7.0,นายไกร ดาบธรรม,พลังประชารัฐ,16.0,16,สิบหก,numeric_text_agree
อำเภอฝาง/ตำบลสันทราย/หน่วยเลือกตั้งที่ 12/ส.ส. 5 ทับ 18.pdf,12,11.0,ตำบลสันทราย,อำเภอฝาง,617.0,469.0,426.0,16.0,27.0,8.0,นายพิสัณห์ อุปนันท์,เศรษฐกิจ,2.0,2,สอง,numeric_text_agree
อำเภอฝาง/ตำบลสันทราย/หน่วยเลือกตั้งที่ 12/ส.ส. 5 ทับ 18.pdf,12,11.0,ตำบลสันทราย,อำเภอฝาง,617.0,469.0,426.0,16.0,27.0,9.0,นายชาญวิทยายุทธ์ อินทร์แก้ว,ประชากรไทย,6.0,6,หก,numeric_text_agree
อำเภอฝาง/ตำบลสันทราย/หน่วยเลือกตั้งที่ 11/ส.ส. 5 ทับ 18.pdf,11,10.0,ตำบลสันทราย,อำเภอฝาง,400.0,297.0,279.0,10.0,8.0,1.0,นายอดุลย์ บุญใส,ภูมิใจไทย,20.0,20,ยี่สิบ,numeric_text_agree
อำเภอฝาง/ตำบลสันทราย/หน่วยเลือกตั้งที่ 11/ส.ส. 5 ทับ 18.pdf,11,10.0,ตำบลสันทราย,อำเภอฝาง,400.0,297.0,279.0,10.0,8.0,2.0,นายสมดุลย์ อุดเจริญ,ประชาชน,48.0,48,สี่สิบแปด,numeric_text_agree
อำเภอฝาง/ตำบลสันทราย/หน่วยเลือกตั้งที่ 11/ส.ส. 5 ทับ 18.pdf,11,10.0,ตำบลสันทราย,อำเภอฝาง,400.0,297.0,279.0,10.0,8.0,3.0,นายเกรียงกมล ศรีมา,ประชาธิปัตย์,1.0,1,หนึ่ง,numeric_text_agree
อำเภอฝาง/ตำบลสันทราย/หน่วยเลือกตั้งที่ 11/ส.ส. 5 ทับ 18.pdf,11,10.0,ตำบลสันทราย,อำเภอฝาง,400.0,297.0,279.0,10.0,8.0,4.0,นายสันติ ตันสุหัช,ก้าวอิสระ,2.0,2,สอง,numeric_text_agree
อำเภอฝาง/ตำบลสันทราย/หน่วยเลือกตั้งที่ 11/ส.ส. 5 ทับ 18.pdf,11,10.0,ตำบลสันทราย,อำเภอฝาง,400.0,297.0,279.0,10.0,8.0,5.0,นายการุณย์ คูเจริญชัยกุล,กล้าธรรม,91.0,91,เก้าสิบเอ็ด,numeric_text_agree
อำเภอฝาง/ตำบลสันทราย/หน่วยเลือกตั้งที่ 11/ส.ส. 5 ทับ 18.pdf,11,10.0,ตำบลสันทราย,อำเภอฝาง,400.0,297.0,279.0,10.0,8.0,6.0,นายนิธิกร วุฒินันชัย,เพื่อไทย,55.0,55,ห้าสิบห้า,numeric_text_agree
อำเภอฝาง/ตำบลสันทราย/หน่วยเลือกตั้งที่ 11/ส.ส. 5 ทับ 18.pdf,11,10.0,ตำบลสันทราย,อำเภอฝาง,400.0,297.0,279.0,10.0,8.0,7.0,นายไกร ดาบธรรม,พลังประชารัฐ,51.0,51,ห้าสิบเอ็ด,numeric_text_agree
อำเภอฝาง/ตำบลสันทราย/หน่วยเลือกตั้งที่ 11/ส.ส. 5 ทับ 18.pdf,11,10.0,ตำบลสันทราย,อำเภอฝาง,400.0,297.0,279.0,10.0,8.0,8.0,นายพิสัณห์ อุปนันท์,เศรษฐกิจ,6.0,6,หก,numeric_text_agree
อำเภอฝาง/ตำบลสันทราย/หน่วยเลือกตั้งที่ 11/ส.ส. 5 ทับ 18.pdf,11,10.0,ตำบลสันทราย,อำเภอฝาง,400.0,297.0,279.0,10.0,8.0,9.0,นายชาญวิทยายุทธ์ อินทร์แก้ว,ประชากรไทย,2.0,2,สอง,numeric_text_agree
อำเภอฝาง/ตำบลเวียง/หน่วยเลือกตั้งที่ 8/สส. 5ทับ18.pdf,8,4.0,ตำบลเวียง,อำเภอฝาง,233.0,185.0,155.0,3.0,6.0,1.0,นายอดุลย์ บุญใส,ภูมิใจไทย,3.0,3,สาม,numeric_text_agree
อำเภอฝาง/ตำบลเวียง/หน่วยเลือกตั้งที่ 8/สส. 5ทับ18.pdf,8,4.0,ตำบลเวียง,อำเภอฝาง,233.0,185.0,155.0,3.0,6.0,2.0,นายสมดุลย์ อุดเจริญ,ประชาชน,52.0,52,ห้าสิบสอง,numeric_text_agree
อำเภอฝาง/ตำบลเวียง/หน่วยเลือกตั้งที่ 8/สส. 5ทับ18.pdf,8,4.0,ตำบลเวียง,อำเภอฝาง,233.0,185.0,155.0,3.0,6.0,3.0,นายเกรียงกมล ศรีมา,ประชาธิปัตย์,1.0,1,หนึ่ง,numeric_text_agree
อำเภอฝาง/ตำบลเวียง/หน่วยเลือกตั้งที่ 8/สส. 5ทับ18.pdf,8,4.0,ตำบลเวียง,อำเภอฝาง,233.0,185.0,155.0,3.0,6.0,4.0,นายสันติ ตันสุข,ก้าวอิสระ,0.0,0,ศูนย์,numeric_only
อำเภอฝาง/ตำบลเวียง/หน่วยเลือกตั้งที่ 8/สส. 5ทับ18.pdf,8,4.0,ตำบลเวียง,อำเภอฝาง,233.0,185.0,155.0,3.0,6.0,5.0,นายการุณย์ คูเจริญชัยกุล,กล้าธรรม,59.0,59,ห้าสิบเก้า,numeric_text_agree
อำเภอฝาง/ตำบลเวียง/หน่วยเลือกตั้งที่ 8/สส. 5ทับ18.pdf,8,4.0,ตำบลเวียง,อำเภอฝาง,233.0,185.0,155.0,3.0,6.0,6.0,นายนิธิกร วุฒินันชัย,เพื่อไทย,24.0,24,ยี่สิบสี่,numeric_text_agree
อำเภอฝาง/ตำบลเวียง/หน่วยเลือกตั้งที่ 8/สส. 5ทับ18.pdf,8,4.0,ตำบลเวียง,อำเภอฝาง,233.0,185.0,155.0,3.0,6.0,7.0,นายไกร ดาบธรรม,พลังประชารัฐ,15.0,15,สิบห้า,numeric_text_agree
อำเภอฝาง/ตำบลเวียง/หน่วยเลือกตั้งที่ 8/สส. 5ทับ18.pdf,8,4.0,ตำบลเวียง,อำเภอฝาง,233.0,185.0,155.0,3.0,6.0,8.0,นายพิสัณห์ อุปนันท์,เศรษฐกิจ,1.0,1,หนึ่ง,numeric_text_agree
อำเภอฝาง/ตำบลเวียง/หน่วยเลือกตั้งที่ 8/สส. 5ทับ18.pdf,8,4.0,ตำบลเวียง,อำเภอฝาง,233.0,185.0,155.0,3.0,6.0,9.0,นายชาญวิทยายุทธ์ อินทร์แก้ว,ประชากรไทย,0.0,0,ศูนย์,numeric_only
อำเภอฝาง/ตำบลเวียง/หน่วยเลือกตั้งที่ 9/สส. 5ทับ18.pdf,9,10.0,ตำบลเวียง,อำเภอฝาง,491.0,260.0,224.0,26.0,10.0,1.0,นายอดุลย์ บุญใส,ภูมิใจไทย,8.0,8,แปด,numeric_text_agree
อำเภอฝาง/ตำบลเวียง/หน่วยเลือกตั้งที่ 9/สส. 5ทับ18.pdf,9,10.0,ตำบลเวียง,อำเภอฝาง,491.0,260.0,224.0,26.0,10.0,2.0,นายสมดุลย์ อุดเจริญ,ประชาชน,29.0,29,ยี่สิบเก้า,numeric_text_agree
อำเภอฝาง/ตำบลเวียง/หน่วยเลือกตั้งที่ 9/สส. 5ทับ18.pdf,9,10.0,ตำบลเวียง,อำเภอฝาง,491.0,260.0,224.0,26.0,10.0,3.0,นายเกรียงกมล ศรีมา,ประชาธิปัตย์,2.0,7,สอง,conflict_prefer_text
อำเภอฝาง/ตำบลเวียง/หน่วยเลือกตั้งที่ 9/สส. 5ทับ18.pdf,9,10.0,ตำบลเวียง,อำเภอฝาง,491.0,260.0,224.0,26.0,10.0,4.0,นายสันติ ตันสุขขี,ก้าวอิสระ,8.0,8,แปด,numeric_text_agree
อำเภอฝาง/ตำบลเวียง/หน่วยเลือกตั้งที่ 9/สส. 5ทับ18.pdf,9,10.0,ตำบลเวียง,อำเภอฝาง,491.0,260.0,224.0,26.0,10.0,5.0,นายการุณย์ คูเจริญชัยกุล,กล้าธรรม,148.0,148,หนึ่งร้อยสี่สิบแปด,numeric_text_agree
อำเภอฝาง/ตำบลเวียง/หน่วยเลือกตั้งที่ 9/สส. 5ทับ18.pdf,9,10.0,ตำบลเวียง,อำเภอฝาง,491.0,260.0,224.0,26.0,10.0,6.0,นายนิธิกร วุฒินันชัย,เพื่อไทย,20.0,20,ยี่สิบ,numeric_text_agree
อำเภอฝาง/ตำบลเวียง/หน่วยเลือกตั้งที่ 9/สส. 5ทับ18.pdf,9,10.0,ตำบลเวียง,อำเภอฝาง,491.0,260.0,224.0,26.0,10.0,7.0,นายไกร ดาบธรรม,พลังประชารัฐ,16.0,16,สิบหก,numeric_text_agree
อำเภอฝาง/ตำบลเวียง/หน่วยเลือกตั้งที่ 9/สส. 5ทับ18.pdf,9,10.0,ตำบลเวียง,อำเภอฝาง,491.0,260.0,224.0,26.0,10.0,8.0,นายพิสิณห์ อุปนันท์,เศรษฐกิจ,3.0,3,สาม,numeric_text_agree
อำเภอฝาง/ตำบลเวียง/หน่วยเลือกตั้งที่ 9/สส. 5ทับ18.pdf,9,10.0,ตำบลเวียง,อำเภอฝาง,491.0,260.0,224.0,26.0,10.0,9.0,นายชาญวิทยายุทธ อินทร์แก้ว,ประชากรไทย,3.0,3,สาม,numeric_text_agree
อำเภอฝาง/ตำบลเวียง/หน่วยเลือกตั้งที่ 6/สส. 5ทับ18.pdf,6,7.0,ตำบลเวียง,อำเภอฝาง,690.0,503.0,470.0,10.0,23.0,1.0,นายอดุลย์ บุญใส,ภูมิใจไทย,3.0,3,สาม,numeric_text_agree
อำเภอฝาง/ตำบลเวียง/หน่วยเลือกตั้งที่ 6/สส. 5ทับ18.pdf,6,7.0,ตำบลเวียง,อำเภอฝาง,690.0,503.0,470.0,10.0,23.0,2.0,นายสมดุลย์ อุดเจริญ,ประชาชน,100.0,100,หนึ่งร้อย,numeric_text_agree
อำเภอฝาง/ตำบลเวียง/หน่วยเลือกตั้งที่ 6/สส. 5ทับ18.pdf,6,7.0,ตำบลเวียง,อำเภอฝาง,690.0,503.0,470.0,10.0,23.0,3.0,นายเกรียงกมล ศรีมา,ประชาธิปัตย์,2.0,2,สอง,numeric_text_agree
อำเภอฝาง/ตำบลเวียง/หน่วยเลือกตั้งที่ 6/สส. 5ทับ18.pdf,6,7.0,ตำบลเวียง,อำเภอฝาง,690.0,503.0,470.0,10.0,23.0,4.0,นายสันติ ตันสุขี,ก้าวอิสระ,2.0,2,สอง,numeric_text_agree
อำเภอฝาง/ตำบลเวียง/หน่วยเลือกตั้งที่ 6/สส. 5ทับ18.pdf,6,7.0,ตำบลเวียง,อำเภอฝาง,690.0,503.0,470.0,10.0,23.0,5.0,นายกาญจน์ คูเจริญชัยกุล,กล้าธรรม,246.0,246,สองร้อยสี่สิบหก,numeric_text_agree
อำเภอฝาง/ตำบลเวียง/หน่วยเลือกตั้งที่ 6/สส. 5ทับ18.pdf,6,7.0,ตำบลเวียง,อำเภอฝาง,690.0,503.0,470.0,10.0,23.0,6.0,นายนิธิกร วุฒินันชัย,เพื่อไทย,47.0,47,สี่สิบเจ็ด,numeric_text_agree
อำเภอฝาง/ตำบลเวียง/หน่วยเลือกตั้งที่ 6/สส. 5ทับ18.pdf,6,7.0,ตำบลเวียง,อำเภอฝาง,690.0,503.0,470.0,10.0,23.0,7.0,นายไกร ดาบธรรม,พลังประชารัฐ,60.0,60,หกสิบ,numeric_text_agree
อำเภอฝาง/ตำบลเวียง/หน่วยเลือกตั้งที่ 6/สส. 5ทับ18.pdf,6,7.0,ตำบลเวียง,อำเภอฝาง,690.0,503.0,470.0,10.0,23.0,8.0,นายพิสิณฑ์ อุปนันท์,เศรษฐกิจ,3.0,3,สาม,numeric_text_agree
อำเภอฝาง/ตำบลเวียง/หน่วยเลือกตั้งที่ 6/สส. 5ทับ18.pdf,6,7.0,ตำบลเวียง,อำเภอฝาง,690.0,503.0,470.0,10.0,23.0,9.0,นายชาญวิทยายุทธ์ อินทร์แก้ว,ประชากรไทย,2.0,2,สอง,numeric_text_agree
อำเภอฝาง/ตำบลเวียง/หน่วยเลือกตั้งที่ 7/สส. 5ทับ18.pdf,7,8.0,ตำบลเวียง,อำเภอฝาง,629.0,497.0,473.0,11.0,13.0,1.0,นายอดุลย์ บุญใส,ภูมิใจไทย,9.0,9,เก้า,numeric_text_agree
อำเภอฝาง/ตำบลเวียง/หน่วยเลือกตั้งที่ 7/สส. 5ทับ18.pdf,7,8.0,ตำบลเวียง,อำเภอฝาง,629.0,497.0,473.0,11.0,13.0,2.0,นายสมดุลย์ อุดเจริญ,ประชาชน,27.0,27,ยี่สิบเจ็ด,numeric_text_agree
อำเภอฝาง/ตำบลเวียง/หน่วยเลือกตั้งที่ 7/สส. 5ทับ18.pdf,7,8.0,ตำบลเวียง,อำเภอฝาง,629.0,497.0,473.0,11.0,13.0,3.0,นายเกรียงกมล ศรีมา,ประชาธิปัตย์,2.0,2,สอง,numeric_text_agree
อำเภอฝาง/ตำบลเวียง/หน่วยเลือกตั้งที่ 7/สส. 5ทับ18.pdf,7,8.0,ตำบลเวียง,อำเภอฝาง,629.0,497.0,473.0,11.0,13.0,4.0,นายสันติ ตันสุข,ก้าวอิสระ,0.0,0,ศูนย์,numeric_only
อำเภอฝาง/ตำบลเวียง/หน่วยเลือกตั้งที่ 7/สส. 5ทับ18.pdf,7,8.0,ตำบลเวียง,อำเภอฝาง,629.0,497.0,473.0,11.0,13.0,5.0,นายการุณย์ คูเจริญชัยกุล,กล้าธรรม,325.0,325,สามร้อยยี่สิบห้า,numeric_text_agree
อำเภอฝาง/ตำบลเวียง/หน่วยเลือกตั้งที่ 7/สส. 5ทับ18.pdf,7,8.0,ตำบลเวียง,อำเภอฝาง,629.0,497.0,473.0,11.0,13.0,6.0,นายนิธิกร วุฒินันชัย,เพื่อไทย,34.0,34,สามสิบสี่,numeric_text_agree
อำเภอฝาง/ตำบลเวียง/หน่วยเลือกตั้งที่ 7/สส. 5ทับ18.pdf,7,8.0,ตำบลเวียง,อำเภอฝาง,629.0,497.0,473.0,11.0,13.0,7.0,นายไกร ดาบธรรม,พลังประชารัฐ,24.0,24,ยี่สิบสี่,numeric_text_agree
อำเภอฝาง/ตำบลเวียง/หน่วยเลือกตั้งที่ 7/สส. 5ทับ18.pdf,7,8.0,ตำบลเวียง,อำเภอฝาง,629.0,497.0,473.0,11.0,13.0,8.0,นายพิสิณห์ อุปนันท์,เศรษฐกิจ,1.0,1,หนึ่ง,numeric_text_agree
อำเภอฝาง/ตำบลเวียง/หน่วยเลือกตั้งที่ 7/สส. 5ทับ18.pdf,7,8.0,ตำบลเวียง,อำเภอฝาง,629.0,497.0,473.0,11.0,13.0,9.0,นายชาญวิทยายุทธ์ อินทร์แก้ว,ประชากรไทย,1.0,1,หนึ่ง,numeric_text_agree
อำเภอฝาง/ตำบลเวียง/หน่วยเลือกตั้งที่ 5/สส. 5ทับ18.pdf,5,6.0,ตำบลเวียง,อำเภอฝาง,798.0,569.0,548.0,10.0,11.0,1.0,นายอดุลย์ บุญใส,ภูมิใจไทย,28.0,28,ยี่สิบแปด,numeric_text_agree
อำเภอฝาง/ตำบลเวียง/หน่วยเลือกตั้งที่ 5/สส. 5ทับ18.pdf,5,6.0,ตำบลเวียง,อำเภอฝาง,798.0,569.0,548.0,10.0,11.0,2.0,นายสมดุลย์ อุดเจริญ,ประชาชน,102.0,102,หนึ่งร้อยสอง,numeric_text_agree
อำเภอฝาง/ตำบลเวียง/หน่วยเลือกตั้งที่ 5/สส. 5ทับ18.pdf,5,6.0,ตำบลเวียง,อำเภอฝาง,798.0,569.0,548.0,10.0,11.0,3.0,นายเกรียงกมล ศรีมา,ประชาธิปัตย์,1.0,1,หนึ่ง,numeric_text_agree
อำเภอฝาง/ตำบลเวียง/หน่วยเลือกตั้งที่ 5/สส. 5ทับ18.pdf,5,6.0,ตำบลเวียง,อำเภอฝาง,798.0,569.0,548.0,10.0,11.0,4.0,นายสันติ ตันสุขชัย,ก้าวอิสระ,1.0,1,หนึ่ง,numeric_text_agree
อำเภอฝาง/ตำบลเวียง/หน่วยเลือกตั้งที่ 5/สส. 5ทับ18.pdf,5,6.0,ตำบลเวียง,อำเภอฝาง,798.0,569.0,548.0,10.0,11.0,5.0,นายกาญจน์ คูเจริญชัยกุล,กล้าธรรม,291.0,291,สองร้อยเก้าสิบเอ็ด,numeric_text_agree
อำเภอฝาง/ตำบลเวียง/หน่วยเลือกตั้งที่ 5/สส. 5ทับ18.pdf,5,6.0,ตำบลเวียง,อำเภอฝาง,798.0,569.0,548.0,10.0,11.0,6.0,นายนิธิกร วุฒินันชัย,เพื่อไทย,90.0,90,เก้าสิบ,numeric_text_agree
อำเภอฝาง/ตำบลเวียง/หน่วยเลือกตั้งที่ 5/สส. 5ทับ18.pdf,5,6.0,ตำบลเวียง,อำเภอฝาง,798.0,569.0,548.0,10.0,11.0,7.0,นายไกร ดาบธรรม,พลังประชารัฐ,19.0,19,สิบเก้า,numeric_text_agree
อำเภอฝาง/ตำบลเวียง/หน่วยเลือกตั้งที่ 5/สส. 5ทับ18.pdf,5,6.0,ตำบลเวียง,อำเภอฝาง,798.0,569.0,548.0,10.0,11.0,8.0,นายพิสัณห์ อุปนันท์,เศรษฐกิจ,8.0,8,แปด,numeric_text_agree
อำเภอฝาง/ตำบลเวียง/หน่วยเลือกตั้งที่ 5/สส. 5ทับ18.pdf,5,6.0,ตำบลเวียง,อำเภอฝาง,798.0,569.0,548.0,10.0,11.0,9.0,นายชาญวิทยายุทร์ อินทร์แก้ว,ประชากรไทย,12.0,12,สิบสอง,numeric_text_agree
อำเภอฝาง/ตำบลเวียง/หน่วยเลือกตั้งที่ 3/สส. 5ทับ18.pdf,3,5.0,ตำบลเวียง,อำเภอฝาง,577.0,573.0,372.0,17.0,33.0,1.0,นายอดุลย์ บุญใส,ภูมิใจไทย,7.0,7,เจ็ด,numeric_text_agree
อำเภอฝาง/ตำบลเวียง/หน่วยเลือกตั้งที่ 3/สส. 5ทับ18.pdf,3,5.0,ตำบลเวียง,อำเภอฝาง,577.0,573.0,372.0,17.0,33.0,2.0,นายสมดุลย์ อุดเจริญ,ประชาชน,99.0,88,เก้าสิบเก้า,conflict_prefer_text
อำเภอฝาง/ตำบลเวียง/หน่วยเลือกตั้งที่ 3/สส. 5ทับ18.pdf,3,5.0,ตำบลเวียง,อำเภอฝาง,577.0,573.0,372.0,17.0,33.0,3.0,นายเกรียงกมล ศรีมา,ประชาธิปัตย์,1.0,1,หนึ่ง,numeric_text_agree
อำเภอฝาง/ตำบลเวียง/หน่วยเลือกตั้งที่ 3/สส. 5ทับ18.pdf,3,5.0,ตำบลเวียง,อำเภอฝาง,577.0,573.0,372.0,17.0,33.0,4.0,นายสันติ ตันสุขัย,ก้าวอิสระ,3.0,3,สาม,numeric_text_agree
อำเภอฝาง/ตำบลเวียง/หน่วยเลือกตั้งที่ 3/สส. 5ทับ18.pdf,3,5.0,ตำบลเวียง,อำเภอฝาง,577.0,573.0,372.0,17.0,33.0,5.0,นายกาญจน์ คูเจริญชัยกุล,กล้าธรรม,145.0,165,หนึ่งร้อยสี่สิบห้า,conflict_prefer_text
อำเภอฝาง/ตำบลเวียง/หน่วยเลือกตั้งที่ 3/สส. 5ทับ18.pdf,3,5.0,ตำบลเวียง,อำเภอฝาง,577.0,573.0,372.0,17.0,33.0,6.0,นายนิธิกร วุฒินันชัย,เพื่อไทย,58.0,88,ห้าสิบแปด,conflict_prefer_text
อำเภอฝาง/ตำบลเวียง/หน่วยเลือกตั้งที่ 3/สส. 5ทับ18.pdf,3,5.0,ตำบลเวียง,อำเภอฝาง,577.0,573.0,372.0,17.0,33.0,7.0,นายไกร ดาบธรรม,พลังประชารัฐ,32.0,32,สามสิบสอง,numeric_text_agree
อำเภอฝาง/ตำบลเวียง/หน่วยเลือกตั้งที่ 3/สส. 5ทับ18.pdf,3,5.0,ตำบลเวียง,อำเภอฝาง,577.0,573.0,372.0,17.0,33.0,8.0,นายพิสัณฑ์ อุปนันท์,เศรษฐกิจ,7.0,7,เจ็ด,numeric_text_agree
อำเภอฝาง/ตำบลเวียง/หน่วยเลือกตั้งที่ 3/สส. 5ทับ18.pdf,3,5.0,ตำบลเวียง,อำเภอฝาง,577.0,573.0,372.0,17.0,33.0,9.0,นายชาญวิทยายุทธ์ อินทร์แก้ว,ประชากรไทย,10.0,10,สิบ,numeric_text_agree
อำเภอฝาง/ตำบลเวียง/หน่วยเลือกตั้งที่ 21/สส. 5ทับ18.pdf,20,17.0,ตำบลเวียง,อำเภอฝาง,463.0,342.0,326.0,10.0,6.0,1.0,นายอุดมณ์ บุญใส,ภูมิใจไทย,13.0,13,สิบสาม,numeric_text_agree
อำเภอฝาง/ตำบลเวียง/หน่วยเลือกตั้งที่ 21/สส. 5ทับ18.pdf,20,17.0,ตำบลเวียง,อำเภอฝาง,463.0,342.0,326.0,10.0,6.0,2.0,นายสมดุลย์ อุดเจริญ,ประชาชน,51.0,51,ห้าสิบเอ็ด,numeric_text_agree
อำเภอฝาง/ตำบลเวียง/หน่วยเลือกตั้งที่ 21/สส. 5ทับ18.pdf,20,17.0,ตำบลเวียง,อำเภอฝาง,463.0,342.0,326.0,10.0,6.0,3.0,นายเกรียงกมล ศรีมา,ประชาธิปัตย์,2.0,2,สอง,numeric_text_agree
อำเภอฝาง/ตำบลเวียง/หน่วยเลือกตั้งที่ 21/สส. 5ทับ18.pdf,20,17.0,ตำบลเวียง,อำเภอฝาง,463.0,342.0,326.0,10.0,6.0,4.0,นายสันติ ตันสุข,ก้าวอิสระ,4.0,4,สี่,numeric_text_agree
อำเภอฝาง/ตำบลเวียง/หน่วยเลือกตั้งที่ 21/สส. 5ทับ18.pdf,20,17.0,ตำบลเวียง,อำเภอฝาง,463.0,342.0,326.0,10.0,6.0,5.0,นายการุณย์ คูเจริญชัยกุล,กล้าธรรม,201.0,201,สองร้อยเอ็ด,numeric_text_agree
อำเภอฝาง/ตำบลเวียง/หน่วยเลือกตั้งที่ 21/สส. 5ทับ18.pdf,20,17.0,ตำบลเวียง,อำเภอฝาง,463.0,342.0,326.0,10.0,6.0,6.0,นายนิกร วุฒินันชัย,เพื่อไทย,30.0,30,สามสิบ,numeric_text_agree
อำเภอฝาง/ตำบลเวียง/หน่วยเลือกตั้งที่ 21/สส. 5ทับ18.pdf,20,17.0,ตำบลเวียง,อำเภอฝาง,463.0,342.0,326.0,10.0,6.0,7.0,นายไกร ดาบธรรม,พลังประชารัฐ,24.0,24,ยี่สิบสี่,numeric_text_agree
อำเภอฝาง/ตำบลเวียง/หน่วยเลือกตั้งที่ 21/สส. 5ทับ18.pdf,20,17.0,ตำบลเวียง,อำเภอฝาง,463.0,342.0,326.0,10.0,6.0,8.0,นายพิสิษฐ์ อุปนันท์,เศรษฐกิจ,,,,missing
อำเภอฝาง/ตำบลเวียง/หน่วยเลือกตั้งที่ 21/สส. 5ทับ18.pdf,20,17.0,ตำบลเวียง,อำเภอฝาง,463.0,342.0,326.0,10.0,6.0,9.0,นายชาญวิทยายุทธ์ อินทร์แก้ว,ประชากรไทย,1.0,1,หนึ่ง,numeric_text_agree
อำเภอฝาง/ตำบลเวียง/หน่วยเลือกตั้งที่ 4/สส. 5ทับ18.pdf,4,2.0,ตำบลเวียง,อำเภอฝาง,607.0,406.0,384.0,3.0,19.0,1.0,นายอดุลย์ บุญใส,ภูมิใจไทย,19.0,19,สิบเก้าคะแนน,numeric_text_agree
อำเภอฝาง/ตำบลเวียง/หน่วยเลือกตั้งที่ 4/สส. 5ทับ18.pdf,4,2.0,ตำบลเวียง,อำเภอฝาง,607.0,406.0,384.0,3.0,19.0,2.0,นายสมดุลย์ อุดเจริญ,ประชาชน,109.0,109,หนึ่งร้อยเก้าคะแนน,numeric_text_agree
อำเภอฝาง/ตำบลเวียง/หน่วยเลือกตั้งที่ 4/สส. 5ทับ18.pdf,4,2.0,ตำบลเวียง,อำเภอฝาง,607.0,406.0,384.0,3.0,19.0,3.0,นายเกรียงกมล ศรีมา,ประชาธิปัตย์,2.0,2,สองคะแนน,numeric_text_agree
อำเภอฝาง/ตำบลเวียง/หน่วยเลือกตั้งที่ 4/สส. 5ทับ18.pdf,4,2.0,ตำบลเวียง,อำเภอฝาง,607.0,406.0,384.0,3.0,19.0,4.0,นายสันติ ตันสุขขี,ก้าวอิสระ,2.0,2,สองคะแนน,numeric_text_agree
อำเภอฝาง/ตำบลเวียง/หน่วยเลือกตั้งที่ 4/สส. 5ทับ18.pdf,4,2.0,ตำบลเวียง,อำเภอฝาง,607.0,406.0,384.0,3.0,19.0,5.0,นายการุณย์ เจริญชัยกุล,กล้าธรรม,109.0,109,หนึ่งร้อยเก้าคะแนน,numeric_text_agree
อำเภอฝาง/ตำบลเวียง/หน่วยเลือกตั้งที่ 4/สส. 5ทับ18.pdf,4,2.0,ตำบลเวียง,อำเภอฝาง,607.0,406.0,384.0,3.0,19.0,6.0,นายนิธิกร วุฒินันชัย,เพื่อไทย,84.0,84,แปดสิบสี่คะแนน,numeric_text_agree
อำเภอฝาง/ตำบลเวียง/หน่วยเลือกตั้งที่ 4/สส. 5ทับ18.pdf,4,2.0,ตำบลเวียง,อำเภอฝาง,607.0,406.0,384.0,3.0,19.0,7.0,นายไกร ดาบธรรม,พลังประชารัฐ,29.0,29,ยี่สิบเก้าคะแนน,numeric_text_agree
อำเภอฝาง/ตำบลเวียง/หน่วยเลือกตั้งที่ 4/สส. 5ทับ18.pdf,4,2.0,ตำบลเวียง,อำเภอฝาง,607.0,406.0,384.0,3.0,19.0,8.0,นายพิสัณห์ อุปนันท์,เศรษฐกิจ,22.0,22,ยี่สิบสองคะแนน,numeric_text_agree
อำเภอฝาง/ตำบลเวียง/หน่วยเลือกตั้งที่ 4/สส. 5ทับ18.pdf,4,2.0,ตำบลเวียง,อำเภอฝาง,607.0,406.0,384.0,3.0,19.0,9.0,นายชาญวิทยายุทธ อินทร์แก้ว,ประชากรไทย,8.0,8,แปดคะแนน,numeric_text_agree
อำเภอฝาง/ตำบลเวียง/หน่วยเลือกตั้งที่ 22/สส. 5ทับ18.pdf,22,20.0,ตำบลเวียง,อำเภอฝาง,591.0,432.0,412.0,6.0,14.0,1.0,นายอดุลย์ บุญใส,ภูมิใจไทย,25.0,25,ยี่สิบห้า,numeric_text_agree
อำเภอฝาง/ตำบลเวียง/หน่วยเลือกตั้งที่ 22/สส. 5ทับ18.pdf,22,20.0,ตำบลเวียง,อำเภอฝาง,591.0,432.0,412.0,6.0,14.0,2.0,นายสมดุลย์ อุดเจริญ,ประชาชน,102.0,102,หนึ่งร้อยสอง,numeric_text_agree
อำเภอฝาง/ตำบลเวียง/หน่วยเลือกตั้งที่ 22/สส. 5ทับ18.pdf,22,20.0,ตำบลเวียง,อำเภอฝาง,591.0,432.0,412.0,6.0,14.0,3.0,นายเกรียงกมล ศรีมา,ประชาธิปัตย์,0.0,0,ศูนย์,numeric_only
อำเภอฝาง/ตำบลเวียง/หน่วยเลือกตั้งที่ 22/สส. 5ทับ18.pdf,22,20.0,ตำบลเวียง,อำเภอฝาง,591.0,432.0,412.0,6.0,14.0,4.0,นายสันติ ตันสุหัช,ก้าวอิสระ,2.0,2,สอง,numeric_text_agree
อำเภอฝาง/ตำบลเวียง/หน่วยเลือกตั้งที่ 22/สส. 5ทับ18.pdf,22,20.0,ตำบลเวียง,อำเภอฝาง,591.0,432.0,412.0,6.0,14.0,5.0,นายการุณย์ คูเจริญชัยกุล,กล้าธรรม,120.0,120,หนึ่งร้อยยี่สิบ,numeric_text_agree
อำเภอฝาง/ตำบลเวียง/หน่วยเลือกตั้งที่ 22/สส. 5ทับ18.pdf,22,20.0,ตำบลเวียง,อำเภอฝาง,591.0,432.0,412.0,6.0,14.0,6.0,นายนิธิกร วุฒินันชัย,เพื่อไทย,75.0,75,เจ็ดสิบห้า,numeric_text_agree
อำเภอฝาง/ตำบลเวียง/หน่วยเลือกตั้งที่ 22/สส. 5ทับ18.pdf,22,20.0,ตำบลเวียง,อำเภอฝาง,591.0,432.0,412.0,6.0,14.0,7.0,นายไกร ดาบธรรม,พลังประชารัฐ,75.0,75,เจ็ดสิบห้า,numeric_text_agree
อำเภอฝาง/ตำบลเวียง/หน่วยเลือกตั้งที่ 22/สส. 5ทับ18.pdf,22,20.0,ตำบลเวียง,อำเภอฝาง,591.0,432.0,412.0,6.0,14.0,8.0,นายพิสัณห์ อุปนันท์,เศรษฐกิจ,9.0,9,เก้า,numeric_text_agree
อำเภอฝาง/ตำบลเวียง/หน่วยเลือกตั้งที่ 22/สส. 5ทับ18.pdf,22,20.0,ตำบลเวียง,อำเภอฝาง,591.0,432.0,412.0,6.0,14.0,9.0,นายชาญวิทยายุทธ์ อินทร์แก้ว,ประชากรไทย,4.0,4,สี่,numeric_text_agree
อำเภอฝาง/ตำบลเวียง/หน่วยเลือกตั้งที่ 2/สส. 5ทับ18.pdf,2,3.0,ตำบลเวียง,อำเภอฝาง,450.0,307.0,276.0,13.0,18.0,1.0,นายอดุลย์ บุญใส,ภูมิใจไทย,3.0,3,สาม,numeric_text_agree
อำเภอฝาง/ตำบลเวียง/หน่วยเลือกตั้งที่ 2/สส. 5ทับ18.pdf,2,3.0,ตำบลเวียง,อำเภอฝาง,450.0,307.0,276.0,13.0,18.0,2.0,นายสมดุลย์ อุตเจริญ,ประชาชน,65.0,65,หกสิบห้า,numeric_text_agree
อำเภอฝาง/ตำบลเวียง/หน่วยเลือกตั้งที่ 2/สส. 5ทับ18.pdf,2,3.0,ตำบลเวียง,อำเภอฝาง,450.0,307.0,276.0,13.0,18.0,3.0,นายเกรียงกมล ศรีมา,ประชาธิปัตย์,1.0,1,หนึ่ง,numeric_text_agree
อำเภอฝาง/ตำบลเวียง/หน่วยเลือกตั้งที่ 2/สส. 5ทับ18.pdf,2,3.0,ตำบลเวียง,อำเภอฝาง,450.0,307.0,276.0,13.0,18.0,4.0,นายสันติ ตันสุขหู,ก้าวอิสระ,1.0,1,หนึ่ง,numeric_text_agree
อำเภอฝาง/ตำบลเวียง/หน่วยเลือกตั้งที่ 2/สส. 5ทับ18.pdf,2,3.0,ตำบลเวียง,อำเภอฝาง,450.0,307.0,276.0,13.0,18.0,5.0,นายการุณย์ คูเจริญชัยกุล,กล้าธรรม,102.0,102,หนึ่งร้อยสอง,numeric_text_agree
อำเภอฝาง/ตำบลเวียง/หน่วยเลือกตั้งที่ 2/สส. 5ทับ18.pdf,2,3.0,ตำบลเวียง,อำเภอฝาง,450.0,307.0,276.0,13.0,18.0,6.0,นายนิธิกร วุฒินันชัย,เพื่อไทย,82.0,82,แปดสิบสอง,numeric_text_agree
อำเภอฝาง/ตำบลเวียง/หน่วยเลือกตั้งที่ 2/สส. 5ทับ18.pdf,2,3.0,ตำบลเวียง,อำเภอฝาง,450.0,307.0,276.0,13.0,18.0,7.0,นายไกร ดาบธรรม,พลังประชารัฐ,14.0,14,สิบสี่,numeric_text_agree
อำเภอฝาง/ตำบลเวียง/หน่วยเลือกตั้งที่ 2/สส. 5ทับ18.pdf,2,3.0,ตำบลเวียง,อำเภอฝาง,450.0,307.0,276.0,13.0,18.0,8.0,นายพิสัณห์ อุปนันท์,เศรษฐกิจ,2.0,2,สอง,numeric_text_agree
อำเภอฝาง/ตำบลเวียง/หน่วยเลือกตั้งที่ 2/สส. 5ทับ18.pdf,2,3.0,ตำบลเวียง,อำเภอฝาง,450.0,307.0,276.0,13.0,18.0,9.0,นายชาญวิทยายุทธ์ อินทร์แก้ว,ประชากรไทย,6.0,6,หก,numeric_text_agree
อำเภอฝาง/ตำบลเวียง/หน่วยเลือกตั้งที่ 20/สส. 5ทับ18.pdf,20,18.0,ตำบลเวียง,อำเภอฝาง,472.0,330.0,309.0,4.0,17.0,1.0,นายอดุลย์ บุญใส,ภูมิใจไทย,10.0,10,สิบคะแนน,numeric_text_agree
อำเภอฝาง/ตำบลเวียง/หน่วยเลือกตั้งที่ 20/สส. 5ทับ18.pdf,20,18.0,ตำบลเวียง,อำเภอฝาง,472.0,330.0,309.0,4.0,17.0,2.0,นายสมดุลย์ อุดเจริญ,ประชาชน,69.0,69,หกสิบเก้าคะแนน,numeric_text_agree
อำเภอฝาง/ตำบลเวียง/หน่วยเลือกตั้งที่ 20/สส. 5ทับ18.pdf,20,18.0,ตำบลเวียง,อำเภอฝาง,472.0,330.0,309.0,4.0,17.0,3.0,นายเกรียงกมล ศรีมา,ประชาธิปัตย์,2.0,2,สองคะแนน,numeric_text_agree
อำเภอฝาง/ตำบลเวียง/หน่วยเลือกตั้งที่ 20/สส. 5ทับ18.pdf,20,18.0,ตำบลเวียง,อำเภอฝาง,472.0,330.0,309.0,4.0,17.0,4.0,นายสันติ ตันสุข,ก้าวอิสระ,3.0,3,สามคะแนน,numeric_text_agree
อำเภอฝาง/ตำบลเวียง/หน่วยเลือกตั้งที่ 20/สส. 5ทับ18.pdf,20,18.0,ตำบลเวียง,อำเภอฝาง,472.0,330.0,309.0,4.0,17.0,5.0,นายกาญจน์ คูเจริญชัยกุล,กล้าธรรม,141.0,141,หนึ่งร้อยสี่สิบเอ็ดคะแนน,numeric_text_agree
อำเภอฝาง/ตำบลเวียง/หน่วยเลือกตั้งที่ 20/สส. 5ทับ18.pdf,20,18.0,ตำบลเวียง,อำเภอฝาง,472.0,330.0,309.0,4.0,17.0,6.0,นายนิกร วุฒิบัณฑัย,เพื่อไทย,49.0,49,สี่สิบเก้าคะแนน,numeric_text_agree
อำเภอฝาง/ตำบลเวียง/หน่วยเลือกตั้งที่ 20/สส. 5ทับ18.pdf,20,18.0,ตำบลเวียง,อำเภอฝาง,472.0,330.0,309.0,4.0,17.0,7.0,นายไกร ดาบธรรม,พลังประชารัฐ,31.0,31,สามสิบเอ็ดคะแนน,numeric_text_agree
อำเภอฝาง/ตำบลเวียง/หน่วยเลือกตั้งที่ 20/สส. 5ทับ18.pdf,20,18.0,ตำบลเวียง,อำเภอฝาง,472.0,330.0,309.0,4.0,17.0,8.0,นายพิสิษฐ์ อุปนันท์,เศรษฐกิจ,3.0,3,สามคะแนน,numeric_text_agree
อำเภอฝาง/ตำบลเวียง/หน่วยเลือกตั้งที่ 20/สส. 5ทับ18.pdf,20,18.0,ตำบลเวียง,อำเภอฝาง,472.0,330.0,309.0,4.0,17.0,9.0,นายชาญวิทยายุทธ์ อินทร์แก้ว,ประชากรไทย,2.0,2,สองคะแนน,numeric_text_agree
อำเภอฝาง/ตำบลเวียง/หน่วยเลือกตั้งที่ 18/สส. 5ทับ18.pdf,18,16.0,ตำบลเวียง,อำเภอฝาง,270.0,173.0,161.0,7.0,5.0,2.0,นายสมดุลย์ อุดเจริญ,ประชาชน,22.0,22,ยี่สิบสอง,numeric_text_agree
อำเภอฝาง/ตำบลเวียง/หน่วยเลือกตั้งที่ 18/สส. 5ทับ18.pdf,18,16.0,ตำบลเวียง,อำเภอฝาง,270.0,173.0,161.0,7.0,5.0,3.0,นายเกรียงกมล ศรีมา,ประชาธิปัตย์,,,,missing
อำเภอฝาง/ตำบลเวียง/หน่วยเลือกตั้งที่ 18/สส. 5ทับ18.pdf,18,16.0,ตำบลเวียง,อำเภอฝาง,270.0,173.0,161.0,7.0,5.0,4.0,นายสันติ ตันสุข,ก้าวอิสระ,,,,missing
อำเภอฝาง/ตำบลเวียง/หน่วยเลือกตั้งที่ 18/สส. 5ทับ18.pdf,18,16.0,ตำบลเวียง,อำเภอฝาง,270.0,173.0,161.0,7.0,5.0,5.0,นายการุณย์ ภูเจริญชัยกุล,กล้าธรรม,102.0,102,หนึ่งร้อยสอง,numeric_text_agree
อำเภอฝาง/ตำบลเวียง/หน่วยเลือกตั้งที่ 18/สส. 5ทับ18.pdf,18,16.0,ตำบลเวียง,อำเภอฝาง,270.0,173.0,161.0,7.0,5.0,6.0,นายนิธิกร วุฒินันชัย,เพื่อไทย,19.0,19,สิบเก้า,numeric_text_agree
อำเภอฝาง/ตำบลเวียง/หน่วยเลือกตั้งที่ 18/สส. 5ทับ18.pdf,18,16.0,ตำบลเวียง,อำเภอฝาง,270.0,173.0,161.0,7.0,5.0,7.0,นายไกร ดาบธรรม,พลังประชารัฐ,11.0,11,สิบเอ็ด,numeric_text_agree
อำเภอฝาง/ตำบลเวียง/หน่วยเลือกตั้งที่ 18/สส. 5ทับ18.pdf,18,16.0,ตำบลเวียง,อำเภอฝาง,270.0,173.0,161.0,7.0,5.0,8.0,นายพิสัณห์ อุปนันท์,เศรษฐกิจ,3.0,3,สาม,numeric_text_agree
อำเภอฝาง/ตำบลเวียง/หน่วยเลือกตั้งที่ 18/สส. 5ทับ18.pdf,18,16.0,ตำบลเวียง,อำเภอฝาง,270.0,173.0,161.0,7.0,5.0,9.0,นายชาญวิทยายุทธ์ อินทร์แก้ว,ประชากรไทย,1.0,1,หนึ่ง,numeric_text_agree
อำเภอฝาง/ตำบลเวียง/หน่วยเลือกตั้งที่ 17/สส. 5ทับ18.pdf,17,17.0,ตำบลเวียง,อำเภอฝาง,739.0,549.0,516.0,27.0,6.0,1.0,นายอดุลย์ บุญใส,ภูมิใจไทย,20.0,20,ยี่สิบ,numeric_text_agree
อำเภอฝาง/ตำบลเวียง/หน่วยเลือกตั้งที่ 17/สส. 5ทับ18.pdf,17,17.0,ตำบลเวียง,อำเภอฝาง,739.0,549.0,516.0,27.0,6.0,2.0,นายสมดุลย์ อุดเจริญ,ประชาชน,39.0,39,สามสิบเก้า,numeric_text_agree
อำเภอฝาง/ตำบลเวียง/หน่วยเลือกตั้งที่ 17/สส. 5ทับ18.pdf,17,17.0,ตำบลเวียง,อำเภอฝาง,739.0,549.0,516.0,27.0,6.0,3.0,นายเกรียงกมล ศรีมา,ประชาธิปัตย์,0.0,0,ศูนย์,numeric_only
อำเภอฝาง/ตำบลเวียง/หน่วยเลือกตั้งที่ 17/สส. 5ทับ18.pdf,17,17.0,ตำบลเวียง,อำเภอฝาง,739.0,549.0,516.0,27.0,6.0,4.0,นายสันติ ตันสุขชัย,ก้าวอิสระ,3.0,3,สาม,numeric_text_agree
อำเภอฝาง/ตำบลเวียง/หน่วยเลือกตั้งที่ 17/สส. 5ทับ18.pdf,17,17.0,ตำบลเวียง,อำเภอฝาง,739.0,549.0,516.0,27.0,6.0,5.0,นายการุณย์ คูเจริญชัยกุล,กล้าธรรม,303.0,303,สามร้อยสาม,numeric_text_agree
อำเภอฝาง/ตำบลเวียง/หน่วยเลือกตั้งที่ 17/สส. 5ทับ18.pdf,17,17.0,ตำบลเวียง,อำเภอฝาง,739.0,549.0,516.0,27.0,6.0,6.0,นายนิธิกร วุฒิมันชัย,เพื่อไทย,31.0,31,สามสิบเอ็ด,numeric_text_agree
อำเภอฝาง/ตำบลเวียง/หน่วยเลือกตั้งที่ 17/สส. 5ทับ18.pdf,17,17.0,ตำบลเวียง,อำเภอฝาง,739.0,549.0,516.0,27.0,6.0,7.0,นายไกร ดาบธรรม,พลังประชารัฐ,29.0,29,ยี่สิบเก้า,numeric_text_agree
อำเภอฝาง/ตำบลเวียง/หน่วยเลือกตั้งที่ 17/สส. 5ทับ18.pdf,17,17.0,ตำบลเวียง,อำเภอฝาง,739.0,549.0,516.0,27.0,6.0,8.0,นายพิสิณฑ์ อุปนันท์,เศรษฐกิจ,4.0,4,สี่,numeric_text_agree
อำเภอฝาง/ตำบลเวียง/หน่วยเลือกตั้งที่ 17/สส. 5ทับ18.pdf,17,17.0,ตำบลเวียง,อำเภอฝาง,739.0,549.0,516.0,27.0,6.0,9.0,นายชาญวิทยายุทธ อินทร์แก้ว,ประชากรไทย,1.0,1,หนึ่ง,numeric_text_agree
อำเภอฝาง/ตำบลเวียง/หน่วยเลือกตั้งที่ 12/สส. 5ทับ18.pdf,12,12.0,ตำบลเวียง,อำเภอฝาง,446.0,300.0,286.0,11.0,3.0,1.0,นายอดุลย์ บุญใส,ภูมิใจไทย,17.0,17,สิบเจ็ด,numeric_text_agree
อำเภอฝาง/ตำบลเวียง/หน่วยเลือกตั้งที่ 12/สส. 5ทับ18.pdf,12,12.0,ตำบลเวียง,อำเภอฝาง,446.0,300.0,286.0,11.0,3.0,2.0,นายสมดุลย์ อุดเจริญ,ประชาชน,40.0,40,สี่สิบ,numeric_text_agree
อำเภอฝาง/ตำบลเวียง/หน่วยเลือกตั้งที่ 12/สส. 5ทับ18.pdf,12,12.0,ตำบลเวียง,อำเภอฝาง,446.0,300.0,286.0,11.0,3.0,3.0,นายเกรียงกมล ศรีมา,ประชาธิปัตย์,2.0,2,สอง,numeric_text_agree
อำเภอฝาง/ตำบลเวียง/หน่วยเลือกตั้งที่ 12/สส. 5ทับ18.pdf,12,12.0,ตำบลเวียง,อำเภอฝาง,446.0,300.0,286.0,11.0,3.0,4.0,นายสันติ ตันสุขี,ก้าวอิสระ,0.0,0,ศูนย์,numeric_only
อำเภอฝาง/ตำบลเวียง/หน่วยเลือกตั้งที่ 12/สส. 5ทับ18.pdf,12,12.0,ตำบลเวียง,อำเภอฝาง,446.0,300.0,286.0,11.0,3.0,5.0,นายการุณย์ คูเจริญชัยกุล,กล้าธรรม,84.0,84,แปดสิบสี่,numeric_text_agree
อำเภอฝาง/ตำบลเวียง/หน่วยเลือกตั้งที่ 12/สส. 5ทับ18.pdf,12,12.0,ตำบลเวียง,อำเภอฝาง,446.0,300.0,286.0,11.0,3.0,6.0,นายนิธิกร วุฒินันชัย,เพื่อไทย,88.0,88,แปดสิบแปด,numeric_text_agree
อำเภอฝาง/ตำบลเวียง/หน่วยเลือกตั้งที่ 12/สส. 5ทับ18.pdf,12,12.0,ตำบลเวียง,อำเภอฝาง,446.0,300.0,286.0,11.0,3.0,7.0,นายไกร ดาบธรรม,พลังประชารัฐ,52.0,52,ห้าสิบสอง,numeric_text_agree
อำเภอฝาง/ตำบลเวียง/หน่วยเลือกตั้งที่ 12/สส. 5ทับ18.pdf,12,12.0,ตำบลเวียง,อำเภอฝาง,446.0,300.0,286.0,11.0,3.0,8.0,นายพิสิณฑ์ อุปนันท์,เศรษฐกิจ,3.0,3,สาม,numeric_text_agree
อำเภอฝาง/ตำบลเวียง/หน่วยเลือกตั้งที่ 12/สส. 5ทับ18.pdf,12,12.0,ตำบลเวียง,อำเภอฝาง,446.0,300.0,286.0,11.0,3.0,9.0,นายชาญวิทยายุทธ์ อินทร์แก้ว,ประชากรไทย,0.0,0,ศูนย์,numeric_only
อำเภอฝาง/ตำบลเวียง/หน่วยเลือกตั้งที่ 13/สส. 5ทับ18.pdf,13,12.0,ตำบลเวียง,อำเภอฝาง,411.0,328.0,320.0,6.0,2.0,1.0,นายอดุลย์ บุญใส,ภูมิใจไทย,7.0,7,เจ็ด,numeric_text_agree
อำเภอฝาง/ตำบลเวียง/หน่วยเลือกตั้งที่ 13/สส. 5ทับ18.pdf,13,12.0,ตำบลเวียง,อำเภอฝาง,411.0,328.0,320.0,6.0,2.0,2.0,นายสมดุลย์ อุดมเจริญ,ประชาชน,30.0,30,สามสิบ,numeric_text_agree
อำเภอฝาง/ตำบลเวียง/หน่วยเลือกตั้งที่ 13/สส. 5ทับ18.pdf,13,12.0,ตำบลเวียง,อำเภอฝาง,411.0,328.0,320.0,6.0,2.0,3.0,นายเกรียงกมล ศรีมา,ประชาธิปัตย์,4.0,4,สี่,numeric_text_agree
อำเภอฝาง/ตำบลเวียง/หน่วยเลือกตั้งที่ 13/สส. 5ทับ18.pdf,13,12.0,ตำบลเวียง,อำเภอฝาง,411.0,328.0,320.0,6.0,2.0,4.0,นายสันติ ตันสุขขี,ก้าวอิสระ,2.0,2,สอง,numeric_text_agree
อำเภอฝาง/ตำบลเวียง/หน่วยเลือกตั้งที่ 13/สส. 5ทับ18.pdf,13,12.0,ตำบลเวียง,อำเภอฝาง,411.0,328.0,320.0,6.0,2.0,5.0,นายการุณย์ คูเจริญชัยกุล,กล้าธรรม,109.0,109,หนึ่งร้อยเก้า,numeric_text_agree
อำเภอฝาง/ตำบลเวียง/หน่วยเลือกตั้งที่ 13/สส. 5ทับ18.pdf,13,12.0,ตำบลเวียง,อำเภอฝาง,411.0,328.0,320.0,6.0,2.0,6.0,นายนิกร วุฒินันชัย,เพื่อไทย,101.0,101,หนึ่งร้อยเอ็ด,numeric_text_agree
อำเภอฝาง/ตำบลเวียง/หน่วยเลือกตั้งที่ 13/สส. 5ทับ18.pdf,13,12.0,ตำบลเวียง,อำเภอฝาง,411.0,328.0,320.0,6.0,2.0,7.0,นายไกร ดาบธรรม,พลังประชารัฐ,59.0,59,ห้าสิบเก้า,numeric_text_agree
อำเภอฝาง/ตำบลเวียง/หน่วยเลือกตั้งที่ 13/สส. 5ทับ18.pdf,13,12.0,ตำบลเวียง,อำเภอฝาง,411.0,328.0,320.0,6.0,2.0,8.0,นายพิสิณห์ อุปนันท์,เศรษฐกิจ,5.0,5,ห้า,numeric_text_agree
อำเภอฝาง/ตำบลเวียง/หน่วยเลือกตั้งที่ 13/สส. 5ทับ18.pdf,13,12.0,ตำบลเวียง,อำเภอฝาง,411.0,328.0,320.0,6.0,2.0,9.0,นายชาญวิทยายุทธ์ อินทร์แก้ว,ประชากรไทย,3.0,3,สาม,numeric_text_agree
อำเภอฝาง/ตำบลเวียง/หน่วยเลือกตั้งที่ 16/สส. 5ทับ18.pdf,16,14.0,ตำบลเวียง,อำเภอฝาง,486.0,359.0,352.0,2.0,5.0,1.0,นายอดุลย์ บุญใส,ภูมิใจไทย,10.0,10,สิบ,numeric_text_agree
อำเภอฝาง/ตำบลเวียง/หน่วยเลือกตั้งที่ 16/สส. 5ทับ18.pdf,16,14.0,ตำบลเวียง,อำเภอฝาง,486.0,359.0,352.0,2.0,5.0,2.0,นายสมดุลย์ อุดเจริญ,ประชาชน,66.0,66,หกสิบหก,numeric_text_agree
อำเภอฝาง/ตำบลเวียง/หน่วยเลือกตั้งที่ 16/สส. 5ทับ18.pdf,16,14.0,ตำบลเวียง,อำเภอฝาง,486.0,359.0,352.0,2.0,5.0,3.0,นายเกรียงกมล ศรีมา,ประชาธิปัตย์,1.0,1,หนึ่ง,numeric_text_agree
อำเภอฝาง/ตำบลเวียง/หน่วยเลือกตั้งที่ 16/สส. 5ทับ18.pdf,16,14.0,ตำบลเวียง,อำเภอฝาง,486.0,359.0,352.0,2.0,5.0,4.0,นายสันติ ตันสุข,ก้าวอิสระ,5.0,5,ห้า,numeric_text_agree
อำเภอฝาง/ตำบลเวียง/หน่วยเลือกตั้งที่ 16/สส. 5ทับ18.pdf,16,14.0,ตำบลเวียง,อำเภอฝาง,486.0,359.0,352.0,2.0,5.0,5.0,นายการุณย์ คูเจริญชัยกุล,กล้าธรรม,172.0,172,หนึ่งร้อยเจ็ดสิบสอง,numeric_text_agree
อำเภอฝาง/ตำบลเวียง/หน่วยเลือกตั้งที่ 16/สส. 5ทับ18.pdf,16,14.0,ตำบลเวียง,อำเภอฝาง,486.0,359.0,352.0,2.0,5.0,6.0,นายนิกร วุฒินันชัย,เพื่อไทย,45.0,45,สี่สิบห้า,numeric_text_agree
อำเภอฝาง/ตำบลเวียง/หน่วยเลือกตั้งที่ 16/สส. 5ทับ18.pdf,16,14.0,ตำบลเวียง,อำเภอฝาง,486.0,359.0,352.0,2.0,5.0,7.0,นายไกร ดาบธรรม,พลังประชารัฐ,15.0,15,สิบห้า,numeric_text_agree
อำเภอฝาง/ตำบลเวียง/หน่วยเลือกตั้งที่ 16/สส. 5ทับ18.pdf,16,14.0,ตำบลเวียง,อำเภอฝาง,486.0,359.0,352.0,2.0,5.0,8.0,นายพิสัณห์ อุปนันท์,เศรษฐกิจ,8.0,8,แปด,numeric_text_agree
อำเภอฝาง/ตำบลเวียง/หน่วยเลือกตั้งที่ 16/สส. 5ทับ18.pdf,16,14.0,ตำบลเวียง,อำเภอฝาง,486.0,359.0,352.0,2.0,5.0,9.0,นายชาญวิทยายุทธ์ อินทร์แก้ว,ประชากรไทย,0.0,0,ศูนย์,numeric_only
อำเภอฝาง/ตำบลเวียง/หน่วยเลือกตั้งที่ 14/สส. 5ทับ18.pdf,14,13.0,ตำบลเวียง,อำเภอฝาง,480.0,315.0,291.0,22.0,2.0,1.0,นายอดุลย์ บุญใส,ภูมิใจไทย,4.0,4,สี่,numeric_text_agree
อำเภอฝาง/ตำบลเวียง/หน่วยเลือกตั้งที่ 14/สส. 5ทับ18.pdf,14,13.0,ตำบลเวียง,อำเภอฝาง,480.0,315.0,291.0,22.0,2.0,2.0,นายสมดุลย์ อุดเจริญ,ประชาชน,51.0,51,ห้าสิบเอ็ด,numeric_text_agree
อำเภอฝาง/ตำบลเวียง/หน่วยเลือกตั้งที่ 14/สส. 5ทับ18.pdf,14,13.0,ตำบลเวียง,อำเภอฝาง,480.0,315.0,291.0,22.0,2.0,3.0,นายเกรียงกมล ศรีมา,ประชาธิปัตย์,1.0,1,หนึ่ง,numeric_text_agree
อำเภอฝาง/ตำบลเวียง/หน่วยเลือกตั้งที่ 14/สส. 5ทับ18.pdf,14,13.0,ตำบลเวียง,อำเภอฝาง,480.0,315.0,291.0,22.0,2.0,4.0,นายสันติ ตันสุขชัย,ก้าวอิสระ,2.0,2,สอง,numeric_text_agree
อำเภอฝาง/ตำบลเวียง/หน่วยเลือกตั้งที่ 14/สส. 5ทับ18.pdf,14,13.0,ตำบลเวียง,อำเภอฝาง,480.0,315.0,291.0,22.0,2.0,5.0,นายการุณย์ คูเจริญชัยกุล,กล้าธรรม,176.0,176,หนึ่งร้อยเจ็ดสิบหก,numeric_text_agree
อำเภอฝาง/ตำบลเวียง/หน่วยเลือกตั้งที่ 14/สส. 5ทับ18.pdf,14,13.0,ตำบลเวียง,อำเภอฝาง,480.0,315.0,291.0,22.0,2.0,6.0,นายนิกร วุฒินันชัย,เพื่อไทย,12.0,12,สิบสอง,numeric_text_agree
อำเภอฝาง/ตำบลเวียง/หน่วยเลือกตั้งที่ 14/สส. 5ทับ18.pdf,14,13.0,ตำบลเวียง,อำเภอฝาง,480.0,315.0,291.0,22.0,2.0,7.0,นายไกร ดาบธรรม,พลังประชารัฐ,43.0,43,สี่สิบสาม,numeric_text_agree
อำเภอฝาง/ตำบลเวียง/หน่วยเลือกตั้งที่ 14/สส. 5ทับ18.pdf,14,13.0,ตำบลเวียง,อำเภอฝาง,480.0,315.0,291.0,22.0,2.0,8.0,นายพิสัณห์ อุปนันท์,เศรษฐกิจ,1.0,1,หนึ่ง,numeric_text_agree
อำเภอฝาง/ตำบลเวียง/หน่วยเลือกตั้งที่ 14/สส. 5ทับ18.pdf,14,13.0,ตำบลเวียง,อำเภอฝาง,480.0,315.0,291.0,22.0,2.0,9.0,นายชาญวิทยายุทธ์ อินทร์แก้ว,ประชากรไทย,1.0,1,หนึ่ง,numeric_text_agree
อำเภอฝาง/ตำบลเวียง/หน่วยเลือกตั้งที่ 15/สส. 5ทับ18.pdf,15,13.0,ตำบลเวียง,อำเภอฝาง,472.0,321.0,316.0,5.0,,1.0,นายอดุลย์ บุญใส,ภูมิใจไทย,4.0,4,สี่,numeric_text_agree
อำเภอฝาง/ตำบลเวียง/หน่วยเลือกตั้งที่ 15/สส. 5ทับ18.pdf,15,13.0,ตำบลเวียง,อำเภอฝาง,472.0,321.0,316.0,5.0,,2.0,นายสมดุลย์ อุดเจริญ,ประชาชน,36.0,36,สามสิบหก,numeric_text_agree
อำเภอฝาง/ตำบลเวียง/หน่วยเลือกตั้งที่ 15/สส. 5ทับ18.pdf,15,13.0,ตำบลเวียง,อำเภอฝาง,472.0,321.0,316.0,5.0,,3.0,นายเกรียงกมล ศรีมา,ประชาธิปัตย์,0.0,0,ศูนย์,numeric_only
อำเภอฝาง/ตำบลเวียง/หน่วยเลือกตั้งที่ 15/สส. 5ทับ18.pdf,15,13.0,ตำบลเวียง,อำเภอฝาง,472.0,321.0,316.0,5.0,,4.0,นายสันติ ตันสุข,ก้าวอิสระ,3.0,3,สาม,numeric_text_agree
อำเภอฝาง/ตำบลเวียง/หน่วยเลือกตั้งที่ 15/สส. 5ทับ18.pdf,15,13.0,ตำบลเวียง,อำเภอฝาง,472.0,321.0,316.0,5.0,,5.0,นายการุณย์ คูเจริญชัยกุล,กล้าธรรม,217.0,217,สองร้อยสิบเจ็ด,numeric_text_agree
อำเภอฝาง/ตำบลเวียง/หน่วยเลือกตั้งที่ 15/สส. 5ทับ18.pdf,15,13.0,ตำบลเวียง,อำเภอฝาง,472.0,321.0,316.0,5.0,,6.0,นายนิธิกร วุฒินัย,เพื่อไทย,13.0,13,สิบสาม,numeric_text_agree
อำเภอฝาง/ตำบลเวียง/หน่วยเลือกตั้งที่ 15/สส. 5ทับ18.pdf,15,13.0,ตำบลเวียง,อำเภอฝาง,472.0,321.0,316.0,5.0,,7.0,นายไกร ดาบธรรม,พลังประชารัฐ,42.0,42,สี่สิบสอง,numeric_text_agree
อำเภอฝาง/ตำบลเวียง/หน่วยเลือกตั้งที่ 15/สส. 5ทับ18.pdf,15,13.0,ตำบลเวียง,อำเภอฝาง,472.0,321.0,316.0,5.0,,8.0,นายพิสัณห์ อุปนันท์,เศรษฐกิจ,1.0,1,หนึ่ง,numeric_text_agree
อำเภอฝาง/ตำบลเวียง/หน่วยเลือกตั้งที่ 15/สส. 5ทับ18.pdf,15,13.0,ตำบลเวียง,อำเภอฝาง,472.0,321.0,316.0,5.0,,9.0,นายชาญวิทยายุทธ์ อินทร์แก้ว,ประชากรไทย,0.0,0,ศูนย์,numeric_only
อำเภอฝาง/ตำบลเวียง/หน่วยเลือกตั้งที่ 10/สส. 5ทับ18.pdf,10,10.0,ตำบลเวียง,อำเภอฝาง,489.0,230.0,197.0,27.0,6.0,1.0,นายอดุลย์ บุญใส,ภูมิใจไทย,13.0,13,สิบสาม,numeric_text_agree
อำเภอฝาง/ตำบลเวียง/หน่วยเลือกตั้งที่ 10/สส. 5ทับ18.pdf,10,10.0,ตำบลเวียง,อำเภอฝาง,489.0,230.0,197.0,27.0,6.0,2.0,นายสมดุลย์ อุดเจริญ,ประชาชน,38.0,38,สามสิบแปด,numeric_text_agree
อำเภอฝาง/ตำบลเวียง/หน่วยเลือกตั้งที่ 10/สส. 5ทับ18.pdf,10,10.0,ตำบลเวียง,อำเภอฝาง,489.0,230.0,197.0,27.0,6.0,3.0,นายเกรียงกมล ศรีมา,ประชาธิปัตย์,2.0,2,สอง,numeric_text_agree
อำเภอฝาง/ตำบลเวียง/หน่วยเลือกตั้งที่ 10/สส. 5ทับ18.pdf,10,10.0,ตำบลเวียง,อำเภอฝาง,489.0,230.0,197.0,27.0,6.0,4.0,นายสันติ ตันสุหัช,ก้าวอิสระ,2.0,2,สอง,numeric_text_agree
อำเภอฝาง/ตำบลเวียง/หน่วยเลือกตั้งที่ 10/สส. 5ทับ18.pdf,10,10.0,ตำบลเวียง,อำเภอฝาง,489.0,230.0,197.0,27.0,6.0,5.0,นายการุณย์ คูเจริญชัยกุล,กล้าธรรม,119.0,119,หนึ่งร้อยสิบเก้า,numeric_text_agree
อำเภอฝาง/ตำบลเวียง/หน่วยเลือกตั้งที่ 10/สส. 5ทับ18.pdf,10,10.0,ตำบลเวียง,อำเภอฝาง,489.0,230.0,197.0,27.0,6.0,6.0,นายนิธิกร วุฒินันชัย,เพื่อไทย,4.0,4,สี่,numeric_text_agree
อำเภอฝาง/ตำบลเวียง/หน่วยเลือกตั้งที่ 10/สส. 5ทับ18.pdf,10,10.0,ตำบลเวียง,อำเภอฝาง,489.0,230.0,197.0,27.0,6.0,7.0,นายไกร ดาบธรรม,พลังประชารัฐ,18.0,18,สิบแปด,numeric_text_agree
อำเภอฝาง/ตำบลเวียง/หน่วยเลือกตั้งที่ 10/สส. 5ทับ18.pdf,10,10.0,ตำบลเวียง,อำเภอฝาง,489.0,230.0,197.0,27.0,6.0,8.0,นายพิสิณห์ อุปนันท์,เศรษฐกิจ,0.0,0,ศูนย์,numeric_only
อำเภอฝาง/ตำบลเวียง/หน่วยเลือกตั้งที่ 10/สส. 5ทับ18.pdf,10,10.0,ตำบลเวียง,อำเภอฝาง,489.0,230.0,197.0,27.0,6.0,9.0,นายชาญวิทยายุทธ์ อินทร์แก้ว,ประชากรไทย,1.0,1,หนึ่ง,numeric_text_agree
อำเภอฝาง/ตำบลเวียง/หน่วยเลือกตั้งที่ 11/สส. 5ทับ18.pdf,11,11.0,ตำบลเวียง,อำเภอฝาง,359.0,270.0,248.0,16.0,12.0,1.0,นายอดุลย์ บุญใส,ภูมิใจไทย,18.0,18,สิบแปด,numeric_text_agree
อำเภอฝาง/ตำบลเวียง/หน่วยเลือกตั้งที่ 11/สส. 5ทับ18.pdf,11,11.0,ตำบลเวียง,อำเภอฝาง,359.0,270.0,248.0,16.0,12.0,2.0,นายสมดุลย์ อุดเจริญ,ประชาชน,33.0,83,สามสิบสาม,conflict_prefer_text
อำเภอฝาง/ตำบลเวียง/หน่วยเลือกตั้งที่ 11/สส. 5ทับ18.pdf,11,11.0,ตำบลเวียง,อำเภอฝาง,359.0,270.0,248.0,16.0,12.0,3.0,นายเกรียงกมล ศรีมา,ประชาธิปัตย์,0.0,0,ศูนย์,numeric_only
อำเภอฝาง/ตำบลเวียง/หน่วยเลือกตั้งที่ 11/สส. 5ทับ18.pdf,11,11.0,ตำบลเวียง,อำเภอฝาง,359.0,270.0,248.0,16.0,12.0,4.0,นายสันติ ตันสุข,ก้าวอิสระ,3.0,3,สาม,numeric_text_agree
อำเภอฝาง/ตำบลเวียง/หน่วยเลือกตั้งที่ 11/สส. 5ทับ18.pdf,11,11.0,ตำบลเวียง,อำเภอฝาง,359.0,270.0,248.0,16.0,12.0,5.0,นายการุณย์ คูเจริญชัยกุล,กล้าธรรม,157.0,157,หนึ่งร้อยห้าสิบเจ็ด,numeric_text_agree
อำเภอฝาง/ตำบลเวียง/หน่วยเลือกตั้งที่ 11/สส. 5ทับ18.pdf,11,11.0,ตำบลเวียง,อำเภอฝาง,359.0,270.0,248.0,16.0,12.0,6.0,นายนิธินร วุฒินัย,เพื่อไทย,23.0,23,ยี่สิบสาม,numeric_text_agree
อำเภอฝาง/ตำบลเวียง/หน่วยเลือกตั้งที่ 11/สส. 5ทับ18.pdf,11,11.0,ตำบลเวียง,อำเภอฝาง,359.0,270.0,248.0,16.0,12.0,7.0,นายไกร ดาบธรรม,พลังประชารัฐ,9.0,9,เก้า,numeric_text_agree
อำเภอฝาง/ตำบลเวียง/หน่วยเลือกตั้งที่ 11/สส. 5ทับ18.pdf,11,11.0,ตำบลเวียง,อำเภอฝาง,359.0,270.0,248.0,16.0,12.0,8.0,นายพิสัณห์ อนันนท์,เศรษฐกิจ,1.0,1,หนึ่ง,numeric_text_agree
อำเภอฝาง/ตำบลเวียง/หน่วยเลือกตั้งที่ 11/สส. 5ทับ18.pdf,11,11.0,ตำบลเวียง,อำเภอฝาง,359.0,270.0,248.0,16.0,12.0,9.0,นายชาญวิทยายุทธ อินทร์แก้ว,ประชากรไทย,4.0,4,สี่,numeric_text_agree
อำเภอฝาง/ตำบลเวียง/หน่วยเลือกตั้งที่ 1/สส. 5ทับ18.pdf,1,1.0,ตำบลเวียง,อำเภอฝาง,455.0,337.0,315.0,7.0,15.0,1.0,นายอดุลย์ บุญใส,ภูมิใจไทย,7.0,7,เจ็ด,numeric_text_agree
อำเภอฝาง/ตำบลเวียง/หน่วยเลือกตั้งที่ 1/สส. 5ทับ18.pdf,1,1.0,ตำบลเวียง,อำเภอฝาง,455.0,337.0,315.0,7.0,15.0,2.0,นายสมดุลย์ อุดเจริญ,ประชาชน,66.0,66,หกสิบหก,numeric_text_agree
อำเภอฝาง/ตำบลเวียง/หน่วยเลือกตั้งที่ 1/สส. 5ทับ18.pdf,1,1.0,ตำบลเวียง,อำเภอฝาง,455.0,337.0,315.0,7.0,15.0,3.0,นายเกรียงกมล ศรีมา,ประชาธิปัตย์,2.0,2,สอง,numeric_text_agree
อำเภอฝาง/ตำบลเวียง/หน่วยเลือกตั้งที่ 1/สส. 5ทับ18.pdf,1,1.0,ตำบลเวียง,อำเภอฝาง,455.0,337.0,315.0,7.0,15.0,4.0,นายสันติ ตันสุขชัย,ก้าวอิสระ,3.0,3,สาม,numeric_text_agree
อำเภอฝาง/ตำบลเวียง/หน่วยเลือกตั้งที่ 1/สส. 5ทับ18.pdf,1,1.0,ตำบลเวียง,อำเภอฝาง,455.0,337.0,315.0,7.0,15.0,5.0,นายการุณย์ คูเจริญชัยกุล,กล้าธรรม,166.0,166,หนึ่งร้อยหกสิบหก,numeric_text_agree
อำเภอฝาง/ตำบลเวียง/หน่วยเลือกตั้งที่ 1/สส. 5ทับ18.pdf,1,1.0,ตำบลเวียง,อำเภอฝาง,455.0,337.0,315.0,7.0,15.0,6.0,นายนิธิกร วุฒินันชัย,เพื่อไทย,32.0,32,สามสิบสอง,numeric_text_agree
อำเภอฝาง/ตำบลเวียง/หน่วยเลือกตั้งที่ 1/สส. 5ทับ18.pdf,1,1.0,ตำบลเวียง,อำเภอฝาง,455.0,337.0,315.0,7.0,15.0,7.0,นายไกร ดาบธรรม,พลังประชารัฐ,35.0,35,สามสิบห้า,numeric_text_agree
อำเภอฝาง/ตำบลเวียง/หน่วยเลือกตั้งที่ 1/สส. 5ทับ18.pdf,1,1.0,ตำบลเวียง,อำเภอฝาง,455.0,337.0,315.0,7.0,15.0,8.0,นายพิสิณฑ์ อุปนันท์,เศรษฐกิจ,3.0,3,สาม,numeric_text_agree
อำเภอฝาง/ตำบลเวียง/หน่วยเลือกตั้งที่ 1/สส. 5ทับ18.pdf,1,1.0,ตำบลเวียง,อำเภอฝาง,455.0,337.0,315.0,7.0,15.0,9.0,นายชาญวิทยายุทธ อินทร์แก้ว,ประชากรไทย,1.0,1,หนึ่ง,numeric_text_agree
