รหัสจังหวัด,จังหวัด,เขต,อำเภอ,ตำบล,หมู่,หมายเลขหน่วยเลือกตั้ง,หมายเลขผู้สมัคร,ชื่อผู้สมัคร,ชื่อพรรค,คะแนน
50,เชียงใหม่,7,แม่อาย,มะลิกา,2,13,1,นายอดุลย์ บุญใส,ภูมิใจไทย,0
50,เชียงใหม่,7,แม่อาย,มะลิกา,2,13,2,นายสมดุลย์ อุตเจริญ,ประชาชน,7
50,เชียงใหม่,7,แม่อาย,มะลิกา,2,13,3,นายเกรียงกมล ศรีมา,ประชาธิปัตย์,0
50,เชียงใหม่,7,แม่อาย,มะลิกา,2,13,4,นายสันติ ตันสุหัช,ก้าวอิสระ,0
50,เชียงใหม่,7,แม่อาย,มะลิกา,2,13,5,นายการุณย์ คูเจริญชัยกุล,กล้าธรรม,97
50,เชียงใหม่,7,แม่อาย,มะลิกา,2,13,6,นายนิธิกร วุฒินันชัย,เพื่อไทย,18
50,เชียงใหม่,7,แม่อาย,มะลิกา,2,13,7,นายไกร ดาบธรรม,พลังประชารัฐ,12
50,เชียงใหม่,7,แม่อาย,มะลิกา,2,13,8,นายพิสัณห์ อุปนันท์,เศรษฐกิจ,1
50,เชียงใหม่,7,แม่อาย,มะลิกา,2,13,9,นายชาญวิทยายุทธ์ อินทร์แก้ว,ประชากรไทย,1
50,เชียงใหม่,7,แม่อาย,มะลิกา,3,14,1,นายอดุลย์ บุญใส,ภูมิใจไทย,1
50,เชียงใหม่,7,แม่อาย,มะลิกา,3,14,2,นายสมดุลย์ อุตเจริญ,ประชาชน,32
50,เชียงใหม่,7,แม่อาย,มะลิกา,3,14,3,นายเกรียงกมล ศรีมา,ประชาธิปัตย์,0
50,เชียงใหม่,7,แม่อาย,มะลิกา,3,14,4,นายสันติ ตันสุหัช,ก้าวอิสระ,0
50,เชียงใหม่,7,แม่อาย,มะลิกา,3,14,5,นายการุณย์ คูเจริญชัยกุล,กล้าธรรม,24
50,เชียงใหม่,7,แม่อาย,มะลิกา,3,14,6,นายนิธิกร วุฒินันชัย,เพื่อไทย,46
50,เชียงใหม่,7,แม่อาย,มะลิกา,3,14,7,นายไกร ดาบธรรม,พลังประชารัฐ,42
50,เชียงใหม่,7,แม่อาย,มะลิกา,3,14,8,นายพิสัณห์ อุปนันท์,เศรษฐกิจ,4
50,เชียงใหม่,7,แม่อาย,มะลิกา,3,14,9,นายชาญวิทยายุทธ์ อินทร์แก้ว,ประชากรไทย,1
50,เชียงใหม่,7,แม่อาย,มะลิกา,4,15,1,นายอดุลย์ บุญใส,ภูมิใจไทย,0
50,เชียงใหม่,7,แม่อาย,มะลิกา,4,15,2,นายสมดุลย์ อุตเจริญ,ประชาชน,30
50,เชียงใหม่,7,แม่อาย,มะลิกา,4,15,3,นายเกรียงกมล ศรีมา,ประชาธิปัตย์,2
50,เชียงใหม่,7,แม่อาย,มะลิกา,4,15,4,นายสันติ ตันสุหัช,ก้าวอิสระ,1
50,เชียงใหม่,7,แม่อาย,มะลิกา,4,15,5,นายการุณย์ คูเจริญชัยกุล,กล้าธรรม,45
50,เชียงใหม่,7,แม่อาย,มะลิกา,4,15,6,นายนิธิกร วุฒินันชัย,เพื่อไทย,36
50,เชียงใหม่,7,แม่อาย,มะลิกา,4,15,7,นายไกร ดาบธรรม,พลังประชารัฐ,49
50,เชียงใหม่,7,แม่อาย,มะลิกา,4,15,8,นายพิสัณห์ อุปนันท์,เศรษฐกิจ,4
50,เชียงใหม่,7,แม่อาย,มะลิกา,4,15,9,นายชาญวิทยายุทธ์ อินทร์แก้ว,ประชากรไทย,1
50,เชียงใหม่,7,แม่อาย,มะลิกา,5,16,1,นายอดุลย์ บุญใส,ภูมิใจไทย,0
50,เชียงใหม่,7,แม่อาย,มะลิกา,5,16,2,นายสมดุลย์ อุตเจริญ,ประชาชน,36
50,เชียงใหม่,7,แม่อาย,มะลิกา,5,16,3,นายเกรียงกมล ศรีมา,ประชาธิปัตย์,0
50,เชียงใหม่,7,แม่อาย,มะลิกา,5,16,4,นายสันติ ตันสุหัช,ก้าวอิสระ,0
50,เชียงใหม่,7,แม่อาย,มะลิกา,5,16,5,นายการุณย์ คูเจริญชัยกุล,กล้าธรรม,44
50,เชียงใหม่,7,แม่อาย,มะลิกา,5,16,6,นายนิธิกร วุฒินันชัย,เพื่อไทย,46
50,เชียงใหม่,7,แม่อาย,มะลิกา,5,16,7,นายไกร ดาบธรรม,พลังประชารัฐ,60
50,เชียงใหม่,7,แม่อาย,มะลิกา,5,16,8,นายพิสัณห์ อุปนันท์,เศรษฐกิจ,1
50,เชียงใหม่,7,แม่อาย,มะลิกา,5,16,9,นายชาญวิทยายุทธ์ อินทร์แก้ว,ประชากรไทย,6
50,เชียงใหม่,7,แม่อาย,มะลิกา,6,17,1,นายอดุลย์ บุญใส,ภูมิใจไทย,2
50,เชียงใหม่,7,แม่อาย,มะลิกา,6,17,2,นายสมดุลย์ อุตเจริญ,ประชาชน,47
50,เชียงใหม่,7,แม่อาย,มะลิกา,6,17,3,นายเกรียงกมล ศรีมา,ประชาธิปัตย์,0
50,เชียงใหม่,7,แม่อาย,มะลิกา,6,17,4,นายสันติ ตันสุหัช,ก้าวอิสระ,0
50,เชียงใหม่,7,แม่อาย,มะลิกา,6,17,5,นายการุณย์ คูเจริญชัยกุล,กล้าธรรม,83
50,เชียงใหม่,7,แม่อาย,มะลิกา,6,17,6,นายนิธิกร วุฒินันชัย,เพื่อไทย,49
50,เชียงใหม่,7,แม่อาย,มะลิกา,6,17,7,นายไกร ดาบธรรม,พลังประชารัฐ,70
50,เชียงใหม่,7,แม่อาย,มะลิกา,6,17,8,นายพิสัณห์ อุปนันท์,เศรษฐกิจ,2
50,เชียงใหม่,7,แม่อาย,มะลิกา,6,17,9,นายชาญวิทยายุทธ์ อินทร์แก้ว,ประชากรไทย,1
50,เชียงใหม่,7,แม่อาย,มะลิกา,7,18,1,นายอดุลย์ บุญใส,ภูมิใจไทย,4
50,เชียงใหม่,7,แม่อาย,มะลิกา,7,18,2,นายสมดุลย์ อุตเจริญ,ประชาชน,56
50,เชียงใหม่,7,แม่อาย,มะลิกา,7,18,3,นายเกรียงกมล ศรีมา,ประชาธิปัตย์,0
50,เชียงใหม่,7,แม่อาย,มะลิกา,7,18,4,นายสันติ ตันสุหัช,ก้าวอิสระ,0
50,เชียงใหม่,7,แม่อาย,มะลิกา,7,18,5,นายการุณย์ คูเจริญชัยกุล,กล้าธรรม,91
50,เชียงใหม่,7,แม่อาย,มะลิกา,7,18,6,นายนิธิกร วุฒินันชัย,เพื่อไทย,34
50,เชียงใหม่,7,แม่อาย,มะลิกา,7,18,7,นายไกร ดาบธรรม,พลังประชารัฐ,58
50,เชียงใหม่,7,แม่อาย,มะลิกา,7,18,8,นายพิสัณห์ อุปนันท์,เศรษฐกิจ,3
50,เชียงใหม่,7,แม่อาย,มะลิกา,7,18,9,นายชาญวิทยายุทธ์ อินทร์แก้ว,ประชากรไทย,2
50,เชียงใหม่,7,แม่อาย,มะลิกา,8,19,1,นายอดุลย์ บุญใส,ภูมิใจไทย,1
50,เชียงใหม่,7,แม่อาย,มะลิกา,8,19,2,นายสมดุลย์ อุตเจริญ,ประชาชน,37
50,เชียงใหม่,7,แม่อาย,มะลิกา,8,19,3,นายเกรียงกมล ศรีมา,ประชาธิปัตย์,0
50,เชียงใหม่,7,แม่อาย,มะลิกา,8,19,4,นายสันติ ตันสุหัช,ก้าวอิสระ,1
50,เชียงใหม่,7,แม่อาย,มะลิกา,8,19,5,นายการุณย์ คูเจริญชัยกุล,กล้าธรรม,82
50,เชียงใหม่,7,แม่อาย,มะลิกา,8,19,6,นายนิธิกร วุฒินันชัย,เพื่อไทย,21
50,เชียงใหม่,7,แม่อาย,มะลิกา,8,19,7,นายไกร ดาบธรรม,พลังประชารัฐ,135
50,เชียงใหม่,7,แม่อาย,มะลิกา,8,19,8,นายพิสัณห์ อุปนันท์,เศรษฐกิจ,0
50,เชียงใหม่,7,แม่อาย,มะลิกา,8,19,9,นายชาญวิทยายุทธ์ อินทร์แก้ว,ประชากรไทย,2
50,เชียงใหม่,7,แม่อาย,มะลิกา,9,20,1,นายอดุลย์ บุญใส,ภูมิใจไทย,3
50,เชียงใหม่,7,แม่อาย,มะลิกา,9,20,2,นายสมดุลย์ อุตเจริญ,ประชาชน,21
50,เชียงใหม่,7,แม่อาย,มะลิกา,9,20,3,นายเกรียงกมล ศรีมา,ประชาธิปัตย์,1
50,เชียงใหม่,7,แม่อาย,มะลิกา,9,20,4,นายสันติ ตันสุหัช,ก้าวอิสระ,1
50,เชียงใหม่,7,แม่อาย,มะลิกา,9,20,5,นายการุณย์ คูเจริญชัยกุล,กล้าธรรม,104
50,เชียงใหม่,7,แม่อาย,มะลิกา,9,20,6,นายนิธิกร วุฒินันชัย,เพื่อไทย,16
50,เชียงใหม่,7,แม่อาย,มะลิกา,9,20,7,นายไกร ดาบธรรม,พลังประชารัฐ,22
50,เชียงใหม่,7,แม่อาย,มะลิกา,9,20,8,นายพิสัณห์ อุปนันท์,เศรษฐกิจ,1
50,เชียงใหม่,7,แม่อาย,มะลิกา,9,20,9,นายชาญวิทยายุทธ์ อินทร์แก้ว,ประชากรไทย,1
50,เชียงใหม่,7,แม่อาย,มะลิกา,10,21,1,นายอดุลย์ บุญใส,ภูมิใจไทย,0
50,เชียงใหม่,7,แม่อาย,มะลิกา,10,21,2,นายสมดุลย์ อุตเจริญ,ประชาชน,29
50,เชียงใหม่,7,แม่อาย,มะลิกา,10,21,3,นายเกรียงกมล ศรีมา,ประชาธิปัตย์,1
50,เชียงใหม่,7,แม่อาย,มะลิกา,10,21,4,นายสันติ ตันสุหัช,ก้าวอิสระ,2
50,เชียงใหม่,7,แม่อาย,มะลิกา,10,21,5,นายการุณย์ คูเจริญชัยกุล,กล้าธรรม,84
50,เชียงใหม่,7,แม่อาย,มะลิกา,10,21,6,นายนิธิกร วุฒินันชัย,เพื่อไทย,10
50,เชียงใหม่,7,แม่อาย,มะลิกา,10,21,7,นายไกร ดาบธรรม,พลังประชารัฐ,43
50,เชียงใหม่,7,แม่อาย,มะลิกา,10,21,8,นายพิสัณห์ อุปนันท์,เศรษฐกิจ,1
50,เชียงใหม่,7,แม่อาย,มะลิกา,10,21,9,นายชาญวิทยายุทธ์ อินทร์แก้ว,ประชากรไทย,1
50,เชียงใหม่,7,แม่อาย,แม่อาย,1,1,1,นายอดุลย์ บุญใส,ภูมิใจไทย,3
50,เชียงใหม่,7,แม่อาย,แม่อาย,1,1,2,นายสมดุลย์ อุตเจริญ,ประชาชน,78
50,เชียงใหม่,7,แม่อาย,แม่อาย,1,1,3,นายเกรียงกมล ศรีมา,ประชาธิปัตย์,1
50,เชียงใหม่,7,แม่อาย,แม่อาย,1,1,4,นายสันติ ตันสุหัช,ก้าวอิสระ,1
50,เชียงใหม่,7,แม่อาย,แม่อาย,1,1,5,นายการุณย์ คูเจริญชัยกุล,กล้าธรรม,102
50,เชียงใหม่,7,แม่อาย,แม่อาย,1,1,6,นายนิธิกร วุฒินันชัย,เพื่อไทย,70
50,เชียงใหม่,7,แม่อาย,แม่อาย,1,1,7,นายไกร ดาบธรรม,พลังประชารัฐ,112
50,เชียงใหม่,7,แม่อาย,แม่อาย,1,1,8,นายพิสัณห์ อุปนันท์,เศรษฐกิจ,2
50,เชียงใหม่,7,แม่อาย,แม่อาย,1,1,9,นายชาญวิทยายุทธ์ อินทร์แก้ว,ประชากรไทย,8
50,เชียงใหม่,7,แม่อาย,แม่อาย,2,2,1,นายอดุลย์ บุญใส,ภูมิใจไทย,2
50,เชียงใหม่,7,แม่อาย,แม่อาย,2,2,2,นายสมดุลย์ อุตเจริญ,ประชาชน,28
50,เชียงใหม่,7,แม่อาย,แม่อาย,2,2,3,นายเกรียงกมล ศรีมา,ประชาธิปัตย์,1
50,เชียงใหม่,7,แม่อาย,แม่อาย,2,2,4,นายสันติ ตันสุหัช,ก้าวอิสระ,2
50,เชียงใหม่,7,แม่อาย,แม่อาย,2,2,5,นายการุณย์ คูเจริญชัยกุล,กล้าธรรม,91
50,เชียงใหม่,7,แม่อาย,แม่อาย,2,2,6,นายนิธิกร วุฒินันชัย,เพื่อไทย,21
50,เชียงใหม่,7,แม่อาย,แม่อาย,2,2,7,นายไกร ดาบธรรม,พลังประชารัฐ,46
50,เชียงใหม่,7,แม่อาย,แม่อาย,2,2,8,นายพิสัณห์ อุปนันท์,เศรษฐกิจ,4
50,เชียงใหม่,7,แม่อาย,แม่อาย,2,2,9,นายชาญวิทยายุทธ์ อินทร์แก้ว,ประชากรไทย,1
50,เชียงใหม่,7,แม่อาย,แม่อาย,3,3,1,นายอดุลย์ บุญใส,ภูมิใจไทย,2
50,เชียงใหม่,7,แม่อาย,แม่อาย,3,3,2,นายสมดุลย์ อุตเจริญ,ประชาชน,33
50,เชียงใหม่,7,แม่อาย,แม่อาย,3,3,3,นายเกรียงกมล ศรีมา,ประชาธิปัตย์,0
50,เชียงใหม่,7,แม่อาย,แม่อาย,3,3,4,นายสันติ ตันสุหัช,ก้าวอิสระ,3
50,เชียงใหม่,7,แม่อาย,แม่อาย,3,3,5,นายการุณย์ คูเจริญชัยกุล,กล้าธรรม,57
50,เชียงใหม่,7,แม่อาย,แม่อาย,3,3,6,นายนิธิกร วุฒินันชัย,เพื่อไทย,57
50,เชียงใหม่,7,แม่อาย,แม่อาย,3,3,7,นายไกร ดาบธรรม,พลังประชารัฐ,116
50,เชียงใหม่,7,แม่อาย,แม่อาย,3,3,8,นายพิสัณห์ อุปนันท์,เศรษฐกิจ,3
50,เชียงใหม่,7,แม่อาย,แม่อาย,3,3,9,นายชาญวิทยายุทธ์ อินทร์แก้ว,ประชากรไทย,4
50,เชียงใหม่,7,แม่อาย,แม่อาย,4,4,1,นายอดุลย์ บุญใส,ภูมิใจไทย,4
50,เชียงใหม่,7,แม่อาย,แม่อาย,4,4,2,นายสมดุลย์ อุตเจริญ,ประชาชน,33
50,เชียงใหม่,7,แม่อาย,แม่อาย,4,4,3,นายเกรียงกมล ศรีมา,ประชาธิปัตย์,0
50,เชียงใหม่,7,แม่อาย,แม่อาย,4,4,4,นายสันติ ตันสุหัช,ก้าวอิสระ,3
50,เชียงใหม่,7,แม่อาย,แม่อาย,4,4,5,นายการุณย์ คูเจริญชัยกุล,กล้าธรรม,28
50,เชียงใหม่,7,แม่อาย,แม่อาย,4,4,6,นายนิธิกร วุฒินันชัย,เพื่อไทย,70
50,เชียงใหม่,7,แม่อาย,แม่อาย,4,4,7,นายไกร ดาบธรรม,พลังประชารัฐ,66
50,เชียงใหม่,7,แม่อาย,แม่อาย,4,4,8,นายพิสัณห์ อุปนันท์,เศรษฐกิจ,3
50,เชียงใหม่,7,แม่อาย,แม่อาย,4,4,9,นายชาญวิทยายุทธ์ อินทร์แก้ว,ประชากรไทย,4
50,เชียงใหม่,7,แม่อาย,แม่อาย,4,5,1,นายอดุลย์ บุญใส,ภูมิใจไทย,1
50,เชียงใหม่,7,แม่อาย,แม่อาย,4,5,2,นายสมดุลย์ อุตเจริญ,ประชาชน,54
50,เชียงใหม่,7,แม่อาย,แม่อาย,4,5,3,นายเกรียงกมล ศรีมา,ประชาธิปัตย์,1
50,เชียงใหม่,7,แม่อาย,แม่อาย,4,5,4,นายสันติ ตันสุหัช,ก้าวอิสระ,1
50,เชียงใหม่,7,แม่อาย,แม่อาย,4,5,5,นายการุณย์ คูเจริญชัยกุล,กล้าธรรม,26
50,เชียงใหม่,7,แม่อาย,แม่อาย,4,5,6,นายนิธิกร วุฒินันชัย,เพื่อไทย,55
50,เชียงใหม่,7,แม่อาย,แม่อาย,4,5,7,นายไกร ดาบธรรม,พลังประชารัฐ,80
50,เชียงใหม่,7,แม่อาย,แม่อาย,4,5,8,นายพิสัณห์ อุปนันท์,เศรษฐกิจ,2
50,เชียงใหม่,7,แม่อาย,แม่อาย,4,5,9,นายชาญวิทยายุทธ์ อินทร์แก้ว,ประชากรไทย,3
50,เชียงใหม่,7,แม่อาย,แม่อาย,5,6,1,นายอดุลย์ บุญใส,ภูมิใจไทย,3
50,เชียงใหม่,7,แม่อาย,แม่อาย,5,6,2,นายสมดุลย์ อุตเจริญ,ประชาชน,45
50,เชียงใหม่,7,แม่อาย,แม่อาย,5,6,3,นายเกรียงกมล ศรีมา,ประชาธิปัตย์,1
50,เชียงใหม่,7,แม่อาย,แม่อาย,5,6,4,นายสันติ ตันสุหัช,ก้าวอิสระ,2
50,เชียงใหม่,7,แม่อาย,แม่อาย,5,6,5,นายการุณย์ คูเจริญชัยกุล,กล้าธรรม,57
50,เชียงใหม่,7,แม่อาย,แม่อาย,5,6,6,นายนิธิกร วุฒินันชัย,เพื่อไทย,31
50,เชียงใหม่,7,แม่อาย,แม่อาย,5,6,7,นายไกร ดาบธรรม,พลังประชารัฐ,106
50,เชียงใหม่,7,แม่อาย,แม่อาย,5,6,8,นายพิสัณห์ อุปนันท์,เศรษฐกิจ,0
50,เชียงใหม่,7,แม่อาย,แม่อาย,5,6,9,นายชาญวิทยายุทธ์ อินทร์แก้ว,ประชากรไทย,1
50,เชียงใหม่,7,แม่อาย,แม่อาย,6,7,1,นายอดุลย์ บุญใส,ภูมิใจไทย,3
50,เชียงใหม่,7,แม่อาย,แม่อาย,6,7,2,นายสมดุลย์ อุตเจริญ,ประชาชน,20
50,เชียงใหม่,7,แม่อาย,แม่อาย,6,7,3,นายเกรียงกมล ศรีมา,ประชาธิปัตย์,0
50,เชียงใหม่,7,แม่อาย,แม่อาย,6,7,4,นายสันติ ตันสุหัช,ก้าวอิสระ,1
50,เชียงใหม่,7,แม่อาย,แม่อาย,6,7,5,นายการุณย์ คูเจริญชัยกุล,กล้าธรรม,124
50,เชียงใหม่,7,แม่อาย,แม่อาย,6,7,6,นายนิธิกร วุฒินันชัย,เพื่อไทย,19
50,เชียงใหม่,7,แม่อาย,แม่อาย,6,7,7,นายไกร ดาบธรรม,พลังประชารัฐ,50
50,เชียงใหม่,7,แม่อาย,แม่อาย,6,7,8,นายพิสัณห์ อุปนันท์,เศรษฐกิจ,0
50,เชียงใหม่,7,แม่อาย,แม่อาย,6,7,9,นายชาญวิทยายุทธ์ อินทร์แก้ว,ประชากรไทย,3
50,เชียงใหม่,7,แม่อาย,แม่อาย,7,8,1,นายอดุลย์ บุญใส,ภูมิใจไทย,5
50,เชียงใหม่,7,แม่อาย,แม่อาย,7,8,2,นายสมดุลย์ อุตเจริญ,ประชาชน,70
50,เชียงใหม่,7,แม่อาย,แม่อาย,7,8,3,นายเกรียงกมล ศรีมา,ประชาธิปัตย์,0
50,เชียงใหม่,7,แม่อาย,แม่อาย,7,8,4,นายสันติ ตันสุหัช,ก้าวอิสระ,0
50,เชียงใหม่,7,แม่อาย,แม่อาย,7,8,5,นายการุณย์ คูเจริญชัยกุล,กล้าธรรม,99
50,เชียงใหม่,7,แม่อาย,แม่อาย,7,8,6,นายนิธิกร วุฒินันชัย,เพื่อไทย,58
50,เชียงใหม่,7,แม่อาย,แม่อาย,7,8,7,นายไกร ดาบธรรม,พลังประชารัฐ,175
50,เชียงใหม่,7,แม่อาย,แม่อาย,7,8,8,นายพิสัณห์ อุปนันท์,เศรษฐกิจ,1
50,เชียงใหม่,7,แม่อาย,แม่อาย,7,8,9,นายชาญวิทยายุทธ์ อินทร์แก้ว,ประชากรไทย,8
50,เชียงใหม่,7,แม่อาย,แม่อาย,8,9,1,นายอดุลย์ บุญใส,ภูมิใจไทย,3
50,เชียงใหม่,7,แม่อาย,แม่อาย,8,9,2,นายสมดุลย์ อุตเจริญ,ประชาชน,26
50,เชียงใหม่,7,แม่อาย,แม่อาย,8,9,3,นายเกรียงกมล ศรีมา,ประชาธิปัตย์,1
50,เชียงใหม่,7,แม่อาย,แม่อาย,8,9,4,นายสันติ ตันสุหัช,ก้าวอิสระ,2
50,เชียงใหม่,7,แม่อาย,แม่อาย,8,9,5,นายการุณย์ คูเจริญชัยกุล,กล้าธรรม,70
50,เชียงใหม่,7,แม่อาย,แม่อาย,8,9,6,นายนิธิกร วุฒินันชัย,เพื่อไทย,67
50,เชียงใหม่,7,แม่อาย,แม่อาย,8,9,7,นายไกร ดาบธรรม,พลังประชารัฐ,54
50,เชียงใหม่,7,แม่อาย,แม่อาย,8,9,8,นายพิสัณห์ อุปนันท์,เศรษฐกิจ,2
50,เชียงใหม่,7,แม่อาย,แม่อาย,8,9,9,นายชาญวิทยายุทธ์ อินทร์แก้ว,ประชากรไทย,9
50,เชียงใหม่,7,แม่อาย,แม่อาย,8,10,1,นายอดุลย์ บุญใส,ภูมิใจไทย,1
50,เชียงใหม่,7,แม่อาย,แม่อาย,8,10,2,นายสมดุลย์ อุตเจริญ,ประชาชน,34
50,เชียงใหม่,7,แม่อาย,แม่อาย,8,10,3,นายเกรียงกมล ศรีมา,ประชาธิปัตย์,0
50,เชียงใหม่,7,แม่อาย,แม่อาย,8,10,4,นายสันติ ตันสุหัช,ก้าวอิสระ,1
50,เชียงใหม่,7,แม่อาย,แม่อาย,8,10,5,นายการุณย์ คูเจริญชัยกุล,กล้าธรรม,37
50,เชียงใหม่,7,แม่อาย,แม่อาย,8,10,6,นายนิธิกร วุฒินันชัย,เพื่อไทย,47
50,เชียงใหม่,7,แม่อาย,แม่อาย,8,10,7,นายไกร ดาบธรรม,พลังประชารัฐ,48
50,เชียงใหม่,7,แม่อาย,แม่อาย,8,10,8,นายพิสัณห์ อุปนันท์,เศรษฐกิจ,2
50,เชียงใหม่,7,แม่อาย,แม่อาย,8,10,9,นายชาญวิทยายุทธ์ อินทร์แก้ว,ประชากรไทย,0
50,เชียงใหม่,7,แม่อาย,แม่อาย,10,11,1,นายอดุลย์ บุญใส,ภูมิใจไทย,6
50,เชียงใหม่,7,แม่อาย,แม่อาย,10,11,2,นายสมดุลย์ อุตเจริญ,ประชาชน,35
50,เชียงใหม่,7,แม่อาย,แม่อาย,10,11,3,นายเกรียงกมล ศรีมา,ประชาธิปัตย์,1
50,เชียงใหม่,7,แม่อาย,แม่อาย,10,11,4,นายสันติ ตันสุหัช,ก้าวอิสระ,3
50,เชียงใหม่,7,แม่อาย,แม่อาย,10,11,5,นายการุณย์ คูเจริญชัยกุล,กล้าธรรม,98
50,เชียงใหม่,7,แม่อาย,แม่อาย,10,11,6,นายนิธิกร วุฒินันชัย,เพื่อไทย,25
50,เชียงใหม่,7,แม่อาย,แม่อาย,10,11,7,นายไกร ดาบธรรม,พลังประชารัฐ,44
50,เชียงใหม่,7,แม่อาย,แม่อาย,10,11,8,นายพิสัณห์ อุปนันท์,เศรษฐกิจ,4
50,เชียงใหม่,7,แม่อาย,แม่อาย,10,11,9,นายชาญวิทยายุทธ์ อินทร์แก้ว,ประชากรไทย,3
50,เชียงใหม่,7,แม่อาย,แม่อาย,11,12,1,นายอดุลย์ บุญใส,ภูมิใจไทย,4
50,เชียงใหม่,7,แม่อาย,แม่อาย,11,12,2,นายสมดุลย์ อุตเจริญ,ประชาชน,21
50,เชียงใหม่,7,แม่อาย,แม่อาย,11,12,3,นายเกรียงกมล ศรีมา,ประชาธิปัตย์,0
50,เชียงใหม่,7,แม่อาย,แม่อาย,11,12,4,นายสันติ ตันสุหัช,ก้าวอิสระ,1
50,เชียงใหม่,7,แม่อาย,แม่อาย,11,12,5,นายการุณย์ คูเจริญชัยกุล,กล้าธรรม,90
50,เชียงใหม่,7,แม่อาย,แม่อาย,11,12,6,นายนิธิกร วุฒินันชัย,เพื่อไทย,20
50,เชียงใหม่,7,แม่อาย,แม่อาย,11,12,7,นายไกร ดาบธรรม,พลังประชารัฐ,35
50,เชียงใหม่,7,แม่อาย,แม่อาย,11,12,8,นายพิสัณห์ อุปนันท์,เศรษฐกิจ,2
50,เชียงใหม่,7,แม่อาย,แม่อาย,11,12,9,นายชาญวิทยายุทธ์ อินทร์แก้ว,ประชากรไทย,3
50,เชียงใหม่,7,ไชยปราการ,ปงตำ,1,1,1,นายอดุลย์ บุญใส,ภูมิใจไทย,10
50,เชียงใหม่,7,ไชยปราการ,ปงตำ,1,1,2,นายสมดุลย์ อุตเจริญ,ประชาชน,85
50,เชียงใหม่,7,ไชยปราการ,ปงตำ,1,1,3,นายเกรียงกมล ศรีมา,ประชาธิปัตย์,1
50,เชียงใหม่,7,ไชยปราการ,ปงตำ,1,1,4,นายสันติ ตันสุหัช,ก้าวอิสระ,1
50,เชียงใหม่,7,ไชยปราการ,ปงตำ,1,1,5,นายการุณย์ คูเจริญชัยกุล,กล้าธรรม,147
50,เชียงใหม่,7,ไชยปราการ,ปงตำ,1,1,6,นายนิธิกร วุฒินันชัย,เพื่อไทย,55
50,เชียงใหม่,7,ไชยปราการ,ปงตำ,1,1,7,นายไกร ดาบธรรม,พลังประชารัฐ,20
50,เชียงใหม่,7,ไชยปราการ,ปงตำ,1,1,8,นายพิสัณห์ อุปนันท์,เศรษฐกิจ,2
50,เชียงใหม่,7,ไชยปราการ,ปงตำ,1,1,9,นายชาญวิทยายุทธ์ อินทร์แก้ว,ประชากรไทย,2
50,เชียงใหม่,7,ไชยปราการ,ปงตำ,1,2,1,นายอดุลย์ บุญใส,ภูมิใจไทย,22
50,เชียงใหม่,7,ไชยปราการ,ปงตำ,1,2,2,นายสมดุลย์ อุตเจริญ,ประชาชน,72
50,เชียงใหม่,7,ไชยปราการ,ปงตำ,1,2,3,นายเกรียงกมล ศรีมา,ประชาธิปัตย์,4
50,เชียงใหม่,7,ไชยปราการ,ปงตำ,1,2,4,นายสันติ ตันสุหัช,ก้าวอิสระ,2
50,เชียงใหม่,7,ไชยปราการ,ปงตำ,1,2,5,นายการุณย์ คูเจริญชัยกุล,กล้าธรรม,122
50,เชียงใหม่,7,ไชยปราการ,ปงตำ,1,2,6,นายนิธิกร วุฒินันชัย,เพื่อไทย,58
50,เชียงใหม่,7,ไชยปราการ,ปงตำ,1,2,7,นายไกร ดาบธรรม,พลังประชารัฐ,24
50,เชียงใหม่,7,ไชยปราการ,ปงตำ,1,2,8,นายพิสัณห์ อุปนันท์,เศรษฐกิจ,5
50,เชียงใหม่,7,ไชยปราการ,ปงตำ,1,2,9,นายชาญวิทยายุทธ์ อินทร์แก้ว,ประชากรไทย,10
50,เชียงใหม่,7,ไชยปราการ,ปงตำ,2,3,1,นายอดุลย์ บุญใส,ภูมิใจไทย,22
50,เชียงใหม่,7,ไชยปราการ,ปงตำ,2,3,2,นายสมดุลย์ อุตเจริญ,ประชาชน,103
50,เชียงใหม่,7,ไชยปราการ,ปงตำ,2,3,3,นายเกรียงกมล ศรีมา,ประชาธิปัตย์,3
50,เชียงใหม่,7,ไชยปราการ,ปงตำ,2,3,4,นายสันติ ตันสุหัช,ก้าวอิสระ,5
50,เชียงใหม่,7,ไชยปราการ,ปงตำ,2,3,5,นายการุณย์ คูเจริญชัยกุล,กล้าธรรม,125
50,เชียงใหม่,7,ไชยปราการ,ปงตำ,2,3,6,นายนิธิกร วุฒินันชัย,เพื่อไทย,80
50,เชียงใหม่,7,ไชยปราการ,ปงตำ,2,3,7,นายไกร ดาบธรรม,พลังประชารัฐ,23
50,เชียงใหม่,7,ไชยปราการ,ปงตำ,2,3,8,นายพิสัณห์ อุปนันท์,เศรษฐกิจ,14
50,เชียงใหม่,7,ไชยปราการ,ปงตำ,2,3,9,นายชาญวิทยายุทธ์ อินทร์แก้ว,ประชากรไทย,11
50,เชียงใหม่,7,ไชยปราการ,ปงตำ,2,4,1,นายอดุลย์ บุญใส,ภูมิใจไทย,24
50,เชียงใหม่,7,ไชยปราการ,ปงตำ,2,4,2,นายสมดุลย์ อุตเจริญ,ประชาชน,102
50,เชียงใหม่,7,ไชยปราการ,ปงตำ,2,4,3,นายเกรียงกมล ศรีมา,ประชาธิปัตย์,9
50,เชียงใหม่,7,ไชยปราการ,ปงตำ,2,4,4,นายสันติ ตันสุหัช,ก้าวอิสระ,4
50,เชียงใหม่,7,ไชยปราการ,ปงตำ,2,4,5,นายการุณย์ คูเจริญชัยกุล,กล้าธรรม,161
50,เชียงใหม่,7,ไชยปราการ,ปงตำ,2,4,6,นายนิธิกร วุฒินันชัย,เพื่อไทย,69
50,เชียงใหม่,7,ไชยปราการ,ปงตำ,2,4,7,นายไกร ดาบธรรม,พลังประชารัฐ,29
50,เชียงใหม่,7,ไชยปราการ,ปงตำ,2,4,8,นายพิสัณห์ อุปนันท์,เศรษฐกิจ,9
50,เชียงใหม่,7,ไชยปราการ,ปงตำ,2,4,9,นายชาญวิทยายุทธ์ อินทร์แก้ว,ประชากรไทย,5
50,เชียงใหม่,7,ไชยปราการ,ปงตำ,2,5,1,นายอดุลย์ บุญใส,ภูมิใจไทย,10
50,เชียงใหม่,7,ไชยปราการ,ปงตำ,2,5,2,นายสมดุลย์ อุตเจริญ,ประชาชน,127
50,เชียงใหม่,7,ไชยปราการ,ปงตำ,2,5,3,นายเกรียงกมล ศรีมา,ประชาธิปัตย์,9
50,เชียงใหม่,7,ไชยปราการ,ปงตำ,2,5,4,นายสันติ ตันสุหัช,ก้าวอิสระ,5
50,เชียงใหม่,7,ไชยปราการ,ปงตำ,2,5,5,นายการุณย์ คูเจริญชัยกุล,กล้าธรรม,185
50,เชียงใหม่,7,ไชยปราการ,ปงตำ,2,5,6,นายนิธิกร วุฒินันชัย,เพื่อไทย,72
50,เชียงใหม่,7,ไชยปราการ,ปงตำ,2,5,7,นายไกร ดาบธรรม,พลังประชารัฐ,13
50,เชียงใหม่,7,ไชยปราการ,ปงตำ,2,5,8,นายพิสัณห์ อุปนันท์,เศรษฐกิจ,6
50,เชียงใหม่,7,ไชยปราการ,ปงตำ,2,5,9,นายชาญวิทยายุทธ์ อินทร์แก้ว,ประชากรไทย,2
50,เชียงใหม่,7,ไชยปราการ,ปงตำ,3,6,1,นายอดุลย์ บุญใส,ภูมิใจไทย,12
50,เชียงใหม่,7,ไชยปราการ,ปงตำ,3,6,2,นายสมดุลย์ อุตเจริญ,ประชาชน,130
50,เชียงใหม่,7,ไชยปราการ,ปงตำ,3,6,3,นายเกรียงกมล ศรีมา,ประชาธิปัตย์,7
50,เชียงใหม่,7,ไชยปราการ,ปงตำ,3,6,4,นายสันติ ตันสุหัช,ก้าวอิสระ,3
50,เชียงใหม่,7,ไชยปราการ,ปงตำ,3,6,5,นายการุณย์ คูเจริญชัยกุล,กล้าธรรม,193
50,เชียงใหม่,7,ไชยปราการ,ปงตำ,3,6,6,นายนิธิกร วุฒินันชัย,เพื่อไทย,68
50,เชียงใหม่,7,ไชยปราการ,ปงตำ,3,6,7,นายไกร ดาบธรรม,พลังประชารัฐ,51
50,เชียงใหม่,7,ไชยปราการ,ปงตำ,3,6,8,นายพิสัณห์ อุปนันท์,เศรษฐกิจ,13
50,เชียงใหม่,7,ไชยปราการ,ปงตำ,3,6,9,นายชาญวิทยายุทธ์ อินทร์แก้ว,ประชากรไทย,8
50,เชียงใหม่,7,ไชยปราการ,ปงตำ,4,7,1,นายอดุลย์ บุญใส,ภูมิใจไทย,9
50,เชียงใหม่,7,ไชยปราการ,ปงตำ,4,7,2,นายสมดุลย์ อุตเจริญ,ประชาชน,45
50,เชียงใหม่,7,ไชยปราการ,ปงตำ,4,7,3,นายเกรียงกมล ศรีมา,ประชาธิปัตย์,2
50,เชียงใหม่,7,ไชยปราการ,ปงตำ,4,7,4,นายสันติ ตันสุหัช,ก้าวอิสระ,4
50,เชียงใหม่,7,ไชยปราการ,ปงตำ,4,7,5,นายการุณย์ คูเจริญชัยกุล,กล้าธรรม,100
50,เชียงใหม่,7,ไชยปราการ,ปงตำ,4,7,6,นายนิธิกร วุฒินันชัย,เพื่อไทย,27
50,เชียงใหม่,7,ไชยปราการ,ปงตำ,4,7,7,นายไกร ดาบธรรม,พลังประชารัฐ,8
50,เชียงใหม่,7,ไชยปราการ,ปงตำ,4,7,8,นายพิสัณห์ อุปนันท์,เศรษฐกิจ,1
50,เชียงใหม่,7,ไชยปราการ,ปงตำ,4,7,9,นายชาญวิทยายุทธ์ อินทร์แก้ว,ประชากรไทย,1
50,เชียงใหม่,7,ไชยปราการ,ปงตำ,5,8,1,นายอดุลย์ บุญใส,ภูมิใจไทย,13
50,เชียงใหม่,7,ไชยปราการ,ปงตำ,5,8,2,นายสมดุลย์ อุตเจริญ,ประชาชน,50
50,เชียงใหม่,7,ไชยปราการ,ปงตำ,5,8,3,นายเกรียงกมล ศรีมา,ประชาธิปัตย์,4
50,เชียงใหม่,7,ไชยปราการ,ปงตำ,5,8,4,นายสันติ ตันสุหัช,ก้าวอิสระ,3
50,เชียงใหม่,7,ไชยปราการ,ปงตำ,5,8,5,นายการุณย์ คูเจริญชัยกุล,กล้าธรรม,202
50,เชียงใหม่,7,ไชยปราการ,ปงตำ,5,8,6,นายนิธิกร วุฒินันชัย,เพื่อไทย,34
50,เชียงใหม่,7,ไชยปราการ,ปงตำ,5,8,7,นายไกร ดาบธรรม,พลังประชารัฐ,25
50,เชียงใหม่,7,ไชยปราการ,ปงตำ,5,8,8,นายพิสัณห์ อุปนันท์,เศรษฐกิจ,0
50,เชียงใหม่,7,ไชยปราการ,ปงตำ,5,8,9,นายชาญวิทยายุทธ์ อินทร์แก้ว,ประชากรไทย,4
50,เชียงใหม่,7,ไชยปราการ,ปงตำ,6,9,1,นายอดุลย์ บุญใส,ภูมิใจไทย,12
50,เชียงใหม่,7,ไชยปราการ,ปงตำ,6,9,2,นายสมดุลย์ อุตเจริญ,ประชาชน,110
50,เชียงใหม่,7,ไชยปราการ,ปงตำ,6,9,3,นายเกรียงกมล ศรีมา,ประชาธิปัตย์,1
50,เชียงใหม่,7,ไชยปราการ,ปงตำ,6,9,4,นายสันติ ตันสุหัช,ก้าวอิสระ,5
50,เชียงใหม่,7,ไชยปราการ,ปงตำ,6,9,5,นายการุณย์ คูเจริญชัยกุล,กล้าธรรม,148
50,เชียงใหม่,7,ไชยปราการ,ปงตำ,6,9,6,นายนิธิกร วุฒินันชัย,เพื่อไทย,94
50,เชียงใหม่,7,ไชยปราการ,ปงตำ,6,9,7,นายไกร ดาบธรรม,พลังประชารัฐ,57
50,เชียงใหม่,7,ไชยปราการ,ปงตำ,6,9,8,นายพิสัณห์ อุปนันท์,เศรษฐกิจ,7
50,เชียงใหม่,7,ไชยปราการ,ปงตำ,6,9,9,นายชาญวิทยายุทธ์ อินทร์แก้ว,ประชากรไทย,9
50,เชียงใหม่,7,ไชยปราการ,ปงตำ,7,10,1,นายอดุลย์ บุญใส,ภูมิใจไทย,6
50,เชียงใหม่,7,ไชยปราการ,ปงตำ,7,10,2,นายสมดุลย์ อุตเจริญ,ประชาชน,83
50,เชียงใหม่,7,ไชยปราการ,ปงตำ,7,10,3,นายเกรียงกมล ศรีมา,ประชาธิปัตย์,6
50,เชียงใหม่,7,ไชยปราการ,ปงตำ,7,10,4,นายสันติ ตันสุหัช,ก้าวอิสระ,7
50,เชียงใหม่,7,ไชยปราการ,ปงตำ,7,10,5,นายการุณย์ คูเจริญชัยกุล,กล้าธรรม,144
50,เชียงใหม่,7,ไชยปราการ,ปงตำ,7,10,6,นายนิธิกร วุฒินันชัย,เพื่อไทย,10
50,เชียงใหม่,7,ไชยปราการ,ปงตำ,7,10,7,นายไกร ดาบธรรม,พลังประชารัฐ,74
50,เชียงใหม่,7,ไชยปราการ,ปงตำ,7,10,8,นายพิสัณห์ อุปนันท์,เศรษฐกิจ,8
50,เชียงใหม่,7,ไชยปราการ,ปงตำ,7,10,9,นายชาญวิทยายุทธ์ อินทร์แก้ว,ประชากรไทย,2
50,เชียงใหม่,7,ไชยปราการ,ปงตำ,8,11,1,นายอดุลย์ บุญใส,ภูมิใจไทย,1
50,เชียงใหม่,7,ไชยปราการ,ปงตำ,8,11,2,นายสมดุลย์ อุตเจริญ,ประชาชน,34
50,เชียงใหม่,7,ไชยปราการ,ปงตำ,8,11,3,นายเกรียงกมล ศรีมา,ประชาธิปัตย์,0
50,เชียงใหม่,7,ไชยปราการ,ปงตำ,8,11,4,นายสันติ ตันสุหัช,ก้าวอิสระ,1
50,เชียงใหม่,7,ไชยปราการ,ปงตำ,8,11,5,นายการุณย์ คูเจริญชัยกุล,กล้าธรรม,62
50,เชียงใหม่,7,ไชยปราการ,ปงตำ,8,11,6,นายนิธิกร วุฒินันชัย,เพื่อไทย,18
50,เชียงใหม่,7,ไชยปราการ,ปงตำ,8,11,7,นายไกร ดาบธรรม,พลังประชารัฐ,12
50,เชียงใหม่,7,ไชยปราการ,ปงตำ,8,11,8,นายพิสัณห์ อุปนันท์,เศรษฐกิจ,2
50,เชียงใหม่,7,ไชยปราการ,ปงตำ,8,11,9,นายชาญวิทยายุทธ์ อินทร์แก้ว,ประชากรไทย,4
50,เชียงใหม่,7,ไชยปราการ,แม่ทะลบ,1,1,1,นายอดุลย์ บุญใส,ภูมิใจไทย,10
50,เชียงใหม่,7,ไชยปราการ,แม่ทะลบ,1,1,2,นายสมดุลย์ อุตเจริญ,ประชาชน,85
50,เชียงใหม่,7,ไชยปราการ,แม่ทะลบ,1,1,3,นายเกรียงกมล ศรีมา,ประชาธิปัตย์,1
50,เชียงใหม่,7,ไชยปราการ,แม่ทะลบ,1,1,4,นายสันติ ตันสุหัช,ก้าวอิสระ,11
50,เชียงใหม่,7,ไชยปราการ,แม่ทะลบ,1,1,5,นายการุณย์ คูเจริญชัยกุล,กล้าธรรม,178
50,เชียงใหม่,7,ไชยปราการ,แม่ทะลบ,1,1,6,นายนิธิกร วุฒินันชัย,เพื่อไทย,109
50,เชียงใหม่,7,ไชยปราการ,แม่ทะลบ,1,1,7,นายไกร ดาบธรรม,พลังประชารัฐ,42
50,เชียงใหม่,7,ไชยปราการ,แม่ทะลบ,1,1,8,นายพิสัณห์ อุปนันท์,เศรษฐกิจ,4
50,เชียงใหม่,7,ไชยปราการ,แม่ทะลบ,1,1,9,นายชาญวิทยายุทธ์ อินทร์แก้ว,ประชากรไทย,10
50,เชียงใหม่,7,ไชยปราการ,แม่ทะลบ,2,2,1,นายอดุลย์ บุญใส,ภูมิใจไทย,9
50,เชียงใหม่,7,ไชยปราการ,แม่ทะลบ,2,2,2,นายสมดุลย์ อุตเจริญ,ประชาชน,70
50,เชียงใหม่,7,ไชยปราการ,แม่ทะลบ,2,2,3,นายเกรียงกมล ศรีมา,ประชาธิปัตย์,2
50,เชียงใหม่,7,ไชยปราการ,แม่ทะลบ,2,2,4,นายสันติ ตันสุหัช,ก้าวอิสระ,6
50,เชียงใหม่,7,ไชยปราการ,แม่ทะลบ,2,2,5,นายการุณย์ คูเจริญชัยกุล,กล้าธรรม,160
50,เชียงใหม่,7,ไชยปราการ,แม่ทะลบ,2,2,6,นายนิธิกร วุฒินันชัย,เพื่อไทย,124
50,เชียงใหม่,7,ไชยปราการ,แม่ทะลบ,2,2,7,นายไกร ดาบธรรม,พลังประชารัฐ,26
50,เชียงใหม่,7,ไชยปราการ,แม่ทะลบ,2,2,8,นายพิสัณห์ อุปนันท์,เศรษฐกิจ,5
50,เชียงใหม่,7,ไชยปราการ,แม่ทะลบ,2,2,9,นายชาญวิทยายุทธ์ อินทร์แก้ว,ประชากรไทย,14
50,เชียงใหม่,7,ไชยปราการ,แม่ทะลบ,3,3,1,นายอดุลย์ บุญใส,ภูมิใจไทย,24
50,เชียงใหม่,7,ไชยปราการ,แม่ทะลบ,3,3,2,นายสมดุลย์ อุตเจริญ,ประชาชน,75
50,เชียงใหม่,7,ไชยปราการ,แม่ทะลบ,3,3,3,นายเกรียงกมล ศรีมา,ประชาธิปัตย์,4
50,เชียงใหม่,7,ไชยปราการ,แม่ทะลบ,3,3,4,นายสันติ ตันสุหัช,ก้าวอิสระ,1
50,เชียงใหม่,7,ไชยปราการ,แม่ทะลบ,3,3,5,นายการุณย์ คูเจริญชัยกุล,กล้าธรรม,92
50,เชียงใหม่,7,ไชยปราการ,แม่ทะลบ,3,3,6,นายนิธิกร วุฒินันชัย,เพื่อไทย,165
50,เชียงใหม่,7,ไชยปราการ,แม่ทะลบ,3,3,7,นายไกร ดาบธรรม,พลังประชารัฐ,24
50,เชียงใหม่,7,ไชยปราการ,แม่ทะลบ,3,3,8,นายพิสัณห์ อุปนันท์,เศรษฐกิจ,6
50,เชียงใหม่,7,ไชยปราการ,แม่ทะลบ,3,3,9,นายชาญวิทยายุทธ์ อินทร์แก้ว,ประชากรไทย,12
50,เชียงใหม่,7,ไชยปราการ,แม่ทะลบ,4,4,1,นายอดุลย์ บุญใส,ภูมิใจไทย,6
50,เชียงใหม่,7,ไชยปราการ,แม่ทะลบ,4,4,2,นายสมดุลย์ อุตเจริญ,ประชาชน,64
50,เชียงใหม่,7,ไชยปราการ,แม่ทะลบ,4,4,3,นายเกรียงกมล ศรีมา,ประชาธิปัตย์,4
50,เชียงใหม่,7,ไชยปราการ,แม่ทะลบ,4,4,4,นายสันติ ตันสุหัช,ก้าวอิสระ,2
50,เชียงใหม่,7,ไชยปราการ,แม่ทะลบ,4,4,5,นายการุณย์ คูเจริญชัยกุล,กล้าธรรม,132
50,เชียงใหม่,7,ไชยปราการ,แม่ทะลบ,4,4,6,นายนิธิกร วุฒินันชัย,เพื่อไทย,50
50,เชียงใหม่,7,ไชยปราการ,แม่ทะลบ,4,4,7,นายไกร ดาบธรรม,พลังประชารัฐ,17
50,เชียงใหม่,7,ไชยปราการ,แม่ทะลบ,4,4,8,นายพิสัณห์ อุปนันท์,เศรษฐกิจ,2
50,เชียงใหม่,7,ไชยปราการ,แม่ทะลบ,4,4,9,นายชาญวิทยายุทธ์ อินทร์แก้ว,ประชากรไทย,11
50,เชียงใหม่,7,ไชยปราการ,แม่ทะลบ,4,5,1,นายอดุลย์ บุญใส,ภูมิใจไทย,11
50,เชียงใหม่,7,ไชยปราการ,แม่ทะลบ,4,5,2,นายสมดุลย์ อุตเจริญ,ประชาชน,39
50,เชียงใหม่,7,ไชยปราการ,แม่ทะลบ,4,5,3,นายเกรียงกมล ศรีมา,ประชาธิปัตย์,5
50,เชียงใหม่,7,ไชยปราการ,แม่ทะลบ,4,5,4,นายสันติ ตันสุหัช,ก้าวอิสระ,1
50,เชียงใหม่,7,ไชยปราการ,แม่ทะลบ,4,5,5,นายการุณย์ คูเจริญชัยกุล,กล้าธรรม,89
50,เชียงใหม่,7,ไชยปราการ,แม่ทะลบ,4,5,6,นายนิธิกร วุฒินันชัย,เพื่อไทย,53
50,เชียงใหม่,7,ไชยปราการ,แม่ทะลบ,4,5,7,นายไกร ดาบธรรม,พลังประชารัฐ,36
50,เชียงใหม่,7,ไชยปราการ,แม่ทะลบ,4,5,8,นายพิสัณห์ อุปนันท์,เศรษฐกิจ,1
50,เชียงใหม่,7,ไชยปราการ,แม่ทะลบ,4,5,9,นายชาญวิทยายุทธ์ อินทร์แก้ว,ประชากรไทย,4
50,เชียงใหม่,7,ไชยปราการ,แม่ทะลบ,5,6,1,นายอดุลย์ บุญใส,ภูมิใจไทย,12
50,เชียงใหม่,7,ไชยปราการ,แม่ทะลบ,5,6,2,นายสมดุลย์ อุตเจริญ,ประชาชน,79
50,เชียงใหม่,7,ไชยปราการ,แม่ทะลบ,5,6,3,นายเกรียงกมล ศรีมา,ประชาธิปัตย์,1
50,เชียงใหม่,7,ไชยปราการ,แม่ทะลบ,5,6,4,นายสันติ ตันสุหัช,ก้าวอิสระ,3
50,เชียงใหม่,7,ไชยปราการ,แม่ทะลบ,5,6,5,นายการุณย์ คูเจริญชัยกุล,กล้าธรรม,176
50,เชียงใหม่,7,ไชยปราการ,แม่ทะลบ,5,6,6,นายนิธิกร วุฒินันชัย,เพื่อไทย,72
50,เชียงใหม่,7,ไชยปราการ,แม่ทะลบ,5,6,7,นายไกร ดาบธรรม,พลังประชารัฐ,21
50,เชียงใหม่,7,ไชยปราการ,แม่ทะลบ,5,6,8,นายพิสัณห์ อุปนันท์,เศรษฐกิจ,5
50,เชียงใหม่,7,ไชยปราการ,แม่ทะลบ,5,6,9,นายชาญวิทยายุทธ์ อินทร์แก้ว,ประชากรไทย,9
50,เชียงใหม่,7,ไชยปราการ,แม่ทะลบ,6,7,1,นายอดุลย์ บุญใส,ภูมิใจไทย,8
50,เชียงใหม่,7,ไชยปราการ,แม่ทะลบ,6,7,2,นายสมดุลย์ อุตเจริญ,ประชาชน,78
50,เชียงใหม่,7,ไชยปราการ,แม่ทะลบ,6,7,3,นายเกรียงกมล ศรีมา,ประชาธิปัตย์,2
50,เชียงใหม่,7,ไชยปราการ,แม่ทะลบ,6,7,4,นายสันติ ตันสุหัช,ก้าวอิสระ,4
50,เชียงใหม่,7,ไชยปราการ,แม่ทะลบ,6,7,5,นายการุณย์ คูเจริญชัยกุล,กล้าธรรม,77
50,เชียงใหม่,7,ไชยปราการ,แม่ทะลบ,6,7,6,นายนิธิกร วุฒินันชัย,เพื่อไทย,98
50,เชียงใหม่,7,ไชยปราการ,แม่ทะลบ,6,7,7,นายไกร ดาบธรรม,พลังประชารัฐ,32
50,เชียงใหม่,7,ไชยปราการ,แม่ทะลบ,6,7,8,นายพิสัณห์ อุปนันท์,เศรษฐกิจ,5
50,เชียงใหม่,7,ไชยปราการ,แม่ทะลบ,6,7,9,นายชาญวิทยายุทธ์ อินทร์แก้ว,ประชากรไทย,4
50,เชียงใหม่,7,ไชยปราการ,แม่ทะลบ,6,8,1,นายอดุลย์ บุญใส,ภูมิใจไทย,18
50,เชียงใหม่,7,ไชยปราการ,แม่ทะลบ,6,8,2,นายสมดุลย์ อุตเจริญ,ประชาชน,40
50,เชียงใหม่,7,ไชยปราการ,แม่ทะลบ,6,8,3,นายเกรียงกมล ศรีมา,ประชาธิปัตย์,1
50,เชียงใหม่,7,ไชยปราการ,แม่ทะลบ,6,8,4,นายสันติ ตันสุหัช,ก้าวอิสระ,3
50,เชียงใหม่,7,ไชยปราการ,แม่ทะลบ,6,8,5,นายการุณย์ คูเจริญชัยกุล,กล้าธรรม,68
50,เชียงใหม่,7,ไชยปราการ,แม่ทะลบ,6,8,6,นายนิธิกร วุฒินันชัย,เพื่อไทย,67
50,เชียงใหม่,7,ไชยปราการ,แม่ทะลบ,6,8,7,นายไกร ดาบธรรม,พลังประชารัฐ,138
50,เชียงใหม่,7,ไชยปราการ,แม่ทะลบ,6,8,8,นายพิสัณห์ อุปนันท์,เศรษฐกิจ,3
50,เชียงใหม่,7,ไชยปราการ,แม่ทะลบ,6,8,9,นายชาญวิทยายุทธ์ อินทร์แก้ว,ประชากรไทย,8
50,เชียงใหม่,7,ไชยปราการ,แม่ทะลบ,7,9,1,นายอดุลย์ บุญใส,ภูมิใจไทย,0
50,เชียงใหม่,7,ไชยปราการ,แม่ทะลบ,7,9,2,นายสมดุลย์ อุตเจริญ,ประชาชน,31
50,เชียงใหม่,7,ไชยปราการ,แม่ทะลบ,7,9,3,นายเกรียงกมล ศรีมา,ประชาธิปัตย์,1
50,เชียงใหม่,7,ไชยปราการ,แม่ทะลบ,7,9,4,นายสันติ ตันสุหัช,ก้าวอิสระ,1
50,เชียงใหม่,7,ไชยปราการ,แม่ทะลบ,7,9,5,นายการุณย์ คูเจริญชัยกุล,กล้าธรรม,318
50,เชียงใหม่,7,ไชยปราการ,แม่ทะลบ,7,9,6,นายนิธิกร วุฒินันชัย,เพื่อไทย,30
50,เชียงใหม่,7,ไชยปราการ,แม่ทะลบ,7,9,7,นายไกร ดาบธรรม,พลังประชารัฐ,7
50,เชียงใหม่,7,ไชยปราการ,แม่ทะลบ,7,9,8,นายพิสัณห์ อุปนันท์,เศรษฐกิจ,1
50,เชียงใหม่,7,ไชยปราการ,แม่ทะลบ,7,9,9,นายชาญวิทยายุทธ์ อินทร์แก้ว,ประชากรไทย,0
50,เชียงใหม่,7,ไชยปราการ,แม่ทะลบ,8,10,1,นายอดุลย์ บุญใส,ภูมิใจไทย,8
50,เชียงใหม่,7,ไชยปราการ,แม่ทะลบ,8,10,2,นายสมดุลย์ อุตเจริญ,ประชาชน,15
50,เชียงใหม่,7,ไชยปราการ,แม่ทะลบ,8,10,3,นายเกรียงกมล ศรีมา,ประชาธิปัตย์,0
50,เชียงใหม่,7,ไชยปราการ,แม่ทะลบ,8,10,4,นายสันติ ตันสุหัช,ก้าวอิสระ,4
50,เชียงใหม่,7,ไชยปราการ,แม่ทะลบ,8,10,5,นายการุณย์ คูเจริญชัยกุล,กล้าธรรม,222
50,เชียงใหม่,7,ไชยปราการ,แม่ทะลบ,8,10,6,นายนิธิกร วุฒินันชัย,เพื่อไทย,7
50,เชียงใหม่,7,ไชยปราการ,แม่ทะลบ,8,10,7,นายไกร ดาบธรรม,พลังประชารัฐ,14
50,เชียงใหม่,7,ไชยปราการ,แม่ทะลบ,8,10,8,นายพิสัณห์ อุปนันท์,เศรษฐกิจ,1
50,เชียงใหม่,7,ไชยปราการ,แม่ทะลบ,8,10,9,นายชาญวิทยายุทธ์ อินทร์แก้ว,ประชากรไทย,0
50,เชียงใหม่,7,ไชยปราการ,แม่ทะลบ,8,11,1,นายอดุลย์ บุญใส,ภูมิใจไทย,3
50,เชียงใหม่,7,ไชยปราการ,แม่ทะลบ,8,11,2,นายสมดุลย์ อุตเจริญ,ประชาชน,9
50,เชียงใหม่,7,ไชยปราการ,แม่ทะลบ,8,11,3,นายเกรียงกมล ศรีมา,ประชาธิปัตย์,0
50,เชียงใหม่,7,ไชยปราการ,แม่ทะลบ,8,11,4,นายสันติ ตันสุหัช,ก้าวอิสระ,11
50,เชียงใหม่,7,ไชยปราการ,แม่ทะลบ,8,11,5,นายการุณย์ คูเจริญชัยกุล,กล้าธรรม,315
50,เชียงใหม่,7,ไชยปราการ,แม่ทะลบ,8,11,6,นายนิธิกร วุฒินันชัย,เพื่อไทย,15
50,เชียงใหม่,7,ไชยปราการ,แม่ทะลบ,8,11,7,นายไกร ดาบธรรม,พลังประชารัฐ,11
50,เชียงใหม่,7,ไชยปราการ,แม่ทะลบ,8,11,8,นายพิสัณห์ อุปนันท์,เศรษฐกิจ,0
50,เชียงใหม่,7,ไชยปราการ,แม่ทะลบ,8,11,9,นายชาญวิทยายุทธ์ อินทร์แก้ว,ประชากรไทย,0
50,เชียงใหม่,7,ฝาง,โป่งน้ำร้อน,1,1,1,นายอดุลย์ บุญใส,ภูมิใจไทย,5
50,เชียงใหม่,7,ฝาง,โป่งน้ำร้อน,1,1,2,นายสมดุลย์ อุตเจริญ,ประชาชน,43
50,เชียงใหม่,7,ฝาง,โป่งน้ำร้อน,1,1,3,นายเกรียงกมล ศรีมา,ประชาธิปัตย์,1
50,เชียงใหม่,7,ฝาง,โป่งน้ำร้อน,1,1,4,นายสันติ ตันสุหัช,ก้าวอิสระ,0
50,เชียงใหม่,7,ฝาง,โป่งน้ำร้อน,1,1,5,นายการุณย์ คูเจริญชัยกุล,กล้าธรรม,118
50,เชียงใหม่,7,ฝาง,โป่งน้ำร้อน,1,1,6,นายนิธิกร วุฒินันชัย,เพื่อไทย,22
50,เชียงใหม่,7,ฝาง,โป่งน้ำร้อน,1,1,7,นายไกร ดาบธรรม,พลังประชารัฐ,9
50,เชียงใหม่,7,ฝาง,โป่งน้ำร้อน,1,1,8,นายพิสัณห์ อุปนันท์,เศรษฐกิจ,1
50,เชียงใหม่,7,ฝาง,โป่งน้ำร้อน,1,1,9,นายชาญวิทยายุทธ์ อินทร์แก้ว,ประชากรไทย,2
50,เชียงใหม่,7,ฝาง,โป่งน้ำร้อน,2,2,1,นายอดุลย์ บุญใส,ภูมิใจไทย,8
50,เชียงใหม่,7,ฝาง,โป่งน้ำร้อน,2,2,2,นายสมดุลย์ อุตเจริญ,ประชาชน,87
50,เชียงใหม่,7,ฝาง,โป่งน้ำร้อน,2,2,3,นายเกรียงกมล ศรีมา,ประชาธิปัตย์,1
50,เชียงใหม่,7,ฝาง,โป่งน้ำร้อน,2,2,4,นายสันติ ตันสุหัช,ก้าวอิสระ,3
50,เชียงใหม่,7,ฝาง,โป่งน้ำร้อน,2,2,5,นายการุณย์ คูเจริญชัยกุล,กล้าธรรม,131
50,เชียงใหม่,7,ฝาง,โป่งน้ำร้อน,2,2,6,นายนิธิกร วุฒินันชัย,เพื่อไทย,44
50,เชียงใหม่,7,ฝาง,โป่งน้ำร้อน,2,2,7,นายไกร ดาบธรรม,พลังประชารัฐ,25
50,เชียงใหม่,7,ฝาง,โป่งน้ำร้อน,2,2,8,นายพิสัณห์ อุปนันท์,เศรษฐกิจ,6
50,เชียงใหม่,7,ฝาง,โป่งน้ำร้อน,2,2,9,นายชาญวิทยายุทธ์ อินทร์แก้ว,ประชากรไทย,2
50,เชียงใหม่,7,ฝาง,โป่งน้ำร้อน,3,3,1,นายอดุลย์ บุญใส,ภูมิใจไทย,13
50,เชียงใหม่,7,ฝาง,โป่งน้ำร้อน,3,3,2,นายสมดุลย์ อุตเจริญ,ประชาชน,129
50,เชียงใหม่,7,ฝาง,โป่งน้ำร้อน,3,3,3,นายเกรียงกมล ศรีมา,ประชาธิปัตย์,5
50,เชียงใหม่,7,ฝาง,โป่งน้ำร้อน,3,3,4,นายสันติ ตันสุหัช,ก้าวอิสระ,1
50,เชียงใหม่,7,ฝาง,โป่งน้ำร้อน,3,3,5,นายการุณย์ คูเจริญชัยกุล,กล้าธรรม,128
50,เชียงใหม่,7,ฝาง,โป่งน้ำร้อน,3,3,6,นายนิธิกร วุฒินันชัย,เพื่อไทย,42
50,เชียงใหม่,7,ฝาง,โป่งน้ำร้อน,3,3,7,นายไกร ดาบธรรม,พลังประชารัฐ,98
50,เชียงใหม่,7,ฝาง,โป่งน้ำร้อน,3,3,8,นายพิสัณห์ อุปนันท์,เศรษฐกิจ,3
50,เชียงใหม่,7,ฝาง,โป่งน้ำร้อน,3,3,9,นายชาญวิทยายุทธ์ อินทร์แก้ว,ประชากรไทย,7
50,เชียงใหม่,7,ฝาง,โป่งน้ำร้อน,4,4,1,นายอดุลย์ บุญใส,ภูมิใจไทย,11
50,เชียงใหม่,7,ฝาง,โป่งน้ำร้อน,4,4,2,นายสมดุลย์ อุตเจริญ,ประชาชน,66
50,เชียงใหม่,7,ฝาง,โป่งน้ำร้อน,4,4,3,นายเกรียงกมล ศรีมา,ประชาธิปัตย์,1
50,เชียงใหม่,7,ฝาง,โป่งน้ำร้อน,4,4,4,นายสันติ ตันสุหัช,ก้าวอิสระ,2
50,เชียงใหม่,7,ฝาง,โป่งน้ำร้อน,4,4,5,นายการุณย์ คูเจริญชัยกุล,กล้าธรรม,101
50,เชียงใหม่,7,ฝาง,โป่งน้ำร้อน,4,4,6,นายนิธิกร วุฒินันชัย,เพื่อไทย,24
50,เชียงใหม่,7,ฝาง,โป่งน้ำร้อน,4,4,7,นายไกร ดาบธรรม,พลังประชารัฐ,18
50,เชียงใหม่,7,ฝาง,โป่งน้ำร้อน,4,4,8,นายพิสัณห์ อุปนันท์,เศรษฐกิจ,4
50,เชียงใหม่,7,ฝาง,โป่งน้ำร้อน,4,4,9,นายชาญวิทยายุทธ์ อินทร์แก้ว,ประชากรไทย,2
50,เชียงใหม่,7,ฝาง,โป่งน้ำร้อน,5,5,1,นายอดุลย์ บุญใส,ภูมิใจไทย,15
50,เชียงใหม่,7,ฝาง,โป่งน้ำร้อน,5,5,2,นายสมดุลย์ อุตเจริญ,ประชาชน,81
50,เชียงใหม่,7,ฝาง,โป่งน้ำร้อน,5,5,3,นายเกรียงกมล ศรีมา,ประชาธิปัตย์,1
50,เชียงใหม่,7,ฝาง,โป่งน้ำร้อน,5,5,4,นายสันติ ตันสุหัช,ก้าวอิสระ,0
50,เชียงใหม่,7,ฝาง,โป่งน้ำร้อน,5,5,5,นายการุณย์ คูเจริญชัยกุล,กล้าธรรม,136
50,เชียงใหม่,7,ฝาง,โป่งน้ำร้อน,5,5,6,นายนิธิกร วุฒินันชัย,เพื่อไทย,36
50,เชียงใหม่,7,ฝาง,โป่งน้ำร้อน,5,5,7,นายไกร ดาบธรรม,พลังประชารัฐ,44
50,เชียงใหม่,7,ฝาง,โป่งน้ำร้อน,5,5,8,นายพิสัณห์ อุปนันท์,เศรษฐกิจ,4
50,เชียงใหม่,7,ฝาง,โป่งน้ำร้อน,5,5,9,นายชาญวิทยายุทธ์ อินทร์แก้ว,ประชากรไทย,3
50,เชียงใหม่,7,ฝาง,โป่งน้ำร้อน,6,6,1,นายอดุลย์ บุญใส,ภูมิใจไทย,13
50,เชียงใหม่,7,ฝาง,โป่งน้ำร้อน,6,6,2,นายสมดุลย์ อุตเจริญ,ประชาชน,89
50,เชียงใหม่,7,ฝาง,โป่งน้ำร้อน,6,6,3,นายเกรียงกมล ศรีมา,ประชาธิปัตย์,3
50,เชียงใหม่,7,ฝาง,โป่งน้ำร้อน,6,6,4,นายสันติ ตันสุหัช,ก้าวอิสระ,7
50,เชียงใหม่,7,ฝาง,โป่งน้ำร้อน,6,6,5,นายการุณย์ คูเจริญชัยกุล,กล้าธรรม,135
50,เชียงใหม่,7,ฝาง,โป่งน้ำร้อน,6,6,6,นายนิธิกร วุฒินันชัย,เพื่อไทย,94
50,เชียงใหม่,7,ฝาง,โป่งน้ำร้อน,6,6,7,นายไกร ดาบธรรม,พลังประชารัฐ,44
50,เชียงใหม่,7,ฝาง,โป่งน้ำร้อน,6,6,8,นายพิสัณห์ อุปนันท์,เศรษฐกิจ,8
50,เชียงใหม่,7,ฝาง,โป่งน้ำร้อน,6,6,9,นายชาญวิทยายุทธ์ อินทร์แก้ว,ประชากรไทย,3
50,เชียงใหม่,7,ฝาง,โป่งน้ำร้อน,7,7,1,นายอดุลย์ บุญใส,ภูมิใจไทย,13
50,เชียงใหม่,7,ฝาง,โป่งน้ำร้อน,7,7,2,นายสมดุลย์ อุตเจริญ,ประชาชน,67
50,เชียงใหม่,7,ฝาง,โป่งน้ำร้อน,7,7,3,นายเกรียงกมล ศรีมา,ประชาธิปัตย์,5
50,เชียงใหม่,7,ฝาง,โป่งน้ำร้อน,7,7,4,นายสันติ ตันสุหัช,ก้าวอิสระ,2
50,เชียงใหม่,7,ฝาง,โป่งน้ำร้อน,7,7,5,นายการุณย์ คูเจริญชัยกุล,กล้าธรรม,126
50,เชียงใหม่,7,ฝาง,โป่งน้ำร้อน,7,7,6,นายนิธิกร วุฒินันชัย,เพื่อไทย,32
50,เชียงใหม่,7,ฝาง,โป่งน้ำร้อน,7,7,7,นายไกร ดาบธรรม,พลังประชารัฐ,31
50,เชียงใหม่,7,ฝาง,โป่งน้ำร้อน,7,7,8,นายพิสัณห์ อุปนันท์,เศรษฐกิจ,0
50,เชียงใหม่,7,ฝาง,โป่งน้ำร้อน,7,7,9,นายชาญวิทยายุทธ์ อินทร์แก้ว,ประชากรไทย,5
50,เชียงใหม่,7,ฝาง,ม่อนปิ่น,1,1,1,นายอดุลย์ บุญใส,ภูมิใจไทย,21
50,เชียงใหม่,7,ฝาง,ม่อนปิ่น,1,1,2,นายสมดุลย์ อุตเจริญ,ประชาชน,81
50,เชียงใหม่,7,ฝาง,ม่อนปิ่น,1,1,3,นายเกรียงกมล ศรีมา,ประชาธิปัตย์,2
50,เชียงใหม่,7,ฝาง,ม่อนปิ่น,1,1,4,นายสันติ ตันสุหัช,ก้าวอิสระ,1
50,เชียงใหม่,7,ฝาง,ม่อนปิ่น,1,1,5,นายการุณย์ คูเจริญชัยกุล,กล้าธรรม,181
50,เชียงใหม่,7,ฝาง,ม่อนปิ่น,1,1,6,นายนิธิกร วุฒินันชัย,เพื่อไทย,23
50,เชียงใหม่,7,ฝาง,ม่อนปิ่น,1,1,7,นายไกร ดาบธรรม,พลังประชารัฐ,47
50,เชียงใหม่,7,ฝาง,ม่อนปิ่น,1,1,8,นายพิสัณห์ อุปนันท์,เศรษฐกิจ,2
50,เชียงใหม่,7,ฝาง,ม่อนปิ่น,1,1,9,นายชาญวิทยายุทธ์ อินทร์แก้ว,ประชากรไทย,3
50,เชียงใหม่,7,ฝาง,ม่อนปิ่น,2,2,1,นายอดุลย์ บุญใส,ภูมิใจไทย,20
50,เชียงใหม่,7,ฝาง,ม่อนปิ่น,2,2,2,นายสมดุลย์ อุตเจริญ,ประชาชน,77
50,เชียงใหม่,7,ฝาง,ม่อนปิ่น,2,2,3,นายเกรียงกมล ศรีมา,ประชาธิปัตย์,4
50,เชียงใหม่,7,ฝาง,ม่อนปิ่น,2,2,4,นายสันติ ตันสุหัช,ก้าวอิสระ,1
50,เชียงใหม่,7,ฝาง,ม่อนปิ่น,2,2,5,นายการุณย์ คูเจริญชัยกุล,กล้าธรรม,143
50,เชียงใหม่,7,ฝาง,ม่อนปิ่น,2,2,6,นายนิธิกร วุฒินันชัย,เพื่อไทย,36
50,เชียงใหม่,7,ฝาง,ม่อนปิ่น,2,2,7,นายไกร ดาบธรรม,พลังประชารัฐ,51
50,เชียงใหม่,7,ฝาง,ม่อนปิ่น,2,2,8,นายพิสัณห์ อุปนันท์,เศรษฐกิจ,0
50,เชียงใหม่,7,ฝาง,ม่อนปิ่น,2,2,9,นายชาญวิทยายุทธ์ อินทร์แก้ว,ประชากรไทย,1
50,เชียงใหม่,7,ฝาง,ม่อนปิ่น,3,3,1,นายอดุลย์ บุญใส,ภูมิใจไทย,8
50,เชียงใหม่,7,ฝาง,ม่อนปิ่น,3,3,2,นายสมดุลย์ อุตเจริญ,ประชาชน,89
50,เชียงใหม่,7,ฝาง,ม่อนปิ่น,3,3,3,นายเกรียงกมล ศรีมา,ประชาธิปัตย์,2
50,เชียงใหม่,7,ฝาง,ม่อนปิ่น,3,3,4,นายสันติ ตันสุหัช,ก้าวอิสระ,3
50,เชียงใหม่,7,ฝาง,ม่อนปิ่น,3,3,5,นายการุณย์ คูเจริญชัยกุล,กล้าธรรม,216
50,เชียงใหม่,7,ฝาง,ม่อนปิ่น,3,3,6,นายนิธิกร วุฒินันชัย,เพื่อไทย,66
50,เชียงใหม่,7,ฝาง,ม่อนปิ่น,3,3,7,นายไกร ดาบธรรม,พลังประชารัฐ,50
50,เชียงใหม่,7,ฝาง,ม่อนปิ่น,3,3,8,นายพิสัณห์ อุปนันท์,เศรษฐกิจ,7
50,เชียงใหม่,7,ฝาง,ม่อนปิ่น,3,3,9,นายชาญวิทยายุทธ์ อินทร์แก้ว,ประชากรไทย,1
50,เชียงใหม่,7,ฝาง,ม่อนปิ่น,4,4,1,นายอดุลย์ บุญใส,ภูมิใจไทย,0
50,เชียงใหม่,7,ฝาง,ม่อนปิ่น,4,4,2,นายสมดุลย์ อุตเจริญ,ประชาชน,30
50,เชียงใหม่,7,ฝาง,ม่อนปิ่น,4,4,3,นายเกรียงกมล ศรีมา,ประชาธิปัตย์,0
50,เชียงใหม่,7,ฝาง,ม่อนปิ่น,4,4,4,นายสันติ ตันสุหัช,ก้าวอิสระ,2
50,เชียงใหม่,7,ฝาง,ม่อนปิ่น,4,4,5,นายการุณย์ คูเจริญชัยกุล,กล้าธรรม,83
50,เชียงใหม่,7,ฝาง,ม่อนปิ่น,4,4,6,นายนิธิกร วุฒินันชัย,เพื่อไทย,2
50,เชียงใหม่,7,ฝาง,ม่อนปิ่น,4,4,7,นายไกร ดาบธรรม,พลังประชารัฐ,11
50,เชียงใหม่,7,ฝาง,ม่อนปิ่น,4,4,8,นายพิสัณห์ อุปนันท์,เศรษฐกิจ,2
50,เชียงใหม่,7,ฝาง,ม่อนปิ่น,4,4,9,นายชาญวิทยายุทธ์ อินทร์แก้ว,ประชากรไทย,0
50,เชียงใหม่,7,ฝาง,ม่อนปิ่น,5,5,1,นายอดุลย์ บุญใส,ภูมิใจไทย,9
50,เชียงใหม่,7,ฝาง,ม่อนปิ่น,5,5,2,นายสมดุลย์ อุตเจริญ,ประชาชน,94
50,เชียงใหม่,7,ฝาง,ม่อนปิ่น,5,5,3,นายเกรียงกมล ศรีมา,ประชาธิปัตย์,1
50,เชียงใหม่,7,ฝาง,ม่อนปิ่น,5,5,4,นายสันติ ตันสุหัช,ก้าวอิสระ,3
50,เชียงใหม่,7,ฝาง,ม่อนปิ่น,5,5,5,นายการุณย์ คูเจริญชัยกุล,กล้าธรรม,49
50,เชียงใหม่,7,ฝาง,ม่อนปิ่น,5,5,6,นายนิธิกร วุฒินันชัย,เพื่อไทย,40
50,เชียงใหม่,7,ฝาง,ม่อนปิ่น,5,5,7,นายไกร ดาบธรรม,พลังประชารัฐ,81
50,เชียงใหม่,7,ฝาง,ม่อนปิ่น,5,5,8,นายพิสัณห์ อุปนันท์,เศรษฐกิจ,1
50,เชียงใหม่,7,ฝาง,ม่อนปิ่น,5,5,9,นายชาญวิทยายุทธ์ อินทร์แก้ว,ประชากรไทย,6
50,เชียงใหม่,7,ฝาง,ม่อนปิ่น,5,6,1,นายอดุลย์ บุญใส,ภูมิใจไทย,14
50,เชียงใหม่,7,ฝาง,ม่อนปิ่น,5,6,2,นายสมดุลย์ อุตเจริญ,ประชาชน,87
50,เชียงใหม่,7,ฝาง,ม่อนปิ่น,5,6,3,นายเกรียงกมล ศรีมา,ประชาธิปัตย์,5
50,เชียงใหม่,7,ฝาง,ม่อนปิ่น,5,6,4,นายสันติ ตันสุหัช,ก้าวอิสระ,2
50,เชียงใหม่,7,ฝาง,ม่อนปิ่น,5,6,5,นายการุณย์ คูเจริญชัยกุล,กล้าธรรม,59
50,เชียงใหม่,7,ฝาง,ม่อนปิ่น,5,6,6,นายนิธิกร วุฒินันชัย,เพื่อไทย,18
50,เชียงใหม่,7,ฝาง,ม่อนปิ่น,5,6,7,นายไกร ดาบธรรม,พลังประชารัฐ,15
50,เชียงใหม่,7,ฝาง,ม่อนปิ่น,5,6,8,นายพิสัณห์ อุปนันท์,เศรษฐกิจ,3
50,เชียงใหม่,7,ฝาง,ม่อนปิ่น,5,6,9,นายชาญวิทยายุทธ์ อินทร์แก้ว,ประชากรไทย,3
50,เชียงใหม่,7,ฝาง,ม่อนปิ่น,6,7,1,นายอดุลย์ บุญใส,ภูมิใจไทย,8
50,เชียงใหม่,7,ฝาง,ม่อนปิ่น,6,7,2,นายสมดุลย์ อุตเจริญ,ประชาชน,61
50,เชียงใหม่,7,ฝาง,ม่อนปิ่น,6,7,3,นายเกรียงกมล ศรีมา,ประชาธิปัตย์,1
50,เชียงใหม่,7,ฝาง,ม่อนปิ่น,6,7,4,นายสันติ ตันสุหัช,ก้าวอิสระ,5
50,เชียงใหม่,7,ฝาง,ม่อนปิ่น,6,7,5,นายการุณย์ คูเจริญชัยกุล,กล้าธรรม,164
50,เชียงใหม่,7,ฝาง,ม่อนปิ่น,6,7,6,นายนิธิกร วุฒินันชัย,เพื่อไทย,36
50,เชียงใหม่,7,ฝาง,ม่อนปิ่น,6,7,7,นายไกร ดาบธรรม,พลังประชารัฐ,19
50,เชียงใหม่,7,ฝาง,ม่อนปิ่น,6,7,8,นายพิสัณห์ อุปนันท์,เศรษฐกิจ,4
50,เชียงใหม่,7,ฝาง,ม่อนปิ่น,6,7,9,นายชาญวิทยายุทธ์ อินทร์แก้ว,ประชากรไทย,0
50,เชียงใหม่,7,ฝาง,ม่อนปิ่น,7,8,1,นายอดุลย์ บุญใส,ภูมิใจไทย,5
50,เชียงใหม่,7,ฝาง,ม่อนปิ่น,7,8,2,นายสมดุลย์ อุตเจริญ,ประชาชน,35
50,เชียงใหม่,7,ฝาง,ม่อนปิ่น,7,8,3,นายเกรียงกมล ศรีมา,ประชาธิปัตย์,0
50,เชียงใหม่,7,ฝาง,ม่อนปิ่น,7,8,4,นายสันติ ตันสุหัช,ก้าวอิสระ,0
50,เชียงใหม่,7,ฝาง,ม่อนปิ่น,7,8,5,นายการุณย์ คูเจริญชัยกุล,กล้าธรรม,130
50,เชียงใหม่,7,ฝาง,ม่อนปิ่น,7,8,6,นายนิธิกร วุฒินันชัย,เพื่อไทย,20
50,เชียงใหม่,7,ฝาง,ม่อนปิ่น,7,8,7,นายไกร ดาบธรรม,พลังประชารัฐ,14
50,เชียงใหม่,7,ฝาง,ม่อนปิ่น,7,8,8,นายพิสัณห์ อุปนันท์,เศรษฐกิจ,0
50,เชียงใหม่,7,ฝาง,ม่อนปิ่น,7,8,9,นายชาญวิทยายุทธ์ อินทร์แก้ว,ประชากรไทย,6
50,เชียงใหม่,7,ฝาง,ม่อนปิ่น,8,9,1,นายอดุลย์ บุญใส,ภูมิใจไทย,4
50,เชียงใหม่,7,ฝาง,ม่อนปิ่น,8,9,2,นายสมดุลย์ อุตเจริญ,ประชาชน,58
50,เชียงใหม่,7,ฝาง,ม่อนปิ่น,8,9,3,นายเกรียงกมล ศรีมา,ประชาธิปัตย์,1
50,เชียงใหม่,7,ฝาง,ม่อนปิ่น,8,9,4,นายสันติ ตันสุหัช,ก้าวอิสระ,2
50,เชียงใหม่,7,ฝาง,ม่อนปิ่น,8,9,5,นายการุณย์ คูเจริญชัยกุล,กล้าธรรม,156
50,เชียงใหม่,7,ฝาง,ม่อนปิ่น,8,9,6,นายนิธิกร วุฒินันชัย,เพื่อไทย,18
50,เชียงใหม่,7,ฝาง,ม่อนปิ่น,8,9,7,นายไกร ดาบธรรม,พลังประชารัฐ,24
50,เชียงใหม่,7,ฝาง,ม่อนปิ่น,8,9,8,นายพิสัณห์ อุปนันท์,เศรษฐกิจ,4
50,เชียงใหม่,7,ฝาง,ม่อนปิ่น,8,9,9,นายชาญวิทยายุทธ์ อินทร์แก้ว,ประชากรไทย,4
50,เชียงใหม่,7,ฝาง,ม่อนปิ่น,9,10,1,นายอดุลย์ บุญใส,ภูมิใจไทย,13
50,เชียงใหม่,7,ฝาง,ม่อนปิ่น,9,10,2,นายสมดุลย์ อุตเจริญ,ประชาชน,104
50,เชียงใหม่,7,ฝาง,ม่อนปิ่น,9,10,3,นายเกรียงกมล ศรีมา,ประชาธิปัตย์,3
50,เชียงใหม่,7,ฝาง,ม่อนปิ่น,9,10,4,นายสันติ ตันสุหัช,ก้าวอิสระ,1
50,เชียงใหม่,7,ฝาง,ม่อนปิ่น,9,10,5,นายการุณย์ คูเจริญชัยกุล,กล้าธรรม,48
50,เชียงใหม่,7,ฝาง,ม่อนปิ่น,9,10,6,นายนิธิกร วุฒินันชัย,เพื่อไทย,55
50,เชียงใหม่,7,ฝาง,ม่อนปิ่น,9,10,7,นายไกร ดาบธรรม,พลังประชารัฐ,38
50,เชียงใหม่,7,ฝาง,ม่อนปิ่น,9,10,8,นายพิสัณห์ อุปนันท์,เศรษฐกิจ,5
50,เชียงใหม่,7,ฝาง,ม่อนปิ่น,9,10,9,นายชาญวิทยายุทธ์ อินทร์แก้ว,ประชากรไทย,1
50,เชียงใหม่,7,ฝาง,ม่อนปิ่น,9,11,1,นายอดุลย์ บุญใส,ภูมิใจไทย,6
50,เชียงใหม่,7,ฝาง,ม่อนปิ่น,9,11,2,นายสมดุลย์ อุตเจริญ,ประชาชน,109
50,เชียงใหม่,7,ฝาง,ม่อนปิ่น,9,11,3,นายเกรียงกมล ศรีมา,ประชาธิปัตย์,2
50,เชียงใหม่,7,ฝาง,ม่อนปิ่น,9,11,4,นายสันติ ตันสุหัช,ก้าวอิสระ,5
50,เชียงใหม่,7,ฝาง,ม่อนปิ่น,9,11,5,นายการุณย์ คูเจริญชัยกุล,กล้าธรรม,68
50,เชียงใหม่,7,ฝาง,ม่อนปิ่น,9,11,6,นายนิธิกร วุฒินันชัย,เพื่อไทย,42
50,เชียงใหม่,7,ฝาง,ม่อนปิ่น,9,11,7,นายไกร ดาบธรรม,พลังประชารัฐ,22
50,เชียงใหม่,7,ฝาง,ม่อนปิ่น,9,11,8,นายพิสัณห์ อุปนันท์,เศรษฐกิจ,4
50,เชียงใหม่,7,ฝาง,ม่อนปิ่น,9,11,9,นายชาญวิทยายุทธ์ อินทร์แก้ว,ประชากรไทย,4
50,เชียงใหม่,7,ฝาง,ม่อนปิ่น,10,12,1,นายอดุลย์ บุญใส,ภูมิใจไทย,9
50,เชียงใหม่,7,ฝาง,ม่อนปิ่น,10,12,2,นายสมดุลย์ อุตเจริญ,ประชาชน,57
50,เชียงใหม่,7,ฝาง,ม่อนปิ่น,10,12,3,นายเกรียงกมล ศรีมา,ประชาธิปัตย์,2
50,เชียงใหม่,7,ฝาง,ม่อนปิ่น,10,12,4,นายสันติ ตันสุหัช,ก้าวอิสระ,1
50,เชียงใหม่,7,ฝาง,ม่อนปิ่น,10,12,5,นายการุณย์ คูเจริญชัยกุล,กล้าธรรม,98
50,เชียงใหม่,7,ฝาง,ม่อนปิ่น,10,12,6,นายนิธิกร วุฒินันชัย,เพื่อไทย,82
50,เชียงใหม่,7,ฝาง,ม่อนปิ่น,10,12,7,นายไกร ดาบธรรม,พลังประชารัฐ,25
50,เชียงใหม่,7,ฝาง,ม่อนปิ่น,10,12,8,นายพิสัณห์ อุปนันท์,เศรษฐกิจ,4
50,เชียงใหม่,7,ฝาง,ม่อนปิ่น,10,12,9,นายชาญวิทยายุทธ์ อินทร์แก้ว,ประชากรไทย,1
50,เชียงใหม่,7,ฝาง,ม่อนปิ่น,10,13,1,นายอดุลย์ บุญใส,ภูมิใจไทย,6
50,เชียงใหม่,7,ฝาง,ม่อนปิ่น,10,13,2,นายสมดุลย์ อุตเจริญ,ประชาชน,32
50,เชียงใหม่,7,ฝาง,ม่อนปิ่น,10,13,3,นายเกรียงกมล ศรีมา,ประชาธิปัตย์,2
50,เชียงใหม่,7,ฝาง,ม่อนปิ่น,10,13,4,นายสันติ ตันสุหัช,ก้าวอิสระ,3
50,เชียงใหม่,7,ฝาง,ม่อนปิ่น,10,13,5,นายการุณย์ คูเจริญชัยกุล,กล้าธรรม,62
50,เชียงใหม่,7,ฝาง,ม่อนปิ่น,10,13,6,นายนิธิกร วุฒินันชัย,เพื่อไทย,108
50,เชียงใหม่,7,ฝาง,ม่อนปิ่น,10,13,7,นายไกร ดาบธรรม,พลังประชารัฐ,110
50,เชียงใหม่,7,ฝาง,ม่อนปิ่น,10,13,8,นายพิสัณห์ อุปนันท์,เศรษฐกิจ,2
50,เชียงใหม่,7,ฝาง,ม่อนปิ่น,10,13,9,นายชาญวิทยายุทธ์ อินทร์แก้ว,ประชากรไทย,5
50,เชียงใหม่,7,ฝาง,ม่อนปิ่น,11,14,1,นายอดุลย์ บุญใส,ภูมิใจไทย,16
50,เชียงใหม่,7,ฝาง,ม่อนปิ่น,11,14,2,นายสมดุลย์ อุตเจริญ,ประชาชน,19
50,เชียงใหม่,7,ฝาง,ม่อนปิ่น,11,14,3,นายเกรียงกมล ศรีมา,ประชาธิปัตย์,1
50,เชียงใหม่,7,ฝาง,ม่อนปิ่น,11,14,4,นายสันติ ตันสุหัช,ก้าวอิสระ,4
50,เชียงใหม่,7,ฝาง,ม่อนปิ่น,11,14,5,นายการุณย์ คูเจริญชัยกุล,กล้าธรรม,161
50,เชียงใหม่,7,ฝาง,ม่อนปิ่น,11,14,6,นายนิธิกร วุฒินันชัย,เพื่อไทย,97
50,เชียงใหม่,7,ฝาง,ม่อนปิ่น,11,14,7,นายไกร ดาบธรรม,พลังประชารัฐ,93
50,เชียงใหม่,7,ฝาง,ม่อนปิ่น,11,14,8,นายพิสัณห์ อุปนันท์,เศรษฐกิจ,2
50,เชียงใหม่,7,ฝาง,ม่อนปิ่น,11,14,9,นายชาญวิทยายุทธ์ อินทร์แก้ว,ประชากรไทย,4
50,เชียงใหม่,7,ฝาง,ม่อนปิ่น,12,15,1,นายอดุลย์ บุญใส,ภูมิใจไทย,8
50,เชียงใหม่,7,ฝาง,ม่อนปิ่น,12,15,2,นายสมดุลย์ อุตเจริญ,ประชาชน,62
50,เชียงใหม่,7,ฝาง,ม่อนปิ่น,12,15,3,นายเกรียงกมล ศรีมา,ประชาธิปัตย์,3
50,เชียงใหม่,7,ฝาง,ม่อนปิ่น,12,15,4,นายสันติ ตันสุหัช,ก้าวอิสระ,1
50,เชียงใหม่,7,ฝาง,ม่อนปิ่น,12,15,5,นายการุณย์ คูเจริญชัยกุล,กล้าธรรม,171
50,เชียงใหม่,7,ฝาง,ม่อนปิ่น,12,15,6,นายนิธิกร วุฒินันชัย,เพื่อไทย,43
50,เชียงใหม่,7,ฝาง,ม่อนปิ่น,12,15,7,นายไกร ดาบธรรม,พลังประชารัฐ,41
50,เชียงใหม่,7,ฝาง,ม่อนปิ่น,12,15,8,นายพิสัณห์ อุปนันท์,เศรษฐกิจ,3
50,เชียงใหม่,7,ฝาง,ม่อนปิ่น,12,15,9,นายชาญวิทยายุทธ์ อินทร์แก้ว,ประชากรไทย,2
50,เชียงใหม่,7,ฝาง,ม่อนปิ่น,13,16,1,นายอดุลย์ บุญใส,ภูมิใจไทย,4
50,เชียงใหม่,7,ฝาง,ม่อนปิ่น,13,16,2,นายสมดุลย์ อุตเจริญ,ประชาชน,43
50,เชียงใหม่,7,ฝาง,ม่อนปิ่น,13,16,3,นายเกรียงกมล ศรีมา,ประชาธิปัตย์,0
50,เชียงใหม่,7,ฝาง,ม่อนปิ่น,13,16,4,นายสันติ ตันสุหัช,ก้าวอิสระ,1
50,เชียงใหม่,7,ฝาง,ม่อนปิ่น,13,16,5,นายการุณย์ คูเจริญชัยกุล,กล้าธรรม,80
50,เชียงใหม่,7,ฝาง,ม่อนปิ่น,13,16,6,นายนิธิกร วุฒินันชัย,เพื่อไทย,12
50,เชียงใหม่,7,ฝาง,ม่อนปิ่น,13,16,7,นายไกร ดาบธรรม,พลังประชารัฐ,33
50,เชียงใหม่,7,ฝาง,ม่อนปิ่น,13,16,8,นายพิสัณห์ อุปนันท์,เศรษฐกิจ,3
50,เชียงใหม่,7,ฝาง,ม่อนปิ่น,13,16,9,นายชาญวิทยายุทธ์ อินทร์แก้ว,ประชากรไทย,0
50,เชียงใหม่,7,ฝาง,ม่อนปิ่น,14,17,1,นายอดุลย์ บุญใส,ภูมิใจไทย,12
50,เชียงใหม่,7,ฝาง,ม่อนปิ่น,14,17,2,นายสมดุลย์ อุตเจริญ,ประชาชน,84
50,เชียงใหม่,7,ฝาง,ม่อนปิ่น,14,17,3,นายเกรียงกมล ศรีมา,ประชาธิปัตย์,4
50,เชียงใหม่,7,ฝาง,ม่อนปิ่น,14,17,4,นายสันติ ตันสุหัช,ก้าวอิสระ,4
50,เชียงใหม่,7,ฝาง,ม่อนปิ่น,14,17,5,นายการุณย์ คูเจริญชัยกุล,กล้าธรรม,202
50,เชียงใหม่,7,ฝาง,ม่อนปิ่น,14,17,6,นายนิธิกร วุฒินันชัย,เพื่อไทย,115
50,เชียงใหม่,7,ฝาง,ม่อนปิ่น,14,17,7,นายไกร ดาบธรรม,พลังประชารัฐ,41
50,เชียงใหม่,7,ฝาง,ม่อนปิ่น,14,17,8,นายพิสัณห์ อุปนันท์,เศรษฐกิจ,0
50,เชียงใหม่,7,ฝาง,ม่อนปิ่น,14,17,9,นายชาญวิทยายุทธ์ อินทร์แก้ว,ประชากรไทย,8
50,เชียงใหม่,7,ฝาง,ม่อนปิ่น,15,18,1,นายอดุลย์ บุญใส,ภูมิใจไทย,36
50,เชียงใหม่,7,ฝาง,ม่อนปิ่น,15,18,2,นายสมดุลย์ อุตเจริญ,ประชาชน,32
50,เชียงใหม่,7,ฝาง,ม่อนปิ่น,15,18,3,นายเกรียงกมล ศรีมา,ประชาธิปัตย์,1
50,เชียงใหม่,7,ฝาง,ม่อนปิ่น,15,18,4,นายสันติ ตันสุหัช,ก้าวอิสระ,6
50,เชียงใหม่,7,ฝาง,ม่อนปิ่น,15,18,5,นายการุณย์ คูเจริญชัยกุล,กล้าธรรม,84
50,เชียงใหม่,7,ฝาง,ม่อนปิ่น,15,18,6,นายนิธิกร วุฒินันชัย,เพื่อไทย,45
50,เชียงใหม่,7,ฝาง,ม่อนปิ่น,15,18,7,นายไกร ดาบธรรม,พลังประชารัฐ,79
50,เชียงใหม่,7,ฝาง,ม่อนปิ่น,15,18,8,นายพิสัณห์ อุปนันท์,เศรษฐกิจ,0
50,เชียงใหม่,7,ฝาง,ม่อนปิ่น,15,18,9,นายชาญวิทยายุทธ์ อินทร์แก้ว,ประชากรไทย,0
50,เชียงใหม่,7,ฝาง,ม่อนปิ่น,15,19,1,นายอดุลย์ บุญใส,ภูมิใจไทย,30
50,เชียงใหม่,7,ฝาง,ม่อนปิ่น,15,19,2,นายสมดุลย์ อุตเจริญ,ประชาชน,39
50,เชียงใหม่,7,ฝาง,ม่อนปิ่น,15,19,3,นายเกรียงกมล ศรีมา,ประชาธิปัตย์,2
50,เชียงใหม่,7,ฝาง,ม่อนปิ่น,15,19,4,นายสันติ ตันสุหัช,ก้าวอิสระ,1
50,เชียงใหม่,7,ฝาง,ม่อนปิ่น,15,19,5,นายการุณย์ คูเจริญชัยกุล,กล้าธรรม,181
50,เชียงใหม่,7,ฝาง,ม่อนปิ่น,15,19,6,นายนิธิกร วุฒินันชัย,เพื่อไทย,39
50,เชียงใหม่,7,ฝาง,ม่อนปิ่น,15,19,7,นายไกร ดาบธรรม,พลังประชารัฐ,52
50,เชียงใหม่,7,ฝาง,ม่อนปิ่น,15,19,8,นายพิสัณห์ อุปนันท์,เศรษฐกิจ,2
50,เชียงใหม่,7,ฝาง,ม่อนปิ่น,15,19,9,นายชาญวิทยายุทธ์ อินทร์แก้ว,ประชากรไทย,0
50,เชียงใหม่,7,ฝาง,ม่อนปิ่น,16,20,1,นายอดุลย์ บุญใส,ภูมิใจไทย,1
50,เชียงใหม่,7,ฝาง,ม่อนปิ่น,16,20,2,นายสมดุลย์ อุตเจริญ,ประชาชน,32
50,เชียงใหม่,7,ฝาง,ม่อนปิ่น,16,20,3,นายเกรียงกมล ศรีมา,ประชาธิปัตย์,2
50,เชียงใหม่,7,ฝาง,ม่อนปิ่น,16,20,4,นายสันติ ตันสุหัช,ก้าวอิสระ,1
50,เชียงใหม่,7,ฝาง,ม่อนปิ่น,16,20,5,นายการุณย์ คูเจริญชัยกุล,กล้าธรรม,116
50,เชียงใหม่,7,ฝาง,ม่อนปิ่น,16,20,6,นายนิธิกร วุฒินันชัย,เพื่อไทย,6
50,เชียงใหม่,7,ฝาง,ม่อนปิ่น,16,20,7,นายไกร ดาบธรรม,พลังประชารัฐ,19
50,เชียงใหม่,7,ฝาง,ม่อนปิ่น,16,20,8,นายพิสัณห์ อุปนันท์,เศรษฐกิจ,0
50,เชียงใหม่,7,ฝาง,ม่อนปิ่น,16,20,9,นายชาญวิทยายุทธ์ อินทร์แก้ว,ประชากรไทย,0
50,เชียงใหม่,7,ฝาง,แม่ข่า,2,1,1,นายอดุลย์ บุญใส,ภูมิใจไทย,10
50,เชียงใหม่,7,ฝาง,แม่ข่า,2,1,2,นายสมดุลย์ อุตเจริญ,ประชาชน,48
50,เชียงใหม่,7,ฝาง,แม่ข่า,2,1,3,นายเกรียงกมล ศรีมา,ประชาธิปัตย์,2
50,เชียงใหม่,7,ฝาง,แม่ข่า,2,1,4,นายสันติ ตันสุหัช,ก้าวอิสระ,4
50,เชียงใหม่,7,ฝาง,แม่ข่า,2,1,5,นายการุณย์ คูเจริญชัยกุล,กล้าธรรม,82
50,เชียงใหม่,7,ฝาง,แม่ข่า,2,1,6,นายนิธิกร วุฒินันชัย,เพื่อไทย,64
50,เชียงใหม่,7,ฝาง,แม่ข่า,2,1,7,นายไกร ดาบธรรม,พลังประชารัฐ,43
50,เชียงใหม่,7,ฝาง,แม่ข่า,2,1,8,นายพิสัณห์ อุปนันท์,เศรษฐกิจ,3
50,เชียงใหม่,7,ฝาง,แม่ข่า,2,1,9,นายชาญวิทยายุทธ์ อินทร์แก้ว,ประชากรไทย,7
50,เชียงใหม่,7,ฝาง,แม่ข่า,3,2,1,นายอดุลย์ บุญใส,ภูมิใจไทย,17
50,เชียงใหม่,7,ฝาง,แม่ข่า,3,2,2,นายสมดุลย์ อุตเจริญ,ประชาชน,92
50,เชียงใหม่,7,ฝาง,แม่ข่า,3,2,3,นายเกรียงกมล ศรีมา,ประชาธิปัตย์,21
50,เชียงใหม่,7,ฝาง,แม่ข่า,3,2,4,นายสันติ ตันสุหัช,ก้าวอิสระ,7
50,เชียงใหม่,7,ฝาง,แม่ข่า,3,2,5,นายการุณย์ คูเจริญชัยกุล,กล้าธรรม,123
50,เชียงใหม่,7,ฝาง,แม่ข่า,3,2,6,นายนิธิกร วุฒินันชัย,เพื่อไทย,134
50,เชียงใหม่,7,ฝาง,แม่ข่า,3,2,7,นายไกร ดาบธรรม,พลังประชารัฐ,45
50,เชียงใหม่,7,ฝาง,แม่ข่า,3,2,8,นายพิสัณห์ อุปนันท์,เศรษฐกิจ,7
50,เชียงใหม่,7,ฝาง,แม่ข่า,3,2,9,นายชาญวิทยายุทธ์ อินทร์แก้ว,ประชากรไทย,17
50,เชียงใหม่,7,ฝาง,แม่ข่า,"4,5",3,1,นายอดุลย์ บุญใส,ภูมิใจไทย,9
50,เชียงใหม่,7,ฝาง,แม่ข่า,"4,5",3,2,นายสมดุลย์ อุตเจริญ,ประชาชน,72
50,เชียงใหม่,7,ฝาง,แม่ข่า,"4,5",3,3,นายเกรียงกมล ศรีมา,ประชาธิปัตย์,4
50,เชียงใหม่,7,ฝาง,แม่ข่า,"4,5",3,4,นายสันติ ตันสุหัช,ก้าวอิสระ,5
50,เชียงใหม่,7,ฝาง,แม่ข่า,"4,5",3,5,นายการุณย์ คูเจริญชัยกุล,กล้าธรรม,86
50,เชียงใหม่,7,ฝาง,แม่ข่า,"4,5",3,6,นายนิธิกร วุฒินันชัย,เพื่อไทย,75
50,เชียงใหม่,7,ฝาง,แม่ข่า,"4,5",3,7,นายไกร ดาบธรรม,พลังประชารัฐ,33
50,เชียงใหม่,7,ฝาง,แม่ข่า,"4,5",3,8,นายพิสัณห์ อุปนันท์,เศรษฐกิจ,2
50,เชียงใหม่,7,ฝาง,แม่ข่า,"4,5",3,9,นายชาญวิทยายุทธ์ อินทร์แก้ว,ประชากรไทย,8
50,เชียงใหม่,7,ฝาง,แม่ข่า,6,4,1,นายอดุลย์ บุญใส,ภูมิใจไทย,30
50,เชียงใหม่,7,ฝาง,แม่ข่า,6,4,2,นายสมดุลย์ อุตเจริญ,ประชาชน,122
50,เชียงใหม่,7,ฝาง,แม่ข่า,6,4,3,นายเกรียงกมล ศรีมา,ประชาธิปัตย์,2
50,เชียงใหม่,7,ฝาง,แม่ข่า,6,4,4,นายสันติ ตันสุหัช,ก้าวอิสระ,8
50,เชียงใหม่,7,ฝาง,แม่ข่า,6,4,5,นายการุณย์ คูเจริญชัยกุล,กล้าธรรม,193
50,เชียงใหม่,7,ฝาง,แม่ข่า,6,4,6,นายนิธิกร วุฒินันชัย,เพื่อไทย,121
50,เชียงใหม่,7,ฝาง,แม่ข่า,6,4,7,นายไกร ดาบธรรม,พลังประชารัฐ,37
50,เชียงใหม่,7,ฝาง,แม่ข่า,6,4,8,นายพิสัณห์ อุปนันท์,เศรษฐกิจ,14
50,เชียงใหม่,7,ฝาง,แม่ข่า,6,4,9,นายชาญวิทยายุทธ์ อินทร์แก้ว,ประชากรไทย,11
50,เชียงใหม่,7,ฝาง,แม่ข่า,7,5,1,นายอดุลย์ บุญใส,ภูมิใจไทย,3
50,เชียงใหม่,7,ฝาง,แม่ข่า,7,5,2,นายสมดุลย์ อุตเจริญ,ประชาชน,92
50,เชียงใหม่,7,ฝาง,แม่ข่า,7,5,3,นายเกรียงกมล ศรีมา,ประชาธิปัตย์,2
50,เชียงใหม่,7,ฝาง,แม่ข่า,7,5,4,นายสันติ ตันสุหัช,ก้าวอิสระ,14
50,เชียงใหม่,7,ฝาง,แม่ข่า,7,5,5,นายการุณย์ คูเจริญชัยกุล,กล้าธรรม,56
50,เชียงใหม่,7,ฝาง,แม่ข่า,7,5,6,นายนิธิกร วุฒินันชัย,เพื่อไทย,99
50,เชียงใหม่,7,ฝาง,แม่ข่า,7,5,7,นายไกร ดาบธรรม,พลังประชารัฐ,31
50,เชียงใหม่,7,ฝาง,แม่ข่า,7,5,8,นายพิสัณห์ อุปนันท์,เศรษฐกิจ,5
50,เชียงใหม่,7,ฝาง,แม่ข่า,7,5,9,นายชาญวิทยายุทธ์ อินทร์แก้ว,ประชากรไทย,7
50,เชียงใหม่,7,ฝาง,แม่ข่า,8,6,1,นายอดุลย์ บุญใส,ภูมิใจไทย,7
50,เชียงใหม่,7,ฝาง,แม่ข่า,8,6,2,นายสมดุลย์ อุตเจริญ,ประชาชน,43
50,เชียงใหม่,7,ฝาง,แม่ข่า,8,6,3,นายเกรียงกมล ศรีมา,ประชาธิปัตย์,5
50,เชียงใหม่,7,ฝาง,แม่ข่า,8,6,4,นายสันติ ตันสุหัช,ก้าวอิสระ,5
50,เชียงใหม่,7,ฝาง,แม่ข่า,8,6,5,นายการุณย์ คูเจริญชัยกุล,กล้าธรรม,269
50,เชียงใหม่,7,ฝาง,แม่ข่า,8,6,6,นายนิธิกร วุฒินันชัย,เพื่อไทย,39
50,เชียงใหม่,7,ฝาง,แม่ข่า,8,6,7,นายไกร ดาบธรรม,พลังประชารัฐ,24
50,เชียงใหม่,7,ฝาง,แม่ข่า,8,6,8,นายพิสัณห์ อุปนันท์,เศรษฐกิจ,0
50,เชียงใหม่,7,ฝาง,แม่ข่า,8,6,9,นายชาญวิทยายุทธ์ อินทร์แก้ว,ประชากรไทย,5
50,เชียงใหม่,7,ฝาง,แม่ข่า,9,7,1,นายอดุลย์ บุญใส,ภูมิใจไทย,6
50,เชียงใหม่,7,ฝาง,แม่ข่า,9,7,2,นายสมดุลย์ อุตเจริญ,ประชาชน,38
50,เชียงใหม่,7,ฝาง,แม่ข่า,9,7,3,นายเกรียงกมล ศรีมา,ประชาธิปัตย์,4
50,เชียงใหม่,7,ฝาง,แม่ข่า,9,7,4,นายสันติ ตันสุหัช,ก้าวอิสระ,0
50,เชียงใหม่,7,ฝาง,แม่ข่า,9,7,5,นายการุณย์ คูเจริญชัยกุล,กล้าธรรม,59
50,เชียงใหม่,7,ฝาง,แม่ข่า,9,7,6,นายนิธิกร วุฒินันชัย,เพื่อไทย,99
50,เชียงใหม่,7,ฝาง,แม่ข่า,9,7,7,นายไกร ดาบธรรม,พลังประชารัฐ,20
50,เชียงใหม่,7,ฝาง,แม่ข่า,9,7,8,นายพิสัณห์ อุปนันท์,เศรษฐกิจ,0
50,เชียงใหม่,7,ฝาง,แม่ข่า,9,7,9,นายชาญวิทยายุทธ์ อินทร์แก้ว,ประชากรไทย,7
50,เชียงใหม่,7,ฝาง,แม่ข่า,10,8,1,นายอดุลย์ บุญใส,ภูมิใจไทย,19
50,เชียงใหม่,7,ฝาง,แม่ข่า,10,8,2,นายสมดุลย์ อุตเจริญ,ประชาชน,108
50,เชียงใหม่,7,ฝาง,แม่ข่า,10,8,3,นายเกรียงกมล ศรีมา,ประชาธิปัตย์,7
50,เชียงใหม่,7,ฝาง,แม่ข่า,10,8,4,นายสันติ ตันสุหัช,ก้าวอิสระ,9
50,เชียงใหม่,7,ฝาง,แม่ข่า,10,8,5,นายการุณย์ คูเจริญชัยกุล,กล้าธรรม,150
50,เชียงใหม่,7,ฝาง,แม่ข่า,10,8,6,นายนิธิกร วุฒินันชัย,เพื่อไทย,90
50,เชียงใหม่,7,ฝาง,แม่ข่า,10,8,7,นายไกร ดาบธรรม,พลังประชารัฐ,32
50,เชียงใหม่,7,ฝาง,แม่ข่า,10,8,8,นายพิสัณห์ อุปนันท์,เศรษฐกิจ,1
50,เชียงใหม่,7,ฝาง,แม่ข่า,10,8,9,นายชาญวิทยายุทธ์ อินทร์แก้ว,ประชากรไทย,9
50,เชียงใหม่,7,ฝาง,แม่ข่า,"1,11",9,1,นายอดุลย์ บุญใส,ภูมิใจไทย,3
50,เชียงใหม่,7,ฝาง,แม่ข่า,"1,11",9,2,นายสมดุลย์ อุตเจริญ,ประชาชน,52
50,เชียงใหม่,7,ฝาง,แม่ข่า,"1,11",9,3,นายเกรียงกมล ศรีมา,ประชาธิปัตย์,3
50,เชียงใหม่,7,ฝาง,แม่ข่า,"1,11",9,4,นายสันติ ตันสุหัช,ก้าวอิสระ,3
50,เชียงใหม่,7,ฝาง,แม่ข่า,"1,11",9,5,นายการุณย์ คูเจริญชัยกุล,กล้าธรรม,133
50,เชียงใหม่,7,ฝาง,แม่ข่า,"1,11",9,6,นายนิธิกร วุฒินันชัย,เพื่อไทย,55
50,เชียงใหม่,7,ฝาง,แม่ข่า,"1,11",9,7,นายไกร ดาบธรรม,พลังประชารัฐ,18
50,เชียงใหม่,7,ฝาง,แม่ข่า,"1,11",9,8,นายพิสัณห์ อุปนันท์,เศรษฐกิจ,6
50,เชียงใหม่,7,ฝาง,แม่ข่า,"1,11",9,9,นายชาญวิทยายุทธ์ อินทร์แก้ว,ประชากรไทย,6
50,เชียงใหม่,7,ฝาง,แม่ข่า,12,10,1,นายอดุลย์ บุญใส,ภูมิใจไทย,14
50,เชียงใหม่,7,ฝาง,แม่ข่า,12,10,2,นายสมดุลย์ อุตเจริญ,ประชาชน,78
50,เชียงใหม่,7,ฝาง,แม่ข่า,12,10,3,นายเกรียงกมล ศรีมา,ประชาธิปัตย์,6
50,เชียงใหม่,7,ฝาง,แม่ข่า,12,10,4,นายสันติ ตันสุหัช,ก้าวอิสระ,1
50,เชียงใหม่,7,ฝาง,แม่ข่า,12,10,5,นายการุณย์ คูเจริญชัยกุล,กล้าธรรม,80
50,เชียงใหม่,7,ฝาง,แม่ข่า,12,10,6,นายนิธิกร วุฒินันชัย,เพื่อไทย,105
50,เชียงใหม่,7,ฝาง,แม่ข่า,12,10,7,นายไกร ดาบธรรม,พลังประชารัฐ,21
50,เชียงใหม่,7,ฝาง,แม่ข่า,12,10,8,นายพิสัณห์ อุปนันท์,เศรษฐกิจ,6
50,เชียงใหม่,7,ฝาง,แม่ข่า,12,10,9,นายชาญวิทยายุทธ์ อินทร์แก้ว,ประชากรไทย,8
50,เชียงใหม่,7,ฝาง,แม่ข่า,13,11,1,นายอดุลย์ บุญใส,ภูมิใจไทย,9
50,เชียงใหม่,7,ฝาง,แม่ข่า,13,11,2,นายสมดุลย์ อุตเจริญ,ประชาชน,46
50,เชียงใหม่,7,ฝาง,แม่ข่า,13,11,3,นายเกรียงกมล ศรีมา,ประชาธิปัตย์,3
50,เชียงใหม่,7,ฝาง,แม่ข่า,13,11,4,นายสันติ ตันสุหัช,ก้าวอิสระ,5
50,เชียงใหม่,7,ฝาง,แม่ข่า,13,11,5,นายการุณย์ คูเจริญชัยกุล,กล้าธรรม,53
50,เชียงใหม่,7,ฝาง,แม่ข่า,13,11,6,นายนิธิกร วุฒินันชัย,เพื่อไทย,70
50,เชียงใหม่,7,ฝาง,แม่ข่า,13,11,7,นายไกร ดาบธรรม,พลังประชารัฐ,16
50,เชียงใหม่,7,ฝาง,แม่ข่า,13,11,8,นายพิสัณห์ อุปนันท์,เศรษฐกิจ,6
50,เชียงใหม่,7,ฝาง,แม่ข่า,13,11,9,นายชาญวิทยายุทธ์ อินทร์แก้ว,ประชากรไทย,8
50,เชียงใหม่,7,ฝาง,แม่คะ,1,1,1,นายอดุลย์ บุญใส,ภูมิใจไทย,17
50,เชียงใหม่,7,ฝาง,แม่คะ,1,1,2,นายสมดุลย์ อุตเจริญ,ประชาชน,72
50,เชียงใหม่,7,ฝาง,แม่คะ,1,1,3,นายเกรียงกมล ศรีมา,ประชาธิปัตย์,5
50,เชียงใหม่,7,ฝาง,แม่คะ,1,1,4,นายสันติ ตันสุหัช,ก้าวอิสระ,5
50,เชียงใหม่,7,ฝาง,แม่คะ,1,1,5,นายการุณย์ คูเจริญชัยกุล,กล้าธรรม,215
50,เชียงใหม่,7,ฝาง,แม่คะ,1,1,6,นายนิธิกร วุฒินันชัย,เพื่อไทย,111
50,เชียงใหม่,7,ฝาง,แม่คะ,1,1,7,นายไกร ดาบธรรม,พลังประชารัฐ,71
50,เชียงใหม่,7,ฝาง,แม่คะ,1,1,8,นายพิสัณห์ อุปนันท์,เศรษฐกิจ,2
50,เชียงใหม่,7,ฝาง,แม่คะ,1,1,9,นายชาญวิทยายุทธ์ อินทร์แก้ว,ประชากรไทย,5
50,เชียงใหม่,7,ฝาง,แม่คะ,2,2,1,นายอดุลย์ บุญใส,ภูมิใจไทย,26
50,เชียงใหม่,7,ฝาง,แม่คะ,2,2,2,นายสมดุลย์ อุตเจริญ,ประชาชน,83
50,เชียงใหม่,7,ฝาง,แม่คะ,2,2,3,นายเกรียงกมล ศรีมา,ประชาธิปัตย์,2
50,เชียงใหม่,7,ฝาง,แม่คะ,2,2,4,นายสันติ ตันสุหัช,ก้าวอิสระ,5
50,เชียงใหม่,7,ฝาง,แม่คะ,2,2,5,นายการุณย์ คูเจริญชัยกุล,กล้าธรรม,200
50,เชียงใหม่,7,ฝาง,แม่คะ,2,2,6,นายนิธิกร วุฒินันชัย,เพื่อไทย,59
50,เชียงใหม่,7,ฝาง,แม่คะ,2,2,7,นายไกร ดาบธรรม,พลังประชารัฐ,53
50,เชียงใหม่,7,ฝาง,แม่คะ,2,2,8,นายพิสัณห์ อุปนันท์,เศรษฐกิจ,3
50,เชียงใหม่,7,ฝาง,แม่คะ,2,2,9,นายชาญวิทยายุทธ์ อินทร์แก้ว,ประชากรไทย,5
50,เชียงใหม่,7,ฝาง,แม่คะ,3,3,1,นายอดุลย์ บุญใส,ภูมิใจไทย,16
50,เชียงใหม่,7,ฝาง,แม่คะ,3,3,2,นายสมดุลย์ อุตเจริญ,ประชาชน,47
50,เชียงใหม่,7,ฝาง,แม่คะ,3,3,3,นายเกรียงกมล ศรีมา,ประชาธิปัตย์,5
50,เชียงใหม่,7,ฝาง,แม่คะ,3,3,4,นายสันติ ตันสุหัช,ก้าวอิสระ,1
50,เชียงใหม่,7,ฝาง,แม่คะ,3,3,5,นายการุณย์ คูเจริญชัยกุล,กล้าธรรม,94
50,เชียงใหม่,7,ฝาง,แม่คะ,3,3,6,นายนิธิกร วุฒินันชัย,เพื่อไทย,29
50,เชียงใหม่,7,ฝาง,แม่คะ,3,3,7,นายไกร ดาบธรรม,พลังประชารัฐ,19
50,เชียงใหม่,7,ฝาง,แม่คะ,3,3,8,นายพิสัณห์ อุปนันท์,เศรษฐกิจ,1
50,เชียงใหม่,7,ฝาง,แม่คะ,3,3,9,นายชาญวิทยายุทธ์ อินทร์แก้ว,ประชากรไทย,3
50,เชียงใหม่,7,ฝาง,แม่คะ,4,4,1,นายอดุลย์ บุญใส,ภูมิใจไทย,8
50,เชียงใหม่,7,ฝาง,แม่คะ,4,4,2,นายสมดุลย์ อุตเจริญ,ประชาชน,44
50,เชียงใหม่,7,ฝาง,แม่คะ,4,4,3,นายเกรียงกมล ศรีมา,ประชาธิปัตย์,2
50,เชียงใหม่,7,ฝาง,แม่คะ,4,4,4,นายสันติ ตันสุหัช,ก้าวอิสระ,1
50,เชียงใหม่,7,ฝาง,แม่คะ,4,4,5,นายการุณย์ คูเจริญชัยกุล,กล้าธรรม,120
50,เชียงใหม่,7,ฝาง,แม่คะ,4,4,6,นายนิธิกร วุฒินันชัย,เพื่อไทย,114
50,เชียงใหม่,7,ฝาง,แม่คะ,4,4,7,นายไกร ดาบธรรม,พลังประชารัฐ,15
50,เชียงใหม่,7,ฝาง,แม่คะ,4,4,8,นายพิสัณห์ อุปนันท์,เศรษฐกิจ,6
50,เชียงใหม่,7,ฝาง,แม่คะ,4,4,9,นายชาญวิทยายุทธ์ อินทร์แก้ว,ประชากรไทย,8
50,เชียงใหม่,7,ฝาง,แม่คะ,5,5,1,นายอดุลย์ บุญใส,ภูมิใจไทย,11
50,เชียงใหม่,7,ฝาง,แม่คะ,5,5,2,นายสมดุลย์ อุตเจริญ,ประชาชน,85
50,เชียงใหม่,7,ฝาง,แม่คะ,5,5,3,นายเกรียงกมล ศรีมา,ประชาธิปัตย์,1
50,เชียงใหม่,7,ฝาง,แม่คะ,5,5,4,นายสันติ ตันสุหัช,ก้าวอิสระ,4
50,เชียงใหม่,7,ฝาง,แม่คะ,5,5,5,นายการุณย์ คูเจริญชัยกุล,กล้าธรรม,189
50,เชียงใหม่,7,ฝาง,แม่คะ,5,5,6,นายนิธิกร วุฒินันชัย,เพื่อไทย,154
50,เชียงใหม่,7,ฝาง,แม่คะ,5,5,7,นายไกร ดาบธรรม,พลังประชารัฐ,67
50,เชียงใหม่,7,ฝาง,แม่คะ,5,5,8,นายพิสัณห์ อุปนันท์,เศรษฐกิจ,2
50,เชียงใหม่,7,ฝาง,แม่คะ,5,5,9,นายชาญวิทยายุทธ์ อินทร์แก้ว,ประชากรไทย,7
50,เชียงใหม่,7,ฝาง,แม่คะ,6,6,1,นายอดุลย์ บุญใส,ภูมิใจไทย,17
50,เชียงใหม่,7,ฝาง,แม่คะ,6,6,2,นายสมดุลย์ อุตเจริญ,ประชาชน,70
50,เชียงใหม่,7,ฝาง,แม่คะ,6,6,3,นายเกรียงกมล ศรีมา,ประชาธิปัตย์,6
50,เชียงใหม่,7,ฝาง,แม่คะ,6,6,4,นายสันติ ตันสุหัช,ก้าวอิสระ,2
50,เชียงใหม่,7,ฝาง,แม่คะ,6,6,5,นายการุณย์ คูเจริญชัยกุล,กล้าธรรม,77
50,เชียงใหม่,7,ฝาง,แม่คะ,6,6,6,นายนิธิกร วุฒินันชัย,เพื่อไทย,31
50,เชียงใหม่,7,ฝาง,แม่คะ,6,6,7,นายไกร ดาบธรรม,พลังประชารัฐ,38
50,เชียงใหม่,7,ฝาง,แม่คะ,6,6,8,นายพิสัณห์ อุปนันท์,เศรษฐกิจ,3
50,เชียงใหม่,7,ฝาง,แม่คะ,6,6,9,นายชาญวิทยายุทธ์ อินทร์แก้ว,ประชากรไทย,1
50,เชียงใหม่,7,ฝาง,แม่คะ,6,7,1,นายอดุลย์ บุญใส,ภูมิใจไทย,9
50,เชียงใหม่,7,ฝาง,แม่คะ,6,7,2,นายสมดุลย์ อุตเจริญ,ประชาชน,81
50,เชียงใหม่,7,ฝาง,แม่คะ,6,7,3,นายเกรียงกมล ศรีมา,ประชาธิปัตย์,5
50,เชียงใหม่,7,ฝาง,แม่คะ,6,7,4,นายสันติ ตันสุหัช,ก้าวอิสระ,6
50,เชียงใหม่,7,ฝาง,แม่คะ,6,7,5,นายการุณย์ คูเจริญชัยกุล,กล้าธรรม,73
50,เชียงใหม่,7,ฝาง,แม่คะ,6,7,6,นายนิธิกร วุฒินันชัย,เพื่อไทย,46
50,เชียงใหม่,7,ฝาง,แม่คะ,6,7,7,นายไกร ดาบธรรม,พลังประชารัฐ,52
50,เชียงใหม่,7,ฝาง,แม่คะ,6,7,8,นายพิสัณห์ อุปนันท์,เศรษฐกิจ,0
50,เชียงใหม่,7,ฝาง,แม่คะ,6,7,9,นายชาญวิทยายุทธ์ อินทร์แก้ว,ประชากรไทย,3
50,เชียงใหม่,7,ฝาง,แม่คะ,7,8,1,นายอดุลย์ บุญใส,ภูมิใจไทย,20
50,เชียงใหม่,7,ฝาง,แม่คะ,7,8,2,นายสมดุลย์ อุตเจริญ,ประชาชน,75
50,เชียงใหม่,7,ฝาง,แม่คะ,7,8,3,นายเกรียงกมล ศรีมา,ประชาธิปัตย์,2
50,เชียงใหม่,7,ฝาง,แม่คะ,7,8,4,นายสันติ ตันสุหัช,ก้าวอิสระ,13
50,เชียงใหม่,7,ฝาง,แม่คะ,7,8,5,นายการุณย์ คูเจริญชัยกุล,กล้าธรรม,146
50,เชียงใหม่,7,ฝาง,แม่คะ,7,8,6,นายนิธิกร วุฒินันชัย,เพื่อไทย,102
50,เชียงใหม่,7,ฝาง,แม่คะ,7,8,7,นายไกร ดาบธรรม,พลังประชารัฐ,58
50,เชียงใหม่,7,ฝาง,แม่คะ,7,8,8,นายพิสัณห์ อุปนันท์,เศรษฐกิจ,1
50,เชียงใหม่,7,ฝาง,แม่คะ,7,8,9,นายชาญวิทยายุทธ์ อินทร์แก้ว,ประชากรไทย,4
50,เชียงใหม่,7,ฝาง,แม่คะ,8,9,1,นายอดุลย์ บุญใส,ภูมิใจไทย,9
50,เชียงใหม่,7,ฝาง,แม่คะ,8,9,2,นายสมดุลย์ อุตเจริญ,ประชาชน,39
50,เชียงใหม่,7,ฝาง,แม่คะ,8,9,3,นายเกรียงกมล ศรีมา,ประชาธิปัตย์,0
50,เชียงใหม่,7,ฝาง,แม่คะ,8,9,4,นายสันติ ตันสุหัช,ก้าวอิสระ,0
50,เชียงใหม่,7,ฝาง,แม่คะ,8,9,5,นายการุณย์ คูเจริญชัยกุล,กล้าธรรม,57
50,เชียงใหม่,7,ฝาง,แม่คะ,8,9,6,นายนิธิกร วุฒินันชัย,เพื่อไทย,28
50,เชียงใหม่,7,ฝาง,แม่คะ,8,9,7,นายไกร ดาบธรรม,พลังประชารัฐ,22
50,เชียงใหม่,7,ฝาง,แม่คะ,8,9,8,นายพิสัณห์ อุปนันท์,เศรษฐกิจ,0
50,เชียงใหม่,7,ฝาง,แม่คะ,8,9,9,นายชาญวิทยายุทธ์ อินทร์แก้ว,ประชากรไทย,2
50,เชียงใหม่,7,ฝาง,แม่คะ,9,10,1,นายอดุลย์ บุญใส,ภูมิใจไทย,18
50,เชียงใหม่,7,ฝาง,แม่คะ,9,10,2,นายสมดุลย์ อุตเจริญ,ประชาชน,56
50,เชียงใหม่,7,ฝาง,แม่คะ,9,10,3,นายเกรียงกมล ศรีมา,ประชาธิปัตย์,3
50,เชียงใหม่,7,ฝาง,แม่คะ,9,10,4,นายสันติ ตันสุหัช,ก้าวอิสระ,7
50,เชียงใหม่,7,ฝาง,แม่คะ,9,10,5,นายการุณย์ คูเจริญชัยกุล,กล้าธรรม,232
50,เชียงใหม่,7,ฝาง,แม่คะ,9,10,6,นายนิธิกร วุฒินันชัย,เพื่อไทย,50
50,เชียงใหม่,7,ฝาง,แม่คะ,9,10,7,นายไกร ดาบธรรม,พลังประชารัฐ,48
50,เชียงใหม่,7,ฝาง,แม่คะ,9,10,8,นายพิสัณห์ อุปนันท์,เศรษฐกิจ,11
50,เชียงใหม่,7,ฝาง,แม่คะ,9,10,9,นายชาญวิทยายุทธ์ อินทร์แก้ว,ประชากรไทย,3
50,เชียงใหม่,7,ฝาง,แม่คะ,9,11,1,นายอดุลย์ บุญใส,ภูมิใจไทย,8
50,เชียงใหม่,7,ฝาง,แม่คะ,9,11,2,นายสมดุลย์ อุตเจริญ,ประชาชน,79
50,เชียงใหม่,7,ฝาง,แม่คะ,9,11,3,นายเกรียงกมล ศรีมา,ประชาธิปัตย์,2
50,เชียงใหม่,7,ฝาง,แม่คะ,9,11,4,นายสันติ ตันสุหัช,ก้าวอิสระ,5
50,เชียงใหม่,7,ฝาง,แม่คะ,9,11,5,นายการุณย์ คูเจริญชัยกุล,กล้าธรรม,234
50,เชียงใหม่,7,ฝาง,แม่คะ,9,11,6,นายนิธิกร วุฒินันชัย,เพื่อไทย,55
50,เชียงใหม่,7,ฝาง,แม่คะ,9,11,7,นายไกร ดาบธรรม,พลังประชารัฐ,29
50,เชียงใหม่,7,ฝาง,แม่คะ,9,11,8,นายพิสัณห์ อุปนันท์,เศรษฐกิจ,0
50,เชียงใหม่,7,ฝาง,แม่คะ,9,11,9,นายชาญวิทยายุทธ์ อินทร์แก้ว,ประชากรไทย,2
50,เชียงใหม่,7,ฝาง,แม่คะ,10,12,1,นายอดุลย์ บุญใส,ภูมิใจไทย,9
50,เชียงใหม่,7,ฝาง,แม่คะ,10,12,2,นายสมดุลย์ อุตเจริญ,ประชาชน,52
50,เชียงใหม่,7,ฝาง,แม่คะ,10,12,3,นายเกรียงกมล ศรีมา,ประชาธิปัตย์,2
50,เชียงใหม่,7,ฝาง,แม่คะ,10,12,4,นายสันติ ตันสุหัช,ก้าวอิสระ,1
50,เชียงใหม่,7,ฝาง,แม่คะ,10,12,5,นายการุณย์ คูเจริญชัยกุล,กล้าธรรม,181
50,เชียงใหม่,7,ฝาง,แม่คะ,10,12,6,นายนิธิกร วุฒินันชัย,เพื่อไทย,54
50,เชียงใหม่,7,ฝาง,แม่คะ,10,12,7,นายไกร ดาบธรรม,พลังประชารัฐ,56
50,เชียงใหม่,7,ฝาง,แม่คะ,10,12,8,นายพิสัณห์ อุปนันท์,เศรษฐกิจ,0
50,เชียงใหม่,7,ฝาง,แม่คะ,10,12,9,นายชาญวิทยายุทธ์ อินทร์แก้ว,ประชากรไทย,9
50,เชียงใหม่,7,ฝาง,แม่คะ,11,13,1,นายอดุลย์ บุญใส,ภูมิใจไทย,17
50,เชียงใหม่,7,ฝาง,แม่คะ,11,13,2,นายสมดุลย์ อุตเจริญ,ประชาชน,96
50,เชียงใหม่,7,ฝาง,แม่คะ,11,13,3,นายเกรียงกมล ศรีมา,ประชาธิปัตย์,4
50,เชียงใหม่,7,ฝาง,แม่คะ,11,13,4,นายสันติ ตันสุหัช,ก้าวอิสระ,5
50,เชียงใหม่,7,ฝาง,แม่คะ,11,13,5,นายการุณย์ คูเจริญชัยกุล,กล้าธรรม,71
50,เชียงใหม่,7,ฝาง,แม่คะ,11,13,6,นายนิธิกร วุฒินันชัย,เพื่อไทย,160
50,เชียงใหม่,7,ฝาง,แม่คะ,11,13,7,นายไกร ดาบธรรม,พลังประชารัฐ,27
50,เชียงใหม่,7,ฝาง,แม่คะ,11,13,8,นายพิสัณห์ อุปนันท์,เศรษฐกิจ,5
50,เชียงใหม่,7,ฝาง,แม่คะ,11,13,9,นายชาญวิทยายุทธ์ อินทร์แก้ว,ประชากรไทย,10
50,เชียงใหม่,7,ฝาง,แม่คะ,12,14,1,นายอดุลย์ บุญใส,ภูมิใจไทย,6
50,เชียงใหม่,7,ฝาง,แม่คะ,12,14,2,นายสมดุลย์ อุตเจริญ,ประชาชน,18
50,เชียงใหม่,7,ฝาง,แม่คะ,12,14,3,นายเกรียงกมล ศรีมา,ประชาธิปัตย์,0
50,เชียงใหม่,7,ฝาง,แม่คะ,12,14,4,นายสันติ ตันสุหัช,ก้าวอิสระ,0
50,เชียงใหม่,7,ฝาง,แม่คะ,12,14,5,นายการุณย์ คูเจริญชัยกุล,กล้าธรรม,83
50,เชียงใหม่,7,ฝาง,แม่คะ,12,14,6,นายนิธิกร วุฒินันชัย,เพื่อไทย,80
50,เชียงใหม่,7,ฝาง,แม่คะ,12,14,7,นายไกร ดาบธรรม,พลังประชารัฐ,7
50,เชียงใหม่,7,ฝาง,แม่คะ,12,14,8,นายพิสัณห์ อุปนันท์,เศรษฐกิจ,0
50,เชียงใหม่,7,ฝาง,แม่คะ,12,14,9,นายชาญวิทยายุทธ์ อินทร์แก้ว,ประชากรไทย,3
50,เชียงใหม่,7,ฝาง,แม่คะ,13,15,1,นายอดุลย์ บุญใส,ภูมิใจไทย,11
50,เชียงใหม่,7,ฝาง,แม่คะ,13,15,2,นายสมดุลย์ อุตเจริญ,ประชาชน,62
50,เชียงใหม่,7,ฝาง,แม่คะ,13,15,3,นายเกรียงกมล ศรีมา,ประชาธิปัตย์,2
50,เชียงใหม่,7,ฝาง,แม่คะ,13,15,4,นายสันติ ตันสุหัช,ก้าวอิสระ,2
50,เชียงใหม่,7,ฝาง,แม่คะ,13,15,5,นายการุณย์ คูเจริญชัยกุล,กล้าธรรม,97
50,เชียงใหม่,7,ฝาง,แม่คะ,13,15,6,นายนิธิกร วุฒินันชัย,เพื่อไทย,51
50,เชียงใหม่,7,ฝาง,แม่คะ,13,15,7,นายไกร ดาบธรรม,พลังประชารัฐ,20
50,เชียงใหม่,7,ฝาง,แม่คะ,13,15,8,นายพิสัณห์ อุปนันท์,เศรษฐกิจ,0
50,เชียงใหม่,7,ฝาง,แม่คะ,13,15,9,นายชาญวิทยายุทธ์ อินทร์แก้ว,ประชากรไทย,9
50,เชียงใหม่,7,ฝาง,แม่คะ,14,16,1,นายอดุลย์ บุญใส,ภูมิใจไทย,10
50,เชียงใหม่,7,ฝาง,แม่คะ,14,16,2,นายสมดุลย์ อุตเจริญ,ประชาชน,90
50,เชียงใหม่,7,ฝาง,แม่คะ,14,16,3,นายเกรียงกมล ศรีมา,ประชาธิปัตย์,2
50,เชียงใหม่,7,ฝาง,แม่คะ,14,16,4,นายสันติ ตันสุหัช,ก้าวอิสระ,6
50,เชียงใหม่,7,ฝาง,แม่คะ,14,16,5,นายการุณย์ คูเจริญชัยกุล,กล้าธรรม,128
50,เชียงใหม่,7,ฝาง,แม่คะ,14,16,6,นายนิธิกร วุฒินันชัย,เพื่อไทย,76
50,เชียงใหม่,7,ฝาง,แม่คะ,14,16,7,นายไกร ดาบธรรม,พลังประชารัฐ,63
50,เชียงใหม่,7,ฝาง,แม่คะ,14,16,8,นายพิสัณห์ อุปนันท์,เศรษฐกิจ,4
50,เชียงใหม่,7,ฝาง,แม่คะ,14,16,9,นายชาญวิทยายุทธ์ อินทร์แก้ว,ประชากรไทย,2
50,เชียงใหม่,7,ฝาง,แม่คะ,15,17,1,นายอดุลย์ บุญใส,ภูมิใจไทย,9
50,เชียงใหม่,7,ฝาง,แม่คะ,15,17,2,นายสมดุลย์ อุตเจริญ,ประชาชน,19
50,เชียงใหม่,7,ฝาง,แม่คะ,15,17,3,นายเกรียงกมล ศรีมา,ประชาธิปัตย์,3
50,เชียงใหม่,7,ฝาง,แม่คะ,15,17,4,นายสันติ ตันสุหัช,ก้าวอิสระ,1
50,เชียงใหม่,7,ฝาง,แม่คะ,15,17,5,นายการุณย์ คูเจริญชัยกุล,กล้าธรรม,77
50,เชียงใหม่,7,ฝาง,แม่คะ,15,17,6,นายนิธิกร วุฒินันชัย,เพื่อไทย,55
50,เชียงใหม่,7,ฝาง,แม่คะ,15,17,7,นายไกร ดาบธรรม,พลังประชารัฐ,28
50,เชียงใหม่,7,ฝาง,แม่คะ,15,17,8,นายพิสัณห์ อุปนันท์,เศรษฐกิจ,2
50,เชียงใหม่,7,ฝาง,แม่คะ,15,17,9,นายชาญวิทยายุทธ์ อินทร์แก้ว,ประชากรไทย,9
50,เชียงใหม่,7,ฝาง,แม่งอน,1,1,1,นายอดุลย์ บุญใส,ภูมิใจไทย,7
50,เชียงใหม่,7,ฝาง,แม่งอน,1,1,2,นายสมดุลย์ อุตเจริญ,ประชาชน,63
50,เชียงใหม่,7,ฝาง,แม่งอน,1,1,3,นายเกรียงกมล ศรีมา,ประชาธิปัตย์,0
50,เชียงใหม่,7,ฝาง,แม่งอน,1,1,4,นายสันติ ตันสุหัช,ก้าวอิสระ,4
50,เชียงใหม่,7,ฝาง,แม่งอน,1,1,5,นายการุณย์ คูเจริญชัยกุล,กล้าธรรม,73
50,เชียงใหม่,7,ฝาง,แม่งอน,1,1,6,นายนิธิกร วุฒินันชัย,เพื่อไทย,49
50,เชียงใหม่,7,ฝาง,แม่งอน,1,1,7,นายไกร ดาบธรรม,พลังประชารัฐ,41
50,เชียงใหม่,7,ฝาง,แม่งอน,1,1,8,นายพิสัณห์ อุปนันท์,เศรษฐกิจ,1
50,เชียงใหม่,7,ฝาง,แม่งอน,1,1,9,นายชาญวิทยายุทธ์ อินทร์แก้ว,ประชากรไทย,10
50,เชียงใหม่,7,ฝาง,แม่งอน,2,2,1,นายอดุลย์ บุญใส,ภูมิใจไทย,8
50,เชียงใหม่,7,ฝาง,แม่งอน,2,2,2,นายสมดุลย์ อุตเจริญ,ประชาชน,86
50,เชียงใหม่,7,ฝาง,แม่งอน,2,2,3,นายเกรียงกมล ศรีมา,ประชาธิปัตย์,2
50,เชียงใหม่,7,ฝาง,แม่งอน,2,2,4,นายสันติ ตันสุหัช,ก้าวอิสระ,8
50,เชียงใหม่,7,ฝาง,แม่งอน,2,2,5,นายการุณย์ คูเจริญชัยกุล,กล้าธรรม,275
50,เชียงใหม่,7,ฝาง,แม่งอน,2,2,6,นายนิธิกร วุฒินันชัย,เพื่อไทย,53
50,เชียงใหม่,7,ฝาง,แม่งอน,2,2,7,นายไกร ดาบธรรม,พลังประชารัฐ,41
50,เชียงใหม่,7,ฝาง,แม่งอน,2,2,8,นายพิสัณห์ อุปนันท์,เศรษฐกิจ,0
50,เชียงใหม่,7,ฝาง,แม่งอน,2,2,9,นายชาญวิทยายุทธ์ อินทร์แก้ว,ประชากรไทย,0
50,เชียงใหม่,7,ฝาง,แม่งอน,3,3,1,นายอดุลย์ บุญใส,ภูมิใจไทย,1
50,เชียงใหม่,7,ฝาง,แม่งอน,3,3,2,นายสมดุลย์ อุตเจริญ,ประชาชน,25
50,เชียงใหม่,7,ฝาง,แม่งอน,3,3,3,นายเกรียงกมล ศรีมา,ประชาธิปัตย์,2
50,เชียงใหม่,7,ฝาง,แม่งอน,3,3,4,นายสันติ ตันสุหัช,ก้าวอิสระ,14
50,เชียงใหม่,7,ฝาง,แม่งอน,3,3,5,นายการุณย์ คูเจริญชัยกุล,กล้าธรรม,158
50,เชียงใหม่,7,ฝาง,แม่งอน,3,3,6,นายนิธิกร วุฒินันชัย,เพื่อไทย,21
50,เชียงใหม่,7,ฝาง,แม่งอน,3,3,7,นายไกร ดาบธรรม,พลังประชารัฐ,15
50,เชียงใหม่,7,ฝาง,แม่งอน,3,3,8,นายพิสัณห์ อุปนันท์,เศรษฐกิจ,4
50,เชียงใหม่,7,ฝาง,แม่งอน,3,3,9,นายชาญวิทยายุทธ์ อินทร์แก้ว,ประชากรไทย,5
50,เชียงใหม่,7,ฝาง,แม่งอน,4,4,1,นายอดุลย์ บุญใส,ภูมิใจไทย,7
50,เชียงใหม่,7,ฝาง,แม่งอน,4,4,2,นายสมดุลย์ อุตเจริญ,ประชาชน,113
50,เชียงใหม่,7,ฝาง,แม่งอน,4,4,3,นายเกรียงกมล ศรีมา,ประชาธิปัตย์,1
50,เชียงใหม่,7,ฝาง,แม่งอน,4,4,4,นายสันติ ตันสุหัช,ก้าวอิสระ,2
50,เชียงใหม่,7,ฝาง,แม่งอน,4,4,5,นายการุณย์ คูเจริญชัยกุล,กล้าธรรม,181
50,เชียงใหม่,7,ฝาง,แม่งอน,4,4,6,นายนิธิกร วุฒินันชัย,เพื่อไทย,80
50,เชียงใหม่,7,ฝาง,แม่งอน,4,4,7,นายไกร ดาบธรรม,พลังประชารัฐ,54
50,เชียงใหม่,7,ฝาง,แม่งอน,4,4,8,นายพิสัณห์ อุปนันท์,เศรษฐกิจ,4
50,เชียงใหม่,7,ฝาง,แม่งอน,4,4,9,นายชาญวิทยายุทธ์ อินทร์แก้ว,ประชากรไทย,11
50,เชียงใหม่,7,ฝาง,แม่งอน,5,5,1,นายอดุลย์ บุญใส,ภูมิใจไทย,8
50,เชียงใหม่,7,ฝาง,แม่งอน,5,5,2,นายสมดุลย์ อุตเจริญ,ประชาชน,105
50,เชียงใหม่,7,ฝาง,แม่งอน,5,5,3,นายเกรียงกมล ศรีมา,ประชาธิปัตย์,2
50,เชียงใหม่,7,ฝาง,แม่งอน,5,5,4,นายสันติ ตันสุหัช,ก้าวอิสระ,3
50,เชียงใหม่,7,ฝาง,แม่งอน,5,5,5,นายการุณย์ คูเจริญชัยกุล,กล้าธรรม,24
50,เชียงใหม่,7,ฝาง,แม่งอน,5,5,6,นายนิธิกร วุฒินันชัย,เพื่อไทย,22
50,เชียงใหม่,7,ฝาง,แม่งอน,5,5,7,นายไกร ดาบธรรม,พลังประชารัฐ,18
50,เชียงใหม่,7,ฝาง,แม่งอน,5,5,8,นายพิสัณห์ อุปนันท์,เศรษฐกิจ,5
50,เชียงใหม่,7,ฝาง,แม่งอน,5,5,9,นายชาญวิทยายุทธ์ อินทร์แก้ว,ประชากรไทย,3
50,เชียงใหม่,7,ฝาง,แม่งอน,5,6,1,นายอดุลย์ บุญใส,ภูมิใจไทย,3
50,เชียงใหม่,7,ฝาง,แม่งอน,5,6,2,นายสมดุลย์ อุตเจริญ,ประชาชน,43
50,เชียงใหม่,7,ฝาง,แม่งอน,5,6,3,นายเกรียงกมล ศรีมา,ประชาธิปัตย์,3
50,เชียงใหม่,7,ฝาง,แม่งอน,5,6,4,นายสันติ ตันสุหัช,ก้าวอิสระ,3
50,เชียงใหม่,7,ฝาง,แม่งอน,5,6,5,นายการุณย์ คูเจริญชัยกุล,กล้าธรรม,36
50,เชียงใหม่,7,ฝาง,แม่งอน,5,6,6,นายนิธิกร วุฒินันชัย,เพื่อไทย,39
50,เชียงใหม่,7,ฝาง,แม่งอน,5,6,7,นายไกร ดาบธรรม,พลังประชารัฐ,17
50,เชียงใหม่,7,ฝาง,แม่งอน,5,6,8,นายพิสัณห์ อุปนันท์,เศรษฐกิจ,1
50,เชียงใหม่,7,ฝาง,แม่งอน,5,6,9,นายชาญวิทยายุทธ์ อินทร์แก้ว,ประชากรไทย,3
50,เชียงใหม่,7,ฝาง,แม่งอน,6,7,1,นายอดุลย์ บุญใส,ภูมิใจไทย,12
50,เชียงใหม่,7,ฝาง,แม่งอน,6,7,2,นายสมดุลย์ อุตเจริญ,ประชาชน,107
50,เชียงใหม่,7,ฝาง,แม่งอน,6,7,3,นายเกรียงกมล ศรีมา,ประชาธิปัตย์,4
50,เชียงใหม่,7,ฝาง,แม่งอน,6,7,4,นายสันติ ตันสุหัช,ก้าวอิสระ,5
50,เชียงใหม่,7,ฝาง,แม่งอน,6,7,5,นายการุณย์ คูเจริญชัยกุล,กล้าธรรม,79
50,เชียงใหม่,7,ฝาง,แม่งอน,6,7,6,นายนิธิกร วุฒินันชัย,เพื่อไทย,26
50,เชียงใหม่,7,ฝาง,แม่งอน,6,7,7,นายไกร ดาบธรรม,พลังประชารัฐ,36
50,เชียงใหม่,7,ฝาง,แม่งอน,6,7,8,นายพิสัณห์ อุปนันท์,เศรษฐกิจ,4
50,เชียงใหม่,7,ฝาง,แม่งอน,6,7,9,นายชาญวิทยายุทธ์ อินทร์แก้ว,ประชากรไทย,3
50,เชียงใหม่,7,ฝาง,แม่งอน,6,8,1,นายอดุลย์ บุญใส,ภูมิใจไทย,12
50,เชียงใหม่,7,ฝาง,แม่งอน,6,8,2,นายสมดุลย์ อุตเจริญ,ประชาชน,139
50,เชียงใหม่,7,ฝาง,แม่งอน,6,8,3,นายเกรียงกมล ศรีมา,ประชาธิปัตย์,3
50,เชียงใหม่,7,ฝาง,แม่งอน,6,8,4,นายสันติ ตันสุหัช,ก้าวอิสระ,3
50,เชียงใหม่,7,ฝาง,แม่งอน,6,8,5,นายการุณย์ คูเจริญชัยกุล,กล้าธรรม,122
50,เชียงใหม่,7,ฝาง,แม่งอน,6,8,6,นายนิธิกร วุฒินันชัย,เพื่อไทย,16
50,เชียงใหม่,7,ฝาง,แม่งอน,6,8,7,นายไกร ดาบธรรม,พลังประชารัฐ,27
50,เชียงใหม่,7,ฝาง,แม่งอน,6,8,8,นายพิสัณห์ อุปนันท์,เศรษฐกิจ,4
50,เชียงใหม่,7,ฝาง,แม่งอน,6,8,9,นายชาญวิทยายุทธ์ อินทร์แก้ว,ประชากรไทย,2
50,เชียงใหม่,7,ฝาง,แม่งอน,7,9,1,นายอดุลย์ บุญใส,ภูมิใจไทย,14
50,เชียงใหม่,7,ฝาง,แม่งอน,7,9,2,นายสมดุลย์ อุตเจริญ,ประชาชน,102
50,เชียงใหม่,7,ฝาง,แม่งอน,7,9,3,นายเกรียงกมล ศรีมา,ประชาธิปัตย์,2
50,เชียงใหม่,7,ฝาง,แม่งอน,7,9,4,นายสันติ ตันสุหัช,ก้าวอิสระ,2
50,เชียงใหม่,7,ฝาง,แม่งอน,7,9,5,นายการุณย์ คูเจริญชัยกุล,กล้าธรรม,172
50,เชียงใหม่,7,ฝาง,แม่งอน,7,9,6,นายนิธิกร วุฒินันชัย,เพื่อไทย,75
50,เชียงใหม่,7,ฝาง,แม่งอน,7,9,7,นายไกร ดาบธรรม,พลังประชารัฐ,58
50,เชียงใหม่,7,ฝาง,แม่งอน,7,9,8,นายพิสัณห์ อุปนันท์,เศรษฐกิจ,4
50,เชียงใหม่,7,ฝาง,แม่งอน,7,9,9,นายชาญวิทยายุทธ์ อินทร์แก้ว,ประชากรไทย,5
50,เชียงใหม่,7,ฝาง,แม่งอน,8,10,1,นายอดุลย์ บุญใส,ภูมิใจไทย,6
50,เชียงใหม่,7,ฝาง,แม่งอน,8,10,2,นายสมดุลย์ อุตเจริญ,ประชาชน,72
50,เชียงใหม่,7,ฝาง,แม่งอน,8,10,3,นายเกรียงกมล ศรีมา,ประชาธิปัตย์,0
50,เชียงใหม่,7,ฝาง,แม่งอน,8,10,4,นายสันติ ตันสุหัช,ก้าวอิสระ,5
50,เชียงใหม่,7,ฝาง,แม่งอน,8,10,5,นายการุณย์ คูเจริญชัยกุล,กล้าธรรม,201
50,เชียงใหม่,7,ฝาง,แม่งอน,8,10,6,นายนิธิกร วุฒินันชัย,เพื่อไทย,57
50,เชียงใหม่,7,ฝาง,แม่งอน,8,10,7,นายไกร ดาบธรรม,พลังประชารัฐ,30
50,เชียงใหม่,7,ฝาง,แม่งอน,8,10,8,นายพิสัณห์ อุปนันท์,เศรษฐกิจ,5
50,เชียงใหม่,7,ฝาง,แม่งอน,8,10,9,นายชาญวิทยายุทธ์ อินทร์แก้ว,ประชากรไทย,3
50,เชียงใหม่,7,ฝาง,แม่งอน,9,11,1,นายอดุลย์ บุญใส,ภูมิใจไทย,9
50,เชียงใหม่,7,ฝาง,แม่งอน,9,11,2,นายสมดุลย์ อุตเจริญ,ประชาชน,88
50,เชียงใหม่,7,ฝาง,แม่งอน,9,11,3,นายเกรียงกมล ศรีมา,ประชาธิปัตย์,3
50,เชียงใหม่,7,ฝาง,แม่งอน,9,11,4,นายสันติ ตันสุหัช,ก้าวอิสระ,2
50,เชียงใหม่,7,ฝาง,แม่งอน,9,11,5,นายการุณย์ คูเจริญชัยกุล,กล้าธรรม,83
50,เชียงใหม่,7,ฝาง,แม่งอน,9,11,6,นายนิธิกร วุฒินันชัย,เพื่อไทย,8
50,เชียงใหม่,7,ฝาง,แม่งอน,9,11,7,นายไกร ดาบธรรม,พลังประชารัฐ,15
50,เชียงใหม่,7,ฝาง,แม่งอน,9,11,8,นายพิสัณห์ อุปนันท์,เศรษฐกิจ,3
50,เชียงใหม่,7,ฝาง,แม่งอน,9,11,9,นายชาญวิทยายุทธ์ อินทร์แก้ว,ประชากรไทย,0
50,เชียงใหม่,7,ฝาง,แม่งอน,10,12,1,นายอดุลย์ บุญใส,ภูมิใจไทย,4
50,เชียงใหม่,7,ฝาง,แม่งอน,10,12,2,นายสมดุลย์ อุตเจริญ,ประชาชน,47
50,เชียงใหม่,7,ฝาง,แม่งอน,10,12,3,นายเกรียงกมล ศรีมา,ประชาธิปัตย์,1
50,เชียงใหม่,7,ฝาง,แม่งอน,10,12,4,นายสันติ ตันสุหัช,ก้าวอิสระ,3
50,เชียงใหม่,7,ฝาง,แม่งอน,10,12,5,นายการุณย์ คูเจริญชัยกุล,กล้าธรรม,149
50,เชียงใหม่,7,ฝาง,แม่งอน,10,12,6,นายนิธิกร วุฒินันชัย,เพื่อไทย,40
50,เชียงใหม่,7,ฝาง,แม่งอน,10,12,7,นายไกร ดาบธรรม,พลังประชารัฐ,64
50,เชียงใหม่,7,ฝาง,แม่งอน,10,12,8,นายพิสัณห์ อุปนันท์,เศรษฐกิจ,1
50,เชียงใหม่,7,ฝาง,แม่งอน,10,12,9,นายชาญวิทยายุทธ์ อินทร์แก้ว,ประชากรไทย,3
50,เชียงใหม่,7,ฝาง,แม่งอน,11,13,1,นายอดุลย์ บุญใส,ภูมิใจไทย,7
50,เชียงใหม่,7,ฝาง,แม่งอน,11,13,2,นายสมดุลย์ อุตเจริญ,ประชาชน,55
50,เชียงใหม่,7,ฝาง,แม่งอน,11,13,3,นายเกรียงกมล ศรีมา,ประชาธิปัตย์,0
50,เชียงใหม่,7,ฝาง,แม่งอน,11,13,4,นายสันติ ตันสุหัช,ก้าวอิสระ,2
50,เชียงใหม่,7,ฝาง,แม่งอน,11,13,5,นายการุณย์ คูเจริญชัยกุล,กล้าธรรม,195
50,เชียงใหม่,7,ฝาง,แม่งอน,11,13,6,นายนิธิกร วุฒินันชัย,เพื่อไทย,23
50,เชียงใหม่,7,ฝาง,แม่งอน,11,13,7,นายไกร ดาบธรรม,พลังประชารัฐ,30
50,เชียงใหม่,7,ฝาง,แม่งอน,11,13,8,นายพิสัณห์ อุปนันท์,เศรษฐกิจ,0
50,เชียงใหม่,7,ฝาง,แม่งอน,11,13,9,นายชาญวิทยายุทธ์ อินทร์แก้ว,ประชากรไทย,2
50,เชียงใหม่,7,ฝาง,แม่งอน,12,14,1,นายอดุลย์ บุญใส,ภูมิใจไทย,12
50,เชียงใหม่,7,ฝาง,แม่งอน,12,14,2,นายสมดุลย์ อุตเจริญ,ประชาชน,93
50,เชียงใหม่,7,ฝาง,แม่งอน,12,14,3,นายเกรียงกมล ศรีมา,ประชาธิปัตย์,5
50,เชียงใหม่,7,ฝาง,แม่งอน,12,14,4,นายสันติ ตันสุหัช,ก้าวอิสระ,4
50,เชียงใหม่,7,ฝาง,แม่งอน,12,14,5,นายการุณย์ คูเจริญชัยกุล,กล้าธรรม,108
50,เชียงใหม่,7,ฝาง,แม่งอน,12,14,6,นายนิธิกร วุฒินันชัย,เพื่อไทย,32
50,เชียงใหม่,7,ฝาง,แม่งอน,12,14,7,นายไกร ดาบธรรม,พลังประชารัฐ,37
50,เชียงใหม่,7,ฝาง,แม่งอน,12,14,8,นายพิสัณห์ อุปนันท์,เศรษฐกิจ,5
50,เชียงใหม่,7,ฝาง,แม่งอน,12,14,9,นายชาญวิทยายุทธ์ อินทร์แก้ว,ประชากรไทย,6
50,เชียงใหม่,7,ฝาง,แม่งอน,13,15,1,นายอดุลย์ บุญใส,ภูมิใจไทย,5
50,เชียงใหม่,7,ฝาง,แม่งอน,13,15,2,นายสมดุลย์ อุตเจริญ,ประชาชน,43
50,เชียงใหม่,7,ฝาง,แม่งอน,13,15,3,นายเกรียงกมล ศรีมา,ประชาธิปัตย์,3
50,เชียงใหม่,7,ฝาง,แม่งอน,13,15,4,นายสันติ ตันสุหัช,ก้าวอิสระ,4
50,เชียงใหม่,7,ฝาง,แม่งอน,13,15,5,นายการุณย์ คูเจริญชัยกุล,กล้าธรรม,83
50,เชียงใหม่,7,ฝาง,แม่งอน,13,15,6,นายนิธิกร วุฒินันชัย,เพื่อไทย,56
50,เชียงใหม่,7,ฝาง,แม่งอน,13,15,7,นายไกร ดาบธรรม,พลังประชารัฐ,20
50,เชียงใหม่,7,ฝาง,แม่งอน,13,15,8,นายพิสัณห์ อุปนันท์,เศรษฐกิจ,3
50,เชียงใหม่,7,ฝาง,แม่งอน,13,15,9,นายชาญวิทยายุทธ์ อินทร์แก้ว,ประชากรไทย,3
50,เชียงใหม่,7,ฝาง,แม่งอน,14,16,1,นายอดุลย์ บุญใส,ภูมิใจไทย,6
50,เชียงใหม่,7,ฝาง,แม่งอน,14,16,2,นายสมดุลย์ อุตเจริญ,ประชาชน,45
50,เชียงใหม่,7,ฝาง,แม่งอน,14,16,3,นายเกรียงกมล ศรีมา,ประชาธิปัตย์,4
50,เชียงใหม่,7,ฝาง,แม่งอน,14,16,4,นายสันติ ตันสุหัช,ก้าวอิสระ,8
50,เชียงใหม่,7,ฝาง,แม่งอน,14,16,5,นายการุณย์ คูเจริญชัยกุล,กล้าธรรม,91
50,เชียงใหม่,7,ฝาง,แม่งอน,14,16,6,นายนิธิกร วุฒินันชัย,เพื่อไทย,37
50,เชียงใหม่,7,ฝาง,แม่งอน,14,16,7,นายไกร ดาบธรรม,พลังประชารัฐ,51
50,เชียงใหม่,7,ฝาง,แม่งอน,14,16,8,นายพิสัณห์ อุปนันท์,เศรษฐกิจ,1
50,เชียงใหม่,7,ฝาง,แม่งอน,14,16,9,นายชาญวิทยายุทธ์ อินทร์แก้ว,ประชากรไทย,2
50,เชียงใหม่,7,ฝาง,แม่งอน,15,17,1,นายอดุลย์ บุญใส,ภูมิใจไทย,14
50,เชียงใหม่,7,ฝาง,แม่งอน,15,17,2,นายสมดุลย์ อุตเจริญ,ประชาชน,43
50,เชียงใหม่,7,ฝาง,แม่งอน,15,17,3,นายเกรียงกมล ศรีมา,ประชาธิปัตย์,1
50,เชียงใหม่,7,ฝาง,แม่งอน,15,17,4,นายสันติ ตันสุหัช,ก้าวอิสระ,3
50,เชียงใหม่,7,ฝาง,แม่งอน,15,17,5,นายการุณย์ คูเจริญชัยกุล,กล้าธรรม,80
50,เชียงใหม่,7,ฝาง,แม่งอน,15,17,6,นายนิธิกร วุฒินันชัย,เพื่อไทย,52
50,เชียงใหม่,7,ฝาง,แม่งอน,15,17,7,นายไกร ดาบธรรม,พลังประชารัฐ,62
50,เชียงใหม่,7,ฝาง,แม่งอน,15,17,8,นายพิสัณห์ อุปนันท์,เศรษฐกิจ,2
50,เชียงใหม่,7,ฝาง,แม่งอน,15,17,9,นายชาญวิทยายุทธ์ อินทร์แก้ว,ประชากรไทย,3
50,เชียงใหม่,7,ฝาง,แม่สูน,1,1,1,นายอดุลย์ บุญใส,ภูมิใจไทย,23
50,เชียงใหม่,7,ฝาง,แม่สูน,1,1,2,นายสมดุลย์ อุตเจริญ,ประชาชน,100
50,เชียงใหม่,7,ฝาง,แม่สูน,1,1,3,นายเกรียงกมล ศรีมา,ประชาธิปัตย์,0
50,เชียงใหม่,7,ฝาง,แม่สูน,1,1,4,นายสันติ ตันสุหัช,ก้าวอิสระ,11
50,เชียงใหม่,7,ฝาง,แม่สูน,1,1,5,นายการุณย์ คูเจริญชัยกุล,กล้าธรรม,57
50,เชียงใหม่,7,ฝาง,แม่สูน,1,1,6,นายนิธิกร วุฒินันชัย,เพื่อไทย,78
50,เชียงใหม่,7,ฝาง,แม่สูน,1,1,7,นายไกร ดาบธรรม,พลังประชารัฐ,74
50,เชียงใหม่,7,ฝาง,แม่สูน,1,1,8,นายพิสัณห์ อุปนันท์,เศรษฐกิจ,5
50,เชียงใหม่,7,ฝาง,แม่สูน,1,1,9,นายชาญวิทยายุทธ์ อินทร์แก้ว,ประชากรไทย,4
50,เชียงใหม่,7,ฝาง,แม่สูน,1,2,1,นายอดุลย์ บุญใส,ภูมิใจไทย,31
50,เชียงใหม่,7,ฝาง,แม่สูน,1,2,2,นายสมดุลย์ อุตเจริญ,ประชาชน,69
50,เชียงใหม่,7,ฝาง,แม่สูน,1,2,3,นายเกรียงกมล ศรีมา,ประชาธิปัตย์,0
50,เชียงใหม่,7,ฝาง,แม่สูน,1,2,4,นายสันติ ตันสุหัช,ก้าวอิสระ,6
50,เชียงใหม่,7,ฝาง,แม่สูน,1,2,5,นายการุณย์ คูเจริญชัยกุล,กล้าธรรม,112
50,เชียงใหม่,7,ฝาง,แม่สูน,1,2,6,นายนิธิกร วุฒินันชัย,เพื่อไทย,46
50,เชียงใหม่,7,ฝาง,แม่สูน,1,2,7,นายไกร ดาบธรรม,พลังประชารัฐ,45
50,เชียงใหม่,7,ฝาง,แม่สูน,1,2,8,นายพิสัณห์ อุปนันท์,เศรษฐกิจ,4
50,เชียงใหม่,7,ฝาง,แม่สูน,1,2,9,นายชาญวิทยายุทธ์ อินทร์แก้ว,ประชากรไทย,4
50,เชียงใหม่,7,ฝาง,แม่สูน,2,3,1,นายอดุลย์ บุญใส,ภูมิใจไทย,20
50,เชียงใหม่,7,ฝาง,แม่สูน,2,3,2,นายสมดุลย์ อุตเจริญ,ประชาชน,86
50,เชียงใหม่,7,ฝาง,แม่สูน,2,3,3,นายเกรียงกมล ศรีมา,ประชาธิปัตย์,3
50,เชียงใหม่,7,ฝาง,แม่สูน,2,3,4,นายสันติ ตันสุหัช,ก้าวอิสระ,3
50,เชียงใหม่,7,ฝาง,แม่สูน,2,3,5,นายการุณย์ คูเจริญชัยกุล,กล้าธรรม,140
50,เชียงใหม่,7,ฝาง,แม่สูน,2,3,6,นายนิธิกร วุฒินันชัย,เพื่อไทย,45
50,เชียงใหม่,7,ฝาง,แม่สูน,2,3,7,นายไกร ดาบธรรม,พลังประชารัฐ,97
50,เชียงใหม่,7,ฝาง,แม่สูน,2,3,8,นายพิสัณห์ อุปนันท์,เศรษฐกิจ,2
50,เชียงใหม่,7,ฝาง,แม่สูน,2,3,9,นายชาญวิทยายุทธ์ อินทร์แก้ว,ประชากรไทย,10
50,เชียงใหม่,7,ฝาง,แม่สูน,3,4,1,นายอดุลย์ บุญใส,ภูมิใจไทย,32
50,เชียงใหม่,7,ฝาง,แม่สูน,3,4,2,นายสมดุลย์ อุตเจริญ,ประชาชน,90
50,เชียงใหม่,7,ฝาง,แม่สูน,3,4,3,นายเกรียงกมล ศรีมา,ประชาธิปัตย์,4
50,เชียงใหม่,7,ฝาง,แม่สูน,3,4,4,นายสันติ ตันสุหัช,ก้าวอิสระ,6
50,เชียงใหม่,7,ฝาง,แม่สูน,3,4,5,นายการุณย์ คูเจริญชัยกุล,กล้าธรรม,33
50,เชียงใหม่,7,ฝาง,แม่สูน,3,4,6,นายนิธิกร วุฒินันชัย,เพื่อไทย,59
50,เชียงใหม่,7,ฝาง,แม่สูน,3,4,7,นายไกร ดาบธรรม,พลังประชารัฐ,55
50,เชียงใหม่,7,ฝาง,แม่สูน,3,4,8,นายพิสัณห์ อุปนันท์,เศรษฐกิจ,8
50,เชียงใหม่,7,ฝาง,แม่สูน,3,4,9,นายชาญวิทยายุทธ์ อินทร์แก้ว,ประชากรไทย,8
50,เชียงใหม่,7,ฝาง,แม่สูน,3,5,1,นายอดุลย์ บุญใส,ภูมิใจไทย,18
50,เชียงใหม่,7,ฝาง,แม่สูน,3,5,2,นายสมดุลย์ อุตเจริญ,ประชาชน,85
50,เชียงใหม่,7,ฝาง,แม่สูน,3,5,3,นายเกรียงกมล ศรีมา,ประชาธิปัตย์,3
50,เชียงใหม่,7,ฝาง,แม่สูน,3,5,4,นายสันติ ตันสุหัช,ก้าวอิสระ,4
50,เชียงใหม่,7,ฝาง,แม่สูน,3,5,5,นายการุณย์ คูเจริญชัยกุล,กล้าธรรม,37
50,เชียงใหม่,7,ฝาง,แม่สูน,3,5,6,นายนิธิกร วุฒินันชัย,เพื่อไทย,79
50,เชียงใหม่,7,ฝาง,แม่สูน,3,5,7,นายไกร ดาบธรรม,พลังประชารัฐ,50
50,เชียงใหม่,7,ฝาง,แม่สูน,3,5,8,นายพิสัณห์ อุปนันท์,เศรษฐกิจ,11
50,เชียงใหม่,7,ฝาง,แม่สูน,3,5,9,นายชาญวิทยายุทธ์ อินทร์แก้ว,ประชากรไทย,10
50,เชียงใหม่,7,ฝาง,แม่สูน,4,6,1,นายอดุลย์ บุญใส,ภูมิใจไทย,15
50,เชียงใหม่,7,ฝาง,แม่สูน,4,6,2,นายสมดุลย์ อุตเจริญ,ประชาชน,86
50,เชียงใหม่,7,ฝาง,แม่สูน,4,6,3,นายเกรียงกมล ศรีมา,ประชาธิปัตย์,4
50,เชียงใหม่,7,ฝาง,แม่สูน,4,6,4,นายสันติ ตันสุหัช,ก้าวอิสระ,5
50,เชียงใหม่,7,ฝาง,แม่สูน,4,6,5,นายการุณย์ คูเจริญชัยกุล,กล้าธรรม,151
50,เชียงใหม่,7,ฝาง,แม่สูน,4,6,6,นายนิธิกร วุฒินันชัย,เพื่อไทย,99
50,เชียงใหม่,7,ฝาง,แม่สูน,4,6,7,นายไกร ดาบธรรม,พลังประชารัฐ,51
50,เชียงใหม่,7,ฝาง,แม่สูน,4,6,8,นายพิสัณห์ อุปนันท์,เศรษฐกิจ,5
50,เชียงใหม่,7,ฝาง,แม่สูน,4,6,9,นายชาญวิทยายุทธ์ อินทร์แก้ว,ประชากรไทย,2
50,เชียงใหม่,7,ฝาง,แม่สูน,5,7,1,นายอดุลย์ บุญใส,ภูมิใจไทย,16
50,เชียงใหม่,7,ฝาง,แม่สูน,5,7,2,นายสมดุลย์ อุตเจริญ,ประชาชน,97
50,เชียงใหม่,7,ฝาง,แม่สูน,5,7,3,นายเกรียงกมล ศรีมา,ประชาธิปัตย์,2
50,เชียงใหม่,7,ฝาง,แม่สูน,5,7,4,นายสันติ ตันสุหัช,ก้าวอิสระ,7
50,เชียงใหม่,7,ฝาง,แม่สูน,5,7,5,นายการุณย์ คูเจริญชัยกุล,กล้าธรรม,43
50,เชียงใหม่,7,ฝาง,แม่สูน,5,7,6,นายนิธิกร วุฒินันชัย,เพื่อไทย,66
50,เชียงใหม่,7,ฝาง,แม่สูน,5,7,7,นายไกร ดาบธรรม,พลังประชารัฐ,34
50,เชียงใหม่,7,ฝาง,แม่สูน,5,7,8,นายพิสัณห์ อุปนันท์,เศรษฐกิจ,6
50,เชียงใหม่,7,ฝาง,แม่สูน,5,7,9,นายชาญวิทยายุทธ์ อินทร์แก้ว,ประชากรไทย,4
50,เชียงใหม่,7,ฝาง,แม่สูน,6,8,1,นายอดุลย์ บุญใส,ภูมิใจไทย,22
50,เชียงใหม่,7,ฝาง,แม่สูน,6,8,2,นายสมดุลย์ อุตเจริญ,ประชาชน,45
50,เชียงใหม่,7,ฝาง,แม่สูน,6,8,3,นายเกรียงกมล ศรีมา,ประชาธิปัตย์,1
50,เชียงใหม่,7,ฝาง,แม่สูน,6,8,4,นายสันติ ตันสุหัช,ก้าวอิสระ,1
50,เชียงใหม่,7,ฝาง,แม่สูน,6,8,5,นายการุณย์ คูเจริญชัยกุล,กล้าธรรม,73
50,เชียงใหม่,7,ฝาง,แม่สูน,6,8,6,นายนิธิกร วุฒินันชัย,เพื่อไทย,84
50,เชียงใหม่,7,ฝาง,แม่สูน,6,8,7,นายไกร ดาบธรรม,พลังประชารัฐ,53
50,เชียงใหม่,7,ฝาง,แม่สูน,6,8,8,นายพิสัณห์ อุปนันท์,เศรษฐกิจ,7
50,เชียงใหม่,7,ฝาง,แม่สูน,6,8,9,นายชาญวิทยายุทธ์ อินทร์แก้ว,ประชากรไทย,4
50,เชียงใหม่,7,ฝาง,แม่สูน,7,9,1,นายอดุลย์ บุญใส,ภูมิใจไทย,17
50,เชียงใหม่,7,ฝาง,แม่สูน,7,9,2,นายสมดุลย์ อุตเจริญ,ประชาชน,64
50,เชียงใหม่,7,ฝาง,แม่สูน,7,9,3,นายเกรียงกมล ศรีมา,ประชาธิปัตย์,2
50,เชียงใหม่,7,ฝาง,แม่สูน,7,9,4,นายสันติ ตันสุหัช,ก้าวอิสระ,6
50,เชียงใหม่,7,ฝาง,แม่สูน,7,9,5,นายการุณย์ คูเจริญชัยกุล,กล้าธรรม,27
50,เชียงใหม่,7,ฝาง,แม่สูน,7,9,6,นายนิธิกร วุฒินันชัย,เพื่อไทย,100
50,เชียงใหม่,7,ฝาง,แม่สูน,7,9,7,นายไกร ดาบธรรม,พลังประชารัฐ,60
50,เชียงใหม่,7,ฝาง,แม่สูน,7,9,8,นายพิสัณห์ อุปนันท์,เศรษฐกิจ,7
50,เชียงใหม่,7,ฝาง,แม่สูน,7,9,9,นายชาญวิทยายุทธ์ อินทร์แก้ว,ประชากรไทย,3
50,เชียงใหม่,7,ฝาง,แม่สูน,7,10,1,นายอดุลย์ บุญใส,ภูมิใจไทย,21
50,เชียงใหม่,7,ฝาง,แม่สูน,7,10,2,นายสมดุลย์ อุตเจริญ,ประชาชน,69
50,เชียงใหม่,7,ฝาง,แม่สูน,7,10,3,นายเกรียงกมล ศรีมา,ประชาธิปัตย์,4
50,เชียงใหม่,7,ฝาง,แม่สูน,7,10,4,นายสันติ ตันสุหัช,ก้าวอิสระ,2
50,เชียงใหม่,7,ฝาง,แม่สูน,7,10,5,นายการุณย์ คูเจริญชัยกุล,กล้าธรรม,29
50,เชียงใหม่,7,ฝาง,แม่สูน,7,10,6,นายนิธิกร วุฒินันชัย,เพื่อไทย,98
50,เชียงใหม่,7,ฝาง,แม่สูน,7,10,7,นายไกร ดาบธรรม,พลังประชารัฐ,41
50,เชียงใหม่,7,ฝาง,แม่สูน,7,10,8,นายพิสัณห์ อุปนันท์,เศรษฐกิจ,6
50,เชียงใหม่,7,ฝาง,แม่สูน,7,10,9,นายชาญวิทยายุทธ์ อินทร์แก้ว,ประชากรไทย,5
50,เชียงใหม่,7,ฝาง,แม่สูน,8,11,1,นายอดุลย์ บุญใส,ภูมิใจไทย,2
50,เชียงใหม่,7,ฝาง,แม่สูน,8,11,2,นายสมดุลย์ อุตเจริญ,ประชาชน,14
50,เชียงใหม่,7,ฝาง,แม่สูน,8,11,3,นายเกรียงกมล ศรีมา,ประชาธิปัตย์,2
50,เชียงใหม่,7,ฝาง,แม่สูน,8,11,4,นายสันติ ตันสุหัช,ก้าวอิสระ,0
50,เชียงใหม่,7,ฝาง,แม่สูน,8,11,5,นายการุณย์ คูเจริญชัยกุล,กล้าธรรม,18
50,เชียงใหม่,7,ฝาง,แม่สูน,8,11,6,นายนิธิกร วุฒินันชัย,เพื่อไทย,39
50,เชียงใหม่,7,ฝาง,แม่สูน,8,11,7,นายไกร ดาบธรรม,พลังประชารัฐ,14
50,เชียงใหม่,7,ฝาง,แม่สูน,8,11,8,นายพิสัณห์ อุปนันท์,เศรษฐกิจ,0
50,เชียงใหม่,7,ฝาง,แม่สูน,8,11,9,นายชาญวิทยายุทธ์ อินทร์แก้ว,ประชากรไทย,3
50,เชียงใหม่,7,ฝาง,แม่สูน,9,12,1,นายอดุลย์ บุญใส,ภูมิใจไทย,8
50,เชียงใหม่,7,ฝาง,แม่สูน,9,12,2,นายสมดุลย์ อุตเจริญ,ประชาชน,64
50,เชียงใหม่,7,ฝาง,แม่สูน,9,12,3,นายเกรียงกมล ศรีมา,ประชาธิปัตย์,3
50,เชียงใหม่,7,ฝาง,แม่สูน,9,12,4,นายสันติ ตันสุหัช,ก้าวอิสระ,9
50,เชียงใหม่,7,ฝาง,แม่สูน,9,12,5,นายการุณย์ คูเจริญชัยกุล,กล้าธรรม,68
50,เชียงใหม่,7,ฝาง,แม่สูน,9,12,6,นายนิธิกร วุฒินันชัย,เพื่อไทย,65
50,เชียงใหม่,7,ฝาง,แม่สูน,9,12,7,นายไกร ดาบธรรม,พลังประชารัฐ,36
50,เชียงใหม่,7,ฝาง,แม่สูน,9,12,8,นายพิสัณห์ อุปนันท์,เศรษฐกิจ,4
50,เชียงใหม่,7,ฝาง,แม่สูน,9,12,9,นายชาญวิทยายุทธ์ อินทร์แก้ว,ประชากรไทย,2
50,เชียงใหม่,7,ฝาง,แม่สูน,9,13,1,นายอดุลย์ บุญใส,ภูมิใจไทย,24
50,เชียงใหม่,7,ฝาง,แม่สูน,9,13,2,นายสมดุลย์ อุตเจริญ,ประชาชน,58
50,เชียงใหม่,7,ฝาง,แม่สูน,9,13,3,นายเกรียงกมล ศรีมา,ประชาธิปัตย์,0
50,เชียงใหม่,7,ฝาง,แม่สูน,9,13,4,นายสันติ ตันสุหัช,ก้าวอิสระ,6
50,เชียงใหม่,7,ฝาง,แม่สูน,9,13,5,นายการุณย์ คูเจริญชัยกุล,กล้าธรรม,73
50,เชียงใหม่,7,ฝาง,แม่สูน,9,13,6,นายนิธิกร วุฒินันชัย,เพื่อไทย,57
50,เชียงใหม่,7,ฝาง,แม่สูน,9,13,7,นายไกร ดาบธรรม,พลังประชารัฐ,44
50,เชียงใหม่,7,ฝาง,แม่สูน,9,13,8,นายพิสัณห์ อุปนันท์,เศรษฐกิจ,2
50,เชียงใหม่,7,ฝาง,แม่สูน,9,13,9,นายชาญวิทยายุทธ์ อินทร์แก้ว,ประชากรไทย,5
50,เชียงใหม่,7,ฝาง,แม่สูน,10,14,1,นายอดุลย์ บุญใส,ภูมิใจไทย,29
50,เชียงใหม่,7,ฝาง,แม่สูน,10,14,2,นายสมดุลย์ อุตเจริญ,ประชาชน,99
50,เชียงใหม่,7,ฝาง,แม่สูน,10,14,3,นายเกรียงกมล ศรีมา,ประชาธิปัตย์,4
50,เชียงใหม่,7,ฝาง,แม่สูน,10,14,4,นายสันติ ตันสุหัช,ก้าวอิสระ,18
50,เชียงใหม่,7,ฝาง,แม่สูน,10,14,5,นายการุณย์ คูเจริญชัยกุล,กล้าธรรม,105
50,เชียงใหม่,7,ฝาง,แม่สูน,10,14,6,นายนิธิกร วุฒินันชัย,เพื่อไทย,101
50,เชียงใหม่,7,ฝาง,แม่สูน,10,14,7,นายไกร ดาบธรรม,พลังประชารัฐ,136
50,เชียงใหม่,7,ฝาง,แม่สูน,10,14,8,นายพิสัณห์ อุปนันท์,เศรษฐกิจ,3
50,เชียงใหม่,7,ฝาง,แม่สูน,10,14,9,นายชาญวิทยายุทธ์ อินทร์แก้ว,ประชากรไทย,10
50,เชียงใหม่,7,ฝาง,แม่สูน,11,15,1,นายอดุลย์ บุญใส,ภูมิใจไทย,15
50,เชียงใหม่,7,ฝาง,แม่สูน,11,15,2,นายสมดุลย์ อุตเจริญ,ประชาชน,92
50,เชียงใหม่,7,ฝาง,แม่สูน,11,15,3,นายเกรียงกมล ศรีมา,ประชาธิปัตย์,4
50,เชียงใหม่,7,ฝาง,แม่สูน,11,15,4,นายสันติ ตันสุหัช,ก้าวอิสระ,4
50,เชียงใหม่,7,ฝาง,แม่สูน,11,15,5,นายการุณย์ คูเจริญชัยกุล,กล้าธรรม,75
50,เชียงใหม่,7,ฝาง,แม่สูน,11,15,6,นายนิธิกร วุฒินันชัย,เพื่อไทย,109
50,เชียงใหม่,7,ฝาง,แม่สูน,11,15,7,นายไกร ดาบธรรม,พลังประชารัฐ,26
50,เชียงใหม่,7,ฝาง,แม่สูน,11,15,8,นายพิสัณห์ อุปนันท์,เศรษฐกิจ,0
50,เชียงใหม่,7,ฝาง,แม่สูน,11,15,9,นายชาญวิทยายุทธ์ อินทร์แก้ว,ประชากรไทย,15
50,เชียงใหม่,7,ฝาง,แม่สูน,12,16,1,นายอดุลย์ บุญใส,ภูมิใจไทย,13
50,เชียงใหม่,7,ฝาง,แม่สูน,12,16,2,นายสมดุลย์ อุตเจริญ,ประชาชน,70
50,เชียงใหม่,7,ฝาง,แม่สูน,12,16,3,นายเกรียงกมล ศรีมา,ประชาธิปัตย์,2
50,เชียงใหม่,7,ฝาง,แม่สูน,12,16,4,นายสันติ ตันสุหัช,ก้าวอิสระ,10
50,เชียงใหม่,7,ฝาง,แม่สูน,12,16,5,นายการุณย์ คูเจริญชัยกุล,กล้าธรรม,50
50,เชียงใหม่,7,ฝาง,แม่สูน,12,16,6,นายนิธิกร วุฒินันชัย,เพื่อไทย,81
50,เชียงใหม่,7,ฝาง,แม่สูน,12,16,7,นายไกร ดาบธรรม,พลังประชารัฐ,36
50,เชียงใหม่,7,ฝาง,แม่สูน,12,16,8,นายพิสัณห์ อุปนันท์,เศรษฐกิจ,4
50,เชียงใหม่,7,ฝาง,แม่สูน,12,16,9,นายชาญวิทยายุทธ์ อินทร์แก้ว,ประชากรไทย,5
50,เชียงใหม่,7,ฝาง,แม่สูน,13,17,1,นายอดุลย์ บุญใส,ภูมิใจไทย,13
50,เชียงใหม่,7,ฝาง,แม่สูน,13,17,2,นายสมดุลย์ อุตเจริญ,ประชาชน,44
50,เชียงใหม่,7,ฝาง,แม่สูน,13,17,3,นายเกรียงกมล ศรีมา,ประชาธิปัตย์,0
50,เชียงใหม่,7,ฝาง,แม่สูน,13,17,4,นายสันติ ตันสุหัช,ก้าวอิสระ,1
50,เชียงใหม่,7,ฝาง,แม่สูน,13,17,5,นายการุณย์ คูเจริญชัยกุล,กล้าธรรม,61
50,เชียงใหม่,7,ฝาง,แม่สูน,13,17,6,นายนิธิกร วุฒินันชัย,เพื่อไทย,45
50,เชียงใหม่,7,ฝาง,แม่สูน,13,17,7,นายไกร ดาบธรรม,พลังประชารัฐ,47
50,เชียงใหม่,7,ฝาง,แม่สูน,13,17,8,นายพิสัณห์ อุปนันท์,เศรษฐกิจ,2
50,เชียงใหม่,7,ฝาง,แม่สูน,13,17,9,นายชาญวิทยายุทธ์ อินทร์แก้ว,ประชากรไทย,6
50,เชียงใหม่,7,ฝาง,แม่สูน,14,18,1,นายอดุลย์ บุญใส,ภูมิใจไทย,5
50,เชียงใหม่,7,ฝาง,แม่สูน,14,18,2,นายสมดุลย์ อุตเจริญ,ประชาชน,83
50,เชียงใหม่,7,ฝาง,แม่สูน,14,18,3,นายเกรียงกมล ศรีมา,ประชาธิปัตย์,2
50,เชียงใหม่,7,ฝาง,แม่สูน,14,18,4,นายสันติ ตันสุหัช,ก้าวอิสระ,4
50,เชียงใหม่,7,ฝาง,แม่สูน,14,18,5,นายการุณย์ คูเจริญชัยกุล,กล้าธรรม,105
50,เชียงใหม่,7,ฝาง,แม่สูน,14,18,6,นายนิธิกร วุฒินันชัย,เพื่อไทย,49
50,เชียงใหม่,7,ฝาง,แม่สูน,14,18,7,นายไกร ดาบธรรม,พลังประชารัฐ,66
50,เชียงใหม่,7,ฝาง,แม่สูน,14,18,8,นายพิสัณห์ อุปนันท์,เศรษฐกิจ,5
50,เชียงใหม่,7,ฝาง,แม่สูน,14,18,9,นายชาญวิทยายุทธ์ อินทร์แก้ว,ประชากรไทย,5
50,เชียงใหม่,7,ฝาง,แม่สูน,15,19,1,นายอดุลย์ บุญใส,ภูมิใจไทย,25
50,เชียงใหม่,7,ฝาง,แม่สูน,15,19,2,นายสมดุลย์ อุตเจริญ,ประชาชน,45
50,เชียงใหม่,7,ฝาง,แม่สูน,15,19,3,นายเกรียงกมล ศรีมา,ประชาธิปัตย์,2
50,เชียงใหม่,7,ฝาง,แม่สูน,15,19,4,นายสันติ ตันสุหัช,ก้าวอิสระ,1
50,เชียงใหม่,7,ฝาง,แม่สูน,15,19,5,นายการุณย์ คูเจริญชัยกุล,กล้าธรรม,64
50,เชียงใหม่,7,ฝาง,แม่สูน,15,19,6,นายนิธิกร วุฒินันชัย,เพื่อไทย,82
50,เชียงใหม่,7,ฝาง,แม่สูน,15,19,7,นายไกร ดาบธรรม,พลังประชารัฐ,42
50,เชียงใหม่,7,ฝาง,แม่สูน,15,19,8,นายพิสัณห์ อุปนันท์,เศรษฐกิจ,2
50,เชียงใหม่,7,ฝาง,แม่สูน,15,19,9,นายชาญวิทยายุทธ์ อินทร์แก้ว,ประชากรไทย,3
50,เชียงใหม่,7,ฝาง,แม่สูน,16,20,1,นายอดุลย์ บุญใส,ภูมิใจไทย,29
50,เชียงใหม่,7,ฝาง,แม่สูน,16,20,2,นายสมดุลย์ อุตเจริญ,ประชาชน,62
50,เชียงใหม่,7,ฝาง,แม่สูน,16,20,3,นายเกรียงกมล ศรีมา,ประชาธิปัตย์,1
50,เชียงใหม่,7,ฝาง,แม่สูน,16,20,4,นายสันติ ตันสุหัช,ก้าวอิสระ,5
50,เชียงใหม่,7,ฝาง,แม่สูน,16,20,5,นายการุณย์ คูเจริญชัยกุล,กล้าธรรม,73
50,เชียงใหม่,7,ฝาง,แม่สูน,16,20,6,นายนิธิกร วุฒินันชัย,เพื่อไทย,47
50,เชียงใหม่,7,ฝาง,แม่สูน,16,20,7,นายไกร ดาบธรรม,พลังประชารัฐ,21
50,เชียงใหม่,7,ฝาง,แม่สูน,16,20,8,นายพิสัณห์ อุปนันท์,เศรษฐกิจ,5
50,เชียงใหม่,7,ฝาง,แม่สูน,16,20,9,นายชาญวิทยายุทธ์ อินทร์แก้ว,ประชากรไทย,3
50,เชียงใหม่,7,ฝาง,แม่สูน,17,21,1,นายอดุลย์ บุญใส,ภูมิใจไทย,13
50,เชียงใหม่,7,ฝาง,แม่สูน,17,21,2,นายสมดุลย์ อุตเจริญ,ประชาชน,74
50,เชียงใหม่,7,ฝาง,แม่สูน,17,21,3,นายเกรียงกมล ศรีมา,ประชาธิปัตย์,2
50,เชียงใหม่,7,ฝาง,แม่สูน,17,21,4,นายสันติ ตันสุหัช,ก้าวอิสระ,2
50,เชียงใหม่,7,ฝาง,แม่สูน,17,21,5,นายการุณย์ คูเจริญชัยกุล,กล้าธรรม,77
50,เชียงใหม่,7,ฝาง,แม่สูน,17,21,6,นายนิธิกร วุฒินันชัย,เพื่อไทย,78
50,เชียงใหม่,7,ฝาง,แม่สูน,17,21,7,นายไกร ดาบธรรม,พลังประชารัฐ,12
50,เชียงใหม่,7,ฝาง,แม่สูน,17,21,8,นายพิสัณห์ อุปนันท์,เศรษฐกิจ,3
50,เชียงใหม่,7,ฝาง,แม่สูน,17,21,9,นายชาญวิทยายุทธ์ อินทร์แก้ว,ประชากรไทย,2
50,เชียงใหม่,7,ฝาง,เวียง,1,1,1,นายอดุลย์ บุญใส,ภูมิใจไทย,7
50,เชียงใหม่,7,ฝาง,เวียง,1,1,2,นายสมดุลย์ อุตเจริญ,ประชาชน,66
50,เชียงใหม่,7,ฝาง,เวียง,1,1,3,นายเกรียงกมล ศรีมา,ประชาธิปัตย์,2
50,เชียงใหม่,7,ฝาง,เวียง,1,1,4,นายสันติ ตันสุหัช,ก้าวอิสระ,3
50,เชียงใหม่,7,ฝาง,เวียง,1,1,5,นายการุณย์ คูเจริญชัยกุล,กล้าธรรม,166
50,เชียงใหม่,7,ฝาง,เวียง,1,1,6,นายนิธิกร วุฒินันชัย,เพื่อไทย,32
50,เชียงใหม่,7,ฝาง,เวียง,1,1,7,นายไกร ดาบธรรม,พลังประชารัฐ,35
50,เชียงใหม่,7,ฝาง,เวียง,1,1,8,นายพิสัณห์ อุปนันท์,เศรษฐกิจ,3
50,เชียงใหม่,7,ฝาง,เวียง,1,1,9,นายชาญวิทยายุทธ์ อินทร์แก้ว,ประชากรไทย,1
50,เชียงใหม่,7,ฝาง,เวียง,3,2,1,นายอดุลย์ บุญใส,ภูมิใจไทย,3
50,เชียงใหม่,7,ฝาง,เวียง,3,2,2,นายสมดุลย์ อุตเจริญ,ประชาชน,65
50,เชียงใหม่,7,ฝาง,เวียง,3,2,3,นายเกรียงกมล ศรีมา,ประชาธิปัตย์,1
50,เชียงใหม่,7,ฝาง,เวียง,3,2,4,นายสันติ ตันสุหัช,ก้าวอิสระ,1
50,เชียงใหม่,7,ฝาง,เวียง,3,2,5,นายการุณย์ คูเจริญชัยกุล,กล้าธรรม,102
50,เชียงใหม่,7,ฝาง,เวียง,3,2,6,นายนิธิกร วุฒินันชัย,เพื่อไทย,82
50,เชียงใหม่,7,ฝาง,เวียง,3,2,7,นายไกร ดาบธรรม,พลังประชารัฐ,14
50,เชียงใหม่,7,ฝาง,เวียง,3,2,8,นายพิสัณห์ อุปนันท์,เศรษฐกิจ,2
50,เชียงใหม่,7,ฝาง,เวียง,3,2,9,นายชาญวิทยายุทธ์ อินทร์แก้ว,ประชากรไทย,6
50,เชียงใหม่,7,ฝาง,เวียง,4,3,1,นายอดุลย์ บุญใส,ภูมิใจไทย,7
50,เชียงใหม่,7,ฝาง,เวียง,4,3,2,นายสมดุลย์ อุตเจริญ,ประชาชน,99
50,เชียงใหม่,7,ฝาง,เวียง,4,3,3,นายเกรียงกมล ศรีมา,ประชาธิปัตย์,1
50,เชียงใหม่,7,ฝาง,เวียง,4,3,4,นายสันติ ตันสุหัช,ก้าวอิสระ,3
50,เชียงใหม่,7,ฝาง,เวียง,4,3,5,นายการุณย์ คูเจริญชัยกุล,กล้าธรรม,145
50,เชียงใหม่,7,ฝาง,เวียง,4,3,6,นายนิธิกร วุฒินันชัย,เพื่อไทย,58
50,เชียงใหม่,7,ฝาง,เวียง,4,3,7,นายไกร ดาบธรรม,พลังประชารัฐ,32
50,เชียงใหม่,7,ฝาง,เวียง,4,3,8,นายพิสัณห์ อุปนันท์,เศรษฐกิจ,7
50,เชียงใหม่,7,ฝาง,เวียง,4,3,9,นายชาญวิทยายุทธ์ อินทร์แก้ว,ประชากรไทย,10
50,เชียงใหม่,7,ฝาง,เวียง,"2,5",4,1,นายอดุลย์ บุญใส,ภูมิใจไทย,19
50,เชียงใหม่,7,ฝาง,เวียง,"2,5",4,2,นายสมดุลย์ อุตเจริญ,ประชาชน,109
50,เชียงใหม่,7,ฝาง,เวียง,"2,5",4,3,นายเกรียงกมล ศรีมา,ประชาธิปัตย์,2
50,เชียงใหม่,7,ฝาง,เวียง,"2,5",4,4,นายสันติ ตันสุหัช,ก้าวอิสระ,2
50,เชียงใหม่,7,ฝาง,เวียง,"2,5",4,5,นายการุณย์ คูเจริญชัยกุล,กล้าธรรม,109
50,เชียงใหม่,7,ฝาง,เวียง,"2,5",4,6,นายนิธิกร วุฒินันชัย,เพื่อไทย,84
50,เชียงใหม่,7,ฝาง,เวียง,"2,5",4,7,นายไกร ดาบธรรม,พลังประชารัฐ,29
50,เชียงใหม่,7,ฝาง,เวียง,"2,5",4,8,นายพิสัณห์ อุปนันท์,เศรษฐกิจ,22
50,เชียงใหม่,7,ฝาง,เวียง,"2,5",4,9,นายชาญวิทยายุทธ์ อินทร์แก้ว,ประชากรไทย,8
50,เชียงใหม่,7,ฝาง,เวียง,6,5,1,นายอดุลย์ บุญใส,ภูมิใจไทย,24
50,เชียงใหม่,7,ฝาง,เวียง,6,5,2,นายสมดุลย์ อุตเจริญ,ประชาชน,102
50,เชียงใหม่,7,ฝาง,เวียง,6,5,3,นายเกรียงกมล ศรีมา,ประชาธิปัตย์,1
50,เชียงใหม่,7,ฝาง,เวียง,6,5,4,นายสันติ ตันสุหัช,ก้าวอิสระ,1
50,เชียงใหม่,7,ฝาง,เวียง,6,5,5,นายการุณย์ คูเจริญชัยกุล,กล้าธรรม,291
50,เชียงใหม่,7,ฝาง,เวียง,6,5,6,นายนิธิกร วุฒินันชัย,เพื่อไทย,90
50,เชียงใหม่,7,ฝาง,เวียง,6,5,7,นายไกร ดาบธรรม,พลังประชารัฐ,19
50,เชียงใหม่,7,ฝาง,เวียง,6,5,8,นายพิสัณห์ อุปนันท์,เศรษฐกิจ,8
50,เชียงใหม่,7,ฝาง,เวียง,6,5,9,นายชาญวิทยายุทธ์ อินทร์แก้ว,ประชากรไทย,12
50,เชียงใหม่,7,ฝาง,เวียง,7,6,1,นายอดุลย์ บุญใส,ภูมิใจไทย,8
50,เชียงใหม่,7,ฝาง,เวียง,7,6,2,นายสมดุลย์ อุตเจริญ,ประชาชน,100
50,เชียงใหม่,7,ฝาง,เวียง,7,6,3,นายเกรียงกมล ศรีมา,ประชาธิปัตย์,2
50,เชียงใหม่,7,ฝาง,เวียง,7,6,4,นายสันติ ตันสุหัช,ก้าวอิสระ,2
50,เชียงใหม่,7,ฝาง,เวียง,7,6,5,นายการุณย์ คูเจริญชัยกุล,กล้าธรรม,246
50,เชียงใหม่,7,ฝาง,เวียง,7,6,6,นายนิธิกร วุฒินันชัย,เพื่อไทย,47
50,เชียงใหม่,7,ฝาง,เวียง,7,6,7,นายไกร ดาบธรรม,พลังประชารัฐ,60
50,เชียงใหม่,7,ฝาง,เวียง,7,6,8,นายพิสัณห์ อุปนันท์,เศรษฐกิจ,3
50,เชียงใหม่,7,ฝาง,เวียง,7,6,9,นายชาญวิทยายุทธ์ อินทร์แก้ว,ประชากรไทย,2
50,เชียงใหม่,7,ฝาง,เวียง,8,7,1,นายอดุลย์ บุญใส,ภูมิใจไทย,9
50,เชียงใหม่,7,ฝาง,เวียง,8,7,2,นายสมดุลย์ อุตเจริญ,ประชาชน,77
50,เชียงใหม่,7,ฝาง,เวียง,8,7,3,นายเกรียงกมล ศรีมา,ประชาธิปัตย์,2
50,เชียงใหม่,7,ฝาง,เวียง,8,7,4,นายสันติ ตันสุหัช,ก้าวอิสระ,0
50,เชียงใหม่,7,ฝาง,เวียง,8,7,5,นายการุณย์ คูเจริญชัยกุล,กล้าธรรม,325
50,เชียงใหม่,7,ฝาง,เวียง,8,7,6,นายนิธิกร วุฒินันชัย,เพื่อไทย,34
50,เชียงใหม่,7,ฝาง,เวียง,8,7,7,นายไกร ดาบธรรม,พลังประชารัฐ,24
50,เชียงใหม่,7,ฝาง,เวียง,8,7,8,นายพิสัณห์ อุปนันท์,เศรษฐกิจ,1
50,เชียงใหม่,7,ฝาง,เวียง,8,7,9,นายชาญวิทยายุทธ์ อินทร์แก้ว,ประชากรไทย,1
50,เชียงใหม่,7,ฝาง,เวียง,9,8,1,นายอดุลย์ บุญใส,ภูมิใจไทย,3
50,เชียงใหม่,7,ฝาง,เวียง,9,8,2,นายสมดุลย์ อุตเจริญ,ประชาชน,52
50,เชียงใหม่,7,ฝาง,เวียง,9,8,3,นายเกรียงกมล ศรีมา,ประชาธิปัตย์,1
50,เชียงใหม่,7,ฝาง,เวียง,9,8,4,นายสันติ ตันสุหัช,ก้าวอิสระ,0
50,เชียงใหม่,7,ฝาง,เวียง,9,8,5,นายการุณย์ คูเจริญชัยกุล,กล้าธรรม,59
50,เชียงใหม่,7,ฝาง,เวียง,9,8,6,นายนิธิกร วุฒินันชัย,เพื่อไทย,24
50,เชียงใหม่,7,ฝาง,เวียง,9,8,7,นายไกร ดาบธรรม,พลังประชารัฐ,15
50,เชียงใหม่,7,ฝาง,เวียง,9,8,8,นายพิสัณห์ อุปนันท์,เศรษฐกิจ,1
50,เชียงใหม่,7,ฝาง,เวียง,9,8,9,นายชาญวิทยายุทธ์ อินทร์แก้ว,ประชากรไทย,0
50,เชียงใหม่,7,ฝาง,เวียง,10,9,1,นายอดุลย์ บุญใส,ภูมิใจไทย,8
50,เชียงใหม่,7,ฝาง,เวียง,10,9,2,นายสมดุลย์ อุตเจริญ,ประชาชน,29
50,เชียงใหม่,7,ฝาง,เวียง,10,9,3,นายเกรียงกมล ศรีมา,ประชาธิปัตย์,2
50,เชียงใหม่,7,ฝาง,เวียง,10,9,4,นายสันติ ตันสุหัช,ก้าวอิสระ,2
50,เชียงใหม่,7,ฝาง,เวียง,10,9,5,นายการุณย์ คูเจริญชัยกุล,กล้าธรรม,148
50,เชียงใหม่,7,ฝาง,เวียง,10,9,6,นายนิธิกร วุฒินันชัย,เพื่อไทย,20
50,เชียงใหม่,7,ฝาง,เวียง,10,9,7,นายไกร ดาบธรรม,พลังประชารัฐ,16
50,เชียงใหม่,7,ฝาง,เวียง,10,9,8,นายพิสัณห์ อุปนันท์,เศรษฐกิจ,3
50,เชียงใหม่,7,ฝาง,เวียง,10,9,9,นายชาญวิทยายุทธ์ อินทร์แก้ว,ประชากรไทย,3
50,เชียงใหม่,7,ฝาง,เวียง,10,10,1,นายอดุลย์ บุญใส,ภูมิใจไทย,13
50,เชียงใหม่,7,ฝาง,เวียง,10,10,2,นายสมดุลย์ อุตเจริญ,ประชาชน,38
50,เชียงใหม่,7,ฝาง,เวียง,10,10,3,นายเกรียงกมล ศรีมา,ประชาธิปัตย์,2
50,เชียงใหม่,7,ฝาง,เวียง,10,10,4,นายสันติ ตันสุหัช,ก้าวอิสระ,2
50,เชียงใหม่,7,ฝาง,เวียง,10,10,5,นายการุณย์ คูเจริญชัยกุล,กล้าธรรม,119
50,เชียงใหม่,7,ฝาง,เวียง,10,10,6,นายนิธิกร วุฒินันชัย,เพื่อไทย,4
50,เชียงใหม่,7,ฝาง,เวียง,10,10,7,นายไกร ดาบธรรม,พลังประชารัฐ,18
50,เชียงใหม่,7,ฝาง,เวียง,10,10,8,นายพิสัณห์ อุปนันท์,เศรษฐกิจ,0
50,เชียงใหม่,7,ฝาง,เวียง,10,10,9,นายชาญวิทยายุทธ์ อินทร์แก้ว,ประชากรไทย,1
50,เชียงใหม่,7,ฝาง,เวียง,11,11,1,นายอดุลย์ บุญใส,ภูมิใจไทย,18
50,เชียงใหม่,7,ฝาง,เวียง,11,11,2,นายสมดุลย์ อุตเจริญ,ประชาชน,33
50,เชียงใหม่,7,ฝาง,เวียง,11,11,3,นายเกรียงกมล ศรีมา,ประชาธิปัตย์,0
50,เชียงใหม่,7,ฝาง,เวียง,11,11,4,นายสันติ ตันสุหัช,ก้าวอิสระ,3
50,เชียงใหม่,7,ฝาง,เวียง,11,11,5,นายการุณย์ คูเจริญชัยกุล,กล้าธรรม,157
50,เชียงใหม่,7,ฝาง,เวียง,11,11,6,นายนิธิกร วุฒินันชัย,เพื่อไทย,23
50,เชียงใหม่,7,ฝาง,เวียง,11,11,7,นายไกร ดาบธรรม,พลังประชารัฐ,9
50,เชียงใหม่,7,ฝาง,เวียง,11,11,8,นายพิสัณห์ อุปนันท์,เศรษฐกิจ,1
50,เชียงใหม่,7,ฝาง,เวียง,11,11,9,นายชาญวิทยายุทธ์ อินทร์แก้ว,ประชากรไทย,4
50,เชียงใหม่,7,ฝาง,เวียง,12,12,1,นายอดุลย์ บุญใส,ภูมิใจไทย,17
50,เชียงใหม่,7,ฝาง,เวียง,12,12,2,นายสมดุลย์ อุตเจริญ,ประชาชน,40
50,เชียงใหม่,7,ฝาง,เวียง,12,12,3,นายเกรียงกมล ศรีมา,ประชาธิปัตย์,2
50,เชียงใหม่,7,ฝาง,เวียง,12,12,4,นายสันติ ตันสุหัช,ก้าวอิสระ,0
50,เชียงใหม่,7,ฝาง,เวียง,12,12,5,นายการุณย์ คูเจริญชัยกุล,กล้าธรรม,84
50,เชียงใหม่,7,ฝาง,เวียง,12,12,6,นายนิธิกร วุฒินันชัย,เพื่อไทย,88
50,เชียงใหม่,7,ฝาง,เวียง,12,12,7,นายไกร ดาบธรรม,พลังประชารัฐ,52
50,เชียงใหม่,7,ฝาง,เวียง,12,12,8,นายพิสัณห์ อุปนันท์,เศรษฐกิจ,3
50,เชียงใหม่,7,ฝาง,เวียง,12,12,9,นายชาญวิทยายุทธ์ อินทร์แก้ว,ประชากรไทย,0
50,เชียงใหม่,7,ฝาง,เวียง,12,13,1,นายอดุลย์ บุญใส,ภูมิใจไทย,7
50,เชียงใหม่,7,ฝาง,เวียง,12,13,2,นายสมดุลย์ อุตเจริญ,ประชาชน,30
50,เชียงใหม่,7,ฝาง,เวียง,12,13,3,นายเกรียงกมล ศรีมา,ประชาธิปัตย์,4
50,เชียงใหม่,7,ฝาง,เวียง,12,13,4,นายสันติ ตันสุหัช,ก้าวอิสระ,2
50,เชียงใหม่,7,ฝาง,เวียง,12,13,5,นายการุณย์ คูเจริญชัยกุล,กล้าธรรม,109
50,เชียงใหม่,7,ฝาง,เวียง,12,13,6,นายนิธิกร วุฒินันชัย,เพื่อไทย,101
50,เชียงใหม่,7,ฝาง,เวียง,12,13,7,นายไกร ดาบธรรม,พลังประชารัฐ,59
50,เชียงใหม่,7,ฝาง,เวียง,12,13,8,นายพิสัณห์ อุปนันท์,เศรษฐกิจ,5
50,เชียงใหม่,7,ฝาง,เวียง,12,13,9,นายชาญวิทยายุทธ์ อินทร์แก้ว,ประชากรไทย,3
50,เชียงใหม่,7,ฝาง,เวียง,13,14,1,นายอดุลย์ บุญใส,ภูมิใจไทย,4
50,เชียงใหม่,7,ฝาง,เวียง,13,14,2,นายสมดุลย์ อุตเจริญ,ประชาชน,51
50,เชียงใหม่,7,ฝาง,เวียง,13,14,3,นายเกรียงกมล ศรีมา,ประชาธิปัตย์,1
50,เชียงใหม่,7,ฝาง,เวียง,13,14,4,นายสันติ ตันสุหัช,ก้าวอิสระ,2
50,เชียงใหม่,7,ฝาง,เวียง,13,14,5,นายการุณย์ คูเจริญชัยกุล,กล้าธรรม,176
50,เชียงใหม่,7,ฝาง,เวียง,13,14,6,นายนิธิกร วุฒินันชัย,เพื่อไทย,12
50,เชียงใหม่,7,ฝาง,เวียง,13,14,7,นายไกร ดาบธรรม,พลังประชารัฐ,43
50,เชียงใหม่,7,ฝาง,เวียง,13,14,8,นายพิสัณห์ อุปนันท์,เศรษฐกิจ,1
50,เชียงใหม่,7,ฝาง,เวียง,13,14,9,นายชาญวิทยายุทธ์ อินทร์แก้ว,ประชากรไทย,1
50,เชียงใหม่,7,ฝาง,เวียง,13,15,1,นายอดุลย์ บุญใส,ภูมิใจไทย,4
50,เชียงใหม่,7,ฝาง,เวียง,13,15,2,นายสมดุลย์ อุตเจริญ,ประชาชน,36
50,เชียงใหม่,7,ฝาง,เวียง,13,15,3,นายเกรียงกมล ศรีมา,ประชาธิปัตย์,0
50,เชียงใหม่,7,ฝาง,เวียง,13,15,4,นายสันติ ตันสุหัช,ก้าวอิสระ,3
50,เชียงใหม่,7,ฝาง,เวียง,13,15,5,นายการุณย์ คูเจริญชัยกุล,กล้าธรรม,217
50,เชียงใหม่,7,ฝาง,เวียง,13,15,6,นายนิธิกร วุฒินันชัย,เพื่อไทย,13
50,เชียงใหม่,7,ฝาง,เวียง,13,15,7,นายไกร ดาบธรรม,พลังประชารัฐ,42
50,เชียงใหม่,7,ฝาง,เวียง,13,15,8,นายพิสัณห์ อุปนันท์,เศรษฐกิจ,1
50,เชียงใหม่,7,ฝาง,เวียง,13,15,9,นายชาญวิทยายุทธ์ อินทร์แก้ว,ประชากรไทย,0
50,เชียงใหม่,7,ฝาง,เวียง,14,16,1,นายอดุลย์ บุญใส,ภูมิใจไทย,10
50,เชียงใหม่,7,ฝาง,เวียง,14,16,2,นายสมดุลย์ อุตเจริญ,ประชาชน,66
50,เชียงใหม่,7,ฝาง,เวียง,14,16,3,นายเกรียงกมล ศรีมา,ประชาธิปัตย์,1
50,เชียงใหม่,7,ฝาง,เวียง,14,16,4,นายสันติ ตันสุหัช,ก้าวอิสระ,5
50,เชียงใหม่,7,ฝาง,เวียง,14,16,5,นายการุณย์ คูเจริญชัยกุล,กล้าธรรม,172
50,เชียงใหม่,7,ฝาง,เวียง,14,16,6,นายนิธิกร วุฒินันชัย,เพื่อไทย,75
50,เชียงใหม่,7,ฝาง,เวียง,14,16,7,นายไกร ดาบธรรม,พลังประชารัฐ,15
50,เชียงใหม่,7,ฝาง,เวียง,14,16,8,นายพิสัณห์ อุปนันท์,เศรษฐกิจ,8
50,เชียงใหม่,7,ฝาง,เวียง,14,16,9,นายชาญวิทยายุทธ์ อินทร์แก้ว,ประชากรไทย,0
50,เชียงใหม่,7,ฝาง,เวียง,15,17,1,นายอดุลย์ บุญใส,ภูมิใจไทย,20
50,เชียงใหม่,7,ฝาง,เวียง,15,17,2,นายสมดุลย์ อุตเจริญ,ประชาชน,35
50,เชียงใหม่,7,ฝาง,เวียง,15,17,3,นายเกรียงกมล ศรีมา,ประชาธิปัตย์,0
50,เชียงใหม่,7,ฝาง,เวียง,15,17,4,นายสันติ ตันสุหัช,ก้าวอิสระ,3
50,เชียงใหม่,7,ฝาง,เวียง,15,17,5,นายการุณย์ คูเจริญชัยกุล,กล้าธรรม,393
50,เชียงใหม่,7,ฝาง,เวียง,15,17,6,นายนิธิกร วุฒินันชัย,เพื่อไทย,31
50,เชียงใหม่,7,ฝาง,เวียง,15,17,7,นายไกร ดาบธรรม,พลังประชารัฐ,29
50,เชียงใหม่,7,ฝาง,เวียง,15,17,8,นายพิสัณห์ อุปนันท์,เศรษฐกิจ,4
50,เชียงใหม่,7,ฝาง,เวียง,15,17,9,นายชาญวิทยายุทธ์ อินทร์แก้ว,ประชากรไทย,1
50,เชียงใหม่,7,ฝาง,เวียง,16,18,1,นายอดุลย์ บุญใส,ภูมิใจไทย,3
50,เชียงใหม่,7,ฝาง,เวียง,16,18,2,นายสมดุลย์ อุตเจริญ,ประชาชน,22
50,เชียงใหม่,7,ฝาง,เวียง,16,18,3,นายเกรียงกมล ศรีมา,ประชาธิปัตย์,0
50,เชียงใหม่,7,ฝาง,เวียง,16,18,4,นายสันติ ตันสุหัช,ก้าวอิสระ,0
50,เชียงใหม่,7,ฝาง,เวียง,16,18,5,นายการุณย์ คูเจริญชัยกุล,กล้าธรรม,102
50,เชียงใหม่,7,ฝาง,เวียง,16,18,6,นายนิธิกร วุฒินันชัย,เพื่อไทย,19
50,เชียงใหม่,7,ฝาง,เวียง,16,18,7,นายไกร ดาบธรรม,พลังประชารัฐ,11
50,เชียงใหม่,7,ฝาง,เวียง,16,18,8,นายพิสัณห์ อุปนันท์,เศรษฐกิจ,3
50,เชียงใหม่,7,ฝาง,เวียง,16,18,9,นายชาญวิทยายุทธ์ อินทร์แก้ว,ประชากรไทย,1
50,เชียงใหม่,7,ฝาง,เวียง,17,19,1,นายอดุลย์ บุญใส,ภูมิใจไทย,7
50,เชียงใหม่,7,ฝาง,เวียง,17,19,2,นายสมดุลย์ อุตเจริญ,ประชาชน,120
50,เชียงใหม่,7,ฝาง,เวียง,17,19,3,นายเกรียงกมล ศรีมา,ประชาธิปัตย์,5
50,เชียงใหม่,7,ฝาง,เวียง,17,19,4,นายสันติ ตันสุหัช,ก้าวอิสระ,3
50,เชียงใหม่,7,ฝาง,เวียง,17,19,5,นายการุณย์ คูเจริญชัยกุล,กล้าธรรม,192
50,เชียงใหม่,7,ฝาง,เวียง,17,19,6,นายนิธิกร วุฒินันชัย,เพื่อไทย,59
50,เชียงใหม่,7,ฝาง,เวียง,17,19,7,นายไกร ดาบธรรม,พลังประชารัฐ,18
50,เชียงใหม่,7,ฝาง,เวียง,17,19,8,นายพิสัณห์ อุปนันท์,เศรษฐกิจ,6
50,เชียงใหม่,7,ฝาง,เวียง,17,19,9,นายชาญวิทยายุทธ์ อินทร์แก้ว,ประชากรไทย,6
50,เชียงใหม่,7,ฝาง,เวียง,18,20,1,นายอดุลย์ บุญใส,ภูมิใจไทย,10
50,เชียงใหม่,7,ฝาง,เวียง,18,20,2,นายสมดุลย์ อุตเจริญ,ประชาชน,69
50,เชียงใหม่,7,ฝาง,เวียง,18,20,3,นายเกรียงกมล ศรีมา,ประชาธิปัตย์,2
50,เชียงใหม่,7,ฝาง,เวียง,18,20,4,นายสันติ ตันสุหัช,ก้าวอิสระ,3
50,เชียงใหม่,7,ฝาง,เวียง,18,20,5,นายการุณย์ คูเจริญชัยกุล,กล้าธรรม,141
50,เชียงใหม่,7,ฝาง,เวียง,18,20,6,นายนิธิกร วุฒินันชัย,เพื่อไทย,48
50,เชียงใหม่,7,ฝาง,เวียง,18,20,7,นายไกร ดาบธรรม,พลังประชารัฐ,31
50,เชียงใหม่,7,ฝาง,เวียง,18,20,8,นายพิสัณห์ อุปนันท์,เศรษฐกิจ,3
50,เชียงใหม่,7,ฝาง,เวียง,18,20,9,นายชาญวิทยายุทธ์ อินทร์แก้ว,ประชากรไทย,2
50,เชียงใหม่,7,ฝาง,เวียง,19,21,1,นายอดุลย์ บุญใส,ภูมิใจไทย,13
50,เชียงใหม่,7,ฝาง,เวียง,19,21,2,นายสมดุลย์ อุตเจริญ,ประชาชน,51
50,เชียงใหม่,7,ฝาง,เวียง,19,21,3,นายเกรียงกมล ศรีมา,ประชาธิปัตย์,2
50,เชียงใหม่,7,ฝาง,เวียง,19,21,4,นายสันติ ตันสุหัช,ก้าวอิสระ,4
50,เชียงใหม่,7,ฝาง,เวียง,19,21,5,นายการุณย์ คูเจริญชัยกุล,กล้าธรรม,201
50,เชียงใหม่,7,ฝาง,เวียง,19,21,6,นายนิธิกร วุฒินันชัย,เพื่อไทย,30
50,เชียงใหม่,7,ฝาง,เวียง,19,21,7,นายไกร ดาบธรรม,พลังประชารัฐ,24
50,เชียงใหม่,7,ฝาง,เวียง,19,21,8,นายพิสัณห์ อุปนันท์,เศรษฐกิจ,0
50,เชียงใหม่,7,ฝาง,เวียง,19,21,9,นายชาญวิทยายุทธ์ อินทร์แก้ว,ประชากรไทย,1
50,เชียงใหม่,7,ฝาง,เวียง,20,22,1,นายอดุลย์ บุญใส,ภูมิใจไทย,25
50,เชียงใหม่,7,ฝาง,เวียง,20,22,2,นายสมดุลย์ อุตเจริญ,ประชาชน,102
50,เชียงใหม่,7,ฝาง,เวียง,20,22,3,นายเกรียงกมล ศรีมา,ประชาธิปัตย์,0
50,เชียงใหม่,7,ฝาง,เวียง,20,22,4,นายสันติ ตันสุหัช,ก้าวอิสระ,2
50,เชียงใหม่,7,ฝาง,เวียง,20,22,5,นายการุณย์ คูเจริญชัยกุล,กล้าธรรม,120
50,เชียงใหม่,7,ฝาง,เวียง,20,22,6,นายนิธิกร วุฒินันชัย,เพื่อไทย,75
50,เชียงใหม่,7,ฝาง,เวียง,20,22,7,นายไกร ดาบธรรม,พลังประชารัฐ,75
50,เชียงใหม่,7,ฝาง,เวียง,20,22,8,นายพิสัณห์ อุปนันท์,เศรษฐกิจ,9
50,เชียงใหม่,7,ฝาง,เวียง,20,22,9,นายชาญวิทยายุทธ์ อินทร์แก้ว,ประชากรไทย,4
50,เชียงใหม่,7,ฝาง,สันทราย,1,1,1,นายอดุลย์ บุญใส,ภูมิใจไทย,15
50,เชียงใหม่,7,ฝาง,สันทราย,1,1,2,นายสมดุลย์ อุตเจริญ,ประชาชน,75
50,เชียงใหม่,7,ฝาง,สันทราย,1,1,3,นายเกรียงกมล ศรีมา,ประชาธิปัตย์,1
50,เชียงใหม่,7,ฝาง,สันทราย,1,1,4,นายสันติ ตันสุหัช,ก้าวอิสระ,2
50,เชียงใหม่,7,ฝาง,สันทราย,1,1,5,นายการุณย์ คูเจริญชัยกุล,กล้าธรรม,135
50,เชียงใหม่,7,ฝาง,สันทราย,1,1,6,นายนิธิกร วุฒินันชัย,เพื่อไทย,79
50,เชียงใหม่,7,ฝาง,สันทราย,1,1,7,นายไกร ดาบธรรม,พลังประชารัฐ,29
50,เชียงใหม่,7,ฝาง,สันทราย,1,1,8,นายพิสัณห์ อุปนันท์,เศรษฐกิจ,5
50,เชียงใหม่,7,ฝาง,สันทราย,1,1,9,นายชาญวิทยายุทธ์ อินทร์แก้ว,ประชากรไทย,8
50,เชียงใหม่,7,ฝาง,สันทราย,2,2,1,นายอดุลย์ บุญใส,ภูมิใจไทย,9
50,เชียงใหม่,7,ฝาง,สันทราย,2,2,2,นายสมดุลย์ อุตเจริญ,ประชาชน,52
50,เชียงใหม่,7,ฝาง,สันทราย,2,2,3,นายเกรียงกมล ศรีมา,ประชาธิปัตย์,4
50,เชียงใหม่,7,ฝาง,สันทราย,2,2,4,นายสันติ ตันสุหัช,ก้าวอิสระ,4
50,เชียงใหม่,7,ฝาง,สันทราย,2,2,5,นายการุณย์ คูเจริญชัยกุล,กล้าธรรม,93
50,เชียงใหม่,7,ฝาง,สันทราย,2,2,6,นายนิธิกร วุฒินันชัย,เพื่อไทย,38
50,เชียงใหม่,7,ฝาง,สันทราย,2,2,7,นายไกร ดาบธรรม,พลังประชารัฐ,48
50,เชียงใหม่,7,ฝาง,สันทราย,2,2,8,นายพิสัณห์ อุปนันท์,เศรษฐกิจ,4
50,เชียงใหม่,7,ฝาง,สันทราย,2,2,9,นายชาญวิทยายุทธ์ อินทร์แก้ว,ประชากรไทย,2
50,เชียงใหม่,7,ฝาง,สันทราย,3,3,1,นายอดุลย์ บุญใส,ภูมิใจไทย,29
50,เชียงใหม่,7,ฝาง,สันทราย,3,3,2,นายสมดุลย์ อุตเจริญ,ประชาชน,67
50,เชียงใหม่,7,ฝาง,สันทราย,3,3,3,นายเกรียงกมล ศรีมา,ประชาธิปัตย์,4
50,เชียงใหม่,7,ฝาง,สันทราย,3,3,4,นายสันติ ตันสุหัช,ก้าวอิสระ,1
50,เชียงใหม่,7,ฝาง,สันทราย,3,3,5,นายการุณย์ คูเจริญชัยกุล,กล้าธรรม,166
50,เชียงใหม่,7,ฝาง,สันทราย,3,3,6,นายนิธิกร วุฒินันชัย,เพื่อไทย,75
50,เชียงใหม่,7,ฝาง,สันทราย,3,3,7,นายไกร ดาบธรรม,พลังประชารัฐ,48
50,เชียงใหม่,7,ฝาง,สันทราย,3,3,8,นายพิสัณห์ อุปนันท์,เศรษฐกิจ,4
50,เชียงใหม่,7,ฝาง,สันทราย,3,3,9,นายชาญวิทยายุทธ์ อินทร์แก้ว,ประชากรไทย,2
50,เชียงใหม่,7,ฝาง,สันทราย,4,4,1,นายอดุลย์ บุญใส,ภูมิใจไทย,15
50,เชียงใหม่,7,ฝาง,สันทราย,4,4,2,นายสมดุลย์ อุตเจริญ,ประชาชน,85
50,เชียงใหม่,7,ฝาง,สันทราย,4,4,3,นายเกรียงกมล ศรีมา,ประชาธิปัตย์,1
50,เชียงใหม่,7,ฝาง,สันทราย,4,4,4,นายสันติ ตันสุหัช,ก้าวอิสระ,8
50,เชียงใหม่,7,ฝาง,สันทราย,4,4,5,นายการุณย์ คูเจริญชัยกุล,กล้าธรรม,212
50,เชียงใหม่,7,ฝาง,สันทราย,4,4,6,นายนิธิกร วุฒินันชัย,เพื่อไทย,45
50,เชียงใหม่,7,ฝาง,สันทราย,4,4,7,นายไกร ดาบธรรม,พลังประชารัฐ,70
50,เชียงใหม่,7,ฝาง,สันทราย,4,4,8,นายพิสัณห์ อุปนันท์,เศรษฐกิจ,7
50,เชียงใหม่,7,ฝาง,สันทราย,4,4,9,นายชาญวิทยายุทธ์ อินทร์แก้ว,ประชากรไทย,4
50,เชียงใหม่,7,ฝาง,สันทราย,5,5,1,นายอดุลย์ บุญใส,ภูมิใจไทย,10
50,เชียงใหม่,7,ฝาง,สันทราย,5,5,2,นายสมดุลย์ อุตเจริญ,ประชาชน,43
50,เชียงใหม่,7,ฝาง,สันทราย,5,5,3,นายเกรียงกมล ศรีมา,ประชาธิปัตย์,0
50,เชียงใหม่,7,ฝาง,สันทราย,5,5,4,นายสันติ ตันสุหัช,ก้าวอิสระ,2
50,เชียงใหม่,7,ฝาง,สันทราย,5,5,5,นายการุณย์ คูเจริญชัยกุล,กล้าธรรม,148
50,เชียงใหม่,7,ฝาง,สันทราย,5,5,6,นายนิธิกร วุฒินันชัย,เพื่อไทย,56
50,เชียงใหม่,7,ฝาง,สันทราย,5,5,7,นายไกร ดาบธรรม,พลังประชารัฐ,17
50,เชียงใหม่,7,ฝาง,สันทราย,5,5,8,นายพิสัณห์ อุปนันท์,เศรษฐกิจ,1
50,เชียงใหม่,7,ฝาง,สันทราย,5,5,9,นายชาญวิทยายุทธ์ อินทร์แก้ว,ประชากรไทย,7
50,เชียงใหม่,7,ฝาง,สันทราย,5,6,1,นายอดุลย์ บุญใส,ภูมิใจไทย,8
50,เชียงใหม่,7,ฝาง,สันทราย,5,6,2,นายสมดุลย์ อุตเจริญ,ประชาชน,51
50,เชียงใหม่,7,ฝาง,สันทราย,5,6,3,นายเกรียงกมล ศรีมา,ประชาธิปัตย์,4
50,เชียงใหม่,7,ฝาง,สันทราย,5,6,4,นายสันติ ตันสุหัช,ก้าวอิสระ,0
50,เชียงใหม่,7,ฝาง,สันทราย,5,6,5,นายการุณย์ คูเจริญชัยกุล,กล้าธรรม,133
50,เชียงใหม่,7,ฝาง,สันทราย,5,6,6,นายนิธิกร วุฒินันชัย,เพื่อไทย,32
50,เชียงใหม่,7,ฝาง,สันทราย,5,6,7,นายไกร ดาบธรรม,พลังประชารัฐ,24
50,เชียงใหม่,7,ฝาง,สันทราย,5,6,8,นายพิสัณห์ อุปนันท์,เศรษฐกิจ,8
50,เชียงใหม่,7,ฝาง,สันทราย,5,6,9,นายชาญวิทยายุทธ์ อินทร์แก้ว,ประชากรไทย,2
50,เชียงใหม่,7,ฝาง,สันทราย,6,7,1,นายอดุลย์ บุญใส,ภูมิใจไทย,24
50,เชียงใหม่,7,ฝาง,สันทราย,6,7,2,นายสมดุลย์ อุตเจริญ,ประชาชน,40
50,เชียงใหม่,7,ฝาง,สันทราย,6,7,3,นายเกรียงกมล ศรีมา,ประชาธิปัตย์,1
50,เชียงใหม่,7,ฝาง,สันทราย,6,7,4,นายสันติ ตันสุหัช,ก้าวอิสระ,0
50,เชียงใหม่,7,ฝาง,สันทราย,6,7,5,นายการุณย์ คูเจริญชัยกุล,กล้าธรรม,98
50,เชียงใหม่,7,ฝาง,สันทราย,6,7,6,นายนิธิกร วุฒินันชัย,เพื่อไทย,32
50,เชียงใหม่,7,ฝาง,สันทราย,6,7,7,นายไกร ดาบธรรม,พลังประชารัฐ,28
50,เชียงใหม่,7,ฝาง,สันทราย,6,7,8,นายพิสัณห์ อุปนันท์,เศรษฐกิจ,7
50,เชียงใหม่,7,ฝาง,สันทราย,6,7,9,นายชาญวิทยายุทธ์ อินทร์แก้ว,ประชากรไทย,3
50,เชียงใหม่,7,ฝาง,สันทราย,7,8,1,นายอดุลย์ บุญใส,ภูมิใจไทย,66
50,เชียงใหม่,7,ฝาง,สันทราย,7,8,2,นายสมดุลย์ อุตเจริญ,ประชาชน,106
50,เชียงใหม่,7,ฝาง,สันทราย,7,8,3,นายเกรียงกมล ศรีมา,ประชาธิปัตย์,6
50,เชียงใหม่,7,ฝาง,สันทราย,7,8,4,นายสันติ ตันสุหัช,ก้าวอิสระ,6
50,เชียงใหม่,7,ฝาง,สันทราย,7,8,5,นายการุณย์ คูเจริญชัยกุล,กล้าธรรม,129
50,เชียงใหม่,7,ฝาง,สันทราย,7,8,6,นายนิธิกร วุฒินันชัย,เพื่อไทย,131
50,เชียงใหม่,7,ฝาง,สันทราย,7,8,7,นายไกร ดาบธรรม,พลังประชารัฐ,45
50,เชียงใหม่,7,ฝาง,สันทราย,7,8,8,นายพิสัณห์ อุปนันท์,เศรษฐกิจ,6
50,เชียงใหม่,7,ฝาง,สันทราย,7,8,9,นายชาญวิทยายุทธ์ อินทร์แก้ว,ประชากรไทย,12
50,เชียงใหม่,7,ฝาง,สันทราย,8,9,1,นายอดุลย์ บุญใส,ภูมิใจไทย,34
50,เชียงใหม่,7,ฝาง,สันทราย,8,9,2,นายสมดุลย์ อุตเจริญ,ประชาชน,72
50,เชียงใหม่,7,ฝาง,สันทราย,8,9,3,นายเกรียงกมล ศรีมา,ประชาธิปัตย์,2
50,เชียงใหม่,7,ฝาง,สันทราย,8,9,4,นายสันติ ตันสุหัช,ก้าวอิสระ,1
50,เชียงใหม่,7,ฝาง,สันทราย,8,9,5,นายการุณย์ คูเจริญชัยกุล,กล้าธรรม,264
50,เชียงใหม่,7,ฝาง,สันทราย,8,9,6,นายนิธิกร วุฒินันชัย,เพื่อไทย,44
50,เชียงใหม่,7,ฝาง,สันทราย,8,9,7,นายไกร ดาบธรรม,พลังประชารัฐ,35
50,เชียงใหม่,7,ฝาง,สันทราย,8,9,8,นายพิสัณห์ อุปนันท์,เศรษฐกิจ,5
50,เชียงใหม่,7,ฝาง,สันทราย,8,9,9,นายชาญวิทยายุทธ์ อินทร์แก้ว,ประชากรไทย,5
50,เชียงใหม่,7,ฝาง,สันทราย,9,10,1,นายอดุลย์ บุญใส,ภูมิใจไทย,24
50,เชียงใหม่,7,ฝาง,สันทราย,9,10,2,นายสมดุลย์ อุตเจริญ,ประชาชน,56
50,เชียงใหม่,7,ฝาง,สันทราย,9,10,3,นายเกรียงกมล ศรีมา,ประชาธิปัตย์,1
50,เชียงใหม่,7,ฝาง,สันทราย,9,10,4,นายสันติ ตันสุหัช,ก้าวอิสระ,4
50,เชียงใหม่,7,ฝาง,สันทราย,9,10,5,นายการุณย์ คูเจริญชัยกุล,กล้าธรรม,91
50,เชียงใหม่,7,ฝาง,สันทราย,9,10,6,นายนิธิกร วุฒินันชัย,เพื่อไทย,69
50,เชียงใหม่,7,ฝาง,สันทราย,9,10,7,นายไกร ดาบธรรม,พลังประชารัฐ,21
50,เชียงใหม่,7,ฝาง,สันทราย,9,10,8,นายพิสัณห์ อุปนันท์,เศรษฐกิจ,1
50,เชียงใหม่,7,ฝาง,สันทราย,9,10,9,นายชาญวิทยายุทธ์ อินทร์แก้ว,ประชากรไทย,7
50,เชียงใหม่,7,ฝาง,สันทราย,10,11,1,นายอดุลย์ บุญใส,ภูมิใจไทย,20
50,เชียงใหม่,7,ฝาง,สันทราย,10,11,2,นายสมดุลย์ อุตเจริญ,ประชาชน,48
50,เชียงใหม่,7,ฝาง,สันทราย,10,11,3,นายเกรียงกมล ศรีมา,ประชาธิปัตย์,4
50,เชียงใหม่,7,ฝาง,สันทราย,10,11,4,นายสันติ ตันสุหัช,ก้าวอิสระ,2
50,เชียงใหม่,7,ฝาง,สันทราย,10,11,5,นายการุณย์ คูเจริญชัยกุล,กล้าธรรม,91
50,เชียงใหม่,7,ฝาง,สันทราย,10,11,6,นายนิธิกร วุฒินันชัย,เพื่อไทย,55
50,เชียงใหม่,7,ฝาง,สันทราย,10,11,7,นายไกร ดาบธรรม,พลังประชารัฐ,51
50,เชียงใหม่,7,ฝาง,สันทราย,10,11,8,นายพิสัณห์ อุปนันท์,เศรษฐกิจ,6
50,เชียงใหม่,7,ฝาง,สันทราย,10,11,9,นายชาญวิทยายุทธ์ อินทร์แก้ว,ประชากรไทย,2
50,เชียงใหม่,7,ฝาง,สันทราย,11,12,1,นายอดุลย์ บุญใส,ภูมิใจไทย,34
50,เชียงใหม่,7,ฝาง,สันทราย,11,12,2,นายสมดุลย์ อุตเจริญ,ประชาชน,71
50,เชียงใหม่,7,ฝาง,สันทราย,11,12,3,นายเกรียงกมล ศรีมา,ประชาธิปัตย์,1
50,เชียงใหม่,7,ฝาง,สันทราย,11,12,4,นายสันติ ตันสุหัช,ก้าวอิสระ,2
50,เชียงใหม่,7,ฝาง,สันทราย,11,12,5,นายการุณย์ คูเจริญชัยกุล,กล้าธรรม,225
50,เชียงใหม่,7,ฝาง,สันทราย,11,12,6,นายนิธิกร วุฒินันชัย,เพื่อไทย,69
50,เชียงใหม่,7,ฝาง,สันทราย,11,12,7,นายไกร ดาบธรรม,พลังประชารัฐ,16
50,เชียงใหม่,7,ฝาง,สันทราย,11,12,8,นายพิสัณห์ อุปนันท์,เศรษฐกิจ,2
50,เชียงใหม่,7,ฝาง,สันทราย,11,12,9,นายชาญวิทยายุทธ์ อินทร์แก้ว,ประชากรไทย,6
50,เชียงใหม่,7,ฝาง,สันทราย,12,13,1,นายอดุลย์ บุญใส,ภูมิใจไทย,2
50,เชียงใหม่,7,ฝาง,สันทราย,12,13,2,นายสมดุลย์ อุตเจริญ,ประชาชน,18
50,เชียงใหม่,7,ฝาง,สันทราย,12,13,3,นายเกรียงกมล ศรีมา,ประชาธิปัตย์,0
50,เชียงใหม่,7,ฝาง,สันทราย,12,13,4,นายสันติ ตันสุหัช,ก้าวอิสระ,1
50,เชียงใหม่,7,ฝาง,สันทราย,12,13,5,นายการุณย์ คูเจริญชัยกุล,กล้าธรรม,68
50,เชียงใหม่,7,ฝาง,สันทราย,12,13,6,นายนิธิกร วุฒินันชัย,เพื่อไทย,30
50,เชียงใหม่,7,ฝาง,สันทราย,12,13,7,นายไกร ดาบธรรม,พลังประชารัฐ,23
50,เชียงใหม่,7,ฝาง,สันทราย,12,13,8,นายพิสัณห์ อุปนันท์,เศรษฐกิจ,1
50,เชียงใหม่,7,ฝาง,สันทราย,12,13,9,นายชาญวิทยายุทธ์ อินทร์แก้ว,ประชากรไทย,3
50,เชียงใหม่,7,ฝาง,สันทราย,13,14,1,นายอดุลย์ บุญใส,ภูมิใจไทย,29
50,เชียงใหม่,7,ฝาง,สันทราย,13,14,2,นายสมดุลย์ อุตเจริญ,ประชาชน,71
50,เชียงใหม่,7,ฝาง,สันทราย,13,14,3,นายเกรียงกมล ศรีมา,ประชาธิปัตย์,2
50,เชียงใหม่,7,ฝาง,สันทราย,13,14,4,นายสันติ ตันสุหัช,ก้าวอิสระ,3
50,เชียงใหม่,7,ฝาง,สันทราย,13,14,5,นายการุณย์ คูเจริญชัยกุล,กล้าธรรม,127
50,เชียงใหม่,7,ฝาง,สันทราย,13,14,6,นายนิธิกร วุฒินันชัย,เพื่อไทย,89
50,เชียงใหม่,7,ฝาง,สันทราย,13,14,7,นายไกร ดาบธรรม,พลังประชารัฐ,55
50,เชียงใหม่,7,ฝาง,สันทราย,13,14,8,นายพิสัณห์ อุปนันท์,เศรษฐกิจ,4
50,เชียงใหม่,7,ฝาง,สันทราย,13,14,9,นายชาญวิทยายุทธ์ อินทร์แก้ว,ประชากรไทย,9
50,เชียงใหม่,7,ฝาง,สันทราย,14,15,1,นายอดุลย์ บุญใส,ภูมิใจไทย,18
50,เชียงใหม่,7,ฝาง,สันทราย,14,15,2,นายสมดุลย์ อุตเจริญ,ประชาชน,41
50,เชียงใหม่,7,ฝาง,สันทราย,14,15,3,นายเกรียงกมล ศรีมา,ประชาธิปัตย์,1
50,เชียงใหม่,7,ฝาง,สันทราย,14,15,4,นายสันติ ตันสุหัช,ก้าวอิสระ,1
50,เชียงใหม่,7,ฝาง,สันทราย,14,15,5,นายการุณย์ คูเจริญชัยกุล,กล้าธรรม,157
50,เชียงใหม่,7,ฝาง,สันทราย,14,15,6,นายนิธิกร วุฒินันชัย,เพื่อไทย,27
50,เชียงใหม่,7,ฝาง,สันทราย,14,15,7,นายไกร ดาบธรรม,พลังประชารัฐ,21
50,เชียงใหม่,7,ฝาง,สันทราย,14,15,8,นายพิสัณห์ อุปนันท์,เศรษฐกิจ,2
50,เชียงใหม่,7,ฝาง,สันทราย,14,15,9,นายชาญวิทยายุทธ์ อินทร์แก้ว,ประชากรไทย,3
50,เชียงใหม่,7,ฝาง,สันทราย,15,16,1,นายอดุลย์ บุญใส,ภูมิใจไทย,78
50,เชียงใหม่,7,ฝาง,สันทราย,15,16,2,นายสมดุลย์ อุตเจริญ,ประชาชน,67
50,เชียงใหม่,7,ฝาง,สันทราย,15,16,3,นายเกรียงกมล ศรีมา,ประชาธิปัตย์,1
50,เชียงใหม่,7,ฝาง,สันทราย,15,16,4,นายสันติ ตันสุหัช,ก้าวอิสระ,8
50,เชียงใหม่,7,ฝาง,สันทราย,15,16,5,นายการุณย์ คูเจริญชัยกุล,กล้าธรรม,64
50,เชียงใหม่,7,ฝาง,สันทราย,15,16,6,นายนิธิกร วุฒินันชัย,เพื่อไทย,59
50,เชียงใหม่,7,ฝาง,สันทราย,15,16,7,นายไกร ดาบธรรม,พลังประชารัฐ,26
50,เชียงใหม่,7,ฝาง,สันทราย,15,16,8,นายพิสัณห์ อุปนันท์,เศรษฐกิจ,3
50,เชียงใหม่,7,ฝาง,สันทราย,15,16,9,นายชาญวิทยายุทธ์ อินทร์แก้ว,ประชากรไทย,5
50,เชียงใหม่,7,ฝาง,สันทราย,16,17,1,นายอดุลย์ บุญใส,ภูมิใจไทย,27
50,เชียงใหม่,7,ฝาง,สันทราย,16,17,2,นายสมดุลย์ อุตเจริญ,ประชาชน,62
50,เชียงใหม่,7,ฝาง,สันทราย,16,17,3,นายเกรียงกมล ศรีมา,ประชาธิปัตย์,0
50,เชียงใหม่,7,ฝาง,สันทราย,16,17,4,นายสันติ ตันสุหัช,ก้าวอิสระ,6
50,เชียงใหม่,7,ฝาง,สันทราย,16,17,5,นายการุณย์ คูเจริญชัยกุล,กล้าธรรม,188
50,เชียงใหม่,7,ฝาง,สันทราย,16,17,6,นายนิธิกร วุฒินันชัย,เพื่อไทย,68
50,เชียงใหม่,7,ฝาง,สันทราย,16,17,7,นายไกร ดาบธรรม,พลังประชารัฐ,56
50,เชียงใหม่,7,ฝาง,สันทราย,16,17,8,นายพิสัณห์ อุปนันท์,เศรษฐกิจ,2
50,เชียงใหม่,7,ฝาง,สันทราย,16,17,9,นายชาญวิทยายุทธ์ อินทร์แก้ว,ประชากรไทย,4
50,เชียงใหม่,7,ฝาง,สันทราย,17,18,1,นายอดุลย์ บุญใส,ภูมิใจไทย,27
50,เชียงใหม่,7,ฝาง,สันทราย,17,18,2,นายสมดุลย์ อุตเจริญ,ประชาชน,47
50,เชียงใหม่,7,ฝาง,สันทราย,17,18,3,นายเกรียงกมล ศรีมา,ประชาธิปัตย์,4
50,เชียงใหม่,7,ฝาง,สันทราย,17,18,4,นายสันติ ตันสุหัช,ก้าวอิสระ,7
50,เชียงใหม่,7,ฝาง,สันทราย,17,18,5,นายการุณย์ คูเจริญชัยกุล,กล้าธรรม,79
50,เชียงใหม่,7,ฝาง,สันทราย,17,18,6,นายนิธิกร วุฒินันชัย,เพื่อไทย,54
50,เชียงใหม่,7,ฝาง,สันทราย,17,18,7,นายไกร ดาบธรรม,พลังประชารัฐ,17
50,เชียงใหม่,7,ฝาง,สันทราย,17,18,8,นายพิสัณห์ อุปนันท์,เศรษฐกิจ,7
50,เชียงใหม่,7,ฝาง,สันทราย,17,18,9,นายชาญวิทยายุทธ์ อินทร์แก้ว,ประชากรไทย,4
50,เชียงใหม่,7,ฝาง,บ้านแม่ข่า,1,1,1,นายอดุลย์ บุญใส,ภูมิใจไทย,12
50,เชียงใหม่,7,ฝาง,บ้านแม่ข่า,1,1,2,นายสมดุลย์ อุตเจริญ,ประชาชน,84
50,เชียงใหม่,7,ฝาง,บ้านแม่ข่า,1,1,3,นายเกรียงกมล ศรีมา,ประชาธิปัตย์,4
50,เชียงใหม่,7,ฝาง,บ้านแม่ข่า,1,1,4,นายสันติ ตันสุหัช,ก้าวอิสระ,6
50,เชียงใหม่,7,ฝาง,บ้านแม่ข่า,1,1,5,นายการุณย์ คูเจริญชัยกุล,กล้าธรรม,117
50,เชียงใหม่,7,ฝาง,บ้านแม่ข่า,1,1,6,นายนิธิกร วุฒินันชัย,เพื่อไทย,83
50,เชียงใหม่,7,ฝาง,บ้านแม่ข่า,1,1,7,นายไกร ดาบธรรม,พลังประชารัฐ,18
50,เชียงใหม่,7,ฝาง,บ้านแม่ข่า,1,1,8,นายพิสัณห์ อุปนันท์,เศรษฐกิจ,1
50,เชียงใหม่,7,ฝาง,บ้านแม่ข่า,1,1,9,นายชาญวิทยายุทธ์ อินทร์แก้ว,ประชากรไทย,8
50,เชียงใหม่,7,ฝาง,บ้านแม่ข่า,5,2,1,นายอดุลย์ บุญใส,ภูมิใจไทย,12
50,เชียงใหม่,7,ฝาง,บ้านแม่ข่า,5,2,2,นายสมดุลย์ อุตเจริญ,ประชาชน,78
50,เชียงใหม่,7,ฝาง,บ้านแม่ข่า,5,2,3,นายเกรียงกมล ศรีมา,ประชาธิปัตย์,10
50,เชียงใหม่,7,ฝาง,บ้านแม่ข่า,5,2,4,นายสันติ ตันสุหัช,ก้าวอิสระ,21
50,เชียงใหม่,7,ฝาง,บ้านแม่ข่า,5,2,5,นายการุณย์ คูเจริญชัยกุล,กล้าธรรม,190
50,เชียงใหม่,7,ฝาง,บ้านแม่ข่า,5,2,6,นายนิธิกร วุฒินันชัย,เพื่อไทย,25
50,เชียงใหม่,7,ฝาง,บ้านแม่ข่า,5,2,7,นายไกร ดาบธรรม,พลังประชารัฐ,26
50,เชียงใหม่,7,ฝาง,บ้านแม่ข่า,5,2,8,นายพิสัณห์ อุปนันท์,เศรษฐกิจ,4
50,เชียงใหม่,7,ฝาง,บ้านแม่ข่า,5,2,9,นายชาญวิทยายุทธ์ อินทร์แก้ว,ประชากรไทย,4
50,เชียงใหม่,7,ฝาง,บ้านแม่ข่า,5,3,1,นายอดุลย์ บุญใส,ภูมิใจไทย,15
50,เชียงใหม่,7,ฝาง,บ้านแม่ข่า,5,3,2,นายสมดุลย์ อุตเจริญ,ประชาชน,73
50,เชียงใหม่,7,ฝาง,บ้านแม่ข่า,5,3,3,นายเกรียงกมล ศรีมา,ประชาธิปัตย์,7
50,เชียงใหม่,7,ฝาง,บ้านแม่ข่า,5,3,4,นายสันติ ตันสุหัช,ก้าวอิสระ,19
50,เชียงใหม่,7,ฝาง,บ้านแม่ข่า,5,3,5,นายการุณย์ คูเจริญชัยกุล,กล้าธรรม,165
50,เชียงใหม่,7,ฝาง,บ้านแม่ข่า,5,3,6,นายนิธิกร วุฒินันชัย,เพื่อไทย,35
50,เชียงใหม่,7,ฝาง,บ้านแม่ข่า,5,3,7,นายไกร ดาบธรรม,พลังประชารัฐ,42
50,เชียงใหม่,7,ฝาง,บ้านแม่ข่า,5,3,8,นายพิสัณห์ อุปนันท์,เศรษฐกิจ,3
50,เชียงใหม่,7,ฝาง,บ้านแม่ข่า,5,3,9,นายชาญวิทยายุทธ์ อินทร์แก้ว,ประชากรไทย,3
50,เชียงใหม่,7,ฝาง,เวียงฝาง,2,1,1,นายอดุลย์ บุญใส,ภูมิใจไทย,11
50,เชียงใหม่,7,ฝาง,เวียงฝาง,2,1,2,นายสมดุลย์ อุตเจริญ,ประชาชน,87
50,เชียงใหม่,7,ฝาง,เวียงฝาง,2,1,3,นายเกรียงกมล ศรีมา,ประชาธิปัตย์,1
50,เชียงใหม่,7,ฝาง,เวียงฝาง,2,1,4,นายสันติ ตันสุหัช,ก้าวอิสระ,9
50,เชียงใหม่,7,ฝาง,เวียงฝาง,2,1,5,นายการุณย์ คูเจริญชัยกุล,กล้าธรรม,112
50,เชียงใหม่,7,ฝาง,เวียงฝาง,2,1,6,นายนิธิกร วุฒินันชัย,เพื่อไทย,126
50,เชียงใหม่,7,ฝาง,เวียงฝาง,2,1,7,นายไกร ดาบธรรม,พลังประชารัฐ,43
50,เชียงใหม่,7,ฝาง,เวียงฝาง,2,1,8,นายพิสัณห์ อุปนันท์,เศรษฐกิจ,1
50,เชียงใหม่,7,ฝาง,เวียงฝาง,2,1,9,นายชาญวิทยายุทธ์ อินทร์แก้ว,ประชากรไทย,11
50,เชียงใหม่,7,ฝาง,เวียงฝาง,2,2,1,นายอดุลย์ บุญใส,ภูมิใจไทย,17
50,เชียงใหม่,7,ฝาง,เวียงฝาง,2,2,2,นายสมดุลย์ อุตเจริญ,ประชาชน,70
50,เชียงใหม่,7,ฝาง,เวียงฝาง,2,2,3,นายเกรียงกมล ศรีมา,ประชาธิปัตย์,2
50,เชียงใหม่,7,ฝาง,เวียงฝาง,2,2,4,นายสันติ ตันสุหัช,ก้าวอิสระ,12
50,เชียงใหม่,7,ฝาง,เวียงฝาง,2,2,5,นายการุณย์ คูเจริญชัยกุล,กล้าธรรม,157
50,เชียงใหม่,7,ฝาง,เวียงฝาง,2,2,6,นายนิธิกร วุฒินันชัย,เพื่อไทย,107
50,เชียงใหม่,7,ฝาง,เวียงฝาง,2,2,7,นายไกร ดาบธรรม,พลังประชารัฐ,48
50,เชียงใหม่,7,ฝาง,เวียงฝาง,2,2,8,นายพิสัณห์ อุปนันท์,เศรษฐกิจ,5
50,เชียงใหม่,7,ฝาง,เวียงฝาง,2,2,9,นายชาญวิทยายุทธ์ อินทร์แก้ว,ประชากรไทย,8
50,เชียงใหม่,7,ฝาง,เวียงฝาง,3,3,1,นายอดุลย์ บุญใส,ภูมิใจไทย,4
50,เชียงใหม่,7,ฝาง,เวียงฝาง,3,3,2,นายสมดุลย์ อุตเจริญ,ประชาชน,54
50,เชียงใหม่,7,ฝาง,เวียงฝาง,3,3,3,นายเกรียงกมล ศรีมา,ประชาธิปัตย์,3
50,เชียงใหม่,7,ฝาง,เวียงฝาง,3,3,4,นายสันติ ตันสุหัช,ก้าวอิสระ,0
50,เชียงใหม่,7,ฝาง,เวียงฝาง,3,3,5,นายการุณย์ คูเจริญชัยกุล,กล้าธรรม,127
50,เชียงใหม่,7,ฝาง,เวียงฝาง,3,3,6,นายนิธิกร วุฒินันชัย,เพื่อไทย,55
50,เชียงใหม่,7,ฝาง,เวียงฝาง,3,3,7,นายไกร ดาบธรรม,พลังประชารัฐ,19
50,เชียงใหม่,7,ฝาง,เวียงฝาง,3,3,8,นายพิสัณห์ อุปนันท์,เศรษฐกิจ,3
50,เชียงใหม่,7,ฝาง,เวียงฝาง,3,3,9,นายชาญวิทยายุทธ์ อินทร์แก้ว,ประชากรไทย,4
50,เชียงใหม่,7,ฝาง,เวียงฝาง,3,4,1,นายอดุลย์ บุญใส,ภูมิใจไทย,7
50,เชียงใหม่,7,ฝาง,เวียงฝาง,3,4,2,นายสมดุลย์ อุตเจริญ,ประชาชน,56
50,เชียงใหม่,7,ฝาง,เวียงฝาง,3,4,3,นายเกรียงกมล ศรีมา,ประชาธิปัตย์,1
50,เชียงใหม่,7,ฝาง,เวียงฝาง,3,4,4,นายสันติ ตันสุหัช,ก้าวอิสระ,0
50,เชียงใหม่,7,ฝาง,เวียงฝาง,3,4,5,นายการุณย์ คูเจริญชัยกุล,กล้าธรรม,95
50,เชียงใหม่,7,ฝาง,เวียงฝาง,3,4,6,นายนิธิกร วุฒินันชัย,เพื่อไทย,62
50,เชียงใหม่,7,ฝาง,เวียงฝาง,3,4,7,นายไกร ดาบธรรม,พลังประชารัฐ,23
50,เชียงใหม่,7,ฝาง,เวียงฝาง,3,4,8,นายพิสัณห์ อุปนันท์,เศรษฐกิจ,4
50,เชียงใหม่,7,ฝาง,เวียงฝาง,3,4,9,นายชาญวิทยายุทธ์ อินทร์แก้ว,ประชากรไทย,2
50,เชียงใหม่,7,ฝาง,เวียงฝาง,4,5,1,นายอดุลย์ บุญใส,ภูมิใจไทย,9
50,เชียงใหม่,7,ฝาง,เวียงฝาง,4,5,2,นายสมดุลย์ อุตเจริญ,ประชาชน,74
50,เชียงใหม่,7,ฝาง,เวียงฝาง,4,5,3,นายเกรียงกมล ศรีมา,ประชาธิปัตย์,1
50,เชียงใหม่,7,ฝาง,เวียงฝาง,4,5,4,นายสันติ ตันสุหัช,ก้าวอิสระ,2
50,เชียงใหม่,7,ฝาง,เวียงฝาง,4,5,5,นายการุณย์ คูเจริญชัยกุล,กล้าธรรม,82
50,เชียงใหม่,7,ฝาง,เวียงฝาง,4,5,6,นายนิธิกร วุฒินันชัย,เพื่อไทย,53
50,เชียงใหม่,7,ฝาง,เวียงฝาง,4,5,7,นายไกร ดาบธรรม,พลังประชารัฐ,38
50,เชียงใหม่,7,ฝาง,เวียงฝาง,4,5,8,นายพิสัณห์ อุปนันท์,เศรษฐกิจ,3
50,เชียงใหม่,7,ฝาง,เวียงฝาง,4,5,9,นายชาญวิทยายุทธ์ อินทร์แก้ว,ประชากรไทย,1
50,เชียงใหม่,7,ฝาง,เวียงฝาง,4,6,1,นายอดุลย์ บุญใส,ภูมิใจไทย,8
50,เชียงใหม่,7,ฝาง,เวียงฝาง,4,6,2,นายสมดุลย์ อุตเจริญ,ประชาชน,74
50,เชียงใหม่,7,ฝาง,เวียงฝาง,4,6,3,นายเกรียงกมล ศรีมา,ประชาธิปัตย์,1
50,เชียงใหม่,7,ฝาง,เวียงฝาง,4,6,4,นายสันติ ตันสุหัช,ก้าวอิสระ,4
50,เชียงใหม่,7,ฝาง,เวียงฝาง,4,6,5,นายการุณย์ คูเจริญชัยกุล,กล้าธรรม,116
50,เชียงใหม่,7,ฝาง,เวียงฝาง,4,6,6,นายนิธิกร วุฒินันชัย,เพื่อไทย,35
50,เชียงใหม่,7,ฝาง,เวียงฝาง,4,6,7,นายไกร ดาบธรรม,พลังประชารัฐ,23
50,เชียงใหม่,7,ฝาง,เวียงฝาง,4,6,8,นายพิสัณห์ อุปนันท์,เศรษฐกิจ,2
50,เชียงใหม่,7,ฝาง,เวียงฝาง,4,6,9,นายชาญวิทยายุทธ์ อินทร์แก้ว,ประชากรไทย,1
50,เชียงใหม่,7,ฝาง,เวียงฝาง,5,7,1,นายอดุลย์ บุญใส,ภูมิใจไทย,14
50,เชียงใหม่,7,ฝาง,เวียงฝาง,5,7,2,นายสมดุลย์ อุตเจริญ,ประชาชน,67
50,เชียงใหม่,7,ฝาง,เวียงฝาง,5,7,3,นายเกรียงกมล ศรีมา,ประชาธิปัตย์,4
50,เชียงใหม่,7,ฝาง,เวียงฝาง,5,7,4,นายสันติ ตันสุหัช,ก้าวอิสระ,6
50,เชียงใหม่,7,ฝาง,เวียงฝาง,5,7,5,นายการุณย์ คูเจริญชัยกุล,กล้าธรรม,129
50,เชียงใหม่,7,ฝาง,เวียงฝาง,5,7,6,นายนิธิกร วุฒินันชัย,เพื่อไทย,49
50,เชียงใหม่,7,ฝาง,เวียงฝาง,5,7,7,นายไกร ดาบธรรม,พลังประชารัฐ,33
50,เชียงใหม่,7,ฝาง,เวียงฝาง,5,7,8,นายพิสัณห์ อุปนันท์,เศรษฐกิจ,12
50,เชียงใหม่,7,ฝาง,เวียงฝาง,5,7,9,นายชาญวิทยายุทธ์ อินทร์แก้ว,ประชากรไทย,1
50,เชียงใหม่,7,ฝาง,เวียงฝาง,5,8,1,นายอดุลย์ บุญใส,ภูมิใจไทย,21
50,เชียงใหม่,7,ฝาง,เวียงฝาง,5,8,2,นายสมดุลย์ อุตเจริญ,ประชาชน,85
50,เชียงใหม่,7,ฝาง,เวียงฝาง,5,8,3,นายเกรียงกมล ศรีมา,ประชาธิปัตย์,4
50,เชียงใหม่,7,ฝาง,เวียงฝาง,5,8,4,นายสันติ ตันสุหัช,ก้าวอิสระ,3
50,เชียงใหม่,7,ฝาง,เวียงฝาง,5,8,5,นายการุณย์ คูเจริญชัยกุล,กล้าธรรม,91
50,เชียงใหม่,7,ฝาง,เวียงฝาง,5,8,6,นายนิธิกร วุฒินันชัย,เพื่อไทย,39
50,เชียงใหม่,7,ฝาง,เวียงฝาง,5,8,7,นายไกร ดาบธรรม,พลังประชารัฐ,30
50,เชียงใหม่,7,ฝาง,เวียงฝาง,5,8,8,นายพิสัณห์ อุปนันท์,เศรษฐกิจ,7
50,เชียงใหม่,7,ฝาง,เวียงฝาง,5,8,9,นายชาญวิทยายุทธ์ อินทร์แก้ว,ประชากรไทย,1
50,เชียงใหม่,7,ฝาง,เวียงฝาง,9,9,1,นายอดุลย์ บุญใส,ภูมิใจไทย,21
50,เชียงใหม่,7,ฝาง,เวียงฝาง,9,9,2,นายสมดุลย์ อุตเจริญ,ประชาชน,80
50,เชียงใหม่,7,ฝาง,เวียงฝาง,9,9,3,นายเกรียงกมล ศรีมา,ประชาธิปัตย์,4
50,เชียงใหม่,7,ฝาง,เวียงฝาง,9,9,4,นายสันติ ตันสุหัช,ก้าวอิสระ,4
50,เชียงใหม่,7,ฝาง,เวียงฝาง,9,9,5,นายการุณย์ คูเจริญชัยกุล,กล้าธรรม,129
50,เชียงใหม่,7,ฝาง,เวียงฝาง,9,9,6,นายนิธิกร วุฒินันชัย,เพื่อไทย,75
50,เชียงใหม่,7,ฝาง,เวียงฝาง,9,9,7,นายไกร ดาบธรรม,พลังประชารัฐ,101
50,เชียงใหม่,7,ฝาง,เวียงฝาง,9,9,8,นายพิสัณห์ อุปนันท์,เศรษฐกิจ,6
50,เชียงใหม่,7,ฝาง,เวียงฝาง,9,9,9,นายชาญวิทยายุทธ์ อินทร์แก้ว,ประชากรไทย,3
50,เชียงใหม่,7,แม่อาย,ท่าตอน,1,1,1,นายอดุลย์ บุญใส,ภูมิใจไทย,16
50,เชียงใหม่,7,แม่อาย,ท่าตอน,1,1,2,นายสมดุลย์ อุตเจริญ,ประชาชน,64
50,เชียงใหม่,7,แม่อาย,ท่าตอน,1,1,3,นายเกรียงกมล ศรีมา,ประชาธิปัตย์,3
50,เชียงใหม่,7,แม่อาย,ท่าตอน,1,1,4,นายสันติ ตันสุหัช,ก้าวอิสระ,13
50,เชียงใหม่,7,แม่อาย,ท่าตอน,1,1,5,นายการุณย์ คูเจริญชัยกุล,กล้าธรรม,184
50,เชียงใหม่,7,แม่อาย,ท่าตอน,1,1,6,นายนิธิกร วุฒินันชัย,เพื่อไทย,53
50,เชียงใหม่,7,แม่อาย,ท่าตอน,1,1,7,นายไกร ดาบธรรม,พลังประชารัฐ,73
50,เชียงใหม่,7,แม่อาย,ท่าตอน,1,1,8,นายพิสัณห์ อุปนันท์,เศรษฐกิจ,4
50,เชียงใหม่,7,แม่อาย,ท่าตอน,1,1,9,นายชาญวิทยายุทธ์ อินทร์แก้ว,ประชากรไทย,6
50,เชียงใหม่,7,แม่อาย,ท่าตอน,2,2,1,นายอดุลย์ บุญใส,ภูมิใจไทย,6
50,เชียงใหม่,7,แม่อาย,ท่าตอน,2,2,2,นายสมดุลย์ อุตเจริญ,ประชาชน,32
50,เชียงใหม่,7,แม่อาย,ท่าตอน,2,2,3,นายเกรียงกมล ศรีมา,ประชาธิปัตย์,1
50,เชียงใหม่,7,แม่อาย,ท่าตอน,2,2,4,นายสันติ ตันสุหัช,ก้าวอิสระ,0
50,เชียงใหม่,7,แม่อาย,ท่าตอน,2,2,5,นายการุณย์ คูเจริญชัยกุล,กล้าธรรม,96
50,เชียงใหม่,7,แม่อาย,ท่าตอน,2,2,6,นายนิธิกร วุฒินันชัย,เพื่อไทย,18
50,เชียงใหม่,7,แม่อาย,ท่าตอน,2,2,7,นายไกร ดาบธรรม,พลังประชารัฐ,66
50,เชียงใหม่,7,แม่อาย,ท่าตอน,2,2,8,นายพิสัณห์ อุปนันท์,เศรษฐกิจ,0
50,เชียงใหม่,7,แม่อาย,ท่าตอน,2,2,9,นายชาญวิทยายุทธ์ อินทร์แก้ว,ประชากรไทย,0
50,เชียงใหม่,7,แม่อาย,ท่าตอน,2,3,1,นายอดุลย์ บุญใส,ภูมิใจไทย,5
50,เชียงใหม่,7,แม่อาย,ท่าตอน,2,3,2,นายสมดุลย์ อุตเจริญ,ประชาชน,58
50,เชียงใหม่,7,แม่อาย,ท่าตอน,2,3,3,นายเกรียงกมล ศรีมา,ประชาธิปัตย์,2
50,เชียงใหม่,7,แม่อาย,ท่าตอน,2,3,4,นายสันติ ตันสุหัช,ก้าวอิสระ,0
50,เชียงใหม่,7,แม่อาย,ท่าตอน,2,3,5,นายการุณย์ คูเจริญชัยกุล,กล้าธรรม,74
50,เชียงใหม่,7,แม่อาย,ท่าตอน,2,3,6,นายนิธิกร วุฒินันชัย,เพื่อไทย,33
50,เชียงใหม่,7,แม่อาย,ท่าตอน,2,3,7,นายไกร ดาบธรรม,พลังประชารัฐ,63
50,เชียงใหม่,7,แม่อาย,ท่าตอน,2,3,8,นายพิสัณห์ อุปนันท์,เศรษฐกิจ,1
50,เชียงใหม่,7,แม่อาย,ท่าตอน,2,3,9,นายชาญวิทยายุทธ์ อินทร์แก้ว,ประชากรไทย,1
50,เชียงใหม่,7,แม่อาย,ท่าตอน,3,4,1,นายอดุลย์ บุญใส,ภูมิใจไทย,7
50,เชียงใหม่,7,แม่อาย,ท่าตอน,3,4,2,นายสมดุลย์ อุตเจริญ,ประชาชน,58
50,เชียงใหม่,7,แม่อาย,ท่าตอน,3,4,3,นายเกรียงกมล ศรีมา,ประชาธิปัตย์,2
50,เชียงใหม่,7,แม่อาย,ท่าตอน,3,4,4,นายสันติ ตันสุหัช,ก้าวอิสระ,4
50,เชียงใหม่,7,แม่อาย,ท่าตอน,3,4,5,นายการุณย์ คูเจริญชัยกุล,กล้าธรรม,63
50,เชียงใหม่,7,แม่อาย,ท่าตอน,3,4,6,นายนิธิกร วุฒินันชัย,เพื่อไทย,22
50,เชียงใหม่,7,แม่อาย,ท่าตอน,3,4,7,นายไกร ดาบธรรม,พลังประชารัฐ,139
50,เชียงใหม่,7,แม่อาย,ท่าตอน,3,4,8,นายพิสัณห์ อุปนันท์,เศรษฐกิจ,4
50,เชียงใหม่,7,แม่อาย,ท่าตอน,3,4,9,นายชาญวิทยายุทธ์ อินทร์แก้ว,ประชากรไทย,1
50,เชียงใหม่,7,แม่อาย,ท่าตอน,3,5,1,นายอดุลย์ บุญใส,ภูมิใจไทย,13
50,เชียงใหม่,7,แม่อาย,ท่าตอน,3,5,2,นายสมดุลย์ อุตเจริญ,ประชาชน,74
50,เชียงใหม่,7,แม่อาย,ท่าตอน,3,5,3,นายเกรียงกมล ศรีมา,ประชาธิปัตย์,2
50,เชียงใหม่,7,แม่อาย,ท่าตอน,3,5,4,นายสันติ ตันสุหัช,ก้าวอิสระ,1
50,เชียงใหม่,7,แม่อาย,ท่าตอน,3,5,5,นายการุณย์ คูเจริญชัยกุล,กล้าธรรม,126
50,เชียงใหม่,7,แม่อาย,ท่าตอน,3,5,6,นายนิธิกร วุฒินันชัย,เพื่อไทย,21
50,เชียงใหม่,7,แม่อาย,ท่าตอน,3,5,7,นายไกร ดาบธรรม,พลังประชารัฐ,114
50,เชียงใหม่,7,แม่อาย,ท่าตอน,3,5,8,นายพิสัณห์ อุปนันท์,เศรษฐกิจ,2
50,เชียงใหม่,7,แม่อาย,ท่าตอน,3,5,9,นายชาญวิทยายุทธ์ อินทร์แก้ว,ประชากรไทย,4
50,เชียงใหม่,7,แม่อาย,ท่าตอน,4,6,1,นายอดุลย์ บุญใส,ภูมิใจไทย,22
50,เชียงใหม่,7,แม่อาย,ท่าตอน,4,6,2,นายสมดุลย์ อุตเจริญ,ประชาชน,85
50,เชียงใหม่,7,แม่อาย,ท่าตอน,4,6,3,นายเกรียงกมล ศรีมา,ประชาธิปัตย์,6
50,เชียงใหม่,7,แม่อาย,ท่าตอน,4,6,4,นายสันติ ตันสุหัช,ก้าวอิสระ,1
50,เชียงใหม่,7,แม่อาย,ท่าตอน,4,6,5,นายการุณย์ คูเจริญชัยกุล,กล้าธรรม,68
50,เชียงใหม่,7,แม่อาย,ท่าตอน,4,6,6,นายนิธิกร วุฒินันชัย,เพื่อไทย,48
50,เชียงใหม่,7,แม่อาย,ท่าตอน,4,6,7,นายไกร ดาบธรรม,พลังประชารัฐ,141
50,เชียงใหม่,7,แม่อาย,ท่าตอน,4,6,8,นายพิสัณห์ อุปนันท์,เศรษฐกิจ,3
50,เชียงใหม่,7,แม่อาย,ท่าตอน,4,6,9,นายชาญวิทยายุทธ์ อินทร์แก้ว,ประชากรไทย,4
50,เชียงใหม่,7,แม่อาย,ท่าตอน,5,7,1,นายอดุลย์ บุญใส,ภูมิใจไทย,5
50,เชียงใหม่,7,แม่อาย,ท่าตอน,5,7,2,นายสมดุลย์ อุตเจริญ,ประชาชน,21
50,เชียงใหม่,7,แม่อาย,ท่าตอน,5,7,3,นายเกรียงกมล ศรีมา,ประชาธิปัตย์,1
50,เชียงใหม่,7,แม่อาย,ท่าตอน,5,7,4,นายสันติ ตันสุหัช,ก้าวอิสระ,2
50,เชียงใหม่,7,แม่อาย,ท่าตอน,5,7,5,นายการุณย์ คูเจริญชัยกุล,กล้าธรรม,30
50,เชียงใหม่,7,แม่อาย,ท่าตอน,5,7,6,นายนิธิกร วุฒินันชัย,เพื่อไทย,33
50,เชียงใหม่,7,แม่อาย,ท่าตอน,5,7,7,นายไกร ดาบธรรม,พลังประชารัฐ,11
50,เชียงใหม่,7,แม่อาย,ท่าตอน,5,7,8,นายพิสัณห์ อุปนันท์,เศรษฐกิจ,0
50,เชียงใหม่,7,แม่อาย,ท่าตอน,5,7,9,นายชาญวิทยายุทธ์ อินทร์แก้ว,ประชากรไทย,0
50,เชียงใหม่,7,แม่อาย,ท่าตอน,6,8,1,นายอดุลย์ บุญใส,ภูมิใจไทย,3
50,เชียงใหม่,7,แม่อาย,ท่าตอน,6,8,2,นายสมดุลย์ อุตเจริญ,ประชาชน,17
50,เชียงใหม่,7,แม่อาย,ท่าตอน,6,8,3,นายเกรียงกมล ศรีมา,ประชาธิปัตย์,1
50,เชียงใหม่,7,แม่อาย,ท่าตอน,6,8,4,นายสันติ ตันสุหัช,ก้าวอิสระ,4
50,เชียงใหม่,7,แม่อาย,ท่าตอน,6,8,5,นายการุณย์ คูเจริญชัยกุล,กล้าธรรม,141
50,เชียงใหม่,7,แม่อาย,ท่าตอน,6,8,6,นายนิธิกร วุฒินันชัย,เพื่อไทย,10
50,เชียงใหม่,7,แม่อาย,ท่าตอน,6,8,7,นายไกร ดาบธรรม,พลังประชารัฐ,61
50,เชียงใหม่,7,แม่อาย,ท่าตอน,6,8,8,นายพิสัณห์ อุปนันท์,เศรษฐกิจ,2
50,เชียงใหม่,7,แม่อาย,ท่าตอน,6,8,9,นายชาญวิทยายุทธ์ อินทร์แก้ว,ประชากรไทย,0
50,เชียงใหม่,7,แม่อาย,ท่าตอน,7,9,1,นายอดุลย์ บุญใส,ภูมิใจไทย,12
50,เชียงใหม่,7,แม่อาย,ท่าตอน,7,9,2,นายสมดุลย์ อุตเจริญ,ประชาชน,31
50,เชียงใหม่,7,แม่อาย,ท่าตอน,7,9,3,นายเกรียงกมล ศรีมา,ประชาธิปัตย์,0
50,เชียงใหม่,7,แม่อาย,ท่าตอน,7,9,4,นายสันติ ตันสุหัช,ก้าวอิสระ,0
50,เชียงใหม่,7,แม่อาย,ท่าตอน,7,9,5,นายการุณย์ คูเจริญชัยกุล,กล้าธรรม,81
50,เชียงใหม่,7,แม่อาย,ท่าตอน,7,9,6,นายนิธิกร วุฒินันชัย,เพื่อไทย,26
50,เชียงใหม่,7,แม่อาย,ท่าตอน,7,9,7,นายไกร ดาบธรรม,พลังประชารัฐ,63
50,เชียงใหม่,7,แม่อาย,ท่าตอน,7,9,8,นายพิสัณห์ อุปนันท์,เศรษฐกิจ,0
50,เชียงใหม่,7,แม่อาย,ท่าตอน,7,9,9,นายชาญวิทยายุทธ์ อินทร์แก้ว,ประชากรไทย,2
50,เชียงใหม่,7,แม่อาย,ท่าตอน,7,10,1,นายอดุลย์ บุญใส,ภูมิใจไทย,2
50,เชียงใหม่,7,แม่อาย,ท่าตอน,7,10,2,นายสมดุลย์ อุตเจริญ,ประชาชน,65
50,เชียงใหม่,7,แม่อาย,ท่าตอน,7,10,3,นายเกรียงกมล ศรีมา,ประชาธิปัตย์,1
50,เชียงใหม่,7,แม่อาย,ท่าตอน,7,10,4,นายสันติ ตันสุหัช,ก้าวอิสระ,1
50,เชียงใหม่,7,แม่อาย,ท่าตอน,7,10,5,นายการุณย์ คูเจริญชัยกุล,กล้าธรรม,90
50,เชียงใหม่,7,แม่อาย,ท่าตอน,7,10,6,นายนิธิกร วุฒินันชัย,เพื่อไทย,15
50,เชียงใหม่,7,แม่อาย,ท่าตอน,7,10,7,นายไกร ดาบธรรม,พลังประชารัฐ,65
50,เชียงใหม่,7,แม่อาย,ท่าตอน,7,10,8,นายพิสัณห์ อุปนันท์,เศรษฐกิจ,0
50,เชียงใหม่,7,แม่อาย,ท่าตอน,7,10,9,นายชาญวิทยายุทธ์ อินทร์แก้ว,ประชากรไทย,1
50,เชียงใหม่,7,แม่อาย,ท่าตอน,8,11,1,นายอดุลย์ บุญใส,ภูมิใจไทย,4
50,เชียงใหม่,7,แม่อาย,ท่าตอน,8,11,2,นายสมดุลย์ อุตเจริญ,ประชาชน,35
50,เชียงใหม่,7,แม่อาย,ท่าตอน,8,11,3,นายเกรียงกมล ศรีมา,ประชาธิปัตย์,1
50,เชียงใหม่,7,แม่อาย,ท่าตอน,8,11,4,นายสันติ ตันสุหัช,ก้าวอิสระ,1
50,เชียงใหม่,7,แม่อาย,ท่าตอน,8,11,5,นายการุณย์ คูเจริญชัยกุล,กล้าธรรม,139
50,เชียงใหม่,7,แม่อาย,ท่าตอน,8,11,6,นายนิธิกร วุฒินันชัย,เพื่อไทย,23
50,เชียงใหม่,7,แม่อาย,ท่าตอน,8,11,7,นายไกร ดาบธรรม,พลังประชารัฐ,37
50,เชียงใหม่,7,แม่อาย,ท่าตอน,8,11,8,นายพิสัณห์ อุปนันท์,เศรษฐกิจ,1
50,เชียงใหม่,7,แม่อาย,ท่าตอน,8,11,9,นายชาญวิทยายุทธ์ อินทร์แก้ว,ประชากรไทย,1
50,เชียงใหม่,7,แม่อาย,ท่าตอน,8,12,1,นายอดุลย์ บุญใส,ภูมิใจไทย,3
50,เชียงใหม่,7,แม่อาย,ท่าตอน,8,12,2,นายสมดุลย์ อุตเจริญ,ประชาชน,68
50,เชียงใหม่,7,แม่อาย,ท่าตอน,8,12,3,นายเกรียงกมล ศรีมา,ประชาธิปัตย์,0
50,เชียงใหม่,7,แม่อาย,ท่าตอน,8,12,4,นายสันติ ตันสุหัช,ก้าวอิสระ,3
50,เชียงใหม่,7,แม่อาย,ท่าตอน,8,12,5,นายการุณย์ คูเจริญชัยกุล,กล้าธรรม,147
50,เชียงใหม่,7,แม่อาย,ท่าตอน,8,12,6,นายนิธิกร วุฒินันชัย,เพื่อไทย,11
50,เชียงใหม่,7,แม่อาย,ท่าตอน,8,12,7,นายไกร ดาบธรรม,พลังประชารัฐ,25
50,เชียงใหม่,7,แม่อาย,ท่าตอน,8,12,8,นายพิสัณห์ อุปนันท์,เศรษฐกิจ,2
50,เชียงใหม่,7,แม่อาย,ท่าตอน,8,12,9,นายชาญวิทยายุทธ์ อินทร์แก้ว,ประชากรไทย,1
50,เชียงใหม่,7,แม่อาย,ท่าตอน,9,13,1,นายอดุลย์ บุญใส,ภูมิใจไทย,5
50,เชียงใหม่,7,แม่อาย,ท่าตอน,9,13,2,นายสมดุลย์ อุตเจริญ,ประชาชน,112
50,เชียงใหม่,7,แม่อาย,ท่าตอน,9,13,3,นายเกรียงกมล ศรีมา,ประชาธิปัตย์,3
50,เชียงใหม่,7,แม่อาย,ท่าตอน,9,13,4,นายสันติ ตันสุหัช,ก้าวอิสระ,4
50,เชียงใหม่,7,แม่อาย,ท่าตอน,9,13,5,นายการุณย์ คูเจริญชัยกุล,กล้าธรรม,18
50,เชียงใหม่,7,แม่อาย,ท่าตอน,9,13,6,นายนิธิกร วุฒินันชัย,เพื่อไทย,147
50,เชียงใหม่,7,แม่อาย,ท่าตอน,9,13,7,นายไกร ดาบธรรม,พลังประชารัฐ,66
50,เชียงใหม่,7,แม่อาย,ท่าตอน,9,13,8,นายพิสัณห์ อุปนันท์,เศรษฐกิจ,4
50,เชียงใหม่,7,แม่อาย,ท่าตอน,9,13,9,นายชาญวิทยายุทธ์ อินทร์แก้ว,ประชากรไทย,7
50,เชียงใหม่,7,แม่อาย,ท่าตอน,9,14,1,นายอดุลย์ บุญใส,ภูมิใจไทย,11
50,เชียงใหม่,7,แม่อาย,ท่าตอน,9,14,2,นายสมดุลย์ อุตเจริญ,ประชาชน,110
50,เชียงใหม่,7,แม่อาย,ท่าตอน,9,14,3,นายเกรียงกมล ศรีมา,ประชาธิปัตย์,1
50,เชียงใหม่,7,แม่อาย,ท่าตอน,9,14,4,นายสันติ ตันสุหัช,ก้าวอิสระ,6
50,เชียงใหม่,7,แม่อาย,ท่าตอน,9,14,5,นายการุณย์ คูเจริญชัยกุล,กล้าธรรม,68
50,เชียงใหม่,7,แม่อาย,ท่าตอน,9,14,6,นายนิธิกร วุฒินันชัย,เพื่อไทย,42
50,เชียงใหม่,7,แม่อาย,ท่าตอน,9,14,7,นายไกร ดาบธรรม,พลังประชารัฐ,39
50,เชียงใหม่,7,แม่อาย,ท่าตอน,9,14,8,นายพิสัณห์ อุปนันท์,เศรษฐกิจ,2
50,เชียงใหม่,7,แม่อาย,ท่าตอน,9,14,9,นายชาญวิทยายุทธ์ อินทร์แก้ว,ประชากรไทย,7
50,เชียงใหม่,7,แม่อาย,ท่าตอน,10,15,1,นายอดุลย์ บุญใส,ภูมิใจไทย,1
50,เชียงใหม่,7,แม่อาย,ท่าตอน,10,15,2,นายสมดุลย์ อุตเจริญ,ประชาชน,41
50,เชียงใหม่,7,แม่อาย,ท่าตอน,10,15,3,นายเกรียงกมล ศรีมา,ประชาธิปัตย์,0
50,เชียงใหม่,7,แม่อาย,ท่าตอน,10,15,4,นายสันติ ตันสุหัช,ก้าวอิสระ,2
50,เชียงใหม่,7,แม่อาย,ท่าตอน,10,15,5,นายการุณย์ คูเจริญชัยกุล,กล้าธรรม,129
50,เชียงใหม่,7,แม่อาย,ท่าตอน,10,15,6,นายนิธิกร วุฒินันชัย,เพื่อไทย,5
50,เชียงใหม่,7,แม่อาย,ท่าตอน,10,15,7,นายไกร ดาบธรรม,พลังประชารัฐ,34
50,เชียงใหม่,7,แม่อาย,ท่าตอน,10,15,8,นายพิสัณห์ อุปนันท์,เศรษฐกิจ,1
50,เชียงใหม่,7,แม่อาย,ท่าตอน,10,15,9,นายชาญวิทยายุทธ์ อินทร์แก้ว,ประชากรไทย,1
50,เชียงใหม่,7,แม่อาย,ท่าตอน,10,16,1,นายอดุลย์ บุญใส,ภูมิใจไทย,0
50,เชียงใหม่,7,แม่อาย,ท่าตอน,10,16,2,นายสมดุลย์ อุตเจริญ,ประชาชน,59
50,เชียงใหม่,7,แม่อาย,ท่าตอน,10,16,3,นายเกรียงกมล ศรีมา,ประชาธิปัตย์,3
50,เชียงใหม่,7,แม่อาย,ท่าตอน,10,16,4,นายสันติ ตันสุหัช,ก้าวอิสระ,2
50,เชียงใหม่,7,แม่อาย,ท่าตอน,10,16,5,นายการุณย์ คูเจริญชัยกุล,กล้าธรรม,172
50,เชียงใหม่,7,แม่อาย,ท่าตอน,10,16,6,นายนิธิกร วุฒินันชัย,เพื่อไทย,6
50,เชียงใหม่,7,แม่อาย,ท่าตอน,10,16,7,นายไกร ดาบธรรม,พลังประชารัฐ,36
50,เชียงใหม่,7,แม่อาย,ท่าตอน,10,16,8,นายพิสัณห์ อุปนันท์,เศรษฐกิจ,1
50,เชียงใหม่,7,แม่อาย,ท่าตอน,10,16,9,นายชาญวิทยายุทธ์ อินทร์แก้ว,ประชากรไทย,4
50,เชียงใหม่,7,แม่อาย,ท่าตอน,11,17,1,นายอดุลย์ บุญใส,ภูมิใจไทย,8
50,เชียงใหม่,7,แม่อาย,ท่าตอน,11,17,2,นายสมดุลย์ อุตเจริญ,ประชาชน,87
50,เชียงใหม่,7,แม่อาย,ท่าตอน,11,17,3,นายเกรียงกมล ศรีมา,ประชาธิปัตย์,3
50,เชียงใหม่,7,แม่อาย,ท่าตอน,11,17,4,นายสันติ ตันสุหัช,ก้าวอิสระ,6
50,เชียงใหม่,7,แม่อาย,ท่าตอน,11,17,5,นายการุณย์ คูเจริญชัยกุล,กล้าธรรม,111
50,เชียงใหม่,7,แม่อาย,ท่าตอน,11,17,6,นายนิธิกร วุฒินันชัย,เพื่อไทย,16
50,เชียงใหม่,7,แม่อาย,ท่าตอน,11,17,7,นายไกร ดาบธรรม,พลังประชารัฐ,27
50,เชียงใหม่,7,แม่อาย,ท่าตอน,11,17,8,นายพิสัณห์ อุปนันท์,เศรษฐกิจ,2
50,เชียงใหม่,7,แม่อาย,ท่าตอน,11,17,9,นายชาญวิทยายุทธ์ อินทร์แก้ว,ประชากรไทย,1
50,เชียงใหม่,7,แม่อาย,ท่าตอน,11,18,1,นายอดุลย์ บุญใส,ภูมิใจไทย,8
50,เชียงใหม่,7,แม่อาย,ท่าตอน,11,18,2,นายสมดุลย์ อุตเจริญ,ประชาชน,98
50,เชียงใหม่,7,แม่อาย,ท่าตอน,11,18,3,นายเกรียงกมล ศรีมา,ประชาธิปัตย์,7
50,เชียงใหม่,7,แม่อาย,ท่าตอน,11,18,4,นายสันติ ตันสุหัช,ก้าวอิสระ,6
50,เชียงใหม่,7,แม่อาย,ท่าตอน,11,18,5,นายการุณย์ คูเจริญชัยกุล,กล้าธรรม,131
50,เชียงใหม่,7,แม่อาย,ท่าตอน,11,18,6,นายนิธิกร วุฒินันชัย,เพื่อไทย,21
50,เชียงใหม่,7,แม่อาย,ท่าตอน,11,18,7,นายไกร ดาบธรรม,พลังประชารัฐ,36
50,เชียงใหม่,7,แม่อาย,ท่าตอน,11,18,8,นายพิสัณห์ อุปนันท์,เศรษฐกิจ,1
50,เชียงใหม่,7,แม่อาย,ท่าตอน,11,18,9,นายชาญวิทยายุทธ์ อินทร์แก้ว,ประชากรไทย,3
50,เชียงใหม่,7,แม่อาย,ท่าตอน,12,19,1,นายอดุลย์ บุญใส,ภูมิใจไทย,3
50,เชียงใหม่,7,แม่อาย,ท่าตอน,12,19,2,นายสมดุลย์ อุตเจริญ,ประชาชน,20
50,เชียงใหม่,7,แม่อาย,ท่าตอน,12,19,3,นายเกรียงกมล ศรีมา,ประชาธิปัตย์,5
50,เชียงใหม่,7,แม่อาย,ท่าตอน,12,19,4,นายสันติ ตันสุหัช,ก้าวอิสระ,5
50,เชียงใหม่,7,แม่อาย,ท่าตอน,12,19,5,นายการุณย์ คูเจริญชัยกุล,กล้าธรรม,171
50,เชียงใหม่,7,แม่อาย,ท่าตอน,12,19,6,นายนิธิกร วุฒินันชัย,เพื่อไทย,21
50,เชียงใหม่,7,แม่อาย,ท่าตอน,12,19,7,นายไกร ดาบธรรม,พลังประชารัฐ,48
50,เชียงใหม่,7,แม่อาย,ท่าตอน,12,19,8,นายพิสัณห์ อุปนันท์,เศรษฐกิจ,1
50,เชียงใหม่,7,แม่อาย,ท่าตอน,12,19,9,นายชาญวิทยายุทธ์ อินทร์แก้ว,ประชากรไทย,3
50,เชียงใหม่,7,แม่อาย,ท่าตอน,12,20,1,นายอดุลย์ บุญใส,ภูมิใจไทย,3
50,เชียงใหม่,7,แม่อาย,ท่าตอน,12,20,2,นายสมดุลย์ อุตเจริญ,ประชาชน,22
50,เชียงใหม่,7,แม่อาย,ท่าตอน,12,20,3,นายเกรียงกมล ศรีมา,ประชาธิปัตย์,4
50,เชียงใหม่,7,แม่อาย,ท่าตอน,12,20,4,นายสันติ ตันสุหัช,ก้าวอิสระ,8
50,เชียงใหม่,7,แม่อาย,ท่าตอน,12,20,5,นายการุณย์ คูเจริญชัยกุล,กล้าธรรม,164
50,เชียงใหม่,7,แม่อาย,ท่าตอน,12,20,6,นายนิธิกร วุฒินันชัย,เพื่อไทย,21
50,เชียงใหม่,7,แม่อาย,ท่าตอน,12,20,7,นายไกร ดาบธรรม,พลังประชารัฐ,78
50,เชียงใหม่,7,แม่อาย,ท่าตอน,12,20,8,นายพิสัณห์ อุปนันท์,เศรษฐกิจ,2
50,เชียงใหม่,7,แม่อาย,ท่าตอน,12,20,9,นายชาญวิทยายุทธ์ อินทร์แก้ว,ประชากรไทย,2
50,เชียงใหม่,7,แม่อาย,ท่าตอน,13,21,1,นายอดุลย์ บุญใส,ภูมิใจไทย,12
50,เชียงใหม่,7,แม่อาย,ท่าตอน,13,21,2,นายสมดุลย์ อุตเจริญ,ประชาชน,69
50,เชียงใหม่,7,แม่อาย,ท่าตอน,13,21,3,นายเกรียงกมล ศรีมา,ประชาธิปัตย์,7
50,เชียงใหม่,7,แม่อาย,ท่าตอน,13,21,4,นายสันติ ตันสุหัช,ก้าวอิสระ,7
50,เชียงใหม่,7,แม่อาย,ท่าตอน,13,21,5,นายการุณย์ คูเจริญชัยกุล,กล้าธรรม,156
50,เชียงใหม่,7,แม่อาย,ท่าตอน,13,21,6,นายนิธิกร วุฒินันชัย,เพื่อไทย,25
50,เชียงใหม่,7,แม่อาย,ท่าตอน,13,21,7,นายไกร ดาบธรรม,พลังประชารัฐ,121
50,เชียงใหม่,7,แม่อาย,ท่าตอน,13,21,8,นายพิสัณห์ อุปนันท์,เศรษฐกิจ,2
50,เชียงใหม่,7,แม่อาย,ท่าตอน,13,21,9,นายชาญวิทยายุทธ์ อินทร์แก้ว,ประชากรไทย,3
50,เชียงใหม่,7,แม่อาย,ท่าตอน,14,22,1,นายอดุลย์ บุญใส,ภูมิใจไทย,15
50,เชียงใหม่,7,แม่อาย,ท่าตอน,14,22,2,นายสมดุลย์ อุตเจริญ,ประชาชน,56
50,เชียงใหม่,7,แม่อาย,ท่าตอน,14,22,3,นายเกรียงกมล ศรีมา,ประชาธิปัตย์,1
50,เชียงใหม่,7,แม่อาย,ท่าตอน,14,22,4,นายสันติ ตันสุหัช,ก้าวอิสระ,6
50,เชียงใหม่,7,แม่อาย,ท่าตอน,14,22,5,นายการุณย์ คูเจริญชัยกุล,กล้าธรรม,30
50,เชียงใหม่,7,แม่อาย,ท่าตอน,14,22,6,นายนิธิกร วุฒินันชัย,เพื่อไทย,29
50,เชียงใหม่,7,แม่อาย,ท่าตอน,14,22,7,นายไกร ดาบธรรม,พลังประชารัฐ,131
50,เชียงใหม่,7,แม่อาย,ท่าตอน,14,22,8,นายพิสัณห์ อุปนันท์,เศรษฐกิจ,3
50,เชียงใหม่,7,แม่อาย,ท่าตอน,14,22,9,นายชาญวิทยายุทธ์ อินทร์แก้ว,ประชากรไทย,1
50,เชียงใหม่,7,แม่อาย,ท่าตอน,14,23,1,นายอดุลย์ บุญใส,ภูมิใจไทย,3
50,เชียงใหม่,7,แม่อาย,ท่าตอน,14,23,2,นายสมดุลย์ อุตเจริญ,ประชาชน,79
50,เชียงใหม่,7,แม่อาย,ท่าตอน,14,23,3,นายเกรียงกมล ศรีมา,ประชาธิปัตย์,3
50,เชียงใหม่,7,แม่อาย,ท่าตอน,14,23,4,นายสันติ ตันสุหัช,ก้าวอิสระ,4
50,เชียงใหม่,7,แม่อาย,ท่าตอน,14,23,5,นายการุณย์ คูเจริญชัยกุล,กล้าธรรม,41
50,เชียงใหม่,7,แม่อาย,ท่าตอน,14,23,6,นายนิธิกร วุฒินันชัย,เพื่อไทย,38
50,เชียงใหม่,7,แม่อาย,ท่าตอน,14,23,7,นายไกร ดาบธรรม,พลังประชารัฐ,100
50,เชียงใหม่,7,แม่อาย,ท่าตอน,14,23,8,นายพิสัณห์ อุปนันท์,เศรษฐกิจ,2
50,เชียงใหม่,7,แม่อาย,ท่าตอน,14,23,9,นายชาญวิทยายุทธ์ อินทร์แก้ว,ประชากรไทย,2
50,เชียงใหม่,7,แม่อาย,ท่าตอน,15,24,1,นายอดุลย์ บุญใส,ภูมิใจไทย,2
50,เชียงใหม่,7,แม่อาย,ท่าตอน,15,24,2,นายสมดุลย์ อุตเจริญ,ประชาชน,54
50,เชียงใหม่,7,แม่อาย,ท่าตอน,15,24,3,นายเกรียงกมล ศรีมา,ประชาธิปัตย์,1
50,เชียงใหม่,7,แม่อาย,ท่าตอน,15,24,4,นายสันติ ตันสุหัช,ก้าวอิสระ,5
50,เชียงใหม่,7,แม่อาย,ท่าตอน,15,24,5,นายการุณย์ คูเจริญชัยกุล,กล้าธรรม,67
50,เชียงใหม่,7,แม่อาย,ท่าตอน,15,24,6,นายนิธิกร วุฒินันชัย,เพื่อไทย,7
50,เชียงใหม่,7,แม่อาย,ท่าตอน,15,24,7,นายไกร ดาบธรรม,พลังประชารัฐ,24
50,เชียงใหม่,7,แม่อาย,ท่าตอน,15,24,8,นายพิสัณห์ อุปนันท์,เศรษฐกิจ,3
50,เชียงใหม่,7,แม่อาย,ท่าตอน,15,24,9,นายชาญวิทยายุทธ์ อินทร์แก้ว,ประชากรไทย,1
50,เชียงใหม่,7,แม่อาย,ท่าตอน,15,25,1,นายอดุลย์ บุญใส,ภูมิใจไทย,3
50,เชียงใหม่,7,แม่อาย,ท่าตอน,15,25,2,นายสมดุลย์ อุตเจริญ,ประชาชน,55
50,เชียงใหม่,7,แม่อาย,ท่าตอน,15,25,3,นายเกรียงกมล ศรีมา,ประชาธิปัตย์,2
50,เชียงใหม่,7,แม่อาย,ท่าตอน,15,25,4,นายสันติ ตันสุหัช,ก้าวอิสระ,2
50,เชียงใหม่,7,แม่อาย,ท่าตอน,15,25,5,นายการุณย์ คูเจริญชัยกุล,กล้าธรรม,64
50,เชียงใหม่,7,แม่อาย,ท่าตอน,15,25,6,นายนิธิกร วุฒินันชัย,เพื่อไทย,9
50,เชียงใหม่,7,แม่อาย,ท่าตอน,15,25,7,นายไกร ดาบธรรม,พลังประชารัฐ,37
50,เชียงใหม่,7,แม่อาย,ท่าตอน,15,25,8,นายพิสัณห์ อุปนันท์,เศรษฐกิจ,1
50,เชียงใหม่,7,แม่อาย,ท่าตอน,15,25,9,นายชาญวิทยายุทธ์ อินทร์แก้ว,ประชากรไทย,1
50,เชียงใหม่,7,แม่อาย,บ้านหลวง,1,1,1,นายอดุลย์ บุญใส,ภูมิใจไทย,4
50,เชียงใหม่,7,แม่อาย,บ้านหลวง,1,1,2,นายสมดุลย์ อุตเจริญ,ประชาชน,50
50,เชียงใหม่,7,แม่อาย,บ้านหลวง,1,1,3,นายเกรียงกมล ศรีมา,ประชาธิปัตย์,1
50,เชียงใหม่,7,แม่อาย,บ้านหลวง,1,1,4,นายสันติ ตันสุหัช,ก้าวอิสระ,2
50,เชียงใหม่,7,แม่อาย,บ้านหลวง,1,1,5,นายการุณย์ คูเจริญชัยกุล,กล้าธรรม,100
50,เชียงใหม่,7,แม่อาย,บ้านหลวง,1,1,6,นายนิธิกร วุฒินันชัย,เพื่อไทย,70
50,เชียงใหม่,7,แม่อาย,บ้านหลวง,1,1,7,นายไกร ดาบธรรม,พลังประชารัฐ,59
50,เชียงใหม่,7,แม่อาย,บ้านหลวง,1,1,8,นายพิสัณห์ อุปนันท์,เศรษฐกิจ,0
50,เชียงใหม่,7,แม่อาย,บ้านหลวง,1,1,9,นายชาญวิทยายุทธ์ อินทร์แก้ว,ประชากรไทย,3
50,เชียงใหม่,7,แม่อาย,บ้านหลวง,2,2,1,นายอดุลย์ บุญใส,ภูมิใจไทย,1
50,เชียงใหม่,7,แม่อาย,บ้านหลวง,2,2,2,นายสมดุลย์ อุตเจริญ,ประชาชน,33
50,เชียงใหม่,7,แม่อาย,บ้านหลวง,2,2,3,นายเกรียงกมล ศรีมา,ประชาธิปัตย์,0
50,เชียงใหม่,7,แม่อาย,บ้านหลวง,2,2,4,นายสันติ ตันสุหัช,ก้าวอิสระ,1
50,เชียงใหม่,7,แม่อาย,บ้านหลวง,2,2,5,นายการุณย์ คูเจริญชัยกุล,กล้าธรรม,45
50,เชียงใหม่,7,แม่อาย,บ้านหลวง,2,2,6,นายนิธิกร วุฒินันชัย,เพื่อไทย,46
50,เชียงใหม่,7,แม่อาย,บ้านหลวง,2,2,7,นายไกร ดาบธรรม,พลังประชารัฐ,122
50,เชียงใหม่,7,แม่อาย,บ้านหลวง,2,2,8,นายพิสัณห์ อุปนันท์,เศรษฐกิจ,0
50,เชียงใหม่,7,แม่อาย,บ้านหลวง,2,2,9,นายชาญวิทยายุทธ์ อินทร์แก้ว,ประชากรไทย,5
50,เชียงใหม่,7,แม่อาย,บ้านหลวง,3,3,1,นายอดุลย์ บุญใส,ภูมิใจไทย,2
50,เชียงใหม่,7,แม่อาย,บ้านหลวง,3,3,2,นายสมดุลย์ อุตเจริญ,ประชาชน,11
50,เชียงใหม่,7,แม่อาย,บ้านหลวง,3,3,3,นายเกรียงกมล ศรีมา,ประชาธิปัตย์,1
50,เชียงใหม่,7,แม่อาย,บ้านหลวง,3,3,4,นายสันติ ตันสุหัช,ก้าวอิสระ,4
50,เชียงใหม่,7,แม่อาย,บ้านหลวง,3,3,5,นายการุณย์ คูเจริญชัยกุล,กล้าธรรม,168
50,เชียงใหม่,7,แม่อาย,บ้านหลวง,3,3,6,นายนิธิกร วุฒินันชัย,เพื่อไทย,12
50,เชียงใหม่,7,แม่อาย,บ้านหลวง,3,3,7,นายไกร ดาบธรรม,พลังประชารัฐ,47
50,เชียงใหม่,7,แม่อาย,บ้านหลวง,3,3,8,นายพิสัณห์ อุปนันท์,เศรษฐกิจ,2
50,เชียงใหม่,7,แม่อาย,บ้านหลวง,3,3,9,นายชาญวิทยายุทธ์ อินทร์แก้ว,ประชากรไทย,0
50,เชียงใหม่,7,แม่อาย,บ้านหลวง,3,4,1,นายอดุลย์ บุญใส,ภูมิใจไทย,2
50,เชียงใหม่,7,แม่อาย,บ้านหลวง,3,4,2,นายสมดุลย์ อุตเจริญ,ประชาชน,7
50,เชียงใหม่,7,แม่อาย,บ้านหลวง,3,4,3,นายเกรียงกมล ศรีมา,ประชาธิปัตย์,0
50,เชียงใหม่,7,แม่อาย,บ้านหลวง,3,4,4,นายสันติ ตันสุหัช,ก้าวอิสระ,9
50,เชียงใหม่,7,แม่อาย,บ้านหลวง,3,4,5,นายการุณย์ คูเจริญชัยกุล,กล้าธรรม,194
50,เชียงใหม่,7,แม่อาย,บ้านหลวง,3,4,6,นายนิธิกร วุฒินันชัย,เพื่อไทย,15
50,เชียงใหม่,7,แม่อาย,บ้านหลวง,3,4,7,นายไกร ดาบธรรม,พลังประชารัฐ,53
50,เชียงใหม่,7,แม่อาย,บ้านหลวง,3,4,8,นายพิสัณห์ อุปนันท์,เศรษฐกิจ,0
50,เชียงใหม่,7,แม่อาย,บ้านหลวง,3,4,9,นายชาญวิทยายุทธ์ อินทร์แก้ว,ประชากรไทย,2
50,เชียงใหม่,7,แม่อาย,บ้านหลวง,4,5,1,นายอดุลย์ บุญใส,ภูมิใจไทย,3
50,เชียงใหม่,7,แม่อาย,บ้านหลวง,4,5,2,นายสมดุลย์ อุตเจริญ,ประชาชน,17
50,เชียงใหม่,7,แม่อาย,บ้านหลวง,4,5,3,นายเกรียงกมล ศรีมา,ประชาธิปัตย์,0
50,เชียงใหม่,7,แม่อาย,บ้านหลวง,4,5,4,นายสันติ ตันสุหัช,ก้าวอิสระ,2
50,เชียงใหม่,7,แม่อาย,บ้านหลวง,4,5,5,นายการุณย์ คูเจริญชัยกุล,กล้าธรรม,24
50,เชียงใหม่,7,แม่อาย,บ้านหลวง,4,5,6,นายนิธิกร วุฒินันชัย,เพื่อไทย,70
50,เชียงใหม่,7,แม่อาย,บ้านหลวง,4,5,7,นายไกร ดาบธรรม,พลังประชารัฐ,16
50,เชียงใหม่,7,แม่อาย,บ้านหลวง,4,5,8,นายพิสัณห์ อุปนันท์,เศรษฐกิจ,1
50,เชียงใหม่,7,แม่อาย,บ้านหลวง,4,5,9,นายชาญวิทยายุทธ์ อินทร์แก้ว,ประชากรไทย,6
50,เชียงใหม่,7,แม่อาย,บ้านหลวง,5,6,1,นายอดุลย์ บุญใส,ภูมิใจไทย,5
50,เชียงใหม่,7,แม่อาย,บ้านหลวง,5,6,2,นายสมดุลย์ อุตเจริญ,ประชาชน,46
50,เชียงใหม่,7,แม่อาย,บ้านหลวง,5,6,3,นายเกรียงกมล ศรีมา,ประชาธิปัตย์,0
50,เชียงใหม่,7,แม่อาย,บ้านหลวง,5,6,4,นายสันติ ตันสุหัช,ก้าวอิสระ,5
50,เชียงใหม่,7,แม่อาย,บ้านหลวง,5,6,5,นายการุณย์ คูเจริญชัยกุล,กล้าธรรม,40
50,เชียงใหม่,7,แม่อาย,บ้านหลวง,5,6,6,นายนิธิกร วุฒินันชัย,เพื่อไทย,115
50,เชียงใหม่,7,แม่อาย,บ้านหลวง,5,6,7,นายไกร ดาบธรรม,พลังประชารัฐ,48
50,เชียงใหม่,7,แม่อาย,บ้านหลวง,5,6,8,นายพิสัณห์ อุปนันท์,เศรษฐกิจ,4
50,เชียงใหม่,7,แม่อาย,บ้านหลวง,5,6,9,นายชาญวิทยายุทธ์ อินทร์แก้ว,ประชากรไทย,3
50,เชียงใหม่,7,แม่อาย,บ้านหลวง,6,7,1,นายอดุลย์ บุญใส,ภูมิใจไทย,0
50,เชียงใหม่,7,แม่อาย,บ้านหลวง,6,7,2,นายสมดุลย์ อุตเจริญ,ประชาชน,10
50,เชียงใหม่,7,แม่อาย,บ้านหลวง,6,7,3,นายเกรียงกมล ศรีมา,ประชาธิปัตย์,1
50,เชียงใหม่,7,แม่อาย,บ้านหลวง,6,7,4,นายสันติ ตันสุหัช,ก้าวอิสระ,1
50,เชียงใหม่,7,แม่อาย,บ้านหลวง,6,7,5,นายการุณย์ คูเจริญชัยกุล,กล้าธรรม,24
50,เชียงใหม่,7,แม่อาย,บ้านหลวง,6,7,6,นายนิธิกร วุฒินันชัย,เพื่อไทย,63
50,เชียงใหม่,7,แม่อาย,บ้านหลวง,6,7,7,นายไกร ดาบธรรม,พลังประชารัฐ,25
50,เชียงใหม่,7,แม่อาย,บ้านหลวง,6,7,8,นายพิสัณห์ อุปนันท์,เศรษฐกิจ,0
50,เชียงใหม่,7,แม่อาย,บ้านหลวง,6,7,9,นายชาญวิทยายุทธ์ อินทร์แก้ว,ประชากรไทย,1
50,เชียงใหม่,7,แม่อาย,บ้านหลวง,7,8,1,นายอดุลย์ บุญใส,ภูมิใจไทย,1
50,เชียงใหม่,7,แม่อาย,บ้านหลวง,7,8,2,นายสมดุลย์ อุตเจริญ,ประชาชน,39
50,เชียงใหม่,7,แม่อาย,บ้านหลวง,7,8,3,นายเกรียงกมล ศรีมา,ประชาธิปัตย์,0
50,เชียงใหม่,7,แม่อาย,บ้านหลวง,7,8,4,นายสันติ ตันสุหัช,ก้าวอิสระ,1
50,เชียงใหม่,7,แม่อาย,บ้านหลวง,7,8,5,นายการุณย์ คูเจริญชัยกุล,กล้าธรรม,32
50,เชียงใหม่,7,แม่อาย,บ้านหลวง,7,8,6,นายนิธิกร วุฒินันชัย,เพื่อไทย,24
50,เชียงใหม่,7,แม่อาย,บ้านหลวง,7,8,7,นายไกร ดาบธรรม,พลังประชารัฐ,9
50,เชียงใหม่,7,แม่อาย,บ้านหลวง,7,8,8,นายพิสัณห์ อุปนันท์,เศรษฐกิจ,1
50,เชียงใหม่,7,แม่อาย,บ้านหลวง,7,8,9,นายชาญวิทยายุทธ์ อินทร์แก้ว,ประชากรไทย,4
50,เชียงใหม่,7,แม่อาย,บ้านหลวง,8,9,1,นายอดุลย์ บุญใส,ภูมิใจไทย,0
50,เชียงใหม่,7,แม่อาย,บ้านหลวง,8,9,2,นายสมดุลย์ อุตเจริญ,ประชาชน,19
50,เชียงใหม่,7,แม่อาย,บ้านหลวง,8,9,3,นายเกรียงกมล ศรีมา,ประชาธิปัตย์,0
50,เชียงใหม่,7,แม่อาย,บ้านหลวง,8,9,4,นายสันติ ตันสุหัช,ก้าวอิสระ,2
50,เชียงใหม่,7,แม่อาย,บ้านหลวง,8,9,5,นายการุณย์ คูเจริญชัยกุล,กล้าธรรม,31
50,เชียงใหม่,7,แม่อาย,บ้านหลวง,8,9,6,นายนิธิกร วุฒินันชัย,เพื่อไทย,75
50,เชียงใหม่,7,แม่อาย,บ้านหลวง,8,9,7,นายไกร ดาบธรรม,พลังประชารัฐ,30
50,เชียงใหม่,7,แม่อาย,บ้านหลวง,8,9,8,นายพิสัณห์ อุปนันท์,เศรษฐกิจ,0
50,เชียงใหม่,7,แม่อาย,บ้านหลวง,8,9,9,นายชาญวิทยายุทธ์ อินทร์แก้ว,ประชากรไทย,8
50,เชียงใหม่,7,แม่อาย,บ้านหลวง,9,10,1,นายอดุลย์ บุญใส,ภูมิใจไทย,5
50,เชียงใหม่,7,แม่อาย,บ้านหลวง,9,10,2,นายสมดุลย์ อุตเจริญ,ประชาชน,29
50,เชียงใหม่,7,แม่อาย,บ้านหลวง,9,10,3,นายเกรียงกมล ศรีมา,ประชาธิปัตย์,1
50,เชียงใหม่,7,แม่อาย,บ้านหลวง,9,10,4,นายสันติ ตันสุหัช,ก้าวอิสระ,3
50,เชียงใหม่,7,แม่อาย,บ้านหลวง,9,10,5,นายการุณย์ คูเจริญชัยกุล,กล้าธรรม,97
50,เชียงใหม่,7,แม่อาย,บ้านหลวง,9,10,6,นายนิธิกร วุฒินันชัย,เพื่อไทย,47
50,เชียงใหม่,7,แม่อาย,บ้านหลวง,9,10,7,นายไกร ดาบธรรม,พลังประชารัฐ,21
50,เชียงใหม่,7,แม่อาย,บ้านหลวง,9,10,8,นายพิสัณห์ อุปนันท์,เศรษฐกิจ,2
50,เชียงใหม่,7,แม่อาย,บ้านหลวง,9,10,9,นายชาญวิทยายุทธ์ อินทร์แก้ว,ประชากรไทย,4
50,เชียงใหม่,7,แม่อาย,บ้านหลวง,9,11,1,นายอดุลย์ บุญใส,ภูมิใจไทย,7
50,เชียงใหม่,7,แม่อาย,บ้านหลวง,9,11,2,นายสมดุลย์ อุตเจริญ,ประชาชน,45
50,เชียงใหม่,7,แม่อาย,บ้านหลวง,9,11,3,นายเกรียงกมล ศรีมา,ประชาธิปัตย์,2
50,เชียงใหม่,7,แม่อาย,บ้านหลวง,9,11,4,นายสันติ ตันสุหัช,ก้าวอิสระ,0
50,เชียงใหม่,7,แม่อาย,บ้านหลวง,9,11,5,นายการุณย์ คูเจริญชัยกุล,กล้าธรรม,169
50,เชียงใหม่,7,แม่อาย,บ้านหลวง,9,11,6,นายนิธิกร วุฒินันชัย,เพื่อไทย,15
50,เชียงใหม่,7,แม่อาย,บ้านหลวง,9,11,7,นายไกร ดาบธรรม,พลังประชารัฐ,8
50,เชียงใหม่,7,แม่อาย,บ้านหลวง,9,11,8,นายพิสัณห์ อุปนันท์,เศรษฐกิจ,0
50,เชียงใหม่,7,แม่อาย,บ้านหลวง,9,11,9,นายชาญวิทยายุทธ์ อินทร์แก้ว,ประชากรไทย,1
50,เชียงใหม่,7,แม่อาย,บ้านหลวง,10,12,1,นายอดุลย์ บุญใส,ภูมิใจไทย,9
50,เชียงใหม่,7,แม่อาย,บ้านหลวง,10,12,2,นายสมดุลย์ อุตเจริญ,ประชาชน,28
50,เชียงใหม่,7,แม่อาย,บ้านหลวง,10,12,3,นายเกรียงกมล ศรีมา,ประชาธิปัตย์,2
50,เชียงใหม่,7,แม่อาย,บ้านหลวง,10,12,4,นายสันติ ตันสุหัช,ก้าวอิสระ,1
50,เชียงใหม่,7,แม่อาย,บ้านหลวง,10,12,5,นายการุณย์ คูเจริญชัยกุล,กล้าธรรม,129
50,เชียงใหม่,7,แม่อาย,บ้านหลวง,10,12,6,นายนิธิกร วุฒินันชัย,เพื่อไทย,119
50,เชียงใหม่,7,แม่อาย,บ้านหลวง,10,12,7,นายไกร ดาบธรรม,พลังประชารัฐ,74
50,เชียงใหม่,7,แม่อาย,บ้านหลวง,10,12,8,นายพิสัณห์ อุปนันท์,เศรษฐกิจ,2
50,เชียงใหม่,7,แม่อาย,บ้านหลวง,10,12,9,นายชาญวิทยายุทธ์ อินทร์แก้ว,ประชากรไทย,12
50,เชียงใหม่,7,แม่อาย,บ้านหลวง,10,13,1,นายอดุลย์ บุญใส,ภูมิใจไทย,12
50,เชียงใหม่,7,แม่อาย,บ้านหลวง,10,13,2,นายสมดุลย์ อุตเจริญ,ประชาชน,32
50,เชียงใหม่,7,แม่อาย,บ้านหลวง,10,13,3,นายเกรียงกมล ศรีมา,ประชาธิปัตย์,3
50,เชียงใหม่,7,แม่อาย,บ้านหลวง,10,13,4,นายสันติ ตันสุหัช,ก้าวอิสระ,6
50,เชียงใหม่,7,แม่อาย,บ้านหลวง,10,13,5,นายการุณย์ คูเจริญชัยกุล,กล้าธรรม,173
50,เชียงใหม่,7,แม่อาย,บ้านหลวง,10,13,6,นายนิธิกร วุฒินันชัย,เพื่อไทย,82
50,เชียงใหม่,7,แม่อาย,บ้านหลวง,10,13,7,นายไกร ดาบธรรม,พลังประชารัฐ,63
50,เชียงใหม่,7,แม่อาย,บ้านหลวง,10,13,8,นายพิสัณห์ อุปนันท์,เศรษฐกิจ,1
50,เชียงใหม่,7,แม่อาย,บ้านหลวง,10,13,9,นายชาญวิทยายุทธ์ อินทร์แก้ว,ประชากรไทย,4
50,เชียงใหม่,7,แม่อาย,บ้านหลวง,11,14,1,นายอดุลย์ บุญใส,ภูมิใจไทย,12
50,เชียงใหม่,7,แม่อาย,บ้านหลวง,11,14,2,นายสมดุลย์ อุตเจริญ,ประชาชน,44
50,เชียงใหม่,7,แม่อาย,บ้านหลวง,11,14,3,นายเกรียงกมล ศรีมา,ประชาธิปัตย์,1
50,เชียงใหม่,7,แม่อาย,บ้านหลวง,11,14,4,นายสันติ ตันสุหัช,ก้าวอิสระ,2
50,เชียงใหม่,7,แม่อาย,บ้านหลวง,11,14,5,นายการุณย์ คูเจริญชัยกุล,กล้าธรรม,71
50,เชียงใหม่,7,แม่อาย,บ้านหลวง,11,14,6,นายนิธิกร วุฒินันชัย,เพื่อไทย,144
50,เชียงใหม่,7,แม่อาย,บ้านหลวง,11,14,7,นายไกร ดาบธรรม,พลังประชารัฐ,24
50,เชียงใหม่,7,แม่อาย,บ้านหลวง,11,14,8,นายพิสัณห์ อุปนันท์,เศรษฐกิจ,1
50,เชียงใหม่,7,แม่อาย,บ้านหลวง,11,14,9,นายชาญวิทยายุทธ์ อินทร์แก้ว,ประชากรไทย,15
50,เชียงใหม่,7,แม่อาย,มะลิกา,1,1,1,นายอดุลย์ บุญใส,ภูมิใจไทย,1
50,เชียงใหม่,7,แม่อาย,มะลิกา,1,1,2,นายสมดุลย์ อุตเจริญ,ประชาชน,51
50,เชียงใหม่,7,แม่อาย,มะลิกา,1,1,3,นายเกรียงกมล ศรีมา,ประชาธิปัตย์,0
50,เชียงใหม่,7,แม่อาย,มะลิกา,1,1,4,นายสันติ ตันสุหัช,ก้าวอิสระ,1
50,เชียงใหม่,7,แม่อาย,มะลิกา,1,1,5,นายการุณย์ คูเจริญชัยกุล,กล้าธรรม,76
50,เชียงใหม่,7,แม่อาย,มะลิกา,1,1,6,นายนิธิกร วุฒินันชัย,เพื่อไทย,14
50,เชียงใหม่,7,แม่อาย,มะลิกา,1,1,7,นายไกร ดาบธรรม,พลังประชารัฐ,55
50,เชียงใหม่,7,แม่อาย,มะลิกา,1,1,8,นายพิสัณห์ อุปนันท์,เศรษฐกิจ,1
50,เชียงใหม่,7,แม่อาย,มะลิกา,1,1,9,นายชาญวิทยายุทธ์ อินทร์แก้ว,ประชากรไทย,4
50,เชียงใหม่,7,แม่อาย,แม่นาวาง,1,1,1,นายอดุลย์ บุญใส,ภูมิใจไทย,2
50,เชียงใหม่,7,แม่อาย,แม่นาวาง,1,1,2,นายสมดุลย์ อุตเจริญ,ประชาชน,39
50,เชียงใหม่,7,แม่อาย,แม่นาวาง,1,1,3,นายเกรียงกมล ศรีมา,ประชาธิปัตย์,0
50,เชียงใหม่,7,แม่อาย,แม่นาวาง,1,1,4,นายสันติ ตันสุหัช,ก้าวอิสระ,10
50,เชียงใหม่,7,แม่อาย,แม่นาวาง,1,1,5,นายการุณย์ คูเจริญชัยกุล,กล้าธรรม,97
50,เชียงใหม่,7,แม่อาย,แม่นาวาง,1,1,6,นายนิธิกร วุฒินันชัย,เพื่อไทย,55
50,เชียงใหม่,7,แม่อาย,แม่นาวาง,1,1,7,นายไกร ดาบธรรม,พลังประชารัฐ,44
50,เชียงใหม่,7,แม่อาย,แม่นาวาง,1,1,8,นายพิสัณห์ อุปนันท์,เศรษฐกิจ,1
50,เชียงใหม่,7,แม่อาย,แม่นาวาง,1,1,9,นายชาญวิทยายุทธ์ อินทร์แก้ว,ประชากรไทย,1
50,เชียงใหม่,7,แม่อาย,แม่นาวาง,2,2,1,นายอดุลย์ บุญใส,ภูมิใจไทย,12
50,เชียงใหม่,7,แม่อาย,แม่นาวาง,2,2,2,นายสมดุลย์ อุตเจริญ,ประชาชน,50
50,เชียงใหม่,7,แม่อาย,แม่นาวาง,2,2,3,นายเกรียงกมล ศรีมา,ประชาธิปัตย์,1
50,เชียงใหม่,7,แม่อาย,แม่นาวาง,2,2,4,นายสันติ ตันสุหัช,ก้าวอิสระ,0
50,เชียงใหม่,7,แม่อาย,แม่นาวาง,2,2,5,นายการุณย์ คูเจริญชัยกุล,กล้าธรรม,78
50,เชียงใหม่,7,แม่อาย,แม่นาวาง,2,2,6,นายนิธิกร วุฒินันชัย,เพื่อไทย,161
50,เชียงใหม่,7,แม่อาย,แม่นาวาง,2,2,7,นายไกร ดาบธรรม,พลังประชารัฐ,64
50,เชียงใหม่,7,แม่อาย,แม่นาวาง,2,2,8,นายพิสัณห์ อุปนันท์,เศรษฐกิจ,4
50,เชียงใหม่,7,แม่อาย,แม่นาวาง,2,2,9,นายชาญวิทยายุทธ์ อินทร์แก้ว,ประชากรไทย,4
50,เชียงใหม่,7,แม่อาย,แม่นาวาง,3,3,1,นายอดุลย์ บุญใส,ภูมิใจไทย,6
50,เชียงใหม่,7,แม่อาย,แม่นาวาง,3,3,2,นายสมดุลย์ อุตเจริญ,ประชาชน,22
50,เชียงใหม่,7,แม่อาย,แม่นาวาง,3,3,3,นายเกรียงกมล ศรีมา,ประชาธิปัตย์,1
50,เชียงใหม่,7,แม่อาย,แม่นาวาง,3,3,4,นายสันติ ตันสุหัช,ก้าวอิสระ,2
50,เชียงใหม่,7,แม่อาย,แม่นาวาง,3,3,5,นายการุณย์ คูเจริญชัยกุล,กล้าธรรม,67
50,เชียงใหม่,7,แม่อาย,แม่นาวาง,3,3,6,นายนิธิกร วุฒินันชัย,เพื่อไทย,39
50,เชียงใหม่,7,แม่อาย,แม่นาวาง,3,3,7,นายไกร ดาบธรรม,พลังประชารัฐ,25
50,เชียงใหม่,7,แม่อาย,แม่นาวาง,3,3,8,นายพิสัณห์ อุปนันท์,เศรษฐกิจ,1
50,เชียงใหม่,7,แม่อาย,แม่นาวาง,3,3,9,นายชาญวิทยายุทธ์ อินทร์แก้ว,ประชากรไทย,3
50,เชียงใหม่,7,แม่อาย,แม่นาวาง,4,4,1,นายอดุลย์ บุญใส,ภูมิใจไทย,3
50,เชียงใหม่,7,แม่อาย,แม่นาวาง,4,4,2,นายสมดุลย์ อุตเจริญ,ประชาชน,41
50,เชียงใหม่,7,แม่อาย,แม่นาวาง,4,4,3,นายเกรียงกมล ศรีมา,ประชาธิปัตย์,2
50,เชียงใหม่,7,แม่อาย,แม่นาวาง,4,4,4,นายสันติ ตันสุหัช,ก้าวอิสระ,0
50,เชียงใหม่,7,แม่อาย,แม่นาวาง,4,4,5,นายการุณย์ คูเจริญชัยกุล,กล้าธรรม,152
50,เชียงใหม่,7,แม่อาย,แม่นาวาง,4,4,6,นายนิธิกร วุฒินันชัย,เพื่อไทย,69
50,เชียงใหม่,7,แม่อาย,แม่นาวาง,4,4,7,นายไกร ดาบธรรม,พลังประชารัฐ,60
50,เชียงใหม่,7,แม่อาย,แม่นาวาง,4,4,8,นายพิสัณห์ อุปนันท์,เศรษฐกิจ,2
50,เชียงใหม่,7,แม่อาย,แม่นาวาง,4,4,9,นายชาญวิทยายุทธ์ อินทร์แก้ว,ประชากรไทย,5
50,เชียงใหม่,7,แม่อาย,แม่นาวาง,5,5,1,นายอดุลย์ บุญใส,ภูมิใจไทย,18
50,เชียงใหม่,7,แม่อาย,แม่นาวาง,5,5,2,นายสมดุลย์ อุตเจริญ,ประชาชน,46
50,เชียงใหม่,7,แม่อาย,แม่นาวาง,5,5,3,นายเกรียงกมล ศรีมา,ประชาธิปัตย์,2
50,เชียงใหม่,7,แม่อาย,แม่นาวาง,5,5,4,นายสันติ ตันสุหัช,ก้าวอิสระ,7
50,เชียงใหม่,7,แม่อาย,แม่นาวาง,5,5,5,นายการุณย์ คูเจริญชัยกุล,กล้าธรรม,181
50,เชียงใหม่,7,แม่อาย,แม่นาวาง,5,5,6,นายนิธิกร วุฒินันชัย,เพื่อไทย,65
50,เชียงใหม่,7,แม่อาย,แม่นาวาง,5,5,7,นายไกร ดาบธรรม,พลังประชารัฐ,83
50,เชียงใหม่,7,แม่อาย,แม่นาวาง,5,5,8,นายพิสัณห์ อุปนันท์,เศรษฐกิจ,4
50,เชียงใหม่,7,แม่อาย,แม่นาวาง,5,5,9,นายชาญวิทยายุทธ์ อินทร์แก้ว,ประชากรไทย,9
50,เชียงใหม่,7,แม่อาย,แม่นาวาง,5,6,1,นายอดุลย์ บุญใส,ภูมิใจไทย,9
50,เชียงใหม่,7,แม่อาย,แม่นาวาง,5,6,2,นายสมดุลย์ อุตเจริญ,ประชาชน,22
50,เชียงใหม่,7,แม่อาย,แม่นาวาง,5,6,3,นายเกรียงกมล ศรีมา,ประชาธิปัตย์,4
50,เชียงใหม่,7,แม่อาย,แม่นาวาง,5,6,4,นายสันติ ตันสุหัช,ก้าวอิสระ,3
50,เชียงใหม่,7,แม่อาย,แม่นาวาง,5,6,5,นายการุณย์ คูเจริญชัยกุล,กล้าธรรม,345
50,เชียงใหม่,7,แม่อาย,แม่นาวาง,5,6,6,นายนิธิกร วุฒินันชัย,เพื่อไทย,8
50,เชียงใหม่,7,แม่อาย,แม่นาวาง,5,6,7,นายไกร ดาบธรรม,พลังประชารัฐ,57
50,เชียงใหม่,7,แม่อาย,แม่นาวาง,5,6,8,นายพิสัณห์ อุปนันท์,เศรษฐกิจ,0
50,เชียงใหม่,7,แม่อาย,แม่นาวาง,5,6,9,นายชาญวิทยายุทธ์ อินทร์แก้ว,ประชากรไทย,0
50,เชียงใหม่,7,แม่อาย,แม่นาวาง,6,7,1,นายอดุลย์ บุญใส,ภูมิใจไทย,0
50,เชียงใหม่,7,แม่อาย,แม่นาวาง,6,7,2,นายสมดุลย์ อุตเจริญ,ประชาชน,18
50,เชียงใหม่,7,แม่อาย,แม่นาวาง,6,7,3,นายเกรียงกมล ศรีมา,ประชาธิปัตย์,1
50,เชียงใหม่,7,แม่อาย,แม่นาวาง,6,7,4,นายสันติ ตันสุหัช,ก้าวอิสระ,3
50,เชียงใหม่,7,แม่อาย,แม่นาวาง,6,7,5,นายการุณย์ คูเจริญชัยกุล,กล้าธรรม,124
50,เชียงใหม่,7,แม่อาย,แม่นาวาง,6,7,6,นายนิธิกร วุฒินันชัย,เพื่อไทย,32
50,เชียงใหม่,7,แม่อาย,แม่นาวาง,6,7,7,นายไกร ดาบธรรม,พลังประชารัฐ,35
50,เชียงใหม่,7,แม่อาย,แม่นาวาง,6,7,8,นายพิสัณห์ อุปนันท์,เศรษฐกิจ,0
50,เชียงใหม่,7,แม่อาย,แม่นาวาง,6,7,9,นายชาญวิทยายุทธ์ อินทร์แก้ว,ประชากรไทย,6
50,เชียงใหม่,7,แม่อาย,แม่นาวาง,6,8,1,นายอดุลย์ บุญใส,ภูมิใจไทย,4
50,เชียงใหม่,7,แม่อาย,แม่นาวาง,6,8,2,นายสมดุลย์ อุตเจริญ,ประชาชน,17
50,เชียงใหม่,7,แม่อาย,แม่นาวาง,6,8,3,นายเกรียงกมล ศรีมา,ประชาธิปัตย์,0
50,เชียงใหม่,7,แม่อาย,แม่นาวาง,6,8,4,นายสันติ ตันสุหัช,ก้าวอิสระ,4
50,เชียงใหม่,7,แม่อาย,แม่นาวาง,6,8,5,นายการุณย์ คูเจริญชัยกุล,กล้าธรรม,150
50,เชียงใหม่,7,แม่อาย,แม่นาวาง,6,8,6,นายนิธิกร วุฒินันชัย,เพื่อไทย,31
50,เชียงใหม่,7,แม่อาย,แม่นาวาง,6,8,7,นายไกร ดาบธรรม,พลังประชารัฐ,24
50,เชียงใหม่,7,แม่อาย,แม่นาวาง,6,8,8,นายพิสัณห์ อุปนันท์,เศรษฐกิจ,0
50,เชียงใหม่,7,แม่อาย,แม่นาวาง,6,8,9,นายชาญวิทยายุทธ์ อินทร์แก้ว,ประชากรไทย,5
50,เชียงใหม่,7,แม่อาย,แม่นาวาง,7,9,1,นายอดุลย์ บุญใส,ภูมิใจไทย,17
50,เชียงใหม่,7,แม่อาย,แม่นาวาง,7,9,2,นายสมดุลย์ อุตเจริญ,ประชาชน,30
50,เชียงใหม่,7,แม่อาย,แม่นาวาง,7,9,3,นายเกรียงกมล ศรีมา,ประชาธิปัตย์,3
50,เชียงใหม่,7,แม่อาย,แม่นาวาง,7,9,4,นายสันติ ตันสุหัช,ก้าวอิสระ,2
50,เชียงใหม่,7,แม่อาย,แม่นาวาง,7,9,5,นายการุณย์ คูเจริญชัยกุล,กล้าธรรม,197
50,เชียงใหม่,7,แม่อาย,แม่นาวาง,7,9,6,นายนิธิกร วุฒินันชัย,เพื่อไทย,38
50,เชียงใหม่,7,แม่อาย,แม่นาวาง,7,9,7,นายไกร ดาบธรรม,พลังประชารัฐ,62
50,เชียงใหม่,7,แม่อาย,แม่นาวาง,7,9,8,นายพิสัณห์ อุปนันท์,เศรษฐกิจ,2
50,เชียงใหม่,7,แม่อาย,แม่นาวาง,7,9,9,นายชาญวิทยายุทธ์ อินทร์แก้ว,ประชากรไทย,3
50,เชียงใหม่,7,แม่อาย,แม่นาวาง,7,10,1,นายอดุลย์ บุญใส,ภูมิใจไทย,15
50,เชียงใหม่,7,แม่อาย,แม่นาวาง,7,10,2,นายสมดุลย์ อุตเจริญ,ประชาชน,31
50,เชียงใหม่,7,แม่อาย,แม่นาวาง,7,10,3,นายเกรียงกมล ศรีมา,ประชาธิปัตย์,1
50,เชียงใหม่,7,แม่อาย,แม่นาวาง,7,10,4,นายสันติ ตันสุหัช,ก้าวอิสระ,2
50,เชียงใหม่,7,แม่อาย,แม่นาวาง,7,10,5,นายการุณย์ คูเจริญชัยกุล,กล้าธรรม,261
50,เชียงใหม่,7,แม่อาย,แม่นาวาง,7,10,6,นายนิธิกร วุฒินันชัย,เพื่อไทย,30
50,เชียงใหม่,7,แม่อาย,แม่นาวาง,7,10,7,นายไกร ดาบธรรม,พลังประชารัฐ,24
50,เชียงใหม่,7,แม่อาย,แม่นาวาง,7,10,8,นายพิสัณห์ อุปนันท์,เศรษฐกิจ,0
50,เชียงใหม่,7,แม่อาย,แม่นาวาง,7,10,9,นายชาญวิทยายุทธ์ อินทร์แก้ว,ประชากรไทย,1
50,เชียงใหม่,7,แม่อาย,แม่นาวาง,8,11,1,นายอดุลย์ บุญใส,ภูมิใจไทย,7
50,เชียงใหม่,7,แม่อาย,แม่นาวาง,8,11,2,นายสมดุลย์ อุตเจริญ,ประชาชน,38
50,เชียงใหม่,7,แม่อาย,แม่นาวาง,8,11,3,นายเกรียงกมล ศรีมา,ประชาธิปัตย์,3
50,เชียงใหม่,7,แม่อาย,แม่นาวาง,8,11,4,นายสันติ ตันสุหัช,ก้าวอิสระ,2
50,เชียงใหม่,7,แม่อาย,แม่นาวาง,8,11,5,นายการุณย์ คูเจริญชัยกุล,กล้าธรรม,145
50,เชียงใหม่,7,แม่อาย,แม่นาวาง,8,11,6,นายนิธิกร วุฒินันชัย,เพื่อไทย,79
50,เชียงใหม่,7,แม่อาย,แม่นาวาง,8,11,7,นายไกร ดาบธรรม,พลังประชารัฐ,91
50,เชียงใหม่,7,แม่อาย,แม่นาวาง,8,11,8,นายพิสัณห์ อุปนันท์,เศรษฐกิจ,4
50,เชียงใหม่,7,แม่อาย,แม่นาวาง,8,11,9,นายชาญวิทยายุทธ์ อินทร์แก้ว,ประชากรไทย,11
50,เชียงใหม่,7,แม่อาย,แม่นาวาง,9,12,1,นายอดุลย์ บุญใส,ภูมิใจไทย,7
50,เชียงใหม่,7,แม่อาย,แม่นาวาง,9,12,2,นายสมดุลย์ อุตเจริญ,ประชาชน,30
50,เชียงใหม่,7,แม่อาย,แม่นาวาง,9,12,3,นายเกรียงกมล ศรีมา,ประชาธิปัตย์,2
50,เชียงใหม่,7,แม่อาย,แม่นาวาง,9,12,4,นายสันติ ตันสุหัช,ก้าวอิสระ,2
50,เชียงใหม่,7,แม่อาย,แม่นาวาง,9,12,5,นายการุณย์ คูเจริญชัยกุล,กล้าธรรม,86
50,เชียงใหม่,7,แม่อาย,แม่นาวาง,9,12,6,นายนิธิกร วุฒินันชัย,เพื่อไทย,24
50,เชียงใหม่,7,แม่อาย,แม่นาวาง,9,12,7,นายไกร ดาบธรรม,พลังประชารัฐ,38
50,เชียงใหม่,7,แม่อาย,แม่นาวาง,9,12,8,นายพิสัณห์ อุปนันท์,เศรษฐกิจ,0
50,เชียงใหม่,7,แม่อาย,แม่นาวาง,9,12,9,นายชาญวิทยายุทธ์ อินทร์แก้ว,ประชากรไทย,2
50,เชียงใหม่,7,แม่อาย,แม่นาวาง,10,13,1,นายอดุลย์ บุญใส,ภูมิใจไทย,6
50,เชียงใหม่,7,แม่อาย,แม่นาวาง,10,13,2,นายสมดุลย์ อุตเจริญ,ประชาชน,37
50,เชียงใหม่,7,แม่อาย,แม่นาวาง,10,13,3,นายเกรียงกมล ศรีมา,ประชาธิปัตย์,1
50,เชียงใหม่,7,แม่อาย,แม่นาวาง,10,13,4,นายสันติ ตันสุหัช,ก้าวอิสระ,0
50,เชียงใหม่,7,แม่อาย,แม่นาวาง,10,13,5,นายการุณย์ คูเจริญชัยกุล,กล้าธรรม,73
50,เชียงใหม่,7,แม่อาย,แม่นาวาง,10,13,6,นายนิธิกร วุฒินันชัย,เพื่อไทย,91
50,เชียงใหม่,7,แม่อาย,แม่นาวาง,10,13,7,นายไกร ดาบธรรม,พลังประชารัฐ,10
50,เชียงใหม่,7,แม่อาย,แม่นาวาง,10,13,8,นายพิสัณห์ อุปนันท์,เศรษฐกิจ,3
50,เชียงใหม่,7,แม่อาย,แม่นาวาง,10,13,9,นายชาญวิทยายุทธ์ อินทร์แก้ว,ประชากรไทย,4
50,เชียงใหม่,7,แม่อาย,แม่นาวาง,11,14,1,นายอดุลย์ บุญใส,ภูมิใจไทย,13
50,เชียงใหม่,7,แม่อาย,แม่นาวาง,11,14,2,นายสมดุลย์ อุตเจริญ,ประชาชน,55
50,เชียงใหม่,7,แม่อาย,แม่นาวาง,11,14,3,นายเกรียงกมล ศรีมา,ประชาธิปัตย์,4
50,เชียงใหม่,7,แม่อาย,แม่นาวาง,11,14,4,นายสันติ ตันสุหัช,ก้าวอิสระ,2
50,เชียงใหม่,7,แม่อาย,แม่นาวาง,11,14,5,นายการุณย์ คูเจริญชัยกุล,กล้าธรรม,166
50,เชียงใหม่,7,แม่อาย,แม่นาวาง,11,14,6,นายนิธิกร วุฒินันชัย,เพื่อไทย,41
50,เชียงใหม่,7,แม่อาย,แม่นาวาง,11,14,7,นายไกร ดาบธรรม,พลังประชารัฐ,104
50,เชียงใหม่,7,แม่อาย,แม่นาวาง,11,14,8,นายพิสัณห์ อุปนันท์,เศรษฐกิจ,3
50,เชียงใหม่,7,แม่อาย,แม่นาวาง,11,14,9,นายชาญวิทยายุทธ์ อินทร์แก้ว,ประชากรไทย,0
50,เชียงใหม่,7,แม่อาย,แม่นาวาง,12,15,1,นายอดุลย์ บุญใส,ภูมิใจไทย,2
50,เชียงใหม่,7,แม่อาย,แม่นาวาง,12,15,2,นายสมดุลย์ อุตเจริญ,ประชาชน,25
50,เชียงใหม่,7,แม่อาย,แม่นาวาง,12,15,3,นายเกรียงกมล ศรีมา,ประชาธิปัตย์,0
50,เชียงใหม่,7,แม่อาย,แม่นาวาง,12,15,4,นายสันติ ตันสุหัช,ก้าวอิสระ,0
50,เชียงใหม่,7,แม่อาย,แม่นาวาง,12,15,5,นายการุณย์ คูเจริญชัยกุล,กล้าธรรม,68
50,เชียงใหม่,7,แม่อาย,แม่นาวาง,12,15,6,นายนิธิกร วุฒินันชัย,เพื่อไทย,70
50,เชียงใหม่,7,แม่อาย,แม่นาวาง,12,15,7,นายไกร ดาบธรรม,พลังประชารัฐ,20
50,เชียงใหม่,7,แม่อาย,แม่นาวาง,12,15,8,นายพิสัณห์ อุปนันท์,เศรษฐกิจ,1
50,เชียงใหม่,7,แม่อาย,แม่นาวาง,12,15,9,นายชาญวิทยายุทธ์ อินทร์แก้ว,ประชากรไทย,2
50,เชียงใหม่,7,แม่อาย,แม่นาวาง,13,16,1,นายอดุลย์ บุญใส,ภูมิใจไทย,13
50,เชียงใหม่,7,แม่อาย,แม่นาวาง,13,16,2,นายสมดุลย์ อุตเจริญ,ประชาชน,27
50,เชียงใหม่,7,แม่อาย,แม่นาวาง,13,16,3,นายเกรียงกมล ศรีมา,ประชาธิปัตย์,3
50,เชียงใหม่,7,แม่อาย,แม่นาวาง,13,16,4,นายสันติ ตันสุหัช,ก้าวอิสระ,1
50,เชียงใหม่,7,แม่อาย,แม่นาวาง,13,16,5,นายการุณย์ คูเจริญชัยกุล,กล้าธรรม,155
50,เชียงใหม่,7,แม่อาย,แม่นาวาง,13,16,6,นายนิธิกร วุฒินันชัย,เพื่อไทย,56
50,เชียงใหม่,7,แม่อาย,แม่นาวาง,13,16,7,นายไกร ดาบธรรม,พลังประชารัฐ,67
50,เชียงใหม่,7,แม่อาย,แม่นาวาง,13,16,8,นายพิสัณห์ อุปนันท์,เศรษฐกิจ,0
50,เชียงใหม่,7,แม่อาย,แม่นาวาง,13,16,9,นายชาญวิทยายุทธ์ อินทร์แก้ว,ประชากรไทย,14
50,เชียงใหม่,7,แม่อาย,แม่นาวาง,13,17,1,นายอดุลย์ บุญใส,ภูมิใจไทย,19
50,เชียงใหม่,7,แม่อาย,แม่นาวาง,13,17,2,นายสมดุลย์ อุตเจริญ,ประชาชน,47
50,เชียงใหม่,7,แม่อาย,แม่นาวาง,13,17,3,นายเกรียงกมล ศรีมา,ประชาธิปัตย์,2
50,เชียงใหม่,7,แม่อาย,แม่นาวาง,13,17,4,นายสันติ ตันสุหัช,ก้าวอิสระ,2
50,เชียงใหม่,7,แม่อาย,แม่นาวาง,13,17,5,นายการุณย์ คูเจริญชัยกุล,กล้าธรรม,146
50,เชียงใหม่,7,แม่อาย,แม่นาวาง,13,17,6,นายนิธิกร วุฒินันชัย,เพื่อไทย,56
50,เชียงใหม่,7,แม่อาย,แม่นาวาง,13,17,7,นายไกร ดาบธรรม,พลังประชารัฐ,84
50,เชียงใหม่,7,แม่อาย,แม่นาวาง,13,17,8,นายพิสัณห์ อุปนันท์,เศรษฐกิจ,1
50,เชียงใหม่,7,แม่อาย,แม่นาวาง,13,17,9,นายชาญวิทยายุทธ์ อินทร์แก้ว,ประชากรไทย,6
50,เชียงใหม่,7,แม่อาย,แม่นาวาง,14,18,1,นายอดุลย์ บุญใส,ภูมิใจไทย,6
50,เชียงใหม่,7,แม่อาย,แม่นาวาง,14,18,2,นายสมดุลย์ อุตเจริญ,ประชาชน,57
50,เชียงใหม่,7,แม่อาย,แม่นาวาง,14,18,3,นายเกรียงกมล ศรีมา,ประชาธิปัตย์,1
50,เชียงใหม่,7,แม่อาย,แม่นาวาง,14,18,4,นายสันติ ตันสุหัช,ก้าวอิสระ,2
50,เชียงใหม่,7,แม่อาย,แม่นาวาง,14,18,5,นายการุณย์ คูเจริญชัยกุล,กล้าธรรม,73
50,เชียงใหม่,7,แม่อาย,แม่นาวาง,14,18,6,นายนิธิกร วุฒินันชัย,เพื่อไทย,55
50,เชียงใหม่,7,แม่อาย,แม่นาวาง,14,18,7,นายไกร ดาบธรรม,พลังประชารัฐ,138
50,เชียงใหม่,7,แม่อาย,แม่นาวาง,14,18,8,นายพิสัณห์ อุปนันท์,เศรษฐกิจ,4
50,เชียงใหม่,7,แม่อาย,แม่นาวาง,14,18,9,นายชาญวิทยายุทธ์ อินทร์แก้ว,ประชากรไทย,3
50,เชียงใหม่,7,แม่อาย,แม่นาวาง,15,19,1,นายอดุลย์ บุญใส,ภูมิใจไทย,4
50,เชียงใหม่,7,แม่อาย,แม่นาวาง,15,19,2,นายสมดุลย์ อุตเจริญ,ประชาชน,28
50,เชียงใหม่,7,แม่อาย,แม่นาวาง,15,19,3,นายเกรียงกมล ศรีมา,ประชาธิปัตย์,2
50,เชียงใหม่,7,แม่อาย,แม่นาวาง,15,19,4,นายสันติ ตันสุหัช,ก้าวอิสระ,2
50,เชียงใหม่,7,แม่อาย,แม่นาวาง,15,19,5,นายการุณย์ คูเจริญชัยกุล,กล้าธรรม,90
50,เชียงใหม่,7,แม่อาย,แม่นาวาง,15,19,6,นายนิธิกร วุฒินันชัย,เพื่อไทย,73
50,เชียงใหม่,7,แม่อาย,แม่นาวาง,15,19,7,นายไกร ดาบธรรม,พลังประชารัฐ,56
50,เชียงใหม่,7,แม่อาย,แม่นาวาง,15,19,8,นายพิสัณห์ อุปนันท์,เศรษฐกิจ,0
50,เชียงใหม่,7,แม่อาย,แม่นาวาง,15,19,9,นายชาญวิทยายุทธ์ อินทร์แก้ว,ประชากรไทย,6
50,เชียงใหม่,7,แม่อาย,แม่นาวาง,16,20,1,นายอดุลย์ บุญใส,ภูมิใจไทย,5
50,เชียงใหม่,7,แม่อาย,แม่นาวาง,16,20,2,นายสมดุลย์ อุตเจริญ,ประชาชน,40
50,เชียงใหม่,7,แม่อาย,แม่นาวาง,16,20,3,นายเกรียงกมล ศรีมา,ประชาธิปัตย์,1
50,เชียงใหม่,7,แม่อาย,แม่นาวาง,16,20,4,นายสันติ ตันสุหัช,ก้าวอิสระ,1
50,เชียงใหม่,7,แม่อาย,แม่นาวาง,16,20,5,นายการุณย์ คูเจริญชัยกุล,กล้าธรรม,131
50,เชียงใหม่,7,แม่อาย,แม่นาวาง,16,20,6,นายนิธิกร วุฒินันชัย,เพื่อไทย,49
50,เชียงใหม่,7,แม่อาย,แม่นาวาง,16,20,7,นายไกร ดาบธรรม,พลังประชารัฐ,60
50,เชียงใหม่,7,แม่อาย,แม่นาวาง,16,20,8,นายพิสัณห์ อุปนันท์,เศรษฐกิจ,2
50,เชียงใหม่,7,แม่อาย,แม่นาวาง,16,20,9,นายชาญวิทยายุทธ์ อินทร์แก้ว,ประชากรไทย,2
50,เชียงใหม่,7,แม่อาย,แม่นาวาง,17,21,1,นายอดุลย์ บุญใส,ภูมิใจไทย,7
50,เชียงใหม่,7,แม่อาย,แม่นาวาง,17,21,2,นายสมดุลย์ อุตเจริญ,ประชาชน,60
50,เชียงใหม่,7,แม่อาย,แม่นาวาง,17,21,3,นายเกรียงกมล ศรีมา,ประชาธิปัตย์,2
50,เชียงใหม่,7,แม่อาย,แม่นาวาง,17,21,4,นายสันติ ตันสุหัช,ก้าวอิสระ,0
50,เชียงใหม่,7,แม่อาย,แม่นาวาง,17,21,5,นายการุณย์ คูเจริญชัยกุล,กล้าธรรม,108
50,เชียงใหม่,7,แม่อาย,แม่นาวาง,17,21,6,นายนิธิกร วุฒินันชัย,เพื่อไทย,70
50,เชียงใหม่,7,แม่อาย,แม่นาวาง,17,21,7,นายไกร ดาบธรรม,พลังประชารัฐ,40
50,เชียงใหม่,7,แม่อาย,แม่นาวาง,17,21,8,นายพิสัณห์ อุปนันท์,เศรษฐกิจ,2
50,เชียงใหม่,7,แม่อาย,แม่นาวาง,17,21,9,นายชาญวิทยายุทธ์ อินทร์แก้ว,ประชากรไทย,3
50,เชียงใหม่,7,แม่อาย,แม่สาว,1,1,1,นายอดุลย์ บุญใส,ภูมิใจไทย,5
50,เชียงใหม่,7,แม่อาย,แม่สาว,1,1,2,นายสมดุลย์ อุตเจริญ,ประชาชน,38
50,เชียงใหม่,7,แม่อาย,แม่สาว,1,1,3,นายเกรียงกมล ศรีมา,ประชาธิปัตย์,0
50,เชียงใหม่,7,แม่อาย,แม่สาว,1,1,4,นายสันติ ตันสุหัช,ก้าวอิสระ,0
50,เชียงใหม่,7,แม่อาย,แม่สาว,1,1,5,นายการุณย์ คูเจริญชัยกุล,กล้าธรรม,34
50,เชียงใหม่,7,แม่อาย,แม่สาว,1,1,6,นายนิธิกร วุฒินันชัย,เพื่อไทย,91
50,เชียงใหม่,7,แม่อาย,แม่สาว,1,1,7,นายไกร ดาบธรรม,พลังประชารัฐ,39
50,เชียงใหม่,7,แม่อาย,แม่สาว,1,1,8,นายพิสัณห์ อุปนันท์,เศรษฐกิจ,4
50,เชียงใหม่,7,แม่อาย,แม่สาว,1,1,9,นายชาญวิทยายุทธ์ อินทร์แก้ว,ประชากรไทย,6
50,เชียงใหม่,7,แม่อาย,แม่สาว,2,2,1,นายอดุลย์ บุญใส,ภูมิใจไทย,10
50,เชียงใหม่,7,แม่อาย,แม่สาว,2,2,2,นายสมดุลย์ อุตเจริญ,ประชาชน,72
50,เชียงใหม่,7,แม่อาย,แม่สาว,2,2,3,นายเกรียงกมล ศรีมา,ประชาธิปัตย์,1
50,เชียงใหม่,7,แม่อาย,แม่สาว,2,2,4,นายสันติ ตันสุหัช,ก้าวอิสระ,1
50,เชียงใหม่,7,แม่อาย,แม่สาว,2,2,5,นายการุณย์ คูเจริญชัยกุล,กล้าธรรม,50
50,เชียงใหม่,7,แม่อาย,แม่สาว,2,2,6,นายนิธิกร วุฒินันชัย,เพื่อไทย,100
50,เชียงใหม่,7,แม่อาย,แม่สาว,2,2,7,นายไกร ดาบธรรม,พลังประชารัฐ,108
50,เชียงใหม่,7,แม่อาย,แม่สาว,2,2,8,นายพิสัณห์ อุปนันท์,เศรษฐกิจ,3
50,เชียงใหม่,7,แม่อาย,แม่สาว,2,2,9,นายชาญวิทยายุทธ์ อินทร์แก้ว,ประชากรไทย,3
50,เชียงใหม่,7,แม่อาย,แม่สาว,3,3,1,นายอดุลย์ บุญใส,ภูมิใจไทย,1
50,เชียงใหม่,7,แม่อาย,แม่สาว,3,3,2,นายสมดุลย์ อุตเจริญ,ประชาชน,39
50,เชียงใหม่,7,แม่อาย,แม่สาว,3,3,3,นายเกรียงกมล ศรีมา,ประชาธิปัตย์,1
50,เชียงใหม่,7,แม่อาย,แม่สาว,3,3,4,นายสันติ ตันสุหัช,ก้าวอิสระ,0
50,เชียงใหม่,7,แม่อาย,แม่สาว,3,3,5,นายการุณย์ คูเจริญชัยกุล,กล้าธรรม,143
50,เชียงใหม่,7,แม่อาย,แม่สาว,3,3,6,นายนิธิกร วุฒินันชัย,เพื่อไทย,73
50,เชียงใหม่,7,แม่อาย,แม่สาว,3,3,7,นายไกร ดาบธรรม,พลังประชารัฐ,86
50,เชียงใหม่,7,แม่อาย,แม่สาว,3,3,8,นายพิสัณห์ อุปนันท์,เศรษฐกิจ,2
50,เชียงใหม่,7,แม่อาย,แม่สาว,3,3,9,นายชาญวิทยายุทธ์ อินทร์แก้ว,ประชากรไทย,4
50,เชียงใหม่,7,แม่อาย,แม่สาว,4,4,1,นายอดุลย์ บุญใส,ภูมิใจไทย,9
50,เชียงใหม่,7,แม่อาย,แม่สาว,4,4,2,นายสมดุลย์ อุตเจริญ,ประชาชน,58
50,เชียงใหม่,7,แม่อาย,แม่สาว,4,4,3,นายเกรียงกมล ศรีมา,ประชาธิปัตย์,2
50,เชียงใหม่,7,แม่อาย,แม่สาว,4,4,4,นายสันติ ตันสุหัช,ก้าวอิสระ,2
50,เชียงใหม่,7,แม่อาย,แม่สาว,4,4,5,นายการุณย์ คูเจริญชัยกุล,กล้าธรรม,26
50,เชียงใหม่,7,แม่อาย,แม่สาว,4,4,6,นายนิธิกร วุฒินันชัย,เพื่อไทย,53
50,เชียงใหม่,7,แม่อาย,แม่สาว,4,4,7,นายไกร ดาบธรรม,พลังประชารัฐ,57
50,เชียงใหม่,7,แม่อาย,แม่สาว,4,4,8,นายพิสัณห์ อุปนันท์,เศรษฐกิจ,2
50,เชียงใหม่,7,แม่อาย,แม่สาว,4,4,9,นายชาญวิทยายุทธ์ อินทร์แก้ว,ประชากรไทย,4
50,เชียงใหม่,7,แม่อาย,แม่สาว,5,5,1,นายอดุลย์ บุญใส,ภูมิใจไทย,6
50,เชียงใหม่,7,แม่อาย,แม่สาว,5,5,2,นายสมดุลย์ อุตเจริญ,ประชาชน,83
50,เชียงใหม่,7,แม่อาย,แม่สาว,5,5,3,นายเกรียงกมล ศรีมา,ประชาธิปัตย์,2
50,เชียงใหม่,7,แม่อาย,แม่สาว,5,5,4,นายสันติ ตันสุหัช,ก้าวอิสระ,1
50,เชียงใหม่,7,แม่อาย,แม่สาว,5,5,5,นายการุณย์ คูเจริญชัยกุล,กล้าธรรม,109
50,เชียงใหม่,7,แม่อาย,แม่สาว,5,5,6,นายนิธิกร วุฒินันชัย,เพื่อไทย,76
50,เชียงใหม่,7,แม่อาย,แม่สาว,5,5,7,นายไกร ดาบธรรม,พลังประชารัฐ,91
50,เชียงใหม่,7,แม่อาย,แม่สาว,5,5,8,นายพิสัณห์ อุปนันท์,เศรษฐกิจ,4
50,เชียงใหม่,7,แม่อาย,แม่สาว,5,5,9,นายชาญวิทยายุทธ์ อินทร์แก้ว,ประชากรไทย,5
50,เชียงใหม่,7,แม่อาย,แม่สาว,6,6,1,นายอดุลย์ บุญใส,ภูมิใจไทย,11
50,เชียงใหม่,7,แม่อาย,แม่สาว,6,6,2,นายสมดุลย์ อุตเจริญ,ประชาชน,55
50,เชียงใหม่,7,แม่อาย,แม่สาว,6,6,3,นายเกรียงกมล ศรีมา,ประชาธิปัตย์,1
50,เชียงใหม่,7,แม่อาย,แม่สาว,6,6,4,นายสันติ ตันสุหัช,ก้าวอิสระ,2
50,เชียงใหม่,7,แม่อาย,แม่สาว,6,6,5,นายการุณย์ คูเจริญชัยกุล,กล้าธรรม,72
50,เชียงใหม่,7,แม่อาย,แม่สาว,6,6,6,นายนิธิกร วุฒินันชัย,เพื่อไทย,45
50,เชียงใหม่,7,แม่อาย,แม่สาว,6,6,7,นายไกร ดาบธรรม,พลังประชารัฐ,101
50,เชียงใหม่,7,แม่อาย,แม่สาว,6,6,8,นายพิสัณห์ อุปนันท์,เศรษฐกิจ,2
50,เชียงใหม่,7,แม่อาย,แม่สาว,6,6,9,นายชาญวิทยายุทธ์ อินทร์แก้ว,ประชากรไทย,6
50,เชียงใหม่,7,แม่อาย,แม่สาว,6,7,1,นายอดุลย์ บุญใส,ภูมิใจไทย,18
50,เชียงใหม่,7,แม่อาย,แม่สาว,6,7,2,นายสมดุลย์ อุตเจริญ,ประชาชน,71
50,เชียงใหม่,7,แม่อาย,แม่สาว,6,7,3,นายเกรียงกมล ศรีมา,ประชาธิปัตย์,2
50,เชียงใหม่,7,แม่อาย,แม่สาว,6,7,4,นายสันติ ตันสุหัช,ก้าวอิสระ,3
50,เชียงใหม่,7,แม่อาย,แม่สาว,6,7,5,นายการุณย์ คูเจริญชัยกุล,กล้าธรรม,40
50,เชียงใหม่,7,แม่อาย,แม่สาว,6,7,6,นายนิธิกร วุฒินันชัย,เพื่อไทย,27
50,เชียงใหม่,7,แม่อาย,แม่สาว,6,7,7,นายไกร ดาบธรรม,พลังประชารัฐ,156
50,เชียงใหม่,7,แม่อาย,แม่สาว,6,7,8,นายพิสัณห์ อุปนันท์,เศรษฐกิจ,2
50,เชียงใหม่,7,แม่อาย,แม่สาว,6,7,9,นายชาญวิทยายุทธ์ อินทร์แก้ว,ประชากรไทย,3
50,เชียงใหม่,7,แม่อาย,แม่สาว,7,8,1,นายอดุลย์ บุญใส,ภูมิใจไทย,7
50,เชียงใหม่,7,แม่อาย,แม่สาว,7,8,2,นายสมดุลย์ อุตเจริญ,ประชาชน,52
50,เชียงใหม่,7,แม่อาย,แม่สาว,7,8,3,นายเกรียงกมล ศรีมา,ประชาธิปัตย์,0
50,เชียงใหม่,7,แม่อาย,แม่สาว,7,8,4,นายสันติ ตันสุหัช,ก้าวอิสระ,12
50,เชียงใหม่,7,แม่อาย,แม่สาว,7,8,5,นายการุณย์ คูเจริญชัยกุล,กล้าธรรม,64
50,เชียงใหม่,7,แม่อาย,แม่สาว,7,8,6,นายนิธิกร วุฒินันชัย,เพื่อไทย,29
50,เชียงใหม่,7,แม่อาย,แม่สาว,7,8,7,นายไกร ดาบธรรม,พลังประชารัฐ,38
50,เชียงใหม่,7,แม่อาย,แม่สาว,7,8,8,นายพิสัณห์ อุปนันท์,เศรษฐกิจ,2
50,เชียงใหม่,7,แม่อาย,แม่สาว,7,8,9,นายชาญวิทยายุทธ์ อินทร์แก้ว,ประชากรไทย,2
50,เชียงใหม่,7,แม่อาย,แม่สาว,8,9,1,นายอดุลย์ บุญใส,ภูมิใจไทย,4
50,เชียงใหม่,7,แม่อาย,แม่สาว,8,9,2,นายสมดุลย์ อุตเจริญ,ประชาชน,54
50,เชียงใหม่,7,แม่อาย,แม่สาว,8,9,3,นายเกรียงกมล ศรีมา,ประชาธิปัตย์,0
50,เชียงใหม่,7,แม่อาย,แม่สาว,8,9,4,นายสันติ ตันสุหัช,ก้าวอิสระ,0
50,เชียงใหม่,7,แม่อาย,แม่สาว,8,9,5,นายการุณย์ คูเจริญชัยกุล,กล้าธรรม,128
50,เชียงใหม่,7,แม่อาย,แม่สาว,8,9,6,นายนิธิกร วุฒินันชัย,เพื่อไทย,68
50,เชียงใหม่,7,แม่อาย,แม่สาว,8,9,7,นายไกร ดาบธรรม,พลังประชารัฐ,46
50,เชียงใหม่,7,แม่อาย,แม่สาว,8,9,8,นายพิสัณห์ อุปนันท์,เศรษฐกิจ,0
50,เชียงใหม่,7,แม่อาย,แม่สาว,8,9,9,นายชาญวิทยายุทธ์ อินทร์แก้ว,ประชากรไทย,10
50,เชียงใหม่,7,แม่อาย,แม่สาว,9,10,1,นายอดุลย์ บุญใส,ภูมิใจไทย,6
50,เชียงใหม่,7,แม่อาย,แม่สาว,9,10,2,นายสมดุลย์ อุตเจริญ,ประชาชน,29
50,เชียงใหม่,7,แม่อาย,แม่สาว,9,10,3,นายเกรียงกมล ศรีมา,ประชาธิปัตย์,0
50,เชียงใหม่,7,แม่อาย,แม่สาว,9,10,4,นายสันติ ตันสุหัช,ก้าวอิสระ,0
50,เชียงใหม่,7,แม่อาย,แม่สาว,9,10,5,นายการุณย์ คูเจริญชัยกุล,กล้าธรรม,34
50,เชียงใหม่,7,แม่อาย,แม่สาว,9,10,6,นายนิธิกร วุฒินันชัย,เพื่อไทย,16
50,เชียงใหม่,7,แม่อาย,แม่สาว,9,10,7,นายไกร ดาบธรรม,พลังประชารัฐ,39
50,เชียงใหม่,7,แม่อาย,แม่สาว,9,10,8,นายพิสัณห์ อุปนันท์,เศรษฐกิจ,2
50,เชียงใหม่,7,แม่อาย,แม่สาว,9,10,9,นายชาญวิทยายุทธ์ อินทร์แก้ว,ประชากรไทย,0
50,เชียงใหม่,7,แม่อาย,แม่สาว,10,11,1,นายอดุลย์ บุญใส,ภูมิใจไทย,7
50,เชียงใหม่,7,แม่อาย,แม่สาว,10,11,2,นายสมดุลย์ อุตเจริญ,ประชาชน,130
50,เชียงใหม่,7,แม่อาย,แม่สาว,10,11,3,นายเกรียงกมล ศรีมา,ประชาธิปัตย์,3
50,เชียงใหม่,7,แม่อาย,แม่สาว,10,11,4,นายสันติ ตันสุหัช,ก้าวอิสระ,0
50,เชียงใหม่,7,แม่อาย,แม่สาว,10,11,5,นายการุณย์ คูเจริญชัยกุล,กล้าธรรม,129
50,เชียงใหม่,7,แม่อาย,แม่สาว,10,11,6,นายนิธิกร วุฒินันชัย,เพื่อไทย,72
50,เชียงใหม่,7,แม่อาย,แม่สาว,10,11,7,นายไกร ดาบธรรม,พลังประชารัฐ,110
50,เชียงใหม่,7,แม่อาย,แม่สาว,10,11,8,นายพิสัณห์ อุปนันท์,เศรษฐกิจ,1
50,เชียงใหม่,7,แม่อาย,แม่สาว,10,11,9,นายชาญวิทยายุทธ์ อินทร์แก้ว,ประชากรไทย,5
50,เชียงใหม่,7,แม่อาย,แม่สาว,11,12,1,นายอดุลย์ บุญใส,ภูมิใจไทย,7
50,เชียงใหม่,7,แม่อาย,แม่สาว,11,12,2,นายสมดุลย์ อุตเจริญ,ประชาชน,87
50,เชียงใหม่,7,แม่อาย,แม่สาว,11,12,3,นายเกรียงกมล ศรีมา,ประชาธิปัตย์,2
50,เชียงใหม่,7,แม่อาย,แม่สาว,11,12,4,นายสันติ ตันสุหัช,ก้าวอิสระ,4
50,เชียงใหม่,7,แม่อาย,แม่สาว,11,12,5,นายการุณย์ คูเจริญชัยกุล,กล้าธรรม,67
50,เชียงใหม่,7,แม่อาย,แม่สาว,11,12,6,นายนิธิกร วุฒินันชัย,เพื่อไทย,140
50,เชียงใหม่,7,แม่อาย,แม่สาว,11,12,7,นายไกร ดาบธรรม,พลังประชารัฐ,45
50,เชียงใหม่,7,แม่อาย,แม่สาว,11,12,8,นายพิสัณห์ อุปนันท์,เศรษฐกิจ,1
50,เชียงใหม่,7,แม่อาย,แม่สาว,11,12,9,นายชาญวิทยายุทธ์ อินทร์แก้ว,ประชากรไทย,15
50,เชียงใหม่,7,แม่อาย,แม่สาว,12,13,1,นายอดุลย์ บุญใส,ภูมิใจไทย,0
50,เชียงใหม่,7,แม่อาย,แม่สาว,12,13,2,นายสมดุลย์ อุตเจริญ,ประชาชน,13
50,เชียงใหม่,7,แม่อาย,แม่สาว,12,13,3,นายเกรียงกมล ศรีมา,ประชาธิปัตย์,1
50,เชียงใหม่,7,แม่อาย,แม่สาว,12,13,4,นายสันติ ตันสุหัช,ก้าวอิสระ,0
50,เชียงใหม่,7,แม่อาย,แม่สาว,12,13,5,นายการุณย์ คูเจริญชัยกุล,กล้าธรรม,38
50,เชียงใหม่,7,แม่อาย,แม่สาว,12,13,6,นายนิธิกร วุฒินันชัย,เพื่อไทย,31
50,เชียงใหม่,7,แม่อาย,แม่สาว,12,13,7,นายไกร ดาบธรรม,พลังประชารัฐ,57
50,เชียงใหม่,7,แม่อาย,แม่สาว,12,13,8,นายพิสัณห์ อุปนันท์,เศรษฐกิจ,0
50,เชียงใหม่,7,แม่อาย,แม่สาว,12,13,9,นายชาญวิทยายุทธ์ อินทร์แก้ว,ประชากรไทย,1
50,เชียงใหม่,7,แม่อาย,แม่สาว,13,14,1,นายอดุลย์ บุญใส,ภูมิใจไทย,1
50,เชียงใหม่,7,แม่อาย,แม่สาว,13,14,2,นายสมดุลย์ อุตเจริญ,ประชาชน,56
50,เชียงใหม่,7,แม่อาย,แม่สาว,13,14,3,นายเกรียงกมล ศรีมา,ประชาธิปัตย์,1
50,เชียงใหม่,7,แม่อาย,แม่สาว,13,14,4,นายสันติ ตันสุหัช,ก้าวอิสระ,1
50,เชียงใหม่,7,แม่อาย,แม่สาว,13,14,5,นายการุณย์ คูเจริญชัยกุล,กล้าธรรม,64
50,เชียงใหม่,7,แม่อาย,แม่สาว,13,14,6,นายนิธิกร วุฒินันชัย,เพื่อไทย,45
50,เชียงใหม่,7,แม่อาย,แม่สาว,13,14,7,นายไกร ดาบธรรม,พลังประชารัฐ,54
50,เชียงใหม่,7,แม่อาย,แม่สาว,13,14,8,นายพิสัณห์ อุปนันท์,เศรษฐกิจ,3
50,เชียงใหม่,7,แม่อาย,แม่สาว,13,14,9,นายชาญวิทยายุทธ์ อินทร์แก้ว,ประชากรไทย,3
50,เชียงใหม่,7,แม่อาย,แม่สาว,14,15,1,นายอดุลย์ บุญใส,ภูมิใจไทย,8
50,เชียงใหม่,7,แม่อาย,แม่สาว,14,15,2,นายสมดุลย์ อุตเจริญ,ประชาชน,61
50,เชียงใหม่,7,แม่อาย,แม่สาว,14,15,3,นายเกรียงกมล ศรีมา,ประชาธิปัตย์,0
50,เชียงใหม่,7,แม่อาย,แม่สาว,14,15,4,นายสันติ ตันสุหัช,ก้าวอิสระ,1
50,เชียงใหม่,7,แม่อาย,แม่สาว,14,15,5,นายการุณย์ คูเจริญชัยกุล,กล้าธรรม,99
50,เชียงใหม่,7,แม่อาย,แม่สาว,14,15,6,นายนิธิกร วุฒินันชัย,เพื่อไทย,54
50,เชียงใหม่,7,แม่อาย,แม่สาว,14,15,7,นายไกร ดาบธรรม,พลังประชารัฐ,96
50,เชียงใหม่,7,แม่อาย,แม่สาว,14,15,8,นายพิสัณห์ อุปนันท์,เศรษฐกิจ,2
50,เชียงใหม่,7,แม่อาย,แม่สาว,14,15,9,นายชาญวิทยายุทธ์ อินทร์แก้ว,ประชากรไทย,1
50,เชียงใหม่,7,แม่อาย,แม่สาว,15,16,1,นายอดุลย์ บุญใส,ภูมิใจไทย,31
50,เชียงใหม่,7,แม่อาย,แม่สาว,15,16,2,นายสมดุลย์ อุตเจริญ,ประชาชน,45
50,เชียงใหม่,7,แม่อาย,แม่สาว,15,16,3,นายเกรียงกมล ศรีมา,ประชาธิปัตย์,5
50,เชียงใหม่,7,แม่อาย,แม่สาว,15,16,4,นายสันติ ตันสุหัช,ก้าวอิสระ,7
50,เชียงใหม่,7,แม่อาย,แม่สาว,15,16,5,นายการุณย์ คูเจริญชัยกุล,กล้าธรรม,212
50,เชียงใหม่,7,แม่อาย,แม่สาว,15,16,6,นายนิธิกร วุฒินันชัย,เพื่อไทย,32
50,เชียงใหม่,7,แม่อาย,แม่สาว,15,16,7,นายไกร ดาบธรรม,พลังประชารัฐ,182
50,เชียงใหม่,7,แม่อาย,แม่สาว,15,16,8,นายพิสัณห์ อุปนันท์,เศรษฐกิจ,3
50,เชียงใหม่,7,แม่อาย,แม่สาว,15,16,9,นายชาญวิทยายุทธ์ อินทร์แก้ว,ประชากรไทย,7
50,เชียงใหม่,7,แม่อาย,แม่สาว,16,17,1,นายอดุลย์ บุญใส,ภูมิใจไทย,10
50,เชียงใหม่,7,แม่อาย,แม่สาว,16,17,2,นายสมดุลย์ อุตเจริญ,ประชาชน,37
50,เชียงใหม่,7,แม่อาย,แม่สาว,16,17,3,นายเกรียงกมล ศรีมา,ประชาธิปัตย์,2
50,เชียงใหม่,7,แม่อาย,แม่สาว,16,17,4,นายสันติ ตันสุหัช,ก้าวอิสระ,0
50,เชียงใหม่,7,แม่อาย,แม่สาว,16,17,5,นายการุณย์ คูเจริญชัยกุล,กล้าธรรม,82
50,เชียงใหม่,7,แม่อาย,แม่สาว,16,17,6,นายนิธิกร วุฒินันชัย,เพื่อไทย,48
50,เชียงใหม่,7,แม่อาย,แม่สาว,16,17,7,นายไกร ดาบธรรม,พลังประชารัฐ,44
50,เชียงใหม่,7,แม่อาย,แม่สาว,16,17,8,นายพิสัณห์ อุปนันท์,เศรษฐกิจ,1
50,เชียงใหม่,7,แม่อาย,แม่สาว,16,17,9,นายชาญวิทยายุทธ์ อินทร์แก้ว,ประชากรไทย,4
50,เชียงใหม่,7,แม่อาย,แม่สาว,17,18,1,นายอดุลย์ บุญใส,ภูมิใจไทย,19
50,เชียงใหม่,7,แม่อาย,แม่สาว,17,18,2,นายสมดุลย์ อุตเจริญ,ประชาชน,18
50,เชียงใหม่,7,แม่อาย,แม่สาว,17,18,3,นายเกรียงกมล ศรีมา,ประชาธิปัตย์,0
50,เชียงใหม่,7,แม่อาย,แม่สาว,17,18,4,นายสันติ ตันสุหัช,ก้าวอิสระ,2
50,เชียงใหม่,7,แม่อาย,แม่สาว,17,18,5,นายการุณย์ คูเจริญชัยกุล,กล้าธรรม,105
50,เชียงใหม่,7,แม่อาย,แม่สาว,17,18,6,นายนิธิกร วุฒินันชัย,เพื่อไทย,39
50,เชียงใหม่,7,แม่อาย,แม่สาว,17,18,7,นายไกร ดาบธรรม,พลังประชารัฐ,71
50,เชียงใหม่,7,แม่อาย,แม่สาว,17,18,8,นายพิสัณห์ อุปนันท์,เศรษฐกิจ,2
50,เชียงใหม่,7,แม่อาย,แม่สาว,17,18,9,นายชาญวิทยายุทธ์ อินทร์แก้ว,ประชากรไทย,0
50,เชียงใหม่,7,แม่อาย,แม่อาย,3,1,1,นายอดุลย์ บุญใส,ภูมิใจไทย,2
50,เชียงใหม่,7,แม่อาย,แม่อาย,3,1,2,นายสมดุลย์ อุตเจริญ,ประชาชน,10
50,เชียงใหม่,7,แม่อาย,แม่อาย,3,1,3,นายเกรียงกมล ศรีมา,ประชาธิปัตย์,2
50,เชียงใหม่,7,แม่อาย,แม่อาย,3,1,4,นายสันติ ตันสุหัช,ก้าวอิสระ,6
50,เชียงใหม่,7,แม่อาย,แม่อาย,3,1,5,นายการุณย์ คูเจริญชัยกุล,กล้าธรรม,66
50,เชียงใหม่,7,แม่อาย,แม่อาย,3,1,6,นายนิธิกร วุฒินันชัย,เพื่อไทย,6
50,เชียงใหม่,7,แม่อาย,แม่อาย,3,1,7,นายไกร ดาบธรรม,พลังประชารัฐ,80
50,เชียงใหม่,7,แม่อาย,แม่อาย,3,1,8,นายพิสัณห์ อุปนันท์,เศรษฐกิจ,0
50,เชียงใหม่,7,แม่อาย,แม่อาย,3,1,9,นายชาญวิทยายุทธ์ อินทร์แก้ว,ประชากรไทย,2
50,เชียงใหม่,7,แม่อาย,แม่อาย,9,2,1,นายอดุลย์ บุญใส,ภูมิใจไทย,2
50,เชียงใหม่,7,แม่อาย,แม่อาย,9,2,2,นายสมดุลย์ อุตเจริญ,ประชาชน,40
50,เชียงใหม่,7,แม่อาย,แม่อาย,9,2,3,นายเกรียงกมล ศรีมา,ประชาธิปัตย์,1
50,เชียงใหม่,7,แม่อาย,แม่อาย,9,2,4,นายสันติ ตันสุหัช,ก้าวอิสระ,5
50,เชียงใหม่,7,แม่อาย,แม่อาย,9,2,5,นายการุณย์ คูเจริญชัยกุล,กล้าธรรม,159
50,เชียงใหม่,7,แม่อาย,แม่อาย,9,2,6,นายนิธิกร วุฒินันชัย,เพื่อไทย,39
50,เชียงใหม่,7,แม่อาย,แม่อาย,9,2,7,นายไกร ดาบธรรม,พลังประชารัฐ,44
50,เชียงใหม่,7,แม่อาย,แม่อาย,9,2,8,นายพิสัณห์ อุปนันท์,เศรษฐกิจ,1
50,เชียงใหม่,7,แม่อาย,แม่อาย,9,2,9,นายชาญวิทยายุทธ์ อินทร์แก้ว,ประชากรไทย,4
50,เชียงใหม่,7,แม่อาย,แม่อาย,12,3,1,นายอดุลย์ บุญใส,ภูมิใจไทย,4
50,เชียงใหม่,7,แม่อาย,แม่อาย,12,3,2,นายสมดุลย์ อุตเจริญ,ประชาชน,22
50,เชียงใหม่,7,แม่อาย,แม่อาย,12,3,3,นายเกรียงกมล ศรีมา,ประชาธิปัตย์,0
50,เชียงใหม่,7,แม่อาย,แม่อาย,12,3,4,นายสันติ ตันสุหัช,ก้าวอิสระ,4
50,เชียงใหม่,7,แม่อาย,แม่อาย,12,3,5,นายการุณย์ คูเจริญชัยกุล,กล้าธรรม,33
50,เชียงใหม่,7,แม่อาย,แม่อาย,12,3,6,นายนิธิกร วุฒินันชัย,เพื่อไทย,21
50,เชียงใหม่,7,แม่อาย,แม่อาย,12,3,7,นายไกร ดาบธรรม,พลังประชารัฐ,134
50,เชียงใหม่,7,แม่อาย,แม่อาย,12,3,8,นายพิสัณห์ อุปนันท์,เศรษฐกิจ,1
50,เชียงใหม่,7,แม่อาย,แม่อาย,12,3,9,นายชาญวิทยายุทธ์ อินทร์แก้ว,ประชากรไทย,3
50,เชียงใหม่,7,แม่อาย,แม่อาย,13,4,1,นายอดุลย์ บุญใส,ภูมิใจไทย,3
50,เชียงใหม่,7,แม่อาย,แม่อาย,13,4,2,นายสมดุลย์ อุตเจริญ,ประชาชน,22
50,เชียงใหม่,7,แม่อาย,แม่อาย,13,4,3,นายเกรียงกมล ศรีมา,ประชาธิปัตย์,2
50,เชียงใหม่,7,แม่อาย,แม่อาย,13,4,4,นายสันติ ตันสุหัช,ก้าวอิสระ,8
50,เชียงใหม่,7,แม่อาย,แม่อาย,13,4,5,นายการุณย์ คูเจริญชัยกุล,กล้าธรรม,306
50,เชียงใหม่,7,แม่อาย,แม่อาย,13,4,6,นายนิธิกร วุฒินันชัย,เพื่อไทย,14
50,เชียงใหม่,7,แม่อาย,แม่อาย,13,4,7,นายไกร ดาบธรรม,พลังประชารัฐ,57
50,เชียงใหม่,7,แม่อาย,แม่อาย,13,4,8,นายพิสัณห์ อุปนันท์,เศรษฐกิจ,0
50,เชียงใหม่,7,แม่อาย,แม่อาย,13,4,9,นายชาญวิทยายุทธ์ อินทร์แก้ว,ประชากรไทย,2
50,เชียงใหม่,7,แม่อาย,แม่อาย,14,5,1,นายอดุลย์ บุญใส,ภูมิใจไทย,6
50,เชียงใหม่,7,แม่อาย,แม่อาย,14,5,2,นายสมดุลย์ อุตเจริญ,ประชาชน,2
50,เชียงใหม่,7,แม่อาย,แม่อาย,14,5,3,นายเกรียงกมล ศรีมา,ประชาธิปัตย์,0
50,เชียงใหม่,7,แม่อาย,แม่อาย,14,5,4,นายสันติ ตันสุหัช,ก้าวอิสระ,3
50,เชียงใหม่,7,แม่อาย,แม่อาย,14,5,5,นายการุณย์ คูเจริญชัยกุล,กล้าธรรม,26
50,เชียงใหม่,7,แม่อาย,แม่อาย,14,5,6,นายนิธิกร วุฒินันชัย,เพื่อไทย,3
50,เชียงใหม่,7,แม่อาย,แม่อาย,14,5,7,นายไกร ดาบธรรม,พลังประชารัฐ,93
50,เชียงใหม่,7,แม่อาย,แม่อาย,14,5,8,นายพิสัณห์ อุปนันท์,เศรษฐกิจ,0
50,เชียงใหม่,7,แม่อาย,แม่อาย,14,5,9,นายชาญวิทยายุทธ์ อินทร์แก้ว,ประชากรไทย,0
50,เชียงใหม่,7,แม่อาย,สันต้นหมื้อ,1,1,1,นายอดุลย์ บุญใส,ภูมิใจไทย,7
50,เชียงใหม่,7,แม่อาย,สันต้นหมื้อ,1,1,2,นายสมดุลย์ อุตเจริญ,ประชาชน,56
50,เชียงใหม่,7,แม่อาย,สันต้นหมื้อ,1,1,3,นายเกรียงกมล ศรีมา,ประชาธิปัตย์,1
50,เชียงใหม่,7,แม่อาย,สันต้นหมื้อ,1,1,4,นายสันติ ตันสุหัช,ก้าวอิสระ,1
50,เชียงใหม่,7,แม่อาย,สันต้นหมื้อ,1,1,5,นายการุณย์ คูเจริญชัยกุล,กล้าธรรม,119
50,เชียงใหม่,7,แม่อาย,สันต้นหมื้อ,1,1,6,นายนิธิกร วุฒินันชัย,เพื่อไทย,93
50,เชียงใหม่,7,แม่อาย,สันต้นหมื้อ,1,1,7,นายไกร ดาบธรรม,พลังประชารัฐ,92
50,เชียงใหม่,7,แม่อาย,สันต้นหมื้อ,1,1,8,นายพิสัณห์ อุปนันท์,เศรษฐกิจ,5
50,เชียงใหม่,7,แม่อาย,สันต้นหมื้อ,1,1,9,นายชาญวิทยายุทธ์ อินทร์แก้ว,ประชากรไทย,6
50,เชียงใหม่,7,แม่อาย,สันต้นหมื้อ,2,2,1,นายอดุลย์ บุญใส,ภูมิใจไทย,6
50,เชียงใหม่,7,แม่อาย,สันต้นหมื้อ,2,2,2,นายสมดุลย์ อุตเจริญ,ประชาชน,33
50,เชียงใหม่,7,แม่อาย,สันต้นหมื้อ,2,2,3,นายเกรียงกมล ศรีมา,ประชาธิปัตย์,1
50,เชียงใหม่,7,แม่อาย,สันต้นหมื้อ,2,2,4,นายสันติ ตันสุหัช,ก้าวอิสระ,1
50,เชียงใหม่,7,แม่อาย,สันต้นหมื้อ,2,2,5,นายการุณย์ คูเจริญชัยกุล,กล้าธรรม,109
50,เชียงใหม่,7,แม่อาย,สันต้นหมื้อ,2,2,6,นายนิธิกร วุฒินันชัย,เพื่อไทย,47
50,เชียงใหม่,7,แม่อาย,สันต้นหมื้อ,2,2,7,นายไกร ดาบธรรม,พลังประชารัฐ,56
50,เชียงใหม่,7,แม่อาย,สันต้นหมื้อ,2,2,8,นายพิสัณห์ อุปนันท์,เศรษฐกิจ,0
50,เชียงใหม่,7,แม่อาย,สันต้นหมื้อ,2,2,9,นายชาญวิทยายุทธ์ อินทร์แก้ว,ประชากรไทย,2
50,เชียงใหม่,7,แม่อาย,สันต้นหมื้อ,3,3,1,นายอดุลย์ บุญใส,ภูมิใจไทย,1
50,เชียงใหม่,7,แม่อาย,สันต้นหมื้อ,3,3,2,นายสมดุลย์ อุตเจริญ,ประชาชน,39
50,เชียงใหม่,7,แม่อาย,สันต้นหมื้อ,3,3,3,นายเกรียงกมล ศรีมา,ประชาธิปัตย์,1
50,เชียงใหม่,7,แม่อาย,สันต้นหมื้อ,3,3,4,นายสันติ ตันสุหัช,ก้าวอิสระ,0
50,เชียงใหม่,7,แม่อาย,สันต้นหมื้อ,3,3,5,นายการุณย์ คูเจริญชัยกุล,กล้าธรรม,84
50,เชียงใหม่,7,แม่อาย,สันต้นหมื้อ,3,3,6,นายนิธิกร วุฒินันชัย,เพื่อไทย,60
50,เชียงใหม่,7,แม่อาย,สันต้นหมื้อ,3,3,7,นายไกร ดาบธรรม,พลังประชารัฐ,78
50,เชียงใหม่,7,แม่อาย,สันต้นหมื้อ,3,3,8,นายพิสัณห์ อุปนันท์,เศรษฐกิจ,2
50,เชียงใหม่,7,แม่อาย,สันต้นหมื้อ,3,3,9,นายชาญวิทยายุทธ์ อินทร์แก้ว,ประชากรไทย,6
50,เชียงใหม่,7,แม่อาย,สันต้นหมื้อ,4,4,1,นายอดุลย์ บุญใส,ภูมิใจไทย,3
50,เชียงใหม่,7,แม่อาย,สันต้นหมื้อ,4,4,2,นายสมดุลย์ อุตเจริญ,ประชาชน,63
50,เชียงใหม่,7,แม่อาย,สันต้นหมื้อ,4,4,3,นายเกรียงกมล ศรีมา,ประชาธิปัตย์,0
50,เชียงใหม่,7,แม่อาย,สันต้นหมื้อ,4,4,4,นายสันติ ตันสุหัช,ก้าวอิสระ,2
50,เชียงใหม่,7,แม่อาย,สันต้นหมื้อ,4,4,5,นายการุณย์ คูเจริญชัยกุล,กล้าธรรม,89
50,เชียงใหม่,7,แม่อาย,สันต้นหมื้อ,4,4,6,นายนิธิกร วุฒินันชัย,เพื่อไทย,73
50,เชียงใหม่,7,แม่อาย,สันต้นหมื้อ,4,4,7,นายไกร ดาบธรรม,พลังประชารัฐ,52
50,เชียงใหม่,7,แม่อาย,สันต้นหมื้อ,4,4,8,นายพิสัณห์ อุปนันท์,เศรษฐกิจ,0
50,เชียงใหม่,7,แม่อาย,สันต้นหมื้อ,4,4,9,นายชาญวิทยายุทธ์ อินทร์แก้ว,ประชากรไทย,2
50,เชียงใหม่,7,แม่อาย,สันต้นหมื้อ,5,5,1,นายอดุลย์ บุญใส,ภูมิใจไทย,5
50,เชียงใหม่,7,แม่อาย,สันต้นหมื้อ,5,5,2,นายสมดุลย์ อุตเจริญ,ประชาชน,59
50,เชียงใหม่,7,แม่อาย,สันต้นหมื้อ,5,5,3,นายเกรียงกมล ศรีมา,ประชาธิปัตย์,2
50,เชียงใหม่,7,แม่อาย,สันต้นหมื้อ,5,5,4,นายสันติ ตันสุหัช,ก้าวอิสระ,0
50,เชียงใหม่,7,แม่อาย,สันต้นหมื้อ,5,5,5,นายการุณย์ คูเจริญชัยกุล,กล้าธรรม,90
50,เชียงใหม่,7,แม่อาย,สันต้นหมื้อ,5,5,6,นายนิธิกร วุฒินันชัย,เพื่อไทย,86
50,เชียงใหม่,7,แม่อาย,สันต้นหมื้อ,5,5,7,นายไกร ดาบธรรม,พลังประชารัฐ,54
50,เชียงใหม่,7,แม่อาย,สันต้นหมื้อ,5,5,8,นายพิสัณห์ อุปนันท์,เศรษฐกิจ,3
50,เชียงใหม่,7,แม่อาย,สันต้นหมื้อ,5,5,9,นายชาญวิทยายุทธ์ อินทร์แก้ว,ประชากรไทย,10
50,เชียงใหม่,7,แม่อาย,สันต้นหมื้อ,6,6,1,นายอดุลย์ บุญใส,ภูมิใจไทย,9
50,เชียงใหม่,7,แม่อาย,สันต้นหมื้อ,6,6,2,นายสมดุลย์ อุตเจริญ,ประชาชน,51
50,เชียงใหม่,7,แม่อาย,สันต้นหมื้อ,6,6,3,นายเกรียงกมล ศรีมา,ประชาธิปัตย์,0
50,เชียงใหม่,7,แม่อาย,สันต้นหมื้อ,6,6,4,นายสันติ ตันสุหัช,ก้าวอิสระ,1
50,เชียงใหม่,7,แม่อาย,สันต้นหมื้อ,6,6,5,นายการุณย์ คูเจริญชัยกุล,กล้าธรรม,86
50,เชียงใหม่,7,แม่อาย,สันต้นหมื้อ,6,6,6,นายนิธิกร วุฒินันชัย,เพื่อไทย,43
50,เชียงใหม่,7,แม่อาย,สันต้นหมื้อ,6,6,7,นายไกร ดาบธรรม,พลังประชารัฐ,31
50,เชียงใหม่,7,แม่อาย,สันต้นหมื้อ,6,6,8,นายพิสัณห์ อุปนันท์,เศรษฐกิจ,3
50,เชียงใหม่,7,แม่อาย,สันต้นหมื้อ,6,6,9,นายชาญวิทยายุทธ์ อินทร์แก้ว,ประชากรไทย,0
50,เชียงใหม่,7,แม่อาย,สันต้นหมื้อ,6,7,1,นายอดุลย์ บุญใส,ภูมิใจไทย,9
50,เชียงใหม่,7,แม่อาย,สันต้นหมื้อ,6,7,2,นายสมดุลย์ อุตเจริญ,ประชาชน,55
50,เชียงใหม่,7,แม่อาย,สันต้นหมื้อ,6,7,3,นายเกรียงกมล ศรีมา,ประชาธิปัตย์,1
50,เชียงใหม่,7,แม่อาย,สันต้นหมื้อ,6,7,4,นายสันติ ตันสุหัช,ก้าวอิสระ,1
50,เชียงใหม่,7,แม่อาย,สันต้นหมื้อ,6,7,5,นายการุณย์ คูเจริญชัยกุล,กล้าธรรม,75
50,เชียงใหม่,7,แม่อาย,สันต้นหมื้อ,6,7,6,นายนิธิกร วุฒินันชัย,เพื่อไทย,48
50,เชียงใหม่,7,แม่อาย,สันต้นหมื้อ,6,7,7,นายไกร ดาบธรรม,พลังประชารัฐ,43
50,เชียงใหม่,7,แม่อาย,สันต้นหมื้อ,6,7,8,นายพิสัณห์ อุปนันท์,เศรษฐกิจ,0
50,เชียงใหม่,7,แม่อาย,สันต้นหมื้อ,6,7,9,นายชาญวิทยายุทธ์ อินทร์แก้ว,ประชากรไทย,1
50,เชียงใหม่,7,แม่อาย,สันต้นหมื้อ,7,8,1,นายอดุลย์ บุญใส,ภูมิใจไทย,1
50,เชียงใหม่,7,แม่อาย,สันต้นหมื้อ,7,8,2,นายสมดุลย์ อุตเจริญ,ประชาชน,25
50,เชียงใหม่,7,แม่อาย,สันต้นหมื้อ,7,8,3,นายเกรียงกมล ศรีมา,ประชาธิปัตย์,0
50,เชียงใหม่,7,แม่อาย,สันต้นหมื้อ,7,8,4,นายสันติ ตันสุหัช,ก้าวอิสระ,2
50,เชียงใหม่,7,แม่อาย,สันต้นหมื้อ,7,8,5,นายการุณย์ คูเจริญชัยกุล,กล้าธรรม,67
50,เชียงใหม่,7,แม่อาย,สันต้นหมื้อ,7,8,6,นายนิธิกร วุฒินันชัย,เพื่อไทย,30
50,เชียงใหม่,7,แม่อาย,สันต้นหมื้อ,7,8,7,นายไกร ดาบธรรม,พลังประชารัฐ,26
50,เชียงใหม่,7,แม่อาย,สันต้นหมื้อ,7,8,8,นายพิสัณห์ อุปนันท์,เศรษฐกิจ,0
50,เชียงใหม่,7,แม่อาย,สันต้นหมื้อ,7,8,9,นายชาญวิทยายุทธ์ อินทร์แก้ว,ประชากรไทย,1
50,เชียงใหม่,7,แม่อาย,สันต้นหมื้อ,8,9,1,นายอดุลย์ บุญใส,ภูมิใจไทย,6
50,เชียงใหม่,7,แม่อาย,สันต้นหมื้อ,8,9,2,นายสมดุลย์ อุตเจริญ,ประชาชน,44
50,เชียงใหม่,7,แม่อาย,สันต้นหมื้อ,8,9,3,นายเกรียงกมล ศรีมา,ประชาธิปัตย์,0
50,เชียงใหม่,7,แม่อาย,สันต้นหมื้อ,8,9,4,นายสันติ ตันสุหัช,ก้าวอิสระ,1
50,เชียงใหม่,7,แม่อาย,สันต้นหมื้อ,8,9,5,นายการุณย์ คูเจริญชัยกุล,กล้าธรรม,104
50,เชียงใหม่,7,แม่อาย,สันต้นหมื้อ,8,9,6,นายนิธิกร วุฒินันชัย,เพื่อไทย,60
50,เชียงใหม่,7,แม่อาย,สันต้นหมื้อ,8,9,7,นายไกร ดาบธรรม,พลังประชารัฐ,31
50,เชียงใหม่,7,แม่อาย,สันต้นหมื้อ,8,9,8,นายพิสัณห์ อุปนันท์,เศรษฐกิจ,2
50,เชียงใหม่,7,แม่อาย,สันต้นหมื้อ,8,9,9,นายชาญวิทยายุทธ์ อินทร์แก้ว,ประชากรไทย,1
50,เชียงใหม่,7,แม่อาย,สันต้นหมื้อ,9,10,1,นายอดุลย์ บุญใส,ภูมิใจไทย,1
50,เชียงใหม่,7,แม่อาย,สันต้นหมื้อ,9,10,2,นายสมดุลย์ อุตเจริญ,ประชาชน,15
50,เชียงใหม่,7,แม่อาย,สันต้นหมื้อ,9,10,3,นายเกรียงกมล ศรีมา,ประชาธิปัตย์,0
50,เชียงใหม่,7,แม่อาย,สันต้นหมื้อ,9,10,4,นายสันติ ตันสุหัช,ก้าวอิสระ,0
50,เชียงใหม่,7,แม่อาย,สันต้นหมื้อ,9,10,5,นายการุณย์ คูเจริญชัยกุล,กล้าธรรม,67
50,เชียงใหม่,7,แม่อาย,สันต้นหมื้อ,9,10,6,นายนิธิกร วุฒินันชัย,เพื่อไทย,40
50,เชียงใหม่,7,แม่อาย,สันต้นหมื้อ,9,10,7,นายไกร ดาบธรรม,พลังประชารัฐ,26
50,เชียงใหม่,7,แม่อาย,สันต้นหมื้อ,9,10,8,นายพิสัณห์ อุปนันท์,เศรษฐกิจ,0
50,เชียงใหม่,7,แม่อาย,สันต้นหมื้อ,9,10,9,นายชาญวิทยายุทธ์ อินทร์แก้ว,ประชากรไทย,2
50,เชียงใหม่,7,แม่อาย,สันต้นหมื้อ,10,11,1,นายอดุลย์ บุญใส,ภูมิใจไทย,1
50,เชียงใหม่,7,แม่อาย,สันต้นหมื้อ,10,11,2,นายสมดุลย์ อุตเจริญ,ประชาชน,29
50,เชียงใหม่,7,แม่อาย,สันต้นหมื้อ,10,11,3,นายเกรียงกมล ศรีมา,ประชาธิปัตย์,0
50,เชียงใหม่,7,แม่อาย,สันต้นหมื้อ,10,11,4,นายสันติ ตันสุหัช,ก้าวอิสระ,0
50,เชียงใหม่,7,แม่อาย,สันต้นหมื้อ,10,11,5,นายการุณย์ คูเจริญชัยกุล,กล้าธรรม,56
50,เชียงใหม่,7,แม่อาย,สันต้นหมื้อ,10,11,6,นายนิธิกร วุฒินันชัย,เพื่อไทย,63
50,เชียงใหม่,7,แม่อาย,สันต้นหมื้อ,10,11,7,นายไกร ดาบธรรม,พลังประชารัฐ,33
50,เชียงใหม่,7,แม่อาย,สันต้นหมื้อ,10,11,8,นายพิสัณห์ อุปนันท์,เศรษฐกิจ,1
50,เชียงใหม่,7,แม่อาย,สันต้นหมื้อ,10,11,9,นายชาญวิทยายุทธ์ อินทร์แก้ว,ประชากรไทย,3
50,เชียงใหม่,7,แม่อาย,สันต้นหมื้อ,11,12,1,นายอดุลย์ บุญใส,ภูมิใจไทย,6
50,เชียงใหม่,7,แม่อาย,สันต้นหมื้อ,11,12,2,นายสมดุลย์ อุตเจริญ,ประชาชน,31
50,เชียงใหม่,7,แม่อาย,สันต้นหมื้อ,11,12,3,นายเกรียงกมล ศรีมา,ประชาธิปัตย์,0
50,เชียงใหม่,7,แม่อาย,สันต้นหมื้อ,11,12,4,นายสันติ ตันสุหัช,ก้าวอิสระ,3
50,เชียงใหม่,7,แม่อาย,สันต้นหมื้อ,11,12,5,นายการุณย์ คูเจริญชัยกุล,กล้าธรรม,36
50,เชียงใหม่,7,แม่อาย,สันต้นหมื้อ,11,12,6,นายนิธิกร วุฒินันชัย,เพื่อไทย,45
50,เชียงใหม่,7,แม่อาย,สันต้นหมื้อ,11,12,7,นายไกร ดาบธรรม,พลังประชารัฐ,54
50,เชียงใหม่,7,แม่อาย,สันต้นหมื้อ,11,12,8,นายพิสัณห์ อุปนันท์,เศรษฐกิจ,4
50,เชียงใหม่,7,แม่อาย,สันต้นหมื้อ,11,12,9,นายชาญวิทยายุทธ์ อินทร์แก้ว,ประชากรไทย,3
50,เชียงใหม่,7,แม่อาย,สันต้นหมื้อ,12,13,1,นายอดุลย์ บุญใส,ภูมิใจไทย,0
50,เชียงใหม่,7,แม่อาย,สันต้นหมื้อ,12,13,2,นายสมดุลย์ อุตเจริญ,ประชาชน,28
50,เชียงใหม่,7,แม่อาย,สันต้นหมื้อ,12,13,3,นายเกรียงกมล ศรีมา,ประชาธิปัตย์,1
50,เชียงใหม่,7,แม่อาย,สันต้นหมื้อ,12,13,4,นายสันติ ตันสุหัช,ก้าวอิสระ,0
50,เชียงใหม่,7,แม่อาย,สันต้นหมื้อ,12,13,5,นายการุณย์ คูเจริญชัยกุล,กล้าธรรม,56
50,เชียงใหม่,7,แม่อาย,สันต้นหมื้อ,12,13,6,นายนิธิกร วุฒินันชัย,เพื่อไทย,68
50,เชียงใหม่,7,แม่อาย,สันต้นหมื้อ,12,13,7,นายไกร ดาบธรรม,พลังประชารัฐ,22
50,เชียงใหม่,7,แม่อาย,สันต้นหมื้อ,12,13,8,นายพิสัณห์ อุปนันท์,เศรษฐกิจ,1
50,เชียงใหม่,7,แม่อาย,สันต้นหมื้อ,12,13,9,นายชาญวิทยายุทธ์ อินทร์แก้ว,ประชากรไทย,7
