รหัสจังหวัด,จังหวัด,เขต,อำเภอ,ตำบล,หมู่,หมายเลขหน่วยเลือกตั้ง,หมายเลขพรรค,ชื่อพรรค,คะแนน
50,เชียงใหม่,7,แม่อาย,มะลิกา,2,13,1,ไทยทรัพย์ทวี,0
50,เชียงใหม่,7,แม่อาย,มะลิกา,2,13,2,เพื่อชาติไทย,1
50,เชียงใหม่,7,แม่อาย,มะลิกา,2,13,3,ใหม่,0
50,เชียงใหม่,7,แม่อาย,มะลิกา,2,13,4,มิติใหม่,0
50,เชียงใหม่,7,แม่อาย,มะลิกา,2,13,5,รวมใจไทย,4
50,เชียงใหม่,7,แม่อาย,มะลิกา,2,13,6,รวมไทยสร้างชาติ,1
50,เชียงใหม่,7,แม่อาย,มะลิกา,2,13,7,พลวัต,0
50,เชียงใหม่,7,แม่อาย,มะลิกา,2,13,8,ประชาธิปไตยใหม่,0
50,เชียงใหม่,7,แม่อาย,มะลิกา,2,13,9,เพื่อไทย,34
50,เชียงใหม่,7,แม่อาย,มะลิกา,2,13,10,ทางเลือกใหม่,0
50,เชียงใหม่,7,แม่อาย,มะลิกา,2,13,11,เศรษฐกิจ,2
50,เชียงใหม่,7,แม่อาย,มะลิกา,2,13,12,เสรีรวมไทย,2
50,เชียงใหม่,7,แม่อาย,มะลิกา,2,13,13,รวมพลังประชาชน,2
50,เชียงใหม่,7,แม่อาย,มะลิกา,2,13,14,ท้องที่ไทย,1
50,เชียงใหม่,7,แม่อาย,มะลิกา,2,13,15,อนาคตไทย,0
50,เชียงใหม่,7,แม่อาย,มะลิกา,2,13,16,พลังเพื่อไทย,0
50,เชียงใหม่,7,แม่อาย,มะลิกา,2,13,17,ไทยชนะ,0
50,เชียงใหม่,7,แม่อาย,มะลิกา,2,13,18,พลังสังคมใหม่,0
50,เชียงใหม่,7,แม่อาย,มะลิกา,2,13,19,สังคมประชาธิปไตย,0
50,เชียงใหม่,7,แม่อาย,มะลิกา,2,13,20,ฟิวชัน,0
50,เชียงใหม่,7,แม่อาย,มะลิกา,2,13,21,ไทยรวมพลัง,0
50,เชียงใหม่,7,แม่อาย,มะลิกา,2,13,22,ก้าวอิสระ,0
50,เชียงใหม่,7,แม่อาย,มะลิกา,2,13,23,ปวงชนไทย,1
50,เชียงใหม่,7,แม่อาย,มะลิกา,2,13,24,วิชชั่นใหม่,2
50,เชียงใหม่,7,แม่อาย,มะลิกา,2,13,25,เพื่อชีวิตใหม่,0
50,เชียงใหม่,7,แม่อาย,มะลิกา,2,13,26,คลองไทย,0
50,เชียงใหม่,7,แม่อาย,มะลิกา,2,13,27,ประชาธิปัตย์,2
50,เชียงใหม่,7,แม่อาย,มะลิกา,2,13,28,ไทยก้าวหน้า,0
50,เชียงใหม่,7,แม่อาย,มะลิกา,2,13,29,ไทยภักดี,0
50,เชียงใหม่,7,แม่อาย,มะลิกา,2,13,30,แรงงานสร้างชาติ,0
50,เชียงใหม่,7,แม่อาย,มะลิกา,2,13,31,ประชากรไทย,0
50,เชียงใหม่,7,แม่อาย,มะลิกา,2,13,32,ครูไทยเพื่อประชาชน,0
50,เชียงใหม่,7,แม่อาย,มะลิกา,2,13,33,ประชาชาติ,0
50,เชียงใหม่,7,แม่อาย,มะลิกา,2,13,34,สร้างอนาคตไทย,0
50,เชียงใหม่,7,แม่อาย,มะลิกา,2,13,35,รักชาติ,1
50,เชียงใหม่,7,แม่อาย,มะลิกา,2,13,36,ไทยพร้อม,0
50,เชียงใหม่,7,แม่อาย,มะลิกา,2,13,37,ภูมิใจไทย,5
50,เชียงใหม่,7,แม่อาย,มะลิกา,2,13,38,พลังธรรมใหม่,1
50,เชียงใหม่,7,แม่อาย,มะลิกา,2,13,39,กรีน,1
50,เชียงใหม่,7,แม่อาย,มะลิกา,2,13,40,ไทยธรรม,0
50,เชียงใหม่,7,แม่อาย,มะลิกา,2,13,41,แผ่นดินธรรม,0
50,เชียงใหม่,7,แม่อาย,มะลิกา,2,13,42,กล้าธรรม,47
50,เชียงใหม่,7,แม่อาย,มะลิกา,2,13,43,พลังประชารัฐ,1
50,เชียงใหม่,7,แม่อาย,มะลิกา,2,13,44,โอกาสใหม่,0
50,เชียงใหม่,7,แม่อาย,มะลิกา,2,13,45,เป็นธรรม,0
50,เชียงใหม่,7,แม่อาย,มะลิกา,2,13,46,ประชาชน,26
50,เชียงใหม่,7,แม่อาย,มะลิกา,2,13,47,ประชาไทย,0
50,เชียงใหม่,7,แม่อาย,มะลิกา,2,13,48,ไทยสร้างไทย,0
50,เชียงใหม่,7,แม่อาย,มะลิกา,2,13,49,ไทยก้าวใหม่,0
50,เชียงใหม่,7,แม่อาย,มะลิกา,2,13,50,ประชาอาสาชาติ,0
50,เชียงใหม่,7,แม่อาย,มะลิกา,2,13,51,พร้อม,0
50,เชียงใหม่,7,แม่อาย,มะลิกา,2,13,52,เครือข่ายชาวนาแห่งประเทศไทย,0
50,เชียงใหม่,7,แม่อาย,มะลิกา,2,13,53,ไทยพิทักษ์ธรรม,0
50,เชียงใหม่,7,แม่อาย,มะลิกา,2,13,54,ความหวังใหม่,0
50,เชียงใหม่,7,แม่อาย,มะลิกา,2,13,55,ไทยรวมไทย,0
50,เชียงใหม่,7,แม่อาย,มะลิกา,2,13,56,เพื่อบ้านเมือง,0
50,เชียงใหม่,7,แม่อาย,มะลิกา,2,13,57,พลังไทยรักชาติ,0
50,เชียงใหม่,7,แม่อาย,มะลิกา,3,14,1,ไทยทรัพย์ทวี,0
50,เชียงใหม่,7,แม่อาย,มะลิกา,3,14,2,เพื่อชาติไทย,2
50,เชียงใหม่,7,แม่อาย,มะลิกา,3,14,3,ใหม่,1
50,เชียงใหม่,7,แม่อาย,มะลิกา,3,14,4,มิติใหม่,1
50,เชียงใหม่,7,แม่อาย,มะลิกา,3,14,5,รวมใจไทย,0
50,เชียงใหม่,7,แม่อาย,มะลิกา,3,14,6,รวมไทยสร้างชาติ,4
50,เชียงใหม่,7,แม่อาย,มะลิกา,3,14,7,พลวัต,2
50,เชียงใหม่,7,แม่อาย,มะลิกา,3,14,8,ประชาธิปไตยใหม่,1
50,เชียงใหม่,7,แม่อาย,มะลิกา,3,14,9,เพื่อไทย,38
50,เชียงใหม่,7,แม่อาย,มะลิกา,3,14,10,ทางเลือกใหม่,0
50,เชียงใหม่,7,แม่อาย,มะลิกา,3,14,11,เศรษฐกิจ,3
50,เชียงใหม่,7,แม่อาย,มะลิกา,3,14,12,เสรีรวมไทย,0
50,เชียงใหม่,7,แม่อาย,มะลิกา,3,14,13,รวมพลังประชาชน,1
50,เชียงใหม่,7,แม่อาย,มะลิกา,3,14,14,ท้องที่ไทย,2
50,เชียงใหม่,7,แม่อาย,มะลิกา,3,14,15,อนาคตไทย,1
50,เชียงใหม่,7,แม่อาย,มะลิกา,3,14,16,พลังเพื่อไทย,0
50,เชียงใหม่,7,แม่อาย,มะลิกา,3,14,17,ไทยชนะ,0
50,เชียงใหม่,7,แม่อาย,มะลิกา,3,14,18,พลังสังคมใหม่,0
50,เชียงใหม่,7,แม่อาย,มะลิกา,3,14,19,สังคมประชาธิปไตย,0
50,เชียงใหม่,7,แม่อาย,มะลิกา,3,14,20,ฟิวชัน,0
50,เชียงใหม่,7,แม่อาย,มะลิกา,3,14,21,ไทยรวมพลัง,0
50,เชียงใหม่,7,แม่อาย,มะลิกา,3,14,22,ก้าวอิสระ,0
50,เชียงใหม่,7,แม่อาย,มะลิกา,3,14,23,ปวงชนไทย,0
50,เชียงใหม่,7,แม่อาย,มะลิกา,3,14,24,วิชชั่นใหม่,0
50,เชียงใหม่,7,แม่อาย,มะลิกา,3,14,25,เพื่อชีวิตใหม่,0
50,เชียงใหม่,7,แม่อาย,มะลิกา,3,14,26,คลองไทย,0
50,เชียงใหม่,7,แม่อาย,มะลิกา,3,14,27,ประชาธิปัตย์,3
50,เชียงใหม่,7,แม่อาย,มะลิกา,3,14,28,ไทยก้าวหน้า,0
50,เชียงใหม่,7,แม่อาย,มะลิกา,3,14,29,ไทยภักดี,0
50,เชียงใหม่,7,แม่อาย,มะลิกา,3,14,30,แรงงานสร้างชาติ,0
50,เชียงใหม่,7,แม่อาย,มะลิกา,3,14,31,ประชากรไทย,0
50,เชียงใหม่,7,แม่อาย,มะลิกา,3,14,32,ครูไทยเพื่อประชาชน,0
50,เชียงใหม่,7,แม่อาย,มะลิกา,3,14,33,ประชาชาติ,0
50,เชียงใหม่,7,แม่อาย,มะลิกา,3,14,34,สร้างอนาคตไทย,0
50,เชียงใหม่,7,แม่อาย,มะลิกา,3,14,35,รักชาติ,0
50,เชียงใหม่,7,แม่อาย,มะลิกา,3,14,36,ไทยพร้อม,0
50,เชียงใหม่,7,แม่อาย,มะลิกา,3,14,37,ภูมิใจไทย,10
50,เชียงใหม่,7,แม่อาย,มะลิกา,3,14,38,พลังธรรมใหม่,0
50,เชียงใหม่,7,แม่อาย,มะลิกา,3,14,39,กรีน,0
50,เชียงใหม่,7,แม่อาย,มะลิกา,3,14,40,ไทยธรรม,0
50,เชียงใหม่,7,แม่อาย,มะลิกา,3,14,41,แผ่นดินธรรม,0
50,เชียงใหม่,7,แม่อาย,มะลิกา,3,14,42,กล้าธรรม,10
50,เชียงใหม่,7,แม่อาย,มะลิกา,3,14,43,พลังประชารัฐ,4
50,เชียงใหม่,7,แม่อาย,มะลิกา,3,14,44,โอกาสใหม่,0
50,เชียงใหม่,7,แม่อาย,มะลิกา,3,14,45,เป็นธรรม,0
50,เชียงใหม่,7,แม่อาย,มะลิกา,3,14,46,ประชาชน,56
50,เชียงใหม่,7,แม่อาย,มะลิกา,3,14,47,ประชาไทย,0
50,เชียงใหม่,7,แม่อาย,มะลิกา,3,14,48,ไทยสร้างไทย,3
50,เชียงใหม่,7,แม่อาย,มะลิกา,3,14,49,ไทยก้าวใหม่,0
50,เชียงใหม่,7,แม่อาย,มะลิกา,3,14,50,ประชาอาสาชาติ,0
50,เชียงใหม่,7,แม่อาย,มะลิกา,3,14,51,พร้อม,0
50,เชียงใหม่,7,แม่อาย,มะลิกา,3,14,52,เครือข่ายชาวนาแห่งประเทศไทย,0
50,เชียงใหม่,7,แม่อาย,มะลิกา,3,14,53,ไทยพิทักษ์ธรรม,0
50,เชียงใหม่,7,แม่อาย,มะลิกา,3,14,54,ความหวังใหม่,0
50,เชียงใหม่,7,แม่อาย,มะลิกา,3,14,55,ไทยรวมไทย,0
50,เชียงใหม่,7,แม่อาย,มะลิกา,3,14,56,เพื่อบ้านเมือง,0
50,เชียงใหม่,7,แม่อาย,มะลิกา,3,14,57,พลังไทยรักชาติ,0
50,เชียงใหม่,7,แม่อาย,มะลิกา,4,15,1,ไทยทรัพย์ทวี,0
50,เชียงใหม่,7,แม่อาย,มะลิกา,4,15,2,เพื่อชาติไทย,3
50,เชียงใหม่,7,แม่อาย,มะลิกา,4,15,3,ใหม่,2
50,เชียงใหม่,7,แม่อาย,มะลิกา,4,15,4,มิติใหม่,0
50,เชียงใหม่,7,แม่อาย,มะลิกา,4,15,5,รวมใจไทย,5
50,เชียงใหม่,7,แม่อาย,มะลิกา,4,15,6,รวมไทยสร้างชาติ,1
50,เชียงใหม่,7,แม่อาย,มะลิกา,4,15,7,พลวัต,2
50,เชียงใหม่,7,แม่อาย,มะลิกา,4,15,8,ประชาธิปไตยใหม่,0
50,เชียงใหม่,7,แม่อาย,มะลิกา,4,15,9,เพื่อไทย,30
50,เชียงใหม่,7,แม่อาย,มะลิกา,4,15,10,ทางเลือกใหม่,1
50,เชียงใหม่,7,แม่อาย,มะลิกา,4,15,11,เศรษฐกิจ,14
50,เชียงใหม่,7,แม่อาย,มะลิกา,4,15,12,เสรีรวมไทย,0
50,เชียงใหม่,7,แม่อาย,มะลิกา,4,15,13,รวมพลังประชาชน,1
50,เชียงใหม่,7,แม่อาย,มะลิกา,4,15,14,ท้องที่ไทย,2
50,เชียงใหม่,7,แม่อาย,มะลิกา,4,15,15,อนาคตไทย,0
50,เชียงใหม่,7,แม่อาย,มะลิกา,4,15,16,พลังเพื่อไทย,2
50,เชียงใหม่,7,แม่อาย,มะลิกา,4,15,17,ไทยชนะ,0
50,เชียงใหม่,7,แม่อาย,มะลิกา,4,15,18,พลังสังคมใหม่,0
50,เชียงใหม่,7,แม่อาย,มะลิกา,4,15,19,สังคมประชาธิปไตย,0
50,เชียงใหม่,7,แม่อาย,มะลิกา,4,15,20,ฟิวชัน,0
50,เชียงใหม่,7,แม่อาย,มะลิกา,4,15,21,ไทยรวมพลัง,0
50,เชียงใหม่,7,แม่อาย,มะลิกา,4,15,22,ก้าวอิสระ,0
50,เชียงใหม่,7,แม่อาย,มะลิกา,4,15,23,ปวงชนไทย,0
50,เชียงใหม่,7,แม่อาย,มะลิกา,4,15,24,วิชชั่นใหม่,0
50,เชียงใหม่,7,แม่อาย,มะลิกา,4,15,25,เพื่อชีวิตใหม่,0
50,เชียงใหม่,7,แม่อาย,มะลิกา,4,15,26,คลองไทย,0
50,เชียงใหม่,7,แม่อาย,มะลิกา,4,15,27,ประชาธิปัตย์,6
50,เชียงใหม่,7,แม่อาย,มะลิกา,4,15,28,ไทยก้าวหน้า,0
50,เชียงใหม่,7,แม่อาย,มะลิกา,4,15,29,ไทยภักดี,0
50,เชียงใหม่,7,แม่อาย,มะลิกา,4,15,30,แรงงานสร้างชาติ,1
50,เชียงใหม่,7,แม่อาย,มะลิกา,4,15,31,ประชากรไทย,0
50,เชียงใหม่,7,แม่อาย,มะลิกา,4,15,32,ครูไทยเพื่อประชาชน,0
50,เชียงใหม่,7,แม่อาย,มะลิกา,4,15,33,ประชาชาติ,0
50,เชียงใหม่,7,แม่อาย,มะลิกา,4,15,34,สร้างอนาคตไทย,0
50,เชียงใหม่,7,แม่อาย,มะลิกา,4,15,35,รักชาติ,0
50,เชียงใหม่,7,แม่อาย,มะลิกา,4,15,36,ไทยพร้อม,0
50,เชียงใหม่,7,แม่อาย,มะลิกา,4,15,37,ภูมิใจไทย,7
50,เชียงใหม่,7,แม่อาย,มะลิกา,4,15,38,พลังธรรมใหม่,2
50,เชียงใหม่,7,แม่อาย,มะลิกา,4,15,39,กรีน,0
50,เชียงใหม่,7,แม่อาย,มะลิกา,4,15,40,ไทยธรรม,0
50,เชียงใหม่,7,แม่อาย,มะลิกา,4,15,41,แผ่นดินธรรม,0
50,เชียงใหม่,7,แม่อาย,มะลิกา,4,15,42,กล้าธรรม,27
50,เชียงใหม่,7,แม่อาย,มะลิกา,4,15,43,พลังประชารัฐ,5
50,เชียงใหม่,7,แม่อาย,มะลิกา,4,15,44,โอกาสใหม่,0
50,เชียงใหม่,7,แม่อาย,มะลิกา,4,15,45,เป็นธรรม,0
50,เชียงใหม่,7,แม่อาย,มะลิกา,4,15,46,ประชาชน,50
50,เชียงใหม่,7,แม่อาย,มะลิกา,4,15,47,ประชาไทย,0
50,เชียงใหม่,7,แม่อาย,มะลิกา,4,15,48,ไทยสร้างไทย,1
50,เชียงใหม่,7,แม่อาย,มะลิกา,4,15,49,ไทยก้าวใหม่,0
50,เชียงใหม่,7,แม่อาย,มะลิกา,4,15,50,ประชาอาสาชาติ,0
50,เชียงใหม่,7,แม่อาย,มะลิกา,4,15,51,พร้อม,0
50,เชียงใหม่,7,แม่อาย,มะลิกา,4,15,52,เครือข่ายชาวนาแห่งประเทศไทย,0
50,เชียงใหม่,7,แม่อาย,มะลิกา,4,15,53,ไทยพิทักษ์ธรรม,0
50,เชียงใหม่,7,แม่อาย,มะลิกา,4,15,54,ความหวังใหม่,0
50,เชียงใหม่,7,แม่อาย,มะลิกา,4,15,55,ไทยรวมไทย,0
50,เชียงใหม่,7,แม่อาย,มะลิกา,4,15,56,เพื่อบ้านเมือง,1
50,เชียงใหม่,7,แม่อาย,มะลิกา,4,15,57,พลังไทยรักชาติ,1
50,เชียงใหม่,7,แม่อาย,มะลิกา,5,16,1,ไทยทรัพย์ทวี,0
50,เชียงใหม่,7,แม่อาย,มะลิกา,5,16,2,เพื่อชาติไทย,5
50,เชียงใหม่,7,แม่อาย,มะลิกา,5,16,3,ใหม่,0
50,เชียงใหม่,7,แม่อาย,มะลิกา,5,16,4,มิติใหม่,0
50,เชียงใหม่,7,แม่อาย,มะลิกา,5,16,5,รวมใจไทย,1
50,เชียงใหม่,7,แม่อาย,มะลิกา,5,16,6,รวมไทยสร้างชาติ,4
50,เชียงใหม่,7,แม่อาย,มะลิกา,5,16,7,พลวัต,1
50,เชียงใหม่,7,แม่อาย,มะลิกา,5,16,8,ประชาธิปไตยใหม่,1
50,เชียงใหม่,7,แม่อาย,มะลิกา,5,16,9,เพื่อไทย,64
50,เชียงใหม่,7,แม่อาย,มะลิกา,5,16,10,ทางเลือกใหม่,3
50,เชียงใหม่,7,แม่อาย,มะลิกา,5,16,11,เศรษฐกิจ,0
50,เชียงใหม่,7,แม่อาย,มะลิกา,5,16,12,เสรีรวมไทย,1
50,เชียงใหม่,7,แม่อาย,มะลิกา,5,16,13,รวมพลังประชาชน,1
50,เชียงใหม่,7,แม่อาย,มะลิกา,5,16,14,ท้องที่ไทย,1
50,เชียงใหม่,7,แม่อาย,มะลิกา,5,16,15,อนาคตไทย,0
50,เชียงใหม่,7,แม่อาย,มะลิกา,5,16,16,พลังเพื่อไทย,0
50,เชียงใหม่,7,แม่อาย,มะลิกา,5,16,17,ไทยชนะ,0
50,เชียงใหม่,7,แม่อาย,มะลิกา,5,16,18,พลังสังคมใหม่,0
50,เชียงใหม่,7,แม่อาย,มะลิกา,5,16,19,สังคมประชาธิปไตย,0
50,เชียงใหม่,7,แม่อาย,มะลิกา,5,16,20,ฟิวชัน,0
50,เชียงใหม่,7,แม่อาย,มะลิกา,5,16,21,ไทยรวมพลัง,0
50,เชียงใหม่,7,แม่อาย,มะลิกา,5,16,22,ก้าวอิสระ,0
50,เชียงใหม่,7,แม่อาย,มะลิกา,5,16,23,ปวงชนไทย,0
50,เชียงใหม่,7,แม่อาย,มะลิกา,5,16,24,วิชชั่นใหม่,3
50,เชียงใหม่,7,แม่อาย,มะลิกา,5,16,25,เพื่อชีวิตใหม่,1
50,เชียงใหม่,7,แม่อาย,มะลิกา,5,16,26,คลองไทย,0
50,เชียงใหม่,7,แม่อาย,มะลิกา,5,16,27,ประชาธิปัตย์,0
50,เชียงใหม่,7,แม่อาย,มะลิกา,5,16,28,ไทยก้าวหน้า,0
50,เชียงใหม่,7,แม่อาย,มะลิกา,5,16,29,ไทยภักดี,1
50,เชียงใหม่,7,แม่อาย,มะลิกา,5,16,30,แรงงานสร้างชาติ,0
50,เชียงใหม่,7,แม่อาย,มะลิกา,5,16,31,ประชากรไทย,1
50,เชียงใหม่,7,แม่อาย,มะลิกา,5,16,32,ครูไทยเพื่อประชาชน,0
50,เชียงใหม่,7,แม่อาย,มะลิกา,5,16,33,ประชาชาติ,1
50,เชียงใหม่,7,แม่อาย,มะลิกา,5,16,34,สร้างอนาคตไทย,0
50,เชียงใหม่,7,แม่อาย,มะลิกา,5,16,35,รักชาติ,2
50,เชียงใหม่,7,แม่อาย,มะลิกา,5,16,36,ไทยพร้อม,1
50,เชียงใหม่,7,แม่อาย,มะลิกา,5,16,37,ภูมิใจไทย,12
50,เชียงใหม่,7,แม่อาย,มะลิกา,5,16,38,พลังธรรมใหม่,1
50,เชียงใหม่,7,แม่อาย,มะลิกา,5,16,39,กรีน,0
50,เชียงใหม่,7,แม่อาย,มะลิกา,5,16,40,ไทยธรรม,0
50,เชียงใหม่,7,แม่อาย,มะลิกา,5,16,41,แผ่นดินธรรม,1
50,เชียงใหม่,7,แม่อาย,มะลิกา,5,16,42,กล้าธรรม,15
50,เชียงใหม่,7,แม่อาย,มะลิกา,5,16,43,พลังประชารัฐ,5
50,เชียงใหม่,7,แม่อาย,มะลิกา,5,16,44,โอกาสใหม่,1
50,เชียงใหม่,7,แม่อาย,มะลิกา,5,16,45,เป็นธรรม,0
50,เชียงใหม่,7,แม่อาย,มะลิกา,5,16,46,ประชาชน,68
50,เชียงใหม่,7,แม่อาย,มะลิกา,5,16,47,ประชาไทย,0
50,เชียงใหม่,7,แม่อาย,มะลิกา,5,16,48,ไทยสร้างไทย,0
50,เชียงใหม่,7,แม่อาย,มะลิกา,5,16,49,ไทยก้าวใหม่,1
50,เชียงใหม่,7,แม่อาย,มะลิกา,5,16,50,ประชาอาสาชาติ,0
50,เชียงใหม่,7,แม่อาย,มะลิกา,5,16,51,พร้อม,0
50,เชียงใหม่,7,แม่อาย,มะลิกา,5,16,52,เครือข่ายชาวนาแห่งประเทศไทย,0
50,เชียงใหม่,7,แม่อาย,มะลิกา,5,16,53,ไทยพิทักษ์ธรรม,0
50,เชียงใหม่,7,แม่อาย,มะลิกา,5,16,54,ความหวังใหม่,0
50,เชียงใหม่,7,แม่อาย,มะลิกา,5,16,55,ไทยรวมไทย,0
50,เชียงใหม่,7,แม่อาย,มะลิกา,5,16,56,เพื่อบ้านเมือง,0
50,เชียงใหม่,7,แม่อาย,มะลิกา,5,16,57,พลังไทยรักชาติ,0
50,เชียงใหม่,7,แม่อาย,มะลิกา,6,17,1,ไทยทรัพย์ทวี,0
50,เชียงใหม่,7,แม่อาย,มะลิกา,6,17,2,เพื่อชาติไทย,2
50,เชียงใหม่,7,แม่อาย,มะลิกา,6,17,3,ใหม่,0
50,เชียงใหม่,7,แม่อาย,มะลิกา,6,17,4,มิติใหม่,0
50,เชียงใหม่,7,แม่อาย,มะลิกา,6,17,5,รวมใจไทย,10
50,เชียงใหม่,7,แม่อาย,มะลิกา,6,17,6,รวมไทยสร้างชาติ,4
50,เชียงใหม่,7,แม่อาย,มะลิกา,6,17,7,พลวัต,6
50,เชียงใหม่,7,แม่อาย,มะลิกา,6,17,8,ประชาธิปไตยใหม่,1
50,เชียงใหม่,7,แม่อาย,มะลิกา,6,17,9,เพื่อไทย,44
50,เชียงใหม่,7,แม่อาย,มะลิกา,6,17,10,ทางเลือกใหม่,1
50,เชียงใหม่,7,แม่อาย,มะลิกา,6,17,11,เศรษฐกิจ,13
50,เชียงใหม่,7,แม่อาย,มะลิกา,6,17,12,เสรีรวมไทย,3
50,เชียงใหม่,7,แม่อาย,มะลิกา,6,17,13,รวมพลังประชาชน,1
50,เชียงใหม่,7,แม่อาย,มะลิกา,6,17,14,ท้องที่ไทย,4
50,เชียงใหม่,7,แม่อาย,มะลิกา,6,17,15,อนาคตไทย,0
50,เชียงใหม่,7,แม่อาย,มะลิกา,6,17,16,พลังเพื่อไทย,1
50,เชียงใหม่,7,แม่อาย,มะลิกา,6,17,17,ไทยชนะ,0
50,เชียงใหม่,7,แม่อาย,มะลิกา,6,17,18,พลังสังคมใหม่,0
50,เชียงใหม่,7,แม่อาย,มะลิกา,6,17,19,สังคมประชาธิปไตย,0
50,เชียงใหม่,7,แม่อาย,มะลิกา,6,17,20,ฟิวชัน,0
50,เชียงใหม่,7,แม่อาย,มะลิกา,6,17,21,ไทยรวมพลัง,0
50,เชียงใหม่,7,แม่อาย,มะลิกา,6,17,22,ก้าวอิสระ,2
50,เชียงใหม่,7,แม่อาย,มะลิกา,6,17,23,ปวงชนไทย,0
50,เชียงใหม่,7,แม่อาย,มะลิกา,6,17,24,วิชชั่นใหม่,4
50,เชียงใหม่,7,แม่อาย,มะลิกา,6,17,25,เพื่อชีวิตใหม่,1
50,เชียงใหม่,7,แม่อาย,มะลิกา,6,17,26,คลองไทย,0
50,เชียงใหม่,7,แม่อาย,มะลิกา,6,17,27,ประชาธิปัตย์,9
50,เชียงใหม่,7,แม่อาย,มะลิกา,6,17,28,ไทยก้าวหน้า,0
50,เชียงใหม่,7,แม่อาย,มะลิกา,6,17,29,ไทยภักดี,1
50,เชียงใหม่,7,แม่อาย,มะลิกา,6,17,30,แรงงานสร้างชาติ,0
50,เชียงใหม่,7,แม่อาย,มะลิกา,6,17,31,ประชากรไทย,1
50,เชียงใหม่,7,แม่อาย,มะลิกา,6,17,32,ครูไทยเพื่อประชาชน,2
50,เชียงใหม่,7,แม่อาย,มะลิกา,6,17,33,ประชาชาติ,0
50,เชียงใหม่,7,แม่อาย,มะลิกา,6,17,34,สร้างอนาคตไทย,0
50,เชียงใหม่,7,แม่อาย,มะลิกา,6,17,35,รักชาติ,0
50,เชียงใหม่,7,แม่อาย,มะลิกา,6,17,36,ไทยพร้อม,0
50,เชียงใหม่,7,แม่อาย,มะลิกา,6,17,37,ภูมิใจไทย,16
50,เชียงใหม่,7,แม่อาย,มะลิกา,6,17,38,พลังธรรมใหม่,0
50,เชียงใหม่,7,แม่อาย,มะลิกา,6,17,39,กรีน,0
50,เชียงใหม่,7,แม่อาย,มะลิกา,6,17,40,ไทยธรรม,0
50,เชียงใหม่,7,แม่อาย,มะลิกา,6,17,41,แผ่นดินธรรม,3
50,เชียงใหม่,7,แม่อาย,มะลิกา,6,17,42,กล้าธรรม,21
50,เชียงใหม่,7,แม่อาย,มะลิกา,6,17,43,พลังประชารัฐ,1
50,เชียงใหม่,7,แม่อาย,มะลิกา,6,17,44,โอกาสใหม่,0
50,เชียงใหม่,7,แม่อาย,มะลิกา,6,17,45,เป็นธรรม,1
50,เชียงใหม่,7,แม่อาย,มะลิกา,6,17,46,ประชาชน,78
50,เชียงใหม่,7,แม่อาย,มะลิกา,6,17,47,ประชาไทย,1
50,เชียงใหม่,7,แม่อาย,มะลิกา,6,17,48,ไทยสร้างไทย,0
50,เชียงใหม่,7,แม่อาย,มะลิกา,6,17,49,ไทยก้าวใหม่,1
50,เชียงใหม่,7,แม่อาย,มะลิกา,6,17,50,ประชาอาสาชาติ,0
50,เชียงใหม่,7,แม่อาย,มะลิกา,6,17,51,พร้อม,0
50,เชียงใหม่,7,แม่อาย,มะลิกา,6,17,52,เครือข่ายชาวนาแห่งประเทศไทย,0
50,เชียงใหม่,7,แม่อาย,มะลิกา,6,17,53,ไทยพิทักษ์ธรรม,0
50,เชียงใหม่,7,แม่อาย,มะลิกา,6,17,54,ความหวังใหม่,0
50,เชียงใหม่,7,แม่อาย,มะลิกา,6,17,55,ไทยรวมไทย,1
50,เชียงใหม่,7,แม่อาย,มะลิกา,6,17,56,เพื่อบ้านเมือง,0
50,เชียงใหม่,7,แม่อาย,มะลิกา,6,17,57,พลังไทยรักชาติ,0
50,เชียงใหม่,7,แม่อาย,มะลิกา,7,18,1,ไทยทรัพย์ทวี,4
50,เชียงใหม่,7,แม่อาย,มะลิกา,7,18,2,เพื่อชาติไทย,8
50,เชียงใหม่,7,แม่อาย,มะลิกา,7,18,3,ใหม่,3
50,เชียงใหม่,7,แม่อาย,มะลิกา,7,18,4,มิติใหม่,0
50,เชียงใหม่,7,แม่อาย,มะลิกา,7,18,5,รวมใจไทย,4
50,เชียงใหม่,7,แม่อาย,มะลิกา,7,18,6,รวมไทยสร้างชาติ,2
50,เชียงใหม่,7,แม่อาย,มะลิกา,7,18,7,พลวัต,1
50,เชียงใหม่,7,แม่อาย,มะลิกา,7,18,8,ประชาธิปไตยใหม่,2
50,เชียงใหม่,7,แม่อาย,มะลิกา,7,18,9,เพื่อไทย,39
50,เชียงใหม่,7,แม่อาย,มะลิกา,7,18,10,ทางเลือกใหม่,1
50,เชียงใหม่,7,แม่อาย,มะลิกา,7,18,11,เศรษฐกิจ,5
50,เชียงใหม่,7,แม่อาย,มะลิกา,7,18,12,เสรีรวมไทย,2
50,เชียงใหม่,7,แม่อาย,มะลิกา,7,18,13,รวมพลังประชาชน,2
50,เชียงใหม่,7,แม่อาย,มะลิกา,7,18,14,ท้องที่ไทย,2
50,เชียงใหม่,7,แม่อาย,มะลิกา,7,18,15,อนาคตไทย,0
50,เชียงใหม่,7,แม่อาย,มะลิกา,7,18,16,พลังเพื่อไทย,0
50,เชียงใหม่,7,แม่อาย,มะลิกา,7,18,17,ไทยชนะ,0
50,เชียงใหม่,7,แม่อาย,มะลิกา,7,18,18,พลังสังคมใหม่,0
50,เชียงใหม่,7,แม่อาย,มะลิกา,7,18,19,สังคมประชาธิปไตย,0
50,เชียงใหม่,7,แม่อาย,มะลิกา,7,18,20,ฟิวชัน,0
50,เชียงใหม่,7,แม่อาย,มะลิกา,7,18,21,ไทยรวมพลัง,0
50,เชียงใหม่,7,แม่อาย,มะลิกา,7,18,22,ก้าวอิสระ,0
50,เชียงใหม่,7,แม่อาย,มะลิกา,7,18,23,ปวงชนไทย,0
50,เชียงใหม่,7,แม่อาย,มะลิกา,7,18,24,วิชชั่นใหม่,0
50,เชียงใหม่,7,แม่อาย,มะลิกา,7,18,25,เพื่อชีวิตใหม่,0
50,เชียงใหม่,7,แม่อาย,มะลิกา,7,18,26,คลองไทย,1
50,เชียงใหม่,7,แม่อาย,มะลิกา,7,18,27,ประชาธิปัตย์,9
50,เชียงใหม่,7,แม่อาย,มะลิกา,7,18,28,ไทยก้าวหน้า,0
50,เชียงใหม่,7,แม่อาย,มะลิกา,7,18,29,ไทยภักดี,1
50,เชียงใหม่,7,แม่อาย,มะลิกา,7,18,30,แรงงานสร้างชาติ,1
50,เชียงใหม่,7,แม่อาย,มะลิกา,7,18,31,ประชากรไทย,1
50,เชียงใหม่,7,แม่อาย,มะลิกา,7,18,32,ครูไทยเพื่อประชาชน,3
50,เชียงใหม่,7,แม่อาย,มะลิกา,7,18,33,ประชาชาติ,1
50,เชียงใหม่,7,แม่อาย,มะลิกา,7,18,34,สร้างอนาคตไทย,1
50,เชียงใหม่,7,แม่อาย,มะลิกา,7,18,35,รักชาติ,0
50,เชียงใหม่,7,แม่อาย,มะลิกา,7,18,36,ไทยพร้อม,2
50,เชียงใหม่,7,แม่อาย,มะลิกา,7,18,37,ภูมิใจไทย,17
50,เชียงใหม่,7,แม่อาย,มะลิกา,7,18,38,พลังธรรมใหม่,0
50,เชียงใหม่,7,แม่อาย,มะลิกา,7,18,39,กรีน,1
50,เชียงใหม่,7,แม่อาย,มะลิกา,7,18,40,ไทยธรรม,0
50,เชียงใหม่,7,แม่อาย,มะลิกา,7,18,41,แผ่นดินธรรม,0
50,เชียงใหม่,7,แม่อาย,มะลิกา,7,18,42,กล้าธรรม,34
50,เชียงใหม่,7,แม่อาย,มะลิกา,7,18,43,พลังประชารัฐ,5
50,เชียงใหม่,7,แม่อาย,มะลิกา,7,18,44,โอกาสใหม่,0
50,เชียงใหม่,7,แม่อาย,มะลิกา,7,18,45,เป็นธรรม,0
50,เชียงใหม่,7,แม่อาย,มะลิกา,7,18,46,ประชาชน,83
50,เชียงใหม่,7,แม่อาย,มะลิกา,7,18,47,ประชาไทย,1
50,เชียงใหม่,7,แม่อาย,มะลิกา,7,18,48,ไทยสร้างไทย,0
50,เชียงใหม่,7,แม่อาย,มะลิกา,7,18,49,ไทยก้าวใหม่,0
50,เชียงใหม่,7,แม่อาย,มะลิกา,7,18,50,ประชาอาสาชาติ,0
50,เชียงใหม่,7,แม่อาย,มะลิกา,7,18,51,พร้อม,0
50,เชียงใหม่,7,แม่อาย,มะลิกา,7,18,52,เครือข่ายชาวนาแห่งประเทศไทย,1
50,เชียงใหม่,7,แม่อาย,มะลิกา,7,18,53,ไทยพิทักษ์ธรรม,1
50,เชียงใหม่,7,แม่อาย,มะลิกา,7,18,54,ความหวังใหม่,0
50,เชียงใหม่,7,แม่อาย,มะลิกา,7,18,55,ไทยรวมไทย,0
50,เชียงใหม่,7,แม่อาย,มะลิกา,7,18,56,เพื่อบ้านเมือง,0
50,เชียงใหม่,7,แม่อาย,มะลิกา,7,18,57,พลังไทยรักชาติ,0
50,เชียงใหม่,7,แม่อาย,มะลิกา,8,19,1,ไทยทรัพย์ทวี,1
50,เชียงใหม่,7,แม่อาย,มะลิกา,8,19,2,เพื่อชาติไทย,2
50,เชียงใหม่,7,แม่อาย,มะลิกา,8,19,3,ใหม่,0
50,เชียงใหม่,7,แม่อาย,มะลิกา,8,19,4,มิติใหม่,2
50,เชียงใหม่,7,แม่อาย,มะลิกา,8,19,5,รวมใจไทย,4
50,เชียงใหม่,7,แม่อาย,มะลิกา,8,19,6,รวมไทยสร้างชาติ,5
50,เชียงใหม่,7,แม่อาย,มะลิกา,8,19,7,พลวัต,2
50,เชียงใหม่,7,แม่อาย,มะลิกา,8,19,8,ประชาธิปไตยใหม่,1
50,เชียงใหม่,7,แม่อาย,มะลิกา,8,19,9,เพื่อไทย,53
50,เชียงใหม่,7,แม่อาย,มะลิกา,8,19,10,ทางเลือกใหม่,1
50,เชียงใหม่,7,แม่อาย,มะลิกา,8,19,11,เศรษฐกิจ,12
50,เชียงใหม่,7,แม่อาย,มะลิกา,8,19,12,เสรีรวมไทย,2
50,เชียงใหม่,7,แม่อาย,มะลิกา,8,19,13,รวมพลังประชาชน,1
50,เชียงใหม่,7,แม่อาย,มะลิกา,8,19,14,ท้องที่ไทย,1
50,เชียงใหม่,7,แม่อาย,มะลิกา,8,19,15,อนาคตไทย,0
50,เชียงใหม่,7,แม่อาย,มะลิกา,8,19,16,พลังเพื่อไทย,0
50,เชียงใหม่,7,แม่อาย,มะลิกา,8,19,17,ไทยชนะ,0
50,เชียงใหม่,7,แม่อาย,มะลิกา,8,19,18,พลังสังคมใหม่,0
50,เชียงใหม่,7,แม่อาย,มะลิกา,8,19,19,สังคมประชาธิปไตย,0
50,เชียงใหม่,7,แม่อาย,มะลิกา,8,19,20,ฟิวชัน,1
50,เชียงใหม่,7,แม่อาย,มะลิกา,8,19,21,ไทยรวมพลัง,0
50,เชียงใหม่,7,แม่อาย,มะลิกา,8,19,22,ก้าวอิสระ,1
50,เชียงใหม่,7,แม่อาย,มะลิกา,8,19,23,ปวงชนไทย,0
50,เชียงใหม่,7,แม่อาย,มะลิกา,8,19,24,วิชชั่นใหม่,2
50,เชียงใหม่,7,แม่อาย,มะลิกา,8,19,25,เพื่อชีวิตใหม่,0
50,เชียงใหม่,7,แม่อาย,มะลิกา,8,19,26,คลองไทย,0
50,เชียงใหม่,7,แม่อาย,มะลิกา,8,19,27,ประชาธิปัตย์,9
50,เชียงใหม่,7,แม่อาย,มะลิกา,8,19,28,ไทยก้าวหน้า,0
50,เชียงใหม่,7,แม่อาย,มะลิกา,8,19,29,ไทยภักดี,2
50,เชียงใหม่,7,แม่อาย,มะลิกา,8,19,30,แรงงานสร้างชาติ,0
50,เชียงใหม่,7,แม่อาย,มะลิกา,8,19,31,ประชากรไทย,1
50,เชียงใหม่,7,แม่อาย,มะลิกา,8,19,32,ครูไทยเพื่อประชาชน,0
50,เชียงใหม่,7,แม่อาย,มะลิกา,8,19,33,ประชาชาติ,0
50,เชียงใหม่,7,แม่อาย,มะลิกา,8,19,34,สร้างอนาคตไทย,3
50,เชียงใหม่,7,แม่อาย,มะลิกา,8,19,35,รักชาติ,0
50,เชียงใหม่,7,แม่อาย,มะลิกา,8,19,36,ไทยพร้อม,0
50,เชียงใหม่,7,แม่อาย,มะลิกา,8,19,37,ภูมิใจไทย,24
50,เชียงใหม่,7,แม่อาย,มะลิกา,8,19,38,พลังธรรมใหม่,0
50,เชียงใหม่,7,แม่อาย,มะลิกา,8,19,39,กรีน,0
50,เชียงใหม่,7,แม่อาย,มะลิกา,8,19,40,ไทยธรรม,0
50,เชียงใหม่,7,แม่อาย,มะลิกา,8,19,41,แผ่นดินธรรม,1
50,เชียงใหม่,7,แม่อาย,มะลิกา,8,19,42,กล้าธรรม,16
50,เชียงใหม่,7,แม่อาย,มะลิกา,8,19,43,พลังประชารัฐ,16
50,เชียงใหม่,7,แม่อาย,มะลิกา,8,19,44,โอกาสใหม่,0
50,เชียงใหม่,7,แม่อาย,มะลิกา,8,19,45,เป็นธรรม,0
50,เชียงใหม่,7,แม่อาย,มะลิกา,8,19,46,ประชาชน,94
50,เชียงใหม่,7,แม่อาย,มะลิกา,8,19,47,ประชาไทย,0
50,เชียงใหม่,7,แม่อาย,มะลิกา,8,19,48,ไทยสร้างไทย,1
50,เชียงใหม่,7,แม่อาย,มะลิกา,8,19,49,ไทยก้าวใหม่,1
50,เชียงใหม่,7,แม่อาย,มะลิกา,8,19,50,ประชาอาสาชาติ,0
50,เชียงใหม่,7,แม่อาย,มะลิกา,8,19,51,พร้อม,0
50,เชียงใหม่,7,แม่อาย,มะลิกา,8,19,52,เครือข่ายชาวนาแห่งประเทศไทย,0
50,เชียงใหม่,7,แม่อาย,มะลิกา,8,19,53,ไทยพิทักษ์ธรรม,0
50,เชียงใหม่,7,แม่อาย,มะลิกา,8,19,54,ความหวังใหม่,0
50,เชียงใหม่,7,แม่อาย,มะลิกา,8,19,55,ไทยรวมไทย,0
50,เชียงใหม่,7,แม่อาย,มะลิกา,8,19,56,เพื่อบ้านเมือง,0
50,เชียงใหม่,7,แม่อาย,มะลิกา,8,19,57,พลังไทยรักชาติ,0
50,เชียงใหม่,7,แม่อาย,มะลิกา,9,20,1,ไทยทรัพย์ทวี,1
50,เชียงใหม่,7,แม่อาย,มะลิกา,9,20,2,เพื่อชาติไทย,1
50,เชียงใหม่,7,แม่อาย,มะลิกา,9,20,3,ใหม่,0
50,เชียงใหม่,7,แม่อาย,มะลิกา,9,20,4,มิติใหม่,1
50,เชียงใหม่,7,แม่อาย,มะลิกา,9,20,5,รวมใจไทย,5
50,เชียงใหม่,7,แม่อาย,มะลิกา,9,20,6,รวมไทยสร้างชาติ,1
50,เชียงใหม่,7,แม่อาย,มะลิกา,9,20,7,พลวัต,2
50,เชียงใหม่,7,แม่อาย,มะลิกา,9,20,8,ประชาธิปไตยใหม่,0
50,เชียงใหม่,7,แม่อาย,มะลิกา,9,20,9,เพื่อไทย,35
50,เชียงใหม่,7,แม่อาย,มะลิกา,9,20,10,ทางเลือกใหม่,0
50,เชียงใหม่,7,แม่อาย,มะลิกา,9,20,11,เศรษฐกิจ,5
50,เชียงใหม่,7,แม่อาย,มะลิกา,9,20,12,เสรีรวมไทย,0
50,เชียงใหม่,7,แม่อาย,มะลิกา,9,20,13,รวมพลังประชาชน,1
50,เชียงใหม่,7,แม่อาย,มะลิกา,9,20,14,ท้องที่ไทย,0
50,เชียงใหม่,7,แม่อาย,มะลิกา,9,20,15,อนาคตไทย,0
50,เชียงใหม่,7,แม่อาย,มะลิกา,9,20,16,พลังเพื่อไทย,0
50,เชียงใหม่,7,แม่อาย,มะลิกา,9,20,17,ไทยชนะ,0
50,เชียงใหม่,7,แม่อาย,มะลิกา,9,20,18,พลังสังคมใหม่,1
50,เชียงใหม่,7,แม่อาย,มะลิกา,9,20,19,สังคมประชาธิปไตย,0
50,เชียงใหม่,7,แม่อาย,มะลิกา,9,20,20,ฟิวชัน,0
50,เชียงใหม่,7,แม่อาย,มะลิกา,9,20,21,ไทยรวมพลัง,1
50,เชียงใหม่,7,แม่อาย,มะลิกา,9,20,22,ก้าวอิสระ,0
50,เชียงใหม่,7,แม่อาย,มะลิกา,9,20,23,ปวงชนไทย,0
50,เชียงใหม่,7,แม่อาย,มะลิกา,9,20,24,วิชชั่นใหม่,3
50,เชียงใหม่,7,แม่อาย,มะลิกา,9,20,25,เพื่อชีวิตใหม่,0
50,เชียงใหม่,7,แม่อาย,มะลิกา,9,20,26,คลองไทย,0
50,เชียงใหม่,7,แม่อาย,มะลิกา,9,20,27,ประชาธิปัตย์,5
50,เชียงใหม่,7,แม่อาย,มะลิกา,9,20,28,ไทยก้าวหน้า,0
50,เชียงใหม่,7,แม่อาย,มะลิกา,9,20,29,ไทยภักดี,0
50,เชียงใหม่,7,แม่อาย,มะลิกา,9,20,30,แรงงานสร้างชาติ,1
50,เชียงใหม่,7,แม่อาย,มะลิกา,9,20,31,ประชากรไทย,0
50,เชียงใหม่,7,แม่อาย,มะลิกา,9,20,32,ครูไทยเพื่อประชาชน,1
50,เชียงใหม่,7,แม่อาย,มะลิกา,9,20,33,ประชาชาติ,0
50,เชียงใหม่,7,แม่อาย,มะลิกา,9,20,34,สร้างอนาคตไทย,2
50,เชียงใหม่,7,แม่อาย,มะลิกา,9,20,35,รักชาติ,0
50,เชียงใหม่,7,แม่อาย,มะลิกา,9,20,36,ไทยพร้อม,0
50,เชียงใหม่,7,แม่อาย,มะลิกา,9,20,37,ภูมิใจไทย,11
50,เชียงใหม่,7,แม่อาย,มะลิกา,9,20,38,พลังธรรมใหม่,0
50,เชียงใหม่,7,แม่อาย,มะลิกา,9,20,39,กรีน,0
50,เชียงใหม่,7,แม่อาย,มะลิกา,9,20,40,ไทยธรรม,1
50,เชียงใหม่,7,แม่อาย,มะลิกา,9,20,41,แผ่นดินธรรม,1
50,เชียงใหม่,7,แม่อาย,มะลิกา,9,20,42,กล้าธรรม,48
50,เชียงใหม่,7,แม่อาย,มะลิกา,9,20,43,พลังประชารัฐ,2
50,เชียงใหม่,7,แม่อาย,มะลิกา,9,20,44,โอกาสใหม่,0
50,เชียงใหม่,7,แม่อาย,มะลิกา,9,20,45,เป็นธรรม,0
50,เชียงใหม่,7,แม่อาย,มะลิกา,9,20,46,ประชาชน,36
50,เชียงใหม่,7,แม่อาย,มะลิกา,9,20,47,ประชาไทย,2
50,เชียงใหม่,7,แม่อาย,มะลิกา,9,20,48,ไทยสร้างไทย,0
50,เชียงใหม่,7,แม่อาย,มะลิกา,9,20,49,ไทยก้าวใหม่,0
50,เชียงใหม่,7,แม่อาย,มะลิกา,9,20,50,ประชาอาสาชาติ,0
50,เชียงใหม่,7,แม่อาย,มะลิกา,9,20,51,พร้อม,0
50,เชียงใหม่,7,แม่อาย,มะลิกา,9,20,52,เครือข่ายชาวนาแห่งประเทศไทย,0
50,เชียงใหม่,7,แม่อาย,มะลิกา,9,20,53,ไทยพิทักษ์ธรรม,0
50,เชียงใหม่,7,แม่อาย,มะลิกา,9,20,54,ความหวังใหม่,0
50,เชียงใหม่,7,แม่อาย,มะลิกา,9,20,55,ไทยรวมไทย,0
50,เชียงใหม่,7,แม่อาย,มะลิกา,9,20,56,เพื่อบ้านเมือง,0
50,เชียงใหม่,7,แม่อาย,มะลิกา,9,20,57,พลังไทยรักชาติ,0
50,เชียงใหม่,7,แม่อาย,มะลิกา,10,21,1,ไทยทรัพย์ทวี,0
50,เชียงใหม่,7,แม่อาย,มะลิกา,10,21,2,เพื่อชาติไทย,4
50,เชียงใหม่,7,แม่อาย,มะลิกา,10,21,3,ใหม่,0
50,เชียงใหม่,7,แม่อาย,มะลิกา,10,21,4,มิติใหม่,0
50,เชียงใหม่,7,แม่อาย,มะลิกา,10,21,5,รวมใจไทย,5
50,เชียงใหม่,7,แม่อาย,มะลิกา,10,21,6,รวมไทยสร้างชาติ,1
50,เชียงใหม่,7,แม่อาย,มะลิกา,10,21,7,พลวัต,6
50,เชียงใหม่,7,แม่อาย,มะลิกา,10,21,8,ประชาธิปไตยใหม่,1
50,เชียงใหม่,7,แม่อาย,มะลิกา,10,21,9,เพื่อไทย,26
50,เชียงใหม่,7,แม่อาย,มะลิกา,10,21,10,ทางเลือกใหม่,1
50,เชียงใหม่,7,แม่อาย,มะลิกา,10,21,11,เศรษฐกิจ,12
50,เชียงใหม่,7,แม่อาย,มะลิกา,10,21,12,เสรีรวมไทย,0
50,เชียงใหม่,7,แม่อาย,มะลิกา,10,21,13,รวมพลังประชาชน,0
50,เชียงใหม่,7,แม่อาย,มะลิกา,10,21,14,ท้องที่ไทย,4
50,เชียงใหม่,7,แม่อาย,มะลิกา,10,21,15,อนาคตไทย,0
50,เชียงใหม่,7,แม่อาย,มะลิกา,10,21,16,พลังเพื่อไทย,0
50,เชียงใหม่,7,แม่อาย,มะลิกา,10,21,17,ไทยชนะ,0
50,เชียงใหม่,7,แม่อาย,มะลิกา,10,21,18,พลังสังคมใหม่,0
50,เชียงใหม่,7,แม่อาย,มะลิกา,10,21,19,สังคมประชาธิปไตย,0
50,เชียงใหม่,7,แม่อาย,มะลิกา,10,21,20,ฟิวชัน,0
50,เชียงใหม่,7,แม่อาย,มะลิกา,10,21,21,ไทยรวมพลัง,0
50,เชียงใหม่,7,แม่อาย,มะลิกา,10,21,22,ก้าวอิสระ,0
50,เชียงใหม่,7,แม่อาย,มะลิกา,10,21,23,ปวงชนไทย,0
50,เชียงใหม่,7,แม่อาย,มะลิกา,10,21,24,วิชชั่นใหม่,0
50,เชียงใหม่,7,แม่อาย,มะลิกา,10,21,25,เพื่อชีวิตใหม่,0
50,เชียงใหม่,7,แม่อาย,มะลิกา,10,21,26,คลองไทย,0
50,เชียงใหม่,7,แม่อาย,มะลิกา,10,21,27,ประชาธิปัตย์,1
50,เชียงใหม่,7,แม่อาย,มะลิกา,10,21,28,ไทยก้าวหน้า,0
50,เชียงใหม่,7,แม่อาย,มะลิกา,10,21,29,ไทยภักดี,0
50,เชียงใหม่,7,แม่อาย,มะลิกา,10,21,30,แรงงานสร้างชาติ,0
50,เชียงใหม่,7,แม่อาย,มะลิกา,10,21,31,ประชากรไทย,0
50,เชียงใหม่,7,แม่อาย,มะลิกา,10,21,32,ครูไทยเพื่อประชาชน,0
50,เชียงใหม่,7,แม่อาย,มะลิกา,10,21,33,ประชาชาติ,1
50,เชียงใหม่,7,แม่อาย,มะลิกา,10,21,34,สร้างอนาคตไทย,0
50,เชียงใหม่,7,แม่อาย,มะลิกา,10,21,35,รักชาติ,0
50,เชียงใหม่,7,แม่อาย,มะลิกา,10,21,36,ไทยพร้อม,2
50,เชียงใหม่,7,แม่อาย,มะลิกา,10,21,37,ภูมิใจไทย,9
50,เชียงใหม่,7,แม่อาย,มะลิกา,10,21,38,พลังธรรมใหม่,0
50,เชียงใหม่,7,แม่อาย,มะลิกา,10,21,39,กรีน,0
50,เชียงใหม่,7,แม่อาย,มะลิกา,10,21,40,ไทยธรรม,0
50,เชียงใหม่,7,แม่อาย,มะลิกา,10,21,41,แผ่นดินธรรม,0
50,เชียงใหม่,7,แม่อาย,มะลิกา,10,21,42,กล้าธรรม,11
50,เชียงใหม่,7,แม่อาย,มะลิกา,10,21,43,พลังประชารัฐ,5
50,เชียงใหม่,7,แม่อาย,มะลิกา,10,21,44,โอกาสใหม่,0
50,เชียงใหม่,7,แม่อาย,มะลิกา,10,21,45,เป็นธรรม,2
50,เชียงใหม่,7,แม่อาย,มะลิกา,10,21,46,ประชาชน,67
50,เชียงใหม่,7,แม่อาย,มะลิกา,10,21,47,ประชาไทย,0
50,เชียงใหม่,7,แม่อาย,มะลิกา,10,21,48,ไทยสร้างไทย,0
50,เชียงใหม่,7,แม่อาย,มะลิกา,10,21,49,ไทยก้าวใหม่,0
50,เชียงใหม่,7,แม่อาย,มะลิกา,10,21,50,ประชาอาสาชาติ,0
50,เชียงใหม่,7,แม่อาย,มะลิกา,10,21,51,พร้อม,0
50,เชียงใหม่,7,แม่อาย,มะลิกา,10,21,52,เครือข่ายชาวนาแห่งประเทศไทย,0
50,เชียงใหม่,7,แม่อาย,มะลิกา,10,21,53,ไทยพิทักษ์ธรรม,0
50,เชียงใหม่,7,แม่อาย,มะลิกา,10,21,54,ความหวังใหม่,0
50,เชียงใหม่,7,แม่อาย,มะลิกา,10,21,55,ไทยรวมไทย,0
50,เชียงใหม่,7,แม่อาย,มะลิกา,10,21,56,เพื่อบ้านเมือง,0
50,เชียงใหม่,7,แม่อาย,มะลิกา,10,21,57,พลังไทยรักชาติ,0
50,เชียงใหม่,7,แม่อาย,แม่อาย,1,1,1,ไทยทรัพย์ทวี,4
50,เชียงใหม่,7,แม่อาย,แม่อาย,1,1,2,เพื่อชาติไทย,6
50,เชียงใหม่,7,แม่อาย,แม่อาย,1,1,3,ใหม่,2
50,เชียงใหม่,7,แม่อาย,แม่อาย,1,1,4,มิติใหม่,0
50,เชียงใหม่,7,แม่อาย,แม่อาย,1,1,5,รวมใจไทย,5
50,เชียงใหม่,7,แม่อาย,แม่อาย,1,1,6,รวมไทยสร้างชาติ,1
50,เชียงใหม่,7,แม่อาย,แม่อาย,1,1,7,พลวัต,6
50,เชียงใหม่,7,แม่อาย,แม่อาย,1,1,8,ประชาธิปไตยใหม่,1
50,เชียงใหม่,7,แม่อาย,แม่อาย,1,1,9,เพื่อไทย,131
50,เชียงใหม่,7,แม่อาย,แม่อาย,1,1,10,ทางเลือกใหม่,0
50,เชียงใหม่,7,แม่อาย,แม่อาย,1,1,11,เศรษฐกิจ,9
50,เชียงใหม่,7,แม่อาย,แม่อาย,1,1,12,เสรีรวมไทย,1
50,เชียงใหม่,7,แม่อาย,แม่อาย,1,1,13,รวมพลังประชาชน,5
50,เชียงใหม่,7,แม่อาย,แม่อาย,1,1,14,ท้องที่ไทย,1
50,เชียงใหม่,7,แม่อาย,แม่อาย,1,1,15,อนาคตไทย,0
50,เชียงใหม่,7,แม่อาย,แม่อาย,1,1,16,พลังเพื่อไทย,0
50,เชียงใหม่,7,แม่อาย,แม่อาย,1,1,17,ไทยชนะ,3
50,เชียงใหม่,7,แม่อาย,แม่อาย,1,1,18,พลังสังคมใหม่,0
50,เชียงใหม่,7,แม่อาย,แม่อาย,1,1,19,สังคมประชาธิปไตย,0
50,เชียงใหม่,7,แม่อาย,แม่อาย,1,1,20,ฟิวชัน,1
50,เชียงใหม่,7,แม่อาย,แม่อาย,1,1,21,ไทยรวมพลัง,0
50,เชียงใหม่,7,แม่อาย,แม่อาย,1,1,22,ก้าวอิสระ,0
50,เชียงใหม่,7,แม่อาย,แม่อาย,1,1,23,ปวงชนไทย,1
50,เชียงใหม่,7,แม่อาย,แม่อาย,1,1,24,วิชชั่นใหม่,0
50,เชียงใหม่,7,แม่อาย,แม่อาย,1,1,25,เพื่อชีวิตใหม่,1
50,เชียงใหม่,7,แม่อาย,แม่อาย,1,1,26,คลองไทย,0
50,เชียงใหม่,7,แม่อาย,แม่อาย,1,1,27,ประชาธิปัตย์,13
50,เชียงใหม่,7,แม่อาย,แม่อาย,1,1,28,ไทยก้าวหน้า,1
50,เชียงใหม่,7,แม่อาย,แม่อาย,1,1,29,ไทยภักดี,1
50,เชียงใหม่,7,แม่อาย,แม่อาย,1,1,30,แรงงานสร้างชาติ,0
50,เชียงใหม่,7,แม่อาย,แม่อาย,1,1,31,ประชากรไทย,1
50,เชียงใหม่,7,แม่อาย,แม่อาย,1,1,32,ครูไทยเพื่อประชาชน,0
50,เชียงใหม่,7,แม่อาย,แม่อาย,1,1,33,ประชาชาติ,0
50,เชียงใหม่,7,แม่อาย,แม่อาย,1,1,34,สร้างอนาคตไทย,1
50,เชียงใหม่,7,แม่อาย,แม่อาย,1,1,35,รักชาติ,0
50,เชียงใหม่,7,แม่อาย,แม่อาย,1,1,36,ไทยพร้อม,1
50,เชียงใหม่,7,แม่อาย,แม่อาย,1,1,37,ภูมิใจไทย,22
50,เชียงใหม่,7,แม่อาย,แม่อาย,1,1,38,พลังธรรมใหม่,0
50,เชียงใหม่,7,แม่อาย,แม่อาย,1,1,39,กรีน,1
50,เชียงใหม่,7,แม่อาย,แม่อาย,1,1,40,ไทยธรรม,0
50,เชียงใหม่,7,แม่อาย,แม่อาย,1,1,41,แผ่นดินธรรม,0
50,เชียงใหม่,7,แม่อาย,แม่อาย,1,1,42,กล้าธรรม,17
50,เชียงใหม่,7,แม่อาย,แม่อาย,1,1,43,พลังประชารัฐ,9
50,เชียงใหม่,7,แม่อาย,แม่อาย,1,1,44,โอกาสใหม่,1
50,เชียงใหม่,7,แม่อาย,แม่อาย,1,1,45,เป็นธรรม,0
50,เชียงใหม่,7,แม่อาย,แม่อาย,1,1,46,ประชาชน,118
50,เชียงใหม่,7,แม่อาย,แม่อาย,1,1,47,ประชาไทย,2
50,เชียงใหม่,7,แม่อาย,แม่อาย,1,1,48,ไทยสร้างไทย,0
50,เชียงใหม่,7,แม่อาย,แม่อาย,1,1,49,ไทยก้าวใหม่,0
50,เชียงใหม่,7,แม่อาย,แม่อาย,1,1,50,ประชาอาสาชาติ,0
50,เชียงใหม่,7,แม่อาย,แม่อาย,1,1,51,พร้อม,1
50,เชียงใหม่,7,แม่อาย,แม่อาย,1,1,52,เครือข่ายชาวนาแห่งประเทศไทย,0
50,เชียงใหม่,7,แม่อาย,แม่อาย,1,1,53,ไทยพิทักษ์ธรรม,0
50,เชียงใหม่,7,แม่อาย,แม่อาย,1,1,54,ความหวังใหม่,0
50,เชียงใหม่,7,แม่อาย,แม่อาย,1,1,55,ไทยรวมไทย,0
50,เชียงใหม่,7,แม่อาย,แม่อาย,1,1,56,เพื่อบ้านเมือง,0
50,เชียงใหม่,7,แม่อาย,แม่อาย,1,1,57,พลังไทยรักชาติ,0
50,เชียงใหม่,7,แม่อาย,แม่อาย,2,2,1,ไทยทรัพย์ทวี,2
50,เชียงใหม่,7,แม่อาย,แม่อาย,2,2,2,เพื่อชาติไทย,0
50,เชียงใหม่,7,แม่อาย,แม่อาย,2,2,3,ใหม่,2
50,เชียงใหม่,7,แม่อาย,แม่อาย,2,2,4,มิติใหม่,1
50,เชียงใหม่,7,แม่อาย,แม่อาย,2,2,5,รวมใจไทย,3
50,เชียงใหม่,7,แม่อาย,แม่อาย,2,2,6,รวมไทยสร้างชาติ,6
50,เชียงใหม่,7,แม่อาย,แม่อาย,2,2,7,พลวัต,3
50,เชียงใหม่,7,แม่อาย,แม่อาย,2,2,8,ประชาธิปไตยใหม่,0
50,เชียงใหม่,7,แม่อาย,แม่อาย,2,2,9,เพื่อไทย,66
50,เชียงใหม่,7,แม่อาย,แม่อาย,2,2,10,ทางเลือกใหม่,0
50,เชียงใหม่,7,แม่อาย,แม่อาย,2,2,11,เศรษฐกิจ,2
50,เชียงใหม่,7,แม่อาย,แม่อาย,2,2,12,เสรีรวมไทย,6
50,เชียงใหม่,7,แม่อาย,แม่อาย,2,2,13,รวมพลังประชาชน,1
50,เชียงใหม่,7,แม่อาย,แม่อาย,2,2,14,ท้องที่ไทย,0
50,เชียงใหม่,7,แม่อาย,แม่อาย,2,2,15,อนาคตไทย,0
50,เชียงใหม่,7,แม่อาย,แม่อาย,2,2,16,พลังเพื่อไทย,2
50,เชียงใหม่,7,แม่อาย,แม่อาย,2,2,17,ไทยชนะ,0
50,เชียงใหม่,7,แม่อาย,แม่อาย,2,2,18,พลังสังคมใหม่,0
50,เชียงใหม่,7,แม่อาย,แม่อาย,2,2,19,สังคมประชาธิปไตย,0
50,เชียงใหม่,7,แม่อาย,แม่อาย,2,2,20,ฟิวชัน,0
50,เชียงใหม่,7,แม่อาย,แม่อาย,2,2,21,ไทยรวมพลัง,0
50,เชียงใหม่,7,แม่อาย,แม่อาย,2,2,22,ก้าวอิสระ,2
50,เชียงใหม่,7,แม่อาย,แม่อาย,2,2,23,ปวงชนไทย,0
50,เชียงใหม่,7,แม่อาย,แม่อาย,2,2,24,วิชชั่นใหม่,0
50,เชียงใหม่,7,แม่อาย,แม่อาย,2,2,25,เพื่อชีวิตใหม่,0
50,เชียงใหม่,7,แม่อาย,แม่อาย,2,2,26,คลองไทย,0
50,เชียงใหม่,7,แม่อาย,แม่อาย,2,2,27,ประชาธิปัตย์,1
50,เชียงใหม่,7,แม่อาย,แม่อาย,2,2,28,ไทยก้าวหน้า,1
50,เชียงใหม่,7,แม่อาย,แม่อาย,2,2,29,ไทยภักดี,0
50,เชียงใหม่,7,แม่อาย,แม่อาย,2,2,30,แรงงานสร้างชาติ,0
50,เชียงใหม่,7,แม่อาย,แม่อาย,2,2,31,ประชากรไทย,1
50,เชียงใหม่,7,แม่อาย,แม่อาย,2,2,32,ครูไทยเพื่อประชาชน,0
50,เชียงใหม่,7,แม่อาย,แม่อาย,2,2,33,ประชาชาติ,1
50,เชียงใหม่,7,แม่อาย,แม่อาย,2,2,34,สร้างอนาคตไทย,2
50,เชียงใหม่,7,แม่อาย,แม่อาย,2,2,35,รักชาติ,1
50,เชียงใหม่,7,แม่อาย,แม่อาย,2,2,36,ไทยพร้อม,0
50,เชียงใหม่,7,แม่อาย,แม่อาย,2,2,37,ภูมิใจไทย,7
50,เชียงใหม่,7,แม่อาย,แม่อาย,2,2,38,พลังธรรมใหม่,0
50,เชียงใหม่,7,แม่อาย,แม่อาย,2,2,39,กรีน,0
50,เชียงใหม่,7,แม่อาย,แม่อาย,2,2,40,ไทยธรรม,0
50,เชียงใหม่,7,แม่อาย,แม่อาย,2,2,41,แผ่นดินธรรม,0
50,เชียงใหม่,7,แม่อาย,แม่อาย,2,2,42,กล้าธรรม,14
50,เชียงใหม่,7,แม่อาย,แม่อาย,2,2,43,พลังประชารัฐ,4
50,เชียงใหม่,7,แม่อาย,แม่อาย,2,2,44,โอกาสใหม่,1
50,เชียงใหม่,7,แม่อาย,แม่อาย,2,2,45,เป็นธรรม,1
50,เชียงใหม่,7,แม่อาย,แม่อาย,2,2,46,ประชาชน,52
50,เชียงใหม่,7,แม่อาย,แม่อาย,2,2,47,ประชาไทย,0
50,เชียงใหม่,7,แม่อาย,แม่อาย,2,2,48,ไทยสร้างไทย,2
50,เชียงใหม่,7,แม่อาย,แม่อาย,2,2,49,ไทยก้าวใหม่,0
50,เชียงใหม่,7,แม่อาย,แม่อาย,2,2,50,ประชาอาสาชาติ,0
50,เชียงใหม่,7,แม่อาย,แม่อาย,2,2,51,พร้อม,1
50,เชียงใหม่,7,แม่อาย,แม่อาย,2,2,52,เครือข่ายชาวนาแห่งประเทศไทย,0
50,เชียงใหม่,7,แม่อาย,แม่อาย,2,2,53,ไทยพิทักษ์ธรรม,0
50,เชียงใหม่,7,แม่อาย,แม่อาย,2,2,54,ความหวังใหม่,0
50,เชียงใหม่,7,แม่อาย,แม่อาย,2,2,55,ไทยรวมไทย,0
50,เชียงใหม่,7,แม่อาย,แม่อาย,2,2,56,เพื่อบ้านเมือง,0
50,เชียงใหม่,7,แม่อาย,แม่อาย,2,2,57,พลังไทยรักชาติ,1
50,เชียงใหม่,7,แม่อาย,แม่อาย,3,3,1,ไทยทรัพย์ทวี,2
50,เชียงใหม่,7,แม่อาย,แม่อาย,3,3,2,เพื่อชาติไทย,3
50,เชียงใหม่,7,แม่อาย,แม่อาย,3,3,3,ใหม่,2
50,เชียงใหม่,7,แม่อาย,แม่อาย,3,3,4,มิติใหม่,1
50,เชียงใหม่,7,แม่อาย,แม่อาย,3,3,5,รวมใจไทย,8
50,เชียงใหม่,7,แม่อาย,แม่อาย,3,3,6,รวมไทยสร้างชาติ,2
50,เชียงใหม่,7,แม่อาย,แม่อาย,3,3,7,พลวัต,7
50,เชียงใหม่,7,แม่อาย,แม่อาย,3,3,8,ประชาธิปไตยใหม่,1
50,เชียงใหม่,7,แม่อาย,แม่อาย,3,3,9,เพื่อไทย,100
50,เชียงใหม่,7,แม่อาย,แม่อาย,3,3,10,ทางเลือกใหม่,0
50,เชียงใหม่,7,แม่อาย,แม่อาย,3,3,11,เศรษฐกิจ,5
50,เชียงใหม่,7,แม่อาย,แม่อาย,3,3,12,เสรีรวมไทย,1
50,เชียงใหม่,7,แม่อาย,แม่อาย,3,3,13,รวมพลังประชาชน,1
50,เชียงใหม่,7,แม่อาย,แม่อาย,3,3,14,ท้องที่ไทย,1
50,เชียงใหม่,7,แม่อาย,แม่อาย,3,3,15,อนาคตไทย,0
50,เชียงใหม่,7,แม่อาย,แม่อาย,3,3,16,พลังเพื่อไทย,2
50,เชียงใหม่,7,แม่อาย,แม่อาย,3,3,17,ไทยชนะ,1
50,เชียงใหม่,7,แม่อาย,แม่อาย,3,3,18,พลังสังคมใหม่,0
50,เชียงใหม่,7,แม่อาย,แม่อาย,3,3,19,สังคมประชาธิปไตย,0
50,เชียงใหม่,7,แม่อาย,แม่อาย,3,3,20,ฟิวชัน,0
50,เชียงใหม่,7,แม่อาย,แม่อาย,3,3,21,ไทยรวมพลัง,0
50,เชียงใหม่,7,แม่อาย,แม่อาย,3,3,22,ก้าวอิสระ,0
50,เชียงใหม่,7,แม่อาย,แม่อาย,3,3,23,ปวงชนไทย,0
50,เชียงใหม่,7,แม่อาย,แม่อาย,3,3,24,วิชชั่นใหม่,1
50,เชียงใหม่,7,แม่อาย,แม่อาย,3,3,25,เพื่อชีวิตใหม่,0
50,เชียงใหม่,7,แม่อาย,แม่อาย,3,3,26,คลองไทย,0
50,เชียงใหม่,7,แม่อาย,แม่อาย,3,3,27,ประชาธิปัตย์,2
50,เชียงใหม่,7,แม่อาย,แม่อาย,3,3,28,ไทยก้าวหน้า,0
50,เชียงใหม่,7,แม่อาย,แม่อาย,3,3,29,ไทยภักดี,1
50,เชียงใหม่,7,แม่อาย,แม่อาย,3,3,30,แรงงานสร้างชาติ,1
50,เชียงใหม่,7,แม่อาย,แม่อาย,3,3,31,ประชากรไทย,0
50,เชียงใหม่,7,แม่อาย,แม่อาย,3,3,32,ครูไทยเพื่อประชาชน,0
50,เชียงใหม่,7,แม่อาย,แม่อาย,3,3,33,ประชาชาติ,0
50,เชียงใหม่,7,แม่อาย,แม่อาย,3,3,34,สร้างอนาคตไทย,1
50,เชียงใหม่,7,แม่อาย,แม่อาย,3,3,35,รักชาติ,0
50,เชียงใหม่,7,แม่อาย,แม่อาย,3,3,36,ไทยพร้อม,0
50,เชียงใหม่,7,แม่อาย,แม่อาย,3,3,37,ภูมิใจไทย,14
50,เชียงใหม่,7,แม่อาย,แม่อาย,3,3,38,พลังธรรมใหม่,6
50,เชียงใหม่,7,แม่อาย,แม่อาย,3,3,39,กรีน,0
50,เชียงใหม่,7,แม่อาย,แม่อาย,3,3,40,ไทยธรรม,0
50,เชียงใหม่,7,แม่อาย,แม่อาย,3,3,41,แผ่นดินธรรม,1
50,เชียงใหม่,7,แม่อาย,แม่อาย,3,3,42,กล้าธรรม,17
50,เชียงใหม่,7,แม่อาย,แม่อาย,3,3,43,พลังประชารัฐ,7
50,เชียงใหม่,7,แม่อาย,แม่อาย,3,3,44,โอกาสใหม่,0
50,เชียงใหม่,7,แม่อาย,แม่อาย,3,3,45,เป็นธรรม,0
50,เชียงใหม่,7,แม่อาย,แม่อาย,3,3,46,ประชาชน,76
50,เชียงใหม่,7,แม่อาย,แม่อาย,3,3,47,ประชาไทย,0
50,เชียงใหม่,7,แม่อาย,แม่อาย,3,3,48,ไทยสร้างไทย,0
50,เชียงใหม่,7,แม่อาย,แม่อาย,3,3,49,ไทยก้าวใหม่,1
50,เชียงใหม่,7,แม่อาย,แม่อาย,3,3,50,ประชาอาสาชาติ,0
50,เชียงใหม่,7,แม่อาย,แม่อาย,3,3,51,พร้อม,0
50,เชียงใหม่,7,แม่อาย,แม่อาย,3,3,52,เครือข่ายชาวนาแห่งประเทศไทย,0
50,เชียงใหม่,7,แม่อาย,แม่อาย,3,3,53,ไทยพิทักษ์ธรรม,0
50,เชียงใหม่,7,แม่อาย,แม่อาย,3,3,54,ความหวังใหม่,0
50,เชียงใหม่,7,แม่อาย,แม่อาย,3,3,55,ไทยรวมไทย,0
50,เชียงใหม่,7,แม่อาย,แม่อาย,3,3,56,เพื่อบ้านเมือง,0
50,เชียงใหม่,7,แม่อาย,แม่อาย,3,3,57,พลังไทยรักชาติ,0
50,เชียงใหม่,7,แม่อาย,แม่อาย,4,4,1,ไทยทรัพย์ทวี,0
50,เชียงใหม่,7,แม่อาย,แม่อาย,4,4,2,เพื่อชาติไทย,2
50,เชียงใหม่,7,แม่อาย,แม่อาย,4,4,3,ใหม่,0
50,เชียงใหม่,7,แม่อาย,แม่อาย,4,4,4,มิติใหม่,0
50,เชียงใหม่,7,แม่อาย,แม่อาย,4,4,5,รวมใจไทย,4
50,เชียงใหม่,7,แม่อาย,แม่อาย,4,4,6,รวมไทยสร้างชาติ,6
50,เชียงใหม่,7,แม่อาย,แม่อาย,4,4,7,พลวัต,8
50,เชียงใหม่,7,แม่อาย,แม่อาย,4,4,8,ประชาธิปไตยใหม่,0
50,เชียงใหม่,7,แม่อาย,แม่อาย,4,4,9,เพื่อไทย,76
50,เชียงใหม่,7,แม่อาย,แม่อาย,4,4,10,ทางเลือกใหม่,2
50,เชียงใหม่,7,แม่อาย,แม่อาย,4,4,11,เศรษฐกิจ,5
50,เชียงใหม่,7,แม่อาย,แม่อาย,4,4,12,เสรีรวมไทย,2
50,เชียงใหม่,7,แม่อาย,แม่อาย,4,4,13,รวมพลังประชาชน,3
50,เชียงใหม่,7,แม่อาย,แม่อาย,4,4,14,ท้องที่ไทย,0
50,เชียงใหม่,7,แม่อาย,แม่อาย,4,4,15,อนาคตไทย,0
50,เชียงใหม่,7,แม่อาย,แม่อาย,4,4,16,พลังเพื่อไทย,0
50,เชียงใหม่,7,แม่อาย,แม่อาย,4,4,17,ไทยชนะ,0
50,เชียงใหม่,7,แม่อาย,แม่อาย,4,4,18,พลังสังคมใหม่,0
50,เชียงใหม่,7,แม่อาย,แม่อาย,4,4,19,สังคมประชาธิปไตย,0
50,เชียงใหม่,7,แม่อาย,แม่อาย,4,4,20,ฟิวชัน,0
50,เชียงใหม่,7,แม่อาย,แม่อาย,4,4,21,ไทยรวมพลัง,0
50,เชียงใหม่,7,แม่อาย,แม่อาย,4,4,22,ก้าวอิสระ,2
50,เชียงใหม่,7,แม่อาย,แม่อาย,4,4,23,ปวงชนไทย,0
50,เชียงใหม่,7,แม่อาย,แม่อาย,4,4,24,วิชชั่นใหม่,2
50,เชียงใหม่,7,แม่อาย,แม่อาย,4,4,25,เพื่อชีวิตใหม่,0
50,เชียงใหม่,7,แม่อาย,แม่อาย,4,4,26,คลองไทย,0
50,เชียงใหม่,7,แม่อาย,แม่อาย,4,4,27,ประชาธิปัตย์,1
50,เชียงใหม่,7,แม่อาย,แม่อาย,4,4,28,ไทยก้าวหน้า,1
50,เชียงใหม่,7,แม่อาย,แม่อาย,4,4,29,ไทยภักดี,0
50,เชียงใหม่,7,แม่อาย,แม่อาย,4,4,30,แรงงานสร้างชาติ,0
50,เชียงใหม่,7,แม่อาย,แม่อาย,4,4,31,ประชากรไทย,1
50,เชียงใหม่,7,แม่อาย,แม่อาย,4,4,32,ครูไทยเพื่อประชาชน,0
50,เชียงใหม่,7,แม่อาย,แม่อาย,4,4,33,ประชาชาติ,0
50,เชียงใหม่,7,แม่อาย,แม่อาย,4,4,34,สร้างอนาคตไทย,0
50,เชียงใหม่,7,แม่อาย,แม่อาย,4,4,35,รักชาติ,0
50,เชียงใหม่,7,แม่อาย,แม่อาย,4,4,36,ไทยพร้อม,3
50,เชียงใหม่,7,แม่อาย,แม่อาย,4,4,37,ภูมิใจไทย,16
50,เชียงใหม่,7,แม่อาย,แม่อาย,4,4,38,พลังธรรมใหม่,0
50,เชียงใหม่,7,แม่อาย,แม่อาย,4,4,39,กรีน,0
50,เชียงใหม่,7,แม่อาย,แม่อาย,4,4,40,ไทยธรรม,0
50,เชียงใหม่,7,แม่อาย,แม่อาย,4,4,41,แผ่นดินธรรม,0
50,เชียงใหม่,7,แม่อาย,แม่อาย,4,4,42,กล้าธรรม,9
50,เชียงใหม่,7,แม่อาย,แม่อาย,4,4,43,พลังประชารัฐ,7
50,เชียงใหม่,7,แม่อาย,แม่อาย,4,4,44,โอกาสใหม่,0
50,เชียงใหม่,7,แม่อาย,แม่อาย,4,4,45,เป็นธรรม,0
50,เชียงใหม่,7,แม่อาย,แม่อาย,4,4,46,ประชาชน,53
50,เชียงใหม่,7,แม่อาย,แม่อาย,4,4,47,ประชาไทย,1
50,เชียงใหม่,7,แม่อาย,แม่อาย,4,4,48,ไทยสร้างไทย,2
50,เชียงใหม่,7,แม่อาย,แม่อาย,4,4,49,ไทยก้าวใหม่,1
50,เชียงใหม่,7,แม่อาย,แม่อาย,4,4,50,ประชาอาสาชาติ,0
50,เชียงใหม่,7,แม่อาย,แม่อาย,4,4,51,พร้อม,0
50,เชียงใหม่,7,แม่อาย,แม่อาย,4,4,52,เครือข่ายชาวนาแห่งประเทศไทย,0
50,เชียงใหม่,7,แม่อาย,แม่อาย,4,4,53,ไทยพิทักษ์ธรรม,0
50,เชียงใหม่,7,แม่อาย,แม่อาย,4,4,54,ความหวังใหม่,0
50,เชียงใหม่,7,แม่อาย,แม่อาย,4,4,55,ไทยรวมไทย,0
50,เชียงใหม่,7,แม่อาย,แม่อาย,4,4,56,เพื่อบ้านเมือง,0
50,เชียงใหม่,7,แม่อาย,แม่อาย,4,4,57,พลังไทยรักชาติ,0
50,เชียงใหม่,7,แม่อาย,แม่อาย,4,5,1,ไทยทรัพย์ทวี,2
50,เชียงใหม่,7,แม่อาย,แม่อาย,4,5,2,เพื่อชาติไทย,1
50,เชียงใหม่,7,แม่อาย,แม่อาย,4,5,3,ใหม่,0
50,เชียงใหม่,7,แม่อาย,แม่อาย,4,5,4,มิติใหม่,0
50,เชียงใหม่,7,แม่อาย,แม่อาย,4,5,5,รวมใจไทย,2
50,เชียงใหม่,7,แม่อาย,แม่อาย,4,5,6,รวมไทยสร้างชาติ,4
50,เชียงใหม่,7,แม่อาย,แม่อาย,4,5,7,พลวัต,5
50,เชียงใหม่,7,แม่อาย,แม่อาย,4,5,8,ประชาธิปไตยใหม่,2
50,เชียงใหม่,7,แม่อาย,แม่อาย,4,5,9,เพื่อไทย,61
50,เชียงใหม่,7,แม่อาย,แม่อาย,4,5,10,ทางเลือกใหม่,1
50,เชียงใหม่,7,แม่อาย,แม่อาย,4,5,11,เศรษฐกิจ,5
50,เชียงใหม่,7,แม่อาย,แม่อาย,4,5,12,เสรีรวมไทย,3
50,เชียงใหม่,7,แม่อาย,แม่อาย,4,5,13,รวมพลังประชาชน,3
50,เชียงใหม่,7,แม่อาย,แม่อาย,4,5,14,ท้องที่ไทย,1
50,เชียงใหม่,7,แม่อาย,แม่อาย,4,5,15,อนาคตไทย,1
50,เชียงใหม่,7,แม่อาย,แม่อาย,4,5,16,พลังเพื่อไทย,2
50,เชียงใหม่,7,แม่อาย,แม่อาย,4,5,17,ไทยชนะ,0
50,เชียงใหม่,7,แม่อาย,แม่อาย,4,5,18,พลังสังคมใหม่,0
50,เชียงใหม่,7,แม่อาย,แม่อาย,4,5,19,สังคมประชาธิปไตย,0
50,เชียงใหม่,7,แม่อาย,แม่อาย,4,5,20,ฟิวชัน,0
50,เชียงใหม่,7,แม่อาย,แม่อาย,4,5,21,ไทยรวมพลัง,0
50,เชียงใหม่,7,แม่อาย,แม่อาย,4,5,22,ก้าวอิสระ,0
50,เชียงใหม่,7,แม่อาย,แม่อาย,4,5,23,ปวงชนไทย,0
50,เชียงใหม่,7,แม่อาย,แม่อาย,4,5,24,วิชชั่นใหม่,0
50,เชียงใหม่,7,แม่อาย,แม่อาย,4,5,25,เพื่อชีวิตใหม่,0
50,เชียงใหม่,7,แม่อาย,แม่อาย,4,5,26,คลองไทย,0
50,เชียงใหม่,7,แม่อาย,แม่อาย,4,5,27,ประชาธิปัตย์,6
50,เชียงใหม่,7,แม่อาย,แม่อาย,4,5,28,ไทยก้าวหน้า,0
50,เชียงใหม่,7,แม่อาย,แม่อาย,4,5,29,ไทยภักดี,0
50,เชียงใหม่,7,แม่อาย,แม่อาย,4,5,30,แรงงานสร้างชาติ,0
50,เชียงใหม่,7,แม่อาย,แม่อาย,4,5,31,ประชากรไทย,0
50,เชียงใหม่,7,แม่อาย,แม่อาย,4,5,32,ครูไทยเพื่อประชาชน,1
50,เชียงใหม่,7,แม่อาย,แม่อาย,4,5,33,ประชาชาติ,1
50,เชียงใหม่,7,แม่อาย,แม่อาย,4,5,34,สร้างอนาคตไทย,1
50,เชียงใหม่,7,แม่อาย,แม่อาย,4,5,35,รักชาติ,1
50,เชียงใหม่,7,แม่อาย,แม่อาย,4,5,36,ไทยพร้อม,2
50,เชียงใหม่,7,แม่อาย,แม่อาย,4,5,37,ภูมิใจไทย,13
50,เชียงใหม่,7,แม่อาย,แม่อาย,4,5,38,พลังธรรมใหม่,2
50,เชียงใหม่,7,แม่อาย,แม่อาย,4,5,39,กรีน,0
50,เชียงใหม่,7,แม่อาย,แม่อาย,4,5,40,ไทยธรรม,0
50,เชียงใหม่,7,แม่อาย,แม่อาย,4,5,41,แผ่นดินธรรม,0
50,เชียงใหม่,7,แม่อาย,แม่อาย,4,5,42,กล้าธรรม,5
50,เชียงใหม่,7,แม่อาย,แม่อาย,4,5,43,พลังประชารัฐ,12
50,เชียงใหม่,7,แม่อาย,แม่อาย,4,5,44,โอกาสใหม่,0
50,เชียงใหม่,7,แม่อาย,แม่อาย,4,5,45,เป็นธรรม,1
50,เชียงใหม่,7,แม่อาย,แม่อาย,4,5,46,ประชาชน,85
50,เชียงใหม่,7,แม่อาย,แม่อาย,4,5,47,ประชาไทย,0
50,เชียงใหม่,7,แม่อาย,แม่อาย,4,5,48,ไทยสร้างไทย,0
50,เชียงใหม่,7,แม่อาย,แม่อาย,4,5,49,ไทยก้าวใหม่,0
50,เชียงใหม่,7,แม่อาย,แม่อาย,4,5,50,ประชาอาสาชาติ,0
50,เชียงใหม่,7,แม่อาย,แม่อาย,4,5,51,พร้อม,0
50,เชียงใหม่,7,แม่อาย,แม่อาย,4,5,52,เครือข่ายชาวนาแห่งประเทศไทย,0
50,เชียงใหม่,7,แม่อาย,แม่อาย,4,5,53,ไทยพิทักษ์ธรรม,0
50,เชียงใหม่,7,แม่อาย,แม่อาย,4,5,54,ความหวังใหม่,0
50,เชียงใหม่,7,แม่อาย,แม่อาย,4,5,55,ไทยรวมไทย,0
50,เชียงใหม่,7,แม่อาย,แม่อาย,4,5,56,เพื่อบ้านเมือง,0
50,เชียงใหม่,7,แม่อาย,แม่อาย,4,5,57,พลังไทยรักชาติ,0
50,เชียงใหม่,7,แม่อาย,แม่อาย,5,6,1,ไทยทรัพย์ทวี,2
50,เชียงใหม่,7,แม่อาย,แม่อาย,5,6,2,เพื่อชาติไทย,0
50,เชียงใหม่,7,แม่อาย,แม่อาย,5,6,3,ใหม่,1
50,เชียงใหม่,7,แม่อาย,แม่อาย,5,6,4,มิติใหม่,1
50,เชียงใหม่,7,แม่อาย,แม่อาย,5,6,5,รวมใจไทย,3
50,เชียงใหม่,7,แม่อาย,แม่อาย,5,6,6,รวมไทยสร้างชาติ,1
50,เชียงใหม่,7,แม่อาย,แม่อาย,5,6,7,พลวัต,4
50,เชียงใหม่,7,แม่อาย,แม่อาย,5,6,8,ประชาธิปไตยใหม่,1
50,เชียงใหม่,7,แม่อาย,แม่อาย,5,6,9,เพื่อไทย,60
50,เชียงใหม่,7,แม่อาย,แม่อาย,5,6,10,ทางเลือกใหม่,1
50,เชียงใหม่,7,แม่อาย,แม่อาย,5,6,11,เศรษฐกิจ,13
50,เชียงใหม่,7,แม่อาย,แม่อาย,5,6,12,เสรีรวมไทย,0
50,เชียงใหม่,7,แม่อาย,แม่อาย,5,6,13,รวมพลังประชาชน,2
50,เชียงใหม่,7,แม่อาย,แม่อาย,5,6,14,ท้องที่ไทย,0
50,เชียงใหม่,7,แม่อาย,แม่อาย,5,6,15,อนาคตไทย,0
50,เชียงใหม่,7,แม่อาย,แม่อาย,5,6,16,พลังเพื่อไทย,0
50,เชียงใหม่,7,แม่อาย,แม่อาย,5,6,17,ไทยชนะ,1
50,เชียงใหม่,7,แม่อาย,แม่อาย,5,6,18,พลังสังคมใหม่,1
50,เชียงใหม่,7,แม่อาย,แม่อาย,5,6,19,สังคมประชาธิปไตย,0
50,เชียงใหม่,7,แม่อาย,แม่อาย,5,6,20,ฟิวชัน,0
50,เชียงใหม่,7,แม่อาย,แม่อาย,5,6,21,ไทยรวมพลัง,0
50,เชียงใหม่,7,แม่อาย,แม่อาย,5,6,22,ก้าวอิสระ,1
50,เชียงใหม่,7,แม่อาย,แม่อาย,5,6,23,ปวงชนไทย,0
50,เชียงใหม่,7,แม่อาย,แม่อาย,5,6,24,วิชชั่นใหม่,0
50,เชียงใหม่,7,แม่อาย,แม่อาย,5,6,25,เพื่อชีวิตใหม่,0
50,เชียงใหม่,7,แม่อาย,แม่อาย,5,6,26,คลองไทย,1
50,เชียงใหม่,7,แม่อาย,แม่อาย,5,6,27,ประชาธิปัตย์,5
50,เชียงใหม่,7,แม่อาย,แม่อาย,5,6,28,ไทยก้าวหน้า,0
50,เชียงใหม่,7,แม่อาย,แม่อาย,5,6,29,ไทยภักดี,3
50,เชียงใหม่,7,แม่อาย,แม่อาย,5,6,30,แรงงานสร้างชาติ,0
50,เชียงใหม่,7,แม่อาย,แม่อาย,5,6,31,ประชากรไทย,0
50,เชียงใหม่,7,แม่อาย,แม่อาย,5,6,32,ครูไทยเพื่อประชาชน,0
50,เชียงใหม่,7,แม่อาย,แม่อาย,5,6,33,ประชาชาติ,0
50,เชียงใหม่,7,แม่อาย,แม่อาย,5,6,34,สร้างอนาคตไทย,0
50,เชียงใหม่,7,แม่อาย,แม่อาย,5,6,35,รักชาติ,0
50,เชียงใหม่,7,แม่อาย,แม่อาย,5,6,36,ไทยพร้อม,1
50,เชียงใหม่,7,แม่อาย,แม่อาย,5,6,37,ภูมิใจไทย,30
50,เชียงใหม่,7,แม่อาย,แม่อาย,5,6,38,พลังธรรมใหม่,0
50,เชียงใหม่,7,แม่อาย,แม่อาย,5,6,39,กรีน,0
50,เชียงใหม่,7,แม่อาย,แม่อาย,5,6,40,ไทยธรรม,0
50,เชียงใหม่,7,แม่อาย,แม่อาย,5,6,41,แผ่นดินธรรม,0
50,เชียงใหม่,7,แม่อาย,แม่อาย,5,6,42,กล้าธรรม,14
50,เชียงใหม่,7,แม่อาย,แม่อาย,5,6,43,พลังประชารัฐ,9
50,เชียงใหม่,7,แม่อาย,แม่อาย,5,6,44,โอกาสใหม่,0
50,เชียงใหม่,7,แม่อาย,แม่อาย,5,6,45,เป็นธรรม,0
50,เชียงใหม่,7,แม่อาย,แม่อาย,5,6,46,ประชาชน,78
50,เชียงใหม่,7,แม่อาย,แม่อาย,5,6,47,ประชาไทย,0
50,เชียงใหม่,7,แม่อาย,แม่อาย,5,6,48,ไทยสร้างไทย,0
50,เชียงใหม่,7,แม่อาย,แม่อาย,5,6,49,ไทยก้าวใหม่,2
50,เชียงใหม่,7,แม่อาย,แม่อาย,5,6,50,ประชาอาสาชาติ,0
50,เชียงใหม่,7,แม่อาย,แม่อาย,5,6,51,พร้อม,0
50,เชียงใหม่,7,แม่อาย,แม่อาย,5,6,52,เครือข่ายชาวนาแห่งประเทศไทย,0
50,เชียงใหม่,7,แม่อาย,แม่อาย,5,6,53,ไทยพิทักษ์ธรรม,0
50,เชียงใหม่,7,แม่อาย,แม่อาย,5,6,54,ความหวังใหม่,0
50,เชียงใหม่,7,แม่อาย,แม่อาย,5,6,55,ไทยรวมไทย,0
50,เชียงใหม่,7,แม่อาย,แม่อาย,5,6,56,เพื่อบ้านเมือง,0
50,เชียงใหม่,7,แม่อาย,แม่อาย,5,6,57,พลังไทยรักชาติ,0
50,เชียงใหม่,7,แม่อาย,แม่อาย,6,7,1,ไทยทรัพย์ทวี,2
50,เชียงใหม่,7,แม่อาย,แม่อาย,6,7,2,เพื่อชาติไทย,1
50,เชียงใหม่,7,แม่อาย,แม่อาย,6,7,3,ใหม่,0
50,เชียงใหม่,7,แม่อาย,แม่อาย,6,7,4,มิติใหม่,2
50,เชียงใหม่,7,แม่อาย,แม่อาย,6,7,5,รวมใจไทย,6
50,เชียงใหม่,7,แม่อาย,แม่อาย,6,7,6,รวมไทยสร้างชาติ,0
50,เชียงใหม่,7,แม่อาย,แม่อาย,6,7,7,พลวัต,2
50,เชียงใหม่,7,แม่อาย,แม่อาย,6,7,8,ประชาธิปไตยใหม่,0
50,เชียงใหม่,7,แม่อาย,แม่อาย,6,7,9,เพื่อไทย,48
50,เชียงใหม่,7,แม่อาย,แม่อาย,6,7,10,ทางเลือกใหม่,0
50,เชียงใหม่,7,แม่อาย,แม่อาย,6,7,11,เศรษฐกิจ,2
50,เชียงใหม่,7,แม่อาย,แม่อาย,6,7,12,เสรีรวมไทย,0
50,เชียงใหม่,7,แม่อาย,แม่อาย,6,7,13,รวมพลังประชาชน,2
50,เชียงใหม่,7,แม่อาย,แม่อาย,6,7,14,ท้องที่ไทย,2
50,เชียงใหม่,7,แม่อาย,แม่อาย,6,7,15,อนาคตไทย,1
50,เชียงใหม่,7,แม่อาย,แม่อาย,6,7,16,พลังเพื่อไทย,1
50,เชียงใหม่,7,แม่อาย,แม่อาย,6,7,17,ไทยชนะ,1
50,เชียงใหม่,7,แม่อาย,แม่อาย,6,7,18,พลังสังคมใหม่,1
50,เชียงใหม่,7,แม่อาย,แม่อาย,6,7,19,สังคมประชาธิปไตย,0
50,เชียงใหม่,7,แม่อาย,แม่อาย,6,7,20,ฟิวชัน,0
50,เชียงใหม่,7,แม่อาย,แม่อาย,6,7,21,ไทยรวมพลัง,0
50,เชียงใหม่,7,แม่อาย,แม่อาย,6,7,22,ก้าวอิสระ,3
50,เชียงใหม่,7,แม่อาย,แม่อาย,6,7,23,ปวงชนไทย,0
50,เชียงใหม่,7,แม่อาย,แม่อาย,6,7,24,วิชชั่นใหม่,2
50,เชียงใหม่,7,แม่อาย,แม่อาย,6,7,25,เพื่อชีวิตใหม่,0
50,เชียงใหม่,7,แม่อาย,แม่อาย,6,7,26,คลองไทย,0
50,เชียงใหม่,7,แม่อาย,แม่อาย,6,7,27,ประชาธิปัตย์,1
50,เชียงใหม่,7,แม่อาย,แม่อาย,6,7,28,ไทยก้าวหน้า,0
50,เชียงใหม่,7,แม่อาย,แม่อาย,6,7,29,ไทยภักดี,1
50,เชียงใหม่,7,แม่อาย,แม่อาย,6,7,30,แรงงานสร้างชาติ,1
50,เชียงใหม่,7,แม่อาย,แม่อาย,6,7,31,ประชากรไทย,0
50,เชียงใหม่,7,แม่อาย,แม่อาย,6,7,32,ครูไทยเพื่อประชาชน,0
50,เชียงใหม่,7,แม่อาย,แม่อาย,6,7,33,ประชาชาติ,0
50,เชียงใหม่,7,แม่อาย,แม่อาย,6,7,34,สร้างอนาคตไทย,0
50,เชียงใหม่,7,แม่อาย,แม่อาย,6,7,35,รักชาติ,0
50,เชียงใหม่,7,แม่อาย,แม่อาย,6,7,36,ไทยพร้อม,0
50,เชียงใหม่,7,แม่อาย,แม่อาย,6,7,37,ภูมิใจไทย,7
50,เชียงใหม่,7,แม่อาย,แม่อาย,6,7,38,พลังธรรมใหม่,0
50,เชียงใหม่,7,แม่อาย,แม่อาย,6,7,39,กรีน,0
50,เชียงใหม่,7,แม่อาย,แม่อาย,6,7,40,ไทยธรรม,0
50,เชียงใหม่,7,แม่อาย,แม่อาย,6,7,41,แผ่นดินธรรม,0
50,เชียงใหม่,7,แม่อาย,แม่อาย,6,7,42,กล้าธรรม,56
50,เชียงใหม่,7,แม่อาย,แม่อาย,6,7,43,พลังประชารัฐ,0
50,เชียงใหม่,7,แม่อาย,แม่อาย,6,7,44,โอกาสใหม่,0
50,เชียงใหม่,7,แม่อาย,แม่อาย,6,7,45,เป็นธรรม,0
50,เชียงใหม่,7,แม่อาย,แม่อาย,6,7,46,ประชาชน,68
50,เชียงใหม่,7,แม่อาย,แม่อาย,6,7,47,ประชาไทย,2
50,เชียงใหม่,7,แม่อาย,แม่อาย,6,7,48,ไทยสร้างไทย,1
50,เชียงใหม่,7,แม่อาย,แม่อาย,6,7,49,ไทยก้าวใหม่,3
50,เชียงใหม่,7,แม่อาย,แม่อาย,6,7,50,ประชาอาสาชาติ,0
50,เชียงใหม่,7,แม่อาย,แม่อาย,6,7,51,พร้อม,0
50,เชียงใหม่,7,แม่อาย,แม่อาย,6,7,52,เครือข่ายชาวนาแห่งประเทศไทย,0
50,เชียงใหม่,7,แม่อาย,แม่อาย,6,7,53,ไทยพิทักษ์ธรรม,0
50,เชียงใหม่,7,แม่อาย,แม่อาย,6,7,54,ความหวังใหม่,0
50,เชียงใหม่,7,แม่อาย,แม่อาย,6,7,55,ไทยรวมไทย,0
50,เชียงใหม่,7,แม่อาย,แม่อาย,6,7,56,เพื่อบ้านเมือง,0
50,เชียงใหม่,7,แม่อาย,แม่อาย,6,7,57,พลังไทยรักชาติ,0
50,เชียงใหม่,7,แม่อาย,แม่อาย,7,8,1,ไทยทรัพย์ทวี,1
50,เชียงใหม่,7,แม่อาย,แม่อาย,7,8,2,เพื่อชาติไทย,7
50,เชียงใหม่,7,แม่อาย,แม่อาย,7,8,3,ใหม่,0
50,เชียงใหม่,7,แม่อาย,แม่อาย,7,8,4,มิติใหม่,0
50,เชียงใหม่,7,แม่อาย,แม่อาย,7,8,5,รวมใจไทย,10
50,เชียงใหม่,7,แม่อาย,แม่อาย,7,8,6,รวมไทยสร้างชาติ,4
50,เชียงใหม่,7,แม่อาย,แม่อาย,7,8,7,พลวัต,11
50,เชียงใหม่,7,แม่อาย,แม่อาย,7,8,8,ประชาธิปไตยใหม่,1
50,เชียงใหม่,7,แม่อาย,แม่อาย,7,8,9,เพื่อไทย,94
50,เชียงใหม่,7,แม่อาย,แม่อาย,7,8,10,ทางเลือกใหม่,2
50,เชียงใหม่,7,แม่อาย,แม่อาย,7,8,11,เศรษฐกิจ,8
50,เชียงใหม่,7,แม่อาย,แม่อาย,7,8,12,เสรีรวมไทย,2
50,เชียงใหม่,7,แม่อาย,แม่อาย,7,8,13,รวมพลังประชาชน,3
50,เชียงใหม่,7,แม่อาย,แม่อาย,7,8,14,ท้องที่ไทย,0
50,เชียงใหม่,7,แม่อาย,แม่อาย,7,8,15,อนาคตไทย,0
50,เชียงใหม่,7,แม่อาย,แม่อาย,7,8,16,พลังเพื่อไทย,2
50,เชียงใหม่,7,แม่อาย,แม่อาย,7,8,17,ไทยชนะ,0
50,เชียงใหม่,7,แม่อาย,แม่อาย,7,8,18,พลังสังคมใหม่,0
50,เชียงใหม่,7,แม่อาย,แม่อาย,7,8,19,สังคมประชาธิปไตย,1
50,เชียงใหม่,7,แม่อาย,แม่อาย,7,8,20,ฟิวชัน,0
50,เชียงใหม่,7,แม่อาย,แม่อาย,7,8,21,ไทยรวมพลัง,0
50,เชียงใหม่,7,แม่อาย,แม่อาย,7,8,22,ก้าวอิสระ,0
50,เชียงใหม่,7,แม่อาย,แม่อาย,7,8,23,ปวงชนไทย,0
50,เชียงใหม่,7,แม่อาย,แม่อาย,7,8,24,วิชชั่นใหม่,1
50,เชียงใหม่,7,แม่อาย,แม่อาย,7,8,25,เพื่อชีวิตใหม่,0
50,เชียงใหม่,7,แม่อาย,แม่อาย,7,8,26,คลองไทย,0
50,เชียงใหม่,7,แม่อาย,แม่อาย,7,8,27,ประชาธิปัตย์,9
50,เชียงใหม่,7,แม่อาย,แม่อาย,7,8,28,ไทยก้าวหน้า,0
50,เชียงใหม่,7,แม่อาย,แม่อาย,7,8,29,ไทยภักดี,5
50,เชียงใหม่,7,แม่อาย,แม่อาย,7,8,30,แรงงานสร้างชาติ,1
50,เชียงใหม่,7,แม่อาย,แม่อาย,7,8,31,ประชากรไทย,1
50,เชียงใหม่,7,แม่อาย,แม่อาย,7,8,32,ครูไทยเพื่อประชาชน,0
50,เชียงใหม่,7,แม่อาย,แม่อาย,7,8,33,ประชาชาติ,0
50,เชียงใหม่,7,แม่อาย,แม่อาย,7,8,34,สร้างอนาคตไทย,0
50,เชียงใหม่,7,แม่อาย,แม่อาย,7,8,35,รักชาติ,2
50,เชียงใหม่,7,แม่อาย,แม่อาย,7,8,36,ไทยพร้อม,0
50,เชียงใหม่,7,แม่อาย,แม่อาย,7,8,37,ภูมิใจไทย,29
50,เชียงใหม่,7,แม่อาย,แม่อาย,7,8,38,พลังธรรมใหม่,1
50,เชียงใหม่,7,แม่อาย,แม่อาย,7,8,39,กรีน,0
50,เชียงใหม่,7,แม่อาย,แม่อาย,7,8,40,ไทยธรรม,1
50,เชียงใหม่,7,แม่อาย,แม่อาย,7,8,41,แผ่นดินธรรม,2
50,เชียงใหม่,7,แม่อาย,แม่อาย,7,8,42,กล้าธรรม,53
50,เชียงใหม่,7,แม่อาย,แม่อาย,7,8,43,พลังประชารัฐ,12
50,เชียงใหม่,7,แม่อาย,แม่อาย,7,8,44,โอกาสใหม่,1
50,เชียงใหม่,7,แม่อาย,แม่อาย,7,8,45,เป็นธรรม,0
50,เชียงใหม่,7,แม่อาย,แม่อาย,7,8,46,ประชาชน,132
50,เชียงใหม่,7,แม่อาย,แม่อาย,7,8,47,ประชาไทย,1
50,เชียงใหม่,7,แม่อาย,แม่อาย,7,8,48,ไทยสร้างไทย,0
50,เชียงใหม่,7,แม่อาย,แม่อาย,7,8,49,ไทยก้าวใหม่,0
50,เชียงใหม่,7,แม่อาย,แม่อาย,7,8,50,ประชาอาสาชาติ,0
50,เชียงใหม่,7,แม่อาย,แม่อาย,7,8,51,พร้อม,0
50,เชียงใหม่,7,แม่อาย,แม่อาย,7,8,52,เครือข่ายชาวนาแห่งประเทศไทย,0
50,เชียงใหม่,7,แม่อาย,แม่อาย,7,8,53,ไทยพิทักษ์ธรรม,0
50,เชียงใหม่,7,แม่อาย,แม่อาย,7,8,54,ความหวังใหม่,1
50,เชียงใหม่,7,แม่อาย,แม่อาย,7,8,55,ไทยรวมไทย,0
50,เชียงใหม่,7,แม่อาย,แม่อาย,7,8,56,เพื่อบ้านเมือง,0
50,เชียงใหม่,7,แม่อาย,แม่อาย,7,8,57,พลังไทยรักชาติ,0
50,เชียงใหม่,7,แม่อาย,แม่อาย,8,9,1,ไทยทรัพย์ทวี,1
50,เชียงใหม่,7,แม่อาย,แม่อาย,8,9,2,เพื่อชาติไทย,2
50,เชียงใหม่,7,แม่อาย,แม่อาย,8,9,3,ใหม่,0
50,เชียงใหม่,7,แม่อาย,แม่อาย,8,9,4,มิติใหม่,0
50,เชียงใหม่,7,แม่อาย,แม่อาย,8,9,5,รวมใจไทย,9
50,เชียงใหม่,7,แม่อาย,แม่อาย,8,9,6,รวมไทยสร้างชาติ,7
50,เชียงใหม่,7,แม่อาย,แม่อาย,8,9,7,พลวัต,2
50,เชียงใหม่,7,แม่อาย,แม่อาย,8,9,8,ประชาธิปไตยใหม่,1
50,เชียงใหม่,7,แม่อาย,แม่อาย,8,9,9,เพื่อไทย,75
50,เชียงใหม่,7,แม่อาย,แม่อาย,8,9,10,ทางเลือกใหม่,2
50,เชียงใหม่,7,แม่อาย,แม่อาย,8,9,11,เศรษฐกิจ,3
50,เชียงใหม่,7,แม่อาย,แม่อาย,8,9,12,เสรีรวมไทย,0
50,เชียงใหม่,7,แม่อาย,แม่อาย,8,9,13,รวมพลังประชาชน,2
50,เชียงใหม่,7,แม่อาย,แม่อาย,8,9,14,ท้องที่ไทย,0
50,เชียงใหม่,7,แม่อาย,แม่อาย,8,9,15,อนาคตไทย,1
50,เชียงใหม่,7,แม่อาย,แม่อาย,8,9,16,พลังเพื่อไทย,0
50,เชียงใหม่,7,แม่อาย,แม่อาย,8,9,17,ไทยชนะ,0
50,เชียงใหม่,7,แม่อาย,แม่อาย,8,9,18,พลังสังคมใหม่,0
50,เชียงใหม่,7,แม่อาย,แม่อาย,8,9,19,สังคมประชาธิปไตย,0
50,เชียงใหม่,7,แม่อาย,แม่อาย,8,9,20,ฟิวชัน,1
50,เชียงใหม่,7,แม่อาย,แม่อาย,8,9,21,ไทยรวมพลัง,0
50,เชียงใหม่,7,แม่อาย,แม่อาย,8,9,22,ก้าวอิสระ,0
50,เชียงใหม่,7,แม่อาย,แม่อาย,8,9,23,ปวงชนไทย,0
50,เชียงใหม่,7,แม่อาย,แม่อาย,8,9,24,วิชชั่นใหม่,0
50,เชียงใหม่,7,แม่อาย,แม่อาย,8,9,25,เพื่อชีวิตใหม่,0
50,เชียงใหม่,7,แม่อาย,แม่อาย,8,9,26,คลองไทย,0
50,เชียงใหม่,7,แม่อาย,แม่อาย,8,9,27,ประชาธิปัตย์,5
50,เชียงใหม่,7,แม่อาย,แม่อาย,8,9,28,ไทยก้าวหน้า,0
50,เชียงใหม่,7,แม่อาย,แม่อาย,8,9,29,ไทยภักดี,1
50,เชียงใหม่,7,แม่อาย,แม่อาย,8,9,30,แรงงานสร้างชาติ,0
50,เชียงใหม่,7,แม่อาย,แม่อาย,8,9,31,ประชากรไทย,1
50,เชียงใหม่,7,แม่อาย,แม่อาย,8,9,32,ครูไทยเพื่อประชาชน,0
50,เชียงใหม่,7,แม่อาย,แม่อาย,8,9,33,ประชาชาติ,1
50,เชียงใหม่,7,แม่อาย,แม่อาย,8,9,34,สร้างอนาคตไทย,1
50,เชียงใหม่,7,แม่อาย,แม่อาย,8,9,35,รักชาติ,0
50,เชียงใหม่,7,แม่อาย,แม่อาย,8,9,36,ไทยพร้อม,0
50,เชียงใหม่,7,แม่อาย,แม่อาย,8,9,37,ภูมิใจไทย,12
50,เชียงใหม่,7,แม่อาย,แม่อาย,8,9,38,พลังธรรมใหม่,2
50,เชียงใหม่,7,แม่อาย,แม่อาย,8,9,39,กรีน,0
50,เชียงใหม่,7,แม่อาย,แม่อาย,8,9,40,ไทยธรรม,0
50,เชียงใหม่,7,แม่อาย,แม่อาย,8,9,41,แผ่นดินธรรม,0
50,เชียงใหม่,7,แม่อาย,แม่อาย,8,9,42,กล้าธรรม,13
50,เชียงใหม่,7,แม่อาย,แม่อาย,8,9,43,พลังประชารัฐ,9
50,เชียงใหม่,7,แม่อาย,แม่อาย,8,9,44,โอกาสใหม่,0
50,เชียงใหม่,7,แม่อาย,แม่อาย,8,9,45,เป็นธรรม,0
50,เชียงใหม่,7,แม่อาย,แม่อาย,8,9,46,ประชาชน,66
50,เชียงใหม่,7,แม่อาย,แม่อาย,8,9,47,ประชาไทย,1
50,เชียงใหม่,7,แม่อาย,แม่อาย,8,9,48,ไทยสร้างไทย,0
50,เชียงใหม่,7,แม่อาย,แม่อาย,8,9,49,ไทยก้าวใหม่,0
50,เชียงใหม่,7,แม่อาย,แม่อาย,8,9,50,ประชาอาสาชาติ,0
50,เชียงใหม่,7,แม่อาย,แม่อาย,8,9,51,พร้อม,0
50,เชียงใหม่,7,แม่อาย,แม่อาย,8,9,52,เครือข่ายชาวนาแห่งประเทศไทย,0
50,เชียงใหม่,7,แม่อาย,แม่อาย,8,9,53,ไทยพิทักษ์ธรรม,0
50,เชียงใหม่,7,แม่อาย,แม่อาย,8,9,54,ความหวังใหม่,0
50,เชียงใหม่,7,แม่อาย,แม่อาย,8,9,55,ไทยรวมไทย,0
50,เชียงใหม่,7,แม่อาย,แม่อาย,8,9,56,เพื่อบ้านเมือง,0
50,เชียงใหม่,7,แม่อาย,แม่อาย,8,9,57,พลังไทยรักชาติ,0
50,เชียงใหม่,7,แม่อาย,แม่อาย,8,10,1,ไทยทรัพย์ทวี,0
50,เชียงใหม่,7,แม่อาย,แม่อาย,8,10,2,เพื่อชาติไทย,1
50,เชียงใหม่,7,แม่อาย,แม่อาย,8,10,3,ใหม่,0
50,เชียงใหม่,7,แม่อาย,แม่อาย,8,10,4,มิติใหม่,0
50,เชียงใหม่,7,แม่อาย,แม่อาย,8,10,5,รวมใจไทย,5
50,เชียงใหม่,7,แม่อาย,แม่อาย,8,10,6,รวมไทยสร้างชาติ,3
50,เชียงใหม่,7,แม่อาย,แม่อาย,8,10,7,พลวัต,4
50,เชียงใหม่,7,แม่อาย,แม่อาย,8,10,8,ประชาธิปไตยใหม่,0
50,เชียงใหม่,7,แม่อาย,แม่อาย,8,10,9,เพื่อไทย,43
50,เชียงใหม่,7,แม่อาย,แม่อาย,8,10,10,ทางเลือกใหม่,4
50,เชียงใหม่,7,แม่อาย,แม่อาย,8,10,11,เศรษฐกิจ,3
50,เชียงใหม่,7,แม่อาย,แม่อาย,8,10,12,เสรีรวมไทย,0
50,เชียงใหม่,7,แม่อาย,แม่อาย,8,10,13,รวมพลังประชาชน,0
50,เชียงใหม่,7,แม่อาย,แม่อาย,8,10,14,ท้องที่ไทย,0
50,เชียงใหม่,7,แม่อาย,แม่อาย,8,10,15,อนาคตไทย,0
50,เชียงใหม่,7,แม่อาย,แม่อาย,8,10,16,พลังเพื่อไทย,0
50,เชียงใหม่,7,แม่อาย,แม่อาย,8,10,17,ไทยชนะ,0
50,เชียงใหม่,7,แม่อาย,แม่อาย,8,10,18,พลังสังคมใหม่,0
50,เชียงใหม่,7,แม่อาย,แม่อาย,8,10,19,สังคมประชาธิปไตย,0
50,เชียงใหม่,7,แม่อาย,แม่อาย,8,10,20,ฟิวชัน,0
50,เชียงใหม่,7,แม่อาย,แม่อาย,8,10,21,ไทยรวมพลัง,0
50,เชียงใหม่,7,แม่อาย,แม่อาย,8,10,22,ก้าวอิสระ,0
50,เชียงใหม่,7,แม่อาย,แม่อาย,8,10,23,ปวงชนไทย,0
50,เชียงใหม่,7,แม่อาย,แม่อาย,8,10,24,วิชชั่นใหม่,0
50,เชียงใหม่,7,แม่อาย,แม่อาย,8,10,25,เพื่อชีวิตใหม่,0
50,เชียงใหม่,7,แม่อาย,แม่อาย,8,10,26,คลองไทย,0
50,เชียงใหม่,7,แม่อาย,แม่อาย,8,10,27,ประชาธิปัตย์,5
50,เชียงใหม่,7,แม่อาย,แม่อาย,8,10,28,ไทยก้าวหน้า,0
50,เชียงใหม่,7,แม่อาย,แม่อาย,8,10,29,ไทยภักดี,1
50,เชียงใหม่,7,แม่อาย,แม่อาย,8,10,30,แรงงานสร้างชาติ,0
50,เชียงใหม่,7,แม่อาย,แม่อาย,8,10,31,ประชากรไทย,0
50,เชียงใหม่,7,แม่อาย,แม่อาย,8,10,32,ครูไทยเพื่อประชาชน,0
50,เชียงใหม่,7,แม่อาย,แม่อาย,8,10,33,ประชาชาติ,1
50,เชียงใหม่,7,แม่อาย,แม่อาย,8,10,34,สร้างอนาคตไทย,1
50,เชียงใหม่,7,แม่อาย,แม่อาย,8,10,35,รักชาติ,0
50,เชียงใหม่,7,แม่อาย,แม่อาย,8,10,36,ไทยพร้อม,0
50,เชียงใหม่,7,แม่อาย,แม่อาย,8,10,37,ภูมิใจไทย,13
50,เชียงใหม่,7,แม่อาย,แม่อาย,8,10,38,พลังธรรมใหม่,0
50,เชียงใหม่,7,แม่อาย,แม่อาย,8,10,39,กรีน,0
50,เชียงใหม่,7,แม่อาย,แม่อาย,8,10,40,ไทยธรรม,0
50,เชียงใหม่,7,แม่อาย,แม่อาย,8,10,41,แผ่นดินธรรม,0
50,เชียงใหม่,7,แม่อาย,แม่อาย,8,10,42,กล้าธรรม,10
50,เชียงใหม่,7,แม่อาย,แม่อาย,8,10,43,พลังประชารัฐ,4
50,เชียงใหม่,7,แม่อาย,แม่อาย,8,10,44,โอกาสใหม่,0
50,เชียงใหม่,7,แม่อาย,แม่อาย,8,10,45,เป็นธรรม,1
50,เชียงใหม่,7,แม่อาย,แม่อาย,8,10,46,ประชาชน,63
50,เชียงใหม่,7,แม่อาย,แม่อาย,8,10,47,ประชาไทย,0
50,เชียงใหม่,7,แม่อาย,แม่อาย,8,10,48,ไทยสร้างไทย,0
50,เชียงใหม่,7,แม่อาย,แม่อาย,8,10,49,ไทยก้าวใหม่,0
50,เชียงใหม่,7,แม่อาย,แม่อาย,8,10,50,ประชาอาสาชาติ,0
50,เชียงใหม่,7,แม่อาย,แม่อาย,8,10,51,พร้อม,0
50,เชียงใหม่,7,แม่อาย,แม่อาย,8,10,52,เครือข่ายชาวนาแห่งประเทศไทย,0
50,เชียงใหม่,7,แม่อาย,แม่อาย,8,10,53,ไทยพิทักษ์ธรรม,0
50,เชียงใหม่,7,แม่อาย,แม่อาย,8,10,54,ความหวังใหม่,0
50,เชียงใหม่,7,แม่อาย,แม่อาย,8,10,55,ไทยรวมไทย,0
50,เชียงใหม่,7,แม่อาย,แม่อาย,8,10,56,เพื่อบ้านเมือง,0
50,เชียงใหม่,7,แม่อาย,แม่อาย,8,10,57,พลังไทยรักชาติ,0
50,เชียงใหม่,7,แม่อาย,แม่อาย,10,11,1,ไทยทรัพย์ทวี,0
50,เชียงใหม่,7,แม่อาย,แม่อาย,10,11,2,เพื่อชาติไทย,2
50,เชียงใหม่,7,แม่อาย,แม่อาย,10,11,3,ใหม่,1
50,เชียงใหม่,7,แม่อาย,แม่อาย,10,11,4,มิติใหม่,0
50,เชียงใหม่,7,แม่อาย,แม่อาย,10,11,5,รวมใจไทย,6
50,เชียงใหม่,7,แม่อาย,แม่อาย,10,11,6,รวมไทยสร้างชาติ,4
50,เชียงใหม่,7,แม่อาย,แม่อาย,10,11,7,พลวัต,2
50,เชียงใหม่,7,แม่อาย,แม่อาย,10,11,8,ประชาธิปไตยใหม่,1
50,เชียงใหม่,7,แม่อาย,แม่อาย,10,11,9,เพื่อไทย,71
50,เชียงใหม่,7,แม่อาย,แม่อาย,10,11,10,ทางเลือกใหม่,1
50,เชียงใหม่,7,แม่อาย,แม่อาย,10,11,11,เศรษฐกิจ,8
50,เชียงใหม่,7,แม่อาย,แม่อาย,10,11,12,เสรีรวมไทย,2
50,เชียงใหม่,7,แม่อาย,แม่อาย,10,11,13,รวมพลังประชาชน,3
50,เชียงใหม่,7,แม่อาย,แม่อาย,10,11,14,ท้องที่ไทย,0
50,เชียงใหม่,7,แม่อาย,แม่อาย,10,11,15,อนาคตไทย,0
50,เชียงใหม่,7,แม่อาย,แม่อาย,10,11,16,พลังเพื่อไทย,0
50,เชียงใหม่,7,แม่อาย,แม่อาย,10,11,17,ไทยชนะ,1
50,เชียงใหม่,7,แม่อาย,แม่อาย,10,11,18,พลังสังคมใหม่,0
50,เชียงใหม่,7,แม่อาย,แม่อาย,10,11,19,สังคมประชาธิปไตย,0
50,เชียงใหม่,7,แม่อาย,แม่อาย,10,11,20,ฟิวชัน,0
50,เชียงใหม่,7,แม่อาย,แม่อาย,10,11,21,ไทยรวมพลัง,0
50,เชียงใหม่,7,แม่อาย,แม่อาย,10,11,22,ก้าวอิสระ,2
50,เชียงใหม่,7,แม่อาย,แม่อาย,10,11,23,ปวงชนไทย,0
50,เชียงใหม่,7,แม่อาย,แม่อาย,10,11,24,วิชชั่นใหม่,1
50,เชียงใหม่,7,แม่อาย,แม่อาย,10,11,25,เพื่อชีวิตใหม่,0
50,เชียงใหม่,7,แม่อาย,แม่อาย,10,11,26,คลองไทย,0
50,เชียงใหม่,7,แม่อาย,แม่อาย,10,11,27,ประชาธิปัตย์,5
50,เชียงใหม่,7,แม่อาย,แม่อาย,10,11,28,ไทยก้าวหน้า,1
50,เชียงใหม่,7,แม่อาย,แม่อาย,10,11,29,ไทยภักดี,0
50,เชียงใหม่,7,แม่อาย,แม่อาย,10,11,30,แรงงานสร้างชาติ,2
50,เชียงใหม่,7,แม่อาย,แม่อาย,10,11,31,ประชากรไทย,0
50,เชียงใหม่,7,แม่อาย,แม่อาย,10,11,32,ครูไทยเพื่อประชาชน,1
50,เชียงใหม่,7,แม่อาย,แม่อาย,10,11,33,ประชาชาติ,0
50,เชียงใหม่,7,แม่อาย,แม่อาย,10,11,34,สร้างอนาคตไทย,1
50,เชียงใหม่,7,แม่อาย,แม่อาย,10,11,35,รักชาติ,2
50,เชียงใหม่,7,แม่อาย,แม่อาย,10,11,36,ไทยพร้อม,0
50,เชียงใหม่,7,แม่อาย,แม่อาย,10,11,37,ภูมิใจไทย,14
50,เชียงใหม่,7,แม่อาย,แม่อาย,10,11,38,พลังธรรมใหม่,2
50,เชียงใหม่,7,แม่อาย,แม่อาย,10,11,39,กรีน,0
50,เชียงใหม่,7,แม่อาย,แม่อาย,10,11,40,ไทยธรรม,0
50,เชียงใหม่,7,แม่อาย,แม่อาย,10,11,41,แผ่นดินธรรม,0
50,เชียงใหม่,7,แม่อาย,แม่อาย,10,11,42,กล้าธรรม,18
50,เชียงใหม่,7,แม่อาย,แม่อาย,10,11,43,พลังประชารัฐ,1
50,เชียงใหม่,7,แม่อาย,แม่อาย,10,11,44,โอกาสใหม่,0
50,เชียงใหม่,7,แม่อาย,แม่อาย,10,11,45,เป็นธรรม,0
50,เชียงใหม่,7,แม่อาย,แม่อาย,10,11,46,ประชาชน,58
50,เชียงใหม่,7,แม่อาย,แม่อาย,10,11,47,ประชาไทย,0
50,เชียงใหม่,7,แม่อาย,แม่อาย,10,11,48,ไทยสร้างไทย,0
50,เชียงใหม่,7,แม่อาย,แม่อาย,10,11,49,ไทยก้าวใหม่,0
50,เชียงใหม่,7,แม่อาย,แม่อาย,10,11,50,ประชาอาสาชาติ,0
50,เชียงใหม่,7,แม่อาย,แม่อาย,10,11,51,พร้อม,2
50,เชียงใหม่,7,แม่อาย,แม่อาย,10,11,52,เครือข่ายชาวนาแห่งประเทศไทย,0
50,เชียงใหม่,7,แม่อาย,แม่อาย,10,11,53,ไทยพิทักษ์ธรรม,0
50,เชียงใหม่,7,แม่อาย,แม่อาย,10,11,54,ความหวังใหม่,0
50,เชียงใหม่,7,แม่อาย,แม่อาย,10,11,55,ไทยรวมไทย,0
50,เชียงใหม่,7,แม่อาย,แม่อาย,10,11,56,เพื่อบ้านเมือง,0
50,เชียงใหม่,7,แม่อาย,แม่อาย,10,11,57,พลังไทยรักชาติ,0
50,เชียงใหม่,7,แม่อาย,แม่อาย,11,12,1,ไทยทรัพย์ทวี,0
50,เชียงใหม่,7,แม่อาย,แม่อาย,11,12,2,เพื่อชาติไทย,2
50,เชียงใหม่,7,แม่อาย,แม่อาย,11,12,3,ใหม่,0
50,เชียงใหม่,7,แม่อาย,แม่อาย,11,12,4,มิติใหม่,1
50,เชียงใหม่,7,แม่อาย,แม่อาย,11,12,5,รวมใจไทย,2
50,เชียงใหม่,7,แม่อาย,แม่อาย,11,12,6,รวมไทยสร้างชาติ,2
50,เชียงใหม่,7,แม่อาย,แม่อาย,11,12,7,พลวัต,2
50,เชียงใหม่,7,แม่อาย,แม่อาย,11,12,8,ประชาธิปไตยใหม่,1
50,เชียงใหม่,7,แม่อาย,แม่อาย,11,12,9,เพื่อไทย,56
50,เชียงใหม่,7,แม่อาย,แม่อาย,11,12,10,ทางเลือกใหม่,1
50,เชียงใหม่,7,แม่อาย,แม่อาย,11,12,11,เศรษฐกิจ,7
50,เชียงใหม่,7,แม่อาย,แม่อาย,11,12,12,เสรีรวมไทย,0
50,เชียงใหม่,7,แม่อาย,แม่อาย,11,12,13,รวมพลังประชาชน,1
50,เชียงใหม่,7,แม่อาย,แม่อาย,11,12,14,ท้องที่ไทย,0
50,เชียงใหม่,7,แม่อาย,แม่อาย,11,12,15,อนาคตไทย,0
50,เชียงใหม่,7,แม่อาย,แม่อาย,11,12,16,พลังเพื่อไทย,1
50,เชียงใหม่,7,แม่อาย,แม่อาย,11,12,17,ไทยชนะ,0
50,เชียงใหม่,7,แม่อาย,แม่อาย,11,12,18,พลังสังคมใหม่,0
50,เชียงใหม่,7,แม่อาย,แม่อาย,11,12,19,สังคมประชาธิปไตย,0
50,เชียงใหม่,7,แม่อาย,แม่อาย,11,12,20,ฟิวชัน,0
50,เชียงใหม่,7,แม่อาย,แม่อาย,11,12,21,ไทยรวมพลัง,1
50,เชียงใหม่,7,แม่อาย,แม่อาย,11,12,22,ก้าวอิสระ,0
50,เชียงใหม่,7,แม่อาย,แม่อาย,11,12,23,ปวงชนไทย,0
50,เชียงใหม่,7,แม่อาย,แม่อาย,11,12,24,วิชชั่นใหม่,0
50,เชียงใหม่,7,แม่อาย,แม่อาย,11,12,25,เพื่อชีวิตใหม่,0
50,เชียงใหม่,7,แม่อาย,แม่อาย,11,12,26,คลองไทย,0
50,เชียงใหม่,7,แม่อาย,แม่อาย,11,12,27,ประชาธิปัตย์,1
50,เชียงใหม่,7,แม่อาย,แม่อาย,11,12,28,ไทยก้าวหน้า,1
50,เชียงใหม่,7,แม่อาย,แม่อาย,11,12,29,ไทยภักดี,0
50,เชียงใหม่,7,แม่อาย,แม่อาย,11,12,30,แรงงานสร้างชาติ,0
50,เชียงใหม่,7,แม่อาย,แม่อาย,11,12,31,ประชากรไทย,1
50,เชียงใหม่,7,แม่อาย,แม่อาย,11,12,32,ครูไทยเพื่อประชาชน,0
50,เชียงใหม่,7,แม่อาย,แม่อาย,11,12,33,ประชาชาติ,0
50,เชียงใหม่,7,แม่อาย,แม่อาย,11,12,34,สร้างอนาคตไทย,1
50,เชียงใหม่,7,แม่อาย,แม่อาย,11,12,35,รักชาติ,0
50,เชียงใหม่,7,แม่อาย,แม่อาย,11,12,36,ไทยพร้อม,0
50,เชียงใหม่,7,แม่อาย,แม่อาย,11,12,37,ภูมิใจไทย,6
50,เชียงใหม่,7,แม่อาย,แม่อาย,11,12,38,พลังธรรมใหม่,1
50,เชียงใหม่,7,แม่อาย,แม่อาย,11,12,39,กรีน,0
50,เชียงใหม่,7,แม่อาย,แม่อาย,11,12,40,ไทยธรรม,0
50,เชียงใหม่,7,แม่อาย,แม่อาย,11,12,41,แผ่นดินธรรม,0
50,เชียงใหม่,7,แม่อาย,แม่อาย,11,12,42,กล้าธรรม,24
50,เชียงใหม่,7,แม่อาย,แม่อาย,11,12,43,พลังประชารัฐ,5
50,เชียงใหม่,7,แม่อาย,แม่อาย,11,12,44,โอกาสใหม่,0
50,เชียงใหม่,7,แม่อาย,แม่อาย,11,12,45,เป็นธรรม,1
50,เชียงใหม่,7,แม่อาย,แม่อาย,11,12,46,ประชาชน,49
50,เชียงใหม่,7,แม่อาย,แม่อาย,11,12,47,ประชาไทย,1
50,เชียงใหม่,7,แม่อาย,แม่อาย,11,12,48,ไทยสร้างไทย,1
50,เชียงใหม่,7,แม่อาย,แม่อาย,11,12,49,ไทยก้าวใหม่,0
50,เชียงใหม่,7,แม่อาย,แม่อาย,11,12,50,ประชาอาสาชาติ,0
50,เชียงใหม่,7,แม่อาย,แม่อาย,11,12,51,พร้อม,0
50,เชียงใหม่,7,แม่อาย,แม่อาย,11,12,52,เครือข่ายชาวนาแห่งประเทศไทย,0
50,เชียงใหม่,7,แม่อาย,แม่อาย,11,12,53,ไทยพิทักษ์ธรรม,0
50,เชียงใหม่,7,แม่อาย,แม่อาย,11,12,54,ความหวังใหม่,0
50,เชียงใหม่,7,แม่อาย,แม่อาย,11,12,55,ไทยรวมไทย,0
50,เชียงใหม่,7,แม่อาย,แม่อาย,11,12,56,เพื่อบ้านเมือง,0
50,เชียงใหม่,7,แม่อาย,แม่อาย,11,12,57,พลังไทยรักชาติ,0
50,เชียงใหม่,7,ไชยปราการ,ปงตำ,1,1,1,ไทยทรัพย์ทวี,1
50,เชียงใหม่,7,ไชยปราการ,ปงตำ,1,1,2,เพื่อชาติไทย,5
50,เชียงใหม่,7,ไชยปราการ,ปงตำ,1,1,3,ใหม่,3
50,เชียงใหม่,7,ไชยปราการ,ปงตำ,1,1,4,มิติใหม่,0
50,เชียงใหม่,7,ไชยปราการ,ปงตำ,1,1,5,รวมใจไทย,11
50,เชียงใหม่,7,ไชยปราการ,ปงตำ,1,1,6,รวมไทยสร้างชาติ,10
50,เชียงใหม่,7,ไชยปราการ,ปงตำ,1,1,7,พลวัต,2
50,เชียงใหม่,7,ไชยปราการ,ปงตำ,1,1,8,ประชาธิปไตยใหม่,1
50,เชียงใหม่,7,ไชยปราการ,ปงตำ,1,1,9,เพื่อไทย,97
50,เชียงใหม่,7,ไชยปราการ,ปงตำ,1,1,10,ทางเลือกใหม่,1
50,เชียงใหม่,7,ไชยปราการ,ปงตำ,1,1,11,เศรษฐกิจ,4
50,เชียงใหม่,7,ไชยปราการ,ปงตำ,1,1,12,เสรีรวมไทย,0
50,เชียงใหม่,7,ไชยปราการ,ปงตำ,1,1,13,รวมพลังประชาชน,1
50,เชียงใหม่,7,ไชยปราการ,ปงตำ,1,1,14,ท้องที่ไทย,0
50,เชียงใหม่,7,ไชยปราการ,ปงตำ,1,1,15,อนาคตไทย,1
50,เชียงใหม่,7,ไชยปราการ,ปงตำ,1,1,16,พลังเพื่อไทย,2
50,เชียงใหม่,7,ไชยปราการ,ปงตำ,1,1,17,ไทยชนะ,1
50,เชียงใหม่,7,ไชยปราการ,ปงตำ,1,1,18,พลังสังคมใหม่,0
50,เชียงใหม่,7,ไชยปราการ,ปงตำ,1,1,19,สังคมประชาธิปไตย,0
50,เชียงใหม่,7,ไชยปราการ,ปงตำ,1,1,20,ฟิวชัน,0
50,เชียงใหม่,7,ไชยปราการ,ปงตำ,1,1,21,ไทยรวมพลัง,0
50,เชียงใหม่,7,ไชยปราการ,ปงตำ,1,1,22,ก้าวอิสระ,0
50,เชียงใหม่,7,ไชยปราการ,ปงตำ,1,1,23,ปวงชนไทย,0
50,เชียงใหม่,7,ไชยปราการ,ปงตำ,1,1,24,วิชชั่นใหม่,0
50,เชียงใหม่,7,ไชยปราการ,ปงตำ,1,1,25,เพื่อชีวิตใหม่,0
50,เชียงใหม่,7,ไชยปราการ,ปงตำ,1,1,26,คลองไทย,1
50,เชียงใหม่,7,ไชยปราการ,ปงตำ,1,1,27,ประชาธิปัตย์,10
50,เชียงใหม่,7,ไชยปราการ,ปงตำ,1,1,28,ไทยก้าวหน้า,1
50,เชียงใหม่,7,ไชยปราการ,ปงตำ,1,1,29,ไทยภักดี,1
50,เชียงใหม่,7,ไชยปราการ,ปงตำ,1,1,30,แรงงานสร้างชาติ,2
50,เชียงใหม่,7,ไชยปราการ,ปงตำ,1,1,31,ประชากรไทย,0
50,เชียงใหม่,7,ไชยปราการ,ปงตำ,1,1,32,ครูไทยเพื่อประชาชน,0
50,เชียงใหม่,7,ไชยปราการ,ปงตำ,1,1,33,ประชาชาติ,0
50,เชียงใหม่,7,ไชยปราการ,ปงตำ,1,1,34,สร้างอนาคตไทย,0
50,เชียงใหม่,7,ไชยปราการ,ปงตำ,1,1,35,รักชาติ,0
50,เชียงใหม่,7,ไชยปราการ,ปงตำ,1,1,36,ไทยพร้อม,0
50,เชียงใหม่,7,ไชยปราการ,ปงตำ,1,1,37,ภูมิใจไทย,15
50,เชียงใหม่,7,ไชยปราการ,ปงตำ,1,1,38,พลังธรรมใหม่,0
50,เชียงใหม่,7,ไชยปราการ,ปงตำ,1,1,39,กรีน,3
50,เชียงใหม่,7,ไชยปราการ,ปงตำ,1,1,40,ไทยธรรม,0
50,เชียงใหม่,7,ไชยปราการ,ปงตำ,1,1,41,แผ่นดินธรรม,1
50,เชียงใหม่,7,ไชยปราการ,ปงตำ,1,1,42,กล้าธรรม,21
50,เชียงใหม่,7,ไชยปราการ,ปงตำ,1,1,43,พลังประชารัฐ,1
50,เชียงใหม่,7,ไชยปราการ,ปงตำ,1,1,44,โอกาสใหม่,0
50,เชียงใหม่,7,ไชยปราการ,ปงตำ,1,1,45,เป็นธรรม,0
50,เชียงใหม่,7,ไชยปราการ,ปงตำ,1,1,46,ประชาชน,105
50,เชียงใหม่,7,ไชยปราการ,ปงตำ,1,1,47,ประชาไทย,2
50,เชียงใหม่,7,ไชยปราการ,ปงตำ,1,1,48,ไทยสร้างไทย,0
50,เชียงใหม่,7,ไชยปราการ,ปงตำ,1,1,49,ไทยก้าวใหม่,1
50,เชียงใหม่,7,ไชยปราการ,ปงตำ,1,1,50,ประชาอาสาชาติ,0
50,เชียงใหม่,7,ไชยปราการ,ปงตำ,1,1,51,พร้อม,0
50,เชียงใหม่,7,ไชยปราการ,ปงตำ,1,1,52,เครือข่ายชาวนาแห่งประเทศไทย,0
50,เชียงใหม่,7,ไชยปราการ,ปงตำ,1,1,53,ไทยพิทักษ์ธรรม,0
50,เชียงใหม่,7,ไชยปราการ,ปงตำ,1,1,54,ความหวังใหม่,0
50,เชียงใหม่,7,ไชยปราการ,ปงตำ,1,1,55,ไทยรวมไทย,0
50,เชียงใหม่,7,ไชยปราการ,ปงตำ,1,1,56,เพื่อบ้านเมือง,0
50,เชียงใหม่,7,ไชยปราการ,ปงตำ,1,1,57,พลังไทยรักชาติ,0
50,เชียงใหม่,7,ไชยปราการ,ปงตำ,1,2,1,ไทยทรัพย์ทวี,2
50,เชียงใหม่,7,ไชยปราการ,ปงตำ,1,2,2,เพื่อชาติไทย,10
50,เชียงใหม่,7,ไชยปราการ,ปงตำ,1,2,3,ใหม่,0
50,เชียงใหม่,7,ไชยปราการ,ปงตำ,1,2,4,มิติใหม่,0
50,เชียงใหม่,7,ไชยปราการ,ปงตำ,1,2,5,รวมใจไทย,11
50,เชียงใหม่,7,ไชยปราการ,ปงตำ,1,2,6,รวมไทยสร้างชาติ,4
50,เชียงใหม่,7,ไชยปราการ,ปงตำ,1,2,7,พลวัต,0
50,เชียงใหม่,7,ไชยปราการ,ปงตำ,1,2,8,ประชาธิปไตยใหม่,2
50,เชียงใหม่,7,ไชยปราการ,ปงตำ,1,2,9,เพื่อไทย,89
50,เชียงใหม่,7,ไชยปราการ,ปงตำ,1,2,10,ทางเลือกใหม่,2
50,เชียงใหม่,7,ไชยปราการ,ปงตำ,1,2,11,เศรษฐกิจ,9
50,เชียงใหม่,7,ไชยปราการ,ปงตำ,1,2,12,เสรีรวมไทย,0
50,เชียงใหม่,7,ไชยปราการ,ปงตำ,1,2,13,รวมพลังประชาชน,2
50,เชียงใหม่,7,ไชยปราการ,ปงตำ,1,2,14,ท้องที่ไทย,0
50,เชียงใหม่,7,ไชยปราการ,ปงตำ,1,2,15,อนาคตไทย,2
50,เชียงใหม่,7,ไชยปราการ,ปงตำ,1,2,16,พลังเพื่อไทย,2
50,เชียงใหม่,7,ไชยปราการ,ปงตำ,1,2,17,ไทยชนะ,0
50,เชียงใหม่,7,ไชยปราการ,ปงตำ,1,2,18,พลังสังคมใหม่,0
50,เชียงใหม่,7,ไชยปราการ,ปงตำ,1,2,19,สังคมประชาธิปไตย,0
50,เชียงใหม่,7,ไชยปราการ,ปงตำ,1,2,20,ฟิวชัน,0
50,เชียงใหม่,7,ไชยปราการ,ปงตำ,1,2,21,ไทยรวมพลัง,0
50,เชียงใหม่,7,ไชยปราการ,ปงตำ,1,2,22,ก้าวอิสระ,0
50,เชียงใหม่,7,ไชยปราการ,ปงตำ,1,2,23,ปวงชนไทย,0
50,เชียงใหม่,7,ไชยปราการ,ปงตำ,1,2,24,วิชชั่นใหม่,0
50,เชียงใหม่,7,ไชยปราการ,ปงตำ,1,2,25,เพื่อชีวิตใหม่,0
50,เชียงใหม่,7,ไชยปราการ,ปงตำ,1,2,26,คลองไทย,1
50,เชียงใหม่,7,ไชยปราการ,ปงตำ,1,2,27,ประชาธิปัตย์,24
50,เชียงใหม่,7,ไชยปราการ,ปงตำ,1,2,28,ไทยก้าวหน้า,0
50,เชียงใหม่,7,ไชยปราการ,ปงตำ,1,2,29,ไทยภักดี,0
50,เชียงใหม่,7,ไชยปราการ,ปงตำ,1,2,30,แรงงานสร้างชาติ,1
50,เชียงใหม่,7,ไชยปราการ,ปงตำ,1,2,31,ประชากรไทย,0
50,เชียงใหม่,7,ไชยปราการ,ปงตำ,1,2,32,ครูไทยเพื่อประชาชน,4
50,เชียงใหม่,7,ไชยปราการ,ปงตำ,1,2,33,ประชาชาติ,0
50,เชียงใหม่,7,ไชยปราการ,ปงตำ,1,2,34,สร้างอนาคตไทย,1
50,เชียงใหม่,7,ไชยปราการ,ปงตำ,1,2,35,รักชาติ,0
50,เชียงใหม่,7,ไชยปราการ,ปงตำ,1,2,36,ไทยพร้อม,0
50,เชียงใหม่,7,ไชยปราการ,ปงตำ,1,2,37,ภูมิใจไทย,19
50,เชียงใหม่,7,ไชยปราการ,ปงตำ,1,2,38,พลังธรรมใหม่,1
50,เชียงใหม่,7,ไชยปราการ,ปงตำ,1,2,39,กรีน,0
50,เชียงใหม่,7,ไชยปราการ,ปงตำ,1,2,40,ไทยธรรม,0
50,เชียงใหม่,7,ไชยปราการ,ปงตำ,1,2,41,แผ่นดินธรรม,0
50,เชียงใหม่,7,ไชยปราการ,ปงตำ,1,2,42,กล้าธรรม,30
50,เชียงใหม่,7,ไชยปราการ,ปงตำ,1,2,43,พลังประชารัฐ,5
50,เชียงใหม่,7,ไชยปราการ,ปงตำ,1,2,44,โอกาสใหม่,0
50,เชียงใหม่,7,ไชยปราการ,ปงตำ,1,2,45,เป็นธรรม,0
50,เชียงใหม่,7,ไชยปราการ,ปงตำ,1,2,46,ประชาชน,96
50,เชียงใหม่,7,ไชยปราการ,ปงตำ,1,2,47,ประชาไทย,1
50,เชียงใหม่,7,ไชยปราการ,ปงตำ,1,2,48,ไทยสร้างไทย,0
50,เชียงใหม่,7,ไชยปราการ,ปงตำ,1,2,49,ไทยก้าวใหม่,0
50,เชียงใหม่,7,ไชยปราการ,ปงตำ,1,2,50,ประชาอาสาชาติ,0
50,เชียงใหม่,7,ไชยปราการ,ปงตำ,1,2,51,พร้อม,1
50,เชียงใหม่,7,ไชยปราการ,ปงตำ,1,2,52,เครือข่ายชาวนาแห่งประเทศไทย,0
50,เชียงใหม่,7,ไชยปราการ,ปงตำ,1,2,53,ไทยพิทักษ์ธรรม,0
50,เชียงใหม่,7,ไชยปราการ,ปงตำ,1,2,54,ความหวังใหม่,0
50,เชียงใหม่,7,ไชยปราการ,ปงตำ,1,2,55,ไทยรวมไทย,0
50,เชียงใหม่,7,ไชยปราการ,ปงตำ,1,2,56,เพื่อบ้านเมือง,0
50,เชียงใหม่,7,ไชยปราการ,ปงตำ,1,2,57,พลังไทยรักชาติ,0
50,เชียงใหม่,7,ไชยปราการ,ปงตำ,2,3,1,ไทยทรัพย์ทวี,3
50,เชียงใหม่,7,ไชยปราการ,ปงตำ,2,3,2,เพื่อชาติไทย,6
50,เชียงใหม่,7,ไชยปราการ,ปงตำ,2,3,3,ใหม่,0
50,เชียงใหม่,7,ไชยปราการ,ปงตำ,2,3,4,มิติใหม่,1
50,เชียงใหม่,7,ไชยปราการ,ปงตำ,2,3,5,รวมใจไทย,3
50,เชียงใหม่,7,ไชยปราการ,ปงตำ,2,3,6,รวมไทยสร้างชาติ,7
50,เชียงใหม่,7,ไชยปราการ,ปงตำ,2,3,7,พลวัต,4
50,เชียงใหม่,7,ไชยปราการ,ปงตำ,2,3,8,ประชาธิปไตยใหม่,2
50,เชียงใหม่,7,ไชยปราการ,ปงตำ,2,3,9,เพื่อไทย,132
50,เชียงใหม่,7,ไชยปราการ,ปงตำ,2,3,10,ทางเลือกใหม่,3
50,เชียงใหม่,7,ไชยปราการ,ปงตำ,2,3,11,เศรษฐกิจ,18
50,เชียงใหม่,7,ไชยปราการ,ปงตำ,2,3,12,เสรีรวมไทย,3
50,เชียงใหม่,7,ไชยปราการ,ปงตำ,2,3,13,รวมพลังประชาชน,1
50,เชียงใหม่,7,ไชยปราการ,ปงตำ,2,3,14,ท้องที่ไทย,0
50,เชียงใหม่,7,ไชยปราการ,ปงตำ,2,3,15,อนาคตไทย,0
50,เชียงใหม่,7,ไชยปราการ,ปงตำ,2,3,16,พลังเพื่อไทย,0
50,เชียงใหม่,7,ไชยปราการ,ปงตำ,2,3,17,ไทยชนะ,0
50,เชียงใหม่,7,ไชยปราการ,ปงตำ,2,3,18,พลังสังคมใหม่,0
50,เชียงใหม่,7,ไชยปราการ,ปงตำ,2,3,19,สังคมประชาธิปไตย,0
50,เชียงใหม่,7,ไชยปราการ,ปงตำ,2,3,20,ฟิวชัน,0
50,เชียงใหม่,7,ไชยปราการ,ปงตำ,2,3,21,ไทยรวมพลัง,0
50,เชียงใหม่,7,ไชยปราการ,ปงตำ,2,3,22,ก้าวอิสระ,2
50,เชียงใหม่,7,ไชยปราการ,ปงตำ,2,3,23,ปวงชนไทย,0
50,เชียงใหม่,7,ไชยปราการ,ปงตำ,2,3,24,วิชชั่นใหม่,1
50,เชียงใหม่,7,ไชยปราการ,ปงตำ,2,3,25,เพื่อชีวิตใหม่,0
50,เชียงใหม่,7,ไชยปราการ,ปงตำ,2,3,26,คลองไทย,0
50,เชียงใหม่,7,ไชยปราการ,ปงตำ,2,3,27,ประชาธิปัตย์,17
50,เชียงใหม่,7,ไชยปราการ,ปงตำ,2,3,28,ไทยก้าวหน้า,1
50,เชียงใหม่,7,ไชยปราการ,ปงตำ,2,3,29,ไทยภักดี,0
50,เชียงใหม่,7,ไชยปราการ,ปงตำ,2,3,30,แรงงานสร้างชาติ,1
50,เชียงใหม่,7,ไชยปราการ,ปงตำ,2,3,31,ประชากรไทย,0
50,เชียงใหม่,7,ไชยปราการ,ปงตำ,2,3,32,ครูไทยเพื่อประชาชน,0
50,เชียงใหม่,7,ไชยปราการ,ปงตำ,2,3,33,ประชาชาติ,0
50,เชียงใหม่,7,ไชยปราการ,ปงตำ,2,3,34,สร้างอนาคตไทย,1
50,เชียงใหม่,7,ไชยปราการ,ปงตำ,2,3,35,รักชาติ,1
50,เชียงใหม่,7,ไชยปราการ,ปงตำ,2,3,36,ไทยพร้อม,0
50,เชียงใหม่,7,ไชยปราการ,ปงตำ,2,3,37,ภูมิใจไทย,31
50,เชียงใหม่,7,ไชยปราการ,ปงตำ,2,3,38,พลังธรรมใหม่,2
50,เชียงใหม่,7,ไชยปราการ,ปงตำ,2,3,39,กรีน,0
50,เชียงใหม่,7,ไชยปราการ,ปงตำ,2,3,40,ไทยธรรม,0
50,เชียงใหม่,7,ไชยปราการ,ปงตำ,2,3,41,แผ่นดินธรรม,0
50,เชียงใหม่,7,ไชยปราการ,ปงตำ,2,3,42,กล้าธรรม,21
50,เชียงใหม่,7,ไชยปราการ,ปงตำ,2,3,43,พลังประชารัฐ,0
50,เชียงใหม่,7,ไชยปราการ,ปงตำ,2,3,44,โอกาสใหม่,0
50,เชียงใหม่,7,ไชยปราการ,ปงตำ,2,3,45,เป็นธรรม,0
50,เชียงใหม่,7,ไชยปราการ,ปงตำ,2,3,46,ประชาชน,135
50,เชียงใหม่,7,ไชยปราการ,ปงตำ,2,3,47,ประชาไทย,0
50,เชียงใหม่,7,ไชยปราการ,ปงตำ,2,3,48,ไทยสร้างไทย,0
50,เชียงใหม่,7,ไชยปราการ,ปงตำ,2,3,49,ไทยก้าวใหม่,0
50,เชียงใหม่,7,ไชยปราการ,ปงตำ,2,3,50,ประชาอาสาชาติ,0
50,เชียงใหม่,7,ไชยปราการ,ปงตำ,2,3,51,พร้อม,0
50,เชียงใหม่,7,ไชยปราการ,ปงตำ,2,3,52,เครือข่ายชาวนาแห่งประเทศไทย,0
50,เชียงใหม่,7,ไชยปราการ,ปงตำ,2,3,53,ไทยพิทักษ์ธรรม,0
50,เชียงใหม่,7,ไชยปราการ,ปงตำ,2,3,54,ความหวังใหม่,0
50,เชียงใหม่,7,ไชยปราการ,ปงตำ,2,3,55,ไทยรวมไทย,0
50,เชียงใหม่,7,ไชยปราการ,ปงตำ,2,3,56,เพื่อบ้านเมือง,0
50,เชียงใหม่,7,ไชยปราการ,ปงตำ,2,3,57,พลังไทยรักชาติ,0
50,เชียงใหม่,7,ไชยปราการ,ปงตำ,2,4,1,ไทยทรัพย์ทวี,1
50,เชียงใหม่,7,ไชยปราการ,ปงตำ,2,4,2,เพื่อชาติไทย,5
50,เชียงใหม่,7,ไชยปราการ,ปงตำ,2,4,3,ใหม่,2
50,เชียงใหม่,7,ไชยปราการ,ปงตำ,2,4,4,มิติใหม่,2
50,เชียงใหม่,7,ไชยปราการ,ปงตำ,2,4,5,รวมใจไทย,9
50,เชียงใหม่,7,ไชยปราการ,ปงตำ,2,4,6,รวมไทยสร้างชาติ,4
50,เชียงใหม่,7,ไชยปราการ,ปงตำ,2,4,7,พลวัต,2
50,เชียงใหม่,7,ไชยปราการ,ปงตำ,2,4,8,ประชาธิปไตยใหม่,1
50,เชียงใหม่,7,ไชยปราการ,ปงตำ,2,4,9,เพื่อไทย,120
50,เชียงใหม่,7,ไชยปราการ,ปงตำ,2,4,10,ทางเลือกใหม่,1
50,เชียงใหม่,7,ไชยปราการ,ปงตำ,2,4,11,เศรษฐกิจ,10
50,เชียงใหม่,7,ไชยปราการ,ปงตำ,2,4,12,เสรีรวมไทย,2
50,เชียงใหม่,7,ไชยปราการ,ปงตำ,2,4,13,รวมพลังประชาชน,4
50,เชียงใหม่,7,ไชยปราการ,ปงตำ,2,4,14,ท้องที่ไทย,0
50,เชียงใหม่,7,ไชยปราการ,ปงตำ,2,4,15,อนาคตไทย,0
50,เชียงใหม่,7,ไชยปราการ,ปงตำ,2,4,16,พลังเพื่อไทย,0
50,เชียงใหม่,7,ไชยปราการ,ปงตำ,2,4,17,ไทยชนะ,0
50,เชียงใหม่,7,ไชยปราการ,ปงตำ,2,4,18,พลังสังคมใหม่,1
50,เชียงใหม่,7,ไชยปราการ,ปงตำ,2,4,19,สังคมประชาธิปไตย,0
50,เชียงใหม่,7,ไชยปราการ,ปงตำ,2,4,20,ฟิวชัน,0
50,เชียงใหม่,7,ไชยปราการ,ปงตำ,2,4,21,ไทยรวมพลัง,0
50,เชียงใหม่,7,ไชยปราการ,ปงตำ,2,4,22,ก้าวอิสระ,0
50,เชียงใหม่,7,ไชยปราการ,ปงตำ,2,4,23,ปวงชนไทย,0
50,เชียงใหม่,7,ไชยปราการ,ปงตำ,2,4,24,วิชชั่นใหม่,0
50,เชียงใหม่,7,ไชยปราการ,ปงตำ,2,4,25,เพื่อชีวิตใหม่,0
50,เชียงใหม่,7,ไชยปราการ,ปงตำ,2,4,26,คลองไทย,0
50,เชียงใหม่,7,ไชยปราการ,ปงตำ,2,4,27,ประชาธิปัตย์,20
50,เชียงใหม่,7,ไชยปราการ,ปงตำ,2,4,28,ไทยก้าวหน้า,0
50,เชียงใหม่,7,ไชยปราการ,ปงตำ,2,4,29,ไทยภักดี,3
50,เชียงใหม่,7,ไชยปราการ,ปงตำ,2,4,30,แรงงานสร้างชาติ,0
50,เชียงใหม่,7,ไชยปราการ,ปงตำ,2,4,31,ประชากรไทย,0
50,เชียงใหม่,7,ไชยปราการ,ปงตำ,2,4,32,ครูไทยเพื่อประชาชน,1
50,เชียงใหม่,7,ไชยปราการ,ปงตำ,2,4,33,ประชาชาติ,0
50,เชียงใหม่,7,ไชยปราการ,ปงตำ,2,4,34,สร้างอนาคตไทย,0
50,เชียงใหม่,7,ไชยปราการ,ปงตำ,2,4,35,รักชาติ,0
50,เชียงใหม่,7,ไชยปราการ,ปงตำ,2,4,36,ไทยพร้อม,0
50,เชียงใหม่,7,ไชยปราการ,ปงตำ,2,4,37,ภูมิใจไทย,35
50,เชียงใหม่,7,ไชยปราการ,ปงตำ,2,4,38,พลังธรรมใหม่,0
50,เชียงใหม่,7,ไชยปราการ,ปงตำ,2,4,39,กรีน,0
50,เชียงใหม่,7,ไชยปราการ,ปงตำ,2,4,40,ไทยธรรม,0
50,เชียงใหม่,7,ไชยปราการ,ปงตำ,2,4,41,แผ่นดินธรรม,0
50,เชียงใหม่,7,ไชยปราการ,ปงตำ,2,4,42,กล้าธรรม,29
50,เชียงใหม่,7,ไชยปราการ,ปงตำ,2,4,43,พลังประชารัฐ,1
50,เชียงใหม่,7,ไชยปราการ,ปงตำ,2,4,44,โอกาสใหม่,1
50,เชียงใหม่,7,ไชยปราการ,ปงตำ,2,4,45,เป็นธรรม,2
50,เชียงใหม่,7,ไชยปราการ,ปงตำ,2,4,46,ประชาชน,149
50,เชียงใหม่,7,ไชยปราการ,ปงตำ,2,4,47,ประชาไทย,0
50,เชียงใหม่,7,ไชยปราการ,ปงตำ,2,4,48,ไทยสร้างไทย,3
50,เชียงใหม่,7,ไชยปราการ,ปงตำ,2,4,49,ไทยก้าวใหม่,1
50,เชียงใหม่,7,ไชยปราการ,ปงตำ,2,4,50,ประชาอาสาชาติ,0
50,เชียงใหม่,7,ไชยปราการ,ปงตำ,2,4,51,พร้อม,0
50,เชียงใหม่,7,ไชยปราการ,ปงตำ,2,4,52,เครือข่ายชาวนาแห่งประเทศไทย,0
50,เชียงใหม่,7,ไชยปราการ,ปงตำ,2,4,53,ไทยพิทักษ์ธรรม,0
50,เชียงใหม่,7,ไชยปราการ,ปงตำ,2,4,54,ความหวังใหม่,0
50,เชียงใหม่,7,ไชยปราการ,ปงตำ,2,4,55,ไทยรวมไทย,0
50,เชียงใหม่,7,ไชยปราการ,ปงตำ,2,4,56,เพื่อบ้านเมือง,0
50,เชียงใหม่,7,ไชยปราการ,ปงตำ,2,4,57,พลังไทยรักชาติ,0
50,เชียงใหม่,7,ไชยปราการ,ปงตำ,2,5,1,ไทยทรัพย์ทวี,1
50,เชียงใหม่,7,ไชยปราการ,ปงตำ,2,5,2,เพื่อชาติไทย,6
50,เชียงใหม่,7,ไชยปราการ,ปงตำ,2,5,3,ใหม่,0
50,เชียงใหม่,7,ไชยปราการ,ปงตำ,2,5,4,มิติใหม่,2
50,เชียงใหม่,7,ไชยปราการ,ปงตำ,2,5,5,รวมใจไทย,14
50,เชียงใหม่,7,ไชยปราการ,ปงตำ,2,5,6,รวมไทยสร้างชาติ,5
50,เชียงใหม่,7,ไชยปราการ,ปงตำ,2,5,7,พลวัต,1
50,เชียงใหม่,7,ไชยปราการ,ปงตำ,2,5,8,ประชาธิปไตยใหม่,0
50,เชียงใหม่,7,ไชยปราการ,ปงตำ,2,5,9,เพื่อไทย,122
50,เชียงใหม่,7,ไชยปราการ,ปงตำ,2,5,10,ทางเลือกใหม่,1
50,เชียงใหม่,7,ไชยปราการ,ปงตำ,2,5,11,เศรษฐกิจ,12
50,เชียงใหม่,7,ไชยปราการ,ปงตำ,2,5,12,เสรีรวมไทย,0
50,เชียงใหม่,7,ไชยปราการ,ปงตำ,2,5,13,รวมพลังประชาชน,2
50,เชียงใหม่,7,ไชยปราการ,ปงตำ,2,5,14,ท้องที่ไทย,0
50,เชียงใหม่,7,ไชยปราการ,ปงตำ,2,5,15,อนาคตไทย,0
50,เชียงใหม่,7,ไชยปราการ,ปงตำ,2,5,16,พลังเพื่อไทย,2
50,เชียงใหม่,7,ไชยปราการ,ปงตำ,2,5,17,ไทยชนะ,1
50,เชียงใหม่,7,ไชยปราการ,ปงตำ,2,5,18,พลังสังคมใหม่,0
50,เชียงใหม่,7,ไชยปราการ,ปงตำ,2,5,19,สังคมประชาธิปไตย,0
50,เชียงใหม่,7,ไชยปราการ,ปงตำ,2,5,20,ฟิวชัน,0
50,เชียงใหม่,7,ไชยปราการ,ปงตำ,2,5,21,ไทยรวมพลัง,1
50,เชียงใหม่,7,ไชยปราการ,ปงตำ,2,5,22,ก้าวอิสระ,0
50,เชียงใหม่,7,ไชยปราการ,ปงตำ,2,5,23,ปวงชนไทย,0
50,เชียงใหม่,7,ไชยปราการ,ปงตำ,2,5,24,วิชชั่นใหม่,0
50,เชียงใหม่,7,ไชยปราการ,ปงตำ,2,5,25,เพื่อชีวิตใหม่,0
50,เชียงใหม่,7,ไชยปราการ,ปงตำ,2,5,26,คลองไทย,0
50,เชียงใหม่,7,ไชยปราการ,ปงตำ,2,5,27,ประชาธิปัตย์,26
50,เชียงใหม่,7,ไชยปราการ,ปงตำ,2,5,28,ไทยก้าวหน้า,2
50,เชียงใหม่,7,ไชยปราการ,ปงตำ,2,5,29,ไทยภักดี,1
50,เชียงใหม่,7,ไชยปราการ,ปงตำ,2,5,30,แรงงานสร้างชาติ,1
50,เชียงใหม่,7,ไชยปราการ,ปงตำ,2,5,31,ประชากรไทย,0
50,เชียงใหม่,7,ไชยปราการ,ปงตำ,2,5,32,ครูไทยเพื่อประชาชน,0
50,เชียงใหม่,7,ไชยปราการ,ปงตำ,2,5,33,ประชาชาติ,0
50,เชียงใหม่,7,ไชยปราการ,ปงตำ,2,5,34,สร้างอนาคตไทย,0
50,เชียงใหม่,7,ไชยปราการ,ปงตำ,2,5,35,รักชาติ,1
50,เชียงใหม่,7,ไชยปราการ,ปงตำ,2,5,36,ไทยพร้อม,0
50,เชียงใหม่,7,ไชยปราการ,ปงตำ,2,5,37,ภูมิใจไทย,23
50,เชียงใหม่,7,ไชยปราการ,ปงตำ,2,5,38,พลังธรรมใหม่,0
50,เชียงใหม่,7,ไชยปราการ,ปงตำ,2,5,39,กรีน,1
50,เชียงใหม่,7,ไชยปราการ,ปงตำ,2,5,40,ไทยธรรม,0
50,เชียงใหม่,7,ไชยปราการ,ปงตำ,2,5,41,แผ่นดินธรรม,0
50,เชียงใหม่,7,ไชยปราการ,ปงตำ,2,5,42,กล้าธรรม,20
50,เชียงใหม่,7,ไชยปราการ,ปงตำ,2,5,43,พลังประชารัฐ,0
50,เชียงใหม่,7,ไชยปราการ,ปงตำ,2,5,44,โอกาสใหม่,0
50,เชียงใหม่,7,ไชยปราการ,ปงตำ,2,5,45,เป็นธรรม,0
50,เชียงใหม่,7,ไชยปราการ,ปงตำ,2,5,46,ประชาชน,177
50,เชียงใหม่,7,ไชยปราการ,ปงตำ,2,5,47,ประชาไทย,1
50,เชียงใหม่,7,ไชยปราการ,ปงตำ,2,5,48,ไทยสร้างไทย,1
50,เชียงใหม่,7,ไชยปราการ,ปงตำ,2,5,49,ไทยก้าวใหม่,0
50,เชียงใหม่,7,ไชยปราการ,ปงตำ,2,5,50,ประชาอาสาชาติ,0
50,เชียงใหม่,7,ไชยปราการ,ปงตำ,2,5,51,พร้อม,0
50,เชียงใหม่,7,ไชยปราการ,ปงตำ,2,5,52,เครือข่ายชาวนาแห่งประเทศไทย,0
50,เชียงใหม่,7,ไชยปราการ,ปงตำ,2,5,53,ไทยพิทักษ์ธรรม,0
50,เชียงใหม่,7,ไชยปราการ,ปงตำ,2,5,54,ความหวังใหม่,0
50,เชียงใหม่,7,ไชยปราการ,ปงตำ,2,5,55,ไทยรวมไทย,0
50,เชียงใหม่,7,ไชยปราการ,ปงตำ,2,5,56,เพื่อบ้านเมือง,0
50,เชียงใหม่,7,ไชยปราการ,ปงตำ,2,5,57,พลังไทยรักชาติ,0
50,เชียงใหม่,7,ไชยปราการ,ปงตำ,3,6,1,ไทยทรัพย์ทวี,2
50,เชียงใหม่,7,ไชยปราการ,ปงตำ,3,6,2,เพื่อชาติไทย,9
50,เชียงใหม่,7,ไชยปราการ,ปงตำ,3,6,3,ใหม่,2
50,เชียงใหม่,7,ไชยปราการ,ปงตำ,3,6,4,มิติใหม่,2
50,เชียงใหม่,7,ไชยปราการ,ปงตำ,3,6,5,รวมใจไทย,20
50,เชียงใหม่,7,ไชยปราการ,ปงตำ,3,6,6,รวมไทยสร้างชาติ,4
50,เชียงใหม่,7,ไชยปราการ,ปงตำ,3,6,7,พลวัต,4
50,เชียงใหม่,7,ไชยปราการ,ปงตำ,3,6,8,ประชาธิปไตยใหม่,0
50,เชียงใหม่,7,ไชยปราการ,ปงตำ,3,6,9,เพื่อไทย,132
50,เชียงใหม่,7,ไชยปราการ,ปงตำ,3,6,10,ทางเลือกใหม่,1
50,เชียงใหม่,7,ไชยปราการ,ปงตำ,3,6,11,เศรษฐกิจ,20
50,เชียงใหม่,7,ไชยปราการ,ปงตำ,3,6,12,เสรีรวมไทย,1
50,เชียงใหม่,7,ไชยปราการ,ปงตำ,3,6,13,รวมพลังประชาชน,5
50,เชียงใหม่,7,ไชยปราการ,ปงตำ,3,6,14,ท้องที่ไทย,0
50,เชียงใหม่,7,ไชยปราการ,ปงตำ,3,6,15,อนาคตไทย,0
50,เชียงใหม่,7,ไชยปราการ,ปงตำ,3,6,16,พลังเพื่อไทย,3
50,เชียงใหม่,7,ไชยปราการ,ปงตำ,3,6,17,ไทยชนะ,1
50,เชียงใหม่,7,ไชยปราการ,ปงตำ,3,6,18,พลังสังคมใหม่,0
50,เชียงใหม่,7,ไชยปราการ,ปงตำ,3,6,19,สังคมประชาธิปไตย,0
50,เชียงใหม่,7,ไชยปราการ,ปงตำ,3,6,20,ฟิวชัน,0
50,เชียงใหม่,7,ไชยปราการ,ปงตำ,3,6,21,ไทยรวมพลัง,1
50,เชียงใหม่,7,ไชยปราการ,ปงตำ,3,6,22,ก้าวอิสระ,0
50,เชียงใหม่,7,ไชยปราการ,ปงตำ,3,6,23,ปวงชนไทย,0
50,เชียงใหม่,7,ไชยปราการ,ปงตำ,3,6,24,วิชชั่นใหม่,1
50,เชียงใหม่,7,ไชยปราการ,ปงตำ,3,6,25,เพื่อชีวิตใหม่,0
50,เชียงใหม่,7,ไชยปราการ,ปงตำ,3,6,26,คลองไทย,1
50,เชียงใหม่,7,ไชยปราการ,ปงตำ,3,6,27,ประชาธิปัตย์,22
50,เชียงใหม่,7,ไชยปราการ,ปงตำ,3,6,28,ไทยก้าวหน้า,0
50,เชียงใหม่,7,ไชยปราการ,ปงตำ,3,6,29,ไทยภักดี,1
50,เชียงใหม่,7,ไชยปราการ,ปงตำ,3,6,30,แรงงานสร้างชาติ,0
50,เชียงใหม่,7,ไชยปราการ,ปงตำ,3,6,31,ประชากรไทย,1
50,เชียงใหม่,7,ไชยปราการ,ปงตำ,3,6,32,ครูไทยเพื่อประชาชน,0
50,เชียงใหม่,7,ไชยปราการ,ปงตำ,3,6,33,ประชาชาติ,0
50,เชียงใหม่,7,ไชยปราการ,ปงตำ,3,6,34,สร้างอนาคตไทย,1
50,เชียงใหม่,7,ไชยปราการ,ปงตำ,3,6,35,รักชาติ,0
50,เชียงใหม่,7,ไชยปราการ,ปงตำ,3,6,36,ไทยพร้อม,0
50,เชียงใหม่,7,ไชยปราการ,ปงตำ,3,6,37,ภูมิใจไทย,13
50,เชียงใหม่,7,ไชยปราการ,ปงตำ,3,6,38,พลังธรรมใหม่,3
50,เชียงใหม่,7,ไชยปราการ,ปงตำ,3,6,39,กรีน,0
50,เชียงใหม่,7,ไชยปราการ,ปงตำ,3,6,40,ไทยธรรม,1
50,เชียงใหม่,7,ไชยปราการ,ปงตำ,3,6,41,แผ่นดินธรรม,0
50,เชียงใหม่,7,ไชยปราการ,ปงตำ,3,6,42,กล้าธรรม,46
50,เชียงใหม่,7,ไชยปราการ,ปงตำ,3,6,43,พลังประชารัฐ,4
50,เชียงใหม่,7,ไชยปราการ,ปงตำ,3,6,44,โอกาสใหม่,0
50,เชียงใหม่,7,ไชยปราการ,ปงตำ,3,6,45,เป็นธรรม,1
50,เชียงใหม่,7,ไชยปราการ,ปงตำ,3,6,46,ประชาชน,175
50,เชียงใหม่,7,ไชยปราการ,ปงตำ,3,6,47,ประชาไทย,0
50,เชียงใหม่,7,ไชยปราการ,ปงตำ,3,6,48,ไทยสร้างไทย,2
50,เชียงใหม่,7,ไชยปราการ,ปงตำ,3,6,49,ไทยก้าวใหม่,1
50,เชียงใหม่,7,ไชยปราการ,ปงตำ,3,6,50,ประชาอาสาชาติ,0
50,เชียงใหม่,7,ไชยปราการ,ปงตำ,3,6,51,พร้อม,0
50,เชียงใหม่,7,ไชยปราการ,ปงตำ,3,6,52,เครือข่ายชาวนาแห่งประเทศไทย,0
50,เชียงใหม่,7,ไชยปราการ,ปงตำ,3,6,53,ไทยพิทักษ์ธรรม,0
50,เชียงใหม่,7,ไชยปราการ,ปงตำ,3,6,54,ความหวังใหม่,0
50,เชียงใหม่,7,ไชยปราการ,ปงตำ,3,6,55,ไทยรวมไทย,0
50,เชียงใหม่,7,ไชยปราการ,ปงตำ,3,6,56,เพื่อบ้านเมือง,0
50,เชียงใหม่,7,ไชยปราการ,ปงตำ,3,6,57,พลังไทยรักชาติ,1
50,เชียงใหม่,7,ไชยปราการ,ปงตำ,4,7,1,ไทยทรัพย์ทวี,0
50,เชียงใหม่,7,ไชยปราการ,ปงตำ,4,7,2,เพื่อชาติไทย,0
50,เชียงใหม่,7,ไชยปราการ,ปงตำ,4,7,3,ใหม่,1
50,เชียงใหม่,7,ไชยปราการ,ปงตำ,4,7,4,มิติใหม่,0
50,เชียงใหม่,7,ไชยปราการ,ปงตำ,4,7,5,รวมใจไทย,9
50,เชียงใหม่,7,ไชยปราการ,ปงตำ,4,7,6,รวมไทยสร้างชาติ,2
50,เชียงใหม่,7,ไชยปราการ,ปงตำ,4,7,7,พลวัต,3
50,เชียงใหม่,7,ไชยปราการ,ปงตำ,4,7,8,ประชาธิปไตยใหม่,0
50,เชียงใหม่,7,ไชยปราการ,ปงตำ,4,7,9,เพื่อไทย,45
50,เชียงใหม่,7,ไชยปราการ,ปงตำ,4,7,10,ทางเลือกใหม่,1
50,เชียงใหม่,7,ไชยปราการ,ปงตำ,4,7,11,เศรษฐกิจ,1
50,เชียงใหม่,7,ไชยปราการ,ปงตำ,4,7,12,เสรีรวมไทย,0
50,เชียงใหม่,7,ไชยปราการ,ปงตำ,4,7,13,รวมพลังประชาชน,2
50,เชียงใหม่,7,ไชยปราการ,ปงตำ,4,7,14,ท้องที่ไทย,1
50,เชียงใหม่,7,ไชยปราการ,ปงตำ,4,7,15,อนาคตไทย,0
50,เชียงใหม่,7,ไชยปราการ,ปงตำ,4,7,16,พลังเพื่อไทย,1
50,เชียงใหม่,7,ไชยปราการ,ปงตำ,4,7,17,ไทยชนะ,1
50,เชียงใหม่,7,ไชยปราการ,ปงตำ,4,7,18,พลังสังคมใหม่,0
50,เชียงใหม่,7,ไชยปราการ,ปงตำ,4,7,19,สังคมประชาธิปไตย,0
50,เชียงใหม่,7,ไชยปราการ,ปงตำ,4,7,20,ฟิวชัน,0
50,เชียงใหม่,7,ไชยปราการ,ปงตำ,4,7,21,ไทยรวมพลัง,0
50,เชียงใหม่,7,ไชยปราการ,ปงตำ,4,7,22,ก้าวอิสระ,0
50,เชียงใหม่,7,ไชยปราการ,ปงตำ,4,7,23,ปวงชนไทย,0
50,เชียงใหม่,7,ไชยปราการ,ปงตำ,4,7,24,วิชชั่นใหม่,1
50,เชียงใหม่,7,ไชยปราการ,ปงตำ,4,7,25,เพื่อชีวิตใหม่,0
50,เชียงใหม่,7,ไชยปราการ,ปงตำ,4,7,26,คลองไทย,1
50,เชียงใหม่,7,ไชยปราการ,ปงตำ,4,7,27,ประชาธิปัตย์,6
50,เชียงใหม่,7,ไชยปราการ,ปงตำ,4,7,28,ไทยก้าวหน้า,2
50,เชียงใหม่,7,ไชยปราการ,ปงตำ,4,7,29,ไทยภักดี,0
50,เชียงใหม่,7,ไชยปราการ,ปงตำ,4,7,30,แรงงานสร้างชาติ,0
50,เชียงใหม่,7,ไชยปราการ,ปงตำ,4,7,31,ประชากรไทย,0
50,เชียงใหม่,7,ไชยปราการ,ปงตำ,4,7,32,ครูไทยเพื่อประชาชน,0
50,เชียงใหม่,7,ไชยปราการ,ปงตำ,4,7,33,ประชาชาติ,0
50,เชียงใหม่,7,ไชยปราการ,ปงตำ,4,7,34,สร้างอนาคตไทย,2
50,เชียงใหม่,7,ไชยปราการ,ปงตำ,4,7,35,รักชาติ,0
50,เชียงใหม่,7,ไชยปราการ,ปงตำ,4,7,36,ไทยพร้อม,0
50,เชียงใหม่,7,ไชยปราการ,ปงตำ,4,7,37,ภูมิใจไทย,11
50,เชียงใหม่,7,ไชยปราการ,ปงตำ,4,7,38,พลังธรรมใหม่,1
50,เชียงใหม่,7,ไชยปราการ,ปงตำ,4,7,39,กรีน,0
50,เชียงใหม่,7,ไชยปราการ,ปงตำ,4,7,40,ไทยธรรม,0
50,เชียงใหม่,7,ไชยปราการ,ปงตำ,4,7,41,แผ่นดินธรรม,1
50,เชียงใหม่,7,ไชยปราการ,ปงตำ,4,7,42,กล้าธรรม,26
50,เชียงใหม่,7,ไชยปราการ,ปงตำ,4,7,43,พลังประชารัฐ,2
50,เชียงใหม่,7,ไชยปราการ,ปงตำ,4,7,44,โอกาสใหม่,0
50,เชียงใหม่,7,ไชยปราการ,ปงตำ,4,7,45,เป็นธรรม,0
50,เชียงใหม่,7,ไชยปราการ,ปงตำ,4,7,46,ประชาชน,68
50,เชียงใหม่,7,ไชยปราการ,ปงตำ,4,7,47,ประชาไทย,1
50,เชียงใหม่,7,ไชยปราการ,ปงตำ,4,7,48,ไทยสร้างไทย,4
50,เชียงใหม่,7,ไชยปราการ,ปงตำ,4,7,49,ไทยก้าวใหม่,0
50,เชียงใหม่,7,ไชยปราการ,ปงตำ,4,7,50,ประชาอาสาชาติ,0
50,เชียงใหม่,7,ไชยปราการ,ปงตำ,4,7,51,พร้อม,0
50,เชียงใหม่,7,ไชยปราการ,ปงตำ,4,7,52,เครือข่ายชาวนาแห่งประเทศไทย,0
50,เชียงใหม่,7,ไชยปราการ,ปงตำ,4,7,53,ไทยพิทักษ์ธรรม,0
50,เชียงใหม่,7,ไชยปราการ,ปงตำ,4,7,54,ความหวังใหม่,0
50,เชียงใหม่,7,ไชยปราการ,ปงตำ,4,7,55,ไทยรวมไทย,0
50,เชียงใหม่,7,ไชยปราการ,ปงตำ,4,7,56,เพื่อบ้านเมือง,0
50,เชียงใหม่,7,ไชยปราการ,ปงตำ,4,7,57,พลังไทยรักชาติ,0
50,เชียงใหม่,7,ไชยปราการ,ปงตำ,5,8,1,ไทยทรัพย์ทวี,3
50,เชียงใหม่,7,ไชยปราการ,ปงตำ,5,8,2,เพื่อชาติไทย,9
50,เชียงใหม่,7,ไชยปราการ,ปงตำ,5,8,3,ใหม่,0
50,เชียงใหม่,7,ไชยปราการ,ปงตำ,5,8,4,มิติใหม่,0
50,เชียงใหม่,7,ไชยปราการ,ปงตำ,5,8,5,รวมใจไทย,13
50,เชียงใหม่,7,ไชยปราการ,ปงตำ,5,8,6,รวมไทยสร้างชาติ,1
50,เชียงใหม่,7,ไชยปราการ,ปงตำ,5,8,7,พลวัต,3
50,เชียงใหม่,7,ไชยปราการ,ปงตำ,5,8,8,ประชาธิปไตยใหม่,0
50,เชียงใหม่,7,ไชยปราการ,ปงตำ,5,8,9,เพื่อไทย,79
50,เชียงใหม่,7,ไชยปราการ,ปงตำ,5,8,10,ทางเลือกใหม่,0
50,เชียงใหม่,7,ไชยปราการ,ปงตำ,5,8,11,เศรษฐกิจ,9
50,เชียงใหม่,7,ไชยปราการ,ปงตำ,5,8,12,เสรีรวมไทย,1
50,เชียงใหม่,7,ไชยปราการ,ปงตำ,5,8,13,รวมพลังประชาชน,5
50,เชียงใหม่,7,ไชยปราการ,ปงตำ,5,8,14,ท้องที่ไทย,0
50,เชียงใหม่,7,ไชยปราการ,ปงตำ,5,8,15,อนาคตไทย,1
50,เชียงใหม่,7,ไชยปราการ,ปงตำ,5,8,16,พลังเพื่อไทย,0
50,เชียงใหม่,7,ไชยปราการ,ปงตำ,5,8,17,ไทยชนะ,1
50,เชียงใหม่,7,ไชยปราการ,ปงตำ,5,8,18,พลังสังคมใหม่,0
50,เชียงใหม่,7,ไชยปราการ,ปงตำ,5,8,19,สังคมประชาธิปไตย,1
50,เชียงใหม่,7,ไชยปราการ,ปงตำ,5,8,20,ฟิวชัน,0
50,เชียงใหม่,7,ไชยปราการ,ปงตำ,5,8,21,ไทยรวมพลัง,0
50,เชียงใหม่,7,ไชยปราการ,ปงตำ,5,8,22,ก้าวอิสระ,1
50,เชียงใหม่,7,ไชยปราการ,ปงตำ,5,8,23,ปวงชนไทย,0
50,เชียงใหม่,7,ไชยปราการ,ปงตำ,5,8,24,วิชชั่นใหม่,0
50,เชียงใหม่,7,ไชยปราการ,ปงตำ,5,8,25,เพื่อชีวิตใหม่,0
50,เชียงใหม่,7,ไชยปราการ,ปงตำ,5,8,26,คลองไทย,0
50,เชียงใหม่,7,ไชยปราการ,ปงตำ,5,8,27,ประชาธิปัตย์,16
50,เชียงใหม่,7,ไชยปราการ,ปงตำ,5,8,28,ไทยก้าวหน้า,0
50,เชียงใหม่,7,ไชยปราการ,ปงตำ,5,8,29,ไทยภักดี,2
50,เชียงใหม่,7,ไชยปราการ,ปงตำ,5,8,30,แรงงานสร้างชาติ,0
50,เชียงใหม่,7,ไชยปราการ,ปงตำ,5,8,31,ประชากรไทย,1
50,เชียงใหม่,7,ไชยปราการ,ปงตำ,5,8,32,ครูไทยเพื่อประชาชน,0
50,เชียงใหม่,7,ไชยปราการ,ปงตำ,5,8,33,ประชาชาติ,0
50,เชียงใหม่,7,ไชยปราการ,ปงตำ,5,8,34,สร้างอนาคตไทย,0
50,เชียงใหม่,7,ไชยปราการ,ปงตำ,5,8,35,รักชาติ,1
50,เชียงใหม่,7,ไชยปราการ,ปงตำ,5,8,36,ไทยพร้อม,0
50,เชียงใหม่,7,ไชยปราการ,ปงตำ,5,8,37,ภูมิใจไทย,32
50,เชียงใหม่,7,ไชยปราการ,ปงตำ,5,8,38,พลังธรรมใหม่,1
50,เชียงใหม่,7,ไชยปราการ,ปงตำ,5,8,39,กรีน,0
50,เชียงใหม่,7,ไชยปราการ,ปงตำ,5,8,40,ไทยธรรม,0
50,เชียงใหม่,7,ไชยปราการ,ปงตำ,5,8,41,แผ่นดินธรรม,0
50,เชียงใหม่,7,ไชยปราการ,ปงตำ,5,8,42,กล้าธรรม,54
50,เชียงใหม่,7,ไชยปราการ,ปงตำ,5,8,43,พลังประชารัฐ,1
50,เชียงใหม่,7,ไชยปราการ,ปงตำ,5,8,44,โอกาสใหม่,0
50,เชียงใหม่,7,ไชยปราการ,ปงตำ,5,8,45,เป็นธรรม,0
50,เชียงใหม่,7,ไชยปราการ,ปงตำ,5,8,46,ประชาชน,86
50,เชียงใหม่,7,ไชยปราการ,ปงตำ,5,8,47,ประชาไทย,0
50,เชียงใหม่,7,ไชยปราการ,ปงตำ,5,8,48,ไทยสร้างไทย,0
50,เชียงใหม่,7,ไชยปราการ,ปงตำ,5,8,49,ไทยก้าวใหม่,0
50,เชียงใหม่,7,ไชยปราการ,ปงตำ,5,8,50,ประชาอาสาชาติ,0
50,เชียงใหม่,7,ไชยปราการ,ปงตำ,5,8,51,พร้อม,0
50,เชียงใหม่,7,ไชยปราการ,ปงตำ,5,8,52,เครือข่ายชาวนาแห่งประเทศไทย,0
50,เชียงใหม่,7,ไชยปราการ,ปงตำ,5,8,53,ไทยพิทักษ์ธรรม,0
50,เชียงใหม่,7,ไชยปราการ,ปงตำ,5,8,54,ความหวังใหม่,0
50,เชียงใหม่,7,ไชยปราการ,ปงตำ,5,8,55,ไทยรวมไทย,0
50,เชียงใหม่,7,ไชยปราการ,ปงตำ,5,8,56,เพื่อบ้านเมือง,0
50,เชียงใหม่,7,ไชยปราการ,ปงตำ,5,8,57,พลังไทยรักชาติ,0
50,เชียงใหม่,7,ไชยปราการ,ปงตำ,6,9,1,ไทยทรัพย์ทวี,2
50,เชียงใหม่,7,ไชยปราการ,ปงตำ,6,9,2,เพื่อชาติไทย,7
50,เชียงใหม่,7,ไชยปราการ,ปงตำ,6,9,3,ใหม่,0
50,เชียงใหม่,7,ไชยปราการ,ปงตำ,6,9,4,มิติใหม่,2
50,เชียงใหม่,7,ไชยปราการ,ปงตำ,6,9,5,รวมใจไทย,13
50,เชียงใหม่,7,ไชยปราการ,ปงตำ,6,9,6,รวมไทยสร้างชาติ,6
50,เชียงใหม่,7,ไชยปราการ,ปงตำ,6,9,7,พลวัต,4
50,เชียงใหม่,7,ไชยปราการ,ปงตำ,6,9,8,ประชาธิปไตยใหม่,1
50,เชียงใหม่,7,ไชยปราการ,ปงตำ,6,9,9,เพื่อไทย,151
50,เชียงใหม่,7,ไชยปราการ,ปงตำ,6,9,10,ทางเลือกใหม่,3
50,เชียงใหม่,7,ไชยปราการ,ปงตำ,6,9,11,เศรษฐกิจ,20
50,เชียงใหม่,7,ไชยปราการ,ปงตำ,6,9,12,เสรีรวมไทย,0
50,เชียงใหม่,7,ไชยปราการ,ปงตำ,6,9,13,รวมพลังประชาชน,0
50,เชียงใหม่,7,ไชยปราการ,ปงตำ,6,9,14,ท้องที่ไทย,0
50,เชียงใหม่,7,ไชยปราการ,ปงตำ,6,9,15,อนาคตไทย,1
50,เชียงใหม่,7,ไชยปราการ,ปงตำ,6,9,16,พลังเพื่อไทย,2
50,เชียงใหม่,7,ไชยปราการ,ปงตำ,6,9,17,ไทยชนะ,2
50,เชียงใหม่,7,ไชยปราการ,ปงตำ,6,9,18,พลังสังคมใหม่,0
50,เชียงใหม่,7,ไชยปราการ,ปงตำ,6,9,19,สังคมประชาธิปไตย,0
50,เชียงใหม่,7,ไชยปราการ,ปงตำ,6,9,20,ฟิวชัน,0
50,เชียงใหม่,7,ไชยปราการ,ปงตำ,6,9,21,ไทยรวมพลัง,1
50,เชียงใหม่,7,ไชยปราการ,ปงตำ,6,9,22,ก้าวอิสระ,0
50,เชียงใหม่,7,ไชยปราการ,ปงตำ,6,9,23,ปวงชนไทย,0
50,เชียงใหม่,7,ไชยปราการ,ปงตำ,6,9,24,วิชชั่นใหม่,1
50,เชียงใหม่,7,ไชยปราการ,ปงตำ,6,9,25,เพื่อชีวิตใหม่,0
50,เชียงใหม่,7,ไชยปราการ,ปงตำ,6,9,26,คลองไทย,0
50,เชียงใหม่,7,ไชยปราการ,ปงตำ,6,9,27,ประชาธิปัตย์,9
50,เชียงใหม่,7,ไชยปราการ,ปงตำ,6,9,28,ไทยก้าวหน้า,2
50,เชียงใหม่,7,ไชยปราการ,ปงตำ,6,9,29,ไทยภักดี,0
50,เชียงใหม่,7,ไชยปราการ,ปงตำ,6,9,30,แรงงานสร้างชาติ,1
50,เชียงใหม่,7,ไชยปราการ,ปงตำ,6,9,31,ประชากรไทย,0
50,เชียงใหม่,7,ไชยปราการ,ปงตำ,6,9,32,ครูไทยเพื่อประชาชน,1
50,เชียงใหม่,7,ไชยปราการ,ปงตำ,6,9,33,ประชาชาติ,0
50,เชียงใหม่,7,ไชยปราการ,ปงตำ,6,9,34,สร้างอนาคตไทย,2
50,เชียงใหม่,7,ไชยปราการ,ปงตำ,6,9,35,รักชาติ,0
50,เชียงใหม่,7,ไชยปราการ,ปงตำ,6,9,36,ไทยพร้อม,0
50,เชียงใหม่,7,ไชยปราการ,ปงตำ,6,9,37,ภูมิใจไทย,14
50,เชียงใหม่,7,ไชยปราการ,ปงตำ,6,9,38,พลังธรรมใหม่,1
50,เชียงใหม่,7,ไชยปราการ,ปงตำ,6,9,39,กรีน,0
50,เชียงใหม่,7,ไชยปราการ,ปงตำ,6,9,40,ไทยธรรม,0
50,เชียงใหม่,7,ไชยปราการ,ปงตำ,6,9,41,แผ่นดินธรรม,0
50,เชียงใหม่,7,ไชยปราการ,ปงตำ,6,9,42,กล้าธรรม,26
50,เชียงใหม่,7,ไชยปราการ,ปงตำ,6,9,43,พลังประชารัฐ,2
50,เชียงใหม่,7,ไชยปราการ,ปงตำ,6,9,44,โอกาสใหม่,0
50,เชียงใหม่,7,ไชยปราการ,ปงตำ,6,9,45,เป็นธรรม,0
50,เชียงใหม่,7,ไชยปราการ,ปงตำ,6,9,46,ประชาชน,160
50,เชียงใหม่,7,ไชยปราการ,ปงตำ,6,9,47,ประชาไทย,2
50,เชียงใหม่,7,ไชยปราการ,ปงตำ,6,9,48,ไทยสร้างไทย,1
50,เชียงใหม่,7,ไชยปราการ,ปงตำ,6,9,49,ไทยก้าวใหม่,0
50,เชียงใหม่,7,ไชยปราการ,ปงตำ,6,9,50,ประชาอาสาชาติ,0
50,เชียงใหม่,7,ไชยปราการ,ปงตำ,6,9,51,พร้อม,0
50,เชียงใหม่,7,ไชยปราการ,ปงตำ,6,9,52,เครือข่ายชาวนาแห่งประเทศไทย,0
50,เชียงใหม่,7,ไชยปราการ,ปงตำ,6,9,53,ไทยพิทักษ์ธรรม,0
50,เชียงใหม่,7,ไชยปราการ,ปงตำ,6,9,54,ความหวังใหม่,0
50,เชียงใหม่,7,ไชยปราการ,ปงตำ,6,9,55,ไทยรวมไทย,0
50,เชียงใหม่,7,ไชยปราการ,ปงตำ,6,9,56,เพื่อบ้านเมือง,0
50,เชียงใหม่,7,ไชยปราการ,ปงตำ,6,9,57,พลังไทยรักชาติ,0
50,เชียงใหม่,7,ไชยปราการ,ปงตำ,7,10,1,ไทยทรัพย์ทวี,1
50,เชียงใหม่,7,ไชยปราการ,ปงตำ,7,10,2,เพื่อชาติไทย,6
50,เชียงใหม่,7,ไชยปราการ,ปงตำ,7,10,3,ใหม่,3
50,เชียงใหม่,7,ไชยปราการ,ปงตำ,7,10,4,มิติใหม่,2
50,เชียงใหม่,7,ไชยปราการ,ปงตำ,7,10,5,รวมใจไทย,15
50,เชียงใหม่,7,ไชยปราการ,ปงตำ,7,10,6,รวมไทยสร้างชาติ,5
50,เชียงใหม่,7,ไชยปราการ,ปงตำ,7,10,7,พลวัต,3
50,เชียงใหม่,7,ไชยปราการ,ปงตำ,7,10,8,ประชาธิปไตยใหม่,4
50,เชียงใหม่,7,ไชยปราการ,ปงตำ,7,10,9,เพื่อไทย,21
50,เชียงใหม่,7,ไชยปราการ,ปงตำ,7,10,10,ทางเลือกใหม่,0
50,เชียงใหม่,7,ไชยปราการ,ปงตำ,7,10,11,เศรษฐกิจ,18
50,เชียงใหม่,7,ไชยปราการ,ปงตำ,7,10,12,เสรีรวมไทย,1
50,เชียงใหม่,7,ไชยปราการ,ปงตำ,7,10,13,รวมพลังประชาชน,10
50,เชียงใหม่,7,ไชยปราการ,ปงตำ,7,10,14,ท้องที่ไทย,0
50,เชียงใหม่,7,ไชยปราการ,ปงตำ,7,10,15,อนาคตไทย,1
50,เชียงใหม่,7,ไชยปราการ,ปงตำ,7,10,16,พลังเพื่อไทย,1
50,เชียงใหม่,7,ไชยปราการ,ปงตำ,7,10,17,ไทยชนะ,0
50,เชียงใหม่,7,ไชยปราการ,ปงตำ,7,10,18,พลังสังคมใหม่,0
50,เชียงใหม่,7,ไชยปราการ,ปงตำ,7,10,19,สังคมประชาธิปไตย,0
50,เชียงใหม่,7,ไชยปราการ,ปงตำ,7,10,20,ฟิวชัน,0
50,เชียงใหม่,7,ไชยปราการ,ปงตำ,7,10,21,ไทยรวมพลัง,2
50,เชียงใหม่,7,ไชยปราการ,ปงตำ,7,10,22,ก้าวอิสระ,1
50,เชียงใหม่,7,ไชยปราการ,ปงตำ,7,10,23,ปวงชนไทย,0
50,เชียงใหม่,7,ไชยปราการ,ปงตำ,7,10,24,วิชชั่นใหม่,2
50,เชียงใหม่,7,ไชยปราการ,ปงตำ,7,10,25,เพื่อชีวิตใหม่,0
50,เชียงใหม่,7,ไชยปราการ,ปงตำ,7,10,26,คลองไทย,2
50,เชียงใหม่,7,ไชยปราการ,ปงตำ,7,10,27,ประชาธิปัตย์,47
50,เชียงใหม่,7,ไชยปราการ,ปงตำ,7,10,28,ไทยก้าวหน้า,0
50,เชียงใหม่,7,ไชยปราการ,ปงตำ,7,10,29,ไทยภักดี,2
50,เชียงใหม่,7,ไชยปราการ,ปงตำ,7,10,30,แรงงานสร้างชาติ,0
50,เชียงใหม่,7,ไชยปราการ,ปงตำ,7,10,31,ประชากรไทย,0
50,เชียงใหม่,7,ไชยปราการ,ปงตำ,7,10,32,ครูไทยเพื่อประชาชน,0
50,เชียงใหม่,7,ไชยปราการ,ปงตำ,7,10,33,ประชาชาติ,1
50,เชียงใหม่,7,ไชยปราการ,ปงตำ,7,10,34,สร้างอนาคตไทย,0
50,เชียงใหม่,7,ไชยปราการ,ปงตำ,7,10,35,รักชาติ,0
50,เชียงใหม่,7,ไชยปราการ,ปงตำ,7,10,36,ไทยพร้อม,1
50,เชียงใหม่,7,ไชยปราการ,ปงตำ,7,10,37,ภูมิใจไทย,23
50,เชียงใหม่,7,ไชยปราการ,ปงตำ,7,10,38,พลังธรรมใหม่,0
50,เชียงใหม่,7,ไชยปราการ,ปงตำ,7,10,39,กรีน,1
50,เชียงใหม่,7,ไชยปราการ,ปงตำ,7,10,40,ไทยธรรม,0
50,เชียงใหม่,7,ไชยปราการ,ปงตำ,7,10,41,แผ่นดินธรรม,2
50,เชียงใหม่,7,ไชยปราการ,ปงตำ,7,10,42,กล้าธรรม,56
50,เชียงใหม่,7,ไชยปราการ,ปงตำ,7,10,43,พลังประชารัฐ,8
50,เชียงใหม่,7,ไชยปราการ,ปงตำ,7,10,44,โอกาสใหม่,0
50,เชียงใหม่,7,ไชยปราการ,ปงตำ,7,10,45,เป็นธรรม,1
50,เชียงใหม่,7,ไชยปราการ,ปงตำ,7,10,46,ประชาชน,95
50,เชียงใหม่,7,ไชยปราการ,ปงตำ,7,10,47,ประชาไทย,1
50,เชียงใหม่,7,ไชยปราการ,ปงตำ,7,10,48,ไทยสร้างไทย,1
50,เชียงใหม่,7,ไชยปราการ,ปงตำ,7,10,49,ไทยก้าวใหม่,1
50,เชียงใหม่,7,ไชยปราการ,ปงตำ,7,10,50,ประชาอาสาชาติ,0
50,เชียงใหม่,7,ไชยปราการ,ปงตำ,7,10,51,พร้อม,0
50,เชียงใหม่,7,ไชยปราการ,ปงตำ,7,10,52,เครือข่ายชาวนาแห่งประเทศไทย,2
50,เชียงใหม่,7,ไชยปราการ,ปงตำ,7,10,53,ไทยพิทักษ์ธรรม,0
50,เชียงใหม่,7,ไชยปราการ,ปงตำ,7,10,54,ความหวังใหม่,0
50,เชียงใหม่,7,ไชยปราการ,ปงตำ,7,10,55,ไทยรวมไทย,0
50,เชียงใหม่,7,ไชยปราการ,ปงตำ,7,10,56,เพื่อบ้านเมือง,1
50,เชียงใหม่,7,ไชยปราการ,ปงตำ,7,10,57,พลังไทยรักชาติ,0
50,เชียงใหม่,7,ไชยปราการ,ปงตำ,8,11,1,ไทยทรัพย์ทวี,2
50,เชียงใหม่,7,ไชยปราการ,ปงตำ,8,11,2,เพื่อชาติไทย,2
50,เชียงใหม่,7,ไชยปราการ,ปงตำ,8,11,3,ใหม่,1
50,เชียงใหม่,7,ไชยปราการ,ปงตำ,8,11,4,มิติใหม่,0
50,เชียงใหม่,7,ไชยปราการ,ปงตำ,8,11,5,รวมใจไทย,4
50,เชียงใหม่,7,ไชยปราการ,ปงตำ,8,11,6,รวมไทยสร้างชาติ,5
50,เชียงใหม่,7,ไชยปราการ,ปงตำ,8,11,7,พลวัต,1
50,เชียงใหม่,7,ไชยปราการ,ปงตำ,8,11,8,ประชาธิปไตยใหม่,0
50,เชียงใหม่,7,ไชยปราการ,ปงตำ,8,11,9,เพื่อไทย,50
50,เชียงใหม่,7,ไชยปราการ,ปงตำ,8,11,10,ทางเลือกใหม่,5
50,เชียงใหม่,7,ไชยปราการ,ปงตำ,8,11,11,เศรษฐกิจ,10
50,เชียงใหม่,7,ไชยปราการ,ปงตำ,8,11,12,เสรีรวมไทย,0
50,เชียงใหม่,7,ไชยปราการ,ปงตำ,8,11,13,รวมพลังประชาชน,2
50,เชียงใหม่,7,ไชยปราการ,ปงตำ,8,11,14,ท้องที่ไทย,0
50,เชียงใหม่,7,ไชยปราการ,ปงตำ,8,11,15,อนาคตไทย,1
50,เชียงใหม่,7,ไชยปราการ,ปงตำ,8,11,16,พลังเพื่อไทย,1
50,เชียงใหม่,7,ไชยปราการ,ปงตำ,8,11,17,ไทยชนะ,0
50,เชียงใหม่,7,ไชยปราการ,ปงตำ,8,11,18,พลังสังคมใหม่,0
50,เชียงใหม่,7,ไชยปราการ,ปงตำ,8,11,19,สังคมประชาธิปไตย,0
50,เชียงใหม่,7,ไชยปราการ,ปงตำ,8,11,20,ฟิวชัน,0
50,เชียงใหม่,7,ไชยปราการ,ปงตำ,8,11,21,ไทยรวมพลัง,0
50,เชียงใหม่,7,ไชยปราการ,ปงตำ,8,11,22,ก้าวอิสระ,0
50,เชียงใหม่,7,ไชยปราการ,ปงตำ,8,11,23,ปวงชนไทย,0
50,เชียงใหม่,7,ไชยปราการ,ปงตำ,8,11,24,วิชชั่นใหม่,0
50,เชียงใหม่,7,ไชยปราการ,ปงตำ,8,11,25,เพื่อชีวิตใหม่,0
50,เชียงใหม่,7,ไชยปราการ,ปงตำ,8,11,26,คลองไทย,0
50,เชียงใหม่,7,ไชยปราการ,ปงตำ,8,11,27,ประชาธิปัตย์,1
50,เชียงใหม่,7,ไชยปราการ,ปงตำ,8,11,28,ไทยก้าวหน้า,1
50,เชียงใหม่,7,ไชยปราการ,ปงตำ,8,11,29,ไทยภักดี,1
50,เชียงใหม่,7,ไชยปราการ,ปงตำ,8,11,30,แรงงานสร้างชาติ,0
50,เชียงใหม่,7,ไชยปราการ,ปงตำ,8,11,31,ประชากรไทย,0
50,เชียงใหม่,7,ไชยปราการ,ปงตำ,8,11,32,ครูไทยเพื่อประชาชน,0
50,เชียงใหม่,7,ไชยปราการ,ปงตำ,8,11,33,ประชาชาติ,1
50,เชียงใหม่,7,ไชยปราการ,ปงตำ,8,11,34,สร้างอนาคตไทย,2
50,เชียงใหม่,7,ไชยปราการ,ปงตำ,8,11,35,รักชาติ,0
50,เชียงใหม่,7,ไชยปราการ,ปงตำ,8,11,36,ไทยพร้อม,0
50,เชียงใหม่,7,ไชยปราการ,ปงตำ,8,11,37,ภูมิใจไทย,4
50,เชียงใหม่,7,ไชยปราการ,ปงตำ,8,11,38,พลังธรรมใหม่,0
50,เชียงใหม่,7,ไชยปราการ,ปงตำ,8,11,39,กรีน,0
50,เชียงใหม่,7,ไชยปราการ,ปงตำ,8,11,40,ไทยธรรม,0
50,เชียงใหม่,7,ไชยปราการ,ปงตำ,8,11,41,แผ่นดินธรรม,0
50,เชียงใหม่,7,ไชยปราการ,ปงตำ,8,11,42,กล้าธรรม,4
50,เชียงใหม่,7,ไชยปราการ,ปงตำ,8,11,43,พลังประชารัฐ,2
50,เชียงใหม่,7,ไชยปราการ,ปงตำ,8,11,44,โอกาสใหม่,0
50,เชียงใหม่,7,ไชยปราการ,ปงตำ,8,11,45,เป็นธรรม,1
50,เชียงใหม่,7,ไชยปราการ,ปงตำ,8,11,46,ประชาชน,35
50,เชียงใหม่,7,ไชยปราการ,ปงตำ,8,11,47,ประชาไทย,0
50,เชียงใหม่,7,ไชยปราการ,ปงตำ,8,11,48,ไทยสร้างไทย,1
50,เชียงใหม่,7,ไชยปราการ,ปงตำ,8,11,49,ไทยก้าวใหม่,0
50,เชียงใหม่,7,ไชยปราการ,ปงตำ,8,11,50,ประชาอาสาชาติ,0
50,เชียงใหม่,7,ไชยปราการ,ปงตำ,8,11,51,พร้อม,0
50,เชียงใหม่,7,ไชยปราการ,ปงตำ,8,11,52,เครือข่ายชาวนาแห่งประเทศไทย,0
50,เชียงใหม่,7,ไชยปราการ,ปงตำ,8,11,53,ไทยพิทักษ์ธรรม,0
50,เชียงใหม่,7,ไชยปราการ,ปงตำ,8,11,54,ความหวังใหม่,0
50,เชียงใหม่,7,ไชยปราการ,ปงตำ,8,11,55,ไทยรวมไทย,0
50,เชียงใหม่,7,ไชยปราการ,ปงตำ,8,11,56,เพื่อบ้านเมือง,0
50,เชียงใหม่,7,ไชยปราการ,ปงตำ,8,11,57,พลังไทยรักชาติ,0
50,เชียงใหม่,7,ไชยปราการ,แม่ทะลบ,1,1,1,ไทยทรัพย์ทวี,5
50,เชียงใหม่,7,ไชยปราการ,แม่ทะลบ,1,1,2,เพื่อชาติไทย,7
50,เชียงใหม่,7,ไชยปราการ,แม่ทะลบ,1,1,3,ใหม่,1
50,เชียงใหม่,7,ไชยปราการ,แม่ทะลบ,1,1,4,มิติใหม่,2
50,เชียงใหม่,7,ไชยปราการ,แม่ทะลบ,1,1,5,รวมใจไทย,10
50,เชียงใหม่,7,ไชยปราการ,แม่ทะลบ,1,1,6,รวมไทยสร้างชาติ,20
50,เชียงใหม่,7,ไชยปราการ,แม่ทะลบ,1,1,7,พลวัต,3
50,เชียงใหม่,7,ไชยปราการ,แม่ทะลบ,1,1,8,ประชาธิปไตยใหม่,2
50,เชียงใหม่,7,ไชยปราการ,แม่ทะลบ,1,1,9,เพื่อไทย,159
50,เชียงใหม่,7,ไชยปราการ,แม่ทะลบ,1,1,10,ทางเลือกใหม่,1
50,เชียงใหม่,7,ไชยปราการ,แม่ทะลบ,1,1,11,เศรษฐกิจ,15
50,เชียงใหม่,7,ไชยปราการ,แม่ทะลบ,1,1,12,เสรีรวมไทย,2
50,เชียงใหม่,7,ไชยปราการ,แม่ทะลบ,1,1,13,รวมพลังประชาชน,5
50,เชียงใหม่,7,ไชยปราการ,แม่ทะลบ,1,1,14,ท้องที่ไทย,0
50,เชียงใหม่,7,ไชยปราการ,แม่ทะลบ,1,1,15,อนาคตไทย,0
50,เชียงใหม่,7,ไชยปราการ,แม่ทะลบ,1,1,16,พลังเพื่อไทย,1
50,เชียงใหม่,7,ไชยปราการ,แม่ทะลบ,1,1,17,ไทยชนะ,1
50,เชียงใหม่,7,ไชยปราการ,แม่ทะลบ,1,1,18,พลังสังคมใหม่,0
50,เชียงใหม่,7,ไชยปราการ,แม่ทะลบ,1,1,19,สังคมประชาธิปไตย,0
50,เชียงใหม่,7,ไชยปราการ,แม่ทะลบ,1,1,20,ฟิวชัน,1
50,เชียงใหม่,7,ไชยปราการ,แม่ทะลบ,1,1,21,ไทยรวมพลัง,0
50,เชียงใหม่,7,ไชยปราการ,แม่ทะลบ,1,1,22,ก้าวอิสระ,2
50,เชียงใหม่,7,ไชยปราการ,แม่ทะลบ,1,1,23,ปวงชนไทย,0
50,เชียงใหม่,7,ไชยปราการ,แม่ทะลบ,1,1,24,วิชชั่นใหม่,1
50,เชียงใหม่,7,ไชยปราการ,แม่ทะลบ,1,1,25,เพื่อชีวิตใหม่,0
50,เชียงใหม่,7,ไชยปราการ,แม่ทะลบ,1,1,26,คลองไทย,0
50,เชียงใหม่,7,ไชยปราการ,แม่ทะลบ,1,1,27,ประชาธิปัตย์,17
50,เชียงใหม่,7,ไชยปราการ,แม่ทะลบ,1,1,28,ไทยก้าวหน้า,2
50,เชียงใหม่,7,ไชยปราการ,แม่ทะลบ,1,1,29,ไทยภักดี,2
50,เชียงใหม่,7,ไชยปราการ,แม่ทะลบ,1,1,30,แรงงานสร้างชาติ,1
50,เชียงใหม่,7,ไชยปราการ,แม่ทะลบ,1,1,31,ประชากรไทย,1
50,เชียงใหม่,7,ไชยปราการ,แม่ทะลบ,1,1,32,ครูไทยเพื่อประชาชน,0
50,เชียงใหม่,7,ไชยปราการ,แม่ทะลบ,1,1,33,ประชาชาติ,0
50,เชียงใหม่,7,ไชยปราการ,แม่ทะลบ,1,1,34,สร้างอนาคตไทย,4
50,เชียงใหม่,7,ไชยปราการ,แม่ทะลบ,1,1,35,รักชาติ,0
50,เชียงใหม่,7,ไชยปราการ,แม่ทะลบ,1,1,36,ไทยพร้อม,3
50,เชียงใหม่,7,ไชยปราการ,แม่ทะลบ,1,1,37,ภูมิใจไทย,17
50,เชียงใหม่,7,ไชยปราการ,แม่ทะลบ,1,1,38,พลังธรรมใหม่,2
50,เชียงใหม่,7,ไชยปราการ,แม่ทะลบ,1,1,39,กรีน,0
50,เชียงใหม่,7,ไชยปราการ,แม่ทะลบ,1,1,40,ไทยธรรม,0
50,เชียงใหม่,7,ไชยปราการ,แม่ทะลบ,1,1,41,แผ่นดินธรรม,0
50,เชียงใหม่,7,ไชยปราการ,แม่ทะลบ,1,1,42,กล้าธรรม,22
50,เชียงใหม่,7,ไชยปราการ,แม่ทะลบ,1,1,43,พลังประชารัฐ,2
50,เชียงใหม่,7,ไชยปราการ,แม่ทะลบ,1,1,44,โอกาสใหม่,0
50,เชียงใหม่,7,ไชยปราการ,แม่ทะลบ,1,1,45,เป็นธรรม,1
50,เชียงใหม่,7,ไชยปราการ,แม่ทะลบ,1,1,46,ประชาชน,142
50,เชียงใหม่,7,ไชยปราการ,แม่ทะลบ,1,1,47,ประชาไทย,1
50,เชียงใหม่,7,ไชยปราการ,แม่ทะลบ,1,1,48,ไทยสร้างไทย,3
50,เชียงใหม่,7,ไชยปราการ,แม่ทะลบ,1,1,49,ไทยก้าวใหม่,0
50,เชียงใหม่,7,ไชยปราการ,แม่ทะลบ,1,1,50,ประชาอาสาชาติ,0
50,เชียงใหม่,7,ไชยปราการ,แม่ทะลบ,1,1,51,พร้อม,0
50,เชียงใหม่,7,ไชยปราการ,แม่ทะลบ,1,1,52,เครือข่ายชาวนาแห่งประเทศไทย,0
50,เชียงใหม่,7,ไชยปราการ,แม่ทะลบ,1,1,53,ไทยพิทักษ์ธรรม,0
50,เชียงใหม่,7,ไชยปราการ,แม่ทะลบ,1,1,54,ความหวังใหม่,0
50,เชียงใหม่,7,ไชยปราการ,แม่ทะลบ,1,1,55,ไทยรวมไทย,0
50,เชียงใหม่,7,ไชยปราการ,แม่ทะลบ,1,1,56,เพื่อบ้านเมือง,1
50,เชียงใหม่,7,ไชยปราการ,แม่ทะลบ,1,1,57,พลังไทยรักชาติ,0
50,เชียงใหม่,7,ไชยปราการ,แม่ทะลบ,2,2,1,ไทยทรัพย์ทวี,0
50,เชียงใหม่,7,ไชยปราการ,แม่ทะลบ,2,2,2,เพื่อชาติไทย,5
50,เชียงใหม่,7,ไชยปราการ,แม่ทะลบ,2,2,3,ใหม่,1
50,เชียงใหม่,7,ไชยปราการ,แม่ทะลบ,2,2,4,มิติใหม่,3
50,เชียงใหม่,7,ไชยปราการ,แม่ทะลบ,2,2,5,รวมใจไทย,15
50,เชียงใหม่,7,ไชยปราการ,แม่ทะลบ,2,2,6,รวมไทยสร้างชาติ,12
50,เชียงใหม่,7,ไชยปราการ,แม่ทะลบ,2,2,7,พลวัต,2
50,เชียงใหม่,7,ไชยปราการ,แม่ทะลบ,2,2,8,ประชาธิปไตยใหม่,0
50,เชียงใหม่,7,ไชยปราการ,แม่ทะลบ,2,2,9,เพื่อไทย,163
50,เชียงใหม่,7,ไชยปราการ,แม่ทะลบ,2,2,10,ทางเลือกใหม่,4
50,เชียงใหม่,7,ไชยปราการ,แม่ทะลบ,2,2,11,เศรษฐกิจ,10
50,เชียงใหม่,7,ไชยปราการ,แม่ทะลบ,2,2,12,เสรีรวมไทย,3
50,เชียงใหม่,7,ไชยปราการ,แม่ทะลบ,2,2,13,รวมพลังประชาชน,2
50,เชียงใหม่,7,ไชยปราการ,แม่ทะลบ,2,2,14,ท้องที่ไทย,0
50,เชียงใหม่,7,ไชยปราการ,แม่ทะลบ,2,2,15,อนาคตไทย,0
50,เชียงใหม่,7,ไชยปราการ,แม่ทะลบ,2,2,16,พลังเพื่อไทย,1
50,เชียงใหม่,7,ไชยปราการ,แม่ทะลบ,2,2,17,ไทยชนะ,0
50,เชียงใหม่,7,ไชยปราการ,แม่ทะลบ,2,2,18,พลังสังคมใหม่,0
50,เชียงใหม่,7,ไชยปราการ,แม่ทะลบ,2,2,19,สังคมประชาธิปไตย,0
50,เชียงใหม่,7,ไชยปราการ,แม่ทะลบ,2,2,20,ฟิวชัน,0
50,เชียงใหม่,7,ไชยปราการ,แม่ทะลบ,2,2,21,ไทยรวมพลัง,1
50,เชียงใหม่,7,ไชยปราการ,แม่ทะลบ,2,2,22,ก้าวอิสระ,0
50,เชียงใหม่,7,ไชยปราการ,แม่ทะลบ,2,2,23,ปวงชนไทย,0
50,เชียงใหม่,7,ไชยปราการ,แม่ทะลบ,2,2,24,วิชชั่นใหม่,0
50,เชียงใหม่,7,ไชยปราการ,แม่ทะลบ,2,2,25,เพื่อชีวิตใหม่,0
50,เชียงใหม่,7,ไชยปราการ,แม่ทะลบ,2,2,26,คลองไทย,0
50,เชียงใหม่,7,ไชยปราการ,แม่ทะลบ,2,2,27,ประชาธิปัตย์,12
50,เชียงใหม่,7,ไชยปราการ,แม่ทะลบ,2,2,28,ไทยก้าวหน้า,0
50,เชียงใหม่,7,ไชยปราการ,แม่ทะลบ,2,2,29,ไทยภักดี,0
50,เชียงใหม่,7,ไชยปราการ,แม่ทะลบ,2,2,30,แรงงานสร้างชาติ,1
50,เชียงใหม่,7,ไชยปราการ,แม่ทะลบ,2,2,31,ประชากรไทย,0
50,เชียงใหม่,7,ไชยปราการ,แม่ทะลบ,2,2,32,ครูไทยเพื่อประชาชน,0
50,เชียงใหม่,7,ไชยปราการ,แม่ทะลบ,2,2,33,ประชาชาติ,0
50,เชียงใหม่,7,ไชยปราการ,แม่ทะลบ,2,2,34,สร้างอนาคตไทย,1
50,เชียงใหม่,7,ไชยปราการ,แม่ทะลบ,2,2,35,รักชาติ,4
50,เชียงใหม่,7,ไชยปราการ,แม่ทะลบ,2,2,36,ไทยพร้อม,0
50,เชียงใหม่,7,ไชยปราการ,แม่ทะลบ,2,2,37,ภูมิใจไทย,23
50,เชียงใหม่,7,ไชยปราการ,แม่ทะลบ,2,2,38,พลังธรรมใหม่,5
50,เชียงใหม่,7,ไชยปราการ,แม่ทะลบ,2,2,39,กรีน,0
50,เชียงใหม่,7,ไชยปราการ,แม่ทะลบ,2,2,40,ไทยธรรม,0
50,เชียงใหม่,7,ไชยปราการ,แม่ทะลบ,2,2,41,แผ่นดินธรรม,0
50,เชียงใหม่,7,ไชยปราการ,แม่ทะลบ,2,2,42,กล้าธรรม,3
50,เชียงใหม่,7,ไชยปราการ,แม่ทะลบ,2,2,43,พลังประชารัฐ,2
50,เชียงใหม่,7,ไชยปราการ,แม่ทะลบ,2,2,44,โอกาสใหม่,3
50,เชียงใหม่,7,ไชยปราการ,แม่ทะลบ,2,2,45,เป็นธรรม,1
50,เชียงใหม่,7,ไชยปราการ,แม่ทะลบ,2,2,46,ประชาชน,119
50,เชียงใหม่,7,ไชยปราการ,แม่ทะลบ,2,2,47,ประชาไทย,1
50,เชียงใหม่,7,ไชยปราการ,แม่ทะลบ,2,2,48,ไทยสร้างไทย,0
50,เชียงใหม่,7,ไชยปราการ,แม่ทะลบ,2,2,49,ไทยก้าวใหม่,1
50,เชียงใหม่,7,ไชยปราการ,แม่ทะลบ,2,2,50,ประชาอาสาชาติ,0
50,เชียงใหม่,7,ไชยปราการ,แม่ทะลบ,2,2,51,พร้อม,0
50,เชียงใหม่,7,ไชยปราการ,แม่ทะลบ,2,2,52,เครือข่ายชาวนาแห่งประเทศไทย,0
50,เชียงใหม่,7,ไชยปราการ,แม่ทะลบ,2,2,53,ไทยพิทักษ์ธรรม,0
50,เชียงใหม่,7,ไชยปราการ,แม่ทะลบ,2,2,54,ความหวังใหม่,0
50,เชียงใหม่,7,ไชยปราการ,แม่ทะลบ,2,2,55,ไทยรวมไทย,0
50,เชียงใหม่,7,ไชยปราการ,แม่ทะลบ,2,2,56,เพื่อบ้านเมือง,0
50,เชียงใหม่,7,ไชยปราการ,แม่ทะลบ,2,2,57,พลังไทยรักชาติ,0
50,เชียงใหม่,7,ไชยปราการ,แม่ทะลบ,3,3,1,ไทยทรัพย์ทวี,3
50,เชียงใหม่,7,ไชยปราการ,แม่ทะลบ,3,3,2,เพื่อชาติไทย,8
50,เชียงใหม่,7,ไชยปราการ,แม่ทะลบ,3,3,3,ใหม่,0
50,เชียงใหม่,7,ไชยปราการ,แม่ทะลบ,3,3,4,มิติใหม่,2
50,เชียงใหม่,7,ไชยปราการ,แม่ทะลบ,3,3,5,รวมใจไทย,7
50,เชียงใหม่,7,ไชยปราการ,แม่ทะลบ,3,3,6,รวมไทยสร้างชาติ,19
50,เชียงใหม่,7,ไชยปราการ,แม่ทะลบ,3,3,7,พลวัต,4
50,เชียงใหม่,7,ไชยปราการ,แม่ทะลบ,3,3,8,ประชาธิปไตยใหม่,5
50,เชียงใหม่,7,ไชยปราการ,แม่ทะลบ,3,3,9,เพื่อไทย,152
50,เชียงใหม่,7,ไชยปราการ,แม่ทะลบ,3,3,10,ทางเลือกใหม่,3
50,เชียงใหม่,7,ไชยปราการ,แม่ทะลบ,3,3,11,เศรษฐกิจ,11
50,เชียงใหม่,7,ไชยปราการ,แม่ทะลบ,3,3,12,เสรีรวมไทย,4
50,เชียงใหม่,7,ไชยปราการ,แม่ทะลบ,3,3,13,รวมพลังประชาชน,2
50,เชียงใหม่,7,ไชยปราการ,แม่ทะลบ,3,3,14,ท้องที่ไทย,0
50,เชียงใหม่,7,ไชยปราการ,แม่ทะลบ,3,3,15,อนาคตไทย,0
50,เชียงใหม่,7,ไชยปราการ,แม่ทะลบ,3,3,16,พลังเพื่อไทย,3
50,เชียงใหม่,7,ไชยปราการ,แม่ทะลบ,3,3,17,ไทยชนะ,1
50,เชียงใหม่,7,ไชยปราการ,แม่ทะลบ,3,3,18,พลังสังคมใหม่,0
50,เชียงใหม่,7,ไชยปราการ,แม่ทะลบ,3,3,19,สังคมประชาธิปไตย,0
50,เชียงใหม่,7,ไชยปราการ,แม่ทะลบ,3,3,20,ฟิวชัน,0
50,เชียงใหม่,7,ไชยปราการ,แม่ทะลบ,3,3,21,ไทยรวมพลัง,0
50,เชียงใหม่,7,ไชยปราการ,แม่ทะลบ,3,3,22,ก้าวอิสระ,0
50,เชียงใหม่,7,ไชยปราการ,แม่ทะลบ,3,3,23,ปวงชนไทย,0
50,เชียงใหม่,7,ไชยปราการ,แม่ทะลบ,3,3,24,วิชชั่นใหม่,1
50,เชียงใหม่,7,ไชยปราการ,แม่ทะลบ,3,3,25,เพื่อชีวิตใหม่,0
50,เชียงใหม่,7,ไชยปราการ,แม่ทะลบ,3,3,26,คลองไทย,0
50,เชียงใหม่,7,ไชยปราการ,แม่ทะลบ,3,3,27,ประชาธิปัตย์,18
50,เชียงใหม่,7,ไชยปราการ,แม่ทะลบ,3,3,28,ไทยก้าวหน้า,0
50,เชียงใหม่,7,ไชยปราการ,แม่ทะลบ,3,3,29,ไทยภักดี,0
50,เชียงใหม่,7,ไชยปราการ,แม่ทะลบ,3,3,30,แรงงานสร้างชาติ,1
50,เชียงใหม่,7,ไชยปราการ,แม่ทะลบ,3,3,31,ประชากรไทย,0
50,เชียงใหม่,7,ไชยปราการ,แม่ทะลบ,3,3,32,ครูไทยเพื่อประชาชน,0
50,เชียงใหม่,7,ไชยปราการ,แม่ทะลบ,3,3,33,ประชาชาติ,2
50,เชียงใหม่,7,ไชยปราการ,แม่ทะลบ,3,3,34,สร้างอนาคตไทย,1
50,เชียงใหม่,7,ไชยปราการ,แม่ทะลบ,3,3,35,รักชาติ,1
50,เชียงใหม่,7,ไชยปราการ,แม่ทะลบ,3,3,36,ไทยพร้อม,0
50,เชียงใหม่,7,ไชยปราการ,แม่ทะลบ,3,3,37,ภูมิใจไทย,28
50,เชียงใหม่,7,ไชยปราการ,แม่ทะลบ,3,3,38,พลังธรรมใหม่,2
50,เชียงใหม่,7,ไชยปราการ,แม่ทะลบ,3,3,39,กรีน,0
50,เชียงใหม่,7,ไชยปราการ,แม่ทะลบ,3,3,40,ไทยธรรม,0
50,เชียงใหม่,7,ไชยปราการ,แม่ทะลบ,3,3,41,แผ่นดินธรรม,1
50,เชียงใหม่,7,ไชยปราการ,แม่ทะลบ,3,3,42,กล้าธรรม,9
50,เชียงใหม่,7,ไชยปราการ,แม่ทะลบ,3,3,43,พลังประชารัฐ,2
50,เชียงใหม่,7,ไชยปราการ,แม่ทะลบ,3,3,44,โอกาสใหม่,0
50,เชียงใหม่,7,ไชยปราการ,แม่ทะลบ,3,3,45,เป็นธรรม,0
50,เชียงใหม่,7,ไชยปราการ,แม่ทะลบ,3,3,46,ประชาชน,99
50,เชียงใหม่,7,ไชยปราการ,แม่ทะลบ,3,3,47,ประชาไทย,2
50,เชียงใหม่,7,ไชยปราการ,แม่ทะลบ,3,3,48,ไทยสร้างไทย,0
50,เชียงใหม่,7,ไชยปราการ,แม่ทะลบ,3,3,49,ไทยก้าวใหม่,0
50,เชียงใหม่,7,ไชยปราการ,แม่ทะลบ,3,3,50,ประชาอาสาชาติ,0
50,เชียงใหม่,7,ไชยปราการ,แม่ทะลบ,3,3,51,พร้อม,0
50,เชียงใหม่,7,ไชยปราการ,แม่ทะลบ,3,3,52,เครือข่ายชาวนาแห่งประเทศไทย,2
50,เชียงใหม่,7,ไชยปราการ,แม่ทะลบ,3,3,53,ไทยพิทักษ์ธรรม,0
50,เชียงใหม่,7,ไชยปราการ,แม่ทะลบ,3,3,54,ความหวังใหม่,0
50,เชียงใหม่,7,ไชยปราการ,แม่ทะลบ,3,3,55,ไทยรวมไทย,0
50,เชียงใหม่,7,ไชยปราการ,แม่ทะลบ,3,3,56,เพื่อบ้านเมือง,0
50,เชียงใหม่,7,ไชยปราการ,แม่ทะลบ,3,3,57,พลังไทยรักชาติ,0
50,เชียงใหม่,7,ไชยปราการ,แม่ทะลบ,4,4,1,ไทยทรัพย์ทวี,1
50,เชียงใหม่,7,ไชยปราการ,แม่ทะลบ,4,4,2,เพื่อชาติไทย,4
50,เชียงใหม่,7,ไชยปราการ,แม่ทะลบ,4,4,3,ใหม่,0
50,เชียงใหม่,7,ไชยปราการ,แม่ทะลบ,4,4,4,มิติใหม่,0
50,เชียงใหม่,7,ไชยปราการ,แม่ทะลบ,4,4,5,รวมใจไทย,10
50,เชียงใหม่,7,ไชยปราการ,แม่ทะลบ,4,4,6,รวมไทยสร้างชาติ,7
50,เชียงใหม่,7,ไชยปราการ,แม่ทะลบ,4,4,7,พลวัต,3
50,เชียงใหม่,7,ไชยปราการ,แม่ทะลบ,4,4,8,ประชาธิปไตยใหม่,1
50,เชียงใหม่,7,ไชยปราการ,แม่ทะลบ,4,4,9,เพื่อไทย,66
50,เชียงใหม่,7,ไชยปราการ,แม่ทะลบ,4,4,10,ทางเลือกใหม่,2
50,เชียงใหม่,7,ไชยปราการ,แม่ทะลบ,4,4,11,เศรษฐกิจ,13
50,เชียงใหม่,7,ไชยปราการ,แม่ทะลบ,4,4,12,เสรีรวมไทย,0
50,เชียงใหม่,7,ไชยปราการ,แม่ทะลบ,4,4,13,รวมพลังประชาชน,7
50,เชียงใหม่,7,ไชยปราการ,แม่ทะลบ,4,4,14,ท้องที่ไทย,0
50,เชียงใหม่,7,ไชยปราการ,แม่ทะลบ,4,4,15,อนาคตไทย,1
50,เชียงใหม่,7,ไชยปราการ,แม่ทะลบ,4,4,16,พลังเพื่อไทย,0
50,เชียงใหม่,7,ไชยปราการ,แม่ทะลบ,4,4,17,ไทยชนะ,0
50,เชียงใหม่,7,ไชยปราการ,แม่ทะลบ,4,4,18,พลังสังคมใหม่,0
50,เชียงใหม่,7,ไชยปราการ,แม่ทะลบ,4,4,19,สังคมประชาธิปไตย,0
50,เชียงใหม่,7,ไชยปราการ,แม่ทะลบ,4,4,20,ฟิวชัน,0
50,เชียงใหม่,7,ไชยปราการ,แม่ทะลบ,4,4,21,ไทยรวมพลัง,0
50,เชียงใหม่,7,ไชยปราการ,แม่ทะลบ,4,4,22,ก้าวอิสระ,0
50,เชียงใหม่,7,ไชยปราการ,แม่ทะลบ,4,4,23,ปวงชนไทย,0
50,เชียงใหม่,7,ไชยปราการ,แม่ทะลบ,4,4,24,วิชชั่นใหม่,1
50,เชียงใหม่,7,ไชยปราการ,แม่ทะลบ,4,4,25,เพื่อชีวิตใหม่,0
50,เชียงใหม่,7,ไชยปราการ,แม่ทะลบ,4,4,26,คลองไทย,0
50,เชียงใหม่,7,ไชยปราการ,แม่ทะลบ,4,4,27,ประชาธิปัตย์,14
50,เชียงใหม่,7,ไชยปราการ,แม่ทะลบ,4,4,28,ไทยก้าวหน้า,0
50,เชียงใหม่,7,ไชยปราการ,แม่ทะลบ,4,4,29,ไทยภักดี,0
50,เชียงใหม่,7,ไชยปราการ,แม่ทะลบ,4,4,30,แรงงานสร้างชาติ,1
50,เชียงใหม่,7,ไชยปราการ,แม่ทะลบ,4,4,31,ประชากรไทย,0
50,เชียงใหม่,7,ไชยปราการ,แม่ทะลบ,4,4,32,ครูไทยเพื่อประชาชน,1
50,เชียงใหม่,7,ไชยปราการ,แม่ทะลบ,4,4,33,ประชาชาติ,0
50,เชียงใหม่,7,ไชยปราการ,แม่ทะลบ,4,4,34,สร้างอนาคตไทย,4
50,เชียงใหม่,7,ไชยปราการ,แม่ทะลบ,4,4,35,รักชาติ,2
50,เชียงใหม่,7,ไชยปราการ,แม่ทะลบ,4,4,36,ไทยพร้อม,0
50,เชียงใหม่,7,ไชยปราการ,แม่ทะลบ,4,4,37,ภูมิใจไทย,21
50,เชียงใหม่,7,ไชยปราการ,แม่ทะลบ,4,4,38,พลังธรรมใหม่,2
50,เชียงใหม่,7,ไชยปราการ,แม่ทะลบ,4,4,39,กรีน,0
50,เชียงใหม่,7,ไชยปราการ,แม่ทะลบ,4,4,40,ไทยธรรม,0
50,เชียงใหม่,7,ไชยปราการ,แม่ทะลบ,4,4,41,แผ่นดินธรรม,0
50,เชียงใหม่,7,ไชยปราการ,แม่ทะลบ,4,4,42,กล้าธรรม,12
50,เชียงใหม่,7,ไชยปราการ,แม่ทะลบ,4,4,43,พลังประชารัฐ,2
50,เชียงใหม่,7,ไชยปราการ,แม่ทะลบ,4,4,44,โอกาสใหม่,1
50,เชียงใหม่,7,ไชยปราการ,แม่ทะลบ,4,4,45,เป็นธรรม,0
50,เชียงใหม่,7,ไชยปราการ,แม่ทะลบ,4,4,46,ประชาชน,104
50,เชียงใหม่,7,ไชยปราการ,แม่ทะลบ,4,4,47,ประชาไทย,0
50,เชียงใหม่,7,ไชยปราการ,แม่ทะลบ,4,4,48,ไทยสร้างไทย,0
50,เชียงใหม่,7,ไชยปราการ,แม่ทะลบ,4,4,49,ไทยก้าวใหม่,0
50,เชียงใหม่,7,ไชยปราการ,แม่ทะลบ,4,4,50,ประชาอาสาชาติ,0
50,เชียงใหม่,7,ไชยปราการ,แม่ทะลบ,4,4,51,พร้อม,0
50,เชียงใหม่,7,ไชยปราการ,แม่ทะลบ,4,4,52,เครือข่ายชาวนาแห่งประเทศไทย,1
50,เชียงใหม่,7,ไชยปราการ,แม่ทะลบ,4,4,53,ไทยพิทักษ์ธรรม,1
50,เชียงใหม่,7,ไชยปราการ,แม่ทะลบ,4,4,54,ความหวังใหม่,0
50,เชียงใหม่,7,ไชยปราการ,แม่ทะลบ,4,4,55,ไทยรวมไทย,0
50,เชียงใหม่,7,ไชยปราการ,แม่ทะลบ,4,4,56,เพื่อบ้านเมือง,0
50,เชียงใหม่,7,ไชยปราการ,แม่ทะลบ,4,4,57,พลังไทยรักชาติ,0
50,เชียงใหม่,7,ไชยปราการ,แม่ทะลบ,4,5,1,ไทยทรัพย์ทวี,5
50,เชียงใหม่,7,ไชยปราการ,แม่ทะลบ,4,5,2,เพื่อชาติไทย,9
50,เชียงใหม่,7,ไชยปราการ,แม่ทะลบ,4,5,3,ใหม่,0
50,เชียงใหม่,7,ไชยปราการ,แม่ทะลบ,4,5,4,มิติใหม่,1
50,เชียงใหม่,7,ไชยปราการ,แม่ทะลบ,4,5,5,รวมใจไทย,12
50,เชียงใหม่,7,ไชยปราการ,แม่ทะลบ,4,5,6,รวมไทยสร้างชาติ,10
50,เชียงใหม่,7,ไชยปราการ,แม่ทะลบ,4,5,7,พลวัต,4
50,เชียงใหม่,7,ไชยปราการ,แม่ทะลบ,4,5,8,ประชาธิปไตยใหม่,0
50,เชียงใหม่,7,ไชยปราการ,แม่ทะลบ,4,5,9,เพื่อไทย,57
50,เชียงใหม่,7,ไชยปราการ,แม่ทะลบ,4,5,10,ทางเลือกใหม่,0
50,เชียงใหม่,7,ไชยปราการ,แม่ทะลบ,4,5,11,เศรษฐกิจ,8
50,เชียงใหม่,7,ไชยปราการ,แม่ทะลบ,4,5,12,เสรีรวมไทย,1
50,เชียงใหม่,7,ไชยปราการ,แม่ทะลบ,4,5,13,รวมพลังประชาชน,0
50,เชียงใหม่,7,ไชยปราการ,แม่ทะลบ,4,5,14,ท้องที่ไทย,0
50,เชียงใหม่,7,ไชยปราการ,แม่ทะลบ,4,5,15,อนาคตไทย,0
50,เชียงใหม่,7,ไชยปราการ,แม่ทะลบ,4,5,16,พลังเพื่อไทย,1
50,เชียงใหม่,7,ไชยปราการ,แม่ทะลบ,4,5,17,ไทยชนะ,4
50,เชียงใหม่,7,ไชยปราการ,แม่ทะลบ,4,5,18,พลังสังคมใหม่,0
50,เชียงใหม่,7,ไชยปราการ,แม่ทะลบ,4,5,19,สังคมประชาธิปไตย,0
50,เชียงใหม่,7,ไชยปราการ,แม่ทะลบ,4,5,20,ฟิวชัน,0
50,เชียงใหม่,7,ไชยปราการ,แม่ทะลบ,4,5,21,ไทยรวมพลัง,0
50,เชียงใหม่,7,ไชยปราการ,แม่ทะลบ,4,5,22,ก้าวอิสระ,0
50,เชียงใหม่,7,ไชยปราการ,แม่ทะลบ,4,5,23,ปวงชนไทย,0
50,เชียงใหม่,7,ไชยปราการ,แม่ทะลบ,4,5,24,วิชชั่นใหม่,2
50,เชียงใหม่,7,ไชยปราการ,แม่ทะลบ,4,5,25,เพื่อชีวิตใหม่,0
50,เชียงใหม่,7,ไชยปราการ,แม่ทะลบ,4,5,26,คลองไทย,0
50,เชียงใหม่,7,ไชยปราการ,แม่ทะลบ,4,5,27,ประชาธิปัตย์,17
50,เชียงใหม่,7,ไชยปราการ,แม่ทะลบ,4,5,28,ไทยก้าวหน้า,0
50,เชียงใหม่,7,ไชยปราการ,แม่ทะลบ,4,5,29,ไทยภักดี,0
50,เชียงใหม่,7,ไชยปราการ,แม่ทะลบ,4,5,30,แรงงานสร้างชาติ,1
50,เชียงใหม่,7,ไชยปราการ,แม่ทะลบ,4,5,31,ประชากรไทย,0
50,เชียงใหม่,7,ไชยปราการ,แม่ทะลบ,4,5,32,ครูไทยเพื่อประชาชน,0
50,เชียงใหม่,7,ไชยปราการ,แม่ทะลบ,4,5,33,ประชาชาติ,0
50,เชียงใหม่,7,ไชยปราการ,แม่ทะลบ,4,5,34,สร้างอนาคตไทย,2
50,เชียงใหม่,7,ไชยปราการ,แม่ทะลบ,4,5,35,รักชาติ,2
50,เชียงใหม่,7,ไชยปราการ,แม่ทะลบ,4,5,36,ไทยพร้อม,1
50,เชียงใหม่,7,ไชยปราการ,แม่ทะลบ,4,5,37,ภูมิใจไทย,26
50,เชียงใหม่,7,ไชยปราการ,แม่ทะลบ,4,5,38,พลังธรรมใหม่,0
50,เชียงใหม่,7,ไชยปราการ,แม่ทะลบ,4,5,39,กรีน,0
50,เชียงใหม่,7,ไชยปราการ,แม่ทะลบ,4,5,40,ไทยธรรม,0
50,เชียงใหม่,7,ไชยปราการ,แม่ทะลบ,4,5,41,แผ่นดินธรรม,0
50,เชียงใหม่,7,ไชยปราการ,แม่ทะลบ,4,5,42,กล้าธรรม,10
50,เชียงใหม่,7,ไชยปราการ,แม่ทะลบ,4,5,43,พลังประชารัฐ,3
50,เชียงใหม่,7,ไชยปราการ,แม่ทะลบ,4,5,44,โอกาสใหม่,0
50,เชียงใหม่,7,ไชยปราการ,แม่ทะลบ,4,5,45,เป็นธรรม,0
50,เชียงใหม่,7,ไชยปราการ,แม่ทะลบ,4,5,46,ประชาชน,60
50,เชียงใหม่,7,ไชยปราการ,แม่ทะลบ,4,5,47,ประชาไทย,2
50,เชียงใหม่,7,ไชยปราการ,แม่ทะลบ,4,5,48,ไทยสร้างไทย,0
50,เชียงใหม่,7,ไชยปราการ,แม่ทะลบ,4,5,49,ไทยก้าวใหม่,3
50,เชียงใหม่,7,ไชยปราการ,แม่ทะลบ,4,5,50,ประชาอาสาชาติ,0
50,เชียงใหม่,7,ไชยปราการ,แม่ทะลบ,4,5,51,พร้อม,0
50,เชียงใหม่,7,ไชยปราการ,แม่ทะลบ,4,5,52,เครือข่ายชาวนาแห่งประเทศไทย,0
50,เชียงใหม่,7,ไชยปราการ,แม่ทะลบ,4,5,53,ไทยพิทักษ์ธรรม,0
50,เชียงใหม่,7,ไชยปราการ,แม่ทะลบ,4,5,54,ความหวังใหม่,0
50,เชียงใหม่,7,ไชยปราการ,แม่ทะลบ,4,5,55,ไทยรวมไทย,0
50,เชียงใหม่,7,ไชยปราการ,แม่ทะลบ,4,5,56,เพื่อบ้านเมือง,1
50,เชียงใหม่,7,ไชยปราการ,แม่ทะลบ,4,5,57,พลังไทยรักชาติ,0
50,เชียงใหม่,7,ไชยปราการ,แม่ทะลบ,5,6,1,ไทยทรัพย์ทวี,0
50,เชียงใหม่,7,ไชยปราการ,แม่ทะลบ,5,6,2,เพื่อชาติไทย,6
50,เชียงใหม่,7,ไชยปราการ,แม่ทะลบ,5,6,3,ใหม่,2
50,เชียงใหม่,7,ไชยปราการ,แม่ทะลบ,5,6,4,มิติใหม่,0
50,เชียงใหม่,7,ไชยปราการ,แม่ทะลบ,5,6,5,รวมใจไทย,18
50,เชียงใหม่,7,ไชยปราการ,แม่ทะลบ,5,6,6,รวมไทยสร้างชาติ,6
50,เชียงใหม่,7,ไชยปราการ,แม่ทะลบ,5,6,7,พลวัต,0
50,เชียงใหม่,7,ไชยปราการ,แม่ทะลบ,5,6,8,ประชาธิปไตยใหม่,2
50,เชียงใหม่,7,ไชยปราการ,แม่ทะลบ,5,6,9,เพื่อไทย,101
50,เชียงใหม่,7,ไชยปราการ,แม่ทะลบ,5,6,10,ทางเลือกใหม่,2
50,เชียงใหม่,7,ไชยปราการ,แม่ทะลบ,5,6,11,เศรษฐกิจ,10
50,เชียงใหม่,7,ไชยปราการ,แม่ทะลบ,5,6,12,เสรีรวมไทย,2
50,เชียงใหม่,7,ไชยปราการ,แม่ทะลบ,5,6,13,รวมพลังประชาชน,2
50,เชียงใหม่,7,ไชยปราการ,แม่ทะลบ,5,6,14,ท้องที่ไทย,0
50,เชียงใหม่,7,ไชยปราการ,แม่ทะลบ,5,6,15,อนาคตไทย,0
50,เชียงใหม่,7,ไชยปราการ,แม่ทะลบ,5,6,16,พลังเพื่อไทย,2
50,เชียงใหม่,7,ไชยปราการ,แม่ทะลบ,5,6,17,ไทยชนะ,0
50,เชียงใหม่,7,ไชยปราการ,แม่ทะลบ,5,6,18,พลังสังคมใหม่,1
50,เชียงใหม่,7,ไชยปราการ,แม่ทะลบ,5,6,19,สังคมประชาธิปไตย,0
50,เชียงใหม่,7,ไชยปราการ,แม่ทะลบ,5,6,20,ฟิวชัน,0
50,เชียงใหม่,7,ไชยปราการ,แม่ทะลบ,5,6,21,ไทยรวมพลัง,0
50,เชียงใหม่,7,ไชยปราการ,แม่ทะลบ,5,6,22,ก้าวอิสระ,0
50,เชียงใหม่,7,ไชยปราการ,แม่ทะลบ,5,6,23,ปวงชนไทย,0
50,เชียงใหม่,7,ไชยปราการ,แม่ทะลบ,5,6,24,วิชชั่นใหม่,0
50,เชียงใหม่,7,ไชยปราการ,แม่ทะลบ,5,6,25,เพื่อชีวิตใหม่,0
50,เชียงใหม่,7,ไชยปราการ,แม่ทะลบ,5,6,26,คลองไทย,0
50,เชียงใหม่,7,ไชยปราการ,แม่ทะลบ,5,6,27,ประชาธิปัตย์,12
50,เชียงใหม่,7,ไชยปราการ,แม่ทะลบ,5,6,28,ไทยก้าวหน้า,1
50,เชียงใหม่,7,ไชยปราการ,แม่ทะลบ,5,6,29,ไทยภักดี,2
50,เชียงใหม่,7,ไชยปราการ,แม่ทะลบ,5,6,30,แรงงานสร้างชาติ,0
50,เชียงใหม่,7,ไชยปราการ,แม่ทะลบ,5,6,31,ประชากรไทย,0
50,เชียงใหม่,7,ไชยปราการ,แม่ทะลบ,5,6,32,ครูไทยเพื่อประชาชน,0
50,เชียงใหม่,7,ไชยปราการ,แม่ทะลบ,5,6,33,ประชาชาติ,0
50,เชียงใหม่,7,ไชยปราการ,แม่ทะลบ,5,6,34,สร้างอนาคตไทย,1
50,เชียงใหม่,7,ไชยปราการ,แม่ทะลบ,5,6,35,รักชาติ,2
50,เชียงใหม่,7,ไชยปราการ,แม่ทะลบ,5,6,36,ไทยพร้อม,0
50,เชียงใหม่,7,ไชยปราการ,แม่ทะลบ,5,6,37,ภูมิใจไทย,35
50,เชียงใหม่,7,ไชยปราการ,แม่ทะลบ,5,6,38,พลังธรรมใหม่,1
50,เชียงใหม่,7,ไชยปราการ,แม่ทะลบ,5,6,39,กรีน,0
50,เชียงใหม่,7,ไชยปราการ,แม่ทะลบ,5,6,40,ไทยธรรม,0
50,เชียงใหม่,7,ไชยปราการ,แม่ทะลบ,5,6,41,แผ่นดินธรรม,0
50,เชียงใหม่,7,ไชยปราการ,แม่ทะลบ,5,6,42,กล้าธรรม,23
50,เชียงใหม่,7,ไชยปราการ,แม่ทะลบ,5,6,43,พลังประชารัฐ,3
50,เชียงใหม่,7,ไชยปราการ,แม่ทะลบ,5,6,44,โอกาสใหม่,0
50,เชียงใหม่,7,ไชยปราการ,แม่ทะลบ,5,6,45,เป็นธรรม,0
50,เชียงใหม่,7,ไชยปราการ,แม่ทะลบ,5,6,46,ประชาชน,120
50,เชียงใหม่,7,ไชยปราการ,แม่ทะลบ,5,6,47,ประชาไทย,2
50,เชียงใหม่,7,ไชยปราการ,แม่ทะลบ,5,6,48,ไทยสร้างไทย,0
50,เชียงใหม่,7,ไชยปราการ,แม่ทะลบ,5,6,49,ไทยก้าวใหม่,2
50,เชียงใหม่,7,ไชยปราการ,แม่ทะลบ,5,6,50,ประชาอาสาชาติ,0
50,เชียงใหม่,7,ไชยปราการ,แม่ทะลบ,5,6,51,พร้อม,0
50,เชียงใหม่,7,ไชยปราการ,แม่ทะลบ,5,6,52,เครือข่ายชาวนาแห่งประเทศไทย,0
50,เชียงใหม่,7,ไชยปราการ,แม่ทะลบ,5,6,53,ไทยพิทักษ์ธรรม,0
50,เชียงใหม่,7,ไชยปราการ,แม่ทะลบ,5,6,54,ความหวังใหม่,0
50,เชียงใหม่,7,ไชยปราการ,แม่ทะลบ,5,6,55,ไทยรวมไทย,0
50,เชียงใหม่,7,ไชยปราการ,แม่ทะลบ,5,6,56,เพื่อบ้านเมือง,1
50,เชียงใหม่,7,ไชยปราการ,แม่ทะลบ,5,6,57,พลังไทยรักชาติ,0
50,เชียงใหม่,7,ไชยปราการ,แม่ทะลบ,6,7,1,ไทยทรัพย์ทวี,3
50,เชียงใหม่,7,ไชยปราการ,แม่ทะลบ,6,7,2,เพื่อชาติไทย,8
50,เชียงใหม่,7,ไชยปราการ,แม่ทะลบ,6,7,3,ใหม่,2
50,เชียงใหม่,7,ไชยปราการ,แม่ทะลบ,6,7,4,มิติใหม่,2
50,เชียงใหม่,7,ไชยปราการ,แม่ทะลบ,6,7,5,รวมใจไทย,7
50,เชียงใหม่,7,ไชยปราการ,แม่ทะลบ,6,7,6,รวมไทยสร้างชาติ,10
50,เชียงใหม่,7,ไชยปราการ,แม่ทะลบ,6,7,7,พลวัต,2
50,เชียงใหม่,7,ไชยปราการ,แม่ทะลบ,6,7,8,ประชาธิปไตยใหม่,0
50,เชียงใหม่,7,ไชยปราการ,แม่ทะลบ,6,7,9,เพื่อไทย,115
50,เชียงใหม่,7,ไชยปราการ,แม่ทะลบ,6,7,10,ทางเลือกใหม่,0
50,เชียงใหม่,7,ไชยปราการ,แม่ทะลบ,6,7,11,เศรษฐกิจ,5
50,เชียงใหม่,7,ไชยปราการ,แม่ทะลบ,6,7,12,เสรีรวมไทย,1
50,เชียงใหม่,7,ไชยปราการ,แม่ทะลบ,6,7,13,รวมพลังประชาชน,0
50,เชียงใหม่,7,ไชยปราการ,แม่ทะลบ,6,7,14,ท้องที่ไทย,0
50,เชียงใหม่,7,ไชยปราการ,แม่ทะลบ,6,7,15,อนาคตไทย,0
50,เชียงใหม่,7,ไชยปราการ,แม่ทะลบ,6,7,16,พลังเพื่อไทย,1
50,เชียงใหม่,7,ไชยปราการ,แม่ทะลบ,6,7,17,ไทยชนะ,2
50,เชียงใหม่,7,ไชยปราการ,แม่ทะลบ,6,7,18,พลังสังคมใหม่,1
50,เชียงใหม่,7,ไชยปราการ,แม่ทะลบ,6,7,19,สังคมประชาธิปไตย,0
50,เชียงใหม่,7,ไชยปราการ,แม่ทะลบ,6,7,20,ฟิวชัน,0
50,เชียงใหม่,7,ไชยปราการ,แม่ทะลบ,6,7,21,ไทยรวมพลัง,0
50,เชียงใหม่,7,ไชยปราการ,แม่ทะลบ,6,7,22,ก้าวอิสระ,0
50,เชียงใหม่,7,ไชยปราการ,แม่ทะลบ,6,7,23,ปวงชนไทย,0
50,เชียงใหม่,7,ไชยปราการ,แม่ทะลบ,6,7,24,วิชชั่นใหม่,1
50,เชียงใหม่,7,ไชยปราการ,แม่ทะลบ,6,7,25,เพื่อชีวิตใหม่,1
50,เชียงใหม่,7,ไชยปราการ,แม่ทะลบ,6,7,26,คลองไทย,0
50,เชียงใหม่,7,ไชยปราการ,แม่ทะลบ,6,7,27,ประชาธิปัตย์,10
50,เชียงใหม่,7,ไชยปราการ,แม่ทะลบ,6,7,28,ไทยก้าวหน้า,0
50,เชียงใหม่,7,ไชยปราการ,แม่ทะลบ,6,7,29,ไทยภักดี,0
50,เชียงใหม่,7,ไชยปราการ,แม่ทะลบ,6,7,30,แรงงานสร้างชาติ,0
50,เชียงใหม่,7,ไชยปราการ,แม่ทะลบ,6,7,31,ประชากรไทย,1
50,เชียงใหม่,7,ไชยปราการ,แม่ทะลบ,6,7,32,ครูไทยเพื่อประชาชน,0
50,เชียงใหม่,7,ไชยปราการ,แม่ทะลบ,6,7,33,ประชาชาติ,0
50,เชียงใหม่,7,ไชยปราการ,แม่ทะลบ,6,7,34,สร้างอนาคตไทย,1
50,เชียงใหม่,7,ไชยปราการ,แม่ทะลบ,6,7,35,รักชาติ,0
50,เชียงใหม่,7,ไชยปราการ,แม่ทะลบ,6,7,36,ไทยพร้อม,2
50,เชียงใหม่,7,ไชยปราการ,แม่ทะลบ,6,7,37,ภูมิใจไทย,16
50,เชียงใหม่,7,ไชยปราการ,แม่ทะลบ,6,7,38,พลังธรรมใหม่,3
50,เชียงใหม่,7,ไชยปราการ,แม่ทะลบ,6,7,39,กรีน,0
50,เชียงใหม่,7,ไชยปราการ,แม่ทะลบ,6,7,40,ไทยธรรม,0
50,เชียงใหม่,7,ไชยปราการ,แม่ทะลบ,6,7,41,แผ่นดินธรรม,1
50,เชียงใหม่,7,ไชยปราการ,แม่ทะลบ,6,7,42,กล้าธรรม,6
50,เชียงใหม่,7,ไชยปราการ,แม่ทะลบ,6,7,43,พลังประชารัฐ,2
50,เชียงใหม่,7,ไชยปราการ,แม่ทะลบ,6,7,44,โอกาสใหม่,1
50,เชียงใหม่,7,ไชยปราการ,แม่ทะลบ,6,7,45,เป็นธรรม,1
50,เชียงใหม่,7,ไชยปราการ,แม่ทะลบ,6,7,46,ประชาชน,104
50,เชียงใหม่,7,ไชยปราการ,แม่ทะลบ,6,7,47,ประชาไทย,0
50,เชียงใหม่,7,ไชยปราการ,แม่ทะลบ,6,7,48,ไทยสร้างไทย,2
50,เชียงใหม่,7,ไชยปราการ,แม่ทะลบ,6,7,49,ไทยก้าวใหม่,0
50,เชียงใหม่,7,ไชยปราการ,แม่ทะลบ,6,7,50,ประชาอาสาชาติ,0
50,เชียงใหม่,7,ไชยปราการ,แม่ทะลบ,6,7,51,พร้อม,1
50,เชียงใหม่,7,ไชยปราการ,แม่ทะลบ,6,7,52,เครือข่ายชาวนาแห่งประเทศไทย,0
50,เชียงใหม่,7,ไชยปราการ,แม่ทะลบ,6,7,53,ไทยพิทักษ์ธรรม,0
50,เชียงใหม่,7,ไชยปราการ,แม่ทะลบ,6,7,54,ความหวังใหม่,0
50,เชียงใหม่,7,ไชยปราการ,แม่ทะลบ,6,7,55,ไทยรวมไทย,0
50,เชียงใหม่,7,ไชยปราการ,แม่ทะลบ,6,7,56,เพื่อบ้านเมือง,0
50,เชียงใหม่,7,ไชยปราการ,แม่ทะลบ,6,7,57,พลังไทยรักชาติ,1
50,เชียงใหม่,7,ไชยปราการ,แม่ทะลบ,6,8,1,ไทยทรัพย์ทวี,13
50,เชียงใหม่,7,ไชยปราการ,แม่ทะลบ,6,8,2,เพื่อชาติไทย,9
50,เชียงใหม่,7,ไชยปราการ,แม่ทะลบ,6,8,3,ใหม่,2
50,เชียงใหม่,7,ไชยปราการ,แม่ทะลบ,6,8,4,มิติใหม่,2
50,เชียงใหม่,7,ไชยปราการ,แม่ทะลบ,6,8,5,รวมใจไทย,14
50,เชียงใหม่,7,ไชยปราการ,แม่ทะลบ,6,8,6,รวมไทยสร้างชาติ,11
50,เชียงใหม่,7,ไชยปราการ,แม่ทะลบ,6,8,7,พลวัต,26
50,เชียงใหม่,7,ไชยปราการ,แม่ทะลบ,6,8,8,ประชาธิปไตยใหม่,4
50,เชียงใหม่,7,ไชยปราการ,แม่ทะลบ,6,8,9,เพื่อไทย,74
50,เชียงใหม่,7,ไชยปราการ,แม่ทะลบ,6,8,10,ทางเลือกใหม่,2
50,เชียงใหม่,7,ไชยปราการ,แม่ทะลบ,6,8,11,เศรษฐกิจ,5
50,เชียงใหม่,7,ไชยปราการ,แม่ทะลบ,6,8,12,เสรีรวมไทย,1
50,เชียงใหม่,7,ไชยปราการ,แม่ทะลบ,6,8,13,รวมพลังประชาชน,2
50,เชียงใหม่,7,ไชยปราการ,แม่ทะลบ,6,8,14,ท้องที่ไทย,2
50,เชียงใหม่,7,ไชยปราการ,แม่ทะลบ,6,8,15,อนาคตไทย,0
50,เชียงใหม่,7,ไชยปราการ,แม่ทะลบ,6,8,16,พลังเพื่อไทย,0
50,เชียงใหม่,7,ไชยปราการ,แม่ทะลบ,6,8,17,ไทยชนะ,0
50,เชียงใหม่,7,ไชยปราการ,แม่ทะลบ,6,8,18,พลังสังคมใหม่,1
50,เชียงใหม่,7,ไชยปราการ,แม่ทะลบ,6,8,19,สังคมประชาธิปไตย,2
50,เชียงใหม่,7,ไชยปราการ,แม่ทะลบ,6,8,20,ฟิวชัน,0
50,เชียงใหม่,7,ไชยปราการ,แม่ทะลบ,6,8,21,ไทยรวมพลัง,1
50,เชียงใหม่,7,ไชยปราการ,แม่ทะลบ,6,8,22,ก้าวอิสระ,1
50,เชียงใหม่,7,ไชยปราการ,แม่ทะลบ,6,8,23,ปวงชนไทย,0
50,เชียงใหม่,7,ไชยปราการ,แม่ทะลบ,6,8,24,วิชชั่นใหม่,1
50,เชียงใหม่,7,ไชยปราการ,แม่ทะลบ,6,8,25,เพื่อชีวิตใหม่,1
50,เชียงใหม่,7,ไชยปราการ,แม่ทะลบ,6,8,26,คลองไทย,0
50,เชียงใหม่,7,ไชยปราการ,แม่ทะลบ,6,8,27,ประชาธิปัตย์,16
50,เชียงใหม่,7,ไชยปราการ,แม่ทะลบ,6,8,28,ไทยก้าวหน้า,0
50,เชียงใหม่,7,ไชยปราการ,แม่ทะลบ,6,8,29,ไทยภักดี,1
50,เชียงใหม่,7,ไชยปราการ,แม่ทะลบ,6,8,30,แรงงานสร้างชาติ,5
50,เชียงใหม่,7,ไชยปราการ,แม่ทะลบ,6,8,31,ประชากรไทย,0
50,เชียงใหม่,7,ไชยปราการ,แม่ทะลบ,6,8,32,ครูไทยเพื่อประชาชน,1
50,เชียงใหม่,7,ไชยปราการ,แม่ทะลบ,6,8,33,ประชาชาติ,0
50,เชียงใหม่,7,ไชยปราการ,แม่ทะลบ,6,8,34,สร้างอนาคตไทย,1
50,เชียงใหม่,7,ไชยปราการ,แม่ทะลบ,6,8,35,รักชาติ,1
50,เชียงใหม่,7,ไชยปราการ,แม่ทะลบ,6,8,36,ไทยพร้อม,4
50,เชียงใหม่,7,ไชยปราการ,แม่ทะลบ,6,8,37,ภูมิใจไทย,39
50,เชียงใหม่,7,ไชยปราการ,แม่ทะลบ,6,8,38,พลังธรรมใหม่,1
50,เชียงใหม่,7,ไชยปราการ,แม่ทะลบ,6,8,39,กรีน,1
50,เชียงใหม่,7,ไชยปราการ,แม่ทะลบ,6,8,40,ไทยธรรม,0
50,เชียงใหม่,7,ไชยปราการ,แม่ทะลบ,6,8,41,แผ่นดินธรรม,0
50,เชียงใหม่,7,ไชยปราการ,แม่ทะลบ,6,8,42,กล้าธรรม,10
50,เชียงใหม่,7,ไชยปราการ,แม่ทะลบ,6,8,43,พลังประชารัฐ,10
50,เชียงใหม่,7,ไชยปราการ,แม่ทะลบ,6,8,44,โอกาสใหม่,0
50,เชียงใหม่,7,ไชยปราการ,แม่ทะลบ,6,8,45,เป็นธรรม,1
50,เชียงใหม่,7,ไชยปราการ,แม่ทะลบ,6,8,46,ประชาชน,69
50,เชียงใหม่,7,ไชยปราการ,แม่ทะลบ,6,8,47,ประชาไทย,2
50,เชียงใหม่,7,ไชยปราการ,แม่ทะลบ,6,8,48,ไทยสร้างไทย,0
50,เชียงใหม่,7,ไชยปราการ,แม่ทะลบ,6,8,49,ไทยก้าวใหม่,1
50,เชียงใหม่,7,ไชยปราการ,แม่ทะลบ,6,8,50,ประชาอาสาชาติ,0
50,เชียงใหม่,7,ไชยปราการ,แม่ทะลบ,6,8,51,พร้อม,0
50,เชียงใหม่,7,ไชยปราการ,แม่ทะลบ,6,8,52,เครือข่ายชาวนาแห่งประเทศไทย,0
50,เชียงใหม่,7,ไชยปราการ,แม่ทะลบ,6,8,53,ไทยพิทักษ์ธรรม,0
50,เชียงใหม่,7,ไชยปราการ,แม่ทะลบ,6,8,54,ความหวังใหม่,0
50,เชียงใหม่,7,ไชยปราการ,แม่ทะลบ,6,8,55,ไทยรวมไทย,0
50,เชียงใหม่,7,ไชยปราการ,แม่ทะลบ,6,8,56,เพื่อบ้านเมือง,2
50,เชียงใหม่,7,ไชยปราการ,แม่ทะลบ,6,8,57,พลังไทยรักชาติ,2
50,เชียงใหม่,7,ไชยปราการ,แม่ทะลบ,7,9,1,ไทยทรัพย์ทวี,0
50,เชียงใหม่,7,ไชยปราการ,แม่ทะลบ,7,9,2,เพื่อชาติไทย,1
50,เชียงใหม่,7,ไชยปราการ,แม่ทะลบ,7,9,3,ใหม่,0
50,เชียงใหม่,7,ไชยปราการ,แม่ทะลบ,7,9,4,มิติใหม่,1
50,เชียงใหม่,7,ไชยปราการ,แม่ทะลบ,7,9,5,รวมใจไทย,19
50,เชียงใหม่,7,ไชยปราการ,แม่ทะลบ,7,9,6,รวมไทยสร้างชาติ,3
50,เชียงใหม่,7,ไชยปราการ,แม่ทะลบ,7,9,7,พลวัต,1
50,เชียงใหม่,7,ไชยปราการ,แม่ทะลบ,7,9,8,ประชาธิปไตยใหม่,0
50,เชียงใหม่,7,ไชยปราการ,แม่ทะลบ,7,9,9,เพื่อไทย,4
50,เชียงใหม่,7,ไชยปราการ,แม่ทะลบ,7,9,10,ทางเลือกใหม่,1
50,เชียงใหม่,7,ไชยปราการ,แม่ทะลบ,7,9,11,เศรษฐกิจ,0
50,เชียงใหม่,7,ไชยปราการ,แม่ทะลบ,7,9,12,เสรีรวมไทย,0
50,เชียงใหม่,7,ไชยปราการ,แม่ทะลบ,7,9,13,รวมพลังประชาชน,0
50,เชียงใหม่,7,ไชยปราการ,แม่ทะลบ,7,9,14,ท้องที่ไทย,1
50,เชียงใหม่,7,ไชยปราการ,แม่ทะลบ,7,9,15,อนาคตไทย,0
50,เชียงใหม่,7,ไชยปราการ,แม่ทะลบ,7,9,16,พลังเพื่อไทย,3
50,เชียงใหม่,7,ไชยปราการ,แม่ทะลบ,7,9,17,ไทยชนะ,0
50,เชียงใหม่,7,ไชยปราการ,แม่ทะลบ,7,9,18,พลังสังคมใหม่,1
50,เชียงใหม่,7,ไชยปราการ,แม่ทะลบ,7,9,19,สังคมประชาธิปไตย,0
50,เชียงใหม่,7,ไชยปราการ,แม่ทะลบ,7,9,20,ฟิวชัน,0
50,เชียงใหม่,7,ไชยปราการ,แม่ทะลบ,7,9,21,ไทยรวมพลัง,0
50,เชียงใหม่,7,ไชยปราการ,แม่ทะลบ,7,9,22,ก้าวอิสระ,1
50,เชียงใหม่,7,ไชยปราการ,แม่ทะลบ,7,9,23,ปวงชนไทย,0
50,เชียงใหม่,7,ไชยปราการ,แม่ทะลบ,7,9,24,วิชชั่นใหม่,3
50,เชียงใหม่,7,ไชยปราการ,แม่ทะลบ,7,9,25,เพื่อชีวิตใหม่,1
50,เชียงใหม่,7,ไชยปราการ,แม่ทะลบ,7,9,26,คลองไทย,0
50,เชียงใหม่,7,ไชยปราการ,แม่ทะลบ,7,9,27,ประชาธิปัตย์,32
50,เชียงใหม่,7,ไชยปราการ,แม่ทะลบ,7,9,28,ไทยก้าวหน้า,0
50,เชียงใหม่,7,ไชยปราการ,แม่ทะลบ,7,9,29,ไทยภักดี,0
50,เชียงใหม่,7,ไชยปราการ,แม่ทะลบ,7,9,30,แรงงานสร้างชาติ,0
50,เชียงใหม่,7,ไชยปราการ,แม่ทะลบ,7,9,31,ประชากรไทย,0
50,เชียงใหม่,7,ไชยปราการ,แม่ทะลบ,7,9,32,ครูไทยเพื่อประชาชน,0
50,เชียงใหม่,7,ไชยปราการ,แม่ทะลบ,7,9,33,ประชาชาติ,0
50,เชียงใหม่,7,ไชยปราการ,แม่ทะลบ,7,9,34,สร้างอนาคตไทย,0
50,เชียงใหม่,7,ไชยปราการ,แม่ทะลบ,7,9,35,รักชาติ,0
50,เชียงใหม่,7,ไชยปราการ,แม่ทะลบ,7,9,36,ไทยพร้อม,1
50,เชียงใหม่,7,ไชยปราการ,แม่ทะลบ,7,9,37,ภูมิใจไทย,10
50,เชียงใหม่,7,ไชยปราการ,แม่ทะลบ,7,9,38,พลังธรรมใหม่,0
50,เชียงใหม่,7,ไชยปราการ,แม่ทะลบ,7,9,39,กรีน,0
50,เชียงใหม่,7,ไชยปราการ,แม่ทะลบ,7,9,40,ไทยธรรม,0
50,เชียงใหม่,7,ไชยปราการ,แม่ทะลบ,7,9,41,แผ่นดินธรรม,1
50,เชียงใหม่,7,ไชยปราการ,แม่ทะลบ,7,9,42,กล้าธรรม,228
50,เชียงใหม่,7,ไชยปราการ,แม่ทะลบ,7,9,43,พลังประชารัฐ,2
50,เชียงใหม่,7,ไชยปราการ,แม่ทะลบ,7,9,44,โอกาสใหม่,0
50,เชียงใหม่,7,ไชยปราการ,แม่ทะลบ,7,9,45,เป็นธรรม,0
50,เชียงใหม่,7,ไชยปราการ,แม่ทะลบ,7,9,46,ประชาชน,67
50,เชียงใหม่,7,ไชยปราการ,แม่ทะลบ,7,9,47,ประชาไทย,1
50,เชียงใหม่,7,ไชยปราการ,แม่ทะลบ,7,9,48,ไทยสร้างไทย,2
50,เชียงใหม่,7,ไชยปราการ,แม่ทะลบ,7,9,49,ไทยก้าวใหม่,3
50,เชียงใหม่,7,ไชยปราการ,แม่ทะลบ,7,9,50,ประชาอาสาชาติ,1
50,เชียงใหม่,7,ไชยปราการ,แม่ทะลบ,7,9,51,พร้อม,0
50,เชียงใหม่,7,ไชยปราการ,แม่ทะลบ,7,9,52,เครือข่ายชาวนาแห่งประเทศไทย,0
50,เชียงใหม่,7,ไชยปราการ,แม่ทะลบ,7,9,53,ไทยพิทักษ์ธรรม,1
50,เชียงใหม่,7,ไชยปราการ,แม่ทะลบ,7,9,54,ความหวังใหม่,0
50,เชียงใหม่,7,ไชยปราการ,แม่ทะลบ,7,9,55,ไทยรวมไทย,0
50,เชียงใหม่,7,ไชยปราการ,แม่ทะลบ,7,9,56,เพื่อบ้านเมือง,0
50,เชียงใหม่,7,ไชยปราการ,แม่ทะลบ,7,9,57,พลังไทยรักชาติ,0
50,เชียงใหม่,7,ไชยปราการ,แม่ทะลบ,8,10,1,ไทยทรัพย์ทวี,6
50,เชียงใหม่,7,ไชยปราการ,แม่ทะลบ,8,10,2,เพื่อชาติไทย,1
50,เชียงใหม่,7,ไชยปราการ,แม่ทะลบ,8,10,3,ใหม่,1
50,เชียงใหม่,7,ไชยปราการ,แม่ทะลบ,8,10,4,มิติใหม่,2
50,เชียงใหม่,7,ไชยปราการ,แม่ทะลบ,8,10,5,รวมใจไทย,11
50,เชียงใหม่,7,ไชยปราการ,แม่ทะลบ,8,10,6,รวมไทยสร้างชาติ,3
50,เชียงใหม่,7,ไชยปราการ,แม่ทะลบ,8,10,7,พลวัต,3
50,เชียงใหม่,7,ไชยปราการ,แม่ทะลบ,8,10,8,ประชาธิปไตยใหม่,0
50,เชียงใหม่,7,ไชยปราการ,แม่ทะลบ,8,10,9,เพื่อไทย,17
50,เชียงใหม่,7,ไชยปราการ,แม่ทะลบ,8,10,10,ทางเลือกใหม่,0
50,เชียงใหม่,7,ไชยปราการ,แม่ทะลบ,8,10,11,เศรษฐกิจ,1
50,เชียงใหม่,7,ไชยปราการ,แม่ทะลบ,8,10,12,เสรีรวมไทย,1
50,เชียงใหม่,7,ไชยปราการ,แม่ทะลบ,8,10,13,รวมพลังประชาชน,6
50,เชียงใหม่,7,ไชยปราการ,แม่ทะลบ,8,10,14,ท้องที่ไทย,1
50,เชียงใหม่,7,ไชยปราการ,แม่ทะลบ,8,10,15,อนาคตไทย,0
50,เชียงใหม่,7,ไชยปราการ,แม่ทะลบ,8,10,16,พลังเพื่อไทย,1
50,เชียงใหม่,7,ไชยปราการ,แม่ทะลบ,8,10,17,ไทยชนะ,1
50,เชียงใหม่,7,ไชยปราการ,แม่ทะลบ,8,10,18,พลังสังคมใหม่,0
50,เชียงใหม่,7,ไชยปราการ,แม่ทะลบ,8,10,19,สังคมประชาธิปไตย,0
50,เชียงใหม่,7,ไชยปราการ,แม่ทะลบ,8,10,20,ฟิวชัน,0
50,เชียงใหม่,7,ไชยปราการ,แม่ทะลบ,8,10,21,ไทยรวมพลัง,0
50,เชียงใหม่,7,ไชยปราการ,แม่ทะลบ,8,10,22,ก้าวอิสระ,1
50,เชียงใหม่,7,ไชยปราการ,แม่ทะลบ,8,10,23,ปวงชนไทย,1
50,เชียงใหม่,7,ไชยปราการ,แม่ทะลบ,8,10,24,วิชชั่นใหม่,1
50,เชียงใหม่,7,ไชยปราการ,แม่ทะลบ,8,10,25,เพื่อชีวิตใหม่,0
50,เชียงใหม่,7,ไชยปราการ,แม่ทะลบ,8,10,26,คลองไทย,0
50,เชียงใหม่,7,ไชยปราการ,แม่ทะลบ,8,10,27,ประชาธิปัตย์,8
50,เชียงใหม่,7,ไชยปราการ,แม่ทะลบ,8,10,28,ไทยก้าวหน้า,0
50,เชียงใหม่,7,ไชยปราการ,แม่ทะลบ,8,10,29,ไทยภักดี,1
50,เชียงใหม่,7,ไชยปราการ,แม่ทะลบ,8,10,30,แรงงานสร้างชาติ,1
50,เชียงใหม่,7,ไชยปราการ,แม่ทะลบ,8,10,31,ประชากรไทย,0
50,เชียงใหม่,7,ไชยปราการ,แม่ทะลบ,8,10,32,ครูไทยเพื่อประชาชน,2
50,เชียงใหม่,7,ไชยปราการ,แม่ทะลบ,8,10,33,ประชาชาติ,1
50,เชียงใหม่,7,ไชยปราการ,แม่ทะลบ,8,10,34,สร้างอนาคตไทย,0
50,เชียงใหม่,7,ไชยปราการ,แม่ทะลบ,8,10,35,รักชาติ,1
50,เชียงใหม่,7,ไชยปราการ,แม่ทะลบ,8,10,36,ไทยพร้อม,0
50,เชียงใหม่,7,ไชยปราการ,แม่ทะลบ,8,10,37,ภูมิใจไทย,1
50,เชียงใหม่,7,ไชยปราการ,แม่ทะลบ,8,10,38,พลังธรรมใหม่,0
50,เชียงใหม่,7,ไชยปราการ,แม่ทะลบ,8,10,39,กรีน,0
50,เชียงใหม่,7,ไชยปราการ,แม่ทะลบ,8,10,40,ไทยธรรม,1
50,เชียงใหม่,7,ไชยปราการ,แม่ทะลบ,8,10,41,แผ่นดินธรรม,2
50,เชียงใหม่,7,ไชยปราการ,แม่ทะลบ,8,10,42,กล้าธรรม,152
50,เชียงใหม่,7,ไชยปราการ,แม่ทะลบ,8,10,43,พลังประชารัฐ,2
50,เชียงใหม่,7,ไชยปราการ,แม่ทะลบ,8,10,44,โอกาสใหม่,1
50,เชียงใหม่,7,ไชยปราการ,แม่ทะลบ,8,10,45,เป็นธรรม,1
50,เชียงใหม่,7,ไชยปราการ,แม่ทะลบ,8,10,46,ประชาชน,42
50,เชียงใหม่,7,ไชยปราการ,แม่ทะลบ,8,10,47,ประชาไทย,0
50,เชียงใหม่,7,ไชยปราการ,แม่ทะลบ,8,10,48,ไทยสร้างไทย,0
50,เชียงใหม่,7,ไชยปราการ,แม่ทะลบ,8,10,49,ไทยก้าวใหม่,0
50,เชียงใหม่,7,ไชยปราการ,แม่ทะลบ,8,10,50,ประชาอาสาชาติ,0
50,เชียงใหม่,7,ไชยปราการ,แม่ทะลบ,8,10,51,พร้อม,0
50,เชียงใหม่,7,ไชยปราการ,แม่ทะลบ,8,10,52,เครือข่ายชาวนาแห่งประเทศไทย,0
50,เชียงใหม่,7,ไชยปราการ,แม่ทะลบ,8,10,53,ไทยพิทักษ์ธรรม,0
50,เชียงใหม่,7,ไชยปราการ,แม่ทะลบ,8,10,54,ความหวังใหม่,0
50,เชียงใหม่,7,ไชยปราการ,แม่ทะลบ,8,10,55,ไทยรวมไทย,1
50,เชียงใหม่,7,ไชยปราการ,แม่ทะลบ,8,10,56,เพื่อบ้านเมือง,0
50,เชียงใหม่,7,ไชยปราการ,แม่ทะลบ,8,10,57,พลังไทยรักชาติ,1
50,เชียงใหม่,7,ไชยปราการ,แม่ทะลบ,8,11,1,ไทยทรัพย์ทวี,5
50,เชียงใหม่,7,ไชยปราการ,แม่ทะลบ,8,11,2,เพื่อชาติไทย,4
50,เชียงใหม่,7,ไชยปราการ,แม่ทะลบ,8,11,3,ใหม่,1
50,เชียงใหม่,7,ไชยปราการ,แม่ทะลบ,8,11,4,มิติใหม่,3
50,เชียงใหม่,7,ไชยปราการ,แม่ทะลบ,8,11,5,รวมใจไทย,12
50,เชียงใหม่,7,ไชยปราการ,แม่ทะลบ,8,11,6,รวมไทยสร้างชาติ,11
50,เชียงใหม่,7,ไชยปราการ,แม่ทะลบ,8,11,7,พลวัต,1
50,เชียงใหม่,7,ไชยปราการ,แม่ทะลบ,8,11,8,ประชาธิปไตยใหม่,1
50,เชียงใหม่,7,ไชยปราการ,แม่ทะลบ,8,11,9,เพื่อไทย,31
50,เชียงใหม่,7,ไชยปราการ,แม่ทะลบ,8,11,10,ทางเลือกใหม่,1
50,เชียงใหม่,7,ไชยปราการ,แม่ทะลบ,8,11,11,เศรษฐกิจ,2
50,เชียงใหม่,7,ไชยปราการ,แม่ทะลบ,8,11,12,เสรีรวมไทย,3
50,เชียงใหม่,7,ไชยปราการ,แม่ทะลบ,8,11,13,รวมพลังประชาชน,6
50,เชียงใหม่,7,ไชยปราการ,แม่ทะลบ,8,11,14,ท้องที่ไทย,2
50,เชียงใหม่,7,ไชยปราการ,แม่ทะลบ,8,11,15,อนาคตไทย,1
50,เชียงใหม่,7,ไชยปราการ,แม่ทะลบ,8,11,16,พลังเพื่อไทย,0
50,เชียงใหม่,7,ไชยปราการ,แม่ทะลบ,8,11,17,ไทยชนะ,0
50,เชียงใหม่,7,ไชยปราการ,แม่ทะลบ,8,11,18,พลังสังคมใหม่,1
50,เชียงใหม่,7,ไชยปราการ,แม่ทะลบ,8,11,19,สังคมประชาธิปไตย,0
50,เชียงใหม่,7,ไชยปราการ,แม่ทะลบ,8,11,20,ฟิวชัน,0
50,เชียงใหม่,7,ไชยปราการ,แม่ทะลบ,8,11,21,ไทยรวมพลัง,0
50,เชียงใหม่,7,ไชยปราการ,แม่ทะลบ,8,11,22,ก้าวอิสระ,3
50,เชียงใหม่,7,ไชยปราการ,แม่ทะลบ,8,11,23,ปวงชนไทย,0
50,เชียงใหม่,7,ไชยปราการ,แม่ทะลบ,8,11,24,วิชชั่นใหม่,8
50,เชียงใหม่,7,ไชยปราการ,แม่ทะลบ,8,11,25,เพื่อชีวิตใหม่,2
50,เชียงใหม่,7,ไชยปราการ,แม่ทะลบ,8,11,26,คลองไทย,1
50,เชียงใหม่,7,ไชยปราการ,แม่ทะลบ,8,11,27,ประชาธิปัตย์,17
50,เชียงใหม่,7,ไชยปราการ,แม่ทะลบ,8,11,28,ไทยก้าวหน้า,1
50,เชียงใหม่,7,ไชยปราการ,แม่ทะลบ,8,11,29,ไทยภักดี,1
50,เชียงใหม่,7,ไชยปราการ,แม่ทะลบ,8,11,30,แรงงานสร้างชาติ,0
50,เชียงใหม่,7,ไชยปราการ,แม่ทะลบ,8,11,31,ประชากรไทย,0
50,เชียงใหม่,7,ไชยปราการ,แม่ทะลบ,8,11,32,ครูไทยเพื่อประชาชน,2
50,เชียงใหม่,7,ไชยปราการ,แม่ทะลบ,8,11,33,ประชาชาติ,1
50,เชียงใหม่,7,ไชยปราการ,แม่ทะลบ,8,11,34,สร้างอนาคตไทย,2
50,เชียงใหม่,7,ไชยปราการ,แม่ทะลบ,8,11,35,รักชาติ,1
50,เชียงใหม่,7,ไชยปราการ,แม่ทะลบ,8,11,36,ไทยพร้อม,1
50,เชียงใหม่,7,ไชยปราการ,แม่ทะลบ,8,11,37,ภูมิใจไทย,8
50,เชียงใหม่,7,ไชยปราการ,แม่ทะลบ,8,11,38,พลังธรรมใหม่,1
50,เชียงใหม่,7,ไชยปราการ,แม่ทะลบ,8,11,39,กรีน,1
50,เชียงใหม่,7,ไชยปราการ,แม่ทะลบ,8,11,40,ไทยธรรม,0
50,เชียงใหม่,7,ไชยปราการ,แม่ทะลบ,8,11,41,แผ่นดินธรรม,1
50,เชียงใหม่,7,ไชยปราการ,แม่ทะลบ,8,11,42,กล้าธรรม,171
50,เชียงใหม่,7,ไชยปราการ,แม่ทะลบ,8,11,43,พลังประชารัฐ,3
50,เชียงใหม่,7,ไชยปราการ,แม่ทะลบ,8,11,44,โอกาสใหม่,0
50,เชียงใหม่,7,ไชยปราการ,แม่ทะลบ,8,11,45,เป็นธรรม,3
50,เชียงใหม่,7,ไชยปราการ,แม่ทะลบ,8,11,46,ประชาชน,43
50,เชียงใหม่,7,ไชยปราการ,แม่ทะลบ,8,11,47,ประชาไทย,2
50,เชียงใหม่,7,ไชยปราการ,แม่ทะลบ,8,11,48,ไทยสร้างไทย,1
50,เชียงใหม่,7,ไชยปราการ,แม่ทะลบ,8,11,49,ไทยก้าวใหม่,0
50,เชียงใหม่,7,ไชยปราการ,แม่ทะลบ,8,11,50,ประชาอาสาชาติ,0
50,เชียงใหม่,7,ไชยปราการ,แม่ทะลบ,8,11,51,พร้อม,0
50,เชียงใหม่,7,ไชยปราการ,แม่ทะลบ,8,11,52,เครือข่ายชาวนาแห่งประเทศไทย,0
50,เชียงใหม่,7,ไชยปราการ,แม่ทะลบ,8,11,53,ไทยพิทักษ์ธรรม,1
50,เชียงใหม่,7,ไชยปราการ,แม่ทะลบ,8,11,54,ความหวังใหม่,0
50,เชียงใหม่,7,ไชยปราการ,แม่ทะลบ,8,11,55,ไทยรวมไทย,0
50,เชียงใหม่,7,ไชยปราการ,แม่ทะลบ,8,11,56,เพื่อบ้านเมือง,0
50,เชียงใหม่,7,ไชยปราการ,แม่ทะลบ,8,11,57,พลังไทยรักชาติ,0
50,เชียงใหม่,7,ฝาง,โป่งน้ำร้อน,1,1,1,ไทยทรัพย์ทวี,0
50,เชียงใหม่,7,ฝาง,โป่งน้ำร้อน,1,1,2,เพื่อชาติไทย,1
50,เชียงใหม่,7,ฝาง,โป่งน้ำร้อน,1,1,3,ใหม่,0
50,เชียงใหม่,7,ฝาง,โป่งน้ำร้อน,1,1,4,มิติใหม่,0
50,เชียงใหม่,7,ฝาง,โป่งน้ำร้อน,1,1,5,รวมใจไทย,6
50,เชียงใหม่,7,ฝาง,โป่งน้ำร้อน,1,1,6,รวมไทยสร้างชาติ,6
50,เชียงใหม่,7,ฝาง,โป่งน้ำร้อน,1,1,7,พลวัต,0
50,เชียงใหม่,7,ฝาง,โป่งน้ำร้อน,1,1,8,ประชาธิปไตยใหม่,1
50,เชียงใหม่,7,ฝาง,โป่งน้ำร้อน,1,1,9,เพื่อไทย,54
50,เชียงใหม่,7,ฝาง,โป่งน้ำร้อน,1,1,10,ทางเลือกใหม่,0
50,เชียงใหม่,7,ฝาง,โป่งน้ำร้อน,1,1,11,เศรษฐกิจ,6
50,เชียงใหม่,7,ฝาง,โป่งน้ำร้อน,1,1,12,เสรีรวมไทย,0
50,เชียงใหม่,7,ฝาง,โป่งน้ำร้อน,1,1,13,รวมพลังประชาชน,2
50,เชียงใหม่,7,ฝาง,โป่งน้ำร้อน,1,1,14,ท้องที่ไทย,0
50,เชียงใหม่,7,ฝาง,โป่งน้ำร้อน,1,1,15,อนาคตไทย,0
50,เชียงใหม่,7,ฝาง,โป่งน้ำร้อน,1,1,16,พลังเพื่อไทย,2
50,เชียงใหม่,7,ฝาง,โป่งน้ำร้อน,1,1,17,ไทยชนะ,0
50,เชียงใหม่,7,ฝาง,โป่งน้ำร้อน,1,1,18,พลังสังคมใหม่,0
50,เชียงใหม่,7,ฝาง,โป่งน้ำร้อน,1,1,19,สังคมประชาธิปไตย,0
50,เชียงใหม่,7,ฝาง,โป่งน้ำร้อน,1,1,20,ฟิวชัน,0
50,เชียงใหม่,7,ฝาง,โป่งน้ำร้อน,1,1,21,ไทยรวมพลัง,0
50,เชียงใหม่,7,ฝาง,โป่งน้ำร้อน,1,1,22,ก้าวอิสระ,0
50,เชียงใหม่,7,ฝาง,โป่งน้ำร้อน,1,1,23,ปวงชนไทย,0
50,เชียงใหม่,7,ฝาง,โป่งน้ำร้อน,1,1,24,วิชชั่นใหม่,0
50,เชียงใหม่,7,ฝาง,โป่งน้ำร้อน,1,1,25,เพื่อชีวิตใหม่,0
50,เชียงใหม่,7,ฝาง,โป่งน้ำร้อน,1,1,26,คลองไทย,1
50,เชียงใหม่,7,ฝาง,โป่งน้ำร้อน,1,1,27,ประชาธิปัตย์,2
50,เชียงใหม่,7,ฝาง,โป่งน้ำร้อน,1,1,28,ไทยก้าวหน้า,0
50,เชียงใหม่,7,ฝาง,โป่งน้ำร้อน,1,1,29,ไทยภักดี,0
50,เชียงใหม่,7,ฝาง,โป่งน้ำร้อน,1,1,30,แรงงานสร้างชาติ,0
50,เชียงใหม่,7,ฝาง,โป่งน้ำร้อน,1,1,31,ประชากรไทย,0
50,เชียงใหม่,7,ฝาง,โป่งน้ำร้อน,1,1,32,ครูไทยเพื่อประชาชน,0
50,เชียงใหม่,7,ฝาง,โป่งน้ำร้อน,1,1,33,ประชาชาติ,0
50,เชียงใหม่,7,ฝาง,โป่งน้ำร้อน,1,1,34,สร้างอนาคตไทย,1
50,เชียงใหม่,7,ฝาง,โป่งน้ำร้อน,1,1,35,รักชาติ,0
50,เชียงใหม่,7,ฝาง,โป่งน้ำร้อน,1,1,36,ไทยพร้อม,1
50,เชียงใหม่,7,ฝาง,โป่งน้ำร้อน,1,1,37,ภูมิใจไทย,11
50,เชียงใหม่,7,ฝาง,โป่งน้ำร้อน,1,1,38,พลังธรรมใหม่,0
50,เชียงใหม่,7,ฝาง,โป่งน้ำร้อน,1,1,39,กรีน,0
50,เชียงใหม่,7,ฝาง,โป่งน้ำร้อน,1,1,40,ไทยธรรม,0
50,เชียงใหม่,7,ฝาง,โป่งน้ำร้อน,1,1,41,แผ่นดินธรรม,0
50,เชียงใหม่,7,ฝาง,โป่งน้ำร้อน,1,1,42,กล้าธรรม,33
50,เชียงใหม่,7,ฝาง,โป่งน้ำร้อน,1,1,43,พลังประชารัฐ,0
50,เชียงใหม่,7,ฝาง,โป่งน้ำร้อน,1,1,44,โอกาสใหม่,0
50,เชียงใหม่,7,ฝาง,โป่งน้ำร้อน,1,1,45,เป็นธรรม,1
50,เชียงใหม่,7,ฝาง,โป่งน้ำร้อน,1,1,46,ประชาชน,65
50,เชียงใหม่,7,ฝาง,โป่งน้ำร้อน,1,1,47,ประชาไทย,0
50,เชียงใหม่,7,ฝาง,โป่งน้ำร้อน,1,1,48,ไทยสร้างไทย,1
50,เชียงใหม่,7,ฝาง,โป่งน้ำร้อน,1,1,49,ไทยก้าวใหม่,0
50,เชียงใหม่,7,ฝาง,โป่งน้ำร้อน,1,1,50,ประชาอาสาชาติ,0
50,เชียงใหม่,7,ฝาง,โป่งน้ำร้อน,1,1,51,พร้อม,0
50,เชียงใหม่,7,ฝาง,โป่งน้ำร้อน,1,1,52,เครือข่ายชาวนาแห่งประเทศไทย,0
50,เชียงใหม่,7,ฝาง,โป่งน้ำร้อน,1,1,53,ไทยพิทักษ์ธรรม,0
50,เชียงใหม่,7,ฝาง,โป่งน้ำร้อน,1,1,54,ความหวังใหม่,0
50,เชียงใหม่,7,ฝาง,โป่งน้ำร้อน,1,1,55,ไทยรวมไทย,0
50,เชียงใหม่,7,ฝาง,โป่งน้ำร้อน,1,1,56,เพื่อบ้านเมือง,0
50,เชียงใหม่,7,ฝาง,โป่งน้ำร้อน,1,1,57,พลังไทยรักชาติ,0
50,เชียงใหม่,7,ฝาง,โป่งน้ำร้อน,2,2,1,ไทยทรัพย์ทวี,1
50,เชียงใหม่,7,ฝาง,โป่งน้ำร้อน,2,2,2,เพื่อชาติไทย,4
50,เชียงใหม่,7,ฝาง,โป่งน้ำร้อน,2,2,3,ใหม่,0
50,เชียงใหม่,7,ฝาง,โป่งน้ำร้อน,2,2,4,มิติใหม่,0
50,เชียงใหม่,7,ฝาง,โป่งน้ำร้อน,2,2,5,รวมใจไทย,4
50,เชียงใหม่,7,ฝาง,โป่งน้ำร้อน,2,2,6,รวมไทยสร้างชาติ,7
50,เชียงใหม่,7,ฝาง,โป่งน้ำร้อน,2,2,7,พลวัต,0
50,เชียงใหม่,7,ฝาง,โป่งน้ำร้อน,2,2,8,ประชาธิปไตยใหม่,0
50,เชียงใหม่,7,ฝาง,โป่งน้ำร้อน,2,2,9,เพื่อไทย,55
50,เชียงใหม่,7,ฝาง,โป่งน้ำร้อน,2,2,10,ทางเลือกใหม่,2
50,เชียงใหม่,7,ฝาง,โป่งน้ำร้อน,2,2,11,เศรษฐกิจ,10
50,เชียงใหม่,7,ฝาง,โป่งน้ำร้อน,2,2,12,เสรีรวมไทย,0
50,เชียงใหม่,7,ฝาง,โป่งน้ำร้อน,2,2,13,รวมพลังประชาชน,3
50,เชียงใหม่,7,ฝาง,โป่งน้ำร้อน,2,2,14,ท้องที่ไทย,0
50,เชียงใหม่,7,ฝาง,โป่งน้ำร้อน,2,2,15,อนาคตไทย,0
50,เชียงใหม่,7,ฝาง,โป่งน้ำร้อน,2,2,16,พลังเพื่อไทย,0
50,เชียงใหม่,7,ฝาง,โป่งน้ำร้อน,2,2,17,ไทยชนะ,2
50,เชียงใหม่,7,ฝาง,โป่งน้ำร้อน,2,2,18,พลังสังคมใหม่,0
50,เชียงใหม่,7,ฝาง,โป่งน้ำร้อน,2,2,19,สังคมประชาธิปไตย,0
50,เชียงใหม่,7,ฝาง,โป่งน้ำร้อน,2,2,20,ฟิวชัน,0
50,เชียงใหม่,7,ฝาง,โป่งน้ำร้อน,2,2,21,ไทยรวมพลัง,1
50,เชียงใหม่,7,ฝาง,โป่งน้ำร้อน,2,2,22,ก้าวอิสระ,0
50,เชียงใหม่,7,ฝาง,โป่งน้ำร้อน,2,2,23,ปวงชนไทย,0
50,เชียงใหม่,7,ฝาง,โป่งน้ำร้อน,2,2,24,วิชชั่นใหม่,2
50,เชียงใหม่,7,ฝาง,โป่งน้ำร้อน,2,2,25,เพื่อชีวิตใหม่,0
50,เชียงใหม่,7,ฝาง,โป่งน้ำร้อน,2,2,26,คลองไทย,0
50,เชียงใหม่,7,ฝาง,โป่งน้ำร้อน,2,2,27,ประชาธิปัตย์,4
50,เชียงใหม่,7,ฝาง,โป่งน้ำร้อน,2,2,28,ไทยก้าวหน้า,1
50,เชียงใหม่,7,ฝาง,โป่งน้ำร้อน,2,2,29,ไทยภักดี,6
50,เชียงใหม่,7,ฝาง,โป่งน้ำร้อน,2,2,30,แรงงานสร้างชาติ,0
50,เชียงใหม่,7,ฝาง,โป่งน้ำร้อน,2,2,31,ประชากรไทย,1
50,เชียงใหม่,7,ฝาง,โป่งน้ำร้อน,2,2,32,ครูไทยเพื่อประชาชน,1
50,เชียงใหม่,7,ฝาง,โป่งน้ำร้อน,2,2,33,ประชาชาติ,0
50,เชียงใหม่,7,ฝาง,โป่งน้ำร้อน,2,2,34,สร้างอนาคตไทย,0
50,เชียงใหม่,7,ฝาง,โป่งน้ำร้อน,2,2,35,รักชาติ,0
50,เชียงใหม่,7,ฝาง,โป่งน้ำร้อน,2,2,36,ไทยพร้อม,1
50,เชียงใหม่,7,ฝาง,โป่งน้ำร้อน,2,2,37,ภูมิใจไทย,22
50,เชียงใหม่,7,ฝาง,โป่งน้ำร้อน,2,2,38,พลังธรรมใหม่,0
50,เชียงใหม่,7,ฝาง,โป่งน้ำร้อน,2,2,39,กรีน,0
50,เชียงใหม่,7,ฝาง,โป่งน้ำร้อน,2,2,40,ไทยธรรม,0
50,เชียงใหม่,7,ฝาง,โป่งน้ำร้อน,2,2,41,แผ่นดินธรรม,0
50,เชียงใหม่,7,ฝาง,โป่งน้ำร้อน,2,2,42,กล้าธรรม,39
50,เชียงใหม่,7,ฝาง,โป่งน้ำร้อน,2,2,43,พลังประชารัฐ,1
50,เชียงใหม่,7,ฝาง,โป่งน้ำร้อน,2,2,44,โอกาสใหม่,0
50,เชียงใหม่,7,ฝาง,โป่งน้ำร้อน,2,2,45,เป็นธรรม,0
50,เชียงใหม่,7,ฝาง,โป่งน้ำร้อน,2,2,46,ประชาชน,137
50,เชียงใหม่,7,ฝาง,โป่งน้ำร้อน,2,2,47,ประชาไทย,0
50,เชียงใหม่,7,ฝาง,โป่งน้ำร้อน,2,2,48,ไทยสร้างไทย,0
50,เชียงใหม่,7,ฝาง,โป่งน้ำร้อน,2,2,49,ไทยก้าวใหม่,0
50,เชียงใหม่,7,ฝาง,โป่งน้ำร้อน,2,2,50,ประชาอาสาชาติ,0
50,เชียงใหม่,7,ฝาง,โป่งน้ำร้อน,2,2,51,พร้อม,0
50,เชียงใหม่,7,ฝาง,โป่งน้ำร้อน,2,2,52,เครือข่ายชาวนาแห่งประเทศไทย,0
50,เชียงใหม่,7,ฝาง,โป่งน้ำร้อน,2,2,53,ไทยพิทักษ์ธรรม,0
50,เชียงใหม่,7,ฝาง,โป่งน้ำร้อน,2,2,54,ความหวังใหม่,0
50,เชียงใหม่,7,ฝาง,โป่งน้ำร้อน,2,2,55,ไทยรวมไทย,0
50,เชียงใหม่,7,ฝาง,โป่งน้ำร้อน,2,2,56,เพื่อบ้านเมือง,1
50,เชียงใหม่,7,ฝาง,โป่งน้ำร้อน,2,2,57,พลังไทยรักชาติ,0
50,เชียงใหม่,7,ฝาง,โป่งน้ำร้อน,3,3,1,ไทยทรัพย์ทวี,1
50,เชียงใหม่,7,ฝาง,โป่งน้ำร้อน,3,3,2,เพื่อชาติไทย,7
50,เชียงใหม่,7,ฝาง,โป่งน้ำร้อน,3,3,3,ใหม่,1
50,เชียงใหม่,7,ฝาง,โป่งน้ำร้อน,3,3,4,มิติใหม่,0
50,เชียงใหม่,7,ฝาง,โป่งน้ำร้อน,3,3,5,รวมใจไทย,12
50,เชียงใหม่,7,ฝาง,โป่งน้ำร้อน,3,3,6,รวมไทยสร้างชาติ,9
50,เชียงใหม่,7,ฝาง,โป่งน้ำร้อน,3,3,7,พลวัต,5
50,เชียงใหม่,7,ฝาง,โป่งน้ำร้อน,3,3,8,ประชาธิปไตยใหม่,1
50,เชียงใหม่,7,ฝาง,โป่งน้ำร้อน,3,3,9,เพื่อไทย,57
50,เชียงใหม่,7,ฝาง,โป่งน้ำร้อน,3,3,10,ทางเลือกใหม่,2
50,เชียงใหม่,7,ฝาง,โป่งน้ำร้อน,3,3,11,เศรษฐกิจ,5
50,เชียงใหม่,7,ฝาง,โป่งน้ำร้อน,3,3,12,เสรีรวมไทย,1
50,เชียงใหม่,7,ฝาง,โป่งน้ำร้อน,3,3,13,รวมพลังประชาชน,4
50,เชียงใหม่,7,ฝาง,โป่งน้ำร้อน,3,3,14,ท้องที่ไทย,1
50,เชียงใหม่,7,ฝาง,โป่งน้ำร้อน,3,3,15,อนาคตไทย,0
50,เชียงใหม่,7,ฝาง,โป่งน้ำร้อน,3,3,16,พลังเพื่อไทย,0
50,เชียงใหม่,7,ฝาง,โป่งน้ำร้อน,3,3,17,ไทยชนะ,3
50,เชียงใหม่,7,ฝาง,โป่งน้ำร้อน,3,3,18,พลังสังคมใหม่,0
50,เชียงใหม่,7,ฝาง,โป่งน้ำร้อน,3,3,19,สังคมประชาธิปไตย,0
50,เชียงใหม่,7,ฝาง,โป่งน้ำร้อน,3,3,20,ฟิวชัน,0
50,เชียงใหม่,7,ฝาง,โป่งน้ำร้อน,3,3,21,ไทยรวมพลัง,1
50,เชียงใหม่,7,ฝาง,โป่งน้ำร้อน,3,3,22,ก้าวอิสระ,0
50,เชียงใหม่,7,ฝาง,โป่งน้ำร้อน,3,3,23,ปวงชนไทย,0
50,เชียงใหม่,7,ฝาง,โป่งน้ำร้อน,3,3,24,วิชชั่นใหม่,0
50,เชียงใหม่,7,ฝาง,โป่งน้ำร้อน,3,3,25,เพื่อชีวิตใหม่,0
50,เชียงใหม่,7,ฝาง,โป่งน้ำร้อน,3,3,26,คลองไทย,0
50,เชียงใหม่,7,ฝาง,โป่งน้ำร้อน,3,3,27,ประชาธิปัตย์,26
50,เชียงใหม่,7,ฝาง,โป่งน้ำร้อน,3,3,28,ไทยก้าวหน้า,1
50,เชียงใหม่,7,ฝาง,โป่งน้ำร้อน,3,3,29,ไทยภักดี,3
50,เชียงใหม่,7,ฝาง,โป่งน้ำร้อน,3,3,30,แรงงานสร้างชาติ,1
50,เชียงใหม่,7,ฝาง,โป่งน้ำร้อน,3,3,31,ประชากรไทย,2
50,เชียงใหม่,7,ฝาง,โป่งน้ำร้อน,3,3,32,ครูไทยเพื่อประชาชน,1
50,เชียงใหม่,7,ฝาง,โป่งน้ำร้อน,3,3,33,ประชาชาติ,2
50,เชียงใหม่,7,ฝาง,โป่งน้ำร้อน,3,3,34,สร้างอนาคตไทย,1
50,เชียงใหม่,7,ฝาง,โป่งน้ำร้อน,3,3,35,รักชาติ,1
50,เชียงใหม่,7,ฝาง,โป่งน้ำร้อน,3,3,36,ไทยพร้อม,0
50,เชียงใหม่,7,ฝาง,โป่งน้ำร้อน,3,3,37,ภูมิใจไทย,51
50,เชียงใหม่,7,ฝาง,โป่งน้ำร้อน,3,3,38,พลังธรรมใหม่,4
50,เชียงใหม่,7,ฝาง,โป่งน้ำร้อน,3,3,39,กรีน,0
50,เชียงใหม่,7,ฝาง,โป่งน้ำร้อน,3,3,40,ไทยธรรม,0
50,เชียงใหม่,7,ฝาง,โป่งน้ำร้อน,3,3,41,แผ่นดินธรรม,0
50,เชียงใหม่,7,ฝาง,โป่งน้ำร้อน,3,3,42,กล้าธรรม,25
50,เชียงใหม่,7,ฝาง,โป่งน้ำร้อน,3,3,43,พลังประชารัฐ,3
50,เชียงใหม่,7,ฝาง,โป่งน้ำร้อน,3,3,44,โอกาสใหม่,0
50,เชียงใหม่,7,ฝาง,โป่งน้ำร้อน,3,3,45,เป็นธรรม,0
50,เชียงใหม่,7,ฝาง,โป่งน้ำร้อน,3,3,46,ประชาชน,173
50,เชียงใหม่,7,ฝาง,โป่งน้ำร้อน,3,3,47,ประชาไทย,0
50,เชียงใหม่,7,ฝาง,โป่งน้ำร้อน,3,3,48,ไทยสร้างไทย,2
50,เชียงใหม่,7,ฝาง,โป่งน้ำร้อน,3,3,49,ไทยก้าวใหม่,2
50,เชียงใหม่,7,ฝาง,โป่งน้ำร้อน,3,3,50,ประชาอาสาชาติ,0
50,เชียงใหม่,7,ฝาง,โป่งน้ำร้อน,3,3,51,พร้อม,0
50,เชียงใหม่,7,ฝาง,โป่งน้ำร้อน,3,3,52,เครือข่ายชาวนาแห่งประเทศไทย,0
50,เชียงใหม่,7,ฝาง,โป่งน้ำร้อน,3,3,53,ไทยพิทักษ์ธรรม,0
50,เชียงใหม่,7,ฝาง,โป่งน้ำร้อน,3,3,54,ความหวังใหม่,0
50,เชียงใหม่,7,ฝาง,โป่งน้ำร้อน,3,3,55,ไทยรวมไทย,0
50,เชียงใหม่,7,ฝาง,โป่งน้ำร้อน,3,3,56,เพื่อบ้านเมือง,1
50,เชียงใหม่,7,ฝาง,โป่งน้ำร้อน,3,3,57,พลังไทยรักชาติ,1
50,เชียงใหม่,7,ฝาง,โป่งน้ำร้อน,4,4,1,ไทยทรัพย์ทวี,2
50,เชียงใหม่,7,ฝาง,โป่งน้ำร้อน,4,4,2,เพื่อชาติไทย,4
50,เชียงใหม่,7,ฝาง,โป่งน้ำร้อน,4,4,3,ใหม่,0
50,เชียงใหม่,7,ฝาง,โป่งน้ำร้อน,4,4,4,มิติใหม่,0
50,เชียงใหม่,7,ฝาง,โป่งน้ำร้อน,4,4,5,รวมใจไทย,14
50,เชียงใหม่,7,ฝาง,โป่งน้ำร้อน,4,4,6,รวมไทยสร้างชาติ,3
50,เชียงใหม่,7,ฝาง,โป่งน้ำร้อน,4,4,7,พลวัต,2
50,เชียงใหม่,7,ฝาง,โป่งน้ำร้อน,4,4,8,ประชาธิปไตยใหม่,0
50,เชียงใหม่,7,ฝาง,โป่งน้ำร้อน,4,4,9,เพื่อไทย,43
50,เชียงใหม่,7,ฝาง,โป่งน้ำร้อน,4,4,10,ทางเลือกใหม่,0
50,เชียงใหม่,7,ฝาง,โป่งน้ำร้อน,4,4,11,เศรษฐกิจ,7
50,เชียงใหม่,7,ฝาง,โป่งน้ำร้อน,4,4,12,เสรีรวมไทย,3
50,เชียงใหม่,7,ฝาง,โป่งน้ำร้อน,4,4,13,รวมพลังประชาชน,2
50,เชียงใหม่,7,ฝาง,โป่งน้ำร้อน,4,4,14,ท้องที่ไทย,0
50,เชียงใหม่,7,ฝาง,โป่งน้ำร้อน,4,4,15,อนาคตไทย,0
50,เชียงใหม่,7,ฝาง,โป่งน้ำร้อน,4,4,16,พลังเพื่อไทย,0
50,เชียงใหม่,7,ฝาง,โป่งน้ำร้อน,4,4,17,ไทยชนะ,0
50,เชียงใหม่,7,ฝาง,โป่งน้ำร้อน,4,4,18,พลังสังคมใหม่,0
50,เชียงใหม่,7,ฝาง,โป่งน้ำร้อน,4,4,19,สังคมประชาธิปไตย,0
50,เชียงใหม่,7,ฝาง,โป่งน้ำร้อน,4,4,20,ฟิวชัน,0
50,เชียงใหม่,7,ฝาง,โป่งน้ำร้อน,4,4,21,ไทยรวมพลัง,0
50,เชียงใหม่,7,ฝาง,โป่งน้ำร้อน,4,4,22,ก้าวอิสระ,0
50,เชียงใหม่,7,ฝาง,โป่งน้ำร้อน,4,4,23,ปวงชนไทย,0
50,เชียงใหม่,7,ฝาง,โป่งน้ำร้อน,4,4,24,วิชชั่นใหม่,0
50,เชียงใหม่,7,ฝาง,โป่งน้ำร้อน,4,4,25,เพื่อชีวิตใหม่,0
50,เชียงใหม่,7,ฝาง,โป่งน้ำร้อน,4,4,26,คลองไทย,0
50,เชียงใหม่,7,ฝาง,โป่งน้ำร้อน,4,4,27,ประชาธิปัตย์,7
50,เชียงใหม่,7,ฝาง,โป่งน้ำร้อน,4,4,28,ไทยก้าวหน้า,0
50,เชียงใหม่,7,ฝาง,โป่งน้ำร้อน,4,4,29,ไทยภักดี,2
50,เชียงใหม่,7,ฝาง,โป่งน้ำร้อน,4,4,30,แรงงานสร้างชาติ,1
50,เชียงใหม่,7,ฝาง,โป่งน้ำร้อน,4,4,31,ประชากรไทย,0
50,เชียงใหม่,7,ฝาง,โป่งน้ำร้อน,4,4,32,ครูไทยเพื่อประชาชน,0
50,เชียงใหม่,7,ฝาง,โป่งน้ำร้อน,4,4,33,ประชาชาติ,0
50,เชียงใหม่,7,ฝาง,โป่งน้ำร้อน,4,4,34,สร้างอนาคตไทย,1
50,เชียงใหม่,7,ฝาง,โป่งน้ำร้อน,4,4,35,รักชาติ,2
50,เชียงใหม่,7,ฝาง,โป่งน้ำร้อน,4,4,36,ไทยพร้อม,0
50,เชียงใหม่,7,ฝาง,โป่งน้ำร้อน,4,4,37,ภูมิใจไทย,13
50,เชียงใหม่,7,ฝาง,โป่งน้ำร้อน,4,4,38,พลังธรรมใหม่,0
50,เชียงใหม่,7,ฝาง,โป่งน้ำร้อน,4,4,39,กรีน,0
50,เชียงใหม่,7,ฝาง,โป่งน้ำร้อน,4,4,40,ไทยธรรม,0
50,เชียงใหม่,7,ฝาง,โป่งน้ำร้อน,4,4,41,แผ่นดินธรรม,0
50,เชียงใหม่,7,ฝาง,โป่งน้ำร้อน,4,4,42,กล้าธรรม,18
50,เชียงใหม่,7,ฝาง,โป่งน้ำร้อน,4,4,43,พลังประชารัฐ,2
50,เชียงใหม่,7,ฝาง,โป่งน้ำร้อน,4,4,44,โอกาสใหม่,0
50,เชียงใหม่,7,ฝาง,โป่งน้ำร้อน,4,4,45,เป็นธรรม,0
50,เชียงใหม่,7,ฝาง,โป่งน้ำร้อน,4,4,46,ประชาชน,103
50,เชียงใหม่,7,ฝาง,โป่งน้ำร้อน,4,4,47,ประชาไทย,0
50,เชียงใหม่,7,ฝาง,โป่งน้ำร้อน,4,4,48,ไทยสร้างไทย,2
50,เชียงใหม่,7,ฝาง,โป่งน้ำร้อน,4,4,49,ไทยก้าวใหม่,1
50,เชียงใหม่,7,ฝาง,โป่งน้ำร้อน,4,4,50,ประชาอาสาชาติ,0
50,เชียงใหม่,7,ฝาง,โป่งน้ำร้อน,4,4,51,พร้อม,1
50,เชียงใหม่,7,ฝาง,โป่งน้ำร้อน,4,4,52,เครือข่ายชาวนาแห่งประเทศไทย,0
50,เชียงใหม่,7,ฝาง,โป่งน้ำร้อน,4,4,53,ไทยพิทักษ์ธรรม,0
50,เชียงใหม่,7,ฝาง,โป่งน้ำร้อน,4,4,54,ความหวังใหม่,0
50,เชียงใหม่,7,ฝาง,โป่งน้ำร้อน,4,4,55,ไทยรวมไทย,0
50,เชียงใหม่,7,ฝาง,โป่งน้ำร้อน,4,4,56,เพื่อบ้านเมือง,0
50,เชียงใหม่,7,ฝาง,โป่งน้ำร้อน,4,4,57,พลังไทยรักชาติ,0
50,เชียงใหม่,7,ฝาง,โป่งน้ำร้อน,5,5,1,ไทยทรัพย์ทวี,1
50,เชียงใหม่,7,ฝาง,โป่งน้ำร้อน,5,5,2,เพื่อชาติไทย,5
50,เชียงใหม่,7,ฝาง,โป่งน้ำร้อน,5,5,3,ใหม่,1
50,เชียงใหม่,7,ฝาง,โป่งน้ำร้อน,5,5,4,มิติใหม่,0
50,เชียงใหม่,7,ฝาง,โป่งน้ำร้อน,5,5,5,รวมใจไทย,8
50,เชียงใหม่,7,ฝาง,โป่งน้ำร้อน,5,5,6,รวมไทยสร้างชาติ,5
50,เชียงใหม่,7,ฝาง,โป่งน้ำร้อน,5,5,7,พลวัต,2
50,เชียงใหม่,7,ฝาง,โป่งน้ำร้อน,5,5,8,ประชาธิปไตยใหม่,0
50,เชียงใหม่,7,ฝาง,โป่งน้ำร้อน,5,5,9,เพื่อไทย,67
50,เชียงใหม่,7,ฝาง,โป่งน้ำร้อน,5,5,10,ทางเลือกใหม่,0
50,เชียงใหม่,7,ฝาง,โป่งน้ำร้อน,5,5,11,เศรษฐกิจ,11
50,เชียงใหม่,7,ฝาง,โป่งน้ำร้อน,5,5,12,เสรีรวมไทย,0
50,เชียงใหม่,7,ฝาง,โป่งน้ำร้อน,5,5,13,รวมพลังประชาชน,4
50,เชียงใหม่,7,ฝาง,โป่งน้ำร้อน,5,5,14,ท้องที่ไทย,0
50,เชียงใหม่,7,ฝาง,โป่งน้ำร้อน,5,5,15,อนาคตไทย,0
50,เชียงใหม่,7,ฝาง,โป่งน้ำร้อน,5,5,16,พลังเพื่อไทย,1
50,เชียงใหม่,7,ฝาง,โป่งน้ำร้อน,5,5,17,ไทยชนะ,0
50,เชียงใหม่,7,ฝาง,โป่งน้ำร้อน,5,5,18,พลังสังคมใหม่,0
50,เชียงใหม่,7,ฝาง,โป่งน้ำร้อน,5,5,19,สังคมประชาธิปไตย,0
50,เชียงใหม่,7,ฝาง,โป่งน้ำร้อน,5,5,20,ฟิวชัน,0
50,เชียงใหม่,7,ฝาง,โป่งน้ำร้อน,5,5,21,ไทยรวมพลัง,0
50,เชียงใหม่,7,ฝาง,โป่งน้ำร้อน,5,5,22,ก้าวอิสระ,0
50,เชียงใหม่,7,ฝาง,โป่งน้ำร้อน,5,5,23,ปวงชนไทย,0
50,เชียงใหม่,7,ฝาง,โป่งน้ำร้อน,5,5,24,วิชชั่นใหม่,1
50,เชียงใหม่,7,ฝาง,โป่งน้ำร้อน,5,5,25,เพื่อชีวิตใหม่,0
50,เชียงใหม่,7,ฝาง,โป่งน้ำร้อน,5,5,26,คลองไทย,0
50,เชียงใหม่,7,ฝาง,โป่งน้ำร้อน,5,5,27,ประชาธิปัตย์,3
50,เชียงใหม่,7,ฝาง,โป่งน้ำร้อน,5,5,28,ไทยก้าวหน้า,0
50,เชียงใหม่,7,ฝาง,โป่งน้ำร้อน,5,5,29,ไทยภักดี,0
50,เชียงใหม่,7,ฝาง,โป่งน้ำร้อน,5,5,30,แรงงานสร้างชาติ,0
50,เชียงใหม่,7,ฝาง,โป่งน้ำร้อน,5,5,31,ประชากรไทย,0
50,เชียงใหม่,7,ฝาง,โป่งน้ำร้อน,5,5,32,ครูไทยเพื่อประชาชน,0
50,เชียงใหม่,7,ฝาง,โป่งน้ำร้อน,5,5,33,ประชาชาติ,1
50,เชียงใหม่,7,ฝาง,โป่งน้ำร้อน,5,5,34,สร้างอนาคตไทย,0
50,เชียงใหม่,7,ฝาง,โป่งน้ำร้อน,5,5,35,รักชาติ,0
50,เชียงใหม่,7,ฝาง,โป่งน้ำร้อน,5,5,36,ไทยพร้อม,0
50,เชียงใหม่,7,ฝาง,โป่งน้ำร้อน,5,5,37,ภูมิใจไทย,24
50,เชียงใหม่,7,ฝาง,โป่งน้ำร้อน,5,5,38,พลังธรรมใหม่,1
50,เชียงใหม่,7,ฝาง,โป่งน้ำร้อน,5,5,39,กรีน,0
50,เชียงใหม่,7,ฝาง,โป่งน้ำร้อน,5,5,40,ไทยธรรม,0
50,เชียงใหม่,7,ฝาง,โป่งน้ำร้อน,5,5,41,แผ่นดินธรรม,0
50,เชียงใหม่,7,ฝาง,โป่งน้ำร้อน,5,5,42,กล้าธรรม,30
50,เชียงใหม่,7,ฝาง,โป่งน้ำร้อน,5,5,43,พลังประชารัฐ,7
50,เชียงใหม่,7,ฝาง,โป่งน้ำร้อน,5,5,44,โอกาสใหม่,0
50,เชียงใหม่,7,ฝาง,โป่งน้ำร้อน,5,5,45,เป็นธรรม,0
50,เชียงใหม่,7,ฝาง,โป่งน้ำร้อน,5,5,46,ประชาชน,133
50,เชียงใหม่,7,ฝาง,โป่งน้ำร้อน,5,5,47,ประชาไทย,0
50,เชียงใหม่,7,ฝาง,โป่งน้ำร้อน,5,5,48,ไทยสร้างไทย,3
50,เชียงใหม่,7,ฝาง,โป่งน้ำร้อน,5,5,49,ไทยก้าวใหม่,0
50,เชียงใหม่,7,ฝาง,โป่งน้ำร้อน,5,5,50,ประชาอาสาชาติ,0
50,เชียงใหม่,7,ฝาง,โป่งน้ำร้อน,5,5,51,พร้อม,0
50,เชียงใหม่,7,ฝาง,โป่งน้ำร้อน,5,5,52,เครือข่ายชาวนาแห่งประเทศไทย,0
50,เชียงใหม่,7,ฝาง,โป่งน้ำร้อน,5,5,53,ไทยพิทักษ์ธรรม,0
50,เชียงใหม่,7,ฝาง,โป่งน้ำร้อน,5,5,54,ความหวังใหม่,0
50,เชียงใหม่,7,ฝาง,โป่งน้ำร้อน,5,5,55,ไทยรวมไทย,0
50,เชียงใหม่,7,ฝาง,โป่งน้ำร้อน,5,5,56,เพื่อบ้านเมือง,0
50,เชียงใหม่,7,ฝาง,โป่งน้ำร้อน,5,5,57,พลังไทยรักชาติ,0
50,เชียงใหม่,7,ฝาง,โป่งน้ำร้อน,6,6,1,ไทยทรัพย์ทวี,3
50,เชียงใหม่,7,ฝาง,โป่งน้ำร้อน,6,6,2,เพื่อชาติไทย,6
50,เชียงใหม่,7,ฝาง,โป่งน้ำร้อน,6,6,3,ใหม่,1
50,เชียงใหม่,7,ฝาง,โป่งน้ำร้อน,6,6,4,มิติใหม่,0
50,เชียงใหม่,7,ฝาง,โป่งน้ำร้อน,6,6,5,รวมใจไทย,4
50,เชียงใหม่,7,ฝาง,โป่งน้ำร้อน,6,6,6,รวมไทยสร้างชาติ,5
50,เชียงใหม่,7,ฝาง,โป่งน้ำร้อน,6,6,7,พลวัต,5
50,เชียงใหม่,7,ฝาง,โป่งน้ำร้อน,6,6,8,ประชาธิปไตยใหม่,0
50,เชียงใหม่,7,ฝาง,โป่งน้ำร้อน,6,6,9,เพื่อไทย,118
50,เชียงใหม่,7,ฝาง,โป่งน้ำร้อน,6,6,10,ทางเลือกใหม่,1
50,เชียงใหม่,7,ฝาง,โป่งน้ำร้อน,6,6,11,เศรษฐกิจ,21
50,เชียงใหม่,7,ฝาง,โป่งน้ำร้อน,6,6,12,เสรีรวมไทย,0
50,เชียงใหม่,7,ฝาง,โป่งน้ำร้อน,6,6,13,รวมพลังประชาชน,2
50,เชียงใหม่,7,ฝาง,โป่งน้ำร้อน,6,6,14,ท้องที่ไทย,0
50,เชียงใหม่,7,ฝาง,โป่งน้ำร้อน,6,6,15,อนาคตไทย,0
50,เชียงใหม่,7,ฝาง,โป่งน้ำร้อน,6,6,16,พลังเพื่อไทย,0
50,เชียงใหม่,7,ฝาง,โป่งน้ำร้อน,6,6,17,ไทยชนะ,2
50,เชียงใหม่,7,ฝาง,โป่งน้ำร้อน,6,6,18,พลังสังคมใหม่,0
50,เชียงใหม่,7,ฝาง,โป่งน้ำร้อน,6,6,19,สังคมประชาธิปไตย,0
50,เชียงใหม่,7,ฝาง,โป่งน้ำร้อน,6,6,20,ฟิวชัน,0
50,เชียงใหม่,7,ฝาง,โป่งน้ำร้อน,6,6,21,ไทยรวมพลัง,0
50,เชียงใหม่,7,ฝาง,โป่งน้ำร้อน,6,6,22,ก้าวอิสระ,0
50,เชียงใหม่,7,ฝาง,โป่งน้ำร้อน,6,6,23,ปวงชนไทย,0
50,เชียงใหม่,7,ฝาง,โป่งน้ำร้อน,6,6,24,วิชชั่นใหม่,1
50,เชียงใหม่,7,ฝาง,โป่งน้ำร้อน,6,6,25,เพื่อชีวิตใหม่,0
50,เชียงใหม่,7,ฝาง,โป่งน้ำร้อน,6,6,26,คลองไทย,0
50,เชียงใหม่,7,ฝาง,โป่งน้ำร้อน,6,6,27,ประชาธิปัตย์,4
50,เชียงใหม่,7,ฝาง,โป่งน้ำร้อน,6,6,28,ไทยก้าวหน้า,2
50,เชียงใหม่,7,ฝาง,โป่งน้ำร้อน,6,6,29,ไทยภักดี,1
50,เชียงใหม่,7,ฝาง,โป่งน้ำร้อน,6,6,30,แรงงานสร้างชาติ,2
50,เชียงใหม่,7,ฝาง,โป่งน้ำร้อน,6,6,31,ประชากรไทย,1
50,เชียงใหม่,7,ฝาง,โป่งน้ำร้อน,6,6,32,ครูไทยเพื่อประชาชน,0
50,เชียงใหม่,7,ฝาง,โป่งน้ำร้อน,6,6,33,ประชาชาติ,0
50,เชียงใหม่,7,ฝาง,โป่งน้ำร้อน,6,6,34,สร้างอนาคตไทย,4
50,เชียงใหม่,7,ฝาง,โป่งน้ำร้อน,6,6,35,รักชาติ,0
50,เชียงใหม่,7,ฝาง,โป่งน้ำร้อน,6,6,36,ไทยพร้อม,1
50,เชียงใหม่,7,ฝาง,โป่งน้ำร้อน,6,6,37,ภูมิใจไทย,24
50,เชียงใหม่,7,ฝาง,โป่งน้ำร้อน,6,6,38,พลังธรรมใหม่,3
50,เชียงใหม่,7,ฝาง,โป่งน้ำร้อน,6,6,39,กรีน,0
50,เชียงใหม่,7,ฝาง,โป่งน้ำร้อน,6,6,40,ไทยธรรม,0
50,เชียงใหม่,7,ฝาง,โป่งน้ำร้อน,6,6,41,แผ่นดินธรรม,0
50,เชียงใหม่,7,ฝาง,โป่งน้ำร้อน,6,6,42,กล้าธรรม,24
50,เชียงใหม่,7,ฝาง,โป่งน้ำร้อน,6,6,43,พลังประชารัฐ,6
50,เชียงใหม่,7,ฝาง,โป่งน้ำร้อน,6,6,44,โอกาสใหม่,0
50,เชียงใหม่,7,ฝาง,โป่งน้ำร้อน,6,6,45,เป็นธรรม,1
50,เชียงใหม่,7,ฝาง,โป่งน้ำร้อน,6,6,46,ประชาชน,134
50,เชียงใหม่,7,ฝาง,โป่งน้ำร้อน,6,6,47,ประชาไทย,1
50,เชียงใหม่,7,ฝาง,โป่งน้ำร้อน,6,6,48,ไทยสร้างไทย,4
50,เชียงใหม่,7,ฝาง,โป่งน้ำร้อน,6,6,49,ไทยก้าวใหม่,0
50,เชียงใหม่,7,ฝาง,โป่งน้ำร้อน,6,6,50,ประชาอาสาชาติ,0
50,เชียงใหม่,7,ฝาง,โป่งน้ำร้อน,6,6,51,พร้อม,0
50,เชียงใหม่,7,ฝาง,โป่งน้ำร้อน,6,6,52,เครือข่ายชาวนาแห่งประเทศไทย,0
50,เชียงใหม่,7,ฝาง,โป่งน้ำร้อน,6,6,53,ไทยพิทักษ์ธรรม,0
50,เชียงใหม่,7,ฝาง,โป่งน้ำร้อน,6,6,54,ความหวังใหม่,0
50,เชียงใหม่,7,ฝาง,โป่งน้ำร้อน,6,6,55,ไทยรวมไทย,0
50,เชียงใหม่,7,ฝาง,โป่งน้ำร้อน,6,6,56,เพื่อบ้านเมือง,0
50,เชียงใหม่,7,ฝาง,โป่งน้ำร้อน,6,6,57,พลังไทยรักชาติ,0
50,เชียงใหม่,7,ฝาง,โป่งน้ำร้อน,7,7,1,ไทยทรัพย์ทวี,0
50,เชียงใหม่,7,ฝาง,โป่งน้ำร้อน,7,7,2,เพื่อชาติไทย,4
50,เชียงใหม่,7,ฝาง,โป่งน้ำร้อน,7,7,3,ใหม่,0
50,เชียงใหม่,7,ฝาง,โป่งน้ำร้อน,7,7,4,มิติใหม่,1
50,เชียงใหม่,7,ฝาง,โป่งน้ำร้อน,7,7,5,รวมใจไทย,3
50,เชียงใหม่,7,ฝาง,โป่งน้ำร้อน,7,7,6,รวมไทยสร้างชาติ,4
50,เชียงใหม่,7,ฝาง,โป่งน้ำร้อน,7,7,7,พลวัต,1
50,เชียงใหม่,7,ฝาง,โป่งน้ำร้อน,7,7,8,ประชาธิปไตยใหม่,0
50,เชียงใหม่,7,ฝาง,โป่งน้ำร้อน,7,7,9,เพื่อไทย,61
50,เชียงใหม่,7,ฝาง,โป่งน้ำร้อน,7,7,10,ทางเลือกใหม่,0
50,เชียงใหม่,7,ฝาง,โป่งน้ำร้อน,7,7,11,เศรษฐกิจ,5
50,เชียงใหม่,7,ฝาง,โป่งน้ำร้อน,7,7,12,เสรีรวมไทย,1
50,เชียงใหม่,7,ฝาง,โป่งน้ำร้อน,7,7,13,รวมพลังประชาชน,3
50,เชียงใหม่,7,ฝาง,โป่งน้ำร้อน,7,7,14,ท้องที่ไทย,0
50,เชียงใหม่,7,ฝาง,โป่งน้ำร้อน,7,7,15,อนาคตไทย,0
50,เชียงใหม่,7,ฝาง,โป่งน้ำร้อน,7,7,16,พลังเพื่อไทย,0
50,เชียงใหม่,7,ฝาง,โป่งน้ำร้อน,7,7,17,ไทยชนะ,1
50,เชียงใหม่,7,ฝาง,โป่งน้ำร้อน,7,7,18,พลังสังคมใหม่,0
50,เชียงใหม่,7,ฝาง,โป่งน้ำร้อน,7,7,19,สังคมประชาธิปไตย,0
50,เชียงใหม่,7,ฝาง,โป่งน้ำร้อน,7,7,20,ฟิวชัน,0
50,เชียงใหม่,7,ฝาง,โป่งน้ำร้อน,7,7,21,ไทยรวมพลัง,0
50,เชียงใหม่,7,ฝาง,โป่งน้ำร้อน,7,7,22,ก้าวอิสระ,0
50,เชียงใหม่,7,ฝาง,โป่งน้ำร้อน,7,7,23,ปวงชนไทย,0
50,เชียงใหม่,7,ฝาง,โป่งน้ำร้อน,7,7,24,วิชชั่นใหม่,1
50,เชียงใหม่,7,ฝาง,โป่งน้ำร้อน,7,7,25,เพื่อชีวิตใหม่,0
50,เชียงใหม่,7,ฝาง,โป่งน้ำร้อน,7,7,26,คลองไทย,0
50,เชียงใหม่,7,ฝาง,โป่งน้ำร้อน,7,7,27,ประชาธิปัตย์,7
50,เชียงใหม่,7,ฝาง,โป่งน้ำร้อน,7,7,28,ไทยก้าวหน้า,0
50,เชียงใหม่,7,ฝาง,โป่งน้ำร้อน,7,7,29,ไทยภักดี,3
50,เชียงใหม่,7,ฝาง,โป่งน้ำร้อน,7,7,30,แรงงานสร้างชาติ,0
50,เชียงใหม่,7,ฝาง,โป่งน้ำร้อน,7,7,31,ประชากรไทย,0
50,เชียงใหม่,7,ฝาง,โป่งน้ำร้อน,7,7,32,ครูไทยเพื่อประชาชน,0
50,เชียงใหม่,7,ฝาง,โป่งน้ำร้อน,7,7,33,ประชาชาติ,0
50,เชียงใหม่,7,ฝาง,โป่งน้ำร้อน,7,7,34,สร้างอนาคตไทย,1
50,เชียงใหม่,7,ฝาง,โป่งน้ำร้อน,7,7,35,รักชาติ,0
50,เชียงใหม่,7,ฝาง,โป่งน้ำร้อน,7,7,36,ไทยพร้อม,2
50,เชียงใหม่,7,ฝาง,โป่งน้ำร้อน,7,7,37,ภูมิใจไทย,35
50,เชียงใหม่,7,ฝาง,โป่งน้ำร้อน,7,7,38,พลังธรรมใหม่,2
50,เชียงใหม่,7,ฝาง,โป่งน้ำร้อน,7,7,39,กรีน,0
50,เชียงใหม่,7,ฝาง,โป่งน้ำร้อน,7,7,40,ไทยธรรม,0
50,เชียงใหม่,7,ฝาง,โป่งน้ำร้อน,7,7,41,แผ่นดินธรรม,0
50,เชียงใหม่,7,ฝาง,โป่งน้ำร้อน,7,7,42,กล้าธรรม,23
50,เชียงใหม่,7,ฝาง,โป่งน้ำร้อน,7,7,43,พลังประชารัฐ,9
50,เชียงใหม่,7,ฝาง,โป่งน้ำร้อน,7,7,44,โอกาสใหม่,0
50,เชียงใหม่,7,ฝาง,โป่งน้ำร้อน,7,7,45,เป็นธรรม,1
50,เชียงใหม่,7,ฝาง,โป่งน้ำร้อน,7,7,46,ประชาชน,108
50,เชียงใหม่,7,ฝาง,โป่งน้ำร้อน,7,7,47,ประชาไทย,1
50,เชียงใหม่,7,ฝาง,โป่งน้ำร้อน,7,7,48,ไทยสร้างไทย,1
50,เชียงใหม่,7,ฝาง,โป่งน้ำร้อน,7,7,49,ไทยก้าวใหม่,0
50,เชียงใหม่,7,ฝาง,โป่งน้ำร้อน,7,7,50,ประชาอาสาชาติ,0
50,เชียงใหม่,7,ฝาง,โป่งน้ำร้อน,7,7,51,พร้อม,0
50,เชียงใหม่,7,ฝาง,โป่งน้ำร้อน,7,7,52,เครือข่ายชาวนาแห่งประเทศไทย,0
50,เชียงใหม่,7,ฝาง,โป่งน้ำร้อน,7,7,53,ไทยพิทักษ์ธรรม,0
50,เชียงใหม่,7,ฝาง,โป่งน้ำร้อน,7,7,54,ความหวังใหม่,0
50,เชียงใหม่,7,ฝาง,โป่งน้ำร้อน,7,7,55,ไทยรวมไทย,0
50,เชียงใหม่,7,ฝาง,โป่งน้ำร้อน,7,7,56,เพื่อบ้านเมือง,1
50,เชียงใหม่,7,ฝาง,โป่งน้ำร้อน,7,7,57,พลังไทยรักชาติ,0
50,เชียงใหม่,7,ฝาง,ม่อนปิ่น,1,1,1,ไทยทรัพย์ทวี,1
50,เชียงใหม่,7,ฝาง,ม่อนปิ่น,1,1,2,เพื่อชาติไทย,3
50,เชียงใหม่,7,ฝาง,ม่อนปิ่น,1,1,3,ใหม่,0
50,เชียงใหม่,7,ฝาง,ม่อนปิ่น,1,1,4,มิติใหม่,1
50,เชียงใหม่,7,ฝาง,ม่อนปิ่น,1,1,5,รวมใจไทย,6
50,เชียงใหม่,7,ฝาง,ม่อนปิ่น,1,1,6,รวมไทยสร้างชาติ,6
50,เชียงใหม่,7,ฝาง,ม่อนปิ่น,1,1,7,พลวัต,1
50,เชียงใหม่,7,ฝาง,ม่อนปิ่น,1,1,8,ประชาธิปไตยใหม่,3
50,เชียงใหม่,7,ฝาง,ม่อนปิ่น,1,1,9,เพื่อไทย,39
50,เชียงใหม่,7,ฝาง,ม่อนปิ่น,1,1,10,ทางเลือกใหม่,2
50,เชียงใหม่,7,ฝาง,ม่อนปิ่น,1,1,11,เศรษฐกิจ,11
50,เชียงใหม่,7,ฝาง,ม่อนปิ่น,1,1,12,เสรีรวมไทย,0
50,เชียงใหม่,7,ฝาง,ม่อนปิ่น,1,1,13,รวมพลังประชาชน,1
50,เชียงใหม่,7,ฝาง,ม่อนปิ่น,1,1,14,ท้องที่ไทย,0
50,เชียงใหม่,7,ฝาง,ม่อนปิ่น,1,1,15,อนาคตไทย,0
50,เชียงใหม่,7,ฝาง,ม่อนปิ่น,1,1,16,พลังเพื่อไทย,1
50,เชียงใหม่,7,ฝาง,ม่อนปิ่น,1,1,17,ไทยชนะ,0
50,เชียงใหม่,7,ฝาง,ม่อนปิ่น,1,1,18,พลังสังคมใหม่,0
50,เชียงใหม่,7,ฝาง,ม่อนปิ่น,1,1,19,สังคมประชาธิปไตย,0
50,เชียงใหม่,7,ฝาง,ม่อนปิ่น,1,1,20,ฟิวชัน,0
50,เชียงใหม่,7,ฝาง,ม่อนปิ่น,1,1,21,ไทยรวมพลัง,0
50,เชียงใหม่,7,ฝาง,ม่อนปิ่น,1,1,22,ก้าวอิสระ,0
50,เชียงใหม่,7,ฝาง,ม่อนปิ่น,1,1,23,ปวงชนไทย,0
50,เชียงใหม่,7,ฝาง,ม่อนปิ่น,1,1,24,วิชชั่นใหม่,0
50,เชียงใหม่,7,ฝาง,ม่อนปิ่น,1,1,25,เพื่อชีวิตใหม่,0
50,เชียงใหม่,7,ฝาง,ม่อนปิ่น,1,1,26,คลองไทย,0
50,เชียงใหม่,7,ฝาง,ม่อนปิ่น,1,1,27,ประชาธิปัตย์,21
50,เชียงใหม่,7,ฝาง,ม่อนปิ่น,1,1,28,ไทยก้าวหน้า,0
50,เชียงใหม่,7,ฝาง,ม่อนปิ่น,1,1,29,ไทยภักดี,2
50,เชียงใหม่,7,ฝาง,ม่อนปิ่น,1,1,30,แรงงานสร้างชาติ,0
50,เชียงใหม่,7,ฝาง,ม่อนปิ่น,1,1,31,ประชากรไทย,0
50,เชียงใหม่,7,ฝาง,ม่อนปิ่น,1,1,32,ครูไทยเพื่อประชาชน,0
50,เชียงใหม่,7,ฝาง,ม่อนปิ่น,1,1,33,ประชาชาติ,1
50,เชียงใหม่,7,ฝาง,ม่อนปิ่น,1,1,34,สร้างอนาคตไทย,1
50,เชียงใหม่,7,ฝาง,ม่อนปิ่น,1,1,35,รักชาติ,2
50,เชียงใหม่,7,ฝาง,ม่อนปิ่น,1,1,36,ไทยพร้อม,0
50,เชียงใหม่,7,ฝาง,ม่อนปิ่น,1,1,37,ภูมิใจไทย,53
50,เชียงใหม่,7,ฝาง,ม่อนปิ่น,1,1,38,พลังธรรมใหม่,0
50,เชียงใหม่,7,ฝาง,ม่อนปิ่น,1,1,39,กรีน,1
50,เชียงใหม่,7,ฝาง,ม่อนปิ่น,1,1,40,ไทยธรรม,1
50,เชียงใหม่,7,ฝาง,ม่อนปิ่น,1,1,41,แผ่นดินธรรม,2
50,เชียงใหม่,7,ฝาง,ม่อนปิ่น,1,1,42,กล้าธรรม,23
50,เชียงใหม่,7,ฝาง,ม่อนปิ่น,1,1,43,พลังประชารัฐ,2
50,เชียงใหม่,7,ฝาง,ม่อนปิ่น,1,1,44,โอกาสใหม่,7
50,เชียงใหม่,7,ฝาง,ม่อนปิ่น,1,1,45,เป็นธรรม,1
50,เชียงใหม่,7,ฝาง,ม่อนปิ่น,1,1,46,ประชาชน,149
50,เชียงใหม่,7,ฝาง,ม่อนปิ่น,1,1,47,ประชาไทย,2
50,เชียงใหม่,7,ฝาง,ม่อนปิ่น,1,1,48,ไทยสร้างไทย,2
50,เชียงใหม่,7,ฝาง,ม่อนปิ่น,1,1,49,ไทยก้าวใหม่,0
50,เชียงใหม่,7,ฝาง,ม่อนปิ่น,1,1,50,ประชาอาสาชาติ,0
50,เชียงใหม่,7,ฝาง,ม่อนปิ่น,1,1,51,พร้อม,1
50,เชียงใหม่,7,ฝาง,ม่อนปิ่น,1,1,52,เครือข่ายชาวนาแห่งประเทศไทย,0
50,เชียงใหม่,7,ฝาง,ม่อนปิ่น,1,1,53,ไทยพิทักษ์ธรรม,0
50,เชียงใหม่,7,ฝาง,ม่อนปิ่น,1,1,54,ความหวังใหม่,0
50,เชียงใหม่,7,ฝาง,ม่อนปิ่น,1,1,55,ไทยรวมไทย,0
50,เชียงใหม่,7,ฝาง,ม่อนปิ่น,1,1,56,เพื่อบ้านเมือง,0
50,เชียงใหม่,7,ฝาง,ม่อนปิ่น,1,1,57,พลังไทยรักชาติ,0
50,เชียงใหม่,7,ฝาง,ม่อนปิ่น,2,2,1,ไทยทรัพย์ทวี,1
50,เชียงใหม่,7,ฝาง,ม่อนปิ่น,2,2,2,เพื่อชาติไทย,0
50,เชียงใหม่,7,ฝาง,ม่อนปิ่น,2,2,3,ใหม่,0
50,เชียงใหม่,7,ฝาง,ม่อนปิ่น,2,2,4,มิติใหม่,1
50,เชียงใหม่,7,ฝาง,ม่อนปิ่น,2,2,5,รวมใจไทย,4
50,เชียงใหม่,7,ฝาง,ม่อนปิ่น,2,2,6,รวมไทยสร้างชาติ,6
50,เชียงใหม่,7,ฝาง,ม่อนปิ่น,2,2,7,พลวัต,3
50,เชียงใหม่,7,ฝาง,ม่อนปิ่น,2,2,8,ประชาธิปไตยใหม่,1
50,เชียงใหม่,7,ฝาง,ม่อนปิ่น,2,2,9,เพื่อไทย,40
50,เชียงใหม่,7,ฝาง,ม่อนปิ่น,2,2,10,ทางเลือกใหม่,1
50,เชียงใหม่,7,ฝาง,ม่อนปิ่น,2,2,11,เศรษฐกิจ,5
50,เชียงใหม่,7,ฝาง,ม่อนปิ่น,2,2,12,เสรีรวมไทย,3
50,เชียงใหม่,7,ฝาง,ม่อนปิ่น,2,2,13,รวมพลังประชาชน,2
50,เชียงใหม่,7,ฝาง,ม่อนปิ่น,2,2,14,ท้องที่ไทย,0
50,เชียงใหม่,7,ฝาง,ม่อนปิ่น,2,2,15,อนาคตไทย,0
50,เชียงใหม่,7,ฝาง,ม่อนปิ่น,2,2,16,พลังเพื่อไทย,1
50,เชียงใหม่,7,ฝาง,ม่อนปิ่น,2,2,17,ไทยชนะ,0
50,เชียงใหม่,7,ฝาง,ม่อนปิ่น,2,2,18,พลังสังคมใหม่,1
50,เชียงใหม่,7,ฝาง,ม่อนปิ่น,2,2,19,สังคมประชาธิปไตย,0
50,เชียงใหม่,7,ฝาง,ม่อนปิ่น,2,2,20,ฟิวชัน,0
50,เชียงใหม่,7,ฝาง,ม่อนปิ่น,2,2,21,ไทยรวมพลัง,0
50,เชียงใหม่,7,ฝาง,ม่อนปิ่น,2,2,22,ก้าวอิสระ,0
50,เชียงใหม่,7,ฝาง,ม่อนปิ่น,2,2,23,ปวงชนไทย,2
50,เชียงใหม่,7,ฝาง,ม่อนปิ่น,2,2,24,วิชชั่นใหม่,0
50,เชียงใหม่,7,ฝาง,ม่อนปิ่น,2,2,25,เพื่อชีวิตใหม่,0
50,เชียงใหม่,7,ฝาง,ม่อนปิ่น,2,2,26,คลองไทย,0
50,เชียงใหม่,7,ฝาง,ม่อนปิ่น,2,2,27,ประชาธิปัตย์,19
50,เชียงใหม่,7,ฝาง,ม่อนปิ่น,2,2,28,ไทยก้าวหน้า,1
50,เชียงใหม่,7,ฝาง,ม่อนปิ่น,2,2,29,ไทยภักดี,0
50,เชียงใหม่,7,ฝาง,ม่อนปิ่น,2,2,30,แรงงานสร้างชาติ,1
50,เชียงใหม่,7,ฝาง,ม่อนปิ่น,2,2,31,ประชากรไทย,0
50,เชียงใหม่,7,ฝาง,ม่อนปิ่น,2,2,32,ครูไทยเพื่อประชาชน,0
50,เชียงใหม่,7,ฝาง,ม่อนปิ่น,2,2,33,ประชาชาติ,0
50,เชียงใหม่,7,ฝาง,ม่อนปิ่น,2,2,34,สร้างอนาคตไทย,1
50,เชียงใหม่,7,ฝาง,ม่อนปิ่น,2,2,35,รักชาติ,0
50,เชียงใหม่,7,ฝาง,ม่อนปิ่น,2,2,36,ไทยพร้อม,0
50,เชียงใหม่,7,ฝาง,ม่อนปิ่น,2,2,37,ภูมิใจไทย,57
50,เชียงใหม่,7,ฝาง,ม่อนปิ่น,2,2,38,พลังธรรมใหม่,1
50,เชียงใหม่,7,ฝาง,ม่อนปิ่น,2,2,39,กรีน,0
50,เชียงใหม่,7,ฝาง,ม่อนปิ่น,2,2,40,ไทยธรรม,0
50,เชียงใหม่,7,ฝาง,ม่อนปิ่น,2,2,41,แผ่นดินธรรม,0
50,เชียงใหม่,7,ฝาง,ม่อนปิ่น,2,2,42,กล้าธรรม,29
50,เชียงใหม่,7,ฝาง,ม่อนปิ่น,2,2,43,พลังประชารัฐ,7
50,เชียงใหม่,7,ฝาง,ม่อนปิ่น,2,2,44,โอกาสใหม่,4
50,เชียงใหม่,7,ฝาง,ม่อนปิ่น,2,2,45,เป็นธรรม,0
50,เชียงใหม่,7,ฝาง,ม่อนปิ่น,2,2,46,ประชาชน,132
50,เชียงใหม่,7,ฝาง,ม่อนปิ่น,2,2,47,ประชาไทย,1
50,เชียงใหม่,7,ฝาง,ม่อนปิ่น,2,2,48,ไทยสร้างไทย,0
50,เชียงใหม่,7,ฝาง,ม่อนปิ่น,2,2,49,ไทยก้าวใหม่,2
50,เชียงใหม่,7,ฝาง,ม่อนปิ่น,2,2,50,ประชาอาสาชาติ,0
50,เชียงใหม่,7,ฝาง,ม่อนปิ่น,2,2,51,พร้อม,0
50,เชียงใหม่,7,ฝาง,ม่อนปิ่น,2,2,52,เครือข่ายชาวนาแห่งประเทศไทย,0
50,เชียงใหม่,7,ฝาง,ม่อนปิ่น,2,2,53,ไทยพิทักษ์ธรรม,0
50,เชียงใหม่,7,ฝาง,ม่อนปิ่น,2,2,54,ความหวังใหม่,0
50,เชียงใหม่,7,ฝาง,ม่อนปิ่น,2,2,55,ไทยรวมไทย,0
50,เชียงใหม่,7,ฝาง,ม่อนปิ่น,2,2,56,เพื่อบ้านเมือง,1
50,เชียงใหม่,7,ฝาง,ม่อนปิ่น,2,2,57,พลังไทยรักชาติ,0
50,เชียงใหม่,7,ฝาง,ม่อนปิ่น,3,3,1,ไทยทรัพย์ทวี,3
50,เชียงใหม่,7,ฝาง,ม่อนปิ่น,3,3,2,เพื่อชาติไทย,9
50,เชียงใหม่,7,ฝาง,ม่อนปิ่น,3,3,3,ใหม่,1
50,เชียงใหม่,7,ฝาง,ม่อนปิ่น,3,3,4,มิติใหม่,2
50,เชียงใหม่,7,ฝาง,ม่อนปิ่น,3,3,5,รวมใจไทย,19
50,เชียงใหม่,7,ฝาง,ม่อนปิ่น,3,3,6,รวมไทยสร้างชาติ,14
50,เชียงใหม่,7,ฝาง,ม่อนปิ่น,3,3,7,พลวัต,9
50,เชียงใหม่,7,ฝาง,ม่อนปิ่น,3,3,8,ประชาธิปไตยใหม่,0
50,เชียงใหม่,7,ฝาง,ม่อนปิ่น,3,3,9,เพื่อไทย,95
50,เชียงใหม่,7,ฝาง,ม่อนปิ่น,3,3,10,ทางเลือกใหม่,3
50,เชียงใหม่,7,ฝาง,ม่อนปิ่น,3,3,11,เศรษฐกิจ,18
50,เชียงใหม่,7,ฝาง,ม่อนปิ่น,3,3,12,เสรีรวมไทย,3
50,เชียงใหม่,7,ฝาง,ม่อนปิ่น,3,3,13,รวมพลังประชาชน,3
50,เชียงใหม่,7,ฝาง,ม่อนปิ่น,3,3,14,ท้องที่ไทย,0
50,เชียงใหม่,7,ฝาง,ม่อนปิ่น,3,3,15,อนาคตไทย,0
50,เชียงใหม่,7,ฝาง,ม่อนปิ่น,3,3,16,พลังเพื่อไทย,0
50,เชียงใหม่,7,ฝาง,ม่อนปิ่น,3,3,17,ไทยชนะ,0
50,เชียงใหม่,7,ฝาง,ม่อนปิ่น,3,3,18,พลังสังคมใหม่,0
50,เชียงใหม่,7,ฝาง,ม่อนปิ่น,3,3,19,สังคมประชาธิปไตย,1
50,เชียงใหม่,7,ฝาง,ม่อนปิ่น,3,3,20,ฟิวชัน,0
50,เชียงใหม่,7,ฝาง,ม่อนปิ่น,3,3,21,ไทยรวมพลัง,0
50,เชียงใหม่,7,ฝาง,ม่อนปิ่น,3,3,22,ก้าวอิสระ,0
50,เชียงใหม่,7,ฝาง,ม่อนปิ่น,3,3,23,ปวงชนไทย,2
50,เชียงใหม่,7,ฝาง,ม่อนปิ่น,3,3,24,วิชชั่นใหม่,1
50,เชียงใหม่,7,ฝาง,ม่อนปิ่น,3,3,25,เพื่อชีวิตใหม่,0
50,เชียงใหม่,7,ฝาง,ม่อนปิ่น,3,3,26,คลองไทย,0
50,เชียงใหม่,7,ฝาง,ม่อนปิ่น,3,3,27,ประชาธิปัตย์,7
50,เชียงใหม่,7,ฝาง,ม่อนปิ่น,3,3,28,ไทยก้าวหน้า,0
50,เชียงใหม่,7,ฝาง,ม่อนปิ่น,3,3,29,ไทยภักดี,0
50,เชียงใหม่,7,ฝาง,ม่อนปิ่น,3,3,30,แรงงานสร้างชาติ,0
50,เชียงใหม่,7,ฝาง,ม่อนปิ่น,3,3,31,ประชากรไทย,1
50,เชียงใหม่,7,ฝาง,ม่อนปิ่น,3,3,32,ครูไทยเพื่อประชาชน,0
50,เชียงใหม่,7,ฝาง,ม่อนปิ่น,3,3,33,ประชาชาติ,1
50,เชียงใหม่,7,ฝาง,ม่อนปิ่น,3,3,34,สร้างอนาคตไทย,0
50,เชียงใหม่,7,ฝาง,ม่อนปิ่น,3,3,35,รักชาติ,0
50,เชียงใหม่,7,ฝาง,ม่อนปิ่น,3,3,36,ไทยพร้อม,0
50,เชียงใหม่,7,ฝาง,ม่อนปิ่น,3,3,37,ภูมิใจไทย,34
50,เชียงใหม่,7,ฝาง,ม่อนปิ่น,3,3,38,พลังธรรมใหม่,2
50,เชียงใหม่,7,ฝาง,ม่อนปิ่น,3,3,39,กรีน,0
50,เชียงใหม่,7,ฝาง,ม่อนปิ่น,3,3,40,ไทยธรรม,0
50,เชียงใหม่,7,ฝาง,ม่อนปิ่น,3,3,41,แผ่นดินธรรม,0
50,เชียงใหม่,7,ฝาง,ม่อนปิ่น,3,3,42,กล้าธรรม,26
50,เชียงใหม่,7,ฝาง,ม่อนปิ่น,3,3,43,พลังประชารัฐ,5
50,เชียงใหม่,7,ฝาง,ม่อนปิ่น,3,3,44,โอกาสใหม่,2
50,เชียงใหม่,7,ฝาง,ม่อนปิ่น,3,3,45,เป็นธรรม,0
50,เชียงใหม่,7,ฝาง,ม่อนปิ่น,3,3,46,ประชาชน,154
50,เชียงใหม่,7,ฝาง,ม่อนปิ่น,3,3,47,ประชาไทย,1
50,เชียงใหม่,7,ฝาง,ม่อนปิ่น,3,3,48,ไทยสร้างไทย,3
50,เชียงใหม่,7,ฝาง,ม่อนปิ่น,3,3,49,ไทยก้าวใหม่,2
50,เชียงใหม่,7,ฝาง,ม่อนปิ่น,3,3,50,ประชาอาสาชาติ,0
50,เชียงใหม่,7,ฝาง,ม่อนปิ่น,3,3,51,พร้อม,0
50,เชียงใหม่,7,ฝาง,ม่อนปิ่น,3,3,52,เครือข่ายชาวนาแห่งประเทศไทย,1
50,เชียงใหม่,7,ฝาง,ม่อนปิ่น,3,3,53,ไทยพิทักษ์ธรรม,1
50,เชียงใหม่,7,ฝาง,ม่อนปิ่น,3,3,54,ความหวังใหม่,0
50,เชียงใหม่,7,ฝาง,ม่อนปิ่น,3,3,55,ไทยรวมไทย,0
50,เชียงใหม่,7,ฝาง,ม่อนปิ่น,3,3,56,เพื่อบ้านเมือง,0
50,เชียงใหม่,7,ฝาง,ม่อนปิ่น,3,3,57,พลังไทยรักชาติ,0
50,เชียงใหม่,7,ฝาง,ม่อนปิ่น,4,4,1,ไทยทรัพย์ทวี,1
50,เชียงใหม่,7,ฝาง,ม่อนปิ่น,4,4,2,เพื่อชาติไทย,1
50,เชียงใหม่,7,ฝาง,ม่อนปิ่น,4,4,3,ใหม่,0
50,เชียงใหม่,7,ฝาง,ม่อนปิ่น,4,4,4,มิติใหม่,0
50,เชียงใหม่,7,ฝาง,ม่อนปิ่น,4,4,5,รวมใจไทย,1
50,เชียงใหม่,7,ฝาง,ม่อนปิ่น,4,4,6,รวมไทยสร้างชาติ,3
50,เชียงใหม่,7,ฝาง,ม่อนปิ่น,4,4,7,พลวัต,0
50,เชียงใหม่,7,ฝาง,ม่อนปิ่น,4,4,8,ประชาธิปไตยใหม่,0
50,เชียงใหม่,7,ฝาง,ม่อนปิ่น,4,4,9,เพื่อไทย,27
50,เชียงใหม่,7,ฝาง,ม่อนปิ่น,4,4,10,ทางเลือกใหม่,0
50,เชียงใหม่,7,ฝาง,ม่อนปิ่น,4,4,11,เศรษฐกิจ,6
50,เชียงใหม่,7,ฝาง,ม่อนปิ่น,4,4,12,เสรีรวมไทย,0
50,เชียงใหม่,7,ฝาง,ม่อนปิ่น,4,4,13,รวมพลังประชาชน,1
50,เชียงใหม่,7,ฝาง,ม่อนปิ่น,4,4,14,ท้องที่ไทย,0
50,เชียงใหม่,7,ฝาง,ม่อนปิ่น,4,4,15,อนาคตไทย,0
50,เชียงใหม่,7,ฝาง,ม่อนปิ่น,4,4,16,พลังเพื่อไทย,0
50,เชียงใหม่,7,ฝาง,ม่อนปิ่น,4,4,17,ไทยชนะ,1
50,เชียงใหม่,7,ฝาง,ม่อนปิ่น,4,4,18,พลังสังคมใหม่,0
50,เชียงใหม่,7,ฝาง,ม่อนปิ่น,4,4,19,สังคมประชาธิปไตย,0
50,เชียงใหม่,7,ฝาง,ม่อนปิ่น,4,4,20,ฟิวชัน,0
50,เชียงใหม่,7,ฝาง,ม่อนปิ่น,4,4,21,ไทยรวมพลัง,0
50,เชียงใหม่,7,ฝาง,ม่อนปิ่น,4,4,22,ก้าวอิสระ,0
50,เชียงใหม่,7,ฝาง,ม่อนปิ่น,4,4,23,ปวงชนไทย,0
50,เชียงใหม่,7,ฝาง,ม่อนปิ่น,4,4,24,วิชชั่นใหม่,0
50,เชียงใหม่,7,ฝาง,ม่อนปิ่น,4,4,25,เพื่อชีวิตใหม่,0
50,เชียงใหม่,7,ฝาง,ม่อนปิ่น,4,4,26,คลองไทย,0
50,เชียงใหม่,7,ฝาง,ม่อนปิ่น,4,4,27,ประชาธิปัตย์,1
50,เชียงใหม่,7,ฝาง,ม่อนปิ่น,4,4,28,ไทยก้าวหน้า,0
50,เชียงใหม่,7,ฝาง,ม่อนปิ่น,4,4,29,ไทยภักดี,1
50,เชียงใหม่,7,ฝาง,ม่อนปิ่น,4,4,30,แรงงานสร้างชาติ,0
50,เชียงใหม่,7,ฝาง,ม่อนปิ่น,4,4,31,ประชากรไทย,0
50,เชียงใหม่,7,ฝาง,ม่อนปิ่น,4,4,32,ครูไทยเพื่อประชาชน,0
50,เชียงใหม่,7,ฝาง,ม่อนปิ่น,4,4,33,ประชาชาติ,0
50,เชียงใหม่,7,ฝาง,ม่อนปิ่น,4,4,34,สร้างอนาคตไทย,0
50,เชียงใหม่,7,ฝาง,ม่อนปิ่น,4,4,35,รักชาติ,0
50,เชียงใหม่,7,ฝาง,ม่อนปิ่น,4,4,36,ไทยพร้อม,0
50,เชียงใหม่,7,ฝาง,ม่อนปิ่น,4,4,37,ภูมิใจไทย,6
50,เชียงใหม่,7,ฝาง,ม่อนปิ่น,4,4,38,พลังธรรมใหม่,0
50,เชียงใหม่,7,ฝาง,ม่อนปิ่น,4,4,39,กรีน,0
50,เชียงใหม่,7,ฝาง,ม่อนปิ่น,4,4,40,ไทยธรรม,0
50,เชียงใหม่,7,ฝาง,ม่อนปิ่น,4,4,41,แผ่นดินธรรม,0
50,เชียงใหม่,7,ฝาง,ม่อนปิ่น,4,4,42,กล้าธรรม,10
50,เชียงใหม่,7,ฝาง,ม่อนปิ่น,4,4,43,พลังประชารัฐ,2
50,เชียงใหม่,7,ฝาง,ม่อนปิ่น,4,4,44,โอกาสใหม่,1
50,เชียงใหม่,7,ฝาง,ม่อนปิ่น,4,4,45,เป็นธรรม,0
50,เชียงใหม่,7,ฝาง,ม่อนปิ่น,4,4,46,ประชาชน,64
50,เชียงใหม่,7,ฝาง,ม่อนปิ่น,4,4,47,ประชาไทย,0
50,เชียงใหม่,7,ฝาง,ม่อนปิ่น,4,4,48,ไทยสร้างไทย,0
50,เชียงใหม่,7,ฝาง,ม่อนปิ่น,4,4,49,ไทยก้าวใหม่,0
50,เชียงใหม่,7,ฝาง,ม่อนปิ่น,4,4,50,ประชาอาสาชาติ,0
50,เชียงใหม่,7,ฝาง,ม่อนปิ่น,4,4,51,พร้อม,0
50,เชียงใหม่,7,ฝาง,ม่อนปิ่น,4,4,52,เครือข่ายชาวนาแห่งประเทศไทย,0
50,เชียงใหม่,7,ฝาง,ม่อนปิ่น,4,4,53,ไทยพิทักษ์ธรรม,0
50,เชียงใหม่,7,ฝาง,ม่อนปิ่น,4,4,54,ความหวังใหม่,0
50,เชียงใหม่,7,ฝาง,ม่อนปิ่น,4,4,55,ไทยรวมไทย,0
50,เชียงใหม่,7,ฝาง,ม่อนปิ่น,4,4,56,เพื่อบ้านเมือง,0
50,เชียงใหม่,7,ฝาง,ม่อนปิ่น,4,4,57,พลังไทยรักชาติ,0
50,เชียงใหม่,7,ฝาง,ม่อนปิ่น,5,5,1,ไทยทรัพย์ทวี,0
50,เชียงใหม่,7,ฝาง,ม่อนปิ่น,5,5,2,เพื่อชาติไทย,1
50,เชียงใหม่,7,ฝาง,ม่อนปิ่น,5,5,3,ใหม่,1
50,เชียงใหม่,7,ฝาง,ม่อนปิ่น,5,5,4,มิติใหม่,0
50,เชียงใหม่,7,ฝาง,ม่อนปิ่น,5,5,5,รวมใจไทย,6
50,เชียงใหม่,7,ฝาง,ม่อนปิ่น,5,5,6,รวมไทยสร้างชาติ,4
50,เชียงใหม่,7,ฝาง,ม่อนปิ่น,5,5,7,พลวัต,5
50,เชียงใหม่,7,ฝาง,ม่อนปิ่น,5,5,8,ประชาธิปไตยใหม่,0
50,เชียงใหม่,7,ฝาง,ม่อนปิ่น,5,5,9,เพื่อไทย,60
50,เชียงใหม่,7,ฝาง,ม่อนปิ่น,5,5,10,ทางเลือกใหม่,1
50,เชียงใหม่,7,ฝาง,ม่อนปิ่น,5,5,11,เศรษฐกิจ,6
50,เชียงใหม่,7,ฝาง,ม่อนปิ่น,5,5,12,เสรีรวมไทย,0
50,เชียงใหม่,7,ฝาง,ม่อนปิ่น,5,5,13,รวมพลังประชาชน,1
50,เชียงใหม่,7,ฝาง,ม่อนปิ่น,5,5,14,ท้องที่ไทย,0
50,เชียงใหม่,7,ฝาง,ม่อนปิ่น,5,5,15,อนาคตไทย,0
50,เชียงใหม่,7,ฝาง,ม่อนปิ่น,5,5,16,พลังเพื่อไทย,0
50,เชียงใหม่,7,ฝาง,ม่อนปิ่น,5,5,17,ไทยชนะ,3
50,เชียงใหม่,7,ฝาง,ม่อนปิ่น,5,5,18,พลังสังคมใหม่,0
50,เชียงใหม่,7,ฝาง,ม่อนปิ่น,5,5,19,สังคมประชาธิปไตย,0
50,เชียงใหม่,7,ฝาง,ม่อนปิ่น,5,5,20,ฟิวชัน,0
50,เชียงใหม่,7,ฝาง,ม่อนปิ่น,5,5,21,ไทยรวมพลัง,0
50,เชียงใหม่,7,ฝาง,ม่อนปิ่น,5,5,22,ก้าวอิสระ,0
50,เชียงใหม่,7,ฝาง,ม่อนปิ่น,5,5,23,ปวงชนไทย,0
50,เชียงใหม่,7,ฝาง,ม่อนปิ่น,5,5,24,วิชชั่นใหม่,0
50,เชียงใหม่,7,ฝาง,ม่อนปิ่น,5,5,25,เพื่อชีวิตใหม่,0
50,เชียงใหม่,7,ฝาง,ม่อนปิ่น,5,5,26,คลองไทย,0
50,เชียงใหม่,7,ฝาง,ม่อนปิ่น,5,5,27,ประชาธิปัตย์,18
50,เชียงใหม่,7,ฝาง,ม่อนปิ่น,5,5,28,ไทยก้าวหน้า,0
50,เชียงใหม่,7,ฝาง,ม่อนปิ่น,5,5,29,ไทยภักดี,0
50,เชียงใหม่,7,ฝาง,ม่อนปิ่น,5,5,30,แรงงานสร้างชาติ,1
50,เชียงใหม่,7,ฝาง,ม่อนปิ่น,5,5,31,ประชากรไทย,1
50,เชียงใหม่,7,ฝาง,ม่อนปิ่น,5,5,32,ครูไทยเพื่อประชาชน,0
50,เชียงใหม่,7,ฝาง,ม่อนปิ่น,5,5,33,ประชาชาติ,0
50,เชียงใหม่,7,ฝาง,ม่อนปิ่น,5,5,34,สร้างอนาคตไทย,0
50,เชียงใหม่,7,ฝาง,ม่อนปิ่น,5,5,35,รักชาติ,0
50,เชียงใหม่,7,ฝาง,ม่อนปิ่น,5,5,36,ไทยพร้อม,1
50,เชียงใหม่,7,ฝาง,ม่อนปิ่น,5,5,37,ภูมิใจไทย,24
50,เชียงใหม่,7,ฝาง,ม่อนปิ่น,5,5,38,พลังธรรมใหม่,3
50,เชียงใหม่,7,ฝาง,ม่อนปิ่น,5,5,39,กรีน,0
50,เชียงใหม่,7,ฝาง,ม่อนปิ่น,5,5,40,ไทยธรรม,0
50,เชียงใหม่,7,ฝาง,ม่อนปิ่น,5,5,41,แผ่นดินธรรม,0
50,เชียงใหม่,7,ฝาง,ม่อนปิ่น,5,5,42,กล้าธรรม,2
50,เชียงใหม่,7,ฝาง,ม่อนปิ่น,5,5,43,พลังประชารัฐ,7
50,เชียงใหม่,7,ฝาง,ม่อนปิ่น,5,5,44,โอกาสใหม่,5
50,เชียงใหม่,7,ฝาง,ม่อนปิ่น,5,5,45,เป็นธรรม,1
50,เชียงใหม่,7,ฝาง,ม่อนปิ่น,5,5,46,ประชาชน,122
50,เชียงใหม่,7,ฝาง,ม่อนปิ่น,5,5,47,ประชาไทย,1
50,เชียงใหม่,7,ฝาง,ม่อนปิ่น,5,5,48,ไทยสร้างไทย,4
50,เชียงใหม่,7,ฝาง,ม่อนปิ่น,5,5,49,ไทยก้าวใหม่,0
50,เชียงใหม่,7,ฝาง,ม่อนปิ่น,5,5,50,ประชาอาสาชาติ,0
50,เชียงใหม่,7,ฝาง,ม่อนปิ่น,5,5,51,พร้อม,1
50,เชียงใหม่,7,ฝาง,ม่อนปิ่น,5,5,52,เครือข่ายชาวนาแห่งประเทศไทย,0
50,เชียงใหม่,7,ฝาง,ม่อนปิ่น,5,5,53,ไทยพิทักษ์ธรรม,0
50,เชียงใหม่,7,ฝาง,ม่อนปิ่น,5,5,54,ความหวังใหม่,0
50,เชียงใหม่,7,ฝาง,ม่อนปิ่น,5,5,55,ไทยรวมไทย,0
50,เชียงใหม่,7,ฝาง,ม่อนปิ่น,5,5,56,เพื่อบ้านเมือง,0
50,เชียงใหม่,7,ฝาง,ม่อนปิ่น,5,5,57,พลังไทยรักชาติ,0
50,เชียงใหม่,7,ฝาง,ม่อนปิ่น,5,6,1,ไทยทรัพย์ทวี,3
50,เชียงใหม่,7,ฝาง,ม่อนปิ่น,5,6,2,เพื่อชาติไทย,7
50,เชียงใหม่,7,ฝาง,ม่อนปิ่น,5,6,3,ใหม่,0
50,เชียงใหม่,7,ฝาง,ม่อนปิ่น,5,6,4,มิติใหม่,2
50,เชียงใหม่,7,ฝาง,ม่อนปิ่น,5,6,5,รวมใจไทย,7
50,เชียงใหม่,7,ฝาง,ม่อนปิ่น,5,6,6,รวมไทยสร้างชาติ,4
50,เชียงใหม่,7,ฝาง,ม่อนปิ่น,5,6,7,พลวัต,2
50,เชียงใหม่,7,ฝาง,ม่อนปิ่น,5,6,8,ประชาธิปไตยใหม่,1
50,เชียงใหม่,7,ฝาง,ม่อนปิ่น,5,6,9,เพื่อไทย,29
50,เชียงใหม่,7,ฝาง,ม่อนปิ่น,5,6,10,ทางเลือกใหม่,1
50,เชียงใหม่,7,ฝาง,ม่อนปิ่น,5,6,11,เศรษฐกิจ,4
50,เชียงใหม่,7,ฝาง,ม่อนปิ่น,5,6,12,เสรีรวมไทย,0
50,เชียงใหม่,7,ฝาง,ม่อนปิ่น,5,6,13,รวมพลังประชาชน,0
50,เชียงใหม่,7,ฝาง,ม่อนปิ่น,5,6,14,ท้องที่ไทย,0
50,เชียงใหม่,7,ฝาง,ม่อนปิ่น,5,6,15,อนาคตไทย,0
50,เชียงใหม่,7,ฝาง,ม่อนปิ่น,5,6,16,พลังเพื่อไทย,0
50,เชียงใหม่,7,ฝาง,ม่อนปิ่น,5,6,17,ไทยชนะ,0
50,เชียงใหม่,7,ฝาง,ม่อนปิ่น,5,6,18,พลังสังคมใหม่,0
50,เชียงใหม่,7,ฝาง,ม่อนปิ่น,5,6,19,สังคมประชาธิปไตย,0
50,เชียงใหม่,7,ฝาง,ม่อนปิ่น,5,6,20,ฟิวชัน,1
50,เชียงใหม่,7,ฝาง,ม่อนปิ่น,5,6,21,ไทยรวมพลัง,0
50,เชียงใหม่,7,ฝาง,ม่อนปิ่น,5,6,22,ก้าวอิสระ,0
50,เชียงใหม่,7,ฝาง,ม่อนปิ่น,5,6,23,ปวงชนไทย,0
50,เชียงใหม่,7,ฝาง,ม่อนปิ่น,5,6,24,วิชชั่นใหม่,0
50,เชียงใหม่,7,ฝาง,ม่อนปิ่น,5,6,25,เพื่อชีวิตใหม่,0
50,เชียงใหม่,7,ฝาง,ม่อนปิ่น,5,6,26,คลองไทย,0
50,เชียงใหม่,7,ฝาง,ม่อนปิ่น,5,6,27,ประชาธิปัตย์,15
50,เชียงใหม่,7,ฝาง,ม่อนปิ่น,5,6,28,ไทยก้าวหน้า,0
50,เชียงใหม่,7,ฝาง,ม่อนปิ่น,5,6,29,ไทยภักดี,2
50,เชียงใหม่,7,ฝาง,ม่อนปิ่น,5,6,30,แรงงานสร้างชาติ,0
50,เชียงใหม่,7,ฝาง,ม่อนปิ่น,5,6,31,ประชากรไทย,1
50,เชียงใหม่,7,ฝาง,ม่อนปิ่น,5,6,32,ครูไทยเพื่อประชาชน,0
50,เชียงใหม่,7,ฝาง,ม่อนปิ่น,5,6,33,ประชาชาติ,0
50,เชียงใหม่,7,ฝาง,ม่อนปิ่น,5,6,34,สร้างอนาคตไทย,2
50,เชียงใหม่,7,ฝาง,ม่อนปิ่น,5,6,35,รักชาติ,0
50,เชียงใหม่,7,ฝาง,ม่อนปิ่น,5,6,36,ไทยพร้อม,0
50,เชียงใหม่,7,ฝาง,ม่อนปิ่น,5,6,37,ภูมิใจไทย,12
50,เชียงใหม่,7,ฝาง,ม่อนปิ่น,5,6,38,พลังธรรมใหม่,0
50,เชียงใหม่,7,ฝาง,ม่อนปิ่น,5,6,39,กรีน,0
50,เชียงใหม่,7,ฝาง,ม่อนปิ่น,5,6,40,ไทยธรรม,0
50,เชียงใหม่,7,ฝาง,ม่อนปิ่น,5,6,41,แผ่นดินธรรม,0
50,เชียงใหม่,7,ฝาง,ม่อนปิ่น,5,6,42,กล้าธรรม,5
50,เชียงใหม่,7,ฝาง,ม่อนปิ่น,5,6,43,พลังประชารัฐ,0
50,เชียงใหม่,7,ฝาง,ม่อนปิ่น,5,6,44,โอกาสใหม่,1
50,เชียงใหม่,7,ฝาง,ม่อนปิ่น,5,6,45,เป็นธรรม,0
50,เชียงใหม่,7,ฝาง,ม่อนปิ่น,5,6,46,ประชาชน,110
50,เชียงใหม่,7,ฝาง,ม่อนปิ่น,5,6,47,ประชาไทย,0
50,เชียงใหม่,7,ฝาง,ม่อนปิ่น,5,6,48,ไทยสร้างไทย,0
50,เชียงใหม่,7,ฝาง,ม่อนปิ่น,5,6,49,ไทยก้าวใหม่,0
50,เชียงใหม่,7,ฝาง,ม่อนปิ่น,5,6,50,ประชาอาสาชาติ,0
50,เชียงใหม่,7,ฝาง,ม่อนปิ่น,5,6,51,พร้อม,0
50,เชียงใหม่,7,ฝาง,ม่อนปิ่น,5,6,52,เครือข่ายชาวนาแห่งประเทศไทย,0
50,เชียงใหม่,7,ฝาง,ม่อนปิ่น,5,6,53,ไทยพิทักษ์ธรรม,0
50,เชียงใหม่,7,ฝาง,ม่อนปิ่น,5,6,54,ความหวังใหม่,0
50,เชียงใหม่,7,ฝาง,ม่อนปิ่น,5,6,55,ไทยรวมไทย,0
50,เชียงใหม่,7,ฝาง,ม่อนปิ่น,5,6,56,เพื่อบ้านเมือง,0
50,เชียงใหม่,7,ฝาง,ม่อนปิ่น,5,6,57,พลังไทยรักชาติ,0
50,เชียงใหม่,7,ฝาง,ม่อนปิ่น,6,7,1,ไทยทรัพย์ทวี,5
50,เชียงใหม่,7,ฝาง,ม่อนปิ่น,6,7,2,เพื่อชาติไทย,3
50,เชียงใหม่,7,ฝาง,ม่อนปิ่น,6,7,3,ใหม่,1
50,เชียงใหม่,7,ฝาง,ม่อนปิ่น,6,7,4,มิติใหม่,0
50,เชียงใหม่,7,ฝาง,ม่อนปิ่น,6,7,5,รวมใจไทย,8
50,เชียงใหม่,7,ฝาง,ม่อนปิ่น,6,7,6,รวมไทยสร้างชาติ,5
50,เชียงใหม่,7,ฝาง,ม่อนปิ่น,6,7,7,พลวัต,1
50,เชียงใหม่,7,ฝาง,ม่อนปิ่น,6,7,8,ประชาธิปไตยใหม่,0
50,เชียงใหม่,7,ฝาง,ม่อนปิ่น,6,7,9,เพื่อไทย,44
50,เชียงใหม่,7,ฝาง,ม่อนปิ่น,6,7,10,ทางเลือกใหม่,2
50,เชียงใหม่,7,ฝาง,ม่อนปิ่น,6,7,11,เศรษฐกิจ,14
50,เชียงใหม่,7,ฝาง,ม่อนปิ่น,6,7,12,เสรีรวมไทย,2
50,เชียงใหม่,7,ฝาง,ม่อนปิ่น,6,7,13,รวมพลังประชาชน,2
50,เชียงใหม่,7,ฝาง,ม่อนปิ่น,6,7,14,ท้องที่ไทย,0
50,เชียงใหม่,7,ฝาง,ม่อนปิ่น,6,7,15,อนาคตไทย,1
50,เชียงใหม่,7,ฝาง,ม่อนปิ่น,6,7,16,พลังเพื่อไทย,2
50,เชียงใหม่,7,ฝาง,ม่อนปิ่น,6,7,17,ไทยชนะ,0
50,เชียงใหม่,7,ฝาง,ม่อนปิ่น,6,7,18,พลังสังคมใหม่,0
50,เชียงใหม่,7,ฝาง,ม่อนปิ่น,6,7,19,สังคมประชาธิปไตย,0
50,เชียงใหม่,7,ฝาง,ม่อนปิ่น,6,7,20,ฟิวชัน,0
50,เชียงใหม่,7,ฝาง,ม่อนปิ่น,6,7,21,ไทยรวมพลัง,0
50,เชียงใหม่,7,ฝาง,ม่อนปิ่น,6,7,22,ก้าวอิสระ,0
50,เชียงใหม่,7,ฝาง,ม่อนปิ่น,6,7,23,ปวงชนไทย,0
50,เชียงใหม่,7,ฝาง,ม่อนปิ่น,6,7,24,วิชชั่นใหม่,2
50,เชียงใหม่,7,ฝาง,ม่อนปิ่น,6,7,25,เพื่อชีวิตใหม่,0
50,เชียงใหม่,7,ฝาง,ม่อนปิ่น,6,7,26,คลองไทย,0
50,เชียงใหม่,7,ฝาง,ม่อนปิ่น,6,7,27,ประชาธิปัตย์,13
50,เชียงใหม่,7,ฝาง,ม่อนปิ่น,6,7,28,ไทยก้าวหน้า,0
50,เชียงใหม่,7,ฝาง,ม่อนปิ่น,6,7,29,ไทยภักดี,0
50,เชียงใหม่,7,ฝาง,ม่อนปิ่น,6,7,30,แรงงานสร้างชาติ,2
50,เชียงใหม่,7,ฝาง,ม่อนปิ่น,6,7,31,ประชากรไทย,0
50,เชียงใหม่,7,ฝาง,ม่อนปิ่น,6,7,32,ครูไทยเพื่อประชาชน,0
50,เชียงใหม่,7,ฝาง,ม่อนปิ่น,6,7,33,ประชาชาติ,0
50,เชียงใหม่,7,ฝาง,ม่อนปิ่น,6,7,34,สร้างอนาคตไทย,0
50,เชียงใหม่,7,ฝาง,ม่อนปิ่น,6,7,35,รักชาติ,2
50,เชียงใหม่,7,ฝาง,ม่อนปิ่น,6,7,36,ไทยพร้อม,2
50,เชียงใหม่,7,ฝาง,ม่อนปิ่น,6,7,37,ภูมิใจไทย,18
50,เชียงใหม่,7,ฝาง,ม่อนปิ่น,6,7,38,พลังธรรมใหม่,2
50,เชียงใหม่,7,ฝาง,ม่อนปิ่น,6,7,39,กรีน,0
50,เชียงใหม่,7,ฝาง,ม่อนปิ่น,6,7,40,ไทยธรรม,0
50,เชียงใหม่,7,ฝาง,ม่อนปิ่น,6,7,41,แผ่นดินธรรม,0
50,เชียงใหม่,7,ฝาง,ม่อนปิ่น,6,7,42,กล้าธรรม,49
50,เชียงใหม่,7,ฝาง,ม่อนปิ่น,6,7,43,พลังประชารัฐ,3
50,เชียงใหม่,7,ฝาง,ม่อนปิ่น,6,7,44,โอกาสใหม่,0
50,เชียงใหม่,7,ฝาง,ม่อนปิ่น,6,7,45,เป็นธรรม,2
50,เชียงใหม่,7,ฝาง,ม่อนปิ่น,6,7,46,ประชาชน,97
50,เชียงใหม่,7,ฝาง,ม่อนปิ่น,6,7,47,ประชาไทย,1
50,เชียงใหม่,7,ฝาง,ม่อนปิ่น,6,7,48,ไทยสร้างไทย,4
50,เชียงใหม่,7,ฝาง,ม่อนปิ่น,6,7,49,ไทยก้าวใหม่,0
50,เชียงใหม่,7,ฝาง,ม่อนปิ่น,6,7,50,ประชาอาสาชาติ,0
50,เชียงใหม่,7,ฝาง,ม่อนปิ่น,6,7,51,พร้อม,1
50,เชียงใหม่,7,ฝาง,ม่อนปิ่น,6,7,52,เครือข่ายชาวนาแห่งประเทศไทย,0
50,เชียงใหม่,7,ฝาง,ม่อนปิ่น,6,7,53,ไทยพิทักษ์ธรรม,0
50,เชียงใหม่,7,ฝาง,ม่อนปิ่น,6,7,54,ความหวังใหม่,0
50,เชียงใหม่,7,ฝาง,ม่อนปิ่น,6,7,55,ไทยรวมไทย,0
50,เชียงใหม่,7,ฝาง,ม่อนปิ่น,6,7,56,เพื่อบ้านเมือง,0
50,เชียงใหม่,7,ฝาง,ม่อนปิ่น,6,7,57,พลังไทยรักชาติ,0
50,เชียงใหม่,7,ฝาง,ม่อนปิ่น,7,8,1,ไทยทรัพย์ทวี,0
50,เชียงใหม่,7,ฝาง,ม่อนปิ่น,7,8,2,เพื่อชาติไทย,0
50,เชียงใหม่,7,ฝาง,ม่อนปิ่น,7,8,3,ใหม่,0
50,เชียงใหม่,7,ฝาง,ม่อนปิ่น,7,8,4,มิติใหม่,0
50,เชียงใหม่,7,ฝาง,ม่อนปิ่น,7,8,5,รวมใจไทย,12
50,เชียงใหม่,7,ฝาง,ม่อนปิ่น,7,8,6,รวมไทยสร้างชาติ,1
50,เชียงใหม่,7,ฝาง,ม่อนปิ่น,7,8,7,พลวัต,1
50,เชียงใหม่,7,ฝาง,ม่อนปิ่น,7,8,8,ประชาธิปไตยใหม่,1
50,เชียงใหม่,7,ฝาง,ม่อนปิ่น,7,8,9,เพื่อไทย,94
50,เชียงใหม่,7,ฝาง,ม่อนปิ่น,7,8,10,ทางเลือกใหม่,2
50,เชียงใหม่,7,ฝาง,ม่อนปิ่น,7,8,11,เศรษฐกิจ,2
50,เชียงใหม่,7,ฝาง,ม่อนปิ่น,7,8,12,เสรีรวมไทย,0
50,เชียงใหม่,7,ฝาง,ม่อนปิ่น,7,8,13,รวมพลังประชาชน,1
50,เชียงใหม่,7,ฝาง,ม่อนปิ่น,7,8,14,ท้องที่ไทย,0
50,เชียงใหม่,7,ฝาง,ม่อนปิ่น,7,8,15,อนาคตไทย,0
50,เชียงใหม่,7,ฝาง,ม่อนปิ่น,7,8,16,พลังเพื่อไทย,1
50,เชียงใหม่,7,ฝาง,ม่อนปิ่น,7,8,17,ไทยชนะ,0
50,เชียงใหม่,7,ฝาง,ม่อนปิ่น,7,8,18,พลังสังคมใหม่,0
50,เชียงใหม่,7,ฝาง,ม่อนปิ่น,7,8,19,สังคมประชาธิปไตย,0
50,เชียงใหม่,7,ฝาง,ม่อนปิ่น,7,8,20,ฟิวชัน,0
50,เชียงใหม่,7,ฝาง,ม่อนปิ่น,7,8,21,ไทยรวมพลัง,0
50,เชียงใหม่,7,ฝาง,ม่อนปิ่น,7,8,22,ก้าวอิสระ,0
50,เชียงใหม่,7,ฝาง,ม่อนปิ่น,7,8,23,ปวงชนไทย,0
50,เชียงใหม่,7,ฝาง,ม่อนปิ่น,7,8,24,วิชชั่นใหม่,0
50,เชียงใหม่,7,ฝาง,ม่อนปิ่น,7,8,25,เพื่อชีวิตใหม่,0
50,เชียงใหม่,7,ฝาง,ม่อนปิ่น,7,8,26,คลองไทย,0
50,เชียงใหม่,7,ฝาง,ม่อนปิ่น,7,8,27,ประชาธิปัตย์,2
50,เชียงใหม่,7,ฝาง,ม่อนปิ่น,7,8,28,ไทยก้าวหน้า,0
50,เชียงใหม่,7,ฝาง,ม่อนปิ่น,7,8,29,ไทยภักดี,0
50,เชียงใหม่,7,ฝาง,ม่อนปิ่น,7,8,30,แรงงานสร้างชาติ,0
50,เชียงใหม่,7,ฝาง,ม่อนปิ่น,7,8,31,ประชากรไทย,0
50,เชียงใหม่,7,ฝาง,ม่อนปิ่น,7,8,32,ครูไทยเพื่อประชาชน,0
50,เชียงใหม่,7,ฝาง,ม่อนปิ่น,7,8,33,ประชาชาติ,0
50,เชียงใหม่,7,ฝาง,ม่อนปิ่น,7,8,34,สร้างอนาคตไทย,2
50,เชียงใหม่,7,ฝาง,ม่อนปิ่น,7,8,35,รักชาติ,0
50,เชียงใหม่,7,ฝาง,ม่อนปิ่น,7,8,36,ไทยพร้อม,0
50,เชียงใหม่,7,ฝาง,ม่อนปิ่น,7,8,37,ภูมิใจไทย,5
50,เชียงใหม่,7,ฝาง,ม่อนปิ่น,7,8,38,พลังธรรมใหม่,3
50,เชียงใหม่,7,ฝาง,ม่อนปิ่น,7,8,39,กรีน,0
50,เชียงใหม่,7,ฝาง,ม่อนปิ่น,7,8,40,ไทยธรรม,0
50,เชียงใหม่,7,ฝาง,ม่อนปิ่น,7,8,41,แผ่นดินธรรม,0
50,เชียงใหม่,7,ฝาง,ม่อนปิ่น,7,8,42,กล้าธรรม,6
50,เชียงใหม่,7,ฝาง,ม่อนปิ่น,7,8,43,พลังประชารัฐ,3
50,เชียงใหม่,7,ฝาง,ม่อนปิ่น,7,8,44,โอกาสใหม่,0
50,เชียงใหม่,7,ฝาง,ม่อนปิ่น,7,8,45,เป็นธรรม,0
50,เชียงใหม่,7,ฝาง,ม่อนปิ่น,7,8,46,ประชาชน,65
50,เชียงใหม่,7,ฝาง,ม่อนปิ่น,7,8,47,ประชาไทย,0
50,เชียงใหม่,7,ฝาง,ม่อนปิ่น,7,8,48,ไทยสร้างไทย,0
50,เชียงใหม่,7,ฝาง,ม่อนปิ่น,7,8,49,ไทยก้าวใหม่,0
50,เชียงใหม่,7,ฝาง,ม่อนปิ่น,7,8,50,ประชาอาสาชาติ,0
50,เชียงใหม่,7,ฝาง,ม่อนปิ่น,7,8,51,พร้อม,1
50,เชียงใหม่,7,ฝาง,ม่อนปิ่น,7,8,52,เครือข่ายชาวนาแห่งประเทศไทย,0
50,เชียงใหม่,7,ฝาง,ม่อนปิ่น,7,8,53,ไทยพิทักษ์ธรรม,0
50,เชียงใหม่,7,ฝาง,ม่อนปิ่น,7,8,54,ความหวังใหม่,0
50,เชียงใหม่,7,ฝาง,ม่อนปิ่น,7,8,55,ไทยรวมไทย,0
50,เชียงใหม่,7,ฝาง,ม่อนปิ่น,7,8,56,เพื่อบ้านเมือง,0
50,เชียงใหม่,7,ฝาง,ม่อนปิ่น,7,8,57,พลังไทยรักชาติ,1
50,เชียงใหม่,7,ฝาง,ม่อนปิ่น,8,9,1,ไทยทรัพย์ทวี,3
50,เชียงใหม่,7,ฝาง,ม่อนปิ่น,8,9,2,เพื่อชาติไทย,5
50,เชียงใหม่,7,ฝาง,ม่อนปิ่น,8,9,3,ใหม่,1
50,เชียงใหม่,7,ฝาง,ม่อนปิ่น,8,9,4,มิติใหม่,0
50,เชียงใหม่,7,ฝาง,ม่อนปิ่น,8,9,5,รวมใจไทย,8
50,เชียงใหม่,7,ฝาง,ม่อนปิ่น,8,9,6,รวมไทยสร้างชาติ,3
50,เชียงใหม่,7,ฝาง,ม่อนปิ่น,8,9,7,พลวัต,1
50,เชียงใหม่,7,ฝาง,ม่อนปิ่น,8,9,8,ประชาธิปไตยใหม่,1
50,เชียงใหม่,7,ฝาง,ม่อนปิ่น,8,9,9,เพื่อไทย,50
50,เชียงใหม่,7,ฝาง,ม่อนปิ่น,8,9,10,ทางเลือกใหม่,0
50,เชียงใหม่,7,ฝาง,ม่อนปิ่น,8,9,11,เศรษฐกิจ,5
50,เชียงใหม่,7,ฝาง,ม่อนปิ่น,8,9,12,เสรีรวมไทย,1
50,เชียงใหม่,7,ฝาง,ม่อนปิ่น,8,9,13,รวมพลังประชาชน,4
50,เชียงใหม่,7,ฝาง,ม่อนปิ่น,8,9,14,ท้องที่ไทย,0
50,เชียงใหม่,7,ฝาง,ม่อนปิ่น,8,9,15,อนาคตไทย,0
50,เชียงใหม่,7,ฝาง,ม่อนปิ่น,8,9,16,พลังเพื่อไทย,0
50,เชียงใหม่,7,ฝาง,ม่อนปิ่น,8,9,17,ไทยชนะ,0
50,เชียงใหม่,7,ฝาง,ม่อนปิ่น,8,9,18,พลังสังคมใหม่,0
50,เชียงใหม่,7,ฝาง,ม่อนปิ่น,8,9,19,สังคมประชาธิปไตย,0
50,เชียงใหม่,7,ฝาง,ม่อนปิ่น,8,9,20,ฟิวชัน,0
50,เชียงใหม่,7,ฝาง,ม่อนปิ่น,8,9,21,ไทยรวมพลัง,0
50,เชียงใหม่,7,ฝาง,ม่อนปิ่น,8,9,22,ก้าวอิสระ,0
50,เชียงใหม่,7,ฝาง,ม่อนปิ่น,8,9,23,ปวงชนไทย,0
50,เชียงใหม่,7,ฝาง,ม่อนปิ่น,8,9,24,วิชชั่นใหม่,0
50,เชียงใหม่,7,ฝาง,ม่อนปิ่น,8,9,25,เพื่อชีวิตใหม่,0
50,เชียงใหม่,7,ฝาง,ม่อนปิ่น,8,9,26,คลองไทย,1
50,เชียงใหม่,7,ฝาง,ม่อนปิ่น,8,9,27,ประชาธิปัตย์,11
50,เชียงใหม่,7,ฝาง,ม่อนปิ่น,8,9,28,ไทยก้าวหน้า,0
50,เชียงใหม่,7,ฝาง,ม่อนปิ่น,8,9,29,ไทยภักดี,2
50,เชียงใหม่,7,ฝาง,ม่อนปิ่น,8,9,30,แรงงานสร้างชาติ,0
50,เชียงใหม่,7,ฝาง,ม่อนปิ่น,8,9,31,ประชากรไทย,1
50,เชียงใหม่,7,ฝาง,ม่อนปิ่น,8,9,32,ครูไทยเพื่อประชาชน,1
50,เชียงใหม่,7,ฝาง,ม่อนปิ่น,8,9,33,ประชาชาติ,0
50,เชียงใหม่,7,ฝาง,ม่อนปิ่น,8,9,34,สร้างอนาคตไทย,0
50,เชียงใหม่,7,ฝาง,ม่อนปิ่น,8,9,35,รักชาติ,0
50,เชียงใหม่,7,ฝาง,ม่อนปิ่น,8,9,36,ไทยพร้อม,1
50,เชียงใหม่,7,ฝาง,ม่อนปิ่น,8,9,37,ภูมิใจไทย,19
50,เชียงใหม่,7,ฝาง,ม่อนปิ่น,8,9,38,พลังธรรมใหม่,0
50,เชียงใหม่,7,ฝาง,ม่อนปิ่น,8,9,39,กรีน,0
50,เชียงใหม่,7,ฝาง,ม่อนปิ่น,8,9,40,ไทยธรรม,0
50,เชียงใหม่,7,ฝาง,ม่อนปิ่น,8,9,41,แผ่นดินธรรม,0
50,เชียงใหม่,7,ฝาง,ม่อนปิ่น,8,9,42,กล้าธรรม,25
50,เชียงใหม่,7,ฝาง,ม่อนปิ่น,8,9,43,พลังประชารัฐ,3
50,เชียงใหม่,7,ฝาง,ม่อนปิ่น,8,9,44,โอกาสใหม่,0
50,เชียงใหม่,7,ฝาง,ม่อนปิ่น,8,9,45,เป็นธรรม,0
50,เชียงใหม่,7,ฝาง,ม่อนปิ่น,8,9,46,ประชาชน,117
50,เชียงใหม่,7,ฝาง,ม่อนปิ่น,8,9,47,ประชาไทย,0
50,เชียงใหม่,7,ฝาง,ม่อนปิ่น,8,9,48,ไทยสร้างไทย,2
50,เชียงใหม่,7,ฝาง,ม่อนปิ่น,8,9,49,ไทยก้าวใหม่,0
50,เชียงใหม่,7,ฝาง,ม่อนปิ่น,8,9,50,ประชาอาสาชาติ,0
50,เชียงใหม่,7,ฝาง,ม่อนปิ่น,8,9,51,พร้อม,0
50,เชียงใหม่,7,ฝาง,ม่อนปิ่น,8,9,52,เครือข่ายชาวนาแห่งประเทศไทย,0
50,เชียงใหม่,7,ฝาง,ม่อนปิ่น,8,9,53,ไทยพิทักษ์ธรรม,0
50,เชียงใหม่,7,ฝาง,ม่อนปิ่น,8,9,54,ความหวังใหม่,0
50,เชียงใหม่,7,ฝาง,ม่อนปิ่น,8,9,55,ไทยรวมไทย,0
50,เชียงใหม่,7,ฝาง,ม่อนปิ่น,8,9,56,เพื่อบ้านเมือง,0
50,เชียงใหม่,7,ฝาง,ม่อนปิ่น,8,9,57,พลังไทยรักชาติ,1
50,เชียงใหม่,7,ฝาง,ม่อนปิ่น,9,10,1,ไทยทรัพย์ทวี,1
50,เชียงใหม่,7,ฝาง,ม่อนปิ่น,9,10,2,เพื่อชาติไทย,5
50,เชียงใหม่,7,ฝาง,ม่อนปิ่น,9,10,3,ใหม่,0
50,เชียงใหม่,7,ฝาง,ม่อนปิ่น,9,10,4,มิติใหม่,0
50,เชียงใหม่,7,ฝาง,ม่อนปิ่น,9,10,5,รวมใจไทย,4
50,เชียงใหม่,7,ฝาง,ม่อนปิ่น,9,10,6,รวมไทยสร้างชาติ,4
50,เชียงใหม่,7,ฝาง,ม่อนปิ่น,9,10,7,พลวัต,3
50,เชียงใหม่,7,ฝาง,ม่อนปิ่น,9,10,8,ประชาธิปไตยใหม่,1
50,เชียงใหม่,7,ฝาง,ม่อนปิ่น,9,10,9,เพื่อไทย,58
50,เชียงใหม่,7,ฝาง,ม่อนปิ่น,9,10,10,ทางเลือกใหม่,2
50,เชียงใหม่,7,ฝาง,ม่อนปิ่น,9,10,11,เศรษฐกิจ,10
50,เชียงใหม่,7,ฝาง,ม่อนปิ่น,9,10,12,เสรีรวมไทย,0
50,เชียงใหม่,7,ฝาง,ม่อนปิ่น,9,10,13,รวมพลังประชาชน,3
50,เชียงใหม่,7,ฝาง,ม่อนปิ่น,9,10,14,ท้องที่ไทย,0
50,เชียงใหม่,7,ฝาง,ม่อนปิ่น,9,10,15,อนาคตไทย,0
50,เชียงใหม่,7,ฝาง,ม่อนปิ่น,9,10,16,พลังเพื่อไทย,1
50,เชียงใหม่,7,ฝาง,ม่อนปิ่น,9,10,17,ไทยชนะ,0
50,เชียงใหม่,7,ฝาง,ม่อนปิ่น,9,10,18,พลังสังคมใหม่,0
50,เชียงใหม่,7,ฝาง,ม่อนปิ่น,9,10,19,สังคมประชาธิปไตย,0
50,เชียงใหม่,7,ฝาง,ม่อนปิ่น,9,10,20,ฟิวชัน,0
50,เชียงใหม่,7,ฝาง,ม่อนปิ่น,9,10,21,ไทยรวมพลัง,0
50,เชียงใหม่,7,ฝาง,ม่อนปิ่น,9,10,22,ก้าวอิสระ,1
50,เชียงใหม่,7,ฝาง,ม่อนปิ่น,9,10,23,ปวงชนไทย,0
50,เชียงใหม่,7,ฝาง,ม่อนปิ่น,9,10,24,วิชชั่นใหม่,1
50,เชียงใหม่,7,ฝาง,ม่อนปิ่น,9,10,25,เพื่อชีวิตใหม่,0
50,เชียงใหม่,7,ฝาง,ม่อนปิ่น,9,10,26,คลองไทย,0
50,เชียงใหม่,7,ฝาง,ม่อนปิ่น,9,10,27,ประชาธิปัตย์,10
50,เชียงใหม่,7,ฝาง,ม่อนปิ่น,9,10,28,ไทยก้าวหน้า,0
50,เชียงใหม่,7,ฝาง,ม่อนปิ่น,9,10,29,ไทยภักดี,0
50,เชียงใหม่,7,ฝาง,ม่อนปิ่น,9,10,30,แรงงานสร้างชาติ,1
50,เชียงใหม่,7,ฝาง,ม่อนปิ่น,9,10,31,ประชากรไทย,0
50,เชียงใหม่,7,ฝาง,ม่อนปิ่น,9,10,32,ครูไทยเพื่อประชาชน,2
50,เชียงใหม่,7,ฝาง,ม่อนปิ่น,9,10,33,ประชาชาติ,0
50,เชียงใหม่,7,ฝาง,ม่อนปิ่น,9,10,34,สร้างอนาคตไทย,0
50,เชียงใหม่,7,ฝาง,ม่อนปิ่น,9,10,35,รักชาติ,0
50,เชียงใหม่,7,ฝาง,ม่อนปิ่น,9,10,36,ไทยพร้อม,0
50,เชียงใหม่,7,ฝาง,ม่อนปิ่น,9,10,37,ภูมิใจไทย,25
50,เชียงใหม่,7,ฝาง,ม่อนปิ่น,9,10,38,พลังธรรมใหม่,1
50,เชียงใหม่,7,ฝาง,ม่อนปิ่น,9,10,39,กรีน,0
50,เชียงใหม่,7,ฝาง,ม่อนปิ่น,9,10,40,ไทยธรรม,0
50,เชียงใหม่,7,ฝาง,ม่อนปิ่น,9,10,41,แผ่นดินธรรม,0
50,เชียงใหม่,7,ฝาง,ม่อนปิ่น,9,10,42,กล้าธรรม,8
50,เชียงใหม่,7,ฝาง,ม่อนปิ่น,9,10,43,พลังประชารัฐ,2
50,เชียงใหม่,7,ฝาง,ม่อนปิ่น,9,10,44,โอกาสใหม่,2
50,เชียงใหม่,7,ฝาง,ม่อนปิ่น,9,10,45,เป็นธรรม,0
50,เชียงใหม่,7,ฝาง,ม่อนปิ่น,9,10,46,ประชาชน,129
50,เชียงใหม่,7,ฝาง,ม่อนปิ่น,9,10,47,ประชาไทย,2
50,เชียงใหม่,7,ฝาง,ม่อนปิ่น,9,10,48,ไทยสร้างไทย,1
50,เชียงใหม่,7,ฝาง,ม่อนปิ่น,9,10,49,ไทยก้าวใหม่,0
50,เชียงใหม่,7,ฝาง,ม่อนปิ่น,9,10,50,ประชาอาสาชาติ,0
50,เชียงใหม่,7,ฝาง,ม่อนปิ่น,9,10,51,พร้อม,0
50,เชียงใหม่,7,ฝาง,ม่อนปิ่น,9,10,52,เครือข่ายชาวนาแห่งประเทศไทย,0
50,เชียงใหม่,7,ฝาง,ม่อนปิ่น,9,10,53,ไทยพิทักษ์ธรรม,0
50,เชียงใหม่,7,ฝาง,ม่อนปิ่น,9,10,54,ความหวังใหม่,0
50,เชียงใหม่,7,ฝาง,ม่อนปิ่น,9,10,55,ไทยรวมไทย,0
50,เชียงใหม่,7,ฝาง,ม่อนปิ่น,9,10,56,เพื่อบ้านเมือง,0
50,เชียงใหม่,7,ฝาง,ม่อนปิ่น,9,10,57,พลังไทยรักชาติ,0
50,เชียงใหม่,7,ฝาง,ม่อนปิ่น,9,11,1,ไทยทรัพย์ทวี,2
50,เชียงใหม่,7,ฝาง,ม่อนปิ่น,9,11,2,เพื่อชาติไทย,4
50,เชียงใหม่,7,ฝาง,ม่อนปิ่น,9,11,3,ใหม่,1
50,เชียงใหม่,7,ฝาง,ม่อนปิ่น,9,11,4,มิติใหม่,0
50,เชียงใหม่,7,ฝาง,ม่อนปิ่น,9,11,5,รวมใจไทย,1
50,เชียงใหม่,7,ฝาง,ม่อนปิ่น,9,11,6,รวมไทยสร้างชาติ,1
50,เชียงใหม่,7,ฝาง,ม่อนปิ่น,9,11,7,พลวัต,4
50,เชียงใหม่,7,ฝาง,ม่อนปิ่น,9,11,8,ประชาธิปไตยใหม่,1
50,เชียงใหม่,7,ฝาง,ม่อนปิ่น,9,11,9,เพื่อไทย,39
50,เชียงใหม่,7,ฝาง,ม่อนปิ่น,9,11,10,ทางเลือกใหม่,0
50,เชียงใหม่,7,ฝาง,ม่อนปิ่น,9,11,11,เศรษฐกิจ,8
50,เชียงใหม่,7,ฝาง,ม่อนปิ่น,9,11,12,เสรีรวมไทย,1
50,เชียงใหม่,7,ฝาง,ม่อนปิ่น,9,11,13,รวมพลังประชาชน,4
50,เชียงใหม่,7,ฝาง,ม่อนปิ่น,9,11,14,ท้องที่ไทย,0
50,เชียงใหม่,7,ฝาง,ม่อนปิ่น,9,11,15,อนาคตไทย,0
50,เชียงใหม่,7,ฝาง,ม่อนปิ่น,9,11,16,พลังเพื่อไทย,0
50,เชียงใหม่,7,ฝาง,ม่อนปิ่น,9,11,17,ไทยชนะ,0
50,เชียงใหม่,7,ฝาง,ม่อนปิ่น,9,11,18,พลังสังคมใหม่,0
50,เชียงใหม่,7,ฝาง,ม่อนปิ่น,9,11,19,สังคมประชาธิปไตย,0
50,เชียงใหม่,7,ฝาง,ม่อนปิ่น,9,11,20,ฟิวชัน,0
50,เชียงใหม่,7,ฝาง,ม่อนปิ่น,9,11,21,ไทยรวมพลัง,0
50,เชียงใหม่,7,ฝาง,ม่อนปิ่น,9,11,22,ก้าวอิสระ,0
50,เชียงใหม่,7,ฝาง,ม่อนปิ่น,9,11,23,ปวงชนไทย,0
50,เชียงใหม่,7,ฝาง,ม่อนปิ่น,9,11,24,วิชชั่นใหม่,1
50,เชียงใหม่,7,ฝาง,ม่อนปิ่น,9,11,25,เพื่อชีวิตใหม่,0
50,เชียงใหม่,7,ฝาง,ม่อนปิ่น,9,11,26,คลองไทย,0
50,เชียงใหม่,7,ฝาง,ม่อนปิ่น,9,11,27,ประชาธิปัตย์,3
50,เชียงใหม่,7,ฝาง,ม่อนปิ่น,9,11,28,ไทยก้าวหน้า,0
50,เชียงใหม่,7,ฝาง,ม่อนปิ่น,9,11,29,ไทยภักดี,0
50,เชียงใหม่,7,ฝาง,ม่อนปิ่น,9,11,30,แรงงานสร้างชาติ,0
50,เชียงใหม่,7,ฝาง,ม่อนปิ่น,9,11,31,ประชากรไทย,2
50,เชียงใหม่,7,ฝาง,ม่อนปิ่น,9,11,32,ครูไทยเพื่อประชาชน,0
50,เชียงใหม่,7,ฝาง,ม่อนปิ่น,9,11,33,ประชาชาติ,1
50,เชียงใหม่,7,ฝาง,ม่อนปิ่น,9,11,34,สร้างอนาคตไทย,0
50,เชียงใหม่,7,ฝาง,ม่อนปิ่น,9,11,35,รักชาติ,0
50,เชียงใหม่,7,ฝาง,ม่อนปิ่น,9,11,36,ไทยพร้อม,0
50,เชียงใหม่,7,ฝาง,ม่อนปิ่น,9,11,37,ภูมิใจไทย,19
50,เชียงใหม่,7,ฝาง,ม่อนปิ่น,9,11,38,พลังธรรมใหม่,0
50,เชียงใหม่,7,ฝาง,ม่อนปิ่น,9,11,39,กรีน,0
50,เชียงใหม่,7,ฝาง,ม่อนปิ่น,9,11,40,ไทยธรรม,0
50,เชียงใหม่,7,ฝาง,ม่อนปิ่น,9,11,41,แผ่นดินธรรม,1
50,เชียงใหม่,7,ฝาง,ม่อนปิ่น,9,11,42,กล้าธรรม,10
50,เชียงใหม่,7,ฝาง,ม่อนปิ่น,9,11,43,พลังประชารัฐ,0
50,เชียงใหม่,7,ฝาง,ม่อนปิ่น,9,11,44,โอกาสใหม่,0
50,เชียงใหม่,7,ฝาง,ม่อนปิ่น,9,11,45,เป็นธรรม,0
50,เชียงใหม่,7,ฝาง,ม่อนปิ่น,9,11,46,ประชาชน,158
50,เชียงใหม่,7,ฝาง,ม่อนปิ่น,9,11,47,ประชาไทย,0
50,เชียงใหม่,7,ฝาง,ม่อนปิ่น,9,11,48,ไทยสร้างไทย,1
50,เชียงใหม่,7,ฝาง,ม่อนปิ่น,9,11,49,ไทยก้าวใหม่,0
50,เชียงใหม่,7,ฝาง,ม่อนปิ่น,9,11,50,ประชาอาสาชาติ,0
50,เชียงใหม่,7,ฝาง,ม่อนปิ่น,9,11,51,พร้อม,0
50,เชียงใหม่,7,ฝาง,ม่อนปิ่น,9,11,52,เครือข่ายชาวนาแห่งประเทศไทย,0
50,เชียงใหม่,7,ฝาง,ม่อนปิ่น,9,11,53,ไทยพิทักษ์ธรรม,0
50,เชียงใหม่,7,ฝาง,ม่อนปิ่น,9,11,54,ความหวังใหม่,0
50,เชียงใหม่,7,ฝาง,ม่อนปิ่น,9,11,55,ไทยรวมไทย,0
50,เชียงใหม่,7,ฝาง,ม่อนปิ่น,9,11,56,เพื่อบ้านเมือง,0
50,เชียงใหม่,7,ฝาง,ม่อนปิ่น,9,11,57,พลังไทยรักชาติ,0
50,เชียงใหม่,7,ฝาง,ม่อนปิ่น,10,12,1,ไทยทรัพย์ทวี,2
50,เชียงใหม่,7,ฝาง,ม่อนปิ่น,10,12,2,เพื่อชาติไทย,1
50,เชียงใหม่,7,ฝาง,ม่อนปิ่น,10,12,3,ใหม่,1
50,เชียงใหม่,7,ฝาง,ม่อนปิ่น,10,12,4,มิติใหม่,0
50,เชียงใหม่,7,ฝาง,ม่อนปิ่น,10,12,5,รวมใจไทย,8
50,เชียงใหม่,7,ฝาง,ม่อนปิ่น,10,12,6,รวมไทยสร้างชาติ,7
50,เชียงใหม่,7,ฝาง,ม่อนปิ่น,10,12,7,พลวัต,3
50,เชียงใหม่,7,ฝาง,ม่อนปิ่น,10,12,8,ประชาธิปไตยใหม่,4
50,เชียงใหม่,7,ฝาง,ม่อนปิ่น,10,12,9,เพื่อไทย,94
50,เชียงใหม่,7,ฝาง,ม่อนปิ่น,10,12,10,ทางเลือกใหม่,1
50,เชียงใหม่,7,ฝาง,ม่อนปิ่น,10,12,11,เศรษฐกิจ,7
50,เชียงใหม่,7,ฝาง,ม่อนปิ่น,10,12,12,เสรีรวมไทย,1
50,เชียงใหม่,7,ฝาง,ม่อนปิ่น,10,12,13,รวมพลังประชาชน,4
50,เชียงใหม่,7,ฝาง,ม่อนปิ่น,10,12,14,ท้องที่ไทย,0
50,เชียงใหม่,7,ฝาง,ม่อนปิ่น,10,12,15,อนาคตไทย,1
50,เชียงใหม่,7,ฝาง,ม่อนปิ่น,10,12,16,พลังเพื่อไทย,0
50,เชียงใหม่,7,ฝาง,ม่อนปิ่น,10,12,17,ไทยชนะ,0
50,เชียงใหม่,7,ฝาง,ม่อนปิ่น,10,12,18,พลังสังคมใหม่,0
50,เชียงใหม่,7,ฝาง,ม่อนปิ่น,10,12,19,สังคมประชาธิปไตย,0
50,เชียงใหม่,7,ฝาง,ม่อนปิ่น,10,12,20,ฟิวชัน,0
50,เชียงใหม่,7,ฝาง,ม่อนปิ่น,10,12,21,ไทยรวมพลัง,0
50,เชียงใหม่,7,ฝาง,ม่อนปิ่น,10,12,22,ก้าวอิสระ,1
50,เชียงใหม่,7,ฝาง,ม่อนปิ่น,10,12,23,ปวงชนไทย,1
50,เชียงใหม่,7,ฝาง,ม่อนปิ่น,10,12,24,วิชชั่นใหม่,0
50,เชียงใหม่,7,ฝาง,ม่อนปิ่น,10,12,25,เพื่อชีวิตใหม่,1
50,เชียงใหม่,7,ฝาง,ม่อนปิ่น,10,12,26,คลองไทย,0
50,เชียงใหม่,7,ฝาง,ม่อนปิ่น,10,12,27,ประชาธิปัตย์,4
50,เชียงใหม่,7,ฝาง,ม่อนปิ่น,10,12,28,ไทยก้าวหน้า,0
50,เชียงใหม่,7,ฝาง,ม่อนปิ่น,10,12,29,ไทยภักดี,1
50,เชียงใหม่,7,ฝาง,ม่อนปิ่น,10,12,30,แรงงานสร้างชาติ,0
50,เชียงใหม่,7,ฝาง,ม่อนปิ่น,10,12,31,ประชากรไทย,1
50,เชียงใหม่,7,ฝาง,ม่อนปิ่น,10,12,32,ครูไทยเพื่อประชาชน,0
50,เชียงใหม่,7,ฝาง,ม่อนปิ่น,10,12,33,ประชาชาติ,1
50,เชียงใหม่,7,ฝาง,ม่อนปิ่น,10,12,34,สร้างอนาคตไทย,0
50,เชียงใหม่,7,ฝาง,ม่อนปิ่น,10,12,35,รักชาติ,1
50,เชียงใหม่,7,ฝาง,ม่อนปิ่น,10,12,36,ไทยพร้อม,0
50,เชียงใหม่,7,ฝาง,ม่อนปิ่น,10,12,37,ภูมิใจไทย,13
50,เชียงใหม่,7,ฝาง,ม่อนปิ่น,10,12,38,พลังธรรมใหม่,1
50,เชียงใหม่,7,ฝาง,ม่อนปิ่น,10,12,39,กรีน,0
50,เชียงใหม่,7,ฝาง,ม่อนปิ่น,10,12,40,ไทยธรรม,0
50,เชียงใหม่,7,ฝาง,ม่อนปิ่น,10,12,41,แผ่นดินธรรม,0
50,เชียงใหม่,7,ฝาง,ม่อนปิ่น,10,12,42,กล้าธรรม,16
50,เชียงใหม่,7,ฝาง,ม่อนปิ่น,10,12,43,พลังประชารัฐ,4
50,เชียงใหม่,7,ฝาง,ม่อนปิ่น,10,12,44,โอกาสใหม่,2
50,เชียงใหม่,7,ฝาง,ม่อนปิ่น,10,12,45,เป็นธรรม,0
50,เชียงใหม่,7,ฝาง,ม่อนปิ่น,10,12,46,ประชาชน,92
50,เชียงใหม่,7,ฝาง,ม่อนปิ่น,10,12,47,ประชาไทย,0
50,เชียงใหม่,7,ฝาง,ม่อนปิ่น,10,12,48,ไทยสร้างไทย,2
50,เชียงใหม่,7,ฝาง,ม่อนปิ่น,10,12,49,ไทยก้าวใหม่,1
50,เชียงใหม่,7,ฝาง,ม่อนปิ่น,10,12,50,ประชาอาสาชาติ,0
50,เชียงใหม่,7,ฝาง,ม่อนปิ่น,10,12,51,พร้อม,0
50,เชียงใหม่,7,ฝาง,ม่อนปิ่น,10,12,52,เครือข่ายชาวนาแห่งประเทศไทย,0
50,เชียงใหม่,7,ฝาง,ม่อนปิ่น,10,12,53,ไทยพิทักษ์ธรรม,0
50,เชียงใหม่,7,ฝาง,ม่อนปิ่น,10,12,54,ความหวังใหม่,0
50,เชียงใหม่,7,ฝาง,ม่อนปิ่น,10,12,55,ไทยรวมไทย,0
50,เชียงใหม่,7,ฝาง,ม่อนปิ่น,10,12,56,เพื่อบ้านเมือง,0
50,เชียงใหม่,7,ฝาง,ม่อนปิ่น,10,12,57,พลังไทยรักชาติ,0
50,เชียงใหม่,7,ฝาง,ม่อนปิ่น,10,13,1,ไทยทรัพย์ทวี,10
50,เชียงใหม่,7,ฝาง,ม่อนปิ่น,10,13,2,เพื่อชาติไทย,6
50,เชียงใหม่,7,ฝาง,ม่อนปิ่น,10,13,3,ใหม่,2
50,เชียงใหม่,7,ฝาง,ม่อนปิ่น,10,13,4,มิติใหม่,3
50,เชียงใหม่,7,ฝาง,ม่อนปิ่น,10,13,5,รวมใจไทย,7
50,เชียงใหม่,7,ฝาง,ม่อนปิ่น,10,13,6,รวมไทยสร้างชาติ,17
50,เชียงใหม่,7,ฝาง,ม่อนปิ่น,10,13,7,พลวัต,14
50,เชียงใหม่,7,ฝาง,ม่อนปิ่น,10,13,8,ประชาธิปไตยใหม่,5
50,เชียงใหม่,7,ฝาง,ม่อนปิ่น,10,13,9,เพื่อไทย,76
50,เชียงใหม่,7,ฝาง,ม่อนปิ่น,10,13,10,ทางเลือกใหม่,1
50,เชียงใหม่,7,ฝาง,ม่อนปิ่น,10,13,11,เศรษฐกิจ,9
50,เชียงใหม่,7,ฝาง,ม่อนปิ่น,10,13,12,เสรีรวมไทย,1
50,เชียงใหม่,7,ฝาง,ม่อนปิ่น,10,13,13,รวมพลังประชาชน,2
50,เชียงใหม่,7,ฝาง,ม่อนปิ่น,10,13,14,ท้องที่ไทย,1
50,เชียงใหม่,7,ฝาง,ม่อนปิ่น,10,13,15,อนาคตไทย,0
50,เชียงใหม่,7,ฝาง,ม่อนปิ่น,10,13,16,พลังเพื่อไทย,0
50,เชียงใหม่,7,ฝาง,ม่อนปิ่น,10,13,17,ไทยชนะ,0
50,เชียงใหม่,7,ฝาง,ม่อนปิ่น,10,13,18,พลังสังคมใหม่,1
50,เชียงใหม่,7,ฝาง,ม่อนปิ่น,10,13,19,สังคมประชาธิปไตย,0
50,เชียงใหม่,7,ฝาง,ม่อนปิ่น,10,13,20,ฟิวชัน,2
50,เชียงใหม่,7,ฝาง,ม่อนปิ่น,10,13,21,ไทยรวมพลัง,0
50,เชียงใหม่,7,ฝาง,ม่อนปิ่น,10,13,22,ก้าวอิสระ,3
50,เชียงใหม่,7,ฝาง,ม่อนปิ่น,10,13,23,ปวงชนไทย,5
50,เชียงใหม่,7,ฝาง,ม่อนปิ่น,10,13,24,วิชชั่นใหม่,0
50,เชียงใหม่,7,ฝาง,ม่อนปิ่น,10,13,25,เพื่อชีวิตใหม่,1
50,เชียงใหม่,7,ฝาง,ม่อนปิ่น,10,13,26,คลองไทย,1
50,เชียงใหม่,7,ฝาง,ม่อนปิ่น,10,13,27,ประชาธิปัตย์,5
50,เชียงใหม่,7,ฝาง,ม่อนปิ่น,10,13,28,ไทยก้าวหน้า,3
50,เชียงใหม่,7,ฝาง,ม่อนปิ่น,10,13,29,ไทยภักดี,1
50,เชียงใหม่,7,ฝาง,ม่อนปิ่น,10,13,30,แรงงานสร้างชาติ,0
50,เชียงใหม่,7,ฝาง,ม่อนปิ่น,10,13,31,ประชากรไทย,0
50,เชียงใหม่,7,ฝาง,ม่อนปิ่น,10,13,32,ครูไทยเพื่อประชาชน,0
50,เชียงใหม่,7,ฝาง,ม่อนปิ่น,10,13,33,ประชาชาติ,0
50,เชียงใหม่,7,ฝาง,ม่อนปิ่น,10,13,34,สร้างอนาคตไทย,1
50,เชียงใหม่,7,ฝาง,ม่อนปิ่น,10,13,35,รักชาติ,1
50,เชียงใหม่,7,ฝาง,ม่อนปิ่น,10,13,36,ไทยพร้อม,2
50,เชียงใหม่,7,ฝาง,ม่อนปิ่น,10,13,37,ภูมิใจไทย,21
50,เชียงใหม่,7,ฝาง,ม่อนปิ่น,10,13,38,พลังธรรมใหม่,2
50,เชียงใหม่,7,ฝาง,ม่อนปิ่น,10,13,39,กรีน,0
50,เชียงใหม่,7,ฝาง,ม่อนปิ่น,10,13,40,ไทยธรรม,0
50,เชียงใหม่,7,ฝาง,ม่อนปิ่น,10,13,41,แผ่นดินธรรม,0
50,เชียงใหม่,7,ฝาง,ม่อนปิ่น,10,13,42,กล้าธรรม,12
50,เชียงใหม่,7,ฝาง,ม่อนปิ่น,10,13,43,พลังประชารัฐ,29
50,เชียงใหม่,7,ฝาง,ม่อนปิ่น,10,13,44,โอกาสใหม่,0
50,เชียงใหม่,7,ฝาง,ม่อนปิ่น,10,13,45,เป็นธรรม,1
50,เชียงใหม่,7,ฝาง,ม่อนปิ่น,10,13,46,ประชาชน,76
50,เชียงใหม่,7,ฝาง,ม่อนปิ่น,10,13,47,ประชาไทย,0
50,เชียงใหม่,7,ฝาง,ม่อนปิ่น,10,13,48,ไทยสร้างไทย,1
50,เชียงใหม่,7,ฝาง,ม่อนปิ่น,10,13,49,ไทยก้าวใหม่,1
50,เชียงใหม่,7,ฝาง,ม่อนปิ่น,10,13,50,ประชาอาสาชาติ,0
50,เชียงใหม่,7,ฝาง,ม่อนปิ่น,10,13,51,พร้อม,1
50,เชียงใหม่,7,ฝาง,ม่อนปิ่น,10,13,52,เครือข่ายชาวนาแห่งประเทศไทย,0
50,เชียงใหม่,7,ฝาง,ม่อนปิ่น,10,13,53,ไทยพิทักษ์ธรรม,0
50,เชียงใหม่,7,ฝาง,ม่อนปิ่น,10,13,54,ความหวังใหม่,0
50,เชียงใหม่,7,ฝาง,ม่อนปิ่น,10,13,55,ไทยรวมไทย,0
50,เชียงใหม่,7,ฝาง,ม่อนปิ่น,10,13,56,เพื่อบ้านเมือง,0
50,เชียงใหม่,7,ฝาง,ม่อนปิ่น,10,13,57,พลังไทยรักชาติ,0
50,เชียงใหม่,7,ฝาง,ม่อนปิ่น,11,14,1,ไทยทรัพย์ทวี,1
50,เชียงใหม่,7,ฝาง,ม่อนปิ่น,11,14,2,เพื่อชาติไทย,11
50,เชียงใหม่,7,ฝาง,ม่อนปิ่น,11,14,3,ใหม่,1
50,เชียงใหม่,7,ฝาง,ม่อนปิ่น,11,14,4,มิติใหม่,4
50,เชียงใหม่,7,ฝาง,ม่อนปิ่น,11,14,5,รวมใจไทย,18
50,เชียงใหม่,7,ฝาง,ม่อนปิ่น,11,14,6,รวมไทยสร้างชาติ,11
50,เชียงใหม่,7,ฝาง,ม่อนปิ่น,11,14,7,พลวัต,20
50,เชียงใหม่,7,ฝาง,ม่อนปิ่น,11,14,8,ประชาธิปไตยใหม่,5
50,เชียงใหม่,7,ฝาง,ม่อนปิ่น,11,14,9,เพื่อไทย,212
50,เชียงใหม่,7,ฝาง,ม่อนปิ่น,11,14,10,ทางเลือกใหม่,3
50,เชียงใหม่,7,ฝาง,ม่อนปิ่น,11,14,11,เศรษฐกิจ,5
50,เชียงใหม่,7,ฝาง,ม่อนปิ่น,11,14,12,เสรีรวมไทย,3
50,เชียงใหม่,7,ฝาง,ม่อนปิ่น,11,14,13,รวมพลังประชาชน,4
50,เชียงใหม่,7,ฝาง,ม่อนปิ่น,11,14,14,ท้องที่ไทย,0
50,เชียงใหม่,7,ฝาง,ม่อนปิ่น,11,14,15,อนาคตไทย,1
50,เชียงใหม่,7,ฝาง,ม่อนปิ่น,11,14,16,พลังเพื่อไทย,2
50,เชียงใหม่,7,ฝาง,ม่อนปิ่น,11,14,17,ไทยชนะ,0
50,เชียงใหม่,7,ฝาง,ม่อนปิ่น,11,14,18,พลังสังคมใหม่,0
50,เชียงใหม่,7,ฝาง,ม่อนปิ่น,11,14,19,สังคมประชาธิปไตย,2
50,เชียงใหม่,7,ฝาง,ม่อนปิ่น,11,14,20,ฟิวชัน,1
50,เชียงใหม่,7,ฝาง,ม่อนปิ่น,11,14,21,ไทยรวมพลัง,0
50,เชียงใหม่,7,ฝาง,ม่อนปิ่น,11,14,22,ก้าวอิสระ,0
50,เชียงใหม่,7,ฝาง,ม่อนปิ่น,11,14,23,ปวงชนไทย,3
50,เชียงใหม่,7,ฝาง,ม่อนปิ่น,11,14,24,วิชชั่นใหม่,7
50,เชียงใหม่,7,ฝาง,ม่อนปิ่น,11,14,25,เพื่อชีวิตใหม่,0
50,เชียงใหม่,7,ฝาง,ม่อนปิ่น,11,14,26,คลองไทย,0
50,เชียงใหม่,7,ฝาง,ม่อนปิ่น,11,14,27,ประชาธิปัตย์,2
50,เชียงใหม่,7,ฝาง,ม่อนปิ่น,11,14,28,ไทยก้าวหน้า,0
50,เชียงใหม่,7,ฝาง,ม่อนปิ่น,11,14,29,ไทยภักดี,0
50,เชียงใหม่,7,ฝาง,ม่อนปิ่น,11,14,30,แรงงานสร้างชาติ,1
50,เชียงใหม่,7,ฝาง,ม่อนปิ่น,11,14,31,ประชากรไทย,2
50,เชียงใหม่,7,ฝาง,ม่อนปิ่น,11,14,32,ครูไทยเพื่อประชาชน,0
50,เชียงใหม่,7,ฝาง,ม่อนปิ่น,11,14,33,ประชาชาติ,1
50,เชียงใหม่,7,ฝาง,ม่อนปิ่น,11,14,34,สร้างอนาคตไทย,3
50,เชียงใหม่,7,ฝาง,ม่อนปิ่น,11,14,35,รักชาติ,3
50,เชียงใหม่,7,ฝาง,ม่อนปิ่น,11,14,36,ไทยพร้อม,1
50,เชียงใหม่,7,ฝาง,ม่อนปิ่น,11,14,37,ภูมิใจไทย,14
50,เชียงใหม่,7,ฝาง,ม่อนปิ่น,11,14,38,พลังธรรมใหม่,3
50,เชียงใหม่,7,ฝาง,ม่อนปิ่น,11,14,39,กรีน,1
50,เชียงใหม่,7,ฝาง,ม่อนปิ่น,11,14,40,ไทยธรรม,0
50,เชียงใหม่,7,ฝาง,ม่อนปิ่น,11,14,41,แผ่นดินธรรม,0
50,เชียงใหม่,7,ฝาง,ม่อนปิ่น,11,14,42,กล้าธรรม,15
50,เชียงใหม่,7,ฝาง,ม่อนปิ่น,11,14,43,พลังประชารัฐ,4
50,เชียงใหม่,7,ฝาง,ม่อนปิ่น,11,14,44,โอกาสใหม่,0
50,เชียงใหม่,7,ฝาง,ม่อนปิ่น,11,14,45,เป็นธรรม,1
50,เชียงใหม่,7,ฝาง,ม่อนปิ่น,11,14,46,ประชาชน,33
50,เชียงใหม่,7,ฝาง,ม่อนปิ่น,11,14,47,ประชาไทย,2
50,เชียงใหม่,7,ฝาง,ม่อนปิ่น,11,14,48,ไทยสร้างไทย,0
50,เชียงใหม่,7,ฝาง,ม่อนปิ่น,11,14,49,ไทยก้าวใหม่,1
50,เชียงใหม่,7,ฝาง,ม่อนปิ่น,11,14,50,ประชาอาสาชาติ,2
50,เชียงใหม่,7,ฝาง,ม่อนปิ่น,11,14,51,พร้อม,0
50,เชียงใหม่,7,ฝาง,ม่อนปิ่น,11,14,52,เครือข่ายชาวนาแห่งประเทศไทย,0
50,เชียงใหม่,7,ฝาง,ม่อนปิ่น,11,14,53,ไทยพิทักษ์ธรรม,0
50,เชียงใหม่,7,ฝาง,ม่อนปิ่น,11,14,54,ความหวังใหม่,0
50,เชียงใหม่,7,ฝาง,ม่อนปิ่น,11,14,55,ไทยรวมไทย,0
50,เชียงใหม่,7,ฝาง,ม่อนปิ่น,11,14,56,เพื่อบ้านเมือง,0
50,เชียงใหม่,7,ฝาง,ม่อนปิ่น,11,14,57,พลังไทยรักชาติ,0
50,เชียงใหม่,7,ฝาง,ม่อนปิ่น,12,15,1,ไทยทรัพย์ทวี,3
50,เชียงใหม่,7,ฝาง,ม่อนปิ่น,12,15,2,เพื่อชาติไทย,0
50,เชียงใหม่,7,ฝาง,ม่อนปิ่น,12,15,3,ใหม่,0
50,เชียงใหม่,7,ฝาง,ม่อนปิ่น,12,15,4,มิติใหม่,0
50,เชียงใหม่,7,ฝาง,ม่อนปิ่น,12,15,5,รวมใจไทย,3
50,เชียงใหม่,7,ฝาง,ม่อนปิ่น,12,15,6,รวมไทยสร้างชาติ,2
50,เชียงใหม่,7,ฝาง,ม่อนปิ่น,12,15,7,พลวัต,0
50,เชียงใหม่,7,ฝาง,ม่อนปิ่น,12,15,8,ประชาธิปไตยใหม่,1
50,เชียงใหม่,7,ฝาง,ม่อนปิ่น,12,15,9,เพื่อไทย,68
50,เชียงใหม่,7,ฝาง,ม่อนปิ่น,12,15,10,ทางเลือกใหม่,0
50,เชียงใหม่,7,ฝาง,ม่อนปิ่น,12,15,11,เศรษฐกิจ,16
50,เชียงใหม่,7,ฝาง,ม่อนปิ่น,12,15,12,เสรีรวมไทย,2
50,เชียงใหม่,7,ฝาง,ม่อนปิ่น,12,15,13,รวมพลังประชาชน,0
50,เชียงใหม่,7,ฝาง,ม่อนปิ่น,12,15,14,ท้องที่ไทย,0
50,เชียงใหม่,7,ฝาง,ม่อนปิ่น,12,15,15,อนาคตไทย,1
50,เชียงใหม่,7,ฝาง,ม่อนปิ่น,12,15,16,พลังเพื่อไทย,1
50,เชียงใหม่,7,ฝาง,ม่อนปิ่น,12,15,17,ไทยชนะ,0
50,เชียงใหม่,7,ฝาง,ม่อนปิ่น,12,15,18,พลังสังคมใหม่,1
50,เชียงใหม่,7,ฝาง,ม่อนปิ่น,12,15,19,สังคมประชาธิปไตย,0
50,เชียงใหม่,7,ฝาง,ม่อนปิ่น,12,15,20,ฟิวชัน,0
50,เชียงใหม่,7,ฝาง,ม่อนปิ่น,12,15,21,ไทยรวมพลัง,0
50,เชียงใหม่,7,ฝาง,ม่อนปิ่น,12,15,22,ก้าวอิสระ,0
50,เชียงใหม่,7,ฝาง,ม่อนปิ่น,12,15,23,ปวงชนไทย,0
50,เชียงใหม่,7,ฝาง,ม่อนปิ่น,12,15,24,วิชชั่นใหม่,1
50,เชียงใหม่,7,ฝาง,ม่อนปิ่น,12,15,25,เพื่อชีวิตใหม่,0
50,เชียงใหม่,7,ฝาง,ม่อนปิ่น,12,15,26,คลองไทย,0
50,เชียงใหม่,7,ฝาง,ม่อนปิ่น,12,15,27,ประชาธิปัตย์,27
50,เชียงใหม่,7,ฝาง,ม่อนปิ่น,12,15,28,ไทยก้าวหน้า,1
50,เชียงใหม่,7,ฝาง,ม่อนปิ่น,12,15,29,ไทยภักดี,0
50,เชียงใหม่,7,ฝาง,ม่อนปิ่น,12,15,30,แรงงานสร้างชาติ,0
50,เชียงใหม่,7,ฝาง,ม่อนปิ่น,12,15,31,ประชากรไทย,1
50,เชียงใหม่,7,ฝาง,ม่อนปิ่น,12,15,32,ครูไทยเพื่อประชาชน,0
50,เชียงใหม่,7,ฝาง,ม่อนปิ่น,12,15,33,ประชาชาติ,0
50,เชียงใหม่,7,ฝาง,ม่อนปิ่น,12,15,34,สร้างอนาคตไทย,1
50,เชียงใหม่,7,ฝาง,ม่อนปิ่น,12,15,35,รักชาติ,0
50,เชียงใหม่,7,ฝาง,ม่อนปิ่น,12,15,36,ไทยพร้อม,0
50,เชียงใหม่,7,ฝาง,ม่อนปิ่น,12,15,37,ภูมิใจไทย,17
50,เชียงใหม่,7,ฝาง,ม่อนปิ่น,12,15,38,พลังธรรมใหม่,1
50,เชียงใหม่,7,ฝาง,ม่อนปิ่น,12,15,39,กรีน,0
50,เชียงใหม่,7,ฝาง,ม่อนปิ่น,12,15,40,ไทยธรรม,0
50,เชียงใหม่,7,ฝาง,ม่อนปิ่น,12,15,41,แผ่นดินธรรม,0
50,เชียงใหม่,7,ฝาง,ม่อนปิ่น,12,15,42,กล้าธรรม,34
50,เชียงใหม่,7,ฝาง,ม่อนปิ่น,12,15,43,พลังประชารัฐ,4
50,เชียงใหม่,7,ฝาง,ม่อนปิ่น,12,15,44,โอกาสใหม่,24
50,เชียงใหม่,7,ฝาง,ม่อนปิ่น,12,15,45,เป็นธรรม,1
50,เชียงใหม่,7,ฝาง,ม่อนปิ่น,12,15,46,ประชาชน,114
50,เชียงใหม่,7,ฝาง,ม่อนปิ่น,12,15,47,ประชาไทย,1
50,เชียงใหม่,7,ฝาง,ม่อนปิ่น,12,15,48,ไทยสร้างไทย,1
50,เชียงใหม่,7,ฝาง,ม่อนปิ่น,12,15,49,ไทยก้าวใหม่,0
50,เชียงใหม่,7,ฝาง,ม่อนปิ่น,12,15,50,ประชาอาสาชาติ,0
50,เชียงใหม่,7,ฝาง,ม่อนปิ่น,12,15,51,พร้อม,2
50,เชียงใหม่,7,ฝาง,ม่อนปิ่น,12,15,52,เครือข่ายชาวนาแห่งประเทศไทย,0
50,เชียงใหม่,7,ฝาง,ม่อนปิ่น,12,15,53,ไทยพิทักษ์ธรรม,0
50,เชียงใหม่,7,ฝาง,ม่อนปิ่น,12,15,54,ความหวังใหม่,0
50,เชียงใหม่,7,ฝาง,ม่อนปิ่น,12,15,55,ไทยรวมไทย,0
50,เชียงใหม่,7,ฝาง,ม่อนปิ่น,12,15,56,เพื่อบ้านเมือง,0
50,เชียงใหม่,7,ฝาง,ม่อนปิ่น,12,15,57,พลังไทยรักชาติ,0
50,เชียงใหม่,7,ฝาง,ม่อนปิ่น,13,16,1,ไทยทรัพย์ทวี,0
50,เชียงใหม่,7,ฝาง,ม่อนปิ่น,13,16,2,เพื่อชาติไทย,2
50,เชียงใหม่,7,ฝาง,ม่อนปิ่น,13,16,3,ใหม่,2
50,เชียงใหม่,7,ฝาง,ม่อนปิ่น,13,16,4,มิติใหม่,0
50,เชียงใหม่,7,ฝาง,ม่อนปิ่น,13,16,5,รวมใจไทย,5
50,เชียงใหม่,7,ฝาง,ม่อนปิ่น,13,16,6,รวมไทยสร้างชาติ,3
50,เชียงใหม่,7,ฝาง,ม่อนปิ่น,13,16,7,พลวัต,0
50,เชียงใหม่,7,ฝาง,ม่อนปิ่น,13,16,8,ประชาธิปไตยใหม่,3
50,เชียงใหม่,7,ฝาง,ม่อนปิ่น,13,16,9,เพื่อไทย,33
50,เชียงใหม่,7,ฝาง,ม่อนปิ่น,13,16,10,ทางเลือกใหม่,1
50,เชียงใหม่,7,ฝาง,ม่อนปิ่น,13,16,11,เศรษฐกิจ,15
50,เชียงใหม่,7,ฝาง,ม่อนปิ่น,13,16,12,เสรีรวมไทย,1
50,เชียงใหม่,7,ฝาง,ม่อนปิ่น,13,16,13,รวมพลังประชาชน,0
50,เชียงใหม่,7,ฝาง,ม่อนปิ่น,13,16,14,ท้องที่ไทย,1
50,เชียงใหม่,7,ฝาง,ม่อนปิ่น,13,16,15,อนาคตไทย,0
50,เชียงใหม่,7,ฝาง,ม่อนปิ่น,13,16,16,พลังเพื่อไทย,0
50,เชียงใหม่,7,ฝาง,ม่อนปิ่น,13,16,17,ไทยชนะ,1
50,เชียงใหม่,7,ฝาง,ม่อนปิ่น,13,16,18,พลังสังคมใหม่,0
50,เชียงใหม่,7,ฝาง,ม่อนปิ่น,13,16,19,สังคมประชาธิปไตย,0
50,เชียงใหม่,7,ฝาง,ม่อนปิ่น,13,16,20,ฟิวชัน,0
50,เชียงใหม่,7,ฝาง,ม่อนปิ่น,13,16,21,ไทยรวมพลัง,0
50,เชียงใหม่,7,ฝาง,ม่อนปิ่น,13,16,22,ก้าวอิสระ,0
50,เชียงใหม่,7,ฝาง,ม่อนปิ่น,13,16,23,ปวงชนไทย,0
50,เชียงใหม่,7,ฝาง,ม่อนปิ่น,13,16,24,วิชชั่นใหม่,0
50,เชียงใหม่,7,ฝาง,ม่อนปิ่น,13,16,25,เพื่อชีวิตใหม่,0
50,เชียงใหม่,7,ฝาง,ม่อนปิ่น,13,16,26,คลองไทย,0
50,เชียงใหม่,7,ฝาง,ม่อนปิ่น,13,16,27,ประชาธิปัตย์,8
50,เชียงใหม่,7,ฝาง,ม่อนปิ่น,13,16,28,ไทยก้าวหน้า,1
50,เชียงใหม่,7,ฝาง,ม่อนปิ่น,13,16,29,ไทยภักดี,0
50,เชียงใหม่,7,ฝาง,ม่อนปิ่น,13,16,30,แรงงานสร้างชาติ,0
50,เชียงใหม่,7,ฝาง,ม่อนปิ่น,13,16,31,ประชากรไทย,1
50,เชียงใหม่,7,ฝาง,ม่อนปิ่น,13,16,32,ครูไทยเพื่อประชาชน,0
50,เชียงใหม่,7,ฝาง,ม่อนปิ่น,13,16,33,ประชาชาติ,0
50,เชียงใหม่,7,ฝาง,ม่อนปิ่น,13,16,34,สร้างอนาคตไทย,1
50,เชียงใหม่,7,ฝาง,ม่อนปิ่น,13,16,35,รักชาติ,0
50,เชียงใหม่,7,ฝาง,ม่อนปิ่น,13,16,36,ไทยพร้อม,0
50,เชียงใหม่,7,ฝาง,ม่อนปิ่น,13,16,37,ภูมิใจไทย,11
50,เชียงใหม่,7,ฝาง,ม่อนปิ่น,13,16,38,พลังธรรมใหม่,0
50,เชียงใหม่,7,ฝาง,ม่อนปิ่น,13,16,39,กรีน,0
50,เชียงใหม่,7,ฝาง,ม่อนปิ่น,13,16,40,ไทยธรรม,0
50,เชียงใหม่,7,ฝาง,ม่อนปิ่น,13,16,41,แผ่นดินธรรม,0
50,เชียงใหม่,7,ฝาง,ม่อนปิ่น,13,16,42,กล้าธรรม,13
50,เชียงใหม่,7,ฝาง,ม่อนปิ่น,13,16,43,พลังประชารัฐ,2
50,เชียงใหม่,7,ฝาง,ม่อนปิ่น,13,16,44,โอกาสใหม่,1
50,เชียงใหม่,7,ฝาง,ม่อนปิ่น,13,16,45,เป็นธรรม,0
50,เชียงใหม่,7,ฝาง,ม่อนปิ่น,13,16,46,ประชาชน,75
50,เชียงใหม่,7,ฝาง,ม่อนปิ่น,13,16,47,ประชาไทย,0
50,เชียงใหม่,7,ฝาง,ม่อนปิ่น,13,16,48,ไทยสร้างไทย,0
50,เชียงใหม่,7,ฝาง,ม่อนปิ่น,13,16,49,ไทยก้าวใหม่,0
50,เชียงใหม่,7,ฝาง,ม่อนปิ่น,13,16,50,ประชาอาสาชาติ,0
50,เชียงใหม่,7,ฝาง,ม่อนปิ่น,13,16,51,พร้อม,0
50,เชียงใหม่,7,ฝาง,ม่อนปิ่น,13,16,52,เครือข่ายชาวนาแห่งประเทศไทย,0
50,เชียงใหม่,7,ฝาง,ม่อนปิ่น,13,16,53,ไทยพิทักษ์ธรรม,0
50,เชียงใหม่,7,ฝาง,ม่อนปิ่น,13,16,54,ความหวังใหม่,0
50,เชียงใหม่,7,ฝาง,ม่อนปิ่น,13,16,55,ไทยรวมไทย,0
50,เชียงใหม่,7,ฝาง,ม่อนปิ่น,13,16,56,เพื่อบ้านเมือง,0
50,เชียงใหม่,7,ฝาง,ม่อนปิ่น,13,16,57,พลังไทยรักชาติ,0
50,เชียงใหม่,7,ฝาง,ม่อนปิ่น,14,17,1,ไทยทรัพย์ทวี,4
50,เชียงใหม่,7,ฝาง,ม่อนปิ่น,14,17,2,เพื่อชาติไทย,9
50,เชียงใหม่,7,ฝาง,ม่อนปิ่น,14,17,3,ใหม่,1
50,เชียงใหม่,7,ฝาง,ม่อนปิ่น,14,17,4,มิติใหม่,2
50,เชียงใหม่,7,ฝาง,ม่อนปิ่น,14,17,5,รวมใจไทย,26
50,เชียงใหม่,7,ฝาง,ม่อนปิ่น,14,17,6,รวมไทยสร้างชาติ,31
50,เชียงใหม่,7,ฝาง,ม่อนปิ่น,14,17,7,พลวัต,10
50,เชียงใหม่,7,ฝาง,ม่อนปิ่น,14,17,8,ประชาธิปไตยใหม่,2
50,เชียงใหม่,7,ฝาง,ม่อนปิ่น,14,17,9,เพื่อไทย,81
50,เชียงใหม่,7,ฝาง,ม่อนปิ่น,14,17,10,ทางเลือกใหม่,3
50,เชียงใหม่,7,ฝาง,ม่อนปิ่น,14,17,11,เศรษฐกิจ,5
50,เชียงใหม่,7,ฝาง,ม่อนปิ่น,14,17,12,เสรีรวมไทย,0
50,เชียงใหม่,7,ฝาง,ม่อนปิ่น,14,17,13,รวมพลังประชาชน,4
50,เชียงใหม่,7,ฝาง,ม่อนปิ่น,14,17,14,ท้องที่ไทย,2
50,เชียงใหม่,7,ฝาง,ม่อนปิ่น,14,17,15,อนาคตไทย,4
50,เชียงใหม่,7,ฝาง,ม่อนปิ่น,14,17,16,พลังเพื่อไทย,1
50,เชียงใหม่,7,ฝาง,ม่อนปิ่น,14,17,17,ไทยชนะ,2
50,เชียงใหม่,7,ฝาง,ม่อนปิ่น,14,17,18,พลังสังคมใหม่,0
50,เชียงใหม่,7,ฝาง,ม่อนปิ่น,14,17,19,สังคมประชาธิปไตย,0
50,เชียงใหม่,7,ฝาง,ม่อนปิ่น,14,17,20,ฟิวชัน,1
50,เชียงใหม่,7,ฝาง,ม่อนปิ่น,14,17,21,ไทยรวมพลัง,0
50,เชียงใหม่,7,ฝาง,ม่อนปิ่น,14,17,22,ก้าวอิสระ,0
50,เชียงใหม่,7,ฝาง,ม่อนปิ่น,14,17,23,ปวงชนไทย,1
50,เชียงใหม่,7,ฝาง,ม่อนปิ่น,14,17,24,วิชชั่นใหม่,1
50,เชียงใหม่,7,ฝาง,ม่อนปิ่น,14,17,25,เพื่อชีวิตใหม่,1
50,เชียงใหม่,7,ฝาง,ม่อนปิ่น,14,17,26,คลองไทย,4
50,เชียงใหม่,7,ฝาง,ม่อนปิ่น,14,17,27,ประชาธิปัตย์,52
50,เชียงใหม่,7,ฝาง,ม่อนปิ่น,14,17,28,ไทยก้าวหน้า,0
50,เชียงใหม่,7,ฝาง,ม่อนปิ่น,14,17,29,ไทยภักดี,2
50,เชียงใหม่,7,ฝาง,ม่อนปิ่น,14,17,30,แรงงานสร้างชาติ,0
50,เชียงใหม่,7,ฝาง,ม่อนปิ่น,14,17,31,ประชากรไทย,1
50,เชียงใหม่,7,ฝาง,ม่อนปิ่น,14,17,32,ครูไทยเพื่อประชาชน,2
50,เชียงใหม่,7,ฝาง,ม่อนปิ่น,14,17,33,ประชาชาติ,0
50,เชียงใหม่,7,ฝาง,ม่อนปิ่น,14,17,34,สร้างอนาคตไทย,3
50,เชียงใหม่,7,ฝาง,ม่อนปิ่น,14,17,35,รักชาติ,5
50,เชียงใหม่,7,ฝาง,ม่อนปิ่น,14,17,36,ไทยพร้อม,1
50,เชียงใหม่,7,ฝาง,ม่อนปิ่น,14,17,37,ภูมิใจไทย,17
50,เชียงใหม่,7,ฝาง,ม่อนปิ่น,14,17,38,พลังธรรมใหม่,1
50,เชียงใหม่,7,ฝาง,ม่อนปิ่น,14,17,39,กรีน,1
50,เชียงใหม่,7,ฝาง,ม่อนปิ่น,14,17,40,ไทยธรรม,0
50,เชียงใหม่,7,ฝาง,ม่อนปิ่น,14,17,41,แผ่นดินธรรม,1
50,เชียงใหม่,7,ฝาง,ม่อนปิ่น,14,17,42,กล้าธรรม,50
50,เชียงใหม่,7,ฝาง,ม่อนปิ่น,14,17,43,พลังประชารัฐ,9
50,เชียงใหม่,7,ฝาง,ม่อนปิ่น,14,17,44,โอกาสใหม่,0
50,เชียงใหม่,7,ฝาง,ม่อนปิ่น,14,17,45,เป็นธรรม,0
50,เชียงใหม่,7,ฝาง,ม่อนปิ่น,14,17,46,ประชาชน,127
50,เชียงใหม่,7,ฝาง,ม่อนปิ่น,14,17,47,ประชาไทย,3
50,เชียงใหม่,7,ฝาง,ม่อนปิ่น,14,17,48,ไทยสร้างไทย,0
50,เชียงใหม่,7,ฝาง,ม่อนปิ่น,14,17,49,ไทยก้าวใหม่,0
50,เชียงใหม่,7,ฝาง,ม่อนปิ่น,14,17,50,ประชาอาสาชาติ,0
50,เชียงใหม่,7,ฝาง,ม่อนปิ่น,14,17,51,พร้อม,0
50,เชียงใหม่,7,ฝาง,ม่อนปิ่น,14,17,52,เครือข่ายชาวนาแห่งประเทศไทย,1
50,เชียงใหม่,7,ฝาง,ม่อนปิ่น,14,17,53,ไทยพิทักษ์ธรรม,0
50,เชียงใหม่,7,ฝาง,ม่อนปิ่น,14,17,54,ความหวังใหม่,0
50,เชียงใหม่,7,ฝาง,ม่อนปิ่น,14,17,55,ไทยรวมไทย,0
50,เชียงใหม่,7,ฝาง,ม่อนปิ่น,14,17,56,เพื่อบ้านเมือง,0
50,เชียงใหม่,7,ฝาง,ม่อนปิ่น,14,17,57,พลังไทยรักชาติ,0
50,เชียงใหม่,7,ฝาง,ม่อนปิ่น,15,18,1,ไทยทรัพย์ทวี,6
50,เชียงใหม่,7,ฝาง,ม่อนปิ่น,15,18,2,เพื่อชาติไทย,1
50,เชียงใหม่,7,ฝาง,ม่อนปิ่น,15,18,3,ใหม่,4
50,เชียงใหม่,7,ฝาง,ม่อนปิ่น,15,18,4,มิติใหม่,0
50,เชียงใหม่,7,ฝาง,ม่อนปิ่น,15,18,5,รวมใจไทย,8
50,เชียงใหม่,7,ฝาง,ม่อนปิ่น,15,18,6,รวมไทยสร้างชาติ,1
50,เชียงใหม่,7,ฝาง,ม่อนปิ่น,15,18,7,พลวัต,9
50,เชียงใหม่,7,ฝาง,ม่อนปิ่น,15,18,8,ประชาธิปไตยใหม่,1
50,เชียงใหม่,7,ฝาง,ม่อนปิ่น,15,18,9,เพื่อไทย,18
50,เชียงใหม่,7,ฝาง,ม่อนปิ่น,15,18,10,ทางเลือกใหม่,1
50,เชียงใหม่,7,ฝาง,ม่อนปิ่น,15,18,11,เศรษฐกิจ,1
50,เชียงใหม่,7,ฝาง,ม่อนปิ่น,15,18,12,เสรีรวมไทย,0
50,เชียงใหม่,7,ฝาง,ม่อนปิ่น,15,18,13,รวมพลังประชาชน,1
50,เชียงใหม่,7,ฝาง,ม่อนปิ่น,15,18,14,ท้องที่ไทย,2
50,เชียงใหม่,7,ฝาง,ม่อนปิ่น,15,18,15,อนาคตไทย,0
50,เชียงใหม่,7,ฝาง,ม่อนปิ่น,15,18,16,พลังเพื่อไทย,2
50,เชียงใหม่,7,ฝาง,ม่อนปิ่น,15,18,17,ไทยชนะ,3
50,เชียงใหม่,7,ฝาง,ม่อนปิ่น,15,18,18,พลังสังคมใหม่,0
50,เชียงใหม่,7,ฝาง,ม่อนปิ่น,15,18,19,สังคมประชาธิปไตย,0
50,เชียงใหม่,7,ฝาง,ม่อนปิ่น,15,18,20,ฟิวชัน,2
50,เชียงใหม่,7,ฝาง,ม่อนปิ่น,15,18,21,ไทยรวมพลัง,1
50,เชียงใหม่,7,ฝาง,ม่อนปิ่น,15,18,22,ก้าวอิสระ,0
50,เชียงใหม่,7,ฝาง,ม่อนปิ่น,15,18,23,ปวงชนไทย,1
50,เชียงใหม่,7,ฝาง,ม่อนปิ่น,15,18,24,วิชชั่นใหม่,0
50,เชียงใหม่,7,ฝาง,ม่อนปิ่น,15,18,25,เพื่อชีวิตใหม่,1
50,เชียงใหม่,7,ฝาง,ม่อนปิ่น,15,18,26,คลองไทย,1
50,เชียงใหม่,7,ฝาง,ม่อนปิ่น,15,18,27,ประชาธิปัตย์,30
50,เชียงใหม่,7,ฝาง,ม่อนปิ่น,15,18,28,ไทยก้าวหน้า,1
50,เชียงใหม่,7,ฝาง,ม่อนปิ่น,15,18,29,ไทยภักดี,0
50,เชียงใหม่,7,ฝาง,ม่อนปิ่น,15,18,30,แรงงานสร้างชาติ,0
50,เชียงใหม่,7,ฝาง,ม่อนปิ่น,15,18,31,ประชากรไทย,3
50,เชียงใหม่,7,ฝาง,ม่อนปิ่น,15,18,32,ครูไทยเพื่อประชาชน,4
50,เชียงใหม่,7,ฝาง,ม่อนปิ่น,15,18,33,ประชาชาติ,1
50,เชียงใหม่,7,ฝาง,ม่อนปิ่น,15,18,34,สร้างอนาคตไทย,1
50,เชียงใหม่,7,ฝาง,ม่อนปิ่น,15,18,35,รักชาติ,1
50,เชียงใหม่,7,ฝาง,ม่อนปิ่น,15,18,36,ไทยพร้อม,2
50,เชียงใหม่,7,ฝาง,ม่อนปิ่น,15,18,37,ภูมิใจไทย,17
50,เชียงใหม่,7,ฝาง,ม่อนปิ่น,15,18,38,พลังธรรมใหม่,0
50,เชียงใหม่,7,ฝาง,ม่อนปิ่น,15,18,39,กรีน,0
50,เชียงใหม่,7,ฝาง,ม่อนปิ่น,15,18,40,ไทยธรรม,0
50,เชียงใหม่,7,ฝาง,ม่อนปิ่น,15,18,41,แผ่นดินธรรม,0
50,เชียงใหม่,7,ฝาง,ม่อนปิ่น,15,18,42,กล้าธรรม,19
50,เชียงใหม่,7,ฝาง,ม่อนปิ่น,15,18,43,พลังประชารัฐ,4
50,เชียงใหม่,7,ฝาง,ม่อนปิ่น,15,18,44,โอกาสใหม่,1
50,เชียงใหม่,7,ฝาง,ม่อนปิ่น,15,18,45,เป็นธรรม,2
50,เชียงใหม่,7,ฝาง,ม่อนปิ่น,15,18,46,ประชาชน,126
50,เชียงใหม่,7,ฝาง,ม่อนปิ่น,15,18,47,ประชาไทย,2
50,เชียงใหม่,7,ฝาง,ม่อนปิ่น,15,18,48,ไทยสร้างไทย,0
50,เชียงใหม่,7,ฝาง,ม่อนปิ่น,15,18,49,ไทยก้าวใหม่,0
50,เชียงใหม่,7,ฝาง,ม่อนปิ่น,15,18,50,ประชาอาสาชาติ,0
50,เชียงใหม่,7,ฝาง,ม่อนปิ่น,15,18,51,พร้อม,1
50,เชียงใหม่,7,ฝาง,ม่อนปิ่น,15,18,52,เครือข่ายชาวนาแห่งประเทศไทย,0
50,เชียงใหม่,7,ฝาง,ม่อนปิ่น,15,18,53,ไทยพิทักษ์ธรรม,0
50,เชียงใหม่,7,ฝาง,ม่อนปิ่น,15,18,54,ความหวังใหม่,0
50,เชียงใหม่,7,ฝาง,ม่อนปิ่น,15,18,55,ไทยรวมไทย,0
50,เชียงใหม่,7,ฝาง,ม่อนปิ่น,15,18,56,เพื่อบ้านเมือง,0
50,เชียงใหม่,7,ฝาง,ม่อนปิ่น,15,18,57,พลังไทยรักชาติ,0
50,เชียงใหม่,7,ฝาง,ม่อนปิ่น,15,19,1,ไทยทรัพย์ทวี,14
50,เชียงใหม่,7,ฝาง,ม่อนปิ่น,15,19,2,เพื่อชาติไทย,5
50,เชียงใหม่,7,ฝาง,ม่อนปิ่น,15,19,3,ใหม่,4
50,เชียงใหม่,7,ฝาง,ม่อนปิ่น,15,19,4,มิติใหม่,3
50,เชียงใหม่,7,ฝาง,ม่อนปิ่น,15,19,5,รวมใจไทย,16
50,เชียงใหม่,7,ฝาง,ม่อนปิ่น,15,19,6,รวมไทยสร้างชาติ,12
50,เชียงใหม่,7,ฝาง,ม่อนปิ่น,15,19,7,พลวัต,17
50,เชียงใหม่,7,ฝาง,ม่อนปิ่น,15,19,8,ประชาธิปไตยใหม่,2
50,เชียงใหม่,7,ฝาง,ม่อนปิ่น,15,19,9,เพื่อไทย,13
50,เชียงใหม่,7,ฝาง,ม่อนปิ่น,15,19,10,ทางเลือกใหม่,1
50,เชียงใหม่,7,ฝาง,ม่อนปิ่น,15,19,11,เศรษฐกิจ,4
50,เชียงใหม่,7,ฝาง,ม่อนปิ่น,15,19,12,เสรีรวมไทย,0
50,เชียงใหม่,7,ฝาง,ม่อนปิ่น,15,19,13,รวมพลังประชาชน,1
50,เชียงใหม่,7,ฝาง,ม่อนปิ่น,15,19,14,ท้องที่ไทย,1
50,เชียงใหม่,7,ฝาง,ม่อนปิ่น,15,19,15,อนาคตไทย,2
50,เชียงใหม่,7,ฝาง,ม่อนปิ่น,15,19,16,พลังเพื่อไทย,1
50,เชียงใหม่,7,ฝาง,ม่อนปิ่น,15,19,17,ไทยชนะ,2
50,เชียงใหม่,7,ฝาง,ม่อนปิ่น,15,19,18,พลังสังคมใหม่,0
50,เชียงใหม่,7,ฝาง,ม่อนปิ่น,15,19,19,สังคมประชาธิปไตย,1
50,เชียงใหม่,7,ฝาง,ม่อนปิ่น,15,19,20,ฟิวชัน,0
50,เชียงใหม่,7,ฝาง,ม่อนปิ่น,15,19,21,ไทยรวมพลัง,0
50,เชียงใหม่,7,ฝาง,ม่อนปิ่น,15,19,22,ก้าวอิสระ,0
50,เชียงใหม่,7,ฝาง,ม่อนปิ่น,15,19,23,ปวงชนไทย,1
50,เชียงใหม่,7,ฝาง,ม่อนปิ่น,15,19,24,วิชชั่นใหม่,1
50,เชียงใหม่,7,ฝาง,ม่อนปิ่น,15,19,25,เพื่อชีวิตใหม่,0
50,เชียงใหม่,7,ฝาง,ม่อนปิ่น,15,19,26,คลองไทย,1
50,เชียงใหม่,7,ฝาง,ม่อนปิ่น,15,19,27,ประชาธิปัตย์,37
50,เชียงใหม่,7,ฝาง,ม่อนปิ่น,15,19,28,ไทยก้าวหน้า,4
50,เชียงใหม่,7,ฝาง,ม่อนปิ่น,15,19,29,ไทยภักดี,0
50,เชียงใหม่,7,ฝาง,ม่อนปิ่น,15,19,30,แรงงานสร้างชาติ,3
50,เชียงใหม่,7,ฝาง,ม่อนปิ่น,15,19,31,ประชากรไทย,2
50,เชียงใหม่,7,ฝาง,ม่อนปิ่น,15,19,32,ครูไทยเพื่อประชาชน,1
50,เชียงใหม่,7,ฝาง,ม่อนปิ่น,15,19,33,ประชาชาติ,0
50,เชียงใหม่,7,ฝาง,ม่อนปิ่น,15,19,34,สร้างอนาคตไทย,1
50,เชียงใหม่,7,ฝาง,ม่อนปิ่น,15,19,35,รักชาติ,0
50,เชียงใหม่,7,ฝาง,ม่อนปิ่น,15,19,36,ไทยพร้อม,2
50,เชียงใหม่,7,ฝาง,ม่อนปิ่น,15,19,37,ภูมิใจไทย,16
50,เชียงใหม่,7,ฝาง,ม่อนปิ่น,15,19,38,พลังธรรมใหม่,1
50,เชียงใหม่,7,ฝาง,ม่อนปิ่น,15,19,39,กรีน,0
50,เชียงใหม่,7,ฝาง,ม่อนปิ่น,15,19,40,ไทยธรรม,0
50,เชียงใหม่,7,ฝาง,ม่อนปิ่น,15,19,41,แผ่นดินธรรม,0
50,เชียงใหม่,7,ฝาง,ม่อนปิ่น,15,19,42,กล้าธรรม,16
50,เชียงใหม่,7,ฝาง,ม่อนปิ่น,15,19,43,พลังประชารัฐ,6
50,เชียงใหม่,7,ฝาง,ม่อนปิ่น,15,19,44,โอกาสใหม่,1
50,เชียงใหม่,7,ฝาง,ม่อนปิ่น,15,19,45,เป็นธรรม,1
50,เชียงใหม่,7,ฝาง,ม่อนปิ่น,15,19,46,ประชาชน,141
50,เชียงใหม่,7,ฝาง,ม่อนปิ่น,15,19,47,ประชาไทย,2
50,เชียงใหม่,7,ฝาง,ม่อนปิ่น,15,19,48,ไทยสร้างไทย,0
50,เชียงใหม่,7,ฝาง,ม่อนปิ่น,15,19,49,ไทยก้าวใหม่,0
50,เชียงใหม่,7,ฝาง,ม่อนปิ่น,15,19,50,ประชาอาสาชาติ,0
50,เชียงใหม่,7,ฝาง,ม่อนปิ่น,15,19,51,พร้อม,0
50,เชียงใหม่,7,ฝาง,ม่อนปิ่น,15,19,52,เครือข่ายชาวนาแห่งประเทศไทย,0
50,เชียงใหม่,7,ฝาง,ม่อนปิ่น,15,19,53,ไทยพิทักษ์ธรรม,0
50,เชียงใหม่,7,ฝาง,ม่อนปิ่น,15,19,54,ความหวังใหม่,1
50,เชียงใหม่,7,ฝาง,ม่อนปิ่น,15,19,55,ไทยรวมไทย,0
50,เชียงใหม่,7,ฝาง,ม่อนปิ่น,15,19,56,เพื่อบ้านเมือง,2
50,เชียงใหม่,7,ฝาง,ม่อนปิ่น,15,19,57,พลังไทยรักชาติ,1
50,เชียงใหม่,7,ฝาง,ม่อนปิ่น,16,20,1,ไทยทรัพย์ทวี,1
50,เชียงใหม่,7,ฝาง,ม่อนปิ่น,16,20,2,เพื่อชาติไทย,6
50,เชียงใหม่,7,ฝาง,ม่อนปิ่น,16,20,3,ใหม่,1
50,เชียงใหม่,7,ฝาง,ม่อนปิ่น,16,20,4,มิติใหม่,0
50,เชียงใหม่,7,ฝาง,ม่อนปิ่น,16,20,5,รวมใจไทย,9
50,เชียงใหม่,7,ฝาง,ม่อนปิ่น,16,20,6,รวมไทยสร้างชาติ,2
50,เชียงใหม่,7,ฝาง,ม่อนปิ่น,16,20,7,พลวัต,0
50,เชียงใหม่,7,ฝาง,ม่อนปิ่น,16,20,8,ประชาธิปไตยใหม่,1
50,เชียงใหม่,7,ฝาง,ม่อนปิ่น,16,20,9,เพื่อไทย,24
50,เชียงใหม่,7,ฝาง,ม่อนปิ่น,16,20,10,ทางเลือกใหม่,1
50,เชียงใหม่,7,ฝาง,ม่อนปิ่น,16,20,11,เศรษฐกิจ,1
50,เชียงใหม่,7,ฝาง,ม่อนปิ่น,16,20,12,เสรีรวมไทย,0
50,เชียงใหม่,7,ฝาง,ม่อนปิ่น,16,20,13,รวมพลังประชาชน,1
50,เชียงใหม่,7,ฝาง,ม่อนปิ่น,16,20,14,ท้องที่ไทย,1
50,เชียงใหม่,7,ฝาง,ม่อนปิ่น,16,20,15,อนาคตไทย,0
50,เชียงใหม่,7,ฝาง,ม่อนปิ่น,16,20,16,พลังเพื่อไทย,0
50,เชียงใหม่,7,ฝาง,ม่อนปิ่น,16,20,17,ไทยชนะ,0
50,เชียงใหม่,7,ฝาง,ม่อนปิ่น,16,20,18,พลังสังคมใหม่,0
50,เชียงใหม่,7,ฝาง,ม่อนปิ่น,16,20,19,สังคมประชาธิปไตย,0
50,เชียงใหม่,7,ฝาง,ม่อนปิ่น,16,20,20,ฟิวชัน,0
50,เชียงใหม่,7,ฝาง,ม่อนปิ่น,16,20,21,ไทยรวมพลัง,0
50,เชียงใหม่,7,ฝาง,ม่อนปิ่น,16,20,22,ก้าวอิสระ,0
50,เชียงใหม่,7,ฝาง,ม่อนปิ่น,16,20,23,ปวงชนไทย,1
50,เชียงใหม่,7,ฝาง,ม่อนปิ่น,16,20,24,วิชชั่นใหม่,2
50,เชียงใหม่,7,ฝาง,ม่อนปิ่น,16,20,25,เพื่อชีวิตใหม่,0
50,เชียงใหม่,7,ฝาง,ม่อนปิ่น,16,20,26,คลองไทย,0
50,เชียงใหม่,7,ฝาง,ม่อนปิ่น,16,20,27,ประชาธิปัตย์,3
50,เชียงใหม่,7,ฝาง,ม่อนปิ่น,16,20,28,ไทยก้าวหน้า,0
50,เชียงใหม่,7,ฝาง,ม่อนปิ่น,16,20,29,ไทยภักดี,0
50,เชียงใหม่,7,ฝาง,ม่อนปิ่น,16,20,30,แรงงานสร้างชาติ,1
50,เชียงใหม่,7,ฝาง,ม่อนปิ่น,16,20,31,ประชากรไทย,0
50,เชียงใหม่,7,ฝาง,ม่อนปิ่น,16,20,32,ครูไทยเพื่อประชาชน,0
50,เชียงใหม่,7,ฝาง,ม่อนปิ่น,16,20,33,ประชาชาติ,0
50,เชียงใหม่,7,ฝาง,ม่อนปิ่น,16,20,34,สร้างอนาคตไทย,0
50,เชียงใหม่,7,ฝาง,ม่อนปิ่น,16,20,35,รักชาติ,0
50,เชียงใหม่,7,ฝาง,ม่อนปิ่น,16,20,36,ไทยพร้อม,1
50,เชียงใหม่,7,ฝาง,ม่อนปิ่น,16,20,37,ภูมิใจไทย,5
50,เชียงใหม่,7,ฝาง,ม่อนปิ่น,16,20,38,พลังธรรมใหม่,0
50,เชียงใหม่,7,ฝาง,ม่อนปิ่น,16,20,39,กรีน,0
50,เชียงใหม่,7,ฝาง,ม่อนปิ่น,16,20,40,ไทยธรรม,0
50,เชียงใหม่,7,ฝาง,ม่อนปิ่น,16,20,41,แผ่นดินธรรม,0
50,เชียงใหม่,7,ฝาง,ม่อนปิ่น,16,20,42,กล้าธรรม,34
50,เชียงใหม่,7,ฝาง,ม่อนปิ่น,16,20,43,พลังประชารัฐ,5
50,เชียงใหม่,7,ฝาง,ม่อนปิ่น,16,20,44,โอกาสใหม่,1
50,เชียงใหม่,7,ฝาง,ม่อนปิ่น,16,20,45,เป็นธรรม,3
50,เชียงใหม่,7,ฝาง,ม่อนปิ่น,16,20,46,ประชาชน,71
50,เชียงใหม่,7,ฝาง,ม่อนปิ่น,16,20,47,ประชาไทย,0
50,เชียงใหม่,7,ฝาง,ม่อนปิ่น,16,20,48,ไทยสร้างไทย,0
50,เชียงใหม่,7,ฝาง,ม่อนปิ่น,16,20,49,ไทยก้าวใหม่,1
50,เชียงใหม่,7,ฝาง,ม่อนปิ่น,16,20,50,ประชาอาสาชาติ,0
50,เชียงใหม่,7,ฝาง,ม่อนปิ่น,16,20,51,พร้อม,0
50,เชียงใหม่,7,ฝาง,ม่อนปิ่น,16,20,52,เครือข่ายชาวนาแห่งประเทศไทย,0
50,เชียงใหม่,7,ฝาง,ม่อนปิ่น,16,20,53,ไทยพิทักษ์ธรรม,0
50,เชียงใหม่,7,ฝาง,ม่อนปิ่น,16,20,54,ความหวังใหม่,0
50,เชียงใหม่,7,ฝาง,ม่อนปิ่น,16,20,55,ไทยรวมไทย,0
50,เชียงใหม่,7,ฝาง,ม่อนปิ่น,16,20,56,เพื่อบ้านเมือง,0
50,เชียงใหม่,7,ฝาง,ม่อนปิ่น,16,20,57,พลังไทยรักชาติ,0
50,เชียงใหม่,7,ฝาง,แม่ข่า,2,1,1,ไทยทรัพย์ทวี,2
50,เชียงใหม่,7,ฝาง,แม่ข่า,2,1,2,เพื่อชาติไทย,1
50,เชียงใหม่,7,ฝาง,แม่ข่า,2,1,3,ใหม่,0
50,เชียงใหม่,7,ฝาง,แม่ข่า,2,1,4,มิติใหม่,1
50,เชียงใหม่,7,ฝาง,แม่ข่า,2,1,5,รวมใจไทย,2
50,เชียงใหม่,7,ฝาง,แม่ข่า,2,1,6,รวมไทยสร้างชาติ,12
50,เชียงใหม่,7,ฝาง,แม่ข่า,2,1,7,พลวัต,7
50,เชียงใหม่,7,ฝาง,แม่ข่า,2,1,8,ประชาธิปไตยใหม่,2
50,เชียงใหม่,7,ฝาง,แม่ข่า,2,1,9,เพื่อไทย,87
50,เชียงใหม่,7,ฝาง,แม่ข่า,2,1,10,ทางเลือกใหม่,0
50,เชียงใหม่,7,ฝาง,แม่ข่า,2,1,11,เศรษฐกิจ,7
50,เชียงใหม่,7,ฝาง,แม่ข่า,2,1,12,เสรีรวมไทย,0
50,เชียงใหม่,7,ฝาง,แม่ข่า,2,1,13,รวมพลังประชาชน,1
50,เชียงใหม่,7,ฝาง,แม่ข่า,2,1,14,ท้องที่ไทย,0
50,เชียงใหม่,7,ฝาง,แม่ข่า,2,1,15,อนาคตไทย,0
50,เชียงใหม่,7,ฝาง,แม่ข่า,2,1,16,พลังเพื่อไทย,0
50,เชียงใหม่,7,ฝาง,แม่ข่า,2,1,17,ไทยชนะ,0
50,เชียงใหม่,7,ฝาง,แม่ข่า,2,1,18,พลังสังคมใหม่,0
50,เชียงใหม่,7,ฝาง,แม่ข่า,2,1,19,สังคมประชาธิปไตย,0
50,เชียงใหม่,7,ฝาง,แม่ข่า,2,1,20,ฟิวชัน,0
50,เชียงใหม่,7,ฝาง,แม่ข่า,2,1,21,ไทยรวมพลัง,0
50,เชียงใหม่,7,ฝาง,แม่ข่า,2,1,22,ก้าวอิสระ,0
50,เชียงใหม่,7,ฝาง,แม่ข่า,2,1,23,ปวงชนไทย,0
50,เชียงใหม่,7,ฝาง,แม่ข่า,2,1,24,วิชชั่นใหม่,0
50,เชียงใหม่,7,ฝาง,แม่ข่า,2,1,25,เพื่อชีวิตใหม่,0
50,เชียงใหม่,7,ฝาง,แม่ข่า,2,1,26,คลองไทย,0
50,เชียงใหม่,7,ฝาง,แม่ข่า,2,1,27,ประชาธิปัตย์,5
50,เชียงใหม่,7,ฝาง,แม่ข่า,2,1,28,ไทยก้าวหน้า,0
50,เชียงใหม่,7,ฝาง,แม่ข่า,2,1,29,ไทยภักดี,0
50,เชียงใหม่,7,ฝาง,แม่ข่า,2,1,30,แรงงานสร้างชาติ,1
50,เชียงใหม่,7,ฝาง,แม่ข่า,2,1,31,ประชากรไทย,1
50,เชียงใหม่,7,ฝาง,แม่ข่า,2,1,32,ครูไทยเพื่อประชาชน,0
50,เชียงใหม่,7,ฝาง,แม่ข่า,2,1,33,ประชาชาติ,0
50,เชียงใหม่,7,ฝาง,แม่ข่า,2,1,34,สร้างอนาคตไทย,0
50,เชียงใหม่,7,ฝาง,แม่ข่า,2,1,35,รักชาติ,1
50,เชียงใหม่,7,ฝาง,แม่ข่า,2,1,36,ไทยพร้อม,1
50,เชียงใหม่,7,ฝาง,แม่ข่า,2,1,37,ภูมิใจไทย,35
50,เชียงใหม่,7,ฝาง,แม่ข่า,2,1,38,พลังธรรมใหม่,1
50,เชียงใหม่,7,ฝาง,แม่ข่า,2,1,39,กรีน,0
50,เชียงใหม่,7,ฝาง,แม่ข่า,2,1,40,ไทยธรรม,0
50,เชียงใหม่,7,ฝาง,แม่ข่า,2,1,41,แผ่นดินธรรม,0
50,เชียงใหม่,7,ฝาง,แม่ข่า,2,1,42,กล้าธรรม,9
50,เชียงใหม่,7,ฝาง,แม่ข่า,2,1,43,พลังประชารัฐ,4
50,เชียงใหม่,7,ฝาง,แม่ข่า,2,1,44,โอกาสใหม่,0
50,เชียงใหม่,7,ฝาง,แม่ข่า,2,1,45,เป็นธรรม,1
50,เชียงใหม่,7,ฝาง,แม่ข่า,2,1,46,ประชาชน,77
50,เชียงใหม่,7,ฝาง,แม่ข่า,2,1,47,ประชาไทย,0
50,เชียงใหม่,7,ฝาง,แม่ข่า,2,1,48,ไทยสร้างไทย,0
50,เชียงใหม่,7,ฝาง,แม่ข่า,2,1,49,ไทยก้าวใหม่,1
50,เชียงใหม่,7,ฝาง,แม่ข่า,2,1,50,ประชาอาสาชาติ,0
50,เชียงใหม่,7,ฝาง,แม่ข่า,2,1,51,พร้อม,0
50,เชียงใหม่,7,ฝาง,แม่ข่า,2,1,52,เครือข่ายชาวนาแห่งประเทศไทย,0
50,เชียงใหม่,7,ฝาง,แม่ข่า,2,1,53,ไทยพิทักษ์ธรรม,0
50,เชียงใหม่,7,ฝาง,แม่ข่า,2,1,54,ความหวังใหม่,0
50,เชียงใหม่,7,ฝาง,แม่ข่า,2,1,55,ไทยรวมไทย,0
50,เชียงใหม่,7,ฝาง,แม่ข่า,2,1,56,เพื่อบ้านเมือง,0
50,เชียงใหม่,7,ฝาง,แม่ข่า,2,1,57,พลังไทยรักชาติ,1
50,เชียงใหม่,7,ฝาง,แม่ข่า,3,2,1,ไทยทรัพย์ทวี,1
50,เชียงใหม่,7,ฝาง,แม่ข่า,3,2,2,เพื่อชาติไทย,4
50,เชียงใหม่,7,ฝาง,แม่ข่า,3,2,3,ใหม่,5
50,เชียงใหม่,7,ฝาง,แม่ข่า,3,2,4,มิติใหม่,1
50,เชียงใหม่,7,ฝาง,แม่ข่า,3,2,5,รวมใจไทย,9
50,เชียงใหม่,7,ฝาง,แม่ข่า,3,2,6,รวมไทยสร้างชาติ,13
50,เชียงใหม่,7,ฝาง,แม่ข่า,3,2,7,พลวัต,6
50,เชียงใหม่,7,ฝาง,แม่ข่า,3,2,8,ประชาธิปไตยใหม่,5
50,เชียงใหม่,7,ฝาง,แม่ข่า,3,2,9,เพื่อไทย,140
50,เชียงใหม่,7,ฝาง,แม่ข่า,3,2,10,ทางเลือกใหม่,4
50,เชียงใหม่,7,ฝาง,แม่ข่า,3,2,11,เศรษฐกิจ,16
50,เชียงใหม่,7,ฝาง,แม่ข่า,3,2,12,เสรีรวมไทย,0
50,เชียงใหม่,7,ฝาง,แม่ข่า,3,2,13,รวมพลังประชาชน,5
50,เชียงใหม่,7,ฝาง,แม่ข่า,3,2,14,ท้องที่ไทย,0
50,เชียงใหม่,7,ฝาง,แม่ข่า,3,2,15,อนาคตไทย,0
50,เชียงใหม่,7,ฝาง,แม่ข่า,3,2,16,พลังเพื่อไทย,2
50,เชียงใหม่,7,ฝาง,แม่ข่า,3,2,17,ไทยชนะ,1
50,เชียงใหม่,7,ฝาง,แม่ข่า,3,2,18,พลังสังคมใหม่,0
50,เชียงใหม่,7,ฝาง,แม่ข่า,3,2,19,สังคมประชาธิปไตย,0
50,เชียงใหม่,7,ฝาง,แม่ข่า,3,2,20,ฟิวชัน,0
50,เชียงใหม่,7,ฝาง,แม่ข่า,3,2,21,ไทยรวมพลัง,0
50,เชียงใหม่,7,ฝาง,แม่ข่า,3,2,22,ก้าวอิสระ,0
50,เชียงใหม่,7,ฝาง,แม่ข่า,3,2,23,ปวงชนไทย,1
50,เชียงใหม่,7,ฝาง,แม่ข่า,3,2,24,วิชชั่นใหม่,0
50,เชียงใหม่,7,ฝาง,แม่ข่า,3,2,25,เพื่อชีวิตใหม่,0
50,เชียงใหม่,7,ฝาง,แม่ข่า,3,2,26,คลองไทย,1
50,เชียงใหม่,7,ฝาง,แม่ข่า,3,2,27,ประชาธิปัตย์,20
50,เชียงใหม่,7,ฝาง,แม่ข่า,3,2,28,ไทยก้าวหน้า,0
50,เชียงใหม่,7,ฝาง,แม่ข่า,3,2,29,ไทยภักดี,2
50,เชียงใหม่,7,ฝาง,แม่ข่า,3,2,30,แรงงานสร้างชาติ,1
50,เชียงใหม่,7,ฝาง,แม่ข่า,3,2,31,ประชากรไทย,1
50,เชียงใหม่,7,ฝาง,แม่ข่า,3,2,32,ครูไทยเพื่อประชาชน,0
50,เชียงใหม่,7,ฝาง,แม่ข่า,3,2,33,ประชาชาติ,0
50,เชียงใหม่,7,ฝาง,แม่ข่า,3,2,34,สร้างอนาคตไทย,1
50,เชียงใหม่,7,ฝาง,แม่ข่า,3,2,35,รักชาติ,0
50,เชียงใหม่,7,ฝาง,แม่ข่า,3,2,36,ไทยพร้อม,2
50,เชียงใหม่,7,ฝาง,แม่ข่า,3,2,37,ภูมิใจไทย,44
50,เชียงใหม่,7,ฝาง,แม่ข่า,3,2,38,พลังธรรมใหม่,1
50,เชียงใหม่,7,ฝาง,แม่ข่า,3,2,39,กรีน,1
50,เชียงใหม่,7,ฝาง,แม่ข่า,3,2,40,ไทยธรรม,0
50,เชียงใหม่,7,ฝาง,แม่ข่า,3,2,41,แผ่นดินธรรม,0
50,เชียงใหม่,7,ฝาง,แม่ข่า,3,2,42,กล้าธรรม,13
50,เชียงใหม่,7,ฝาง,แม่ข่า,3,2,43,พลังประชารัฐ,3
50,เชียงใหม่,7,ฝาง,แม่ข่า,3,2,44,โอกาสใหม่,0
50,เชียงใหม่,7,ฝาง,แม่ข่า,3,2,45,เป็นธรรม,1
50,เชียงใหม่,7,ฝาง,แม่ข่า,3,2,46,ประชาชน,136
50,เชียงใหม่,7,ฝาง,แม่ข่า,3,2,47,ประชาไทย,2
50,เชียงใหม่,7,ฝาง,แม่ข่า,3,2,48,ไทยสร้างไทย,1
50,เชียงใหม่,7,ฝาง,แม่ข่า,3,2,49,ไทยก้าวใหม่,1
50,เชียงใหม่,7,ฝาง,แม่ข่า,3,2,50,ประชาอาสาชาติ,0
50,เชียงใหม่,7,ฝาง,แม่ข่า,3,2,51,พร้อม,2
50,เชียงใหม่,7,ฝาง,แม่ข่า,3,2,52,เครือข่ายชาวนาแห่งประเทศไทย,0
50,เชียงใหม่,7,ฝาง,แม่ข่า,3,2,53,ไทยพิทักษ์ธรรม,0
50,เชียงใหม่,7,ฝาง,แม่ข่า,3,2,54,ความหวังใหม่,0
50,เชียงใหม่,7,ฝาง,แม่ข่า,3,2,55,ไทยรวมไทย,0
50,เชียงใหม่,7,ฝาง,แม่ข่า,3,2,56,เพื่อบ้านเมือง,1
50,เชียงใหม่,7,ฝาง,แม่ข่า,3,2,57,พลังไทยรักชาติ,1
50,เชียงใหม่,7,ฝาง,แม่ข่า,"4,5",3,1,ไทยทรัพย์ทวี,2
50,เชียงใหม่,7,ฝาง,แม่ข่า,"4,5",3,2,เพื่อชาติไทย,6
50,เชียงใหม่,7,ฝาง,แม่ข่า,"4,5",3,3,ใหม่,0
50,เชียงใหม่,7,ฝาง,แม่ข่า,"4,5",3,4,มิติใหม่,1
50,เชียงใหม่,7,ฝาง,แม่ข่า,"4,5",3,5,รวมใจไทย,3
50,เชียงใหม่,7,ฝาง,แม่ข่า,"4,5",3,6,รวมไทยสร้างชาติ,5
50,เชียงใหม่,7,ฝาง,แม่ข่า,"4,5",3,7,พลวัต,0
50,เชียงใหม่,7,ฝาง,แม่ข่า,"4,5",3,8,ประชาธิปไตยใหม่,1
50,เชียงใหม่,7,ฝาง,แม่ข่า,"4,5",3,9,เพื่อไทย,93
50,เชียงใหม่,7,ฝาง,แม่ข่า,"4,5",3,10,ทางเลือกใหม่,0
50,เชียงใหม่,7,ฝาง,แม่ข่า,"4,5",3,11,เศรษฐกิจ,6
50,เชียงใหม่,7,ฝาง,แม่ข่า,"4,5",3,12,เสรีรวมไทย,0
50,เชียงใหม่,7,ฝาง,แม่ข่า,"4,5",3,13,รวมพลังประชาชน,1
50,เชียงใหม่,7,ฝาง,แม่ข่า,"4,5",3,14,ท้องที่ไทย,0
50,เชียงใหม่,7,ฝาง,แม่ข่า,"4,5",3,15,อนาคตไทย,0
50,เชียงใหม่,7,ฝาง,แม่ข่า,"4,5",3,16,พลังเพื่อไทย,2
50,เชียงใหม่,7,ฝาง,แม่ข่า,"4,5",3,17,ไทยชนะ,1
50,เชียงใหม่,7,ฝาง,แม่ข่า,"4,5",3,18,พลังสังคมใหม่,0
50,เชียงใหม่,7,ฝาง,แม่ข่า,"4,5",3,19,สังคมประชาธิปไตย,1
50,เชียงใหม่,7,ฝาง,แม่ข่า,"4,5",3,20,ฟิวชัน,0
50,เชียงใหม่,7,ฝาง,แม่ข่า,"4,5",3,21,ไทยรวมพลัง,0
50,เชียงใหม่,7,ฝาง,แม่ข่า,"4,5",3,22,ก้าวอิสระ,0
50,เชียงใหม่,7,ฝาง,แม่ข่า,"4,5",3,23,ปวงชนไทย,0
50,เชียงใหม่,7,ฝาง,แม่ข่า,"4,5",3,24,วิชชั่นใหม่,1
50,เชียงใหม่,7,ฝาง,แม่ข่า,"4,5",3,25,เพื่อชีวิตใหม่,0
50,เชียงใหม่,7,ฝาง,แม่ข่า,"4,5",3,26,คลองไทย,0
50,เชียงใหม่,7,ฝาง,แม่ข่า,"4,5",3,27,ประชาธิปัตย์,6
50,เชียงใหม่,7,ฝาง,แม่ข่า,"4,5",3,28,ไทยก้าวหน้า,0
50,เชียงใหม่,7,ฝาง,แม่ข่า,"4,5",3,29,ไทยภักดี,6
50,เชียงใหม่,7,ฝาง,แม่ข่า,"4,5",3,30,แรงงานสร้างชาติ,0
50,เชียงใหม่,7,ฝาง,แม่ข่า,"4,5",3,31,ประชากรไทย,0
50,เชียงใหม่,7,ฝาง,แม่ข่า,"4,5",3,32,ครูไทยเพื่อประชาชน,1
50,เชียงใหม่,7,ฝาง,แม่ข่า,"4,5",3,33,ประชาชาติ,0
50,เชียงใหม่,7,ฝาง,แม่ข่า,"4,5",3,34,สร้างอนาคตไทย,0
50,เชียงใหม่,7,ฝาง,แม่ข่า,"4,5",3,35,รักชาติ,2
50,เชียงใหม่,7,ฝาง,แม่ข่า,"4,5",3,36,ไทยพร้อม,0
50,เชียงใหม่,7,ฝาง,แม่ข่า,"4,5",3,37,ภูมิใจไทย,33
50,เชียงใหม่,7,ฝาง,แม่ข่า,"4,5",3,38,พลังธรรมใหม่,3
50,เชียงใหม่,7,ฝาง,แม่ข่า,"4,5",3,39,กรีน,0
50,เชียงใหม่,7,ฝาง,แม่ข่า,"4,5",3,40,ไทยธรรม,0
50,เชียงใหม่,7,ฝาง,แม่ข่า,"4,5",3,41,แผ่นดินธรรม,1
50,เชียงใหม่,7,ฝาง,แม่ข่า,"4,5",3,42,กล้าธรรม,6
50,เชียงใหม่,7,ฝาง,แม่ข่า,"4,5",3,43,พลังประชารัฐ,3
50,เชียงใหม่,7,ฝาง,แม่ข่า,"4,5",3,44,โอกาสใหม่,0
50,เชียงใหม่,7,ฝาง,แม่ข่า,"4,5",3,45,เป็นธรรม,0
50,เชียงใหม่,7,ฝาง,แม่ข่า,"4,5",3,46,ประชาชน,103
50,เชียงใหม่,7,ฝาง,แม่ข่า,"4,5",3,47,ประชาไทย,0
50,เชียงใหม่,7,ฝาง,แม่ข่า,"4,5",3,48,ไทยสร้างไทย,1
50,เชียงใหม่,7,ฝาง,แม่ข่า,"4,5",3,49,ไทยก้าวใหม่,0
50,เชียงใหม่,7,ฝาง,แม่ข่า,"4,5",3,50,ประชาอาสาชาติ,0
50,เชียงใหม่,7,ฝาง,แม่ข่า,"4,5",3,51,พร้อม,0
50,เชียงใหม่,7,ฝาง,แม่ข่า,"4,5",3,52,เครือข่ายชาวนาแห่งประเทศไทย,0
50,เชียงใหม่,7,ฝาง,แม่ข่า,"4,5",3,53,ไทยพิทักษ์ธรรม,0
50,เชียงใหม่,7,ฝาง,แม่ข่า,"4,5",3,54,ความหวังใหม่,0
50,เชียงใหม่,7,ฝาง,แม่ข่า,"4,5",3,55,ไทยรวมไทย,0
50,เชียงใหม่,7,ฝาง,แม่ข่า,"4,5",3,56,เพื่อบ้านเมือง,0
50,เชียงใหม่,7,ฝาง,แม่ข่า,"4,5",3,57,พลังไทยรักชาติ,1
50,เชียงใหม่,7,ฝาง,แม่ข่า,6,4,1,ไทยทรัพย์ทวี,2
50,เชียงใหม่,7,ฝาง,แม่ข่า,6,4,2,เพื่อชาติไทย,11
50,เชียงใหม่,7,ฝาง,แม่ข่า,6,4,3,ใหม่,1
50,เชียงใหม่,7,ฝาง,แม่ข่า,6,4,4,มิติใหม่,4
50,เชียงใหม่,7,ฝาง,แม่ข่า,6,4,5,รวมใจไทย,12
50,เชียงใหม่,7,ฝาง,แม่ข่า,6,4,6,รวมไทยสร้างชาติ,12
50,เชียงใหม่,7,ฝาง,แม่ข่า,6,4,7,พลวัต,4
50,เชียงใหม่,7,ฝาง,แม่ข่า,6,4,8,ประชาธิปไตยใหม่,6
50,เชียงใหม่,7,ฝาง,แม่ข่า,6,4,9,เพื่อไทย,138
50,เชียงใหม่,7,ฝาง,แม่ข่า,6,4,10,ทางเลือกใหม่,2
50,เชียงใหม่,7,ฝาง,แม่ข่า,6,4,11,เศรษฐกิจ,24
50,เชียงใหม่,7,ฝาง,แม่ข่า,6,4,12,เสรีรวมไทย,1
50,เชียงใหม่,7,ฝาง,แม่ข่า,6,4,13,รวมพลังประชาชน,1
50,เชียงใหม่,7,ฝาง,แม่ข่า,6,4,14,ท้องที่ไทย,1
50,เชียงใหม่,7,ฝาง,แม่ข่า,6,4,15,อนาคตไทย,1
50,เชียงใหม่,7,ฝาง,แม่ข่า,6,4,16,พลังเพื่อไทย,1
50,เชียงใหม่,7,ฝาง,แม่ข่า,6,4,17,ไทยชนะ,0
50,เชียงใหม่,7,ฝาง,แม่ข่า,6,4,18,พลังสังคมใหม่,0
50,เชียงใหม่,7,ฝาง,แม่ข่า,6,4,19,สังคมประชาธิปไตย,1
50,เชียงใหม่,7,ฝาง,แม่ข่า,6,4,20,ฟิวชัน,0
50,เชียงใหม่,7,ฝาง,แม่ข่า,6,4,21,ไทยรวมพลัง,0
50,เชียงใหม่,7,ฝาง,แม่ข่า,6,4,22,ก้าวอิสระ,1
50,เชียงใหม่,7,ฝาง,แม่ข่า,6,4,23,ปวงชนไทย,1
50,เชียงใหม่,7,ฝาง,แม่ข่า,6,4,24,วิชชั่นใหม่,2
50,เชียงใหม่,7,ฝาง,แม่ข่า,6,4,25,เพื่อชีวิตใหม่,0
50,เชียงใหม่,7,ฝาง,แม่ข่า,6,4,26,คลองไทย,0
50,เชียงใหม่,7,ฝาง,แม่ข่า,6,4,27,ประชาธิปัตย์,8
50,เชียงใหม่,7,ฝาง,แม่ข่า,6,4,28,ไทยก้าวหน้า,2
50,เชียงใหม่,7,ฝาง,แม่ข่า,6,4,29,ไทยภักดี,1
50,เชียงใหม่,7,ฝาง,แม่ข่า,6,4,30,แรงงานสร้างชาติ,1
50,เชียงใหม่,7,ฝาง,แม่ข่า,6,4,31,ประชากรไทย,1
50,เชียงใหม่,7,ฝาง,แม่ข่า,6,4,32,ครูไทยเพื่อประชาชน,1
50,เชียงใหม่,7,ฝาง,แม่ข่า,6,4,33,ประชาชาติ,1
50,เชียงใหม่,7,ฝาง,แม่ข่า,6,4,34,สร้างอนาคตไทย,1
50,เชียงใหม่,7,ฝาง,แม่ข่า,6,4,35,รักชาติ,0
50,เชียงใหม่,7,ฝาง,แม่ข่า,6,4,36,ไทยพร้อม,2
50,เชียงใหม่,7,ฝาง,แม่ข่า,6,4,37,ภูมิใจไทย,60
50,เชียงใหม่,7,ฝาง,แม่ข่า,6,4,38,พลังธรรมใหม่,2
50,เชียงใหม่,7,ฝาง,แม่ข่า,6,4,39,กรีน,0
50,เชียงใหม่,7,ฝาง,แม่ข่า,6,4,40,ไทยธรรม,0
50,เชียงใหม่,7,ฝาง,แม่ข่า,6,4,41,แผ่นดินธรรม,0
50,เชียงใหม่,7,ฝาง,แม่ข่า,6,4,42,กล้าธรรม,25
50,เชียงใหม่,7,ฝาง,แม่ข่า,6,4,43,พลังประชารัฐ,2
50,เชียงใหม่,7,ฝาง,แม่ข่า,6,4,44,โอกาสใหม่,0
50,เชียงใหม่,7,ฝาง,แม่ข่า,6,4,45,เป็นธรรม,2
50,เชียงใหม่,7,ฝาง,แม่ข่า,6,4,46,ประชาชน,178
50,เชียงใหม่,7,ฝาง,แม่ข่า,6,4,47,ประชาไทย,0
50,เชียงใหม่,7,ฝาง,แม่ข่า,6,4,48,ไทยสร้างไทย,1
50,เชียงใหม่,7,ฝาง,แม่ข่า,6,4,49,ไทยก้าวใหม่,2
50,เชียงใหม่,7,ฝาง,แม่ข่า,6,4,50,ประชาอาสาชาติ,1
50,เชียงใหม่,7,ฝาง,แม่ข่า,6,4,51,พร้อม,1
50,เชียงใหม่,7,ฝาง,แม่ข่า,6,4,52,เครือข่ายชาวนาแห่งประเทศไทย,0
50,เชียงใหม่,7,ฝาง,แม่ข่า,6,4,53,ไทยพิทักษ์ธรรม,0
50,เชียงใหม่,7,ฝาง,แม่ข่า,6,4,54,ความหวังใหม่,0
50,เชียงใหม่,7,ฝาง,แม่ข่า,6,4,55,ไทยรวมไทย,1
50,เชียงใหม่,7,ฝาง,แม่ข่า,6,4,56,เพื่อบ้านเมือง,0
50,เชียงใหม่,7,ฝาง,แม่ข่า,6,4,57,พลังไทยรักชาติ,1
50,เชียงใหม่,7,ฝาง,แม่ข่า,7,5,1,ไทยทรัพย์ทวี,0
50,เชียงใหม่,7,ฝาง,แม่ข่า,7,5,2,เพื่อชาติไทย,3
50,เชียงใหม่,7,ฝาง,แม่ข่า,7,5,3,ใหม่,0
50,เชียงใหม่,7,ฝาง,แม่ข่า,7,5,4,มิติใหม่,1
50,เชียงใหม่,7,ฝาง,แม่ข่า,7,5,5,รวมใจไทย,5
50,เชียงใหม่,7,ฝาง,แม่ข่า,7,5,6,รวมไทยสร้างชาติ,9
50,เชียงใหม่,7,ฝาง,แม่ข่า,7,5,7,พลวัต,2
50,เชียงใหม่,7,ฝาง,แม่ข่า,7,5,8,ประชาธิปไตยใหม่,0
50,เชียงใหม่,7,ฝาง,แม่ข่า,7,5,9,เพื่อไทย,110
50,เชียงใหม่,7,ฝาง,แม่ข่า,7,5,10,ทางเลือกใหม่,0
50,เชียงใหม่,7,ฝาง,แม่ข่า,7,5,11,เศรษฐกิจ,7
50,เชียงใหม่,7,ฝาง,แม่ข่า,7,5,12,เสรีรวมไทย,1
50,เชียงใหม่,7,ฝาง,แม่ข่า,7,5,13,รวมพลังประชาชน,1
50,เชียงใหม่,7,ฝาง,แม่ข่า,7,5,14,ท้องที่ไทย,0
50,เชียงใหม่,7,ฝาง,แม่ข่า,7,5,15,อนาคตไทย,1
50,เชียงใหม่,7,ฝาง,แม่ข่า,7,5,16,พลังเพื่อไทย,0
50,เชียงใหม่,7,ฝาง,แม่ข่า,7,5,17,ไทยชนะ,0
50,เชียงใหม่,7,ฝาง,แม่ข่า,7,5,18,พลังสังคมใหม่,0
50,เชียงใหม่,7,ฝาง,แม่ข่า,7,5,19,สังคมประชาธิปไตย,0
50,เชียงใหม่,7,ฝาง,แม่ข่า,7,5,20,ฟิวชัน,0
50,เชียงใหม่,7,ฝาง,แม่ข่า,7,5,21,ไทยรวมพลัง,0
50,เชียงใหม่,7,ฝาง,แม่ข่า,7,5,22,ก้าวอิสระ,1
50,เชียงใหม่,7,ฝาง,แม่ข่า,7,5,23,ปวงชนไทย,0
50,เชียงใหม่,7,ฝาง,แม่ข่า,7,5,24,วิชชั่นใหม่,0
50,เชียงใหม่,7,ฝาง,แม่ข่า,7,5,25,เพื่อชีวิตใหม่,0
50,เชียงใหม่,7,ฝาง,แม่ข่า,7,5,26,คลองไทย,0
50,เชียงใหม่,7,ฝาง,แม่ข่า,7,5,27,ประชาธิปัตย์,5
50,เชียงใหม่,7,ฝาง,แม่ข่า,7,5,28,ไทยก้าวหน้า,0
50,เชียงใหม่,7,ฝาง,แม่ข่า,7,5,29,ไทยภักดี,0
50,เชียงใหม่,7,ฝาง,แม่ข่า,7,5,30,แรงงานสร้างชาติ,0
50,เชียงใหม่,7,ฝาง,แม่ข่า,7,5,31,ประชากรไทย,0
50,เชียงใหม่,7,ฝาง,แม่ข่า,7,5,32,ครูไทยเพื่อประชาชน,0
50,เชียงใหม่,7,ฝาง,แม่ข่า,7,5,33,ประชาชาติ,0
50,เชียงใหม่,7,ฝาง,แม่ข่า,7,5,34,สร้างอนาคตไทย,0
50,เชียงใหม่,7,ฝาง,แม่ข่า,7,5,35,รักชาติ,0
50,เชียงใหม่,7,ฝาง,แม่ข่า,7,5,36,ไทยพร้อม,0
50,เชียงใหม่,7,ฝาง,แม่ข่า,7,5,37,ภูมิใจไทย,7
50,เชียงใหม่,7,ฝาง,แม่ข่า,7,5,38,พลังธรรมใหม่,1
50,เชียงใหม่,7,ฝาง,แม่ข่า,7,5,39,กรีน,0
50,เชียงใหม่,7,ฝาง,แม่ข่า,7,5,40,ไทยธรรม,0
50,เชียงใหม่,7,ฝาง,แม่ข่า,7,5,41,แผ่นดินธรรม,0
50,เชียงใหม่,7,ฝาง,แม่ข่า,7,5,42,กล้าธรรม,8
50,เชียงใหม่,7,ฝาง,แม่ข่า,7,5,43,พลังประชารัฐ,2
50,เชียงใหม่,7,ฝาง,แม่ข่า,7,5,44,โอกาสใหม่,0
50,เชียงใหม่,7,ฝาง,แม่ข่า,7,5,45,เป็นธรรม,0
50,เชียงใหม่,7,ฝาง,แม่ข่า,7,5,46,ประชาชน,127
50,เชียงใหม่,7,ฝาง,แม่ข่า,7,5,47,ประชาไทย,0
50,เชียงใหม่,7,ฝาง,แม่ข่า,7,5,48,ไทยสร้างไทย,0
50,เชียงใหม่,7,ฝาง,แม่ข่า,7,5,49,ไทยก้าวใหม่,1
50,เชียงใหม่,7,ฝาง,แม่ข่า,7,5,50,ประชาอาสาชาติ,0
50,เชียงใหม่,7,ฝาง,แม่ข่า,7,5,51,พร้อม,0
50,เชียงใหม่,7,ฝาง,แม่ข่า,7,5,52,เครือข่ายชาวนาแห่งประเทศไทย,0
50,เชียงใหม่,7,ฝาง,แม่ข่า,7,5,53,ไทยพิทักษ์ธรรม,0
50,เชียงใหม่,7,ฝาง,แม่ข่า,7,5,54,ความหวังใหม่,0
50,เชียงใหม่,7,ฝาง,แม่ข่า,7,5,55,ไทยรวมไทย,1
50,เชียงใหม่,7,ฝาง,แม่ข่า,7,5,56,เพื่อบ้านเมือง,0
50,เชียงใหม่,7,ฝาง,แม่ข่า,7,5,57,พลังไทยรักชาติ,0
50,เชียงใหม่,7,ฝาง,แม่ข่า,8,6,1,ไทยทรัพย์ทวี,4
50,เชียงใหม่,7,ฝาง,แม่ข่า,8,6,2,เพื่อชาติไทย,6
50,เชียงใหม่,7,ฝาง,แม่ข่า,8,6,3,ใหม่,2
50,เชียงใหม่,7,ฝาง,แม่ข่า,8,6,4,มิติใหม่,1
50,เชียงใหม่,7,ฝาง,แม่ข่า,8,6,5,รวมใจไทย,14
50,เชียงใหม่,7,ฝาง,แม่ข่า,8,6,6,รวมไทยสร้างชาติ,6
50,เชียงใหม่,7,ฝาง,แม่ข่า,8,6,7,พลวัต,4
50,เชียงใหม่,7,ฝาง,แม่ข่า,8,6,8,ประชาธิปไตยใหม่,2
50,เชียงใหม่,7,ฝาง,แม่ข่า,8,6,9,เพื่อไทย,62
50,เชียงใหม่,7,ฝาง,แม่ข่า,8,6,10,ทางเลือกใหม่,3
50,เชียงใหม่,7,ฝาง,แม่ข่า,8,6,11,เศรษฐกิจ,5
50,เชียงใหม่,7,ฝาง,แม่ข่า,8,6,12,เสรีรวมไทย,9
50,เชียงใหม่,7,ฝาง,แม่ข่า,8,6,13,รวมพลังประชาชน,12
50,เชียงใหม่,7,ฝาง,แม่ข่า,8,6,14,ท้องที่ไทย,1
50,เชียงใหม่,7,ฝาง,แม่ข่า,8,6,15,อนาคตไทย,0
50,เชียงใหม่,7,ฝาง,แม่ข่า,8,6,16,พลังเพื่อไทย,1
50,เชียงใหม่,7,ฝาง,แม่ข่า,8,6,17,ไทยชนะ,3
50,เชียงใหม่,7,ฝาง,แม่ข่า,8,6,18,พลังสังคมใหม่,1
50,เชียงใหม่,7,ฝาง,แม่ข่า,8,6,19,สังคมประชาธิปไตย,1
50,เชียงใหม่,7,ฝาง,แม่ข่า,8,6,20,ฟิวชัน,0
50,เชียงใหม่,7,ฝาง,แม่ข่า,8,6,21,ไทยรวมพลัง,0
50,เชียงใหม่,7,ฝาง,แม่ข่า,8,6,22,ก้าวอิสระ,0
50,เชียงใหม่,7,ฝาง,แม่ข่า,8,6,23,ปวงชนไทย,0
50,เชียงใหม่,7,ฝาง,แม่ข่า,8,6,24,วิชชั่นใหม่,4
50,เชียงใหม่,7,ฝาง,แม่ข่า,8,6,25,เพื่อชีวิตใหม่,1
50,เชียงใหม่,7,ฝาง,แม่ข่า,8,6,26,คลองไทย,2
50,เชียงใหม่,7,ฝาง,แม่ข่า,8,6,27,ประชาธิปัตย์,26
50,เชียงใหม่,7,ฝาง,แม่ข่า,8,6,28,ไทยก้าวหน้า,2
50,เชียงใหม่,7,ฝาง,แม่ข่า,8,6,29,ไทยภักดี,0
50,เชียงใหม่,7,ฝาง,แม่ข่า,8,6,30,แรงงานสร้างชาติ,1
50,เชียงใหม่,7,ฝาง,แม่ข่า,8,6,31,ประชากรไทย,1
50,เชียงใหม่,7,ฝาง,แม่ข่า,8,6,32,ครูไทยเพื่อประชาชน,1
50,เชียงใหม่,7,ฝาง,แม่ข่า,8,6,33,ประชาชาติ,3
50,เชียงใหม่,7,ฝาง,แม่ข่า,8,6,34,สร้างอนาคตไทย,1
50,เชียงใหม่,7,ฝาง,แม่ข่า,8,6,35,รักชาติ,1
50,เชียงใหม่,7,ฝาง,แม่ข่า,8,6,36,ไทยพร้อม,1
50,เชียงใหม่,7,ฝาง,แม่ข่า,8,6,37,ภูมิใจไทย,13
50,เชียงใหม่,7,ฝาง,แม่ข่า,8,6,38,พลังธรรมใหม่,2
50,เชียงใหม่,7,ฝาง,แม่ข่า,8,6,39,กรีน,0
50,เชียงใหม่,7,ฝาง,แม่ข่า,8,6,40,ไทยธรรม,0
50,เชียงใหม่,7,ฝาง,แม่ข่า,8,6,41,แผ่นดินธรรม,0
50,เชียงใหม่,7,ฝาง,แม่ข่า,8,6,42,กล้าธรรม,91
50,เชียงใหม่,7,ฝาง,แม่ข่า,8,6,43,พลังประชารัฐ,4
50,เชียงใหม่,7,ฝาง,แม่ข่า,8,6,44,โอกาสใหม่,2
50,เชียงใหม่,7,ฝาง,แม่ข่า,8,6,45,เป็นธรรม,3
50,เชียงใหม่,7,ฝาง,แม่ข่า,8,6,46,ประชาชน,83
50,เชียงใหม่,7,ฝาง,แม่ข่า,8,6,47,ประชาไทย,4
50,เชียงใหม่,7,ฝาง,แม่ข่า,8,6,48,ไทยสร้างไทย,1
50,เชียงใหม่,7,ฝาง,แม่ข่า,8,6,49,ไทยก้าวใหม่,0
50,เชียงใหม่,7,ฝาง,แม่ข่า,8,6,50,ประชาอาสาชาติ,0
50,เชียงใหม่,7,ฝาง,แม่ข่า,8,6,51,พร้อม,1
50,เชียงใหม่,7,ฝาง,แม่ข่า,8,6,52,เครือข่ายชาวนาแห่งประเทศไทย,0
50,เชียงใหม่,7,ฝาง,แม่ข่า,8,6,53,ไทยพิทักษ์ธรรม,1
50,เชียงใหม่,7,ฝาง,แม่ข่า,8,6,54,ความหวังใหม่,0
50,เชียงใหม่,7,ฝาง,แม่ข่า,8,6,55,ไทยรวมไทย,0
50,เชียงใหม่,7,ฝาง,แม่ข่า,8,6,56,เพื่อบ้านเมือง,1
50,เชียงใหม่,7,ฝาง,แม่ข่า,8,6,57,พลังไทยรักชาติ,0
50,เชียงใหม่,7,ฝาง,แม่ข่า,9,7,1,ไทยทรัพย์ทวี,1
50,เชียงใหม่,7,ฝาง,แม่ข่า,9,7,2,เพื่อชาติไทย,1
50,เชียงใหม่,7,ฝาง,แม่ข่า,9,7,3,ใหม่,0
50,เชียงใหม่,7,ฝาง,แม่ข่า,9,7,4,มิติใหม่,0
50,เชียงใหม่,7,ฝาง,แม่ข่า,9,7,5,รวมใจไทย,1
50,เชียงใหม่,7,ฝาง,แม่ข่า,9,7,6,รวมไทยสร้างชาติ,12
50,เชียงใหม่,7,ฝาง,แม่ข่า,9,7,7,พลวัต,2
50,เชียงใหม่,7,ฝาง,แม่ข่า,9,7,8,ประชาธิปไตยใหม่,1
50,เชียงใหม่,7,ฝาง,แม่ข่า,9,7,9,เพื่อไทย,103
50,เชียงใหม่,7,ฝาง,แม่ข่า,9,7,10,ทางเลือกใหม่,0
50,เชียงใหม่,7,ฝาง,แม่ข่า,9,7,11,เศรษฐกิจ,11
50,เชียงใหม่,7,ฝาง,แม่ข่า,9,7,12,เสรีรวมไทย,1
50,เชียงใหม่,7,ฝาง,แม่ข่า,9,7,13,รวมพลังประชาชน,3
50,เชียงใหม่,7,ฝาง,แม่ข่า,9,7,14,ท้องที่ไทย,0
50,เชียงใหม่,7,ฝาง,แม่ข่า,9,7,15,อนาคตไทย,0
50,เชียงใหม่,7,ฝาง,แม่ข่า,9,7,16,พลังเพื่อไทย,4
50,เชียงใหม่,7,ฝาง,แม่ข่า,9,7,17,ไทยชนะ,0
50,เชียงใหม่,7,ฝาง,แม่ข่า,9,7,18,พลังสังคมใหม่,0
50,เชียงใหม่,7,ฝาง,แม่ข่า,9,7,19,สังคมประชาธิปไตย,0
50,เชียงใหม่,7,ฝาง,แม่ข่า,9,7,20,ฟิวชัน,0
50,เชียงใหม่,7,ฝาง,แม่ข่า,9,7,21,ไทยรวมพลัง,0
50,เชียงใหม่,7,ฝาง,แม่ข่า,9,7,22,ก้าวอิสระ,0
50,เชียงใหม่,7,ฝาง,แม่ข่า,9,7,23,ปวงชนไทย,0
50,เชียงใหม่,7,ฝาง,แม่ข่า,9,7,24,วิชชั่นใหม่,0
50,เชียงใหม่,7,ฝาง,แม่ข่า,9,7,25,เพื่อชีวิตใหม่,0
50,เชียงใหม่,7,ฝาง,แม่ข่า,9,7,26,คลองไทย,0
50,เชียงใหม่,7,ฝาง,แม่ข่า,9,7,27,ประชาธิปัตย์,1
50,เชียงใหม่,7,ฝาง,แม่ข่า,9,7,28,ไทยก้าวหน้า,0
50,เชียงใหม่,7,ฝาง,แม่ข่า,9,7,29,ไทยภักดี,1
50,เชียงใหม่,7,ฝาง,แม่ข่า,9,7,30,แรงงานสร้างชาติ,0
50,เชียงใหม่,7,ฝาง,แม่ข่า,9,7,31,ประชากรไทย,2
50,เชียงใหม่,7,ฝาง,แม่ข่า,9,7,32,ครูไทยเพื่อประชาชน,0
50,เชียงใหม่,7,ฝาง,แม่ข่า,9,7,33,ประชาชาติ,0
50,เชียงใหม่,7,ฝาง,แม่ข่า,9,7,34,สร้างอนาคตไทย,0
50,เชียงใหม่,7,ฝาง,แม่ข่า,9,7,35,รักชาติ,1
50,เชียงใหม่,7,ฝาง,แม่ข่า,9,7,36,ไทยพร้อม,0
50,เชียงใหม่,7,ฝาง,แม่ข่า,9,7,37,ภูมิใจไทย,14
50,เชียงใหม่,7,ฝาง,แม่ข่า,9,7,38,พลังธรรมใหม่,1
50,เชียงใหม่,7,ฝาง,แม่ข่า,9,7,39,กรีน,0
50,เชียงใหม่,7,ฝาง,แม่ข่า,9,7,40,ไทยธรรม,0
50,เชียงใหม่,7,ฝาง,แม่ข่า,9,7,41,แผ่นดินธรรม,0
50,เชียงใหม่,7,ฝาง,แม่ข่า,9,7,42,กล้าธรรม,8
50,เชียงใหม่,7,ฝาง,แม่ข่า,9,7,43,พลังประชารัฐ,1
50,เชียงใหม่,7,ฝาง,แม่ข่า,9,7,44,โอกาสใหม่,0
50,เชียงใหม่,7,ฝาง,แม่ข่า,9,7,45,เป็นธรรม,0
50,เชียงใหม่,7,ฝาง,แม่ข่า,9,7,46,ประชาชน,64
50,เชียงใหม่,7,ฝาง,แม่ข่า,9,7,47,ประชาไทย,0
50,เชียงใหม่,7,ฝาง,แม่ข่า,9,7,48,ไทยสร้างไทย,0
50,เชียงใหม่,7,ฝาง,แม่ข่า,9,7,49,ไทยก้าวใหม่,0
50,เชียงใหม่,7,ฝาง,แม่ข่า,9,7,50,ประชาอาสาชาติ,0
50,เชียงใหม่,7,ฝาง,แม่ข่า,9,7,51,พร้อม,0
50,เชียงใหม่,7,ฝาง,แม่ข่า,9,7,52,เครือข่ายชาวนาแห่งประเทศไทย,0
50,เชียงใหม่,7,ฝาง,แม่ข่า,9,7,53,ไทยพิทักษ์ธรรม,0
50,เชียงใหม่,7,ฝาง,แม่ข่า,9,7,54,ความหวังใหม่,0
50,เชียงใหม่,7,ฝาง,แม่ข่า,9,7,55,ไทยรวมไทย,0
50,เชียงใหม่,7,ฝาง,แม่ข่า,9,7,56,เพื่อบ้านเมือง,0
50,เชียงใหม่,7,ฝาง,แม่ข่า,9,7,57,พลังไทยรักชาติ,0
50,เชียงใหม่,7,ฝาง,แม่ข่า,10,8,1,ไทยทรัพย์ทวี,1
50,เชียงใหม่,7,ฝาง,แม่ข่า,10,8,2,เพื่อชาติไทย,2
50,เชียงใหม่,7,ฝาง,แม่ข่า,10,8,3,ใหม่,2
50,เชียงใหม่,7,ฝาง,แม่ข่า,10,8,4,มิติใหม่,3
50,เชียงใหม่,7,ฝาง,แม่ข่า,10,8,5,รวมใจไทย,17
50,เชียงใหม่,7,ฝาง,แม่ข่า,10,8,6,รวมไทยสร้างชาติ,14
50,เชียงใหม่,7,ฝาง,แม่ข่า,10,8,7,พลวัต,2
50,เชียงใหม่,7,ฝาง,แม่ข่า,10,8,8,ประชาธิปไตยใหม่,5
50,เชียงใหม่,7,ฝาง,แม่ข่า,10,8,9,เพื่อไทย,115
50,เชียงใหม่,7,ฝาง,แม่ข่า,10,8,10,ทางเลือกใหม่,4
50,เชียงใหม่,7,ฝาง,แม่ข่า,10,8,11,เศรษฐกิจ,10
50,เชียงใหม่,7,ฝาง,แม่ข่า,10,8,12,เสรีรวมไทย,2
50,เชียงใหม่,7,ฝาง,แม่ข่า,10,8,13,รวมพลังประชาชน,2
50,เชียงใหม่,7,ฝาง,แม่ข่า,10,8,14,ท้องที่ไทย,0
50,เชียงใหม่,7,ฝาง,แม่ข่า,10,8,15,อนาคตไทย,0
50,เชียงใหม่,7,ฝาง,แม่ข่า,10,8,16,พลังเพื่อไทย,1
50,เชียงใหม่,7,ฝาง,แม่ข่า,10,8,17,ไทยชนะ,0
50,เชียงใหม่,7,ฝาง,แม่ข่า,10,8,18,พลังสังคมใหม่,0
50,เชียงใหม่,7,ฝาง,แม่ข่า,10,8,19,สังคมประชาธิปไตย,0
50,เชียงใหม่,7,ฝาง,แม่ข่า,10,8,20,ฟิวชัน,0
50,เชียงใหม่,7,ฝาง,แม่ข่า,10,8,21,ไทยรวมพลัง,0
50,เชียงใหม่,7,ฝาง,แม่ข่า,10,8,22,ก้าวอิสระ,0
50,เชียงใหม่,7,ฝาง,แม่ข่า,10,8,23,ปวงชนไทย,1
50,เชียงใหม่,7,ฝาง,แม่ข่า,10,8,24,วิชชั่นใหม่,1
50,เชียงใหม่,7,ฝาง,แม่ข่า,10,8,25,เพื่อชีวิตใหม่,1
50,เชียงใหม่,7,ฝาง,แม่ข่า,10,8,26,คลองไทย,0
50,เชียงใหม่,7,ฝาง,แม่ข่า,10,8,27,ประชาธิปัตย์,18
50,เชียงใหม่,7,ฝาง,แม่ข่า,10,8,28,ไทยก้าวหน้า,0
50,เชียงใหม่,7,ฝาง,แม่ข่า,10,8,29,ไทยภักดี,1
50,เชียงใหม่,7,ฝาง,แม่ข่า,10,8,30,แรงงานสร้างชาติ,0
50,เชียงใหม่,7,ฝาง,แม่ข่า,10,8,31,ประชากรไทย,1
50,เชียงใหม่,7,ฝาง,แม่ข่า,10,8,32,ครูไทยเพื่อประชาชน,0
50,เชียงใหม่,7,ฝาง,แม่ข่า,10,8,33,ประชาชาติ,0
50,เชียงใหม่,7,ฝาง,แม่ข่า,10,8,34,สร้างอนาคตไทย,1
50,เชียงใหม่,7,ฝาง,แม่ข่า,10,8,35,รักชาติ,5
50,เชียงใหม่,7,ฝาง,แม่ข่า,10,8,36,ไทยพร้อม,0
50,เชียงใหม่,7,ฝาง,แม่ข่า,10,8,37,ภูมิใจไทย,32
50,เชียงใหม่,7,ฝาง,แม่ข่า,10,8,38,พลังธรรมใหม่,1
50,เชียงใหม่,7,ฝาง,แม่ข่า,10,8,39,กรีน,0
50,เชียงใหม่,7,ฝาง,แม่ข่า,10,8,40,ไทยธรรม,0
50,เชียงใหม่,7,ฝาง,แม่ข่า,10,8,41,แผ่นดินธรรม,0
50,เชียงใหม่,7,ฝาง,แม่ข่า,10,8,42,กล้าธรรม,20
50,เชียงใหม่,7,ฝาง,แม่ข่า,10,8,43,พลังประชารัฐ,6
50,เชียงใหม่,7,ฝาง,แม่ข่า,10,8,44,โอกาสใหม่,0
50,เชียงใหม่,7,ฝาง,แม่ข่า,10,8,45,เป็นธรรม,0
50,เชียงใหม่,7,ฝาง,แม่ข่า,10,8,46,ประชาชน,151
50,เชียงใหม่,7,ฝาง,แม่ข่า,10,8,47,ประชาไทย,1
50,เชียงใหม่,7,ฝาง,แม่ข่า,10,8,48,ไทยสร้างไทย,0
50,เชียงใหม่,7,ฝาง,แม่ข่า,10,8,49,ไทยก้าวใหม่,0
50,เชียงใหม่,7,ฝาง,แม่ข่า,10,8,50,ประชาอาสาชาติ,0
50,เชียงใหม่,7,ฝาง,แม่ข่า,10,8,51,พร้อม,1
50,เชียงใหม่,7,ฝาง,แม่ข่า,10,8,52,เครือข่ายชาวนาแห่งประเทศไทย,0
50,เชียงใหม่,7,ฝาง,แม่ข่า,10,8,53,ไทยพิทักษ์ธรรม,0
50,เชียงใหม่,7,ฝาง,แม่ข่า,10,8,54,ความหวังใหม่,0
50,เชียงใหม่,7,ฝาง,แม่ข่า,10,8,55,ไทยรวมไทย,0
50,เชียงใหม่,7,ฝาง,แม่ข่า,10,8,56,เพื่อบ้านเมือง,0
50,เชียงใหม่,7,ฝาง,แม่ข่า,10,8,57,พลังไทยรักชาติ,1
50,เชียงใหม่,7,ฝาง,แม่ข่า,"1,11",9,1,ไทยทรัพย์ทวี,2
50,เชียงใหม่,7,ฝาง,แม่ข่า,"1,11",9,2,เพื่อชาติไทย,2
50,เชียงใหม่,7,ฝาง,แม่ข่า,"1,11",9,3,ใหม่,2
50,เชียงใหม่,7,ฝาง,แม่ข่า,"1,11",9,4,มิติใหม่,0
50,เชียงใหม่,7,ฝาง,แม่ข่า,"1,11",9,5,รวมใจไทย,8
50,เชียงใหม่,7,ฝาง,แม่ข่า,"1,11",9,6,รวมไทยสร้างชาติ,6
50,เชียงใหม่,7,ฝาง,แม่ข่า,"1,11",9,7,พลวัต,0
50,เชียงใหม่,7,ฝาง,แม่ข่า,"1,11",9,8,ประชาธิปไตยใหม่,0
50,เชียงใหม่,7,ฝาง,แม่ข่า,"1,11",9,9,เพื่อไทย,107
50,เชียงใหม่,7,ฝาง,แม่ข่า,"1,11",9,10,ทางเลือกใหม่,1
50,เชียงใหม่,7,ฝาง,แม่ข่า,"1,11",9,11,เศรษฐกิจ,9
50,เชียงใหม่,7,ฝาง,แม่ข่า,"1,11",9,12,เสรีรวมไทย,0
50,เชียงใหม่,7,ฝาง,แม่ข่า,"1,11",9,13,รวมพลังประชาชน,0
50,เชียงใหม่,7,ฝาง,แม่ข่า,"1,11",9,14,ท้องที่ไทย,0
50,เชียงใหม่,7,ฝาง,แม่ข่า,"1,11",9,15,อนาคตไทย,0
50,เชียงใหม่,7,ฝาง,แม่ข่า,"1,11",9,16,พลังเพื่อไทย,2
50,เชียงใหม่,7,ฝาง,แม่ข่า,"1,11",9,17,ไทยชนะ,0
50,เชียงใหม่,7,ฝาง,แม่ข่า,"1,11",9,18,พลังสังคมใหม่,0
50,เชียงใหม่,7,ฝาง,แม่ข่า,"1,11",9,19,สังคมประชาธิปไตย,0
50,เชียงใหม่,7,ฝาง,แม่ข่า,"1,11",9,20,ฟิวชัน,0
50,เชียงใหม่,7,ฝาง,แม่ข่า,"1,11",9,21,ไทยรวมพลัง,0
50,เชียงใหม่,7,ฝาง,แม่ข่า,"1,11",9,22,ก้าวอิสระ,0
50,เชียงใหม่,7,ฝาง,แม่ข่า,"1,11",9,23,ปวงชนไทย,0
50,เชียงใหม่,7,ฝาง,แม่ข่า,"1,11",9,24,วิชชั่นใหม่,0
50,เชียงใหม่,7,ฝาง,แม่ข่า,"1,11",9,25,เพื่อชีวิตใหม่,0
50,เชียงใหม่,7,ฝาง,แม่ข่า,"1,11",9,26,คลองไทย,0
50,เชียงใหม่,7,ฝาง,แม่ข่า,"1,11",9,27,ประชาธิปัตย์,7
50,เชียงใหม่,7,ฝาง,แม่ข่า,"1,11",9,28,ไทยก้าวหน้า,0
50,เชียงใหม่,7,ฝาง,แม่ข่า,"1,11",9,29,ไทยภักดี,2
50,เชียงใหม่,7,ฝาง,แม่ข่า,"1,11",9,30,แรงงานสร้างชาติ,0
50,เชียงใหม่,7,ฝาง,แม่ข่า,"1,11",9,31,ประชากรไทย,1
50,เชียงใหม่,7,ฝาง,แม่ข่า,"1,11",9,32,ครูไทยเพื่อประชาชน,0
50,เชียงใหม่,7,ฝาง,แม่ข่า,"1,11",9,33,ประชาชาติ,0
50,เชียงใหม่,7,ฝาง,แม่ข่า,"1,11",9,34,สร้างอนาคตไทย,0
50,เชียงใหม่,7,ฝาง,แม่ข่า,"1,11",9,35,รักชาติ,0
50,เชียงใหม่,7,ฝาง,แม่ข่า,"1,11",9,36,ไทยพร้อม,1
50,เชียงใหม่,7,ฝาง,แม่ข่า,"1,11",9,37,ภูมิใจไทย,9
50,เชียงใหม่,7,ฝาง,แม่ข่า,"1,11",9,38,พลังธรรมใหม่,1
50,เชียงใหม่,7,ฝาง,แม่ข่า,"1,11",9,39,กรีน,0
50,เชียงใหม่,7,ฝาง,แม่ข่า,"1,11",9,40,ไทยธรรม,1
50,เชียงใหม่,7,ฝาง,แม่ข่า,"1,11",9,41,แผ่นดินธรรม,1
50,เชียงใหม่,7,ฝาง,แม่ข่า,"1,11",9,42,กล้าธรรม,13
50,เชียงใหม่,7,ฝาง,แม่ข่า,"1,11",9,43,พลังประชารัฐ,5
50,เชียงใหม่,7,ฝาง,แม่ข่า,"1,11",9,44,โอกาสใหม่,0
50,เชียงใหม่,7,ฝาง,แม่ข่า,"1,11",9,45,เป็นธรรม,0
50,เชียงใหม่,7,ฝาง,แม่ข่า,"1,11",9,46,ประชาชน,89
50,เชียงใหม่,7,ฝาง,แม่ข่า,"1,11",9,47,ประชาไทย,0
50,เชียงใหม่,7,ฝาง,แม่ข่า,"1,11",9,48,ไทยสร้างไทย,0
50,เชียงใหม่,7,ฝาง,แม่ข่า,"1,11",9,49,ไทยก้าวใหม่,0
50,เชียงใหม่,7,ฝาง,แม่ข่า,"1,11",9,50,ประชาอาสาชาติ,0
50,เชียงใหม่,7,ฝาง,แม่ข่า,"1,11",9,51,พร้อม,0
50,เชียงใหม่,7,ฝาง,แม่ข่า,"1,11",9,52,เครือข่ายชาวนาแห่งประเทศไทย,0
50,เชียงใหม่,7,ฝาง,แม่ข่า,"1,11",9,53,ไทยพิทักษ์ธรรม,0
50,เชียงใหม่,7,ฝาง,แม่ข่า,"1,11",9,54,ความหวังใหม่,0
50,เชียงใหม่,7,ฝาง,แม่ข่า,"1,11",9,55,ไทยรวมไทย,0
50,เชียงใหม่,7,ฝาง,แม่ข่า,"1,11",9,56,เพื่อบ้านเมือง,0
50,เชียงใหม่,7,ฝาง,แม่ข่า,"1,11",9,57,พลังไทยรักชาติ,0
50,เชียงใหม่,7,ฝาง,แม่ข่า,12,10,1,ไทยทรัพย์ทวี,3
50,เชียงใหม่,7,ฝาง,แม่ข่า,12,10,2,เพื่อชาติไทย,5
50,เชียงใหม่,7,ฝาง,แม่ข่า,12,10,3,ใหม่,1
50,เชียงใหม่,7,ฝาง,แม่ข่า,12,10,4,มิติใหม่,0
50,เชียงใหม่,7,ฝาง,แม่ข่า,12,10,5,รวมใจไทย,5
50,เชียงใหม่,7,ฝาง,แม่ข่า,12,10,6,รวมไทยสร้างชาติ,15
50,เชียงใหม่,7,ฝาง,แม่ข่า,12,10,7,พลวัต,4
50,เชียงใหม่,7,ฝาง,แม่ข่า,12,10,8,ประชาธิปไตยใหม่,3
50,เชียงใหม่,7,ฝาง,แม่ข่า,12,10,9,เพื่อไทย,96
50,เชียงใหม่,7,ฝาง,แม่ข่า,12,10,10,ทางเลือกใหม่,1
50,เชียงใหม่,7,ฝาง,แม่ข่า,12,10,11,เศรษฐกิจ,11
50,เชียงใหม่,7,ฝาง,แม่ข่า,12,10,12,เสรีรวมไทย,3
50,เชียงใหม่,7,ฝาง,แม่ข่า,12,10,13,รวมพลังประชาชน,4
50,เชียงใหม่,7,ฝาง,แม่ข่า,12,10,14,ท้องที่ไทย,0
50,เชียงใหม่,7,ฝาง,แม่ข่า,12,10,15,อนาคตไทย,0
50,เชียงใหม่,7,ฝาง,แม่ข่า,12,10,16,พลังเพื่อไทย,2
50,เชียงใหม่,7,ฝาง,แม่ข่า,12,10,17,ไทยชนะ,0
50,เชียงใหม่,7,ฝาง,แม่ข่า,12,10,18,พลังสังคมใหม่,0
50,เชียงใหม่,7,ฝาง,แม่ข่า,12,10,19,สังคมประชาธิปไตย,0
50,เชียงใหม่,7,ฝาง,แม่ข่า,12,10,20,ฟิวชัน,0
50,เชียงใหม่,7,ฝาง,แม่ข่า,12,10,21,ไทยรวมพลัง,0
50,เชียงใหม่,7,ฝาง,แม่ข่า,12,10,22,ก้าวอิสระ,1
50,เชียงใหม่,7,ฝาง,แม่ข่า,12,10,23,ปวงชนไทย,1
50,เชียงใหม่,7,ฝาง,แม่ข่า,12,10,24,วิชชั่นใหม่,0
50,เชียงใหม่,7,ฝาง,แม่ข่า,12,10,25,เพื่อชีวิตใหม่,0
50,เชียงใหม่,7,ฝาง,แม่ข่า,12,10,26,คลองไทย,2
50,เชียงใหม่,7,ฝาง,แม่ข่า,12,10,27,ประชาธิปัตย์,12
50,เชียงใหม่,7,ฝาง,แม่ข่า,12,10,28,ไทยก้าวหน้า,2
50,เชียงใหม่,7,ฝาง,แม่ข่า,12,10,29,ไทยภักดี,1
50,เชียงใหม่,7,ฝาง,แม่ข่า,12,10,30,แรงงานสร้างชาติ,1
50,เชียงใหม่,7,ฝาง,แม่ข่า,12,10,31,ประชากรไทย,1
50,เชียงใหม่,7,ฝาง,แม่ข่า,12,10,32,ครูไทยเพื่อประชาชน,0
50,เชียงใหม่,7,ฝาง,แม่ข่า,12,10,33,ประชาชาติ,0
50,เชียงใหม่,7,ฝาง,แม่ข่า,12,10,34,สร้างอนาคตไทย,0
50,เชียงใหม่,7,ฝาง,แม่ข่า,12,10,35,รักชาติ,1
50,เชียงใหม่,7,ฝาง,แม่ข่า,12,10,36,ไทยพร้อม,2
50,เชียงใหม่,7,ฝาง,แม่ข่า,12,10,37,ภูมิใจไทย,32
50,เชียงใหม่,7,ฝาง,แม่ข่า,12,10,38,พลังธรรมใหม่,0
50,เชียงใหม่,7,ฝาง,แม่ข่า,12,10,39,กรีน,0
50,เชียงใหม่,7,ฝาง,แม่ข่า,12,10,40,ไทยธรรม,1
50,เชียงใหม่,7,ฝาง,แม่ข่า,12,10,41,แผ่นดินธรรม,0
50,เชียงใหม่,7,ฝาง,แม่ข่า,12,10,42,กล้าธรรม,7
50,เชียงใหม่,7,ฝาง,แม่ข่า,12,10,43,พลังประชารัฐ,1
50,เชียงใหม่,7,ฝาง,แม่ข่า,12,10,44,โอกาสใหม่,0
50,เชียงใหม่,7,ฝาง,แม่ข่า,12,10,45,เป็นธรรม,0
50,เชียงใหม่,7,ฝาง,แม่ข่า,12,10,46,ประชาชน,97
50,เชียงใหม่,7,ฝาง,แม่ข่า,12,10,47,ประชาไทย,0
50,เชียงใหม่,7,ฝาง,แม่ข่า,12,10,48,ไทยสร้างไทย,1
50,เชียงใหม่,7,ฝาง,แม่ข่า,12,10,49,ไทยก้าวใหม่,0
50,เชียงใหม่,7,ฝาง,แม่ข่า,12,10,50,ประชาอาสาชาติ,0
50,เชียงใหม่,7,ฝาง,แม่ข่า,12,10,51,พร้อม,0
50,เชียงใหม่,7,ฝาง,แม่ข่า,12,10,52,เครือข่ายชาวนาแห่งประเทศไทย,0
50,เชียงใหม่,7,ฝาง,แม่ข่า,12,10,53,ไทยพิทักษ์ธรรม,0
50,เชียงใหม่,7,ฝาง,แม่ข่า,12,10,54,ความหวังใหม่,0
50,เชียงใหม่,7,ฝาง,แม่ข่า,12,10,55,ไทยรวมไทย,0
50,เชียงใหม่,7,ฝาง,แม่ข่า,12,10,56,เพื่อบ้านเมือง,0
50,เชียงใหม่,7,ฝาง,แม่ข่า,12,10,57,พลังไทยรักชาติ,0
50,เชียงใหม่,7,ฝาง,แม่ข่า,13,11,1,ไทยทรัพย์ทวี,4
50,เชียงใหม่,7,ฝาง,แม่ข่า,13,11,2,เพื่อชาติไทย,0
50,เชียงใหม่,7,ฝาง,แม่ข่า,13,11,3,ใหม่,3
50,เชียงใหม่,7,ฝาง,แม่ข่า,13,11,4,มิติใหม่,0
50,เชียงใหม่,7,ฝาง,แม่ข่า,13,11,5,รวมใจไทย,1
50,เชียงใหม่,7,ฝาง,แม่ข่า,13,11,6,รวมไทยสร้างชาติ,8
50,เชียงใหม่,7,ฝาง,แม่ข่า,13,11,7,พลวัต,1
50,เชียงใหม่,7,ฝาง,แม่ข่า,13,11,8,ประชาธิปไตยใหม่,1
50,เชียงใหม่,7,ฝาง,แม่ข่า,13,11,9,เพื่อไทย,82
50,เชียงใหม่,7,ฝาง,แม่ข่า,13,11,10,ทางเลือกใหม่,1
50,เชียงใหม่,7,ฝาง,แม่ข่า,13,11,11,เศรษฐกิจ,10
50,เชียงใหม่,7,ฝาง,แม่ข่า,13,11,12,เสรีรวมไทย,0
50,เชียงใหม่,7,ฝาง,แม่ข่า,13,11,13,รวมพลังประชาชน,2
50,เชียงใหม่,7,ฝาง,แม่ข่า,13,11,14,ท้องที่ไทย,0
50,เชียงใหม่,7,ฝาง,แม่ข่า,13,11,15,อนาคตไทย,0
50,เชียงใหม่,7,ฝาง,แม่ข่า,13,11,16,พลังเพื่อไทย,0
50,เชียงใหม่,7,ฝาง,แม่ข่า,13,11,17,ไทยชนะ,0
50,เชียงใหม่,7,ฝาง,แม่ข่า,13,11,18,พลังสังคมใหม่,0
50,เชียงใหม่,7,ฝาง,แม่ข่า,13,11,19,สังคมประชาธิปไตย,0
50,เชียงใหม่,7,ฝาง,แม่ข่า,13,11,20,ฟิวชัน,0
50,เชียงใหม่,7,ฝาง,แม่ข่า,13,11,21,ไทยรวมพลัง,0
50,เชียงใหม่,7,ฝาง,แม่ข่า,13,11,22,ก้าวอิสระ,0
50,เชียงใหม่,7,ฝาง,แม่ข่า,13,11,23,ปวงชนไทย,0
50,เชียงใหม่,7,ฝาง,แม่ข่า,13,11,24,วิชชั่นใหม่,0
50,เชียงใหม่,7,ฝาง,แม่ข่า,13,11,25,เพื่อชีวิตใหม่,0
50,เชียงใหม่,7,ฝาง,แม่ข่า,13,11,26,คลองไทย,0
50,เชียงใหม่,7,ฝาง,แม่ข่า,13,11,27,ประชาธิปัตย์,4
50,เชียงใหม่,7,ฝาง,แม่ข่า,13,11,28,ไทยก้าวหน้า,0
50,เชียงใหม่,7,ฝาง,แม่ข่า,13,11,29,ไทยภักดี,1
50,เชียงใหม่,7,ฝาง,แม่ข่า,13,11,30,แรงงานสร้างชาติ,1
50,เชียงใหม่,7,ฝาง,แม่ข่า,13,11,31,ประชากรไทย,1
50,เชียงใหม่,7,ฝาง,แม่ข่า,13,11,32,ครูไทยเพื่อประชาชน,0
50,เชียงใหม่,7,ฝาง,แม่ข่า,13,11,33,ประชาชาติ,0
50,เชียงใหม่,7,ฝาง,แม่ข่า,13,11,34,สร้างอนาคตไทย,0
50,เชียงใหม่,7,ฝาง,แม่ข่า,13,11,35,รักชาติ,1
50,เชียงใหม่,7,ฝาง,แม่ข่า,13,11,36,ไทยพร้อม,0
50,เชียงใหม่,7,ฝาง,แม่ข่า,13,11,37,ภูมิใจไทย,14
50,เชียงใหม่,7,ฝาง,แม่ข่า,13,11,38,พลังธรรมใหม่,3
50,เชียงใหม่,7,ฝาง,แม่ข่า,13,11,39,กรีน,0
50,เชียงใหม่,7,ฝาง,แม่ข่า,13,11,40,ไทยธรรม,0
50,เชียงใหม่,7,ฝาง,แม่ข่า,13,11,41,แผ่นดินธรรม,0
50,เชียงใหม่,7,ฝาง,แม่ข่า,13,11,42,กล้าธรรม,13
50,เชียงใหม่,7,ฝาง,แม่ข่า,13,11,43,พลังประชารัฐ,0
50,เชียงใหม่,7,ฝาง,แม่ข่า,13,11,44,โอกาสใหม่,0
50,เชียงใหม่,7,ฝาง,แม่ข่า,13,11,45,เป็นธรรม,0
50,เชียงใหม่,7,ฝาง,แม่ข่า,13,11,46,ประชาชน,66
50,เชียงใหม่,7,ฝาง,แม่ข่า,13,11,47,ประชาไทย,0
50,เชียงใหม่,7,ฝาง,แม่ข่า,13,11,48,ไทยสร้างไทย,0
50,เชียงใหม่,7,ฝาง,แม่ข่า,13,11,49,ไทยก้าวใหม่,2
50,เชียงใหม่,7,ฝาง,แม่ข่า,13,11,50,ประชาอาสาชาติ,0
50,เชียงใหม่,7,ฝาง,แม่ข่า,13,11,51,พร้อม,0
50,เชียงใหม่,7,ฝาง,แม่ข่า,13,11,52,เครือข่ายชาวนาแห่งประเทศไทย,0
50,เชียงใหม่,7,ฝาง,แม่ข่า,13,11,53,ไทยพิทักษ์ธรรม,0
50,เชียงใหม่,7,ฝาง,แม่ข่า,13,11,54,ความหวังใหม่,0
50,เชียงใหม่,7,ฝาง,แม่ข่า,13,11,55,ไทยรวมไทย,0
50,เชียงใหม่,7,ฝาง,แม่ข่า,13,11,56,เพื่อบ้านเมือง,0
50,เชียงใหม่,7,ฝาง,แม่ข่า,13,11,57,พลังไทยรักชาติ,0
50,เชียงใหม่,7,ฝาง,แม่คะ,1,1,1,ไทยทรัพย์ทวี,2
50,เชียงใหม่,7,ฝาง,แม่คะ,1,1,2,เพื่อชาติไทย,2
50,เชียงใหม่,7,ฝาง,แม่คะ,1,1,3,ใหม่,0
50,เชียงใหม่,7,ฝาง,แม่คะ,1,1,4,มิติใหม่,1
50,เชียงใหม่,7,ฝาง,แม่คะ,1,1,5,รวมใจไทย,8
50,เชียงใหม่,7,ฝาง,แม่คะ,1,1,6,รวมไทยสร้างชาติ,12
50,เชียงใหม่,7,ฝาง,แม่คะ,1,1,7,พลวัต,3
50,เชียงใหม่,7,ฝาง,แม่คะ,1,1,8,ประชาธิปไตยใหม่,0
50,เชียงใหม่,7,ฝาง,แม่คะ,1,1,9,เพื่อไทย,230
50,เชียงใหม่,7,ฝาง,แม่คะ,1,1,10,ทางเลือกใหม่,2
50,เชียงใหม่,7,ฝาง,แม่คะ,1,1,11,เศรษฐกิจ,14
50,เชียงใหม่,7,ฝาง,แม่คะ,1,1,12,เสรีรวมไทย,0
50,เชียงใหม่,7,ฝาง,แม่คะ,1,1,13,รวมพลังประชาชน,2
50,เชียงใหม่,7,ฝาง,แม่คะ,1,1,14,ท้องที่ไทย,0
50,เชียงใหม่,7,ฝาง,แม่คะ,1,1,15,อนาคตไทย,0
50,เชียงใหม่,7,ฝาง,แม่คะ,1,1,16,พลังเพื่อไทย,1
50,เชียงใหม่,7,ฝาง,แม่คะ,1,1,17,ไทยชนะ,0
50,เชียงใหม่,7,ฝาง,แม่คะ,1,1,18,พลังสังคมใหม่,0
50,เชียงใหม่,7,ฝาง,แม่คะ,1,1,19,สังคมประชาธิปไตย,0
50,เชียงใหม่,7,ฝาง,แม่คะ,1,1,20,ฟิวชัน,0
50,เชียงใหม่,7,ฝาง,แม่คะ,1,1,21,ไทยรวมพลัง,0
50,เชียงใหม่,7,ฝาง,แม่คะ,1,1,22,ก้าวอิสระ,0
50,เชียงใหม่,7,ฝาง,แม่คะ,1,1,23,ปวงชนไทย,0
50,เชียงใหม่,7,ฝาง,แม่คะ,1,1,24,วิชชั่นใหม่,0
50,เชียงใหม่,7,ฝาง,แม่คะ,1,1,25,เพื่อชีวิตใหม่,0
50,เชียงใหม่,7,ฝาง,แม่คะ,1,1,26,คลองไทย,0
50,เชียงใหม่,7,ฝาง,แม่คะ,1,1,27,ประชาธิปัตย์,12
50,เชียงใหม่,7,ฝาง,แม่คะ,1,1,28,ไทยก้าวหน้า,0
50,เชียงใหม่,7,ฝาง,แม่คะ,1,1,29,ไทยภักดี,1
50,เชียงใหม่,7,ฝาง,แม่คะ,1,1,30,แรงงานสร้างชาติ,1
50,เชียงใหม่,7,ฝาง,แม่คะ,1,1,31,ประชากรไทย,0
50,เชียงใหม่,7,ฝาง,แม่คะ,1,1,32,ครูไทยเพื่อประชาชน,0
50,เชียงใหม่,7,ฝาง,แม่คะ,1,1,33,ประชาชาติ,0
50,เชียงใหม่,7,ฝาง,แม่คะ,1,1,34,สร้างอนาคตไทย,0
50,เชียงใหม่,7,ฝาง,แม่คะ,1,1,35,รักชาติ,2
50,เชียงใหม่,7,ฝาง,แม่คะ,1,1,36,ไทยพร้อม,0
50,เชียงใหม่,7,ฝาง,แม่คะ,1,1,37,ภูมิใจไทย,47
50,เชียงใหม่,7,ฝาง,แม่คะ,1,1,38,พลังธรรมใหม่,2
50,เชียงใหม่,7,ฝาง,แม่คะ,1,1,39,กรีน,0
50,เชียงใหม่,7,ฝาง,แม่คะ,1,1,40,ไทยธรรม,0
50,เชียงใหม่,7,ฝาง,แม่คะ,1,1,41,แผ่นดินธรรม,0
50,เชียงใหม่,7,ฝาง,แม่คะ,1,1,42,กล้าธรรม,19
50,เชียงใหม่,7,ฝาง,แม่คะ,1,1,43,พลังประชารัฐ,0
50,เชียงใหม่,7,ฝาง,แม่คะ,1,1,44,โอกาสใหม่,1
50,เชียงใหม่,7,ฝาง,แม่คะ,1,1,45,เป็นธรรม,0
50,เชียงใหม่,7,ฝาง,แม่คะ,1,1,46,ประชาชน,136
50,เชียงใหม่,7,ฝาง,แม่คะ,1,1,47,ประชาไทย,0
50,เชียงใหม่,7,ฝาง,แม่คะ,1,1,48,ไทยสร้างไทย,0
50,เชียงใหม่,7,ฝาง,แม่คะ,1,1,49,ไทยก้าวใหม่,1
50,เชียงใหม่,7,ฝาง,แม่คะ,1,1,50,ประชาอาสาชาติ,0
50,เชียงใหม่,7,ฝาง,แม่คะ,1,1,51,พร้อม,0
50,เชียงใหม่,7,ฝาง,แม่คะ,1,1,52,เครือข่ายชาวนาแห่งประเทศไทย,0
50,เชียงใหม่,7,ฝาง,แม่คะ,1,1,53,ไทยพิทักษ์ธรรม,0
50,เชียงใหม่,7,ฝาง,แม่คะ,1,1,54,ความหวังใหม่,0
50,เชียงใหม่,7,ฝาง,แม่คะ,1,1,55,ไทยรวมไทย,0
50,เชียงใหม่,7,ฝาง,แม่คะ,1,1,56,เพื่อบ้านเมือง,0
50,เชียงใหม่,7,ฝาง,แม่คะ,1,1,57,พลังไทยรักชาติ,0
50,เชียงใหม่,7,ฝาง,แม่คะ,2,2,1,ไทยทรัพย์ทวี,1
50,เชียงใหม่,7,ฝาง,แม่คะ,2,2,2,เพื่อชาติไทย,4
50,เชียงใหม่,7,ฝาง,แม่คะ,2,2,3,ใหม่,1
50,เชียงใหม่,7,ฝาง,แม่คะ,2,2,4,มิติใหม่,1
50,เชียงใหม่,7,ฝาง,แม่คะ,2,2,5,รวมใจไทย,13
50,เชียงใหม่,7,ฝาง,แม่คะ,2,2,6,รวมไทยสร้างชาติ,6
50,เชียงใหม่,7,ฝาง,แม่คะ,2,2,7,พลวัต,5
50,เชียงใหม่,7,ฝาง,แม่คะ,2,2,8,ประชาธิปไตยใหม่,0
50,เชียงใหม่,7,ฝาง,แม่คะ,2,2,9,เพื่อไทย,127
50,เชียงใหม่,7,ฝาง,แม่คะ,2,2,10,ทางเลือกใหม่,1
50,เชียงใหม่,7,ฝาง,แม่คะ,2,2,11,เศรษฐกิจ,9
50,เชียงใหม่,7,ฝาง,แม่คะ,2,2,12,เสรีรวมไทย,2
50,เชียงใหม่,7,ฝาง,แม่คะ,2,2,13,รวมพลังประชาชน,2
50,เชียงใหม่,7,ฝาง,แม่คะ,2,2,14,ท้องที่ไทย,0
50,เชียงใหม่,7,ฝาง,แม่คะ,2,2,15,อนาคตไทย,1
50,เชียงใหม่,7,ฝาง,แม่คะ,2,2,16,พลังเพื่อไทย,2
50,เชียงใหม่,7,ฝาง,แม่คะ,2,2,17,ไทยชนะ,0
50,เชียงใหม่,7,ฝาง,แม่คะ,2,2,18,พลังสังคมใหม่,0
50,เชียงใหม่,7,ฝาง,แม่คะ,2,2,19,สังคมประชาธิปไตย,0
50,เชียงใหม่,7,ฝาง,แม่คะ,2,2,20,ฟิวชัน,0
50,เชียงใหม่,7,ฝาง,แม่คะ,2,2,21,ไทยรวมพลัง,0
50,เชียงใหม่,7,ฝาง,แม่คะ,2,2,22,ก้าวอิสระ,1
50,เชียงใหม่,7,ฝาง,แม่คะ,2,2,23,ปวงชนไทย,0
50,เชียงใหม่,7,ฝาง,แม่คะ,2,2,24,วิชชั่นใหม่,1
50,เชียงใหม่,7,ฝาง,แม่คะ,2,2,25,เพื่อชีวิตใหม่,0
50,เชียงใหม่,7,ฝาง,แม่คะ,2,2,26,คลองไทย,1
50,เชียงใหม่,7,ฝาง,แม่คะ,2,2,27,ประชาธิปัตย์,13
50,เชียงใหม่,7,ฝาง,แม่คะ,2,2,28,ไทยก้าวหน้า,0
50,เชียงใหม่,7,ฝาง,แม่คะ,2,2,29,ไทยภักดี,0
50,เชียงใหม่,7,ฝาง,แม่คะ,2,2,30,แรงงานสร้างชาติ,1
50,เชียงใหม่,7,ฝาง,แม่คะ,2,2,31,ประชากรไทย,0
50,เชียงใหม่,7,ฝาง,แม่คะ,2,2,32,ครูไทยเพื่อประชาชน,0
50,เชียงใหม่,7,ฝาง,แม่คะ,2,2,33,ประชาชาติ,1
50,เชียงใหม่,7,ฝาง,แม่คะ,2,2,34,สร้างอนาคตไทย,1
50,เชียงใหม่,7,ฝาง,แม่คะ,2,2,35,รักชาติ,0
50,เชียงใหม่,7,ฝาง,แม่คะ,2,2,36,ไทยพร้อม,2
50,เชียงใหม่,7,ฝาง,แม่คะ,2,2,37,ภูมิใจไทย,56
50,เชียงใหม่,7,ฝาง,แม่คะ,2,2,38,พลังธรรมใหม่,1
50,เชียงใหม่,7,ฝาง,แม่คะ,2,2,39,กรีน,0
50,เชียงใหม่,7,ฝาง,แม่คะ,2,2,40,ไทยธรรม,1
50,เชียงใหม่,7,ฝาง,แม่คะ,2,2,41,แผ่นดินธรรม,0
50,เชียงใหม่,7,ฝาง,แม่คะ,2,2,42,กล้าธรรม,19
50,เชียงใหม่,7,ฝาง,แม่คะ,2,2,43,พลังประชารัฐ,5
50,เชียงใหม่,7,ฝาง,แม่คะ,2,2,44,โอกาสใหม่,0
50,เชียงใหม่,7,ฝาง,แม่คะ,2,2,45,เป็นธรรม,0
50,เชียงใหม่,7,ฝาง,แม่คะ,2,2,46,ประชาชน,133
50,เชียงใหม่,7,ฝาง,แม่คะ,2,2,47,ประชาไทย,3
50,เชียงใหม่,7,ฝาง,แม่คะ,2,2,48,ไทยสร้างไทย,2
50,เชียงใหม่,7,ฝาง,แม่คะ,2,2,49,ไทยก้าวใหม่,0
50,เชียงใหม่,7,ฝาง,แม่คะ,2,2,50,ประชาอาสาชาติ,0
50,เชียงใหม่,7,ฝาง,แม่คะ,2,2,51,พร้อม,1
50,เชียงใหม่,7,ฝาง,แม่คะ,2,2,52,เครือข่ายชาวนาแห่งประเทศไทย,0
50,เชียงใหม่,7,ฝาง,แม่คะ,2,2,53,ไทยพิทักษ์ธรรม,0
50,เชียงใหม่,7,ฝาง,แม่คะ,2,2,54,ความหวังใหม่,1
50,เชียงใหม่,7,ฝาง,แม่คะ,2,2,55,ไทยรวมไทย,0
50,เชียงใหม่,7,ฝาง,แม่คะ,2,2,56,เพื่อบ้านเมือง,0
50,เชียงใหม่,7,ฝาง,แม่คะ,2,2,57,พลังไทยรักชาติ,0
50,เชียงใหม่,7,ฝาง,แม่คะ,3,3,1,ไทยทรัพย์ทวี,2
50,เชียงใหม่,7,ฝาง,แม่คะ,3,3,2,เพื่อชาติไทย,1
50,เชียงใหม่,7,ฝาง,แม่คะ,3,3,3,ใหม่,1
50,เชียงใหม่,7,ฝาง,แม่คะ,3,3,4,มิติใหม่,0
50,เชียงใหม่,7,ฝาง,แม่คะ,3,3,5,รวมใจไทย,3
50,เชียงใหม่,7,ฝาง,แม่คะ,3,3,6,รวมไทยสร้างชาติ,3
50,เชียงใหม่,7,ฝาง,แม่คะ,3,3,7,พลวัต,0
50,เชียงใหม่,7,ฝาง,แม่คะ,3,3,8,ประชาธิปไตยใหม่,1
50,เชียงใหม่,7,ฝาง,แม่คะ,3,3,9,เพื่อไทย,80
50,เชียงใหม่,7,ฝาง,แม่คะ,3,3,10,ทางเลือกใหม่,0
50,เชียงใหม่,7,ฝาง,แม่คะ,3,3,11,เศรษฐกิจ,4
50,เชียงใหม่,7,ฝาง,แม่คะ,3,3,12,เสรีรวมไทย,1
50,เชียงใหม่,7,ฝาง,แม่คะ,3,3,13,รวมพลังประชาชน,0
50,เชียงใหม่,7,ฝาง,แม่คะ,3,3,14,ท้องที่ไทย,0
50,เชียงใหม่,7,ฝาง,แม่คะ,3,3,15,อนาคตไทย,0
50,เชียงใหม่,7,ฝาง,แม่คะ,3,3,16,พลังเพื่อไทย,0
50,เชียงใหม่,7,ฝาง,แม่คะ,3,3,17,ไทยชนะ,0
50,เชียงใหม่,7,ฝาง,แม่คะ,3,3,18,พลังสังคมใหม่,1
50,เชียงใหม่,7,ฝาง,แม่คะ,3,3,19,สังคมประชาธิปไตย,0
50,เชียงใหม่,7,ฝาง,แม่คะ,3,3,20,ฟิวชัน,0
50,เชียงใหม่,7,ฝาง,แม่คะ,3,3,21,ไทยรวมพลัง,0
50,เชียงใหม่,7,ฝาง,แม่คะ,3,3,22,ก้าวอิสระ,0
50,เชียงใหม่,7,ฝาง,แม่คะ,3,3,23,ปวงชนไทย,0
50,เชียงใหม่,7,ฝาง,แม่คะ,3,3,24,วิชชั่นใหม่,1
50,เชียงใหม่,7,ฝาง,แม่คะ,3,3,25,เพื่อชีวิตใหม่,0
50,เชียงใหม่,7,ฝาง,แม่คะ,3,3,26,คลองไทย,0
50,เชียงใหม่,7,ฝาง,แม่คะ,3,3,27,ประชาธิปัตย์,1
50,เชียงใหม่,7,ฝาง,แม่คะ,3,3,28,ไทยก้าวหน้า,0
50,เชียงใหม่,7,ฝาง,แม่คะ,3,3,29,ไทยภักดี,1
50,เชียงใหม่,7,ฝาง,แม่คะ,3,3,30,แรงงานสร้างชาติ,0
50,เชียงใหม่,7,ฝาง,แม่คะ,3,3,31,ประชากรไทย,1
50,เชียงใหม่,7,ฝาง,แม่คะ,3,3,32,ครูไทยเพื่อประชาชน,1
50,เชียงใหม่,7,ฝาง,แม่คะ,3,3,33,ประชาชาติ,1
50,เชียงใหม่,7,ฝาง,แม่คะ,3,3,34,สร้างอนาคตไทย,0
50,เชียงใหม่,7,ฝาง,แม่คะ,3,3,35,รักชาติ,0
50,เชียงใหม่,7,ฝาง,แม่คะ,3,3,36,ไทยพร้อม,0
50,เชียงใหม่,7,ฝาง,แม่คะ,3,3,37,ภูมิใจไทย,26
50,เชียงใหม่,7,ฝาง,แม่คะ,3,3,38,พลังธรรมใหม่,0
50,เชียงใหม่,7,ฝาง,แม่คะ,3,3,39,กรีน,0
50,เชียงใหม่,7,ฝาง,แม่คะ,3,3,40,ไทยธรรม,0
50,เชียงใหม่,7,ฝาง,แม่คะ,3,3,41,แผ่นดินธรรม,0
50,เชียงใหม่,7,ฝาง,แม่คะ,3,3,42,กล้าธรรม,18
50,เชียงใหม่,7,ฝาง,แม่คะ,3,3,43,พลังประชารัฐ,1
50,เชียงใหม่,7,ฝาง,แม่คะ,3,3,44,โอกาสใหม่,0
50,เชียงใหม่,7,ฝาง,แม่คะ,3,3,45,เป็นธรรม,1
50,เชียงใหม่,7,ฝาง,แม่คะ,3,3,46,ประชาชน,56
50,เชียงใหม่,7,ฝาง,แม่คะ,3,3,47,ประชาไทย,0
50,เชียงใหม่,7,ฝาง,แม่คะ,3,3,48,ไทยสร้างไทย,1
50,เชียงใหม่,7,ฝาง,แม่คะ,3,3,49,ไทยก้าวใหม่,0
50,เชียงใหม่,7,ฝาง,แม่คะ,3,3,50,ประชาอาสาชาติ,0
50,เชียงใหม่,7,ฝาง,แม่คะ,3,3,51,พร้อม,0
50,เชียงใหม่,7,ฝาง,แม่คะ,3,3,52,เครือข่ายชาวนาแห่งประเทศไทย,0
50,เชียงใหม่,7,ฝาง,แม่คะ,3,3,53,ไทยพิทักษ์ธรรม,0
50,เชียงใหม่,7,ฝาง,แม่คะ,3,3,54,ความหวังใหม่,0
50,เชียงใหม่,7,ฝาง,แม่คะ,3,3,55,ไทยรวมไทย,0
50,เชียงใหม่,7,ฝาง,แม่คะ,3,3,56,เพื่อบ้านเมือง,0
50,เชียงใหม่,7,ฝาง,แม่คะ,3,3,57,พลังไทยรักชาติ,0
50,เชียงใหม่,7,ฝาง,แม่คะ,4,4,1,ไทยทรัพย์ทวี,4
50,เชียงใหม่,7,ฝาง,แม่คะ,4,4,2,เพื่อชาติไทย,8
50,เชียงใหม่,7,ฝาง,แม่คะ,4,4,3,ใหม่,1
50,เชียงใหม่,7,ฝาง,แม่คะ,4,4,4,มิติใหม่,4
50,เชียงใหม่,7,ฝาง,แม่คะ,4,4,5,รวมใจไทย,3
50,เชียงใหม่,7,ฝาง,แม่คะ,4,4,6,รวมไทยสร้างชาติ,12
50,เชียงใหม่,7,ฝาง,แม่คะ,4,4,7,พลวัต,2
50,เชียงใหม่,7,ฝาง,แม่คะ,4,4,8,ประชาธิปไตยใหม่,1
50,เชียงใหม่,7,ฝาง,แม่คะ,4,4,9,เพื่อไทย,135
50,เชียงใหม่,7,ฝาง,แม่คะ,4,4,10,ทางเลือกใหม่,4
50,เชียงใหม่,7,ฝาง,แม่คะ,4,4,11,เศรษฐกิจ,11
50,เชียงใหม่,7,ฝาง,แม่คะ,4,4,12,เสรีรวมไทย,0
50,เชียงใหม่,7,ฝาง,แม่คะ,4,4,13,รวมพลังประชาชน,4
50,เชียงใหม่,7,ฝาง,แม่คะ,4,4,14,ท้องที่ไทย,0
50,เชียงใหม่,7,ฝาง,แม่คะ,4,4,15,อนาคตไทย,0
50,เชียงใหม่,7,ฝาง,แม่คะ,4,4,16,พลังเพื่อไทย,1
50,เชียงใหม่,7,ฝาง,แม่คะ,4,4,17,ไทยชนะ,1
50,เชียงใหม่,7,ฝาง,แม่คะ,4,4,18,พลังสังคมใหม่,0
50,เชียงใหม่,7,ฝาง,แม่คะ,4,4,19,สังคมประชาธิปไตย,0
50,เชียงใหม่,7,ฝาง,แม่คะ,4,4,20,ฟิวชัน,0
50,เชียงใหม่,7,ฝาง,แม่คะ,4,4,21,ไทยรวมพลัง,0
50,เชียงใหม่,7,ฝาง,แม่คะ,4,4,22,ก้าวอิสระ,0
50,เชียงใหม่,7,ฝาง,แม่คะ,4,4,23,ปวงชนไทย,0
50,เชียงใหม่,7,ฝาง,แม่คะ,4,4,24,วิชชั่นใหม่,1
50,เชียงใหม่,7,ฝาง,แม่คะ,4,4,25,เพื่อชีวิตใหม่,0
50,เชียงใหม่,7,ฝาง,แม่คะ,4,4,26,คลองไทย,0
50,เชียงใหม่,7,ฝาง,แม่คะ,4,4,27,ประชาธิปัตย์,7
50,เชียงใหม่,7,ฝาง,แม่คะ,4,4,28,ไทยก้าวหน้า,0
50,เชียงใหม่,7,ฝาง,แม่คะ,4,4,29,ไทยภักดี,0
50,เชียงใหม่,7,ฝาง,แม่คะ,4,4,30,แรงงานสร้างชาติ,0
50,เชียงใหม่,7,ฝาง,แม่คะ,4,4,31,ประชากรไทย,0
50,เชียงใหม่,7,ฝาง,แม่คะ,4,4,32,ครูไทยเพื่อประชาชน,0
50,เชียงใหม่,7,ฝาง,แม่คะ,4,4,33,ประชาชาติ,1
50,เชียงใหม่,7,ฝาง,แม่คะ,4,4,34,สร้างอนาคตไทย,0
50,เชียงใหม่,7,ฝาง,แม่คะ,4,4,35,รักชาติ,1
50,เชียงใหม่,7,ฝาง,แม่คะ,4,4,36,ไทยพร้อม,1
50,เชียงใหม่,7,ฝาง,แม่คะ,4,4,37,ภูมิใจไทย,21
50,เชียงใหม่,7,ฝาง,แม่คะ,4,4,38,พลังธรรมใหม่,3
50,เชียงใหม่,7,ฝาง,แม่คะ,4,4,39,กรีน,0
50,เชียงใหม่,7,ฝาง,แม่คะ,4,4,40,ไทยธรรม,0
50,เชียงใหม่,7,ฝาง,แม่คะ,4,4,41,แผ่นดินธรรม,0
50,เชียงใหม่,7,ฝาง,แม่คะ,4,4,42,กล้าธรรม,14
50,เชียงใหม่,7,ฝาง,แม่คะ,4,4,43,พลังประชารัฐ,2
50,เชียงใหม่,7,ฝาง,แม่คะ,4,4,44,โอกาสใหม่,0
50,เชียงใหม่,7,ฝาง,แม่คะ,4,4,45,เป็นธรรม,0
50,เชียงใหม่,7,ฝาง,แม่คะ,4,4,46,ประชาชน,76
50,เชียงใหม่,7,ฝาง,แม่คะ,4,4,47,ประชาไทย,1
50,เชียงใหม่,7,ฝาง,แม่คะ,4,4,48,ไทยสร้างไทย,2
50,เชียงใหม่,7,ฝาง,แม่คะ,4,4,49,ไทยก้าวใหม่,0
50,เชียงใหม่,7,ฝาง,แม่คะ,4,4,50,ประชาอาสาชาติ,0
50,เชียงใหม่,7,ฝาง,แม่คะ,4,4,51,พร้อม,0
50,เชียงใหม่,7,ฝาง,แม่คะ,4,4,52,เครือข่ายชาวนาแห่งประเทศไทย,0
50,เชียงใหม่,7,ฝาง,แม่คะ,4,4,53,ไทยพิทักษ์ธรรม,0
50,เชียงใหม่,7,ฝาง,แม่คะ,4,4,54,ความหวังใหม่,0
50,เชียงใหม่,7,ฝาง,แม่คะ,4,4,55,ไทยรวมไทย,0
50,เชียงใหม่,7,ฝาง,แม่คะ,4,4,56,เพื่อบ้านเมือง,0
50,เชียงใหม่,7,ฝาง,แม่คะ,4,4,57,พลังไทยรักชาติ,0
50,เชียงใหม่,7,ฝาง,แม่คะ,5,5,1,ไทยทรัพย์ทวี,2
50,เชียงใหม่,7,ฝาง,แม่คะ,5,5,2,เพื่อชาติไทย,9
50,เชียงใหม่,7,ฝาง,แม่คะ,5,5,3,ใหม่,0
50,เชียงใหม่,7,ฝาง,แม่คะ,5,5,4,มิติใหม่,1
50,เชียงใหม่,7,ฝาง,แม่คะ,5,5,5,รวมใจไทย,9
50,เชียงใหม่,7,ฝาง,แม่คะ,5,5,6,รวมไทยสร้างชาติ,30
50,เชียงใหม่,7,ฝาง,แม่คะ,5,5,7,พลวัต,3
50,เชียงใหม่,7,ฝาง,แม่คะ,5,5,8,ประชาธิปไตยใหม่,2
50,เชียงใหม่,7,ฝาง,แม่คะ,5,5,9,เพื่อไทย,183
50,เชียงใหม่,7,ฝาง,แม่คะ,5,5,10,ทางเลือกใหม่,2
50,เชียงใหม่,7,ฝาง,แม่คะ,5,5,11,เศรษฐกิจ,14
50,เชียงใหม่,7,ฝาง,แม่คะ,5,5,12,เสรีรวมไทย,2
50,เชียงใหม่,7,ฝาง,แม่คะ,5,5,13,รวมพลังประชาชน,2
50,เชียงใหม่,7,ฝาง,แม่คะ,5,5,14,ท้องที่ไทย,0
50,เชียงใหม่,7,ฝาง,แม่คะ,5,5,15,อนาคตไทย,0
50,เชียงใหม่,7,ฝาง,แม่คะ,5,5,16,พลังเพื่อไทย,0
50,เชียงใหม่,7,ฝาง,แม่คะ,5,5,17,ไทยชนะ,0
50,เชียงใหม่,7,ฝาง,แม่คะ,5,5,18,พลังสังคมใหม่,0
50,เชียงใหม่,7,ฝาง,แม่คะ,5,5,19,สังคมประชาธิปไตย,0
50,เชียงใหม่,7,ฝาง,แม่คะ,5,5,20,ฟิวชัน,0
50,เชียงใหม่,7,ฝาง,แม่คะ,5,5,21,ไทยรวมพลัง,1
50,เชียงใหม่,7,ฝาง,แม่คะ,5,5,22,ก้าวอิสระ,1
50,เชียงใหม่,7,ฝาง,แม่คะ,5,5,23,ปวงชนไทย,1
50,เชียงใหม่,7,ฝาง,แม่คะ,5,5,24,วิชชั่นใหม่,2
50,เชียงใหม่,7,ฝาง,แม่คะ,5,5,25,เพื่อชีวิตใหม่,0
50,เชียงใหม่,7,ฝาง,แม่คะ,5,5,26,คลองไทย,0
50,เชียงใหม่,7,ฝาง,แม่คะ,5,5,27,ประชาธิปัตย์,16
50,เชียงใหม่,7,ฝาง,แม่คะ,5,5,28,ไทยก้าวหน้า,1
50,เชียงใหม่,7,ฝาง,แม่คะ,5,5,29,ไทยภักดี,1
50,เชียงใหม่,7,ฝาง,แม่คะ,5,5,30,แรงงานสร้างชาติ,4
50,เชียงใหม่,7,ฝาง,แม่คะ,5,5,31,ประชากรไทย,0
50,เชียงใหม่,7,ฝาง,แม่คะ,5,5,32,ครูไทยเพื่อประชาชน,0
50,เชียงใหม่,7,ฝาง,แม่คะ,5,5,33,ประชาชาติ,1
50,เชียงใหม่,7,ฝาง,แม่คะ,5,5,34,สร้างอนาคตไทย,2
50,เชียงใหม่,7,ฝาง,แม่คะ,5,5,35,รักชาติ,1
50,เชียงใหม่,7,ฝาง,แม่คะ,5,5,36,ไทยพร้อม,2
50,เชียงใหม่,7,ฝาง,แม่คะ,5,5,37,ภูมิใจไทย,35
50,เชียงใหม่,7,ฝาง,แม่คะ,5,5,38,พลังธรรมใหม่,3
50,เชียงใหม่,7,ฝาง,แม่คะ,5,5,39,กรีน,0
50,เชียงใหม่,7,ฝาง,แม่คะ,5,5,40,ไทยธรรม,0
50,เชียงใหม่,7,ฝาง,แม่คะ,5,5,41,แผ่นดินธรรม,0
50,เชียงใหม่,7,ฝาง,แม่คะ,5,5,42,กล้าธรรม,24
50,เชียงใหม่,7,ฝาง,แม่คะ,5,5,43,พลังประชารัฐ,5
50,เชียงใหม่,7,ฝาง,แม่คะ,5,5,44,โอกาสใหม่,1
50,เชียงใหม่,7,ฝาง,แม่คะ,5,5,45,เป็นธรรม,0
50,เชียงใหม่,7,ฝาง,แม่คะ,5,5,46,ประชาชน,145
50,เชียงใหม่,7,ฝาง,แม่คะ,5,5,47,ประชาไทย,1
50,เชียงใหม่,7,ฝาง,แม่คะ,5,5,48,ไทยสร้างไทย,1
50,เชียงใหม่,7,ฝาง,แม่คะ,5,5,49,ไทยก้าวใหม่,0
50,เชียงใหม่,7,ฝาง,แม่คะ,5,5,50,ประชาอาสาชาติ,0
50,เชียงใหม่,7,ฝาง,แม่คะ,5,5,51,พร้อม,0
50,เชียงใหม่,7,ฝาง,แม่คะ,5,5,52,เครือข่ายชาวนาแห่งประเทศไทย,0
50,เชียงใหม่,7,ฝาง,แม่คะ,5,5,53,ไทยพิทักษ์ธรรม,0
50,เชียงใหม่,7,ฝาง,แม่คะ,5,5,54,ความหวังใหม่,0
50,เชียงใหม่,7,ฝาง,แม่คะ,5,5,55,ไทยรวมไทย,0
50,เชียงใหม่,7,ฝาง,แม่คะ,5,5,56,เพื่อบ้านเมือง,0
50,เชียงใหม่,7,ฝาง,แม่คะ,5,5,57,พลังไทยรักชาติ,0
50,เชียงใหม่,7,ฝาง,แม่คะ,6,6,1,ไทยทรัพย์ทวี,4
50,เชียงใหม่,7,ฝาง,แม่คะ,6,6,2,เพื่อชาติไทย,3
50,เชียงใหม่,7,ฝาง,แม่คะ,6,6,3,ใหม่,0
50,เชียงใหม่,7,ฝาง,แม่คะ,6,6,4,มิติใหม่,1
50,เชียงใหม่,7,ฝาง,แม่คะ,6,6,5,รวมใจไทย,10
50,เชียงใหม่,7,ฝาง,แม่คะ,6,6,6,รวมไทยสร้างชาติ,9
50,เชียงใหม่,7,ฝาง,แม่คะ,6,6,7,พลวัต,1
50,เชียงใหม่,7,ฝาง,แม่คะ,6,6,8,ประชาธิปไตยใหม่,0
50,เชียงใหม่,7,ฝาง,แม่คะ,6,6,9,เพื่อไทย,26
50,เชียงใหม่,7,ฝาง,แม่คะ,6,6,10,ทางเลือกใหม่,3
50,เชียงใหม่,7,ฝาง,แม่คะ,6,6,11,เศรษฐกิจ,10
50,เชียงใหม่,7,ฝาง,แม่คะ,6,6,12,เสรีรวมไทย,1
50,เชียงใหม่,7,ฝาง,แม่คะ,6,6,13,รวมพลังประชาชน,1
50,เชียงใหม่,7,ฝาง,แม่คะ,6,6,14,ท้องที่ไทย,0
50,เชียงใหม่,7,ฝาง,แม่คะ,6,6,15,อนาคตไทย,1
50,เชียงใหม่,7,ฝาง,แม่คะ,6,6,16,พลังเพื่อไทย,6
50,เชียงใหม่,7,ฝาง,แม่คะ,6,6,17,ไทยชนะ,3
50,เชียงใหม่,7,ฝาง,แม่คะ,6,6,18,พลังสังคมใหม่,0
50,เชียงใหม่,7,ฝาง,แม่คะ,6,6,19,สังคมประชาธิปไตย,0
50,เชียงใหม่,7,ฝาง,แม่คะ,6,6,20,ฟิวชัน,0
50,เชียงใหม่,7,ฝาง,แม่คะ,6,6,21,ไทยรวมพลัง,0
50,เชียงใหม่,7,ฝาง,แม่คะ,6,6,22,ก้าวอิสระ,0
50,เชียงใหม่,7,ฝาง,แม่คะ,6,6,23,ปวงชนไทย,1
50,เชียงใหม่,7,ฝาง,แม่คะ,6,6,24,วิชชั่นใหม่,3
50,เชียงใหม่,7,ฝาง,แม่คะ,6,6,25,เพื่อชีวิตใหม่,2
50,เชียงใหม่,7,ฝาง,แม่คะ,6,6,26,คลองไทย,1
50,เชียงใหม่,7,ฝาง,แม่คะ,6,6,27,ประชาธิปัตย์,9
50,เชียงใหม่,7,ฝาง,แม่คะ,6,6,28,ไทยก้าวหน้า,2
50,เชียงใหม่,7,ฝาง,แม่คะ,6,6,29,ไทยภักดี,1
50,เชียงใหม่,7,ฝาง,แม่คะ,6,6,30,แรงงานสร้างชาติ,1
50,เชียงใหม่,7,ฝาง,แม่คะ,6,6,31,ประชากรไทย,3
50,เชียงใหม่,7,ฝาง,แม่คะ,6,6,32,ครูไทยเพื่อประชาชน,0
50,เชียงใหม่,7,ฝาง,แม่คะ,6,6,33,ประชาชาติ,0
50,เชียงใหม่,7,ฝาง,แม่คะ,6,6,34,สร้างอนาคตไทย,2
50,เชียงใหม่,7,ฝาง,แม่คะ,6,6,35,รักชาติ,0
50,เชียงใหม่,7,ฝาง,แม่คะ,6,6,36,ไทยพร้อม,1
50,เชียงใหม่,7,ฝาง,แม่คะ,6,6,37,ภูมิใจไทย,14
50,เชียงใหม่,7,ฝาง,แม่คะ,6,6,38,พลังธรรมใหม่,2
50,เชียงใหม่,7,ฝาง,แม่คะ,6,6,39,กรีน,1
50,เชียงใหม่,7,ฝาง,แม่คะ,6,6,40,ไทยธรรม,1
50,เชียงใหม่,7,ฝาง,แม่คะ,6,6,41,แผ่นดินธรรม,0
50,เชียงใหม่,7,ฝาง,แม่คะ,6,6,42,กล้าธรรม,3
50,เชียงใหม่,7,ฝาง,แม่คะ,6,6,43,พลังประชารัฐ,2
50,เชียงใหม่,7,ฝาง,แม่คะ,6,6,44,โอกาสใหม่,1
50,เชียงใหม่,7,ฝาง,แม่คะ,6,6,45,เป็นธรรม,2
50,เชียงใหม่,7,ฝาง,แม่คะ,6,6,46,ประชาชน,113
50,เชียงใหม่,7,ฝาง,แม่คะ,6,6,47,ประชาไทย,1
50,เชียงใหม่,7,ฝาง,แม่คะ,6,6,48,ไทยสร้างไทย,0
50,เชียงใหม่,7,ฝาง,แม่คะ,6,6,49,ไทยก้าวใหม่,2
50,เชียงใหม่,7,ฝาง,แม่คะ,6,6,50,ประชาอาสาชาติ,0
50,เชียงใหม่,7,ฝาง,แม่คะ,6,6,51,พร้อม,1
50,เชียงใหม่,7,ฝาง,แม่คะ,6,6,52,เครือข่ายชาวนาแห่งประเทศไทย,1
50,เชียงใหม่,7,ฝาง,แม่คะ,6,6,53,ไทยพิทักษ์ธรรม,0
50,เชียงใหม่,7,ฝาง,แม่คะ,6,6,54,ความหวังใหม่,1
50,เชียงใหม่,7,ฝาง,แม่คะ,6,6,55,ไทยรวมไทย,0
50,เชียงใหม่,7,ฝาง,แม่คะ,6,6,56,เพื่อบ้านเมือง,0
50,เชียงใหม่,7,ฝาง,แม่คะ,6,6,57,พลังไทยรักชาติ,0
50,เชียงใหม่,7,ฝาง,แม่คะ,6,7,1,ไทยทรัพย์ทวี,9
50,เชียงใหม่,7,ฝาง,แม่คะ,6,7,2,เพื่อชาติไทย,8
50,เชียงใหม่,7,ฝาง,แม่คะ,6,7,3,ใหม่,0
50,เชียงใหม่,7,ฝาง,แม่คะ,6,7,4,มิติใหม่,2
50,เชียงใหม่,7,ฝาง,แม่คะ,6,7,5,รวมใจไทย,9
50,เชียงใหม่,7,ฝาง,แม่คะ,6,7,6,รวมไทยสร้างชาติ,8
50,เชียงใหม่,7,ฝาง,แม่คะ,6,7,7,พลวัต,7
50,เชียงใหม่,7,ฝาง,แม่คะ,6,7,8,ประชาธิปไตยใหม่,0
50,เชียงใหม่,7,ฝาง,แม่คะ,6,7,9,เพื่อไทย,34
50,เชียงใหม่,7,ฝาง,แม่คะ,6,7,10,ทางเลือกใหม่,1
50,เชียงใหม่,7,ฝาง,แม่คะ,6,7,11,เศรษฐกิจ,4
50,เชียงใหม่,7,ฝาง,แม่คะ,6,7,12,เสรีรวมไทย,0
50,เชียงใหม่,7,ฝาง,แม่คะ,6,7,13,รวมพลังประชาชน,5
50,เชียงใหม่,7,ฝาง,แม่คะ,6,7,14,ท้องที่ไทย,1
50,เชียงใหม่,7,ฝาง,แม่คะ,6,7,15,อนาคตไทย,1
50,เชียงใหม่,7,ฝาง,แม่คะ,6,7,16,พลังเพื่อไทย,1
50,เชียงใหม่,7,ฝาง,แม่คะ,6,7,17,ไทยชนะ,6
50,เชียงใหม่,7,ฝาง,แม่คะ,6,7,18,พลังสังคมใหม่,1
50,เชียงใหม่,7,ฝาง,แม่คะ,6,7,19,สังคมประชาธิปไตย,1
50,เชียงใหม่,7,ฝาง,แม่คะ,6,7,20,ฟิวชัน,1
50,เชียงใหม่,7,ฝาง,แม่คะ,6,7,21,ไทยรวมพลัง,0
50,เชียงใหม่,7,ฝาง,แม่คะ,6,7,22,ก้าวอิสระ,0
50,เชียงใหม่,7,ฝาง,แม่คะ,6,7,23,ปวงชนไทย,0
50,เชียงใหม่,7,ฝาง,แม่คะ,6,7,24,วิชชั่นใหม่,2
50,เชียงใหม่,7,ฝาง,แม่คะ,6,7,25,เพื่อชีวิตใหม่,0
50,เชียงใหม่,7,ฝาง,แม่คะ,6,7,26,คลองไทย,0
50,เชียงใหม่,7,ฝาง,แม่คะ,6,7,27,ประชาธิปัตย์,3
50,เชียงใหม่,7,ฝาง,แม่คะ,6,7,28,ไทยก้าวหน้า,0
50,เชียงใหม่,7,ฝาง,แม่คะ,6,7,29,ไทยภักดี,1
50,เชียงใหม่,7,ฝาง,แม่คะ,6,7,30,แรงงานสร้างชาติ,1
50,เชียงใหม่,7,ฝาง,แม่คะ,6,7,31,ประชากรไทย,4
50,เชียงใหม่,7,ฝาง,แม่คะ,6,7,32,ครูไทยเพื่อประชาชน,3
50,เชียงใหม่,7,ฝาง,แม่คะ,6,7,33,ประชาชาติ,3
50,เชียงใหม่,7,ฝาง,แม่คะ,6,7,34,สร้างอนาคตไทย,1
50,เชียงใหม่,7,ฝาง,แม่คะ,6,7,35,รักชาติ,3
50,เชียงใหม่,7,ฝาง,แม่คะ,6,7,36,ไทยพร้อม,5
50,เชียงใหม่,7,ฝาง,แม่คะ,6,7,37,ภูมิใจไทย,10
50,เชียงใหม่,7,ฝาง,แม่คะ,6,7,38,พลังธรรมใหม่,1
50,เชียงใหม่,7,ฝาง,แม่คะ,6,7,39,กรีน,0
50,เชียงใหม่,7,ฝาง,แม่คะ,6,7,40,ไทยธรรม,1
50,เชียงใหม่,7,ฝาง,แม่คะ,6,7,41,แผ่นดินธรรม,1
50,เชียงใหม่,7,ฝาง,แม่คะ,6,7,42,กล้าธรรม,4
50,เชียงใหม่,7,ฝาง,แม่คะ,6,7,43,พลังประชารัฐ,4
50,เชียงใหม่,7,ฝาง,แม่คะ,6,7,44,โอกาสใหม่,1
50,เชียงใหม่,7,ฝาง,แม่คะ,6,7,45,เป็นธรรม,1
50,เชียงใหม่,7,ฝาง,แม่คะ,6,7,46,ประชาชน,137
50,เชียงใหม่,7,ฝาง,แม่คะ,6,7,47,ประชาไทย,3
50,เชียงใหม่,7,ฝาง,แม่คะ,6,7,48,ไทยสร้างไทย,1
50,เชียงใหม่,7,ฝาง,แม่คะ,6,7,49,ไทยก้าวใหม่,1
50,เชียงใหม่,7,ฝาง,แม่คะ,6,7,50,ประชาอาสาชาติ,0
50,เชียงใหม่,7,ฝาง,แม่คะ,6,7,51,พร้อม,0
50,เชียงใหม่,7,ฝาง,แม่คะ,6,7,52,เครือข่ายชาวนาแห่งประเทศไทย,0
50,เชียงใหม่,7,ฝาง,แม่คะ,6,7,53,ไทยพิทักษ์ธรรม,0
50,เชียงใหม่,7,ฝาง,แม่คะ,6,7,54,ความหวังใหม่,1
50,เชียงใหม่,7,ฝาง,แม่คะ,6,7,55,ไทยรวมไทย,2
50,เชียงใหม่,7,ฝาง,แม่คะ,6,7,56,เพื่อบ้านเมือง,0
50,เชียงใหม่,7,ฝาง,แม่คะ,6,7,57,พลังไทยรักชาติ,2
50,เชียงใหม่,7,ฝาง,แม่คะ,7,8,1,ไทยทรัพย์ทวี,7
50,เชียงใหม่,7,ฝาง,แม่คะ,7,8,2,เพื่อชาติไทย,13
50,เชียงใหม่,7,ฝาง,แม่คะ,7,8,3,ใหม่,1
50,เชียงใหม่,7,ฝาง,แม่คะ,7,8,4,มิติใหม่,0
50,เชียงใหม่,7,ฝาง,แม่คะ,7,8,5,รวมใจไทย,8
50,เชียงใหม่,7,ฝาง,แม่คะ,7,8,6,รวมไทยสร้างชาติ,12
50,เชียงใหม่,7,ฝาง,แม่คะ,7,8,7,พลวัต,6
50,เชียงใหม่,7,ฝาง,แม่คะ,7,8,8,ประชาธิปไตยใหม่,4
50,เชียงใหม่,7,ฝาง,แม่คะ,7,8,9,เพื่อไทย,114
50,เชียงใหม่,7,ฝาง,แม่คะ,7,8,10,ทางเลือกใหม่,2
50,เชียงใหม่,7,ฝาง,แม่คะ,7,8,11,เศรษฐกิจ,12
50,เชียงใหม่,7,ฝาง,แม่คะ,7,8,12,เสรีรวมไทย,3
50,เชียงใหม่,7,ฝาง,แม่คะ,7,8,13,รวมพลังประชาชน,3
50,เชียงใหม่,7,ฝาง,แม่คะ,7,8,14,ท้องที่ไทย,0
50,เชียงใหม่,7,ฝาง,แม่คะ,7,8,15,อนาคตไทย,0
50,เชียงใหม่,7,ฝาง,แม่คะ,7,8,16,พลังเพื่อไทย,0
50,เชียงใหม่,7,ฝาง,แม่คะ,7,8,17,ไทยชนะ,2
50,เชียงใหม่,7,ฝาง,แม่คะ,7,8,18,พลังสังคมใหม่,0
50,เชียงใหม่,7,ฝาง,แม่คะ,7,8,19,สังคมประชาธิปไตย,0
50,เชียงใหม่,7,ฝาง,แม่คะ,7,8,20,ฟิวชัน,0
50,เชียงใหม่,7,ฝาง,แม่คะ,7,8,21,ไทยรวมพลัง,0
50,เชียงใหม่,7,ฝาง,แม่คะ,7,8,22,ก้าวอิสระ,2
50,เชียงใหม่,7,ฝาง,แม่คะ,7,8,23,ปวงชนไทย,0
50,เชียงใหม่,7,ฝาง,แม่คะ,7,8,24,วิชชั่นใหม่,1
50,เชียงใหม่,7,ฝาง,แม่คะ,7,8,25,เพื่อชีวิตใหม่,0
50,เชียงใหม่,7,ฝาง,แม่คะ,7,8,26,คลองไทย,1
50,เชียงใหม่,7,ฝาง,แม่คะ,7,8,27,ประชาธิปัตย์,12
50,เชียงใหม่,7,ฝาง,แม่คะ,7,8,28,ไทยก้าวหน้า,0
50,เชียงใหม่,7,ฝาง,แม่คะ,7,8,29,ไทยภักดี,1
50,เชียงใหม่,7,ฝาง,แม่คะ,7,8,30,แรงงานสร้างชาติ,0
50,เชียงใหม่,7,ฝาง,แม่คะ,7,8,31,ประชากรไทย,2
50,เชียงใหม่,7,ฝาง,แม่คะ,7,8,32,ครูไทยเพื่อประชาชน,1
50,เชียงใหม่,7,ฝาง,แม่คะ,7,8,33,ประชาชาติ,1
50,เชียงใหม่,7,ฝาง,แม่คะ,7,8,34,สร้างอนาคตไทย,0
50,เชียงใหม่,7,ฝาง,แม่คะ,7,8,35,รักชาติ,0
50,เชียงใหม่,7,ฝาง,แม่คะ,7,8,36,ไทยพร้อม,2
50,เชียงใหม่,7,ฝาง,แม่คะ,7,8,37,ภูมิใจไทย,30
50,เชียงใหม่,7,ฝาง,แม่คะ,7,8,38,พลังธรรมใหม่,3
50,เชียงใหม่,7,ฝาง,แม่คะ,7,8,39,กรีน,0
50,เชียงใหม่,7,ฝาง,แม่คะ,7,8,40,ไทยธรรม,0
50,เชียงใหม่,7,ฝาง,แม่คะ,7,8,41,แผ่นดินธรรม,0
50,เชียงใหม่,7,ฝาง,แม่คะ,7,8,42,กล้าธรรม,22
50,เชียงใหม่,7,ฝาง,แม่คะ,7,8,43,พลังประชารัฐ,6
50,เชียงใหม่,7,ฝาง,แม่คะ,7,8,44,โอกาสใหม่,0
50,เชียงใหม่,7,ฝาง,แม่คะ,7,8,45,เป็นธรรม,0
50,เชียงใหม่,7,ฝาง,แม่คะ,7,8,46,ประชาชน,132
50,เชียงใหม่,7,ฝาง,แม่คะ,7,8,47,ประชาไทย,0
50,เชียงใหม่,7,ฝาง,แม่คะ,7,8,48,ไทยสร้างไทย,3
50,เชียงใหม่,7,ฝาง,แม่คะ,7,8,49,ไทยก้าวใหม่,0
50,เชียงใหม่,7,ฝาง,แม่คะ,7,8,50,ประชาอาสาชาติ,0
50,เชียงใหม่,7,ฝาง,แม่คะ,7,8,51,พร้อม,0
50,เชียงใหม่,7,ฝาง,แม่คะ,7,8,52,เครือข่ายชาวนาแห่งประเทศไทย,0
50,เชียงใหม่,7,ฝาง,แม่คะ,7,8,53,ไทยพิทักษ์ธรรม,0
50,เชียงใหม่,7,ฝาง,แม่คะ,7,8,54,ความหวังใหม่,0
50,เชียงใหม่,7,ฝาง,แม่คะ,7,8,55,ไทยรวมไทย,0
50,เชียงใหม่,7,ฝาง,แม่คะ,7,8,56,เพื่อบ้านเมือง,0
50,เชียงใหม่,7,ฝาง,แม่คะ,7,8,57,พลังไทยรักชาติ,0
50,เชียงใหม่,7,ฝาง,แม่คะ,8,9,1,ไทยทรัพย์ทวี,1
50,เชียงใหม่,7,ฝาง,แม่คะ,8,9,2,เพื่อชาติไทย,1
50,เชียงใหม่,7,ฝาง,แม่คะ,8,9,3,ใหม่,0
50,เชียงใหม่,7,ฝาง,แม่คะ,8,9,4,มิติใหม่,0
50,เชียงใหม่,7,ฝาง,แม่คะ,8,9,5,รวมใจไทย,2
50,เชียงใหม่,7,ฝาง,แม่คะ,8,9,6,รวมไทยสร้างชาติ,2
50,เชียงใหม่,7,ฝาง,แม่คะ,8,9,7,พลวัต,1
50,เชียงใหม่,7,ฝาง,แม่คะ,8,9,8,ประชาธิปไตยใหม่,0
50,เชียงใหม่,7,ฝาง,แม่คะ,8,9,9,เพื่อไทย,53
50,เชียงใหม่,7,ฝาง,แม่คะ,8,9,10,ทางเลือกใหม่,2
50,เชียงใหม่,7,ฝาง,แม่คะ,8,9,11,เศรษฐกิจ,0
50,เชียงใหม่,7,ฝาง,แม่คะ,8,9,12,เสรีรวมไทย,0
50,เชียงใหม่,7,ฝาง,แม่คะ,8,9,13,รวมพลังประชาชน,0
50,เชียงใหม่,7,ฝาง,แม่คะ,8,9,14,ท้องที่ไทย,0
50,เชียงใหม่,7,ฝาง,แม่คะ,8,9,15,อนาคตไทย,0
50,เชียงใหม่,7,ฝาง,แม่คะ,8,9,16,พลังเพื่อไทย,0
50,เชียงใหม่,7,ฝาง,แม่คะ,8,9,17,ไทยชนะ,0
50,เชียงใหม่,7,ฝาง,แม่คะ,8,9,18,พลังสังคมใหม่,0
50,เชียงใหม่,7,ฝาง,แม่คะ,8,9,19,สังคมประชาธิปไตย,0
50,เชียงใหม่,7,ฝาง,แม่คะ,8,9,20,ฟิวชัน,0
50,เชียงใหม่,7,ฝาง,แม่คะ,8,9,21,ไทยรวมพลัง,0
50,เชียงใหม่,7,ฝาง,แม่คะ,8,9,22,ก้าวอิสระ,0
50,เชียงใหม่,7,ฝาง,แม่คะ,8,9,23,ปวงชนไทย,0
50,เชียงใหม่,7,ฝาง,แม่คะ,8,9,24,วิชชั่นใหม่,0
50,เชียงใหม่,7,ฝาง,แม่คะ,8,9,25,เพื่อชีวิตใหม่,0
50,เชียงใหม่,7,ฝาง,แม่คะ,8,9,26,คลองไทย,2
50,เชียงใหม่,7,ฝาง,แม่คะ,8,9,27,ประชาธิปัตย์,3
50,เชียงใหม่,7,ฝาง,แม่คะ,8,9,28,ไทยก้าวหน้า,0
50,เชียงใหม่,7,ฝาง,แม่คะ,8,9,29,ไทยภักดี,0
50,เชียงใหม่,7,ฝาง,แม่คะ,8,9,30,แรงงานสร้างชาติ,0
50,เชียงใหม่,7,ฝาง,แม่คะ,8,9,31,ประชากรไทย,1
50,เชียงใหม่,7,ฝาง,แม่คะ,8,9,32,ครูไทยเพื่อประชาชน,0
50,เชียงใหม่,7,ฝาง,แม่คะ,8,9,33,ประชาชาติ,0
50,เชียงใหม่,7,ฝาง,แม่คะ,8,9,34,สร้างอนาคตไทย,0
50,เชียงใหม่,7,ฝาง,แม่คะ,8,9,35,รักชาติ,0
50,เชียงใหม่,7,ฝาง,แม่คะ,8,9,36,ไทยพร้อม,0
50,เชียงใหม่,7,ฝาง,แม่คะ,8,9,37,ภูมิใจไทย,9
50,เชียงใหม่,7,ฝาง,แม่คะ,8,9,38,พลังธรรมใหม่,0
50,เชียงใหม่,7,ฝาง,แม่คะ,8,9,39,กรีน,0
50,เชียงใหม่,7,ฝาง,แม่คะ,8,9,40,ไทยธรรม,0
50,เชียงใหม่,7,ฝาง,แม่คะ,8,9,41,แผ่นดินธรรม,0
50,เชียงใหม่,7,ฝาง,แม่คะ,8,9,42,กล้าธรรม,5
50,เชียงใหม่,7,ฝาง,แม่คะ,8,9,43,พลังประชารัฐ,0
50,เชียงใหม่,7,ฝาง,แม่คะ,8,9,44,โอกาสใหม่,0
50,เชียงใหม่,7,ฝาง,แม่คะ,8,9,45,เป็นธรรม,0
50,เชียงใหม่,7,ฝาง,แม่คะ,8,9,46,ประชาชน,64
50,เชียงใหม่,7,ฝาง,แม่คะ,8,9,47,ประชาไทย,0
50,เชียงใหม่,7,ฝาง,แม่คะ,8,9,48,ไทยสร้างไทย,0
50,เชียงใหม่,7,ฝาง,แม่คะ,8,9,49,ไทยก้าวใหม่,0
50,เชียงใหม่,7,ฝาง,แม่คะ,8,9,50,ประชาอาสาชาติ,0
50,เชียงใหม่,7,ฝาง,แม่คะ,8,9,51,พร้อม,0
50,เชียงใหม่,7,ฝาง,แม่คะ,8,9,52,เครือข่ายชาวนาแห่งประเทศไทย,0
50,เชียงใหม่,7,ฝาง,แม่คะ,8,9,53,ไทยพิทักษ์ธรรม,0
50,เชียงใหม่,7,ฝาง,แม่คะ,8,9,54,ความหวังใหม่,0
50,เชียงใหม่,7,ฝาง,แม่คะ,8,9,55,ไทยรวมไทย,0
50,เชียงใหม่,7,ฝาง,แม่คะ,8,9,56,เพื่อบ้านเมือง,0
50,เชียงใหม่,7,ฝาง,แม่คะ,8,9,57,พลังไทยรักชาติ,0
50,เชียงใหม่,7,ฝาง,แม่คะ,9,10,1,ไทยทรัพย์ทวี,7
50,เชียงใหม่,7,ฝาง,แม่คะ,9,10,2,เพื่อชาติไทย,8
50,เชียงใหม่,7,ฝาง,แม่คะ,9,10,3,ใหม่,3
50,เชียงใหม่,7,ฝาง,แม่คะ,9,10,4,มิติใหม่,2
50,เชียงใหม่,7,ฝาง,แม่คะ,9,10,5,รวมใจไทย,43
50,เชียงใหม่,7,ฝาง,แม่คะ,9,10,6,รวมไทยสร้างชาติ,8
50,เชียงใหม่,7,ฝาง,แม่คะ,9,10,7,พลวัต,14
50,เชียงใหม่,7,ฝาง,แม่คะ,9,10,8,ประชาธิปไตยใหม่,1
50,เชียงใหม่,7,ฝาง,แม่คะ,9,10,9,เพื่อไทย,42
50,เชียงใหม่,7,ฝาง,แม่คะ,9,10,10,ทางเลือกใหม่,6
50,เชียงใหม่,7,ฝาง,แม่คะ,9,10,11,เศรษฐกิจ,22
50,เชียงใหม่,7,ฝาง,แม่คะ,9,10,12,เสรีรวมไทย,1
50,เชียงใหม่,7,ฝาง,แม่คะ,9,10,13,รวมพลังประชาชน,1
50,เชียงใหม่,7,ฝาง,แม่คะ,9,10,14,ท้องที่ไทย,1
50,เชียงใหม่,7,ฝาง,แม่คะ,9,10,15,อนาคตไทย,0
50,เชียงใหม่,7,ฝาง,แม่คะ,9,10,16,พลังเพื่อไทย,3
50,เชียงใหม่,7,ฝาง,แม่คะ,9,10,17,ไทยชนะ,4
50,เชียงใหม่,7,ฝาง,แม่คะ,9,10,18,พลังสังคมใหม่,0
50,เชียงใหม่,7,ฝาง,แม่คะ,9,10,19,สังคมประชาธิปไตย,0
50,เชียงใหม่,7,ฝาง,แม่คะ,9,10,20,ฟิวชัน,1
50,เชียงใหม่,7,ฝาง,แม่คะ,9,10,21,ไทยรวมพลัง,1
50,เชียงใหม่,7,ฝาง,แม่คะ,9,10,22,ก้าวอิสระ,1
50,เชียงใหม่,7,ฝาง,แม่คะ,9,10,23,ปวงชนไทย,3
50,เชียงใหม่,7,ฝาง,แม่คะ,9,10,24,วิชชั่นใหม่,1
50,เชียงใหม่,7,ฝาง,แม่คะ,9,10,25,เพื่อชีวิตใหม่,2
50,เชียงใหม่,7,ฝาง,แม่คะ,9,10,26,คลองไทย,2
50,เชียงใหม่,7,ฝาง,แม่คะ,9,10,27,ประชาธิปัตย์,56
50,เชียงใหม่,7,ฝาง,แม่คะ,9,10,28,ไทยก้าวหน้า,2
50,เชียงใหม่,7,ฝาง,แม่คะ,9,10,29,ไทยภักดี,2
50,เชียงใหม่,7,ฝาง,แม่คะ,9,10,30,แรงงานสร้างชาติ,5
50,เชียงใหม่,7,ฝาง,แม่คะ,9,10,31,ประชากรไทย,1
50,เชียงใหม่,7,ฝาง,แม่คะ,9,10,32,ครูไทยเพื่อประชาชน,0
50,เชียงใหม่,7,ฝาง,แม่คะ,9,10,33,ประชาชาติ,2
50,เชียงใหม่,7,ฝาง,แม่คะ,9,10,34,สร้างอนาคตไทย,6
50,เชียงใหม่,7,ฝาง,แม่คะ,9,10,35,รักชาติ,1
50,เชียงใหม่,7,ฝาง,แม่คะ,9,10,36,ไทยพร้อม,3
50,เชียงใหม่,7,ฝาง,แม่คะ,9,10,37,ภูมิใจไทย,32
50,เชียงใหม่,7,ฝาง,แม่คะ,9,10,38,พลังธรรมใหม่,2
50,เชียงใหม่,7,ฝาง,แม่คะ,9,10,39,กรีน,2
50,เชียงใหม่,7,ฝาง,แม่คะ,9,10,40,ไทยธรรม,1
50,เชียงใหม่,7,ฝาง,แม่คะ,9,10,41,แผ่นดินธรรม,2
50,เชียงใหม่,7,ฝาง,แม่คะ,9,10,42,กล้าธรรม,25
50,เชียงใหม่,7,ฝาง,แม่คะ,9,10,43,พลังประชารัฐ,14
50,เชียงใหม่,7,ฝาง,แม่คะ,9,10,44,โอกาสใหม่,0
50,เชียงใหม่,7,ฝาง,แม่คะ,9,10,45,เป็นธรรม,1
50,เชียงใหม่,7,ฝาง,แม่คะ,9,10,46,ประชาชน,82
50,เชียงใหม่,7,ฝาง,แม่คะ,9,10,47,ประชาไทย,2
50,เชียงใหม่,7,ฝาง,แม่คะ,9,10,48,ไทยสร้างไทย,1
50,เชียงใหม่,7,ฝาง,แม่คะ,9,10,49,ไทยก้าวใหม่,0
50,เชียงใหม่,7,ฝาง,แม่คะ,9,10,50,ประชาอาสาชาติ,0
50,เชียงใหม่,7,ฝาง,แม่คะ,9,10,51,พร้อม,0
50,เชียงใหม่,7,ฝาง,แม่คะ,9,10,52,เครือข่ายชาวนาแห่งประเทศไทย,0
50,เชียงใหม่,7,ฝาง,แม่คะ,9,10,53,ไทยพิทักษ์ธรรม,0
50,เชียงใหม่,7,ฝาง,แม่คะ,9,10,54,ความหวังใหม่,0
50,เชียงใหม่,7,ฝาง,แม่คะ,9,10,55,ไทยรวมไทย,1
50,เชียงใหม่,7,ฝาง,แม่คะ,9,10,56,เพื่อบ้านเมือง,2
50,เชียงใหม่,7,ฝาง,แม่คะ,9,10,57,พลังไทยรักชาติ,0
50,เชียงใหม่,7,ฝาง,แม่คะ,9,11,1,ไทยทรัพย์ทวี,12
50,เชียงใหม่,7,ฝาง,แม่คะ,9,11,2,เพื่อชาติไทย,8
50,เชียงใหม่,7,ฝาง,แม่คะ,9,11,3,ใหม่,6
50,เชียงใหม่,7,ฝาง,แม่คะ,9,11,4,มิติใหม่,0
50,เชียงใหม่,7,ฝาง,แม่คะ,9,11,5,รวมใจไทย,45
50,เชียงใหม่,7,ฝาง,แม่คะ,9,11,6,รวมไทยสร้างชาติ,12
50,เชียงใหม่,7,ฝาง,แม่คะ,9,11,7,พลวัต,7
50,เชียงใหม่,7,ฝาง,แม่คะ,9,11,8,ประชาธิปไตยใหม่,6
50,เชียงใหม่,7,ฝาง,แม่คะ,9,11,9,เพื่อไทย,49
50,เชียงใหม่,7,ฝาง,แม่คะ,9,11,10,ทางเลือกใหม่,0
50,เชียงใหม่,7,ฝาง,แม่คะ,9,11,11,เศรษฐกิจ,5
50,เชียงใหม่,7,ฝาง,แม่คะ,9,11,12,เสรีรวมไทย,1
50,เชียงใหม่,7,ฝาง,แม่คะ,9,11,13,รวมพลังประชาชน,5
50,เชียงใหม่,7,ฝาง,แม่คะ,9,11,14,ท้องที่ไทย,0
50,เชียงใหม่,7,ฝาง,แม่คะ,9,11,15,อนาคตไทย,2
50,เชียงใหม่,7,ฝาง,แม่คะ,9,11,16,พลังเพื่อไทย,4
50,เชียงใหม่,7,ฝาง,แม่คะ,9,11,17,ไทยชนะ,1
50,เชียงใหม่,7,ฝาง,แม่คะ,9,11,18,พลังสังคมใหม่,1
50,เชียงใหม่,7,ฝาง,แม่คะ,9,11,19,สังคมประชาธิปไตย,0
50,เชียงใหม่,7,ฝาง,แม่คะ,9,11,20,ฟิวชัน,0
50,เชียงใหม่,7,ฝาง,แม่คะ,9,11,21,ไทยรวมพลัง,2
50,เชียงใหม่,7,ฝาง,แม่คะ,9,11,22,ก้าวอิสระ,1
50,เชียงใหม่,7,ฝาง,แม่คะ,9,11,23,ปวงชนไทย,1
50,เชียงใหม่,7,ฝาง,แม่คะ,9,11,24,วิชชั่นใหม่,2
50,เชียงใหม่,7,ฝาง,แม่คะ,9,11,25,เพื่อชีวิตใหม่,0
50,เชียงใหม่,7,ฝาง,แม่คะ,9,11,26,คลองไทย,2
50,เชียงใหม่,7,ฝาง,แม่คะ,9,11,27,ประชาธิปัตย์,51
50,เชียงใหม่,7,ฝาง,แม่คะ,9,11,28,ไทยก้าวหน้า,1
50,เชียงใหม่,7,ฝาง,แม่คะ,9,11,29,ไทยภักดี,1
50,เชียงใหม่,7,ฝาง,แม่คะ,9,11,30,แรงงานสร้างชาติ,0
50,เชียงใหม่,7,ฝาง,แม่คะ,9,11,31,ประชากรไทย,2
50,เชียงใหม่,7,ฝาง,แม่คะ,9,11,32,ครูไทยเพื่อประชาชน,0
50,เชียงใหม่,7,ฝาง,แม่คะ,9,11,33,ประชาชาติ,1
50,เชียงใหม่,7,ฝาง,แม่คะ,9,11,34,สร้างอนาคตไทย,4
50,เชียงใหม่,7,ฝาง,แม่คะ,9,11,35,รักชาติ,1
50,เชียงใหม่,7,ฝาง,แม่คะ,9,11,36,ไทยพร้อม,1
50,เชียงใหม่,7,ฝาง,แม่คะ,9,11,37,ภูมิใจไทย,14
50,เชียงใหม่,7,ฝาง,แม่คะ,9,11,38,พลังธรรมใหม่,1
50,เชียงใหม่,7,ฝาง,แม่คะ,9,11,39,กรีน,1
50,เชียงใหม่,7,ฝาง,แม่คะ,9,11,40,ไทยธรรม,0
50,เชียงใหม่,7,ฝาง,แม่คะ,9,11,41,แผ่นดินธรรม,0
50,เชียงใหม่,7,ฝาง,แม่คะ,9,11,42,กล้าธรรม,29
50,เชียงใหม่,7,ฝาง,แม่คะ,9,11,43,พลังประชารัฐ,3
50,เชียงใหม่,7,ฝาง,แม่คะ,9,11,44,โอกาสใหม่,0
50,เชียงใหม่,7,ฝาง,แม่คะ,9,11,45,เป็นธรรม,2
50,เชียงใหม่,7,ฝาง,แม่คะ,9,11,46,ประชาชน,121
50,เชียงใหม่,7,ฝาง,แม่คะ,9,11,47,ประชาไทย,4
50,เชียงใหม่,7,ฝาง,แม่คะ,9,11,48,ไทยสร้างไทย,1
50,เชียงใหม่,7,ฝาง,แม่คะ,9,11,49,ไทยก้าวใหม่,1
50,เชียงใหม่,7,ฝาง,แม่คะ,9,11,50,ประชาอาสาชาติ,1
50,เชียงใหม่,7,ฝาง,แม่คะ,9,11,51,พร้อม,0
50,เชียงใหม่,7,ฝาง,แม่คะ,9,11,52,เครือข่ายชาวนาแห่งประเทศไทย,0
50,เชียงใหม่,7,ฝาง,แม่คะ,9,11,53,ไทยพิทักษ์ธรรม,1
50,เชียงใหม่,7,ฝาง,แม่คะ,9,11,54,ความหวังใหม่,0
50,เชียงใหม่,7,ฝาง,แม่คะ,9,11,55,ไทยรวมไทย,1
50,เชียงใหม่,7,ฝาง,แม่คะ,9,11,56,เพื่อบ้านเมือง,2
50,เชียงใหม่,7,ฝาง,แม่คะ,9,11,57,พลังไทยรักชาติ,2
50,เชียงใหม่,7,ฝาง,แม่คะ,10,12,1,ไทยทรัพย์ทวี,2
50,เชียงใหม่,7,ฝาง,แม่คะ,10,12,2,เพื่อชาติไทย,7
50,เชียงใหม่,7,ฝาง,แม่คะ,10,12,3,ใหม่,1
50,เชียงใหม่,7,ฝาง,แม่คะ,10,12,4,มิติใหม่,1
50,เชียงใหม่,7,ฝาง,แม่คะ,10,12,5,รวมใจไทย,10
50,เชียงใหม่,7,ฝาง,แม่คะ,10,12,6,รวมไทยสร้างชาติ,7
50,เชียงใหม่,7,ฝาง,แม่คะ,10,12,7,พลวัต,6
50,เชียงใหม่,7,ฝาง,แม่คะ,10,12,8,ประชาธิปไตยใหม่,0
50,เชียงใหม่,7,ฝาง,แม่คะ,10,12,9,เพื่อไทย,133
50,เชียงใหม่,7,ฝาง,แม่คะ,10,12,10,ทางเลือกใหม่,2
50,เชียงใหม่,7,ฝาง,แม่คะ,10,12,11,เศรษฐกิจ,8
50,เชียงใหม่,7,ฝาง,แม่คะ,10,12,12,เสรีรวมไทย,1
50,เชียงใหม่,7,ฝาง,แม่คะ,10,12,13,รวมพลังประชาชน,1
50,เชียงใหม่,7,ฝาง,แม่คะ,10,12,14,ท้องที่ไทย,0
50,เชียงใหม่,7,ฝาง,แม่คะ,10,12,15,อนาคตไทย,0
50,เชียงใหม่,7,ฝาง,แม่คะ,10,12,16,พลังเพื่อไทย,0
50,เชียงใหม่,7,ฝาง,แม่คะ,10,12,17,ไทยชนะ,0
50,เชียงใหม่,7,ฝาง,แม่คะ,10,12,18,พลังสังคมใหม่,1
50,เชียงใหม่,7,ฝาง,แม่คะ,10,12,19,สังคมประชาธิปไตย,1
50,เชียงใหม่,7,ฝาง,แม่คะ,10,12,20,ฟิวชัน,0
50,เชียงใหม่,7,ฝาง,แม่คะ,10,12,21,ไทยรวมพลัง,1
50,เชียงใหม่,7,ฝาง,แม่คะ,10,12,22,ก้าวอิสระ,0
50,เชียงใหม่,7,ฝาง,แม่คะ,10,12,23,ปวงชนไทย,0
50,เชียงใหม่,7,ฝาง,แม่คะ,10,12,24,วิชชั่นใหม่,1
50,เชียงใหม่,7,ฝาง,แม่คะ,10,12,25,เพื่อชีวิตใหม่,0
50,เชียงใหม่,7,ฝาง,แม่คะ,10,12,26,คลองไทย,0
50,เชียงใหม่,7,ฝาง,แม่คะ,10,12,27,ประชาธิปัตย์,6
50,เชียงใหม่,7,ฝาง,แม่คะ,10,12,28,ไทยก้าวหน้า,0
50,เชียงใหม่,7,ฝาง,แม่คะ,10,12,29,ไทยภักดี,0
50,เชียงใหม่,7,ฝาง,แม่คะ,10,12,30,แรงงานสร้างชาติ,0
50,เชียงใหม่,7,ฝาง,แม่คะ,10,12,31,ประชากรไทย,1
50,เชียงใหม่,7,ฝาง,แม่คะ,10,12,32,ครูไทยเพื่อประชาชน,0
50,เชียงใหม่,7,ฝาง,แม่คะ,10,12,33,ประชาชาติ,0
50,เชียงใหม่,7,ฝาง,แม่คะ,10,12,34,สร้างอนาคตไทย,1
50,เชียงใหม่,7,ฝาง,แม่คะ,10,12,35,รักชาติ,1
50,เชียงใหม่,7,ฝาง,แม่คะ,10,12,36,ไทยพร้อม,0
50,เชียงใหม่,7,ฝาง,แม่คะ,10,12,37,ภูมิใจไทย,16
50,เชียงใหม่,7,ฝาง,แม่คะ,10,12,38,พลังธรรมใหม่,0
50,เชียงใหม่,7,ฝาง,แม่คะ,10,12,39,กรีน,0
50,เชียงใหม่,7,ฝาง,แม่คะ,10,12,40,ไทยธรรม,0
50,เชียงใหม่,7,ฝาง,แม่คะ,10,12,41,แผ่นดินธรรม,0
50,เชียงใหม่,7,ฝาง,แม่คะ,10,12,42,กล้าธรรม,14
50,เชียงใหม่,7,ฝาง,แม่คะ,10,12,43,พลังประชารัฐ,2
50,เชียงใหม่,7,ฝาง,แม่คะ,10,12,44,โอกาสใหม่,5
50,เชียงใหม่,7,ฝาง,แม่คะ,10,12,45,เป็นธรรม,0
50,เชียงใหม่,7,ฝาง,แม่คะ,10,12,46,ประชาชน,119
50,เชียงใหม่,7,ฝาง,แม่คะ,10,12,47,ประชาไทย,0
50,เชียงใหม่,7,ฝาง,แม่คะ,10,12,48,ไทยสร้างไทย,2
50,เชียงใหม่,7,ฝาง,แม่คะ,10,12,49,ไทยก้าวใหม่,3
50,เชียงใหม่,7,ฝาง,แม่คะ,10,12,50,ประชาอาสาชาติ,0
50,เชียงใหม่,7,ฝาง,แม่คะ,10,12,51,พร้อม,1
50,เชียงใหม่,7,ฝาง,แม่คะ,10,12,52,เครือข่ายชาวนาแห่งประเทศไทย,0
50,เชียงใหม่,7,ฝาง,แม่คะ,10,12,53,ไทยพิทักษ์ธรรม,0
50,เชียงใหม่,7,ฝาง,แม่คะ,10,12,54,ความหวังใหม่,0
50,เชียงใหม่,7,ฝาง,แม่คะ,10,12,55,ไทยรวมไทย,0
50,เชียงใหม่,7,ฝาง,แม่คะ,10,12,56,เพื่อบ้านเมือง,0
50,เชียงใหม่,7,ฝาง,แม่คะ,10,12,57,พลังไทยรักชาติ,0
50,เชียงใหม่,7,ฝาง,แม่คะ,11,13,1,ไทยทรัพย์ทวี,5
50,เชียงใหม่,7,ฝาง,แม่คะ,11,13,2,เพื่อชาติไทย,7
50,เชียงใหม่,7,ฝาง,แม่คะ,11,13,3,ใหม่,0
50,เชียงใหม่,7,ฝาง,แม่คะ,11,13,4,มิติใหม่,1
50,เชียงใหม่,7,ฝาง,แม่คะ,11,13,5,รวมใจไทย,1
50,เชียงใหม่,7,ฝาง,แม่คะ,11,13,6,รวมไทยสร้างชาติ,22
50,เชียงใหม่,7,ฝาง,แม่คะ,11,13,7,พลวัต,1
50,เชียงใหม่,7,ฝาง,แม่คะ,11,13,8,ประชาธิปไตยใหม่,2
50,เชียงใหม่,7,ฝาง,แม่คะ,11,13,9,เพื่อไทย,157
50,เชียงใหม่,7,ฝาง,แม่คะ,11,13,10,ทางเลือกใหม่,3
50,เชียงใหม่,7,ฝาง,แม่คะ,11,13,11,เศรษฐกิจ,8
50,เชียงใหม่,7,ฝาง,แม่คะ,11,13,12,เสรีรวมไทย,0
50,เชียงใหม่,7,ฝาง,แม่คะ,11,13,13,รวมพลังประชาชน,3
50,เชียงใหม่,7,ฝาง,แม่คะ,11,13,14,ท้องที่ไทย,0
50,เชียงใหม่,7,ฝาง,แม่คะ,11,13,15,อนาคตไทย,0
50,เชียงใหม่,7,ฝาง,แม่คะ,11,13,16,พลังเพื่อไทย,0
50,เชียงใหม่,7,ฝาง,แม่คะ,11,13,17,ไทยชนะ,0
50,เชียงใหม่,7,ฝาง,แม่คะ,11,13,18,พลังสังคมใหม่,0
50,เชียงใหม่,7,ฝาง,แม่คะ,11,13,19,สังคมประชาธิปไตย,0
50,เชียงใหม่,7,ฝาง,แม่คะ,11,13,20,ฟิวชัน,0
50,เชียงใหม่,7,ฝาง,แม่คะ,11,13,21,ไทยรวมพลัง,0
50,เชียงใหม่,7,ฝาง,แม่คะ,11,13,22,ก้าวอิสระ,1
50,เชียงใหม่,7,ฝาง,แม่คะ,11,13,23,ปวงชนไทย,1
50,เชียงใหม่,7,ฝาง,แม่คะ,11,13,24,วิชชั่นใหม่,0
50,เชียงใหม่,7,ฝาง,แม่คะ,11,13,25,เพื่อชีวิตใหม่,0
50,เชียงใหม่,7,ฝาง,แม่คะ,11,13,26,คลองไทย,0
50,เชียงใหม่,7,ฝาง,แม่คะ,11,13,27,ประชาธิปัตย์,8
50,เชียงใหม่,7,ฝาง,แม่คะ,11,13,28,ไทยก้าวหน้า,0
50,เชียงใหม่,7,ฝาง,แม่คะ,11,13,29,ไทยภักดี,3
50,เชียงใหม่,7,ฝาง,แม่คะ,11,13,30,แรงงานสร้างชาติ,1
50,เชียงใหม่,7,ฝาง,แม่คะ,11,13,31,ประชากรไทย,1
50,เชียงใหม่,7,ฝาง,แม่คะ,11,13,32,ครูไทยเพื่อประชาชน,0
50,เชียงใหม่,7,ฝาง,แม่คะ,11,13,33,ประชาชาติ,1
50,เชียงใหม่,7,ฝาง,แม่คะ,11,13,34,สร้างอนาคตไทย,0
50,เชียงใหม่,7,ฝาง,แม่คะ,11,13,35,รักชาติ,1
50,เชียงใหม่,7,ฝาง,แม่คะ,11,13,36,ไทยพร้อม,2
50,เชียงใหม่,7,ฝาง,แม่คะ,11,13,37,ภูมิใจไทย,25
50,เชียงใหม่,7,ฝาง,แม่คะ,11,13,38,พลังธรรมใหม่,2
50,เชียงใหม่,7,ฝาง,แม่คะ,11,13,39,กรีน,0
50,เชียงใหม่,7,ฝาง,แม่คะ,11,13,40,ไทยธรรม,0
50,เชียงใหม่,7,ฝาง,แม่คะ,11,13,41,แผ่นดินธรรม,0
50,เชียงใหม่,7,ฝาง,แม่คะ,11,13,42,กล้าธรรม,9
50,เชียงใหม่,7,ฝาง,แม่คะ,11,13,43,พลังประชารัฐ,1
50,เชียงใหม่,7,ฝาง,แม่คะ,11,13,44,โอกาสใหม่,0
50,เชียงใหม่,7,ฝาง,แม่คะ,11,13,45,เป็นธรรม,0
50,เชียงใหม่,7,ฝาง,แม่คะ,11,13,46,ประชาชน,118
50,เชียงใหม่,7,ฝาง,แม่คะ,11,13,47,ประชาไทย,0
50,เชียงใหม่,7,ฝาง,แม่คะ,11,13,48,ไทยสร้างไทย,1
50,เชียงใหม่,7,ฝาง,แม่คะ,11,13,49,ไทยก้าวใหม่,4
50,เชียงใหม่,7,ฝาง,แม่คะ,11,13,50,ประชาอาสาชาติ,0
50,เชียงใหม่,7,ฝาง,แม่คะ,11,13,51,พร้อม,0
50,เชียงใหม่,7,ฝาง,แม่คะ,11,13,52,เครือข่ายชาวนาแห่งประเทศไทย,0
50,เชียงใหม่,7,ฝาง,แม่คะ,11,13,53,ไทยพิทักษ์ธรรม,0
50,เชียงใหม่,7,ฝาง,แม่คะ,11,13,54,ความหวังใหม่,0
50,เชียงใหม่,7,ฝาง,แม่คะ,11,13,55,ไทยรวมไทย,0
50,เชียงใหม่,7,ฝาง,แม่คะ,11,13,56,เพื่อบ้านเมือง,0
50,เชียงใหม่,7,ฝาง,แม่คะ,11,13,57,พลังไทยรักชาติ,0
50,เชียงใหม่,7,ฝาง,แม่คะ,12,14,1,ไทยทรัพย์ทวี,0
50,เชียงใหม่,7,ฝาง,แม่คะ,12,14,2,เพื่อชาติไทย,4
50,เชียงใหม่,7,ฝาง,แม่คะ,12,14,3,ใหม่,0
50,เชียงใหม่,7,ฝาง,แม่คะ,12,14,4,มิติใหม่,0
50,เชียงใหม่,7,ฝาง,แม่คะ,12,14,5,รวมใจไทย,3
50,เชียงใหม่,7,ฝาง,แม่คะ,12,14,6,รวมไทยสร้างชาติ,1
50,เชียงใหม่,7,ฝาง,แม่คะ,12,14,7,พลวัต,0
50,เชียงใหม่,7,ฝาง,แม่คะ,12,14,8,ประชาธิปไตยใหม่,0
50,เชียงใหม่,7,ฝาง,แม่คะ,12,14,9,เพื่อไทย,135
50,เชียงใหม่,7,ฝาง,แม่คะ,12,14,10,ทางเลือกใหม่,0
50,เชียงใหม่,7,ฝาง,แม่คะ,12,14,11,เศรษฐกิจ,0
50,เชียงใหม่,7,ฝาง,แม่คะ,12,14,12,เสรีรวมไทย,0
50,เชียงใหม่,7,ฝาง,แม่คะ,12,14,13,รวมพลังประชาชน,0
50,เชียงใหม่,7,ฝาง,แม่คะ,12,14,14,ท้องที่ไทย,0
50,เชียงใหม่,7,ฝาง,แม่คะ,12,14,15,อนาคตไทย,0
50,เชียงใหม่,7,ฝาง,แม่คะ,12,14,16,พลังเพื่อไทย,1
50,เชียงใหม่,7,ฝาง,แม่คะ,12,14,17,ไทยชนะ,0
50,เชียงใหม่,7,ฝาง,แม่คะ,12,14,18,พลังสังคมใหม่,2
50,เชียงใหม่,7,ฝาง,แม่คะ,12,14,19,สังคมประชาธิปไตย,1
50,เชียงใหม่,7,ฝาง,แม่คะ,12,14,20,ฟิวชัน,0
50,เชียงใหม่,7,ฝาง,แม่คะ,12,14,21,ไทยรวมพลัง,0
50,เชียงใหม่,7,ฝาง,แม่คะ,12,14,22,ก้าวอิสระ,0
50,เชียงใหม่,7,ฝาง,แม่คะ,12,14,23,ปวงชนไทย,0
50,เชียงใหม่,7,ฝาง,แม่คะ,12,14,24,วิชชั่นใหม่,0
50,เชียงใหม่,7,ฝาง,แม่คะ,12,14,25,เพื่อชีวิตใหม่,0
50,เชียงใหม่,7,ฝาง,แม่คะ,12,14,26,คลองไทย,1
50,เชียงใหม่,7,ฝาง,แม่คะ,12,14,27,ประชาธิปัตย์,1
50,เชียงใหม่,7,ฝาง,แม่คะ,12,14,28,ไทยก้าวหน้า,0
50,เชียงใหม่,7,ฝาง,แม่คะ,12,14,29,ไทยภักดี,0
50,เชียงใหม่,7,ฝาง,แม่คะ,12,14,30,แรงงานสร้างชาติ,0
50,เชียงใหม่,7,ฝาง,แม่คะ,12,14,31,ประชากรไทย,0
50,เชียงใหม่,7,ฝาง,แม่คะ,12,14,32,ครูไทยเพื่อประชาชน,0
50,เชียงใหม่,7,ฝาง,แม่คะ,12,14,33,ประชาชาติ,1
50,เชียงใหม่,7,ฝาง,แม่คะ,12,14,34,สร้างอนาคตไทย,0
50,เชียงใหม่,7,ฝาง,แม่คะ,12,14,35,รักชาติ,1
50,เชียงใหม่,7,ฝาง,แม่คะ,12,14,36,ไทยพร้อม,0
50,เชียงใหม่,7,ฝาง,แม่คะ,12,14,37,ภูมิใจไทย,5
50,เชียงใหม่,7,ฝาง,แม่คะ,12,14,38,พลังธรรมใหม่,1
50,เชียงใหม่,7,ฝาง,แม่คะ,12,14,39,กรีน,0
50,เชียงใหม่,7,ฝาง,แม่คะ,12,14,40,ไทยธรรม,0
50,เชียงใหม่,7,ฝาง,แม่คะ,12,14,41,แผ่นดินธรรม,0
50,เชียงใหม่,7,ฝาง,แม่คะ,12,14,42,กล้าธรรม,3
50,เชียงใหม่,7,ฝาง,แม่คะ,12,14,43,พลังประชารัฐ,0
50,เชียงใหม่,7,ฝาง,แม่คะ,12,14,44,โอกาสใหม่,1
50,เชียงใหม่,7,ฝาง,แม่คะ,12,14,45,เป็นธรรม,0
50,เชียงใหม่,7,ฝาง,แม่คะ,12,14,46,ประชาชน,31
50,เชียงใหม่,7,ฝาง,แม่คะ,12,14,47,ประชาไทย,0
50,เชียงใหม่,7,ฝาง,แม่คะ,12,14,48,ไทยสร้างไทย,0
50,เชียงใหม่,7,ฝาง,แม่คะ,12,14,49,ไทยก้าวใหม่,0
50,เชียงใหม่,7,ฝาง,แม่คะ,12,14,50,ประชาอาสาชาติ,0
50,เชียงใหม่,7,ฝาง,แม่คะ,12,14,51,พร้อม,0
50,เชียงใหม่,7,ฝาง,แม่คะ,12,14,52,เครือข่ายชาวนาแห่งประเทศไทย,0
50,เชียงใหม่,7,ฝาง,แม่คะ,12,14,53,ไทยพิทักษ์ธรรม,0
50,เชียงใหม่,7,ฝาง,แม่คะ,12,14,54,ความหวังใหม่,0
50,เชียงใหม่,7,ฝาง,แม่คะ,12,14,55,ไทยรวมไทย,0
50,เชียงใหม่,7,ฝาง,แม่คะ,12,14,56,เพื่อบ้านเมือง,0
50,เชียงใหม่,7,ฝาง,แม่คะ,12,14,57,พลังไทยรักชาติ,0
50,เชียงใหม่,7,ฝาง,แม่คะ,13,15,1,ไทยทรัพย์ทวี,1
50,เชียงใหม่,7,ฝาง,แม่คะ,13,15,2,เพื่อชาติไทย,4
50,เชียงใหม่,7,ฝาง,แม่คะ,13,15,3,ใหม่,0
50,เชียงใหม่,7,ฝาง,แม่คะ,13,15,4,มิติใหม่,0
50,เชียงใหม่,7,ฝาง,แม่คะ,13,15,5,รวมใจไทย,6
50,เชียงใหม่,7,ฝาง,แม่คะ,13,15,6,รวมไทยสร้างชาติ,7
50,เชียงใหม่,7,ฝาง,แม่คะ,13,15,7,พลวัต,3
50,เชียงใหม่,7,ฝาง,แม่คะ,13,15,8,ประชาธิปไตยใหม่,0
50,เชียงใหม่,7,ฝาง,แม่คะ,13,15,9,เพื่อไทย,97
50,เชียงใหม่,7,ฝาง,แม่คะ,13,15,10,ทางเลือกใหม่,0
50,เชียงใหม่,7,ฝาง,แม่คะ,13,15,11,เศรษฐกิจ,7
50,เชียงใหม่,7,ฝาง,แม่คะ,13,15,12,เสรีรวมไทย,1
50,เชียงใหม่,7,ฝาง,แม่คะ,13,15,13,รวมพลังประชาชน,2
50,เชียงใหม่,7,ฝาง,แม่คะ,13,15,14,ท้องที่ไทย,0
50,เชียงใหม่,7,ฝาง,แม่คะ,13,15,15,อนาคตไทย,0
50,เชียงใหม่,7,ฝาง,แม่คะ,13,15,16,พลังเพื่อไทย,0
50,เชียงใหม่,7,ฝาง,แม่คะ,13,15,17,ไทยชนะ,1
50,เชียงใหม่,7,ฝาง,แม่คะ,13,15,18,พลังสังคมใหม่,0
50,เชียงใหม่,7,ฝาง,แม่คะ,13,15,19,สังคมประชาธิปไตย,0
50,เชียงใหม่,7,ฝาง,แม่คะ,13,15,20,ฟิวชัน,0
50,เชียงใหม่,7,ฝาง,แม่คะ,13,15,21,ไทยรวมพลัง,0
50,เชียงใหม่,7,ฝาง,แม่คะ,13,15,22,ก้าวอิสระ,0
50,เชียงใหม่,7,ฝาง,แม่คะ,13,15,23,ปวงชนไทย,0
50,เชียงใหม่,7,ฝาง,แม่คะ,13,15,24,วิชชั่นใหม่,1
50,เชียงใหม่,7,ฝาง,แม่คะ,13,15,25,เพื่อชีวิตใหม่,0
50,เชียงใหม่,7,ฝาง,แม่คะ,13,15,26,คลองไทย,0
50,เชียงใหม่,7,ฝาง,แม่คะ,13,15,27,ประชาธิปัตย์,4
50,เชียงใหม่,7,ฝาง,แม่คะ,13,15,28,ไทยก้าวหน้า,0
50,เชียงใหม่,7,ฝาง,แม่คะ,13,15,29,ไทยภักดี,2
50,เชียงใหม่,7,ฝาง,แม่คะ,13,15,30,แรงงานสร้างชาติ,0
50,เชียงใหม่,7,ฝาง,แม่คะ,13,15,31,ประชากรไทย,0
50,เชียงใหม่,7,ฝาง,แม่คะ,13,15,32,ครูไทยเพื่อประชาชน,0
50,เชียงใหม่,7,ฝาง,แม่คะ,13,15,33,ประชาชาติ,1
50,เชียงใหม่,7,ฝาง,แม่คะ,13,15,34,สร้างอนาคตไทย,0
50,เชียงใหม่,7,ฝาง,แม่คะ,13,15,35,รักชาติ,0
50,เชียงใหม่,7,ฝาง,แม่คะ,13,15,36,ไทยพร้อม,1
50,เชียงใหม่,7,ฝาง,แม่คะ,13,15,37,ภูมิใจไทย,15
50,เชียงใหม่,7,ฝาง,แม่คะ,13,15,38,พลังธรรมใหม่,4
50,เชียงใหม่,7,ฝาง,แม่คะ,13,15,39,กรีน,1
50,เชียงใหม่,7,ฝาง,แม่คะ,13,15,40,ไทยธรรม,0
50,เชียงใหม่,7,ฝาง,แม่คะ,13,15,41,แผ่นดินธรรม,0
50,เชียงใหม่,7,ฝาง,แม่คะ,13,15,42,กล้าธรรม,8
50,เชียงใหม่,7,ฝาง,แม่คะ,13,15,43,พลังประชารัฐ,3
50,เชียงใหม่,7,ฝาง,แม่คะ,13,15,44,โอกาสใหม่,0
50,เชียงใหม่,7,ฝาง,แม่คะ,13,15,45,เป็นธรรม,0
50,เชียงใหม่,7,ฝาง,แม่คะ,13,15,46,ประชาชน,80
50,เชียงใหม่,7,ฝาง,แม่คะ,13,15,47,ประชาไทย,0
50,เชียงใหม่,7,ฝาง,แม่คะ,13,15,48,ไทยสร้างไทย,1
50,เชียงใหม่,7,ฝาง,แม่คะ,13,15,49,ไทยก้าวใหม่,1
50,เชียงใหม่,7,ฝาง,แม่คะ,13,15,50,ประชาอาสาชาติ,0
50,เชียงใหม่,7,ฝาง,แม่คะ,13,15,51,พร้อม,0
50,เชียงใหม่,7,ฝาง,แม่คะ,13,15,52,เครือข่ายชาวนาแห่งประเทศไทย,0
50,เชียงใหม่,7,ฝาง,แม่คะ,13,15,53,ไทยพิทักษ์ธรรม,0
50,เชียงใหม่,7,ฝาง,แม่คะ,13,15,54,ความหวังใหม่,0
50,เชียงใหม่,7,ฝาง,แม่คะ,13,15,55,ไทยรวมไทย,0
50,เชียงใหม่,7,ฝาง,แม่คะ,13,15,56,เพื่อบ้านเมือง,0
50,เชียงใหม่,7,ฝาง,แม่คะ,13,15,57,พลังไทยรักชาติ,0
50,เชียงใหม่,7,ฝาง,แม่คะ,14,16,1,ไทยทรัพย์ทวี,6
50,เชียงใหม่,7,ฝาง,แม่คะ,14,16,2,เพื่อชาติไทย,2
50,เชียงใหม่,7,ฝาง,แม่คะ,14,16,3,ใหม่,3
50,เชียงใหม่,7,ฝาง,แม่คะ,14,16,4,มิติใหม่,1
50,เชียงใหม่,7,ฝาง,แม่คะ,14,16,5,รวมใจไทย,7
50,เชียงใหม่,7,ฝาง,แม่คะ,14,16,6,รวมไทยสร้างชาติ,8
50,เชียงใหม่,7,ฝาง,แม่คะ,14,16,7,พลวัต,15
50,เชียงใหม่,7,ฝาง,แม่คะ,14,16,8,ประชาธิปไตยใหม่,0
50,เชียงใหม่,7,ฝาง,แม่คะ,14,16,9,เพื่อไทย,65
50,เชียงใหม่,7,ฝาง,แม่คะ,14,16,10,ทางเลือกใหม่,0
50,เชียงใหม่,7,ฝาง,แม่คะ,14,16,11,เศรษฐกิจ,9
50,เชียงใหม่,7,ฝาง,แม่คะ,14,16,12,เสรีรวมไทย,0
50,เชียงใหม่,7,ฝาง,แม่คะ,14,16,13,รวมพลังประชาชน,4
50,เชียงใหม่,7,ฝาง,แม่คะ,14,16,14,ท้องที่ไทย,2
50,เชียงใหม่,7,ฝาง,แม่คะ,14,16,15,อนาคตไทย,0
50,เชียงใหม่,7,ฝาง,แม่คะ,14,16,16,พลังเพื่อไทย,1
50,เชียงใหม่,7,ฝาง,แม่คะ,14,16,17,ไทยชนะ,3
50,เชียงใหม่,7,ฝาง,แม่คะ,14,16,18,พลังสังคมใหม่,0
50,เชียงใหม่,7,ฝาง,แม่คะ,14,16,19,สังคมประชาธิปไตย,1
50,เชียงใหม่,7,ฝาง,แม่คะ,14,16,20,ฟิวชัน,0
50,เชียงใหม่,7,ฝาง,แม่คะ,14,16,21,ไทยรวมพลัง,0
50,เชียงใหม่,7,ฝาง,แม่คะ,14,16,22,ก้าวอิสระ,0
50,เชียงใหม่,7,ฝาง,แม่คะ,14,16,23,ปวงชนไทย,2
50,เชียงใหม่,7,ฝาง,แม่คะ,14,16,24,วิชชั่นใหม่,7
50,เชียงใหม่,7,ฝาง,แม่คะ,14,16,25,เพื่อชีวิตใหม่,1
50,เชียงใหม่,7,ฝาง,แม่คะ,14,16,26,คลองไทย,1
50,เชียงใหม่,7,ฝาง,แม่คะ,14,16,27,ประชาธิปัตย์,6
50,เชียงใหม่,7,ฝาง,แม่คะ,14,16,28,ไทยก้าวหน้า,2
50,เชียงใหม่,7,ฝาง,แม่คะ,14,16,29,ไทยภักดี,0
50,เชียงใหม่,7,ฝาง,แม่คะ,14,16,30,แรงงานสร้างชาติ,2
50,เชียงใหม่,7,ฝาง,แม่คะ,14,16,31,ประชากรไทย,1
50,เชียงใหม่,7,ฝาง,แม่คะ,14,16,32,ครูไทยเพื่อประชาชน,0
50,เชียงใหม่,7,ฝาง,แม่คะ,14,16,33,ประชาชาติ,1
50,เชียงใหม่,7,ฝาง,แม่คะ,14,16,34,สร้างอนาคตไทย,1
50,เชียงใหม่,7,ฝาง,แม่คะ,14,16,35,รักชาติ,4
50,เชียงใหม่,7,ฝาง,แม่คะ,14,16,36,ไทยพร้อม,1
50,เชียงใหม่,7,ฝาง,แม่คะ,14,16,37,ภูมิใจไทย,11
50,เชียงใหม่,7,ฝาง,แม่คะ,14,16,38,พลังธรรมใหม่,2
50,เชียงใหม่,7,ฝาง,แม่คะ,14,16,39,กรีน,0
50,เชียงใหม่,7,ฝาง,แม่คะ,14,16,40,ไทยธรรม,0
50,เชียงใหม่,7,ฝาง,แม่คะ,14,16,41,แผ่นดินธรรม,0
50,เชียงใหม่,7,ฝาง,แม่คะ,14,16,42,กล้าธรรม,75
50,เชียงใหม่,7,ฝาง,แม่คะ,14,16,43,พลังประชารัฐ,3
50,เชียงใหม่,7,ฝาง,แม่คะ,14,16,44,โอกาสใหม่,2
50,เชียงใหม่,7,ฝาง,แม่คะ,14,16,45,เป็นธรรม,2
50,เชียงใหม่,7,ฝาง,แม่คะ,14,16,46,ประชาชน,119
50,เชียงใหม่,7,ฝาง,แม่คะ,14,16,47,ประชาไทย,0
50,เชียงใหม่,7,ฝาง,แม่คะ,14,16,48,ไทยสร้างไทย,1
50,เชียงใหม่,7,ฝาง,แม่คะ,14,16,49,ไทยก้าวใหม่,0
50,เชียงใหม่,7,ฝาง,แม่คะ,14,16,50,ประชาอาสาชาติ,0
50,เชียงใหม่,7,ฝาง,แม่คะ,14,16,51,พร้อม,0
50,เชียงใหม่,7,ฝาง,แม่คะ,14,16,52,เครือข่ายชาวนาแห่งประเทศไทย,0
50,เชียงใหม่,7,ฝาง,แม่คะ,14,16,53,ไทยพิทักษ์ธรรม,0
50,เชียงใหม่,7,ฝาง,แม่คะ,14,16,54,ความหวังใหม่,0
50,เชียงใหม่,7,ฝาง,แม่คะ,14,16,55,ไทยรวมไทย,1
50,เชียงใหม่,7,ฝาง,แม่คะ,14,16,56,เพื่อบ้านเมือง,0
50,เชียงใหม่,7,ฝาง,แม่คะ,14,16,57,พลังไทยรักชาติ,0
50,เชียงใหม่,7,ฝาง,แม่คะ,15,17,1,ไทยทรัพย์ทวี,6
50,เชียงใหม่,7,ฝาง,แม่คะ,15,17,2,เพื่อชาติไทย,6
50,เชียงใหม่,7,ฝาง,แม่คะ,15,17,3,ใหม่,3
50,เชียงใหม่,7,ฝาง,แม่คะ,15,17,4,มิติใหม่,0
50,เชียงใหม่,7,ฝาง,แม่คะ,15,17,5,รวมใจไทย,2
50,เชียงใหม่,7,ฝาง,แม่คะ,15,17,6,รวมไทยสร้างชาติ,5
50,เชียงใหม่,7,ฝาง,แม่คะ,15,17,7,พลวัต,2
50,เชียงใหม่,7,ฝาง,แม่คะ,15,17,8,ประชาธิปไตยใหม่,1
50,เชียงใหม่,7,ฝาง,แม่คะ,15,17,9,เพื่อไทย,62
50,เชียงใหม่,7,ฝาง,แม่คะ,15,17,10,ทางเลือกใหม่,0
50,เชียงใหม่,7,ฝาง,แม่คะ,15,17,11,เศรษฐกิจ,3
50,เชียงใหม่,7,ฝาง,แม่คะ,15,17,12,เสรีรวมไทย,0
50,เชียงใหม่,7,ฝาง,แม่คะ,15,17,13,รวมพลังประชาชน,3
50,เชียงใหม่,7,ฝาง,แม่คะ,15,17,14,ท้องที่ไทย,0
50,เชียงใหม่,7,ฝาง,แม่คะ,15,17,15,อนาคตไทย,0
50,เชียงใหม่,7,ฝาง,แม่คะ,15,17,16,พลังเพื่อไทย,0
50,เชียงใหม่,7,ฝาง,แม่คะ,15,17,17,ไทยชนะ,4
50,เชียงใหม่,7,ฝาง,แม่คะ,15,17,18,พลังสังคมใหม่,0
50,เชียงใหม่,7,ฝาง,แม่คะ,15,17,19,สังคมประชาธิปไตย,1
50,เชียงใหม่,7,ฝาง,แม่คะ,15,17,20,ฟิวชัน,1
50,เชียงใหม่,7,ฝาง,แม่คะ,15,17,21,ไทยรวมพลัง,1
50,เชียงใหม่,7,ฝาง,แม่คะ,15,17,22,ก้าวอิสระ,0
50,เชียงใหม่,7,ฝาง,แม่คะ,15,17,23,ปวงชนไทย,0
50,เชียงใหม่,7,ฝาง,แม่คะ,15,17,24,วิชชั่นใหม่,0
50,เชียงใหม่,7,ฝาง,แม่คะ,15,17,25,เพื่อชีวิตใหม่,0
50,เชียงใหม่,7,ฝาง,แม่คะ,15,17,26,คลองไทย,1
50,เชียงใหม่,7,ฝาง,แม่คะ,15,17,27,ประชาธิปัตย์,24
50,เชียงใหม่,7,ฝาง,แม่คะ,15,17,28,ไทยก้าวหน้า,1
50,เชียงใหม่,7,ฝาง,แม่คะ,15,17,29,ไทยภักดี,3
50,เชียงใหม่,7,ฝาง,แม่คะ,15,17,30,แรงงานสร้างชาติ,0
50,เชียงใหม่,7,ฝาง,แม่คะ,15,17,31,ประชากรไทย,1
50,เชียงใหม่,7,ฝาง,แม่คะ,15,17,32,ครูไทยเพื่อประชาชน,1
50,เชียงใหม่,7,ฝาง,แม่คะ,15,17,33,ประชาชาติ,1
50,เชียงใหม่,7,ฝาง,แม่คะ,15,17,34,สร้างอนาคตไทย,2
50,เชียงใหม่,7,ฝาง,แม่คะ,15,17,35,รักชาติ,0
50,เชียงใหม่,7,ฝาง,แม่คะ,15,17,36,ไทยพร้อม,0
50,เชียงใหม่,7,ฝาง,แม่คะ,15,17,37,ภูมิใจไทย,6
50,เชียงใหม่,7,ฝาง,แม่คะ,15,17,38,พลังธรรมใหม่,3
50,เชียงใหม่,7,ฝาง,แม่คะ,15,17,39,กรีน,0
50,เชียงใหม่,7,ฝาง,แม่คะ,15,17,40,ไทยธรรม,1
50,เชียงใหม่,7,ฝาง,แม่คะ,15,17,41,แผ่นดินธรรม,0
50,เชียงใหม่,7,ฝาง,แม่คะ,15,17,42,กล้าธรรม,30
50,เชียงใหม่,7,ฝาง,แม่คะ,15,17,43,พลังประชารัฐ,1
50,เชียงใหม่,7,ฝาง,แม่คะ,15,17,44,โอกาสใหม่,0
50,เชียงใหม่,7,ฝาง,แม่คะ,15,17,45,เป็นธรรม,1
50,เชียงใหม่,7,ฝาง,แม่คะ,15,17,46,ประชาชน,25
50,เชียงใหม่,7,ฝาง,แม่คะ,15,17,47,ประชาไทย,1
50,เชียงใหม่,7,ฝาง,แม่คะ,15,17,48,ไทยสร้างไทย,0
50,เชียงใหม่,7,ฝาง,แม่คะ,15,17,49,ไทยก้าวใหม่,0
50,เชียงใหม่,7,ฝาง,แม่คะ,15,17,50,ประชาอาสาชาติ,0
50,เชียงใหม่,7,ฝาง,แม่คะ,15,17,51,พร้อม,0
50,เชียงใหม่,7,ฝาง,แม่คะ,15,17,52,เครือข่ายชาวนาแห่งประเทศไทย,0
50,เชียงใหม่,7,ฝาง,แม่คะ,15,17,53,ไทยพิทักษ์ธรรม,1
50,เชียงใหม่,7,ฝาง,แม่คะ,15,17,54,ความหวังใหม่,0
50,เชียงใหม่,7,ฝาง,แม่คะ,15,17,55,ไทยรวมไทย,0
50,เชียงใหม่,7,ฝาง,แม่คะ,15,17,56,เพื่อบ้านเมือง,0
50,เชียงใหม่,7,ฝาง,แม่คะ,15,17,57,พลังไทยรักชาติ,0
50,เชียงใหม่,7,ฝาง,แม่งอน,1,1,1,ไทยทรัพย์ทวี,2
50,เชียงใหม่,7,ฝาง,แม่งอน,1,1,2,เพื่อชาติไทย,2
50,เชียงใหม่,7,ฝาง,แม่งอน,1,1,3,ใหม่,1
50,เชียงใหม่,7,ฝาง,แม่งอน,1,1,4,มิติใหม่,2
50,เชียงใหม่,7,ฝาง,แม่งอน,1,1,5,รวมใจไทย,6
50,เชียงใหม่,7,ฝาง,แม่งอน,1,1,6,รวมไทยสร้างชาติ,5
50,เชียงใหม่,7,ฝาง,แม่งอน,1,1,7,พลวัต,4
50,เชียงใหม่,7,ฝาง,แม่งอน,1,1,8,ประชาธิปไตยใหม่,4
50,เชียงใหม่,7,ฝาง,แม่งอน,1,1,9,เพื่อไทย,77
50,เชียงใหม่,7,ฝาง,แม่งอน,1,1,10,ทางเลือกใหม่,0
50,เชียงใหม่,7,ฝาง,แม่งอน,1,1,11,เศรษฐกิจ,5
50,เชียงใหม่,7,ฝาง,แม่งอน,1,1,12,เสรีรวมไทย,1
50,เชียงใหม่,7,ฝาง,แม่งอน,1,1,13,รวมพลังประชาชน,3
50,เชียงใหม่,7,ฝาง,แม่งอน,1,1,14,ท้องที่ไทย,0
50,เชียงใหม่,7,ฝาง,แม่งอน,1,1,15,อนาคตไทย,0
50,เชียงใหม่,7,ฝาง,แม่งอน,1,1,16,พลังเพื่อไทย,1
50,เชียงใหม่,7,ฝาง,แม่งอน,1,1,17,ไทยชนะ,1
50,เชียงใหม่,7,ฝาง,แม่งอน,1,1,18,พลังสังคมใหม่,0
50,เชียงใหม่,7,ฝาง,แม่งอน,1,1,19,สังคมประชาธิปไตย,0
50,เชียงใหม่,7,ฝาง,แม่งอน,1,1,20,ฟิวชัน,0
50,เชียงใหม่,7,ฝาง,แม่งอน,1,1,21,ไทยรวมพลัง,0
50,เชียงใหม่,7,ฝาง,แม่งอน,1,1,22,ก้าวอิสระ,0
50,เชียงใหม่,7,ฝาง,แม่งอน,1,1,23,ปวงชนไทย,0
50,เชียงใหม่,7,ฝาง,แม่งอน,1,1,24,วิชชั่นใหม่,1
50,เชียงใหม่,7,ฝาง,แม่งอน,1,1,25,เพื่อชีวิตใหม่,0
50,เชียงใหม่,7,ฝาง,แม่งอน,1,1,26,คลองไทย,0
50,เชียงใหม่,7,ฝาง,แม่งอน,1,1,27,ประชาธิปัตย์,2
50,เชียงใหม่,7,ฝาง,แม่งอน,1,1,28,ไทยก้าวหน้า,1
50,เชียงใหม่,7,ฝาง,แม่งอน,1,1,29,ไทยภักดี,0
50,เชียงใหม่,7,ฝาง,แม่งอน,1,1,30,แรงงานสร้างชาติ,0
50,เชียงใหม่,7,ฝาง,แม่งอน,1,1,31,ประชากรไทย,0
50,เชียงใหม่,7,ฝาง,แม่งอน,1,1,32,ครูไทยเพื่อประชาชน,0
50,เชียงใหม่,7,ฝาง,แม่งอน,1,1,33,ประชาชาติ,0
50,เชียงใหม่,7,ฝาง,แม่งอน,1,1,34,สร้างอนาคตไทย,0
50,เชียงใหม่,7,ฝาง,แม่งอน,1,1,35,รักชาติ,1
50,เชียงใหม่,7,ฝาง,แม่งอน,1,1,36,ไทยพร้อม,3
50,เชียงใหม่,7,ฝาง,แม่งอน,1,1,37,ภูมิใจไทย,19
50,เชียงใหม่,7,ฝาง,แม่งอน,1,1,38,พลังธรรมใหม่,2
50,เชียงใหม่,7,ฝาง,แม่งอน,1,1,39,กรีน,0
50,เชียงใหม่,7,ฝาง,แม่งอน,1,1,40,ไทยธรรม,0
50,เชียงใหม่,7,ฝาง,แม่งอน,1,1,41,แผ่นดินธรรม,0
50,เชียงใหม่,7,ฝาง,แม่งอน,1,1,42,กล้าธรรม,10
50,เชียงใหม่,7,ฝาง,แม่งอน,1,1,43,พลังประชารัฐ,0
50,เชียงใหม่,7,ฝาง,แม่งอน,1,1,44,โอกาสใหม่,0
50,เชียงใหม่,7,ฝาง,แม่งอน,1,1,45,เป็นธรรม,1
50,เชียงใหม่,7,ฝาง,แม่งอน,1,1,46,ประชาชน,83
50,เชียงใหม่,7,ฝาง,แม่งอน,1,1,47,ประชาไทย,1
50,เชียงใหม่,7,ฝาง,แม่งอน,1,1,48,ไทยสร้างไทย,1
50,เชียงใหม่,7,ฝาง,แม่งอน,1,1,49,ไทยก้าวใหม่,0
50,เชียงใหม่,7,ฝาง,แม่งอน,1,1,50,ประชาอาสาชาติ,0
50,เชียงใหม่,7,ฝาง,แม่งอน,1,1,51,พร้อม,0
50,เชียงใหม่,7,ฝาง,แม่งอน,1,1,52,เครือข่ายชาวนาแห่งประเทศไทย,0
50,เชียงใหม่,7,ฝาง,แม่งอน,1,1,53,ไทยพิทักษ์ธรรม,0
50,เชียงใหม่,7,ฝาง,แม่งอน,1,1,54,ความหวังใหม่,0
50,เชียงใหม่,7,ฝาง,แม่งอน,1,1,55,ไทยรวมไทย,0
50,เชียงใหม่,7,ฝาง,แม่งอน,1,1,56,เพื่อบ้านเมือง,0
50,เชียงใหม่,7,ฝาง,แม่งอน,1,1,57,พลังไทยรักชาติ,0
50,เชียงใหม่,7,ฝาง,แม่งอน,2,2,1,ไทยทรัพย์ทวี,1
50,เชียงใหม่,7,ฝาง,แม่งอน,2,2,2,เพื่อชาติไทย,5
50,เชียงใหม่,7,ฝาง,แม่งอน,2,2,3,ใหม่,1
50,เชียงใหม่,7,ฝาง,แม่งอน,2,2,4,มิติใหม่,1
50,เชียงใหม่,7,ฝาง,แม่งอน,2,2,5,รวมใจไทย,11
50,เชียงใหม่,7,ฝาง,แม่งอน,2,2,6,รวมไทยสร้างชาติ,9
50,เชียงใหม่,7,ฝาง,แม่งอน,2,2,7,พลวัต,5
50,เชียงใหม่,7,ฝาง,แม่งอน,2,2,8,ประชาธิปไตยใหม่,1
50,เชียงใหม่,7,ฝาง,แม่งอน,2,2,9,เพื่อไทย,122
50,เชียงใหม่,7,ฝาง,แม่งอน,2,2,10,ทางเลือกใหม่,2
50,เชียงใหม่,7,ฝาง,แม่งอน,2,2,11,เศรษฐกิจ,14
50,เชียงใหม่,7,ฝาง,แม่งอน,2,2,12,เสรีรวมไทย,2
50,เชียงใหม่,7,ฝาง,แม่งอน,2,2,13,รวมพลังประชาชน,2
50,เชียงใหม่,7,ฝาง,แม่งอน,2,2,14,ท้องที่ไทย,0
50,เชียงใหม่,7,ฝาง,แม่งอน,2,2,15,อนาคตไทย,1
50,เชียงใหม่,7,ฝาง,แม่งอน,2,2,16,พลังเพื่อไทย,1
50,เชียงใหม่,7,ฝาง,แม่งอน,2,2,17,ไทยชนะ,0
50,เชียงใหม่,7,ฝาง,แม่งอน,2,2,18,พลังสังคมใหม่,0
50,เชียงใหม่,7,ฝาง,แม่งอน,2,2,19,สังคมประชาธิปไตย,0
50,เชียงใหม่,7,ฝาง,แม่งอน,2,2,20,ฟิวชัน,0
50,เชียงใหม่,7,ฝาง,แม่งอน,2,2,21,ไทยรวมพลัง,1
50,เชียงใหม่,7,ฝาง,แม่งอน,2,2,22,ก้าวอิสระ,0
50,เชียงใหม่,7,ฝาง,แม่งอน,2,2,23,ปวงชนไทย,0
50,เชียงใหม่,7,ฝาง,แม่งอน,2,2,24,วิชชั่นใหม่,2
50,เชียงใหม่,7,ฝาง,แม่งอน,2,2,25,เพื่อชีวิตใหม่,0
50,เชียงใหม่,7,ฝาง,แม่งอน,2,2,26,คลองไทย,0
50,เชียงใหม่,7,ฝาง,แม่งอน,2,2,27,ประชาธิปัตย์,18
50,เชียงใหม่,7,ฝาง,แม่งอน,2,2,28,ไทยก้าวหน้า,2
50,เชียงใหม่,7,ฝาง,แม่งอน,2,2,29,ไทยภักดี,1
50,เชียงใหม่,7,ฝาง,แม่งอน,2,2,30,แรงงานสร้างชาติ,0
50,เชียงใหม่,7,ฝาง,แม่งอน,2,2,31,ประชากรไทย,0
50,เชียงใหม่,7,ฝาง,แม่งอน,2,2,32,ครูไทยเพื่อประชาชน,1
50,เชียงใหม่,7,ฝาง,แม่งอน,2,2,33,ประชาชาติ,0
50,เชียงใหม่,7,ฝาง,แม่งอน,2,2,34,สร้างอนาคตไทย,0
50,เชียงใหม่,7,ฝาง,แม่งอน,2,2,35,รักชาติ,0
50,เชียงใหม่,7,ฝาง,แม่งอน,2,2,36,ไทยพร้อม,3
50,เชียงใหม่,7,ฝาง,แม่งอน,2,2,37,ภูมิใจไทย,29
50,เชียงใหม่,7,ฝาง,แม่งอน,2,2,38,พลังธรรมใหม่,0
50,เชียงใหม่,7,ฝาง,แม่งอน,2,2,39,กรีน,0
50,เชียงใหม่,7,ฝาง,แม่งอน,2,2,40,ไทยธรรม,0
50,เชียงใหม่,7,ฝาง,แม่งอน,2,2,41,แผ่นดินธรรม,0
50,เชียงใหม่,7,ฝาง,แม่งอน,2,2,42,กล้าธรรม,25
50,เชียงใหม่,7,ฝาง,แม่งอน,2,2,43,พลังประชารัฐ,2
50,เชียงใหม่,7,ฝาง,แม่งอน,2,2,44,โอกาสใหม่,0
50,เชียงใหม่,7,ฝาง,แม่งอน,2,2,45,เป็นธรรม,2
50,เชียงใหม่,7,ฝาง,แม่งอน,2,2,46,ประชาชน,176
50,เชียงใหม่,7,ฝาง,แม่งอน,2,2,47,ประชาไทย,3
50,เชียงใหม่,7,ฝาง,แม่งอน,2,2,48,ไทยสร้างไทย,1
50,เชียงใหม่,7,ฝาง,แม่งอน,2,2,49,ไทยก้าวใหม่,0
50,เชียงใหม่,7,ฝาง,แม่งอน,2,2,50,ประชาอาสาชาติ,0
50,เชียงใหม่,7,ฝาง,แม่งอน,2,2,51,พร้อม,0
50,เชียงใหม่,7,ฝาง,แม่งอน,2,2,52,เครือข่ายชาวนาแห่งประเทศไทย,0
50,เชียงใหม่,7,ฝาง,แม่งอน,2,2,53,ไทยพิทักษ์ธรรม,0
50,เชียงใหม่,7,ฝาง,แม่งอน,2,2,54,ความหวังใหม่,0
50,เชียงใหม่,7,ฝาง,แม่งอน,2,2,55,ไทยรวมไทย,0
50,เชียงใหม่,7,ฝาง,แม่งอน,2,2,56,เพื่อบ้านเมือง,0
50,เชียงใหม่,7,ฝาง,แม่งอน,2,2,57,พลังไทยรักชาติ,0
50,เชียงใหม่,7,ฝาง,แม่งอน,3,3,1,ไทยทรัพย์ทวี,0
50,เชียงใหม่,7,ฝาง,แม่งอน,3,3,2,เพื่อชาติไทย,3
50,เชียงใหม่,7,ฝาง,แม่งอน,3,3,3,ใหม่,1
50,เชียงใหม่,7,ฝาง,แม่งอน,3,3,4,มิติใหม่,0
50,เชียงใหม่,7,ฝาง,แม่งอน,3,3,5,รวมใจไทย,7
50,เชียงใหม่,7,ฝาง,แม่งอน,3,3,6,รวมไทยสร้างชาติ,6
50,เชียงใหม่,7,ฝาง,แม่งอน,3,3,7,พลวัต,0
50,เชียงใหม่,7,ฝาง,แม่งอน,3,3,8,ประชาธิปไตยใหม่,2
50,เชียงใหม่,7,ฝาง,แม่งอน,3,3,9,เพื่อไทย,92
50,เชียงใหม่,7,ฝาง,แม่งอน,3,3,10,ทางเลือกใหม่,0
50,เชียงใหม่,7,ฝาง,แม่งอน,3,3,11,เศรษฐกิจ,9
50,เชียงใหม่,7,ฝาง,แม่งอน,3,3,12,เสรีรวมไทย,0
50,เชียงใหม่,7,ฝาง,แม่งอน,3,3,13,รวมพลังประชาชน,4
50,เชียงใหม่,7,ฝาง,แม่งอน,3,3,14,ท้องที่ไทย,0
50,เชียงใหม่,7,ฝาง,แม่งอน,3,3,15,อนาคตไทย,0
50,เชียงใหม่,7,ฝาง,แม่งอน,3,3,16,พลังเพื่อไทย,2
50,เชียงใหม่,7,ฝาง,แม่งอน,3,3,17,ไทยชนะ,0
50,เชียงใหม่,7,ฝาง,แม่งอน,3,3,18,พลังสังคมใหม่,0
50,เชียงใหม่,7,ฝาง,แม่งอน,3,3,19,สังคมประชาธิปไตย,1
50,เชียงใหม่,7,ฝาง,แม่งอน,3,3,20,ฟิวชัน,1
50,เชียงใหม่,7,ฝาง,แม่งอน,3,3,21,ไทยรวมพลัง,0
50,เชียงใหม่,7,ฝาง,แม่งอน,3,3,22,ก้าวอิสระ,2
50,เชียงใหม่,7,ฝาง,แม่งอน,3,3,23,ปวงชนไทย,0
50,เชียงใหม่,7,ฝาง,แม่งอน,3,3,24,วิชชั่นใหม่,3
50,เชียงใหม่,7,ฝาง,แม่งอน,3,3,25,เพื่อชีวิตใหม่,0
50,เชียงใหม่,7,ฝาง,แม่งอน,3,3,26,คลองไทย,0
50,เชียงใหม่,7,ฝาง,แม่งอน,3,3,27,ประชาธิปัตย์,2
50,เชียงใหม่,7,ฝาง,แม่งอน,3,3,28,ไทยก้าวหน้า,2
50,เชียงใหม่,7,ฝาง,แม่งอน,3,3,29,ไทยภักดี,1
50,เชียงใหม่,7,ฝาง,แม่งอน,3,3,30,แรงงานสร้างชาติ,0
50,เชียงใหม่,7,ฝาง,แม่งอน,3,3,31,ประชากรไทย,0
50,เชียงใหม่,7,ฝาง,แม่งอน,3,3,32,ครูไทยเพื่อประชาชน,0
50,เชียงใหม่,7,ฝาง,แม่งอน,3,3,33,ประชาชาติ,0
50,เชียงใหม่,7,ฝาง,แม่งอน,3,3,34,สร้างอนาคตไทย,1
50,เชียงใหม่,7,ฝาง,แม่งอน,3,3,35,รักชาติ,1
50,เชียงใหม่,7,ฝาง,แม่งอน,3,3,36,ไทยพร้อม,0
50,เชียงใหม่,7,ฝาง,แม่งอน,3,3,37,ภูมิใจไทย,12
50,เชียงใหม่,7,ฝาง,แม่งอน,3,3,38,พลังธรรมใหม่,3
50,เชียงใหม่,7,ฝาง,แม่งอน,3,3,39,กรีน,0
50,เชียงใหม่,7,ฝาง,แม่งอน,3,3,40,ไทยธรรม,0
50,เชียงใหม่,7,ฝาง,แม่งอน,3,3,41,แผ่นดินธรรม,0
50,เชียงใหม่,7,ฝาง,แม่งอน,3,3,42,กล้าธรรม,12
50,เชียงใหม่,7,ฝาง,แม่งอน,3,3,43,พลังประชารัฐ,2
50,เชียงใหม่,7,ฝาง,แม่งอน,3,3,44,โอกาสใหม่,0
50,เชียงใหม่,7,ฝาง,แม่งอน,3,3,45,เป็นธรรม,0
50,เชียงใหม่,7,ฝาง,แม่งอน,3,3,46,ประชาชน,62
50,เชียงใหม่,7,ฝาง,แม่งอน,3,3,47,ประชาไทย,0
50,เชียงใหม่,7,ฝาง,แม่งอน,3,3,48,ไทยสร้างไทย,0
50,เชียงใหม่,7,ฝาง,แม่งอน,3,3,49,ไทยก้าวใหม่,0
50,เชียงใหม่,7,ฝาง,แม่งอน,3,3,50,ประชาอาสาชาติ,0
50,เชียงใหม่,7,ฝาง,แม่งอน,3,3,51,พร้อม,1
50,เชียงใหม่,7,ฝาง,แม่งอน,3,3,52,เครือข่ายชาวนาแห่งประเทศไทย,0
50,เชียงใหม่,7,ฝาง,แม่งอน,3,3,53,ไทยพิทักษ์ธรรม,0
50,เชียงใหม่,7,ฝาง,แม่งอน,3,3,54,ความหวังใหม่,0
50,เชียงใหม่,7,ฝาง,แม่งอน,3,3,55,ไทยรวมไทย,0
50,เชียงใหม่,7,ฝาง,แม่งอน,3,3,56,เพื่อบ้านเมือง,0
50,เชียงใหม่,7,ฝาง,แม่งอน,3,3,57,พลังไทยรักชาติ,0
50,เชียงใหม่,7,ฝาง,แม่งอน,4,4,1,ไทยทรัพย์ทวี,2
50,เชียงใหม่,7,ฝาง,แม่งอน,4,4,2,เพื่อชาติไทย,8
50,เชียงใหม่,7,ฝาง,แม่งอน,4,4,3,ใหม่,1
50,เชียงใหม่,7,ฝาง,แม่งอน,4,4,4,มิติใหม่,0
50,เชียงใหม่,7,ฝาง,แม่งอน,4,4,5,รวมใจไทย,7
50,เชียงใหม่,7,ฝาง,แม่งอน,4,4,6,รวมไทยสร้างชาติ,9
50,เชียงใหม่,7,ฝาง,แม่งอน,4,4,7,พลวัต,4
50,เชียงใหม่,7,ฝาง,แม่งอน,4,4,8,ประชาธิปไตยใหม่,2
50,เชียงใหม่,7,ฝาง,แม่งอน,4,4,9,เพื่อไทย,128
50,เชียงใหม่,7,ฝาง,แม่งอน,4,4,10,ทางเลือกใหม่,3
50,เชียงใหม่,7,ฝาง,แม่งอน,4,4,11,เศรษฐกิจ,10
50,เชียงใหม่,7,ฝาง,แม่งอน,4,4,12,เสรีรวมไทย,1
50,เชียงใหม่,7,ฝาง,แม่งอน,4,4,13,รวมพลังประชาชน,3
50,เชียงใหม่,7,ฝาง,แม่งอน,4,4,14,ท้องที่ไทย,1
50,เชียงใหม่,7,ฝาง,แม่งอน,4,4,15,อนาคตไทย,0
50,เชียงใหม่,7,ฝาง,แม่งอน,4,4,16,พลังเพื่อไทย,3
50,เชียงใหม่,7,ฝาง,แม่งอน,4,4,17,ไทยชนะ,0
50,เชียงใหม่,7,ฝาง,แม่งอน,4,4,18,พลังสังคมใหม่,0
50,เชียงใหม่,7,ฝาง,แม่งอน,4,4,19,สังคมประชาธิปไตย,0
50,เชียงใหม่,7,ฝาง,แม่งอน,4,4,20,ฟิวชัน,0
50,เชียงใหม่,7,ฝาง,แม่งอน,4,4,21,ไทยรวมพลัง,0
50,เชียงใหม่,7,ฝาง,แม่งอน,4,4,22,ก้าวอิสระ,1
50,เชียงใหม่,7,ฝาง,แม่งอน,4,4,23,ปวงชนไทย,0
50,เชียงใหม่,7,ฝาง,แม่งอน,4,4,24,วิชชั่นใหม่,1
50,เชียงใหม่,7,ฝาง,แม่งอน,4,4,25,เพื่อชีวิตใหม่,2
50,เชียงใหม่,7,ฝาง,แม่งอน,4,4,26,คลองไทย,0
50,เชียงใหม่,7,ฝาง,แม่งอน,4,4,27,ประชาธิปัตย์,8
50,เชียงใหม่,7,ฝาง,แม่งอน,4,4,28,ไทยก้าวหน้า,2
50,เชียงใหม่,7,ฝาง,แม่งอน,4,4,29,ไทยภักดี,0
50,เชียงใหม่,7,ฝาง,แม่งอน,4,4,30,แรงงานสร้างชาติ,0
50,เชียงใหม่,7,ฝาง,แม่งอน,4,4,31,ประชากรไทย,2
50,เชียงใหม่,7,ฝาง,แม่งอน,4,4,32,ครูไทยเพื่อประชาชน,1
50,เชียงใหม่,7,ฝาง,แม่งอน,4,4,33,ประชาชาติ,0
50,เชียงใหม่,7,ฝาง,แม่งอน,4,4,34,สร้างอนาคตไทย,4
50,เชียงใหม่,7,ฝาง,แม่งอน,4,4,35,รักชาติ,1
50,เชียงใหม่,7,ฝาง,แม่งอน,4,4,36,ไทยพร้อม,1
50,เชียงใหม่,7,ฝาง,แม่งอน,4,4,37,ภูมิใจไทย,37
50,เชียงใหม่,7,ฝาง,แม่งอน,4,4,38,พลังธรรมใหม่,2
50,เชียงใหม่,7,ฝาง,แม่งอน,4,4,39,กรีน,0
50,เชียงใหม่,7,ฝาง,แม่งอน,4,4,40,ไทยธรรม,0
50,เชียงใหม่,7,ฝาง,แม่งอน,4,4,41,แผ่นดินธรรม,0
50,เชียงใหม่,7,ฝาง,แม่งอน,4,4,42,กล้าธรรม,20
50,เชียงใหม่,7,ฝาง,แม่งอน,4,4,43,พลังประชารัฐ,1
50,เชียงใหม่,7,ฝาง,แม่งอน,4,4,44,โอกาสใหม่,1
50,เชียงใหม่,7,ฝาง,แม่งอน,4,4,45,เป็นธรรม,0
50,เชียงใหม่,7,ฝาง,แม่งอน,4,4,46,ประชาชน,172
50,เชียงใหม่,7,ฝาง,แม่งอน,4,4,47,ประชาไทย,0
50,เชียงใหม่,7,ฝาง,แม่งอน,4,4,48,ไทยสร้างไทย,5
50,เชียงใหม่,7,ฝาง,แม่งอน,4,4,49,ไทยก้าวใหม่,1
50,เชียงใหม่,7,ฝาง,แม่งอน,4,4,50,ประชาอาสาชาติ,0
50,เชียงใหม่,7,ฝาง,แม่งอน,4,4,51,พร้อม,0
50,เชียงใหม่,7,ฝาง,แม่งอน,4,4,52,เครือข่ายชาวนาแห่งประเทศไทย,0
50,เชียงใหม่,7,ฝาง,แม่งอน,4,4,53,ไทยพิทักษ์ธรรม,1
50,เชียงใหม่,7,ฝาง,แม่งอน,4,4,54,ความหวังใหม่,0
50,เชียงใหม่,7,ฝาง,แม่งอน,4,4,55,ไทยรวมไทย,0
50,เชียงใหม่,7,ฝาง,แม่งอน,4,4,56,เพื่อบ้านเมือง,0
50,เชียงใหม่,7,ฝาง,แม่งอน,4,4,57,พลังไทยรักชาติ,1
50,เชียงใหม่,7,ฝาง,แม่งอน,5,5,1,ไทยทรัพย์ทวี,5
50,เชียงใหม่,7,ฝาง,แม่งอน,5,5,2,เพื่อชาติไทย,4
50,เชียงใหม่,7,ฝาง,แม่งอน,5,5,3,ใหม่,0
50,เชียงใหม่,7,ฝาง,แม่งอน,5,5,4,มิติใหม่,0
50,เชียงใหม่,7,ฝาง,แม่งอน,5,5,5,รวมใจไทย,2
50,เชียงใหม่,7,ฝาง,แม่งอน,5,5,6,รวมไทยสร้างชาติ,3
50,เชียงใหม่,7,ฝาง,แม่งอน,5,5,7,พลวัต,2
50,เชียงใหม่,7,ฝาง,แม่งอน,5,5,8,ประชาธิปไตยใหม่,1
50,เชียงใหม่,7,ฝาง,แม่งอน,5,5,9,เพื่อไทย,18
50,เชียงใหม่,7,ฝาง,แม่งอน,5,5,10,ทางเลือกใหม่,0
50,เชียงใหม่,7,ฝาง,แม่งอน,5,5,11,เศรษฐกิจ,4
50,เชียงใหม่,7,ฝาง,แม่งอน,5,5,12,เสรีรวมไทย,0
50,เชียงใหม่,7,ฝาง,แม่งอน,5,5,13,รวมพลังประชาชน,1
50,เชียงใหม่,7,ฝาง,แม่งอน,5,5,14,ท้องที่ไทย,0
50,เชียงใหม่,7,ฝาง,แม่งอน,5,5,15,อนาคตไทย,0
50,เชียงใหม่,7,ฝาง,แม่งอน,5,5,16,พลังเพื่อไทย,0
50,เชียงใหม่,7,ฝาง,แม่งอน,5,5,17,ไทยชนะ,0
50,เชียงใหม่,7,ฝาง,แม่งอน,5,5,18,พลังสังคมใหม่,0
50,เชียงใหม่,7,ฝาง,แม่งอน,5,5,19,สังคมประชาธิปไตย,0
50,เชียงใหม่,7,ฝาง,แม่งอน,5,5,20,ฟิวชัน,0
50,เชียงใหม่,7,ฝาง,แม่งอน,5,5,21,ไทยรวมพลัง,0
50,เชียงใหม่,7,ฝาง,แม่งอน,5,5,22,ก้าวอิสระ,1
50,เชียงใหม่,7,ฝาง,แม่งอน,5,5,23,ปวงชนไทย,0
50,เชียงใหม่,7,ฝาง,แม่งอน,5,5,24,วิชชั่นใหม่,0
50,เชียงใหม่,7,ฝาง,แม่งอน,5,5,25,เพื่อชีวิตใหม่,0
50,เชียงใหม่,7,ฝาง,แม่งอน,5,5,26,คลองไทย,0
50,เชียงใหม่,7,ฝาง,แม่งอน,5,5,27,ประชาธิปัตย์,3
50,เชียงใหม่,7,ฝาง,แม่งอน,5,5,28,ไทยก้าวหน้า,0
50,เชียงใหม่,7,ฝาง,แม่งอน,5,5,29,ไทยภักดี,0
50,เชียงใหม่,7,ฝาง,แม่งอน,5,5,30,แรงงานสร้างชาติ,0
50,เชียงใหม่,7,ฝาง,แม่งอน,5,5,31,ประชากรไทย,0
50,เชียงใหม่,7,ฝาง,แม่งอน,5,5,32,ครูไทยเพื่อประชาชน,0
50,เชียงใหม่,7,ฝาง,แม่งอน,5,5,33,ประชาชาติ,0
50,เชียงใหม่,7,ฝาง,แม่งอน,5,5,34,สร้างอนาคตไทย,0
50,เชียงใหม่,7,ฝาง,แม่งอน,5,5,35,รักชาติ,0
50,เชียงใหม่,7,ฝาง,แม่งอน,5,5,36,ไทยพร้อม,0
50,เชียงใหม่,7,ฝาง,แม่งอน,5,5,37,ภูมิใจไทย,8
50,เชียงใหม่,7,ฝาง,แม่งอน,5,5,38,พลังธรรมใหม่,0
50,เชียงใหม่,7,ฝาง,แม่งอน,5,5,39,กรีน,0
50,เชียงใหม่,7,ฝาง,แม่งอน,5,5,40,ไทยธรรม,0
50,เชียงใหม่,7,ฝาง,แม่งอน,5,5,41,แผ่นดินธรรม,0
50,เชียงใหม่,7,ฝาง,แม่งอน,5,5,42,กล้าธรรม,6
50,เชียงใหม่,7,ฝาง,แม่งอน,5,5,43,พลังประชารัฐ,0
50,เชียงใหม่,7,ฝาง,แม่งอน,5,5,44,โอกาสใหม่,0
50,เชียงใหม่,7,ฝาง,แม่งอน,5,5,45,เป็นธรรม,0
50,เชียงใหม่,7,ฝาง,แม่งอน,5,5,46,ประชาชน,123
50,เชียงใหม่,7,ฝาง,แม่งอน,5,5,47,ประชาไทย,0
50,เชียงใหม่,7,ฝาง,แม่งอน,5,5,48,ไทยสร้างไทย,1
50,เชียงใหม่,7,ฝาง,แม่งอน,5,5,49,ไทยก้าวใหม่,0
50,เชียงใหม่,7,ฝาง,แม่งอน,5,5,50,ประชาอาสาชาติ,0
50,เชียงใหม่,7,ฝาง,แม่งอน,5,5,51,พร้อม,0
50,เชียงใหม่,7,ฝาง,แม่งอน,5,5,52,เครือข่ายชาวนาแห่งประเทศไทย,0
50,เชียงใหม่,7,ฝาง,แม่งอน,5,5,53,ไทยพิทักษ์ธรรม,0
50,เชียงใหม่,7,ฝาง,แม่งอน,5,5,54,ความหวังใหม่,0
50,เชียงใหม่,7,ฝาง,แม่งอน,5,5,55,ไทยรวมไทย,0
50,เชียงใหม่,7,ฝาง,แม่งอน,5,5,56,เพื่อบ้านเมือง,1
50,เชียงใหม่,7,ฝาง,แม่งอน,5,5,57,พลังไทยรักชาติ,0
50,เชียงใหม่,7,ฝาง,แม่งอน,5,6,1,ไทยทรัพย์ทวี,0
50,เชียงใหม่,7,ฝาง,แม่งอน,5,6,2,เพื่อชาติไทย,3
50,เชียงใหม่,7,ฝาง,แม่งอน,5,6,3,ใหม่,0
50,เชียงใหม่,7,ฝาง,แม่งอน,5,6,4,มิติใหม่,0
50,เชียงใหม่,7,ฝาง,แม่งอน,5,6,5,รวมใจไทย,3
50,เชียงใหม่,7,ฝาง,แม่งอน,5,6,6,รวมไทยสร้างชาติ,2
50,เชียงใหม่,7,ฝาง,แม่งอน,5,6,7,พลวัต,1
50,เชียงใหม่,7,ฝาง,แม่งอน,5,6,8,ประชาธิปไตยใหม่,0
50,เชียงใหม่,7,ฝาง,แม่งอน,5,6,9,เพื่อไทย,30
50,เชียงใหม่,7,ฝาง,แม่งอน,5,6,10,ทางเลือกใหม่,0
50,เชียงใหม่,7,ฝาง,แม่งอน,5,6,11,เศรษฐกิจ,1
50,เชียงใหม่,7,ฝาง,แม่งอน,5,6,12,เสรีรวมไทย,0
50,เชียงใหม่,7,ฝาง,แม่งอน,5,6,13,รวมพลังประชาชน,0
50,เชียงใหม่,7,ฝาง,แม่งอน,5,6,14,ท้องที่ไทย,0
50,เชียงใหม่,7,ฝาง,แม่งอน,5,6,15,อนาคตไทย,0
50,เชียงใหม่,7,ฝาง,แม่งอน,5,6,16,พลังเพื่อไทย,0
50,เชียงใหม่,7,ฝาง,แม่งอน,5,6,17,ไทยชนะ,0
50,เชียงใหม่,7,ฝาง,แม่งอน,5,6,18,พลังสังคมใหม่,0
50,เชียงใหม่,7,ฝาง,แม่งอน,5,6,19,สังคมประชาธิปไตย,0
50,เชียงใหม่,7,ฝาง,แม่งอน,5,6,20,ฟิวชัน,0
50,เชียงใหม่,7,ฝาง,แม่งอน,5,6,21,ไทยรวมพลัง,0
50,เชียงใหม่,7,ฝาง,แม่งอน,5,6,22,ก้าวอิสระ,0
50,เชียงใหม่,7,ฝาง,แม่งอน,5,6,23,ปวงชนไทย,0
50,เชียงใหม่,7,ฝาง,แม่งอน,5,6,24,วิชชั่นใหม่,0
50,เชียงใหม่,7,ฝาง,แม่งอน,5,6,25,เพื่อชีวิตใหม่,0
50,เชียงใหม่,7,ฝาง,แม่งอน,5,6,26,คลองไทย,0
50,เชียงใหม่,7,ฝาง,แม่งอน,5,6,27,ประชาธิปัตย์,10
50,เชียงใหม่,7,ฝาง,แม่งอน,5,6,28,ไทยก้าวหน้า,2
50,เชียงใหม่,7,ฝาง,แม่งอน,5,6,29,ไทยภักดี,1
50,เชียงใหม่,7,ฝาง,แม่งอน,5,6,30,แรงงานสร้างชาติ,0
50,เชียงใหม่,7,ฝาง,แม่งอน,5,6,31,ประชากรไทย,1
50,เชียงใหม่,7,ฝาง,แม่งอน,5,6,32,ครูไทยเพื่อประชาชน,0
50,เชียงใหม่,7,ฝาง,แม่งอน,5,6,33,ประชาชาติ,2
50,เชียงใหม่,7,ฝาง,แม่งอน,5,6,34,สร้างอนาคตไทย,0
50,เชียงใหม่,7,ฝาง,แม่งอน,5,6,35,รักชาติ,1
50,เชียงใหม่,7,ฝาง,แม่งอน,5,6,36,ไทยพร้อม,0
50,เชียงใหม่,7,ฝาง,แม่งอน,5,6,37,ภูมิใจไทย,9
50,เชียงใหม่,7,ฝาง,แม่งอน,5,6,38,พลังธรรมใหม่,0
50,เชียงใหม่,7,ฝาง,แม่งอน,5,6,39,กรีน,0
50,เชียงใหม่,7,ฝาง,แม่งอน,5,6,40,ไทยธรรม,0
50,เชียงใหม่,7,ฝาง,แม่งอน,5,6,41,แผ่นดินธรรม,0
50,เชียงใหม่,7,ฝาง,แม่งอน,5,6,42,กล้าธรรม,2
50,เชียงใหม่,7,ฝาง,แม่งอน,5,6,43,พลังประชารัฐ,0
50,เชียงใหม่,7,ฝาง,แม่งอน,5,6,44,โอกาสใหม่,1
50,เชียงใหม่,7,ฝาง,แม่งอน,5,6,45,เป็นธรรม,1
50,เชียงใหม่,7,ฝาง,แม่งอน,5,6,46,ประชาชน,70
50,เชียงใหม่,7,ฝาง,แม่งอน,5,6,47,ประชาไทย,1
50,เชียงใหม่,7,ฝาง,แม่งอน,5,6,48,ไทยสร้างไทย,0
50,เชียงใหม่,7,ฝาง,แม่งอน,5,6,49,ไทยก้าวใหม่,2
50,เชียงใหม่,7,ฝาง,แม่งอน,5,6,50,ประชาอาสาชาติ,0
50,เชียงใหม่,7,ฝาง,แม่งอน,5,6,51,พร้อม,0
50,เชียงใหม่,7,ฝาง,แม่งอน,5,6,52,เครือข่ายชาวนาแห่งประเทศไทย,0
50,เชียงใหม่,7,ฝาง,แม่งอน,5,6,53,ไทยพิทักษ์ธรรม,0
50,เชียงใหม่,7,ฝาง,แม่งอน,5,6,54,ความหวังใหม่,0
50,เชียงใหม่,7,ฝาง,แม่งอน,5,6,55,ไทยรวมไทย,0
50,เชียงใหม่,7,ฝาง,แม่งอน,5,6,56,เพื่อบ้านเมือง,0
50,เชียงใหม่,7,ฝาง,แม่งอน,5,6,57,พลังไทยรักชาติ,0
50,เชียงใหม่,7,ฝาง,แม่งอน,6,7,1,ไทยทรัพย์ทวี,4
50,เชียงใหม่,7,ฝาง,แม่งอน,6,7,2,เพื่อชาติไทย,7
50,เชียงใหม่,7,ฝาง,แม่งอน,6,7,3,ใหม่,4
50,เชียงใหม่,7,ฝาง,แม่งอน,6,7,4,มิติใหม่,2
50,เชียงใหม่,7,ฝาง,แม่งอน,6,7,5,รวมใจไทย,7
50,เชียงใหม่,7,ฝาง,แม่งอน,6,7,6,รวมไทยสร้างชาติ,7
50,เชียงใหม่,7,ฝาง,แม่งอน,6,7,7,พลวัต,4
50,เชียงใหม่,7,ฝาง,แม่งอน,6,7,8,ประชาธิปไตยใหม่,0
50,เชียงใหม่,7,ฝาง,แม่งอน,6,7,9,เพื่อไทย,34
50,เชียงใหม่,7,ฝาง,แม่งอน,6,7,10,ทางเลือกใหม่,2
50,เชียงใหม่,7,ฝาง,แม่งอน,6,7,11,เศรษฐกิจ,8
50,เชียงใหม่,7,ฝาง,แม่งอน,6,7,12,เสรีรวมไทย,0
50,เชียงใหม่,7,ฝาง,แม่งอน,6,7,13,รวมพลังประชาชน,1
50,เชียงใหม่,7,ฝาง,แม่งอน,6,7,14,ท้องที่ไทย,1
50,เชียงใหม่,7,ฝาง,แม่งอน,6,7,15,อนาคตไทย,1
50,เชียงใหม่,7,ฝาง,แม่งอน,6,7,16,พลังเพื่อไทย,0
50,เชียงใหม่,7,ฝาง,แม่งอน,6,7,17,ไทยชนะ,5
50,เชียงใหม่,7,ฝาง,แม่งอน,6,7,18,พลังสังคมใหม่,1
50,เชียงใหม่,7,ฝาง,แม่งอน,6,7,19,สังคมประชาธิปไตย,1
50,เชียงใหม่,7,ฝาง,แม่งอน,6,7,20,ฟิวชัน,0
50,เชียงใหม่,7,ฝาง,แม่งอน,6,7,21,ไทยรวมพลัง,0
50,เชียงใหม่,7,ฝาง,แม่งอน,6,7,22,ก้าวอิสระ,0
50,เชียงใหม่,7,ฝาง,แม่งอน,6,7,23,ปวงชนไทย,0
50,เชียงใหม่,7,ฝาง,แม่งอน,6,7,24,วิชชั่นใหม่,0
50,เชียงใหม่,7,ฝาง,แม่งอน,6,7,25,เพื่อชีวิตใหม่,0
50,เชียงใหม่,7,ฝาง,แม่งอน,6,7,26,คลองไทย,1
50,เชียงใหม่,7,ฝาง,แม่งอน,6,7,27,ประชาธิปัตย์,10
50,เชียงใหม่,7,ฝาง,แม่งอน,6,7,28,ไทยก้าวหน้า,1
50,เชียงใหม่,7,ฝาง,แม่งอน,6,7,29,ไทยภักดี,0
50,เชียงใหม่,7,ฝาง,แม่งอน,6,7,30,แรงงานสร้างชาติ,3
50,เชียงใหม่,7,ฝาง,แม่งอน,6,7,31,ประชากรไทย,1
50,เชียงใหม่,7,ฝาง,แม่งอน,6,7,32,ครูไทยเพื่อประชาชน,1
50,เชียงใหม่,7,ฝาง,แม่งอน,6,7,33,ประชาชาติ,1
50,เชียงใหม่,7,ฝาง,แม่งอน,6,7,34,สร้างอนาคตไทย,3
50,เชียงใหม่,7,ฝาง,แม่งอน,6,7,35,รักชาติ,0
50,เชียงใหม่,7,ฝาง,แม่งอน,6,7,36,ไทยพร้อม,0
50,เชียงใหม่,7,ฝาง,แม่งอน,6,7,37,ภูมิใจไทย,21
50,เชียงใหม่,7,ฝาง,แม่งอน,6,7,38,พลังธรรมใหม่,2
50,เชียงใหม่,7,ฝาง,แม่งอน,6,7,39,กรีน,1
50,เชียงใหม่,7,ฝาง,แม่งอน,6,7,40,ไทยธรรม,1
50,เชียงใหม่,7,ฝาง,แม่งอน,6,7,41,แผ่นดินธรรม,0
50,เชียงใหม่,7,ฝาง,แม่งอน,6,7,42,กล้าธรรม,13
50,เชียงใหม่,7,ฝาง,แม่งอน,6,7,43,พลังประชารัฐ,1
50,เชียงใหม่,7,ฝาง,แม่งอน,6,7,44,โอกาสใหม่,2
50,เชียงใหม่,7,ฝาง,แม่งอน,6,7,45,เป็นธรรม,1
50,เชียงใหม่,7,ฝาง,แม่งอน,6,7,46,ประชาชน,135
50,เชียงใหม่,7,ฝาง,แม่งอน,6,7,47,ประชาไทย,1
50,เชียงใหม่,7,ฝาง,แม่งอน,6,7,48,ไทยสร้างไทย,0
50,เชียงใหม่,7,ฝาง,แม่งอน,6,7,49,ไทยก้าวใหม่,1
50,เชียงใหม่,7,ฝาง,แม่งอน,6,7,50,ประชาอาสาชาติ,0
50,เชียงใหม่,7,ฝาง,แม่งอน,6,7,51,พร้อม,0
50,เชียงใหม่,7,ฝาง,แม่งอน,6,7,52,เครือข่ายชาวนาแห่งประเทศไทย,0
50,เชียงใหม่,7,ฝาง,แม่งอน,6,7,53,ไทยพิทักษ์ธรรม,0
50,เชียงใหม่,7,ฝาง,แม่งอน,6,7,54,ความหวังใหม่,0
50,เชียงใหม่,7,ฝาง,แม่งอน,6,7,55,ไทยรวมไทย,0
50,เชียงใหม่,7,ฝาง,แม่งอน,6,7,56,เพื่อบ้านเมือง,0
50,เชียงใหม่,7,ฝาง,แม่งอน,6,7,57,พลังไทยรักชาติ,1
50,เชียงใหม่,7,ฝาง,แม่งอน,6,8,1,ไทยทรัพย์ทวี,1
50,เชียงใหม่,7,ฝาง,แม่งอน,6,8,2,เพื่อชาติไทย,12
50,เชียงใหม่,7,ฝาง,แม่งอน,6,8,3,ใหม่,6
50,เชียงใหม่,7,ฝาง,แม่งอน,6,8,4,มิติใหม่,1
50,เชียงใหม่,7,ฝาง,แม่งอน,6,8,5,รวมใจไทย,13
50,เชียงใหม่,7,ฝาง,แม่งอน,6,8,6,รวมไทยสร้างชาติ,6
50,เชียงใหม่,7,ฝาง,แม่งอน,6,8,7,พลวัต,3
50,เชียงใหม่,7,ฝาง,แม่งอน,6,8,8,ประชาธิปไตยใหม่,1
50,เชียงใหม่,7,ฝาง,แม่งอน,6,8,9,เพื่อไทย,36
50,เชียงใหม่,7,ฝาง,แม่งอน,6,8,10,ทางเลือกใหม่,0
50,เชียงใหม่,7,ฝาง,แม่งอน,6,8,11,เศรษฐกิจ,9
50,เชียงใหม่,7,ฝาง,แม่งอน,6,8,12,เสรีรวมไทย,3
50,เชียงใหม่,7,ฝาง,แม่งอน,6,8,13,รวมพลังประชาชน,3
50,เชียงใหม่,7,ฝาง,แม่งอน,6,8,14,ท้องที่ไทย,0
50,เชียงใหม่,7,ฝาง,แม่งอน,6,8,15,อนาคตไทย,0
50,เชียงใหม่,7,ฝาง,แม่งอน,6,8,16,พลังเพื่อไทย,0
50,เชียงใหม่,7,ฝาง,แม่งอน,6,8,17,ไทยชนะ,0
50,เชียงใหม่,7,ฝาง,แม่งอน,6,8,18,พลังสังคมใหม่,2
50,เชียงใหม่,7,ฝาง,แม่งอน,6,8,19,สังคมประชาธิปไตย,0
50,เชียงใหม่,7,ฝาง,แม่งอน,6,8,20,ฟิวชัน,0
50,เชียงใหม่,7,ฝาง,แม่งอน,6,8,21,ไทยรวมพลัง,0
50,เชียงใหม่,7,ฝาง,แม่งอน,6,8,22,ก้าวอิสระ,1
50,เชียงใหม่,7,ฝาง,แม่งอน,6,8,23,ปวงชนไทย,0
50,เชียงใหม่,7,ฝาง,แม่งอน,6,8,24,วิชชั่นใหม่,0
50,เชียงใหม่,7,ฝาง,แม่งอน,6,8,25,เพื่อชีวิตใหม่,0
50,เชียงใหม่,7,ฝาง,แม่งอน,6,8,26,คลองไทย,0
50,เชียงใหม่,7,ฝาง,แม่งอน,6,8,27,ประชาธิปัตย์,12
50,เชียงใหม่,7,ฝาง,แม่งอน,6,8,28,ไทยก้าวหน้า,1
50,เชียงใหม่,7,ฝาง,แม่งอน,6,8,29,ไทยภักดี,1
50,เชียงใหม่,7,ฝาง,แม่งอน,6,8,30,แรงงานสร้างชาติ,1
50,เชียงใหม่,7,ฝาง,แม่งอน,6,8,31,ประชากรไทย,1
50,เชียงใหม่,7,ฝาง,แม่งอน,6,8,32,ครูไทยเพื่อประชาชน,0
50,เชียงใหม่,7,ฝาง,แม่งอน,6,8,33,ประชาชาติ,2
50,เชียงใหม่,7,ฝาง,แม่งอน,6,8,34,สร้างอนาคตไทย,0
50,เชียงใหม่,7,ฝาง,แม่งอน,6,8,35,รักชาติ,0
50,เชียงใหม่,7,ฝาง,แม่งอน,6,8,36,ไทยพร้อม,0
50,เชียงใหม่,7,ฝาง,แม่งอน,6,8,37,ภูมิใจไทย,32
50,เชียงใหม่,7,ฝาง,แม่งอน,6,8,38,พลังธรรมใหม่,0
50,เชียงใหม่,7,ฝาง,แม่งอน,6,8,39,กรีน,0
50,เชียงใหม่,7,ฝาง,แม่งอน,6,8,40,ไทยธรรม,0
50,เชียงใหม่,7,ฝาง,แม่งอน,6,8,41,แผ่นดินธรรม,0
50,เชียงใหม่,7,ฝาง,แม่งอน,6,8,42,กล้าธรรม,14
50,เชียงใหม่,7,ฝาง,แม่งอน,6,8,43,พลังประชารัฐ,2
50,เชียงใหม่,7,ฝาง,แม่งอน,6,8,44,โอกาสใหม่,0
50,เชียงใหม่,7,ฝาง,แม่งอน,6,8,45,เป็นธรรม,1
50,เชียงใหม่,7,ฝาง,แม่งอน,6,8,46,ประชาชน,160
50,เชียงใหม่,7,ฝาง,แม่งอน,6,8,47,ประชาไทย,0
50,เชียงใหม่,7,ฝาง,แม่งอน,6,8,48,ไทยสร้างไทย,2
50,เชียงใหม่,7,ฝาง,แม่งอน,6,8,49,ไทยก้าวใหม่,0
50,เชียงใหม่,7,ฝาง,แม่งอน,6,8,50,ประชาอาสาชาติ,0
50,เชียงใหม่,7,ฝาง,แม่งอน,6,8,51,พร้อม,1
50,เชียงใหม่,7,ฝาง,แม่งอน,6,8,52,เครือข่ายชาวนาแห่งประเทศไทย,0
50,เชียงใหม่,7,ฝาง,แม่งอน,6,8,53,ไทยพิทักษ์ธรรม,0
50,เชียงใหม่,7,ฝาง,แม่งอน,6,8,54,ความหวังใหม่,0
50,เชียงใหม่,7,ฝาง,แม่งอน,6,8,55,ไทยรวมไทย,0
50,เชียงใหม่,7,ฝาง,แม่งอน,6,8,56,เพื่อบ้านเมือง,1
50,เชียงใหม่,7,ฝาง,แม่งอน,6,8,57,พลังไทยรักชาติ,1
50,เชียงใหม่,7,ฝาง,แม่งอน,7,9,1,ไทยทรัพย์ทวี,3
50,เชียงใหม่,7,ฝาง,แม่งอน,7,9,2,เพื่อชาติไทย,8
50,เชียงใหม่,7,ฝาง,แม่งอน,7,9,3,ใหม่,1
50,เชียงใหม่,7,ฝาง,แม่งอน,7,9,4,มิติใหม่,0
50,เชียงใหม่,7,ฝาง,แม่งอน,7,9,5,รวมใจไทย,9
50,เชียงใหม่,7,ฝาง,แม่งอน,7,9,6,รวมไทยสร้างชาติ,8
50,เชียงใหม่,7,ฝาง,แม่งอน,7,9,7,พลวัต,3
50,เชียงใหม่,7,ฝาง,แม่งอน,7,9,8,ประชาธิปไตยใหม่,3
50,เชียงใหม่,7,ฝาง,แม่งอน,7,9,9,เพื่อไทย,53
50,เชียงใหม่,7,ฝาง,แม่งอน,7,9,10,ทางเลือกใหม่,3
50,เชียงใหม่,7,ฝาง,แม่งอน,7,9,11,เศรษฐกิจ,25
50,เชียงใหม่,7,ฝาง,แม่งอน,7,9,12,เสรีรวมไทย,1
50,เชียงใหม่,7,ฝาง,แม่งอน,7,9,13,รวมพลังประชาชน,1
50,เชียงใหม่,7,ฝาง,แม่งอน,7,9,14,ท้องที่ไทย,1
50,เชียงใหม่,7,ฝาง,แม่งอน,7,9,15,อนาคตไทย,0
50,เชียงใหม่,7,ฝาง,แม่งอน,7,9,16,พลังเพื่อไทย,2
50,เชียงใหม่,7,ฝาง,แม่งอน,7,9,17,ไทยชนะ,0
50,เชียงใหม่,7,ฝาง,แม่งอน,7,9,18,พลังสังคมใหม่,0
50,เชียงใหม่,7,ฝาง,แม่งอน,7,9,19,สังคมประชาธิปไตย,1
50,เชียงใหม่,7,ฝาง,แม่งอน,7,9,20,ฟิวชัน,0
50,เชียงใหม่,7,ฝาง,แม่งอน,7,9,21,ไทยรวมพลัง,0
50,เชียงใหม่,7,ฝาง,แม่งอน,7,9,22,ก้าวอิสระ,0
50,เชียงใหม่,7,ฝาง,แม่งอน,7,9,23,ปวงชนไทย,0
50,เชียงใหม่,7,ฝาง,แม่งอน,7,9,24,วิชชั่นใหม่,0
50,เชียงใหม่,7,ฝาง,แม่งอน,7,9,25,เพื่อชีวิตใหม่,0
50,เชียงใหม่,7,ฝาง,แม่งอน,7,9,26,คลองไทย,3
50,เชียงใหม่,7,ฝาง,แม่งอน,7,9,27,ประชาธิปัตย์,25
50,เชียงใหม่,7,ฝาง,แม่งอน,7,9,28,ไทยก้าวหน้า,1
50,เชียงใหม่,7,ฝาง,แม่งอน,7,9,29,ไทยภักดี,1
50,เชียงใหม่,7,ฝาง,แม่งอน,7,9,30,แรงงานสร้างชาติ,0
50,เชียงใหม่,7,ฝาง,แม่งอน,7,9,31,ประชากรไทย,2
50,เชียงใหม่,7,ฝาง,แม่งอน,7,9,32,ครูไทยเพื่อประชาชน,1
50,เชียงใหม่,7,ฝาง,แม่งอน,7,9,33,ประชาชาติ,1
50,เชียงใหม่,7,ฝาง,แม่งอน,7,9,34,สร้างอนาคตไทย,3
50,เชียงใหม่,7,ฝาง,แม่งอน,7,9,35,รักชาติ,1
50,เชียงใหม่,7,ฝาง,แม่งอน,7,9,36,ไทยพร้อม,1
50,เชียงใหม่,7,ฝาง,แม่งอน,7,9,37,ภูมิใจไทย,46
50,เชียงใหม่,7,ฝาง,แม่งอน,7,9,38,พลังธรรมใหม่,0
50,เชียงใหม่,7,ฝาง,แม่งอน,7,9,39,กรีน,0
50,เชียงใหม่,7,ฝาง,แม่งอน,7,9,40,ไทยธรรม,0
50,เชียงใหม่,7,ฝาง,แม่งอน,7,9,41,แผ่นดินธรรม,0
50,เชียงใหม่,7,ฝาง,แม่งอน,7,9,42,กล้าธรรม,23
50,เชียงใหม่,7,ฝาง,แม่งอน,7,9,43,พลังประชารัฐ,8
50,เชียงใหม่,7,ฝาง,แม่งอน,7,9,44,โอกาสใหม่,0
50,เชียงใหม่,7,ฝาง,แม่งอน,7,9,45,เป็นธรรม,0
50,เชียงใหม่,7,ฝาง,แม่งอน,7,9,46,ประชาชน,175
50,เชียงใหม่,7,ฝาง,แม่งอน,7,9,47,ประชาไทย,1
50,เชียงใหม่,7,ฝาง,แม่งอน,7,9,48,ไทยสร้างไทย,2
50,เชียงใหม่,7,ฝาง,แม่งอน,7,9,49,ไทยก้าวใหม่,1
50,เชียงใหม่,7,ฝาง,แม่งอน,7,9,50,ประชาอาสาชาติ,0
50,เชียงใหม่,7,ฝาง,แม่งอน,7,9,51,พร้อม,0
50,เชียงใหม่,7,ฝาง,แม่งอน,7,9,52,เครือข่ายชาวนาแห่งประเทศไทย,0
50,เชียงใหม่,7,ฝาง,แม่งอน,7,9,53,ไทยพิทักษ์ธรรม,0
50,เชียงใหม่,7,ฝาง,แม่งอน,7,9,54,ความหวังใหม่,0
50,เชียงใหม่,7,ฝาง,แม่งอน,7,9,55,ไทยรวมไทย,0
50,เชียงใหม่,7,ฝาง,แม่งอน,7,9,56,เพื่อบ้านเมือง,0
50,เชียงใหม่,7,ฝาง,แม่งอน,7,9,57,พลังไทยรักชาติ,0
50,เชียงใหม่,7,ฝาง,แม่งอน,8,10,1,ไทยทรัพย์ทวี,0
50,เชียงใหม่,7,ฝาง,แม่งอน,8,10,2,เพื่อชาติไทย,7
50,เชียงใหม่,7,ฝาง,แม่งอน,8,10,3,ใหม่,0
50,เชียงใหม่,7,ฝาง,แม่งอน,8,10,4,มิติใหม่,1
50,เชียงใหม่,7,ฝาง,แม่งอน,8,10,5,รวมใจไทย,9
50,เชียงใหม่,7,ฝาง,แม่งอน,8,10,6,รวมไทยสร้างชาติ,10
50,เชียงใหม่,7,ฝาง,แม่งอน,8,10,7,พลวัต,6
50,เชียงใหม่,7,ฝาง,แม่งอน,8,10,8,ประชาธิปไตยใหม่,1
50,เชียงใหม่,7,ฝาง,แม่งอน,8,10,9,เพื่อไทย,144
50,เชียงใหม่,7,ฝาง,แม่งอน,8,10,10,ทางเลือกใหม่,1
50,เชียงใหม่,7,ฝาง,แม่งอน,8,10,11,เศรษฐกิจ,16
50,เชียงใหม่,7,ฝาง,แม่งอน,8,10,12,เสรีรวมไทย,0
50,เชียงใหม่,7,ฝาง,แม่งอน,8,10,13,รวมพลังประชาชน,5
50,เชียงใหม่,7,ฝาง,แม่งอน,8,10,14,ท้องที่ไทย,0
50,เชียงใหม่,7,ฝาง,แม่งอน,8,10,15,อนาคตไทย,0
50,เชียงใหม่,7,ฝาง,แม่งอน,8,10,16,พลังเพื่อไทย,1
50,เชียงใหม่,7,ฝาง,แม่งอน,8,10,17,ไทยชนะ,0
50,เชียงใหม่,7,ฝาง,แม่งอน,8,10,18,พลังสังคมใหม่,0
50,เชียงใหม่,7,ฝาง,แม่งอน,8,10,19,สังคมประชาธิปไตย,0
50,เชียงใหม่,7,ฝาง,แม่งอน,8,10,20,ฟิวชัน,0
50,เชียงใหม่,7,ฝาง,แม่งอน,8,10,21,ไทยรวมพลัง,0
50,เชียงใหม่,7,ฝาง,แม่งอน,8,10,22,ก้าวอิสระ,0
50,เชียงใหม่,7,ฝาง,แม่งอน,8,10,23,ปวงชนไทย,0
50,เชียงใหม่,7,ฝาง,แม่งอน,8,10,24,วิชชั่นใหม่,0
50,เชียงใหม่,7,ฝาง,แม่งอน,8,10,25,เพื่อชีวิตใหม่,0
50,เชียงใหม่,7,ฝาง,แม่งอน,8,10,26,คลองไทย,1
50,เชียงใหม่,7,ฝาง,แม่งอน,8,10,27,ประชาธิปัตย์,3
50,เชียงใหม่,7,ฝาง,แม่งอน,8,10,28,ไทยก้าวหน้า,0
50,เชียงใหม่,7,ฝาง,แม่งอน,8,10,29,ไทยภักดี,0
50,เชียงใหม่,7,ฝาง,แม่งอน,8,10,30,แรงงานสร้างชาติ,2
50,เชียงใหม่,7,ฝาง,แม่งอน,8,10,31,ประชากรไทย,0
50,เชียงใหม่,7,ฝาง,แม่งอน,8,10,32,ครูไทยเพื่อประชาชน,0
50,เชียงใหม่,7,ฝาง,แม่งอน,8,10,33,ประชาชาติ,1
50,เชียงใหม่,7,ฝาง,แม่งอน,8,10,34,สร้างอนาคตไทย,2
50,เชียงใหม่,7,ฝาง,แม่งอน,8,10,35,รักชาติ,1
50,เชียงใหม่,7,ฝาง,แม่งอน,8,10,36,ไทยพร้อม,0
50,เชียงใหม่,7,ฝาง,แม่งอน,8,10,37,ภูมิใจไทย,17
50,เชียงใหม่,7,ฝาง,แม่งอน,8,10,38,พลังธรรมใหม่,4
50,เชียงใหม่,7,ฝาง,แม่งอน,8,10,39,กรีน,1
50,เชียงใหม่,7,ฝาง,แม่งอน,8,10,40,ไทยธรรม,0
50,เชียงใหม่,7,ฝาง,แม่งอน,8,10,41,แผ่นดินธรรม,0
50,เชียงใหม่,7,ฝาง,แม่งอน,8,10,42,กล้าธรรม,19
50,เชียงใหม่,7,ฝาง,แม่งอน,8,10,43,พลังประชารัฐ,2
50,เชียงใหม่,7,ฝาง,แม่งอน,8,10,44,โอกาสใหม่,0
50,เชียงใหม่,7,ฝาง,แม่งอน,8,10,45,เป็นธรรม,1
50,เชียงใหม่,7,ฝาง,แม่งอน,8,10,46,ประชาชน,119
50,เชียงใหม่,7,ฝาง,แม่งอน,8,10,47,ประชาไทย,0
50,เชียงใหม่,7,ฝาง,แม่งอน,8,10,48,ไทยสร้างไทย,0
50,เชียงใหม่,7,ฝาง,แม่งอน,8,10,49,ไทยก้าวใหม่,0
50,เชียงใหม่,7,ฝาง,แม่งอน,8,10,50,ประชาอาสาชาติ,0
50,เชียงใหม่,7,ฝาง,แม่งอน,8,10,51,พร้อม,0
50,เชียงใหม่,7,ฝาง,แม่งอน,8,10,52,เครือข่ายชาวนาแห่งประเทศไทย,0
50,เชียงใหม่,7,ฝาง,แม่งอน,8,10,53,ไทยพิทักษ์ธรรม,0
50,เชียงใหม่,7,ฝาง,แม่งอน,8,10,54,ความหวังใหม่,0
50,เชียงใหม่,7,ฝาง,แม่งอน,8,10,55,ไทยรวมไทย,0
50,เชียงใหม่,7,ฝาง,แม่งอน,8,10,56,เพื่อบ้านเมือง,0
50,เชียงใหม่,7,ฝาง,แม่งอน,8,10,57,พลังไทยรักชาติ,0
50,เชียงใหม่,7,ฝาง,แม่งอน,9,11,1,ไทยทรัพย์ทวี,3
50,เชียงใหม่,7,ฝาง,แม่งอน,9,11,2,เพื่อชาติไทย,9
50,เชียงใหม่,7,ฝาง,แม่งอน,9,11,3,ใหม่,0
50,เชียงใหม่,7,ฝาง,แม่งอน,9,11,4,มิติใหม่,1
50,เชียงใหม่,7,ฝาง,แม่งอน,9,11,5,รวมใจไทย,9
50,เชียงใหม่,7,ฝาง,แม่งอน,9,11,6,รวมไทยสร้างชาติ,0
50,เชียงใหม่,7,ฝาง,แม่งอน,9,11,7,พลวัต,4
50,เชียงใหม่,7,ฝาง,แม่งอน,9,11,8,ประชาธิปไตยใหม่,1
50,เชียงใหม่,7,ฝาง,แม่งอน,9,11,9,เพื่อไทย,10
50,เชียงใหม่,7,ฝาง,แม่งอน,9,11,10,ทางเลือกใหม่,1
50,เชียงใหม่,7,ฝาง,แม่งอน,9,11,11,เศรษฐกิจ,2
50,เชียงใหม่,7,ฝาง,แม่งอน,9,11,12,เสรีรวมไทย,0
50,เชียงใหม่,7,ฝาง,แม่งอน,9,11,13,รวมพลังประชาชน,0
50,เชียงใหม่,7,ฝาง,แม่งอน,9,11,14,ท้องที่ไทย,0
50,เชียงใหม่,7,ฝาง,แม่งอน,9,11,15,อนาคตไทย,0
50,เชียงใหม่,7,ฝาง,แม่งอน,9,11,16,พลังเพื่อไทย,2
50,เชียงใหม่,7,ฝาง,แม่งอน,9,11,17,ไทยชนะ,1
50,เชียงใหม่,7,ฝาง,แม่งอน,9,11,18,พลังสังคมใหม่,0
50,เชียงใหม่,7,ฝาง,แม่งอน,9,11,19,สังคมประชาธิปไตย,0
50,เชียงใหม่,7,ฝาง,แม่งอน,9,11,20,ฟิวชัน,0
50,เชียงใหม่,7,ฝาง,แม่งอน,9,11,21,ไทยรวมพลัง,0
50,เชียงใหม่,7,ฝาง,แม่งอน,9,11,22,ก้าวอิสระ,0
50,เชียงใหม่,7,ฝาง,แม่งอน,9,11,23,ปวงชนไทย,0
50,เชียงใหม่,7,ฝาง,แม่งอน,9,11,24,วิชชั่นใหม่,0
50,เชียงใหม่,7,ฝาง,แม่งอน,9,11,25,เพื่อชีวิตใหม่,0
50,เชียงใหม่,7,ฝาง,แม่งอน,9,11,26,คลองไทย,0
50,เชียงใหม่,7,ฝาง,แม่งอน,9,11,27,ประชาธิปัตย์,13
50,เชียงใหม่,7,ฝาง,แม่งอน,9,11,28,ไทยก้าวหน้า,0
50,เชียงใหม่,7,ฝาง,แม่งอน,9,11,29,ไทยภักดี,1
50,เชียงใหม่,7,ฝาง,แม่งอน,9,11,30,แรงงานสร้างชาติ,0
50,เชียงใหม่,7,ฝาง,แม่งอน,9,11,31,ประชากรไทย,0
50,เชียงใหม่,7,ฝาง,แม่งอน,9,11,32,ครูไทยเพื่อประชาชน,0
50,เชียงใหม่,7,ฝาง,แม่งอน,9,11,33,ประชาชาติ,0
50,เชียงใหม่,7,ฝาง,แม่งอน,9,11,34,สร้างอนาคตไทย,1
50,เชียงใหม่,7,ฝาง,แม่งอน,9,11,35,รักชาติ,1
50,เชียงใหม่,7,ฝาง,แม่งอน,9,11,36,ไทยพร้อม,1
50,เชียงใหม่,7,ฝาง,แม่งอน,9,11,37,ภูมิใจไทย,11
50,เชียงใหม่,7,ฝาง,แม่งอน,9,11,38,พลังธรรมใหม่,1
50,เชียงใหม่,7,ฝาง,แม่งอน,9,11,39,กรีน,0
50,เชียงใหม่,7,ฝาง,แม่งอน,9,11,40,ไทยธรรม,0
50,เชียงใหม่,7,ฝาง,แม่งอน,9,11,41,แผ่นดินธรรม,0
50,เชียงใหม่,7,ฝาง,แม่งอน,9,11,42,กล้าธรรม,11
50,เชียงใหม่,7,ฝาง,แม่งอน,9,11,43,พลังประชารัฐ,1
50,เชียงใหม่,7,ฝาง,แม่งอน,9,11,44,โอกาสใหม่,0
50,เชียงใหม่,7,ฝาง,แม่งอน,9,11,45,เป็นธรรม,4
50,เชียงใหม่,7,ฝาง,แม่งอน,9,11,46,ประชาชน,118
50,เชียงใหม่,7,ฝาง,แม่งอน,9,11,47,ประชาไทย,3
50,เชียงใหม่,7,ฝาง,แม่งอน,9,11,48,ไทยสร้างไทย,0
50,เชียงใหม่,7,ฝาง,แม่งอน,9,11,49,ไทยก้าวใหม่,0
50,เชียงใหม่,7,ฝาง,แม่งอน,9,11,50,ประชาอาสาชาติ,0
50,เชียงใหม่,7,ฝาง,แม่งอน,9,11,51,พร้อม,0
50,เชียงใหม่,7,ฝาง,แม่งอน,9,11,52,เครือข่ายชาวนาแห่งประเทศไทย,0
50,เชียงใหม่,7,ฝาง,แม่งอน,9,11,53,ไทยพิทักษ์ธรรม,0
50,เชียงใหม่,7,ฝาง,แม่งอน,9,11,54,ความหวังใหม่,0
50,เชียงใหม่,7,ฝาง,แม่งอน,9,11,55,ไทยรวมไทย,1
50,เชียงใหม่,7,ฝาง,แม่งอน,9,11,56,เพื่อบ้านเมือง,0
50,เชียงใหม่,7,ฝาง,แม่งอน,9,11,57,พลังไทยรักชาติ,0
50,เชียงใหม่,7,ฝาง,แม่งอน,10,12,1,ไทยทรัพย์ทวี,1
50,เชียงใหม่,7,ฝาง,แม่งอน,10,12,2,เพื่อชาติไทย,1
50,เชียงใหม่,7,ฝาง,แม่งอน,10,12,3,ใหม่,0
50,เชียงใหม่,7,ฝาง,แม่งอน,10,12,4,มิติใหม่,0
50,เชียงใหม่,7,ฝาง,แม่งอน,10,12,5,รวมใจไทย,7
50,เชียงใหม่,7,ฝาง,แม่งอน,10,12,6,รวมไทยสร้างชาติ,5
50,เชียงใหม่,7,ฝาง,แม่งอน,10,12,7,พลวัต,4
50,เชียงใหม่,7,ฝาง,แม่งอน,10,12,8,ประชาธิปไตยใหม่,2
50,เชียงใหม่,7,ฝาง,แม่งอน,10,12,9,เพื่อไทย,88
50,เชียงใหม่,7,ฝาง,แม่งอน,10,12,10,ทางเลือกใหม่,3
50,เชียงใหม่,7,ฝาง,แม่งอน,10,12,11,เศรษฐกิจ,6
50,เชียงใหม่,7,ฝาง,แม่งอน,10,12,12,เสรีรวมไทย,1
50,เชียงใหม่,7,ฝาง,แม่งอน,10,12,13,รวมพลังประชาชน,2
50,เชียงใหม่,7,ฝาง,แม่งอน,10,12,14,ท้องที่ไทย,0
50,เชียงใหม่,7,ฝาง,แม่งอน,10,12,15,อนาคตไทย,0
50,เชียงใหม่,7,ฝาง,แม่งอน,10,12,16,พลังเพื่อไทย,1
50,เชียงใหม่,7,ฝาง,แม่งอน,10,12,17,ไทยชนะ,0
50,เชียงใหม่,7,ฝาง,แม่งอน,10,12,18,พลังสังคมใหม่,0
50,เชียงใหม่,7,ฝาง,แม่งอน,10,12,19,สังคมประชาธิปไตย,0
50,เชียงใหม่,7,ฝาง,แม่งอน,10,12,20,ฟิวชัน,0
50,เชียงใหม่,7,ฝาง,แม่งอน,10,12,21,ไทยรวมพลัง,0
50,เชียงใหม่,7,ฝาง,แม่งอน,10,12,22,ก้าวอิสระ,0
50,เชียงใหม่,7,ฝาง,แม่งอน,10,12,23,ปวงชนไทย,0
50,เชียงใหม่,7,ฝาง,แม่งอน,10,12,24,วิชชั่นใหม่,0
50,เชียงใหม่,7,ฝาง,แม่งอน,10,12,25,เพื่อชีวิตใหม่,1
50,เชียงใหม่,7,ฝาง,แม่งอน,10,12,26,คลองไทย,0
50,เชียงใหม่,7,ฝาง,แม่งอน,10,12,27,ประชาธิปัตย์,11
50,เชียงใหม่,7,ฝาง,แม่งอน,10,12,28,ไทยก้าวหน้า,0
50,เชียงใหม่,7,ฝาง,แม่งอน,10,12,29,ไทยภักดี,3
50,เชียงใหม่,7,ฝาง,แม่งอน,10,12,30,แรงงานสร้างชาติ,1
50,เชียงใหม่,7,ฝาง,แม่งอน,10,12,31,ประชากรไทย,1
50,เชียงใหม่,7,ฝาง,แม่งอน,10,12,32,ครูไทยเพื่อประชาชน,1
50,เชียงใหม่,7,ฝาง,แม่งอน,10,12,33,ประชาชาติ,0
50,เชียงใหม่,7,ฝาง,แม่งอน,10,12,34,สร้างอนาคตไทย,1
50,เชียงใหม่,7,ฝาง,แม่งอน,10,12,35,รักชาติ,0
50,เชียงใหม่,7,ฝาง,แม่งอน,10,12,36,ไทยพร้อม,1
50,เชียงใหม่,7,ฝาง,แม่งอน,10,12,37,ภูมิใจไทย,24
50,เชียงใหม่,7,ฝาง,แม่งอน,10,12,38,พลังธรรมใหม่,5
50,เชียงใหม่,7,ฝาง,แม่งอน,10,12,39,กรีน,1
50,เชียงใหม่,7,ฝาง,แม่งอน,10,12,40,ไทยธรรม,1
50,เชียงใหม่,7,ฝาง,แม่งอน,10,12,41,แผ่นดินธรรม,1
50,เชียงใหม่,7,ฝาง,แม่งอน,10,12,42,กล้าธรรม,10
50,เชียงใหม่,7,ฝาง,แม่งอน,10,12,43,พลังประชารัฐ,3
50,เชียงใหม่,7,ฝาง,แม่งอน,10,12,44,โอกาสใหม่,1
50,เชียงใหม่,7,ฝาง,แม่งอน,10,12,45,เป็นธรรม,1
50,เชียงใหม่,7,ฝาง,แม่งอน,10,12,46,ประชาชน,108
50,เชียงใหม่,7,ฝาง,แม่งอน,10,12,47,ประชาไทย,0
50,เชียงใหม่,7,ฝาง,แม่งอน,10,12,48,ไทยสร้างไทย,2
50,เชียงใหม่,7,ฝาง,แม่งอน,10,12,49,ไทยก้าวใหม่,1
50,เชียงใหม่,7,ฝาง,แม่งอน,10,12,50,ประชาอาสาชาติ,1
50,เชียงใหม่,7,ฝาง,แม่งอน,10,12,51,พร้อม,0
50,เชียงใหม่,7,ฝาง,แม่งอน,10,12,52,เครือข่ายชาวนาแห่งประเทศไทย,0
50,เชียงใหม่,7,ฝาง,แม่งอน,10,12,53,ไทยพิทักษ์ธรรม,0
50,เชียงใหม่,7,ฝาง,แม่งอน,10,12,54,ความหวังใหม่,0
50,เชียงใหม่,7,ฝาง,แม่งอน,10,12,55,ไทยรวมไทย,0
50,เชียงใหม่,7,ฝาง,แม่งอน,10,12,56,เพื่อบ้านเมือง,0
50,เชียงใหม่,7,ฝาง,แม่งอน,10,12,57,พลังไทยรักชาติ,1
50,เชียงใหม่,7,ฝาง,แม่งอน,11,13,1,ไทยทรัพย์ทวี,0
50,เชียงใหม่,7,ฝาง,แม่งอน,11,13,2,เพื่อชาติไทย,3
50,เชียงใหม่,7,ฝาง,แม่งอน,11,13,3,ใหม่,1
50,เชียงใหม่,7,ฝาง,แม่งอน,11,13,4,มิติใหม่,0
50,เชียงใหม่,7,ฝาง,แม่งอน,11,13,5,รวมใจไทย,14
50,เชียงใหม่,7,ฝาง,แม่งอน,11,13,6,รวมไทยสร้างชาติ,7
50,เชียงใหม่,7,ฝาง,แม่งอน,11,13,7,พลวัต,2
50,เชียงใหม่,7,ฝาง,แม่งอน,11,13,8,ประชาธิปไตยใหม่,0
50,เชียงใหม่,7,ฝาง,แม่งอน,11,13,9,เพื่อไทย,78
50,เชียงใหม่,7,ฝาง,แม่งอน,11,13,10,ทางเลือกใหม่,1
50,เชียงใหม่,7,ฝาง,แม่งอน,11,13,11,เศรษฐกิจ,3
50,เชียงใหม่,7,ฝาง,แม่งอน,11,13,12,เสรีรวมไทย,1
50,เชียงใหม่,7,ฝาง,แม่งอน,11,13,13,รวมพลังประชาชน,2
50,เชียงใหม่,7,ฝาง,แม่งอน,11,13,14,ท้องที่ไทย,0
50,เชียงใหม่,7,ฝาง,แม่งอน,11,13,15,อนาคตไทย,0
50,เชียงใหม่,7,ฝาง,แม่งอน,11,13,16,พลังเพื่อไทย,1
50,เชียงใหม่,7,ฝาง,แม่งอน,11,13,17,ไทยชนะ,1
50,เชียงใหม่,7,ฝาง,แม่งอน,11,13,18,พลังสังคมใหม่,0
50,เชียงใหม่,7,ฝาง,แม่งอน,11,13,19,สังคมประชาธิปไตย,0
50,เชียงใหม่,7,ฝาง,แม่งอน,11,13,20,ฟิวชัน,0
50,เชียงใหม่,7,ฝาง,แม่งอน,11,13,21,ไทยรวมพลัง,0
50,เชียงใหม่,7,ฝาง,แม่งอน,11,13,22,ก้าวอิสระ,0
50,เชียงใหม่,7,ฝาง,แม่งอน,11,13,23,ปวงชนไทย,1
50,เชียงใหม่,7,ฝาง,แม่งอน,11,13,24,วิชชั่นใหม่,1
50,เชียงใหม่,7,ฝาง,แม่งอน,11,13,25,เพื่อชีวิตใหม่,0
50,เชียงใหม่,7,ฝาง,แม่งอน,11,13,26,คลองไทย,0
50,เชียงใหม่,7,ฝาง,แม่งอน,11,13,27,ประชาธิปัตย์,8
50,เชียงใหม่,7,ฝาง,แม่งอน,11,13,28,ไทยก้าวหน้า,0
50,เชียงใหม่,7,ฝาง,แม่งอน,11,13,29,ไทยภักดี,1
50,เชียงใหม่,7,ฝาง,แม่งอน,11,13,30,แรงงานสร้างชาติ,0
50,เชียงใหม่,7,ฝาง,แม่งอน,11,13,31,ประชากรไทย,1
50,เชียงใหม่,7,ฝาง,แม่งอน,11,13,32,ครูไทยเพื่อประชาชน,0
50,เชียงใหม่,7,ฝาง,แม่งอน,11,13,33,ประชาชาติ,1
50,เชียงใหม่,7,ฝาง,แม่งอน,11,13,34,สร้างอนาคตไทย,1
50,เชียงใหม่,7,ฝาง,แม่งอน,11,13,35,รักชาติ,0
50,เชียงใหม่,7,ฝาง,แม่งอน,11,13,36,ไทยพร้อม,0
50,เชียงใหม่,7,ฝาง,แม่งอน,11,13,37,ภูมิใจไทย,42
50,เชียงใหม่,7,ฝาง,แม่งอน,11,13,38,พลังธรรมใหม่,1
50,เชียงใหม่,7,ฝาง,แม่งอน,11,13,39,กรีน,0
50,เชียงใหม่,7,ฝาง,แม่งอน,11,13,40,ไทยธรรม,1
50,เชียงใหม่,7,ฝาง,แม่งอน,11,13,41,แผ่นดินธรรม,0
50,เชียงใหม่,7,ฝาง,แม่งอน,11,13,42,กล้าธรรม,13
50,เชียงใหม่,7,ฝาง,แม่งอน,11,13,43,พลังประชารัฐ,2
50,เชียงใหม่,7,ฝาง,แม่งอน,11,13,44,โอกาสใหม่,0
50,เชียงใหม่,7,ฝาง,แม่งอน,11,13,45,เป็นธรรม,1
50,เชียงใหม่,7,ฝาง,แม่งอน,11,13,46,ประชาชน,105
50,เชียงใหม่,7,ฝาง,แม่งอน,11,13,47,ประชาไทย,1
50,เชียงใหม่,7,ฝาง,แม่งอน,11,13,48,ไทยสร้างไทย,0
50,เชียงใหม่,7,ฝาง,แม่งอน,11,13,49,ไทยก้าวใหม่,1
50,เชียงใหม่,7,ฝาง,แม่งอน,11,13,50,ประชาอาสาชาติ,0
50,เชียงใหม่,7,ฝาง,แม่งอน,11,13,51,พร้อม,0
50,เชียงใหม่,7,ฝาง,แม่งอน,11,13,52,เครือข่ายชาวนาแห่งประเทศไทย,0
50,เชียงใหม่,7,ฝาง,แม่งอน,11,13,53,ไทยพิทักษ์ธรรม,0
50,เชียงใหม่,7,ฝาง,แม่งอน,11,13,54,ความหวังใหม่,0
50,เชียงใหม่,7,ฝาง,แม่งอน,11,13,55,ไทยรวมไทย,0
50,เชียงใหม่,7,ฝาง,แม่งอน,11,13,56,เพื่อบ้านเมือง,0
50,เชียงใหม่,7,ฝาง,แม่งอน,11,13,57,พลังไทยรักชาติ,0
50,เชียงใหม่,7,ฝาง,แม่งอน,12,14,1,ไทยทรัพย์ทวี,3
50,เชียงใหม่,7,ฝาง,แม่งอน,12,14,2,เพื่อชาติไทย,8
50,เชียงใหม่,7,ฝาง,แม่งอน,12,14,3,ใหม่,0
50,เชียงใหม่,7,ฝาง,แม่งอน,12,14,4,มิติใหม่,1
50,เชียงใหม่,7,ฝาง,แม่งอน,12,14,5,รวมใจไทย,12
50,เชียงใหม่,7,ฝาง,แม่งอน,12,14,6,รวมไทยสร้างชาติ,4
50,เชียงใหม่,7,ฝาง,แม่งอน,12,14,7,พลวัต,3
50,เชียงใหม่,7,ฝาง,แม่งอน,12,14,8,ประชาธิปไตยใหม่,2
50,เชียงใหม่,7,ฝาง,แม่งอน,12,14,9,เพื่อไทย,56
50,เชียงใหม่,7,ฝาง,แม่งอน,12,14,10,ทางเลือกใหม่,2
50,เชียงใหม่,7,ฝาง,แม่งอน,12,14,11,เศรษฐกิจ,10
50,เชียงใหม่,7,ฝาง,แม่งอน,12,14,12,เสรีรวมไทย,3
50,เชียงใหม่,7,ฝาง,แม่งอน,12,14,13,รวมพลังประชาชน,1
50,เชียงใหม่,7,ฝาง,แม่งอน,12,14,14,ท้องที่ไทย,0
50,เชียงใหม่,7,ฝาง,แม่งอน,12,14,15,อนาคตไทย,0
50,เชียงใหม่,7,ฝาง,แม่งอน,12,14,16,พลังเพื่อไทย,2
50,เชียงใหม่,7,ฝาง,แม่งอน,12,14,17,ไทยชนะ,2
50,เชียงใหม่,7,ฝาง,แม่งอน,12,14,18,พลังสังคมใหม่,0
50,เชียงใหม่,7,ฝาง,แม่งอน,12,14,19,สังคมประชาธิปไตย,0
50,เชียงใหม่,7,ฝาง,แม่งอน,12,14,20,ฟิวชัน,0
50,เชียงใหม่,7,ฝาง,แม่งอน,12,14,21,ไทยรวมพลัง,0
50,เชียงใหม่,7,ฝาง,แม่งอน,12,14,22,ก้าวอิสระ,0
50,เชียงใหม่,7,ฝาง,แม่งอน,12,14,23,ปวงชนไทย,0
50,เชียงใหม่,7,ฝาง,แม่งอน,12,14,24,วิชชั่นใหม่,0
50,เชียงใหม่,7,ฝาง,แม่งอน,12,14,25,เพื่อชีวิตใหม่,0
50,เชียงใหม่,7,ฝาง,แม่งอน,12,14,26,คลองไทย,0
50,เชียงใหม่,7,ฝาง,แม่งอน,12,14,27,ประชาธิปัตย์,22
50,เชียงใหม่,7,ฝาง,แม่งอน,12,14,28,ไทยก้าวหน้า,1
50,เชียงใหม่,7,ฝาง,แม่งอน,12,14,29,ไทยภักดี,0
50,เชียงใหม่,7,ฝาง,แม่งอน,12,14,30,แรงงานสร้างชาติ,1
50,เชียงใหม่,7,ฝาง,แม่งอน,12,14,31,ประชากรไทย,0
50,เชียงใหม่,7,ฝาง,แม่งอน,12,14,32,ครูไทยเพื่อประชาชน,0
50,เชียงใหม่,7,ฝาง,แม่งอน,12,14,33,ประชาชาติ,1
50,เชียงใหม่,7,ฝาง,แม่งอน,12,14,34,สร้างอนาคตไทย,0
50,เชียงใหม่,7,ฝาง,แม่งอน,12,14,35,รักชาติ,1
50,เชียงใหม่,7,ฝาง,แม่งอน,12,14,36,ไทยพร้อม,1
50,เชียงใหม่,7,ฝาง,แม่งอน,12,14,37,ภูมิใจไทย,19
50,เชียงใหม่,7,ฝาง,แม่งอน,12,14,38,พลังธรรมใหม่,0
50,เชียงใหม่,7,ฝาง,แม่งอน,12,14,39,กรีน,0
50,เชียงใหม่,7,ฝาง,แม่งอน,12,14,40,ไทยธรรม,0
50,เชียงใหม่,7,ฝาง,แม่งอน,12,14,41,แผ่นดินธรรม,0
50,เชียงใหม่,7,ฝาง,แม่งอน,12,14,42,กล้าธรรม,13
50,เชียงใหม่,7,ฝาง,แม่งอน,12,14,43,พลังประชารัฐ,3
50,เชียงใหม่,7,ฝาง,แม่งอน,12,14,44,โอกาสใหม่,0
50,เชียงใหม่,7,ฝาง,แม่งอน,12,14,45,เป็นธรรม,1
50,เชียงใหม่,7,ฝาง,แม่งอน,12,14,46,ประชาชน,125
50,เชียงใหม่,7,ฝาง,แม่งอน,12,14,47,ประชาไทย,2
50,เชียงใหม่,7,ฝาง,แม่งอน,12,14,48,ไทยสร้างไทย,2
50,เชียงใหม่,7,ฝาง,แม่งอน,12,14,49,ไทยก้าวใหม่,0
50,เชียงใหม่,7,ฝาง,แม่งอน,12,14,50,ประชาอาสาชาติ,0
50,เชียงใหม่,7,ฝาง,แม่งอน,12,14,51,พร้อม,0
50,เชียงใหม่,7,ฝาง,แม่งอน,12,14,52,เครือข่ายชาวนาแห่งประเทศไทย,0
50,เชียงใหม่,7,ฝาง,แม่งอน,12,14,53,ไทยพิทักษ์ธรรม,0
50,เชียงใหม่,7,ฝาง,แม่งอน,12,14,54,ความหวังใหม่,0
50,เชียงใหม่,7,ฝาง,แม่งอน,12,14,55,ไทยรวมไทย,0
50,เชียงใหม่,7,ฝาง,แม่งอน,12,14,56,เพื่อบ้านเมือง,1
50,เชียงใหม่,7,ฝาง,แม่งอน,12,14,57,พลังไทยรักชาติ,0
50,เชียงใหม่,7,ฝาง,แม่งอน,13,15,1,ไทยทรัพย์ทวี,3
50,เชียงใหม่,7,ฝาง,แม่งอน,13,15,2,เพื่อชาติไทย,2
50,เชียงใหม่,7,ฝาง,แม่งอน,13,15,3,ใหม่,1
50,เชียงใหม่,7,ฝาง,แม่งอน,13,15,4,มิติใหม่,0
50,เชียงใหม่,7,ฝาง,แม่งอน,13,15,5,รวมใจไทย,4
50,เชียงใหม่,7,ฝาง,แม่งอน,13,15,6,รวมไทยสร้างชาติ,8
50,เชียงใหม่,7,ฝาง,แม่งอน,13,15,7,พลวัต,6
50,เชียงใหม่,7,ฝาง,แม่งอน,13,15,8,ประชาธิปไตยใหม่,0
50,เชียงใหม่,7,ฝาง,แม่งอน,13,15,9,เพื่อไทย,55
50,เชียงใหม่,7,ฝาง,แม่งอน,13,15,10,ทางเลือกใหม่,2
50,เชียงใหม่,7,ฝาง,แม่งอน,13,15,11,เศรษฐกิจ,4
50,เชียงใหม่,7,ฝาง,แม่งอน,13,15,12,เสรีรวมไทย,2
50,เชียงใหม่,7,ฝาง,แม่งอน,13,15,13,รวมพลังประชาชน,1
50,เชียงใหม่,7,ฝาง,แม่งอน,13,15,14,ท้องที่ไทย,1
50,เชียงใหม่,7,ฝาง,แม่งอน,13,15,15,อนาคตไทย,0
50,เชียงใหม่,7,ฝาง,แม่งอน,13,15,16,พลังเพื่อไทย,0
50,เชียงใหม่,7,ฝาง,แม่งอน,13,15,17,ไทยชนะ,1
50,เชียงใหม่,7,ฝาง,แม่งอน,13,15,18,พลังสังคมใหม่,0
50,เชียงใหม่,7,ฝาง,แม่งอน,13,15,19,สังคมประชาธิปไตย,0
50,เชียงใหม่,7,ฝาง,แม่งอน,13,15,20,ฟิวชัน,1
50,เชียงใหม่,7,ฝาง,แม่งอน,13,15,21,ไทยรวมพลัง,0
50,เชียงใหม่,7,ฝาง,แม่งอน,13,15,22,ก้าวอิสระ,1
50,เชียงใหม่,7,ฝาง,แม่งอน,13,15,23,ปวงชนไทย,1
50,เชียงใหม่,7,ฝาง,แม่งอน,13,15,24,วิชชั่นใหม่,0
50,เชียงใหม่,7,ฝาง,แม่งอน,13,15,25,เพื่อชีวิตใหม่,0
50,เชียงใหม่,7,ฝาง,แม่งอน,13,15,26,คลองไทย,0
50,เชียงใหม่,7,ฝาง,แม่งอน,13,15,27,ประชาธิปัตย์,7
50,เชียงใหม่,7,ฝาง,แม่งอน,13,15,28,ไทยก้าวหน้า,2
50,เชียงใหม่,7,ฝาง,แม่งอน,13,15,29,ไทยภักดี,1
50,เชียงใหม่,7,ฝาง,แม่งอน,13,15,30,แรงงานสร้างชาติ,0
50,เชียงใหม่,7,ฝาง,แม่งอน,13,15,31,ประชากรไทย,0
50,เชียงใหม่,7,ฝาง,แม่งอน,13,15,32,ครูไทยเพื่อประชาชน,1
50,เชียงใหม่,7,ฝาง,แม่งอน,13,15,33,ประชาชาติ,0
50,เชียงใหม่,7,ฝาง,แม่งอน,13,15,34,สร้างอนาคตไทย,1
50,เชียงใหม่,7,ฝาง,แม่งอน,13,15,35,รักชาติ,2
50,เชียงใหม่,7,ฝาง,แม่งอน,13,15,36,ไทยพร้อม,1
50,เชียงใหม่,7,ฝาง,แม่งอน,13,15,37,ภูมิใจไทย,20
50,เชียงใหม่,7,ฝาง,แม่งอน,13,15,38,พลังธรรมใหม่,1
50,เชียงใหม่,7,ฝาง,แม่งอน,13,15,39,กรีน,0
50,เชียงใหม่,7,ฝาง,แม่งอน,13,15,40,ไทยธรรม,0
50,เชียงใหม่,7,ฝาง,แม่งอน,13,15,41,แผ่นดินธรรม,0
50,เชียงใหม่,7,ฝาง,แม่งอน,13,15,42,กล้าธรรม,6
50,เชียงใหม่,7,ฝาง,แม่งอน,13,15,43,พลังประชารัฐ,2
50,เชียงใหม่,7,ฝาง,แม่งอน,13,15,44,โอกาสใหม่,1
50,เชียงใหม่,7,ฝาง,แม่งอน,13,15,45,เป็นธรรม,0
50,เชียงใหม่,7,ฝาง,แม่งอน,13,15,46,ประชาชน,91
50,เชียงใหม่,7,ฝาง,แม่งอน,13,15,47,ประชาไทย,0
50,เชียงใหม่,7,ฝาง,แม่งอน,13,15,48,ไทยสร้างไทย,0
50,เชียงใหม่,7,ฝาง,แม่งอน,13,15,49,ไทยก้าวใหม่,0
50,เชียงใหม่,7,ฝาง,แม่งอน,13,15,50,ประชาอาสาชาติ,0
50,เชียงใหม่,7,ฝาง,แม่งอน,13,15,51,พร้อม,0
50,เชียงใหม่,7,ฝาง,แม่งอน,13,15,52,เครือข่ายชาวนาแห่งประเทศไทย,0
50,เชียงใหม่,7,ฝาง,แม่งอน,13,15,53,ไทยพิทักษ์ธรรม,0
50,เชียงใหม่,7,ฝาง,แม่งอน,13,15,54,ความหวังใหม่,0
50,เชียงใหม่,7,ฝาง,แม่งอน,13,15,55,ไทยรวมไทย,0
50,เชียงใหม่,7,ฝาง,แม่งอน,13,15,56,เพื่อบ้านเมือง,0
50,เชียงใหม่,7,ฝาง,แม่งอน,13,15,57,พลังไทยรักชาติ,0
50,เชียงใหม่,7,ฝาง,แม่งอน,14,16,1,ไทยทรัพย์ทวี,0
50,เชียงใหม่,7,ฝาง,แม่งอน,14,16,2,เพื่อชาติไทย,3
50,เชียงใหม่,7,ฝาง,แม่งอน,14,16,3,ใหม่,0
50,เชียงใหม่,7,ฝาง,แม่งอน,14,16,4,มิติใหม่,0
50,เชียงใหม่,7,ฝาง,แม่งอน,14,16,5,รวมใจไทย,1
50,เชียงใหม่,7,ฝาง,แม่งอน,14,16,6,รวมไทยสร้างชาติ,9
50,เชียงใหม่,7,ฝาง,แม่งอน,14,16,7,พลวัต,2
50,เชียงใหม่,7,ฝาง,แม่งอน,14,16,8,ประชาธิปไตยใหม่,1
50,เชียงใหม่,7,ฝาง,แม่งอน,14,16,9,เพื่อไทย,61
50,เชียงใหม่,7,ฝาง,แม่งอน,14,16,10,ทางเลือกใหม่,0
50,เชียงใหม่,7,ฝาง,แม่งอน,14,16,11,เศรษฐกิจ,10
50,เชียงใหม่,7,ฝาง,แม่งอน,14,16,12,เสรีรวมไทย,0
50,เชียงใหม่,7,ฝาง,แม่งอน,14,16,13,รวมพลังประชาชน,2
50,เชียงใหม่,7,ฝาง,แม่งอน,14,16,14,ท้องที่ไทย,0
50,เชียงใหม่,7,ฝาง,แม่งอน,14,16,15,อนาคตไทย,0
50,เชียงใหม่,7,ฝาง,แม่งอน,14,16,16,พลังเพื่อไทย,0
50,เชียงใหม่,7,ฝาง,แม่งอน,14,16,17,ไทยชนะ,0
50,เชียงใหม่,7,ฝาง,แม่งอน,14,16,18,พลังสังคมใหม่,0
50,เชียงใหม่,7,ฝาง,แม่งอน,14,16,19,สังคมประชาธิปไตย,0
50,เชียงใหม่,7,ฝาง,แม่งอน,14,16,20,ฟิวชัน,0
50,เชียงใหม่,7,ฝาง,แม่งอน,14,16,21,ไทยรวมพลัง,0
50,เชียงใหม่,7,ฝาง,แม่งอน,14,16,22,ก้าวอิสระ,0
50,เชียงใหม่,7,ฝาง,แม่งอน,14,16,23,ปวงชนไทย,0
50,เชียงใหม่,7,ฝาง,แม่งอน,14,16,24,วิชชั่นใหม่,0
50,เชียงใหม่,7,ฝาง,แม่งอน,14,16,25,เพื่อชีวิตใหม่,0
50,เชียงใหม่,7,ฝาง,แม่งอน,14,16,26,คลองไทย,0
50,เชียงใหม่,7,ฝาง,แม่งอน,14,16,27,ประชาธิปัตย์,19
50,เชียงใหม่,7,ฝาง,แม่งอน,14,16,28,ไทยก้าวหน้า,1
50,เชียงใหม่,7,ฝาง,แม่งอน,14,16,29,ไทยภักดี,0
50,เชียงใหม่,7,ฝาง,แม่งอน,14,16,30,แรงงานสร้างชาติ,0
50,เชียงใหม่,7,ฝาง,แม่งอน,14,16,31,ประชากรไทย,0
50,เชียงใหม่,7,ฝาง,แม่งอน,14,16,32,ครูไทยเพื่อประชาชน,0
50,เชียงใหม่,7,ฝาง,แม่งอน,14,16,33,ประชาชาติ,1
50,เชียงใหม่,7,ฝาง,แม่งอน,14,16,34,สร้างอนาคตไทย,0
50,เชียงใหม่,7,ฝาง,แม่งอน,14,16,35,รักชาติ,0
50,เชียงใหม่,7,ฝาง,แม่งอน,14,16,36,ไทยพร้อม,0
50,เชียงใหม่,7,ฝาง,แม่งอน,14,16,37,ภูมิใจไทย,20
50,เชียงใหม่,7,ฝาง,แม่งอน,14,16,38,พลังธรรมใหม่,1
50,เชียงใหม่,7,ฝาง,แม่งอน,14,16,39,กรีน,0
50,เชียงใหม่,7,ฝาง,แม่งอน,14,16,40,ไทยธรรม,0
50,เชียงใหม่,7,ฝาง,แม่งอน,14,16,41,แผ่นดินธรรม,0
50,เชียงใหม่,7,ฝาง,แม่งอน,14,16,42,กล้าธรรม,11
50,เชียงใหม่,7,ฝาง,แม่งอน,14,16,43,พลังประชารัฐ,1
50,เชียงใหม่,7,ฝาง,แม่งอน,14,16,44,โอกาสใหม่,0
50,เชียงใหม่,7,ฝาง,แม่งอน,14,16,45,เป็นธรรม,2
50,เชียงใหม่,7,ฝาง,แม่งอน,14,16,46,ประชาชน,87
50,เชียงใหม่,7,ฝาง,แม่งอน,14,16,47,ประชาไทย,1
50,เชียงใหม่,7,ฝาง,แม่งอน,14,16,48,ไทยสร้างไทย,2
50,เชียงใหม่,7,ฝาง,แม่งอน,14,16,49,ไทยก้าวใหม่,1
50,เชียงใหม่,7,ฝาง,แม่งอน,14,16,50,ประชาอาสาชาติ,0
50,เชียงใหม่,7,ฝาง,แม่งอน,14,16,51,พร้อม,0
50,เชียงใหม่,7,ฝาง,แม่งอน,14,16,52,เครือข่ายชาวนาแห่งประเทศไทย,0
50,เชียงใหม่,7,ฝาง,แม่งอน,14,16,53,ไทยพิทักษ์ธรรม,0
50,เชียงใหม่,7,ฝาง,แม่งอน,14,16,54,ความหวังใหม่,0
50,เชียงใหม่,7,ฝาง,แม่งอน,14,16,55,ไทยรวมไทย,0
50,เชียงใหม่,7,ฝาง,แม่งอน,14,16,56,เพื่อบ้านเมือง,0
50,เชียงใหม่,7,ฝาง,แม่งอน,14,16,57,พลังไทยรักชาติ,0
50,เชียงใหม่,7,ฝาง,แม่งอน,15,17,1,ไทยทรัพย์ทวี,4
50,เชียงใหม่,7,ฝาง,แม่งอน,15,17,2,เพื่อชาติไทย,1
50,เชียงใหม่,7,ฝาง,แม่งอน,15,17,3,ใหม่,1
50,เชียงใหม่,7,ฝาง,แม่งอน,15,17,4,มิติใหม่,0
50,เชียงใหม่,7,ฝาง,แม่งอน,15,17,5,รวมใจไทย,13
50,เชียงใหม่,7,ฝาง,แม่งอน,15,17,6,รวมไทยสร้างชาติ,14
50,เชียงใหม่,7,ฝาง,แม่งอน,15,17,7,พลวัต,5
50,เชียงใหม่,7,ฝาง,แม่งอน,15,17,8,ประชาธิปไตยใหม่,2
50,เชียงใหม่,7,ฝาง,แม่งอน,15,17,9,เพื่อไทย,48
50,เชียงใหม่,7,ฝาง,แม่งอน,15,17,10,ทางเลือกใหม่,5
50,เชียงใหม่,7,ฝาง,แม่งอน,15,17,11,เศรษฐกิจ,11
50,เชียงใหม่,7,ฝาง,แม่งอน,15,17,12,เสรีรวมไทย,0
50,เชียงใหม่,7,ฝาง,แม่งอน,15,17,13,รวมพลังประชาชน,2
50,เชียงใหม่,7,ฝาง,แม่งอน,15,17,14,ท้องที่ไทย,2
50,เชียงใหม่,7,ฝาง,แม่งอน,15,17,15,อนาคตไทย,0
50,เชียงใหม่,7,ฝาง,แม่งอน,15,17,16,พลังเพื่อไทย,0
50,เชียงใหม่,7,ฝาง,แม่งอน,15,17,17,ไทยชนะ,2
50,เชียงใหม่,7,ฝาง,แม่งอน,15,17,18,พลังสังคมใหม่,0
50,เชียงใหม่,7,ฝาง,แม่งอน,15,17,19,สังคมประชาธิปไตย,0
50,เชียงใหม่,7,ฝาง,แม่งอน,15,17,20,ฟิวชัน,0
50,เชียงใหม่,7,ฝาง,แม่งอน,15,17,21,ไทยรวมพลัง,0
50,เชียงใหม่,7,ฝาง,แม่งอน,15,17,22,ก้าวอิสระ,0
50,เชียงใหม่,7,ฝาง,แม่งอน,15,17,23,ปวงชนไทย,0
50,เชียงใหม่,7,ฝาง,แม่งอน,15,17,24,วิชชั่นใหม่,0
50,เชียงใหม่,7,ฝาง,แม่งอน,15,17,25,เพื่อชีวิตใหม่,0
50,เชียงใหม่,7,ฝาง,แม่งอน,15,17,26,คลองไทย,0
50,เชียงใหม่,7,ฝาง,แม่งอน,15,17,27,ประชาธิปัตย์,15
50,เชียงใหม่,7,ฝาง,แม่งอน,15,17,28,ไทยก้าวหน้า,0
50,เชียงใหม่,7,ฝาง,แม่งอน,15,17,29,ไทยภักดี,3
50,เชียงใหม่,7,ฝาง,แม่งอน,15,17,30,แรงงานสร้างชาติ,0
50,เชียงใหม่,7,ฝาง,แม่งอน,15,17,31,ประชากรไทย,0
50,เชียงใหม่,7,ฝาง,แม่งอน,15,17,32,ครูไทยเพื่อประชาชน,0
50,เชียงใหม่,7,ฝาง,แม่งอน,15,17,33,ประชาชาติ,1
50,เชียงใหม่,7,ฝาง,แม่งอน,15,17,34,สร้างอนาคตไทย,1
50,เชียงใหม่,7,ฝาง,แม่งอน,15,17,35,รักชาติ,0
50,เชียงใหม่,7,ฝาง,แม่งอน,15,17,36,ไทยพร้อม,1
50,เชียงใหม่,7,ฝาง,แม่งอน,15,17,37,ภูมิใจไทย,26
50,เชียงใหม่,7,ฝาง,แม่งอน,15,17,38,พลังธรรมใหม่,2
50,เชียงใหม่,7,ฝาง,แม่งอน,15,17,39,กรีน,0
50,เชียงใหม่,7,ฝาง,แม่งอน,15,17,40,ไทยธรรม,0
50,เชียงใหม่,7,ฝาง,แม่งอน,15,17,41,แผ่นดินธรรม,0
50,เชียงใหม่,7,ฝาง,แม่งอน,15,17,42,กล้าธรรม,8
50,เชียงใหม่,7,ฝาง,แม่งอน,15,17,43,พลังประชารัฐ,3
50,เชียงใหม่,7,ฝาง,แม่งอน,15,17,44,โอกาสใหม่,0
50,เชียงใหม่,7,ฝาง,แม่งอน,15,17,45,เป็นธรรม,0
50,เชียงใหม่,7,ฝาง,แม่งอน,15,17,46,ประชาชน,76
50,เชียงใหม่,7,ฝาง,แม่งอน,15,17,47,ประชาไทย,1
50,เชียงใหม่,7,ฝาง,แม่งอน,15,17,48,ไทยสร้างไทย,1
50,เชียงใหม่,7,ฝาง,แม่งอน,15,17,49,ไทยก้าวใหม่,1
50,เชียงใหม่,7,ฝาง,แม่งอน,15,17,50,ประชาอาสาชาติ,0
50,เชียงใหม่,7,ฝาง,แม่งอน,15,17,51,พร้อม,0
50,เชียงใหม่,7,ฝาง,แม่งอน,15,17,52,เครือข่ายชาวนาแห่งประเทศไทย,0
50,เชียงใหม่,7,ฝาง,แม่งอน,15,17,53,ไทยพิทักษ์ธรรม,0
50,เชียงใหม่,7,ฝาง,แม่งอน,15,17,54,ความหวังใหม่,0
50,เชียงใหม่,7,ฝาง,แม่งอน,15,17,55,ไทยรวมไทย,0
50,เชียงใหม่,7,ฝาง,แม่งอน,15,17,56,เพื่อบ้านเมือง,0
50,เชียงใหม่,7,ฝาง,แม่งอน,15,17,57,พลังไทยรักชาติ,0
50,เชียงใหม่,7,ฝาง,แม่สูน,1,1,1,ไทยทรัพย์ทวี,3
50,เชียงใหม่,7,ฝาง,แม่สูน,1,1,2,เพื่อชาติไทย,2
50,เชียงใหม่,7,ฝาง,แม่สูน,1,1,3,ใหม่,1
50,เชียงใหม่,7,ฝาง,แม่สูน,1,1,4,มิติใหม่,0
50,เชียงใหม่,7,ฝาง,แม่สูน,1,1,5,รวมใจไทย,2
50,เชียงใหม่,7,ฝาง,แม่สูน,1,1,6,รวมไทยสร้างชาติ,8
50,เชียงใหม่,7,ฝาง,แม่สูน,1,1,7,พลวัต,2
50,เชียงใหม่,7,ฝาง,แม่สูน,1,1,8,ประชาธิปไตยใหม่,1
50,เชียงใหม่,7,ฝาง,แม่สูน,1,1,9,เพื่อไทย,90
50,เชียงใหม่,7,ฝาง,แม่สูน,1,1,10,ทางเลือกใหม่,1
50,เชียงใหม่,7,ฝาง,แม่สูน,1,1,11,เศรษฐกิจ,17
50,เชียงใหม่,7,ฝาง,แม่สูน,1,1,12,เสรีรวมไทย,0
50,เชียงใหม่,7,ฝาง,แม่สูน,1,1,13,รวมพลังประชาชน,1
50,เชียงใหม่,7,ฝาง,แม่สูน,1,1,14,ท้องที่ไทย,0
50,เชียงใหม่,7,ฝาง,แม่สูน,1,1,15,อนาคตไทย,0
50,เชียงใหม่,7,ฝาง,แม่สูน,1,1,16,พลังเพื่อไทย,0
50,เชียงใหม่,7,ฝาง,แม่สูน,1,1,17,ไทยชนะ,1
50,เชียงใหม่,7,ฝาง,แม่สูน,1,1,18,พลังสังคมใหม่,2
50,เชียงใหม่,7,ฝาง,แม่สูน,1,1,19,สังคมประชาธิปไตย,1
50,เชียงใหม่,7,ฝาง,แม่สูน,1,1,20,ฟิวชัน,0
50,เชียงใหม่,7,ฝาง,แม่สูน,1,1,21,ไทยรวมพลัง,0
50,เชียงใหม่,7,ฝาง,แม่สูน,1,1,22,ก้าวอิสระ,0
50,เชียงใหม่,7,ฝาง,แม่สูน,1,1,23,ปวงชนไทย,0
50,เชียงใหม่,7,ฝาง,แม่สูน,1,1,24,วิชชั่นใหม่,0
50,เชียงใหม่,7,ฝาง,แม่สูน,1,1,25,เพื่อชีวิตใหม่,0
50,เชียงใหม่,7,ฝาง,แม่สูน,1,1,26,คลองไทย,2
50,เชียงใหม่,7,ฝาง,แม่สูน,1,1,27,ประชาธิปัตย์,14
50,เชียงใหม่,7,ฝาง,แม่สูน,1,1,28,ไทยก้าวหน้า,0
50,เชียงใหม่,7,ฝาง,แม่สูน,1,1,29,ไทยภักดี,0
50,เชียงใหม่,7,ฝาง,แม่สูน,1,1,30,แรงงานสร้างชาติ,1
50,เชียงใหม่,7,ฝาง,แม่สูน,1,1,31,ประชากรไทย,0
50,เชียงใหม่,7,ฝาง,แม่สูน,1,1,32,ครูไทยเพื่อประชาชน,2
50,เชียงใหม่,7,ฝาง,แม่สูน,1,1,33,ประชาชาติ,0
50,เชียงใหม่,7,ฝาง,แม่สูน,1,1,34,สร้างอนาคตไทย,0
50,เชียงใหม่,7,ฝาง,แม่สูน,1,1,35,รักชาติ,0
50,เชียงใหม่,7,ฝาง,แม่สูน,1,1,36,ไทยพร้อม,1
50,เชียงใหม่,7,ฝาง,แม่สูน,1,1,37,ภูมิใจไทย,46
50,เชียงใหม่,7,ฝาง,แม่สูน,1,1,38,พลังธรรมใหม่,0
50,เชียงใหม่,7,ฝาง,แม่สูน,1,1,39,กรีน,1
50,เชียงใหม่,7,ฝาง,แม่สูน,1,1,40,ไทยธรรม,0
50,เชียงใหม่,7,ฝาง,แม่สูน,1,1,41,แผ่นดินธรรม,0
50,เชียงใหม่,7,ฝาง,แม่สูน,1,1,42,กล้าธรรม,13
50,เชียงใหม่,7,ฝาง,แม่สูน,1,1,43,พลังประชารัฐ,4
50,เชียงใหม่,7,ฝาง,แม่สูน,1,1,44,โอกาสใหม่,0
50,เชียงใหม่,7,ฝาง,แม่สูน,1,1,45,เป็นธรรม,0
50,เชียงใหม่,7,ฝาง,แม่สูน,1,1,46,ประชาชน,123
50,เชียงใหม่,7,ฝาง,แม่สูน,1,1,47,ประชาไทย,1
50,เชียงใหม่,7,ฝาง,แม่สูน,1,1,48,ไทยสร้างไทย,0
50,เชียงใหม่,7,ฝาง,แม่สูน,1,1,49,ไทยก้าวใหม่,0
50,เชียงใหม่,7,ฝาง,แม่สูน,1,1,50,ประชาอาสาชาติ,0
50,เชียงใหม่,7,ฝาง,แม่สูน,1,1,51,พร้อม,0
50,เชียงใหม่,7,ฝาง,แม่สูน,1,1,52,เครือข่ายชาวนาแห่งประเทศไทย,0
50,เชียงใหม่,7,ฝาง,แม่สูน,1,1,53,ไทยพิทักษ์ธรรม,0
50,เชียงใหม่,7,ฝาง,แม่สูน,1,1,54,ความหวังใหม่,0
50,เชียงใหม่,7,ฝาง,แม่สูน,1,1,55,ไทยรวมไทย,0
50,เชียงใหม่,7,ฝาง,แม่สูน,1,1,56,เพื่อบ้านเมือง,0
50,เชียงใหม่,7,ฝาง,แม่สูน,1,1,57,พลังไทยรักชาติ,0
50,เชียงใหม่,7,ฝาง,แม่สูน,1,2,1,ไทยทรัพย์ทวี,4
50,เชียงใหม่,7,ฝาง,แม่สูน,1,2,2,เพื่อชาติไทย,4
50,เชียงใหม่,7,ฝาง,แม่สูน,1,2,3,ใหม่,0
50,เชียงใหม่,7,ฝาง,แม่สูน,1,2,4,มิติใหม่,0
50,เชียงใหม่,7,ฝาง,แม่สูน,1,2,5,รวมใจไทย,6
50,เชียงใหม่,7,ฝาง,แม่สูน,1,2,6,รวมไทยสร้างชาติ,5
50,เชียงใหม่,7,ฝาง,แม่สูน,1,2,7,พลวัต,4
50,เชียงใหม่,7,ฝาง,แม่สูน,1,2,8,ประชาธิปไตยใหม่,0
50,เชียงใหม่,7,ฝาง,แม่สูน,1,2,9,เพื่อไทย,55
50,เชียงใหม่,7,ฝาง,แม่สูน,1,2,10,ทางเลือกใหม่,2
50,เชียงใหม่,7,ฝาง,แม่สูน,1,2,11,เศรษฐกิจ,11
50,เชียงใหม่,7,ฝาง,แม่สูน,1,2,12,เสรีรวมไทย,2
50,เชียงใหม่,7,ฝาง,แม่สูน,1,2,13,รวมพลังประชาชน,2
50,เชียงใหม่,7,ฝาง,แม่สูน,1,2,14,ท้องที่ไทย,0
50,เชียงใหม่,7,ฝาง,แม่สูน,1,2,15,อนาคตไทย,0
50,เชียงใหม่,7,ฝาง,แม่สูน,1,2,16,พลังเพื่อไทย,1
50,เชียงใหม่,7,ฝาง,แม่สูน,1,2,17,ไทยชนะ,0
50,เชียงใหม่,7,ฝาง,แม่สูน,1,2,18,พลังสังคมใหม่,0
50,เชียงใหม่,7,ฝาง,แม่สูน,1,2,19,สังคมประชาธิปไตย,1
50,เชียงใหม่,7,ฝาง,แม่สูน,1,2,20,ฟิวชัน,0
50,เชียงใหม่,7,ฝาง,แม่สูน,1,2,21,ไทยรวมพลัง,0
50,เชียงใหม่,7,ฝาง,แม่สูน,1,2,22,ก้าวอิสระ,0
50,เชียงใหม่,7,ฝาง,แม่สูน,1,2,23,ปวงชนไทย,0
50,เชียงใหม่,7,ฝาง,แม่สูน,1,2,24,วิชชั่นใหม่,1
50,เชียงใหม่,7,ฝาง,แม่สูน,1,2,25,เพื่อชีวิตใหม่,0
50,เชียงใหม่,7,ฝาง,แม่สูน,1,2,26,คลองไทย,1
50,เชียงใหม่,7,ฝาง,แม่สูน,1,2,27,ประชาธิปัตย์,10
50,เชียงใหม่,7,ฝาง,แม่สูน,1,2,28,ไทยก้าวหน้า,0
50,เชียงใหม่,7,ฝาง,แม่สูน,1,2,29,ไทยภักดี,2
50,เชียงใหม่,7,ฝาง,แม่สูน,1,2,30,แรงงานสร้างชาติ,0
50,เชียงใหม่,7,ฝาง,แม่สูน,1,2,31,ประชากรไทย,0
50,เชียงใหม่,7,ฝาง,แม่สูน,1,2,32,ครูไทยเพื่อประชาชน,1
50,เชียงใหม่,7,ฝาง,แม่สูน,1,2,33,ประชาชาติ,0
50,เชียงใหม่,7,ฝาง,แม่สูน,1,2,34,สร้างอนาคตไทย,1
50,เชียงใหม่,7,ฝาง,แม่สูน,1,2,35,รักชาติ,1
50,เชียงใหม่,7,ฝาง,แม่สูน,1,2,36,ไทยพร้อม,2
50,เชียงใหม่,7,ฝาง,แม่สูน,1,2,37,ภูมิใจไทย,55
50,เชียงใหม่,7,ฝาง,แม่สูน,1,2,38,พลังธรรมใหม่,0
50,เชียงใหม่,7,ฝาง,แม่สูน,1,2,39,กรีน,0
50,เชียงใหม่,7,ฝาง,แม่สูน,1,2,40,ไทยธรรม,0
50,เชียงใหม่,7,ฝาง,แม่สูน,1,2,41,แผ่นดินธรรม,0
50,เชียงใหม่,7,ฝาง,แม่สูน,1,2,42,กล้าธรรม,9
50,เชียงใหม่,7,ฝาง,แม่สูน,1,2,43,พลังประชารัฐ,1
50,เชียงใหม่,7,ฝาง,แม่สูน,1,2,44,โอกาสใหม่,0
50,เชียงใหม่,7,ฝาง,แม่สูน,1,2,45,เป็นธรรม,1
50,เชียงใหม่,7,ฝาง,แม่สูน,1,2,46,ประชาชน,113
50,เชียงใหม่,7,ฝาง,แม่สูน,1,2,47,ประชาไทย,1
50,เชียงใหม่,7,ฝาง,แม่สูน,1,2,48,ไทยสร้างไทย,0
50,เชียงใหม่,7,ฝาง,แม่สูน,1,2,49,ไทยก้าวใหม่,0
50,เชียงใหม่,7,ฝาง,แม่สูน,1,2,50,ประชาอาสาชาติ,0
50,เชียงใหม่,7,ฝาง,แม่สูน,1,2,51,พร้อม,0
50,เชียงใหม่,7,ฝาง,แม่สูน,1,2,52,เครือข่ายชาวนาแห่งประเทศไทย,1
50,เชียงใหม่,7,ฝาง,แม่สูน,1,2,53,ไทยพิทักษ์ธรรม,0
50,เชียงใหม่,7,ฝาง,แม่สูน,1,2,54,ความหวังใหม่,0
50,เชียงใหม่,7,ฝาง,แม่สูน,1,2,55,ไทยรวมไทย,0
50,เชียงใหม่,7,ฝาง,แม่สูน,1,2,56,เพื่อบ้านเมือง,0
50,เชียงใหม่,7,ฝาง,แม่สูน,1,2,57,พลังไทยรักชาติ,0
50,เชียงใหม่,7,ฝาง,แม่สูน,2,3,1,ไทยทรัพย์ทวี,2
50,เชียงใหม่,7,ฝาง,แม่สูน,2,3,2,เพื่อชาติไทย,11
50,เชียงใหม่,7,ฝาง,แม่สูน,2,3,3,ใหม่,0
50,เชียงใหม่,7,ฝาง,แม่สูน,2,3,4,มิติใหม่,1
50,เชียงใหม่,7,ฝาง,แม่สูน,2,3,5,รวมใจไทย,15
50,เชียงใหม่,7,ฝาง,แม่สูน,2,3,6,รวมไทยสร้างชาติ,5
50,เชียงใหม่,7,ฝาง,แม่สูน,2,3,7,พลวัต,7
50,เชียงใหม่,7,ฝาง,แม่สูน,2,3,8,ประชาธิปไตยใหม่,4
50,เชียงใหม่,7,ฝาง,แม่สูน,2,3,9,เพื่อไทย,117
50,เชียงใหม่,7,ฝาง,แม่สูน,2,3,10,ทางเลือกใหม่,1
50,เชียงใหม่,7,ฝาง,แม่สูน,2,3,11,เศรษฐกิจ,3
50,เชียงใหม่,7,ฝาง,แม่สูน,2,3,12,เสรีรวมไทย,3
50,เชียงใหม่,7,ฝาง,แม่สูน,2,3,13,รวมพลังประชาชน,5
50,เชียงใหม่,7,ฝาง,แม่สูน,2,3,14,ท้องที่ไทย,0
50,เชียงใหม่,7,ฝาง,แม่สูน,2,3,15,อนาคตไทย,1
50,เชียงใหม่,7,ฝาง,แม่สูน,2,3,16,พลังเพื่อไทย,1
50,เชียงใหม่,7,ฝาง,แม่สูน,2,3,17,ไทยชนะ,1
50,เชียงใหม่,7,ฝาง,แม่สูน,2,3,18,พลังสังคมใหม่,0
50,เชียงใหม่,7,ฝาง,แม่สูน,2,3,19,สังคมประชาธิปไตย,0
50,เชียงใหม่,7,ฝาง,แม่สูน,2,3,20,ฟิวชัน,0
50,เชียงใหม่,7,ฝาง,แม่สูน,2,3,21,ไทยรวมพลัง,0
50,เชียงใหม่,7,ฝาง,แม่สูน,2,3,22,ก้าวอิสระ,0
50,เชียงใหม่,7,ฝาง,แม่สูน,2,3,23,ปวงชนไทย,0
50,เชียงใหม่,7,ฝาง,แม่สูน,2,3,24,วิชชั่นใหม่,2
50,เชียงใหม่,7,ฝาง,แม่สูน,2,3,25,เพื่อชีวิตใหม่,1
50,เชียงใหม่,7,ฝาง,แม่สูน,2,3,26,คลองไทย,1
50,เชียงใหม่,7,ฝาง,แม่สูน,2,3,27,ประชาธิปัตย์,9
50,เชียงใหม่,7,ฝาง,แม่สูน,2,3,28,ไทยก้าวหน้า,1
50,เชียงใหม่,7,ฝาง,แม่สูน,2,3,29,ไทยภักดี,4
50,เชียงใหม่,7,ฝาง,แม่สูน,2,3,30,แรงงานสร้างชาติ,1
50,เชียงใหม่,7,ฝาง,แม่สูน,2,3,31,ประชากรไทย,1
50,เชียงใหม่,7,ฝาง,แม่สูน,2,3,32,ครูไทยเพื่อประชาชน,0
50,เชียงใหม่,7,ฝาง,แม่สูน,2,3,33,ประชาชาติ,0
50,เชียงใหม่,7,ฝาง,แม่สูน,2,3,34,สร้างอนาคตไทย,1
50,เชียงใหม่,7,ฝาง,แม่สูน,2,3,35,รักชาติ,4
50,เชียงใหม่,7,ฝาง,แม่สูน,2,3,36,ไทยพร้อม,2
50,เชียงใหม่,7,ฝาง,แม่สูน,2,3,37,ภูมิใจไทย,29
50,เชียงใหม่,7,ฝาง,แม่สูน,2,3,38,พลังธรรมใหม่,2
50,เชียงใหม่,7,ฝาง,แม่สูน,2,3,39,กรีน,1
50,เชียงใหม่,7,ฝาง,แม่สูน,2,3,40,ไทยธรรม,0
50,เชียงใหม่,7,ฝาง,แม่สูน,2,3,41,แผ่นดินธรรม,0
50,เชียงใหม่,7,ฝาง,แม่สูน,2,3,42,กล้าธรรม,12
50,เชียงใหม่,7,ฝาง,แม่สูน,2,3,43,พลังประชารัฐ,5
50,เชียงใหม่,7,ฝาง,แม่สูน,2,3,44,โอกาสใหม่,0
50,เชียงใหม่,7,ฝาง,แม่สูน,2,3,45,เป็นธรรม,0
50,เชียงใหม่,7,ฝาง,แม่สูน,2,3,46,ประชาชน,132
50,เชียงใหม่,7,ฝาง,แม่สูน,2,3,47,ประชาไทย,1
50,เชียงใหม่,7,ฝาง,แม่สูน,2,3,48,ไทยสร้างไทย,1
50,เชียงใหม่,7,ฝาง,แม่สูน,2,3,49,ไทยก้าวใหม่,2
50,เชียงใหม่,7,ฝาง,แม่สูน,2,3,50,ประชาอาสาชาติ,1
50,เชียงใหม่,7,ฝาง,แม่สูน,2,3,51,พร้อม,0
50,เชียงใหม่,7,ฝาง,แม่สูน,2,3,52,เครือข่ายชาวนาแห่งประเทศไทย,0
50,เชียงใหม่,7,ฝาง,แม่สูน,2,3,53,ไทยพิทักษ์ธรรม,0
50,เชียงใหม่,7,ฝาง,แม่สูน,2,3,54,ความหวังใหม่,0
50,เชียงใหม่,7,ฝาง,แม่สูน,2,3,55,ไทยรวมไทย,0
50,เชียงใหม่,7,ฝาง,แม่สูน,2,3,56,เพื่อบ้านเมือง,0
50,เชียงใหม่,7,ฝาง,แม่สูน,2,3,57,พลังไทยรักชาติ,0
50,เชียงใหม่,7,ฝาง,แม่สูน,3,4,1,ไทยทรัพย์ทวี,0
50,เชียงใหม่,7,ฝาง,แม่สูน,3,4,2,เพื่อชาติไทย,5
50,เชียงใหม่,7,ฝาง,แม่สูน,3,4,3,ใหม่,2
50,เชียงใหม่,7,ฝาง,แม่สูน,3,4,4,มิติใหม่,0
50,เชียงใหม่,7,ฝาง,แม่สูน,3,4,5,รวมใจไทย,1
50,เชียงใหม่,7,ฝาง,แม่สูน,3,4,6,รวมไทยสร้างชาติ,12
50,เชียงใหม่,7,ฝาง,แม่สูน,3,4,7,พลวัต,3
50,เชียงใหม่,7,ฝาง,แม่สูน,3,4,8,ประชาธิปไตยใหม่,2
50,เชียงใหม่,7,ฝาง,แม่สูน,3,4,9,เพื่อไทย,72
50,เชียงใหม่,7,ฝาง,แม่สูน,3,4,10,ทางเลือกใหม่,1
50,เชียงใหม่,7,ฝาง,แม่สูน,3,4,11,เศรษฐกิจ,21
50,เชียงใหม่,7,ฝาง,แม่สูน,3,4,12,เสรีรวมไทย,2
50,เชียงใหม่,7,ฝาง,แม่สูน,3,4,13,รวมพลังประชาชน,2
50,เชียงใหม่,7,ฝาง,แม่สูน,3,4,14,ท้องที่ไทย,0
50,เชียงใหม่,7,ฝาง,แม่สูน,3,4,15,อนาคตไทย,0
50,เชียงใหม่,7,ฝาง,แม่สูน,3,4,16,พลังเพื่อไทย,2
50,เชียงใหม่,7,ฝาง,แม่สูน,3,4,17,ไทยชนะ,0
50,เชียงใหม่,7,ฝาง,แม่สูน,3,4,18,พลังสังคมใหม่,0
50,เชียงใหม่,7,ฝาง,แม่สูน,3,4,19,สังคมประชาธิปไตย,0
50,เชียงใหม่,7,ฝาง,แม่สูน,3,4,20,ฟิวชัน,0
50,เชียงใหม่,7,ฝาง,แม่สูน,3,4,21,ไทยรวมพลัง,1
50,เชียงใหม่,7,ฝาง,แม่สูน,3,4,22,ก้าวอิสระ,0
50,เชียงใหม่,7,ฝาง,แม่สูน,3,4,23,ปวงชนไทย,0
50,เชียงใหม่,7,ฝาง,แม่สูน,3,4,24,วิชชั่นใหม่,0
50,เชียงใหม่,7,ฝาง,แม่สูน,3,4,25,เพื่อชีวิตใหม่,0
50,เชียงใหม่,7,ฝาง,แม่สูน,3,4,26,คลองไทย,0
50,เชียงใหม่,7,ฝาง,แม่สูน,3,4,27,ประชาธิปัตย์,15
50,เชียงใหม่,7,ฝาง,แม่สูน,3,4,28,ไทยก้าวหน้า,0
50,เชียงใหม่,7,ฝาง,แม่สูน,3,4,29,ไทยภักดี,0
50,เชียงใหม่,7,ฝาง,แม่สูน,3,4,30,แรงงานสร้างชาติ,0
50,เชียงใหม่,7,ฝาง,แม่สูน,3,4,31,ประชากรไทย,1
50,เชียงใหม่,7,ฝาง,แม่สูน,3,4,32,ครูไทยเพื่อประชาชน,0
50,เชียงใหม่,7,ฝาง,แม่สูน,3,4,33,ประชาชาติ,0
50,เชียงใหม่,7,ฝาง,แม่สูน,3,4,34,สร้างอนาคตไทย,1
50,เชียงใหม่,7,ฝาง,แม่สูน,3,4,35,รักชาติ,1
50,เชียงใหม่,7,ฝาง,แม่สูน,3,4,36,ไทยพร้อม,0
50,เชียงใหม่,7,ฝาง,แม่สูน,3,4,37,ภูมิใจไทย,29
50,เชียงใหม่,7,ฝาง,แม่สูน,3,4,38,พลังธรรมใหม่,0
50,เชียงใหม่,7,ฝาง,แม่สูน,3,4,39,กรีน,0
50,เชียงใหม่,7,ฝาง,แม่สูน,3,4,40,ไทยธรรม,0
50,เชียงใหม่,7,ฝาง,แม่สูน,3,4,41,แผ่นดินธรรม,0
50,เชียงใหม่,7,ฝาง,แม่สูน,3,4,42,กล้าธรรม,4
50,เชียงใหม่,7,ฝาง,แม่สูน,3,4,43,พลังประชารัฐ,4
50,เชียงใหม่,7,ฝาง,แม่สูน,3,4,44,โอกาสใหม่,0
50,เชียงใหม่,7,ฝาง,แม่สูน,3,4,45,เป็นธรรม,0
50,เชียงใหม่,7,ฝาง,แม่สูน,3,4,46,ประชาชน,107
50,เชียงใหม่,7,ฝาง,แม่สูน,3,4,47,ประชาไทย,0
50,เชียงใหม่,7,ฝาง,แม่สูน,3,4,48,ไทยสร้างไทย,1
50,เชียงใหม่,7,ฝาง,แม่สูน,3,4,49,ไทยก้าวใหม่,0
50,เชียงใหม่,7,ฝาง,แม่สูน,3,4,50,ประชาอาสาชาติ,0
50,เชียงใหม่,7,ฝาง,แม่สูน,3,4,51,พร้อม,0
50,เชียงใหม่,7,ฝาง,แม่สูน,3,4,52,เครือข่ายชาวนาแห่งประเทศไทย,0
50,เชียงใหม่,7,ฝาง,แม่สูน,3,4,53,ไทยพิทักษ์ธรรม,0
50,เชียงใหม่,7,ฝาง,แม่สูน,3,4,54,ความหวังใหม่,2
50,เชียงใหม่,7,ฝาง,แม่สูน,3,4,55,ไทยรวมไทย,0
50,เชียงใหม่,7,ฝาง,แม่สูน,3,4,56,เพื่อบ้านเมือง,0
50,เชียงใหม่,7,ฝาง,แม่สูน,3,4,57,พลังไทยรักชาติ,1
50,เชียงใหม่,7,ฝาง,แม่สูน,3,5,1,ไทยทรัพย์ทวี,1
50,เชียงใหม่,7,ฝาง,แม่สูน,3,5,2,เพื่อชาติไทย,3
50,เชียงใหม่,7,ฝาง,แม่สูน,3,5,3,ใหม่,1
50,เชียงใหม่,7,ฝาง,แม่สูน,3,5,4,มิติใหม่,0
50,เชียงใหม่,7,ฝาง,แม่สูน,3,5,5,รวมใจไทย,2
50,เชียงใหม่,7,ฝาง,แม่สูน,3,5,6,รวมไทยสร้างชาติ,4
50,เชียงใหม่,7,ฝาง,แม่สูน,3,5,7,พลวัต,6
50,เชียงใหม่,7,ฝาง,แม่สูน,3,5,8,ประชาธิปไตยใหม่,2
50,เชียงใหม่,7,ฝาง,แม่สูน,3,5,9,เพื่อไทย,97
50,เชียงใหม่,7,ฝาง,แม่สูน,3,5,10,ทางเลือกใหม่,1
50,เชียงใหม่,7,ฝาง,แม่สูน,3,5,11,เศรษฐกิจ,18
50,เชียงใหม่,7,ฝาง,แม่สูน,3,5,12,เสรีรวมไทย,2
50,เชียงใหม่,7,ฝาง,แม่สูน,3,5,13,รวมพลังประชาชน,3
50,เชียงใหม่,7,ฝาง,แม่สูน,3,5,14,ท้องที่ไทย,0
50,เชียงใหม่,7,ฝาง,แม่สูน,3,5,15,อนาคตไทย,0
50,เชียงใหม่,7,ฝาง,แม่สูน,3,5,16,พลังเพื่อไทย,0
50,เชียงใหม่,7,ฝาง,แม่สูน,3,5,17,ไทยชนะ,1
50,เชียงใหม่,7,ฝาง,แม่สูน,3,5,18,พลังสังคมใหม่,0
50,เชียงใหม่,7,ฝาง,แม่สูน,3,5,19,สังคมประชาธิปไตย,0
50,เชียงใหม่,7,ฝาง,แม่สูน,3,5,20,ฟิวชัน,1
50,เชียงใหม่,7,ฝาง,แม่สูน,3,5,21,ไทยรวมพลัง,0
50,เชียงใหม่,7,ฝาง,แม่สูน,3,5,22,ก้าวอิสระ,0
50,เชียงใหม่,7,ฝาง,แม่สูน,3,5,23,ปวงชนไทย,0
50,เชียงใหม่,7,ฝาง,แม่สูน,3,5,24,วิชชั่นใหม่,0
50,เชียงใหม่,7,ฝาง,แม่สูน,3,5,25,เพื่อชีวิตใหม่,0
50,เชียงใหม่,7,ฝาง,แม่สูน,3,5,26,คลองไทย,0
50,เชียงใหม่,7,ฝาง,แม่สูน,3,5,27,ประชาธิปัตย์,8
50,เชียงใหม่,7,ฝาง,แม่สูน,3,5,28,ไทยก้าวหน้า,1
50,เชียงใหม่,7,ฝาง,แม่สูน,3,5,29,ไทยภักดี,0
50,เชียงใหม่,7,ฝาง,แม่สูน,3,5,30,แรงงานสร้างชาติ,0
50,เชียงใหม่,7,ฝาง,แม่สูน,3,5,31,ประชากรไทย,0
50,เชียงใหม่,7,ฝาง,แม่สูน,3,5,32,ครูไทยเพื่อประชาชน,0
50,เชียงใหม่,7,ฝาง,แม่สูน,3,5,33,ประชาชาติ,0
50,เชียงใหม่,7,ฝาง,แม่สูน,3,5,34,สร้างอนาคตไทย,0
50,เชียงใหม่,7,ฝาง,แม่สูน,3,5,35,รักชาติ,4
50,เชียงใหม่,7,ฝาง,แม่สูน,3,5,36,ไทยพร้อม,0
50,เชียงใหม่,7,ฝาง,แม่สูน,3,5,37,ภูมิใจไทย,23
50,เชียงใหม่,7,ฝาง,แม่สูน,3,5,38,พลังธรรมใหม่,1
50,เชียงใหม่,7,ฝาง,แม่สูน,3,5,39,กรีน,0
50,เชียงใหม่,7,ฝาง,แม่สูน,3,5,40,ไทยธรรม,0
50,เชียงใหม่,7,ฝาง,แม่สูน,3,5,41,แผ่นดินธรรม,0
50,เชียงใหม่,7,ฝาง,แม่สูน,3,5,42,กล้าธรรม,2
50,เชียงใหม่,7,ฝาง,แม่สูน,3,5,43,พลังประชารัฐ,3
50,เชียงใหม่,7,ฝาง,แม่สูน,3,5,44,โอกาสใหม่,1
50,เชียงใหม่,7,ฝาง,แม่สูน,3,5,45,เป็นธรรม,0
50,เชียงใหม่,7,ฝาง,แม่สูน,3,5,46,ประชาชน,108
50,เชียงใหม่,7,ฝาง,แม่สูน,3,5,47,ประชาไทย,1
50,เชียงใหม่,7,ฝาง,แม่สูน,3,5,48,ไทยสร้างไทย,3
50,เชียงใหม่,7,ฝาง,แม่สูน,3,5,49,ไทยก้าวใหม่,0
50,เชียงใหม่,7,ฝาง,แม่สูน,3,5,50,ประชาอาสาชาติ,0
50,เชียงใหม่,7,ฝาง,แม่สูน,3,5,51,พร้อม,0
50,เชียงใหม่,7,ฝาง,แม่สูน,3,5,52,เครือข่ายชาวนาแห่งประเทศไทย,3
50,เชียงใหม่,7,ฝาง,แม่สูน,3,5,53,ไทยพิทักษ์ธรรม,0
50,เชียงใหม่,7,ฝาง,แม่สูน,3,5,54,ความหวังใหม่,0
50,เชียงใหม่,7,ฝาง,แม่สูน,3,5,55,ไทยรวมไทย,0
50,เชียงใหม่,7,ฝาง,แม่สูน,3,5,56,เพื่อบ้านเมือง,0
50,เชียงใหม่,7,ฝาง,แม่สูน,3,5,57,พลังไทยรักชาติ,0
50,เชียงใหม่,7,ฝาง,แม่สูน,4,6,1,ไทยทรัพย์ทวี,4
50,เชียงใหม่,7,ฝาง,แม่สูน,4,6,2,เพื่อชาติไทย,3
50,เชียงใหม่,7,ฝาง,แม่สูน,4,6,3,ใหม่,2
50,เชียงใหม่,7,ฝาง,แม่สูน,4,6,4,มิติใหม่,2
50,เชียงใหม่,7,ฝาง,แม่สูน,4,6,5,รวมใจไทย,3
50,เชียงใหม่,7,ฝาง,แม่สูน,4,6,6,รวมไทยสร้างชาติ,19
50,เชียงใหม่,7,ฝาง,แม่สูน,4,6,7,พลวัต,4
50,เชียงใหม่,7,ฝาง,แม่สูน,4,6,8,ประชาธิปไตยใหม่,2
50,เชียงใหม่,7,ฝาง,แม่สูน,4,6,9,เพื่อไทย,108
50,เชียงใหม่,7,ฝาง,แม่สูน,4,6,10,ทางเลือกใหม่,1
50,เชียงใหม่,7,ฝาง,แม่สูน,4,6,11,เศรษฐกิจ,14
50,เชียงใหม่,7,ฝาง,แม่สูน,4,6,12,เสรีรวมไทย,1
50,เชียงใหม่,7,ฝาง,แม่สูน,4,6,13,รวมพลังประชาชน,3
50,เชียงใหม่,7,ฝาง,แม่สูน,4,6,14,ท้องที่ไทย,0
50,เชียงใหม่,7,ฝาง,แม่สูน,4,6,15,อนาคตไทย,0
50,เชียงใหม่,7,ฝาง,แม่สูน,4,6,16,พลังเพื่อไทย,4
50,เชียงใหม่,7,ฝาง,แม่สูน,4,6,17,ไทยชนะ,1
50,เชียงใหม่,7,ฝาง,แม่สูน,4,6,18,พลังสังคมใหม่,0
50,เชียงใหม่,7,ฝาง,แม่สูน,4,6,19,สังคมประชาธิปไตย,1
50,เชียงใหม่,7,ฝาง,แม่สูน,4,6,20,ฟิวชัน,0
50,เชียงใหม่,7,ฝาง,แม่สูน,4,6,21,ไทยรวมพลัง,0
50,เชียงใหม่,7,ฝาง,แม่สูน,4,6,22,ก้าวอิสระ,1
50,เชียงใหม่,7,ฝาง,แม่สูน,4,6,23,ปวงชนไทย,0
50,เชียงใหม่,7,ฝาง,แม่สูน,4,6,24,วิชชั่นใหม่,0
50,เชียงใหม่,7,ฝาง,แม่สูน,4,6,25,เพื่อชีวิตใหม่,0
50,เชียงใหม่,7,ฝาง,แม่สูน,4,6,26,คลองไทย,0
50,เชียงใหม่,7,ฝาง,แม่สูน,4,6,27,ประชาธิปัตย์,7
50,เชียงใหม่,7,ฝาง,แม่สูน,4,6,28,ไทยก้าวหน้า,0
50,เชียงใหม่,7,ฝาง,แม่สูน,4,6,29,ไทยภักดี,0
50,เชียงใหม่,7,ฝาง,แม่สูน,4,6,30,แรงงานสร้างชาติ,0
50,เชียงใหม่,7,ฝาง,แม่สูน,4,6,31,ประชากรไทย,1
50,เชียงใหม่,7,ฝาง,แม่สูน,4,6,32,ครูไทยเพื่อประชาชน,0
50,เชียงใหม่,7,ฝาง,แม่สูน,4,6,33,ประชาชาติ,0
50,เชียงใหม่,7,ฝาง,แม่สูน,4,6,34,สร้างอนาคตไทย,1
50,เชียงใหม่,7,ฝาง,แม่สูน,4,6,35,รักชาติ,1
50,เชียงใหม่,7,ฝาง,แม่สูน,4,6,36,ไทยพร้อม,2
50,เชียงใหม่,7,ฝาง,แม่สูน,4,6,37,ภูมิใจไทย,48
50,เชียงใหม่,7,ฝาง,แม่สูน,4,6,38,พลังธรรมใหม่,1
50,เชียงใหม่,7,ฝาง,แม่สูน,4,6,39,กรีน,0
50,เชียงใหม่,7,ฝาง,แม่สูน,4,6,40,ไทยธรรม,0
50,เชียงใหม่,7,ฝาง,แม่สูน,4,6,41,แผ่นดินธรรม,0
50,เชียงใหม่,7,ฝาง,แม่สูน,4,6,42,กล้าธรรม,25
50,เชียงใหม่,7,ฝาง,แม่สูน,4,6,43,พลังประชารัฐ,4
50,เชียงใหม่,7,ฝาง,แม่สูน,4,6,44,โอกาสใหม่,0
50,เชียงใหม่,7,ฝาง,แม่สูน,4,6,45,เป็นธรรม,1
50,เชียงใหม่,7,ฝาง,แม่สูน,4,6,46,ประชาชน,135
50,เชียงใหม่,7,ฝาง,แม่สูน,4,6,47,ประชาไทย,1
50,เชียงใหม่,7,ฝาง,แม่สูน,4,6,48,ไทยสร้างไทย,2
50,เชียงใหม่,7,ฝาง,แม่สูน,4,6,49,ไทยก้าวใหม่,0
50,เชียงใหม่,7,ฝาง,แม่สูน,4,6,50,ประชาอาสาชาติ,0
50,เชียงใหม่,7,ฝาง,แม่สูน,4,6,51,พร้อม,0
50,เชียงใหม่,7,ฝาง,แม่สูน,4,6,52,เครือข่ายชาวนาแห่งประเทศไทย,9
50,เชียงใหม่,7,ฝาง,แม่สูน,4,6,53,ไทยพิทักษ์ธรรม,0
50,เชียงใหม่,7,ฝาง,แม่สูน,4,6,54,ความหวังใหม่,0
50,เชียงใหม่,7,ฝาง,แม่สูน,4,6,55,ไทยรวมไทย,0
50,เชียงใหม่,7,ฝาง,แม่สูน,4,6,56,เพื่อบ้านเมือง,0
50,เชียงใหม่,7,ฝาง,แม่สูน,4,6,57,พลังไทยรักชาติ,1
50,เชียงใหม่,7,ฝาง,แม่สูน,5,7,1,ไทยทรัพย์ทวี,2
50,เชียงใหม่,7,ฝาง,แม่สูน,5,7,2,เพื่อชาติไทย,2
50,เชียงใหม่,7,ฝาง,แม่สูน,5,7,3,ใหม่,0
50,เชียงใหม่,7,ฝาง,แม่สูน,5,7,4,มิติใหม่,1
50,เชียงใหม่,7,ฝาง,แม่สูน,5,7,5,รวมใจไทย,1
50,เชียงใหม่,7,ฝาง,แม่สูน,5,7,6,รวมไทยสร้างชาติ,4
50,เชียงใหม่,7,ฝาง,แม่สูน,5,7,7,พลวัต,0
50,เชียงใหม่,7,ฝาง,แม่สูน,5,7,8,ประชาธิปไตยใหม่,1
50,เชียงใหม่,7,ฝาง,แม่สูน,5,7,9,เพื่อไทย,73
50,เชียงใหม่,7,ฝาง,แม่สูน,5,7,10,ทางเลือกใหม่,0
50,เชียงใหม่,7,ฝาง,แม่สูน,5,7,11,เศรษฐกิจ,7
50,เชียงใหม่,7,ฝาง,แม่สูน,5,7,12,เสรีรวมไทย,6
50,เชียงใหม่,7,ฝาง,แม่สูน,5,7,13,รวมพลังประชาชน,1
50,เชียงใหม่,7,ฝาง,แม่สูน,5,7,14,ท้องที่ไทย,0
50,เชียงใหม่,7,ฝาง,แม่สูน,5,7,15,อนาคตไทย,0
50,เชียงใหม่,7,ฝาง,แม่สูน,5,7,16,พลังเพื่อไทย,2
50,เชียงใหม่,7,ฝาง,แม่สูน,5,7,17,ไทยชนะ,0
50,เชียงใหม่,7,ฝาง,แม่สูน,5,7,18,พลังสังคมใหม่,0
50,เชียงใหม่,7,ฝาง,แม่สูน,5,7,19,สังคมประชาธิปไตย,0
50,เชียงใหม่,7,ฝาง,แม่สูน,5,7,20,ฟิวชัน,0
50,เชียงใหม่,7,ฝาง,แม่สูน,5,7,21,ไทยรวมพลัง,0
50,เชียงใหม่,7,ฝาง,แม่สูน,5,7,22,ก้าวอิสระ,0
50,เชียงใหม่,7,ฝาง,แม่สูน,5,7,23,ปวงชนไทย,0
50,เชียงใหม่,7,ฝาง,แม่สูน,5,7,24,วิชชั่นใหม่,0
50,เชียงใหม่,7,ฝาง,แม่สูน,5,7,25,เพื่อชีวิตใหม่,0
50,เชียงใหม่,7,ฝาง,แม่สูน,5,7,26,คลองไทย,0
50,เชียงใหม่,7,ฝาง,แม่สูน,5,7,27,ประชาธิปัตย์,11
50,เชียงใหม่,7,ฝาง,แม่สูน,5,7,28,ไทยก้าวหน้า,0
50,เชียงใหม่,7,ฝาง,แม่สูน,5,7,29,ไทยภักดี,1
50,เชียงใหม่,7,ฝาง,แม่สูน,5,7,30,แรงงานสร้างชาติ,0
50,เชียงใหม่,7,ฝาง,แม่สูน,5,7,31,ประชากรไทย,0
50,เชียงใหม่,7,ฝาง,แม่สูน,5,7,32,ครูไทยเพื่อประชาชน,0
50,เชียงใหม่,7,ฝาง,แม่สูน,5,7,33,ประชาชาติ,0
50,เชียงใหม่,7,ฝาง,แม่สูน,5,7,34,สร้างอนาคตไทย,0
50,เชียงใหม่,7,ฝาง,แม่สูน,5,7,35,รักชาติ,0
50,เชียงใหม่,7,ฝาง,แม่สูน,5,7,36,ไทยพร้อม,0
50,เชียงใหม่,7,ฝาง,แม่สูน,5,7,37,ภูมิใจไทย,20
50,เชียงใหม่,7,ฝาง,แม่สูน,5,7,38,พลังธรรมใหม่,1
50,เชียงใหม่,7,ฝาง,แม่สูน,5,7,39,กรีน,0
50,เชียงใหม่,7,ฝาง,แม่สูน,5,7,40,ไทยธรรม,1
50,เชียงใหม่,7,ฝาง,แม่สูน,5,7,41,แผ่นดินธรรม,0
50,เชียงใหม่,7,ฝาง,แม่สูน,5,7,42,กล้าธรรม,5
50,เชียงใหม่,7,ฝาง,แม่สูน,5,7,43,พลังประชารัฐ,0
50,เชียงใหม่,7,ฝาง,แม่สูน,5,7,44,โอกาสใหม่,1
50,เชียงใหม่,7,ฝาง,แม่สูน,5,7,45,เป็นธรรม,0
50,เชียงใหม่,7,ฝาง,แม่สูน,5,7,46,ประชาชน,118
50,เชียงใหม่,7,ฝาง,แม่สูน,5,7,47,ประชาไทย,0
50,เชียงใหม่,7,ฝาง,แม่สูน,5,7,48,ไทยสร้างไทย,3
50,เชียงใหม่,7,ฝาง,แม่สูน,5,7,49,ไทยก้าวใหม่,0
50,เชียงใหม่,7,ฝาง,แม่สูน,5,7,50,ประชาอาสาชาติ,0
50,เชียงใหม่,7,ฝาง,แม่สูน,5,7,51,พร้อม,0
50,เชียงใหม่,7,ฝาง,แม่สูน,5,7,52,เครือข่ายชาวนาแห่งประเทศไทย,0
50,เชียงใหม่,7,ฝาง,แม่สูน,5,7,53,ไทยพิทักษ์ธรรม,0
50,เชียงใหม่,7,ฝาง,แม่สูน,5,7,54,ความหวังใหม่,0
50,เชียงใหม่,7,ฝาง,แม่สูน,5,7,55,ไทยรวมไทย,0
50,เชียงใหม่,7,ฝาง,แม่สูน,5,7,56,เพื่อบ้านเมือง,0
50,เชียงใหม่,7,ฝาง,แม่สูน,5,7,57,พลังไทยรักชาติ,0
50,เชียงใหม่,7,ฝาง,แม่สูน,6,8,1,ไทยทรัพย์ทวี,3
50,เชียงใหม่,7,ฝาง,แม่สูน,6,8,2,เพื่อชาติไทย,1
50,เชียงใหม่,7,ฝาง,แม่สูน,6,8,3,ใหม่,2
50,เชียงใหม่,7,ฝาง,แม่สูน,6,8,4,มิติใหม่,4
50,เชียงใหม่,7,ฝาง,แม่สูน,6,8,5,รวมใจไทย,3
50,เชียงใหม่,7,ฝาง,แม่สูน,6,8,6,รวมไทยสร้างชาติ,11
50,เชียงใหม่,7,ฝาง,แม่สูน,6,8,7,พลวัต,5
50,เชียงใหม่,7,ฝาง,แม่สูน,6,8,8,ประชาธิปไตยใหม่,0
50,เชียงใหม่,7,ฝาง,แม่สูน,6,8,9,เพื่อไทย,80
50,เชียงใหม่,7,ฝาง,แม่สูน,6,8,10,ทางเลือกใหม่,1
50,เชียงใหม่,7,ฝาง,แม่สูน,6,8,11,เศรษฐกิจ,26
50,เชียงใหม่,7,ฝาง,แม่สูน,6,8,12,เสรีรวมไทย,0
50,เชียงใหม่,7,ฝาง,แม่สูน,6,8,13,รวมพลังประชาชน,2
50,เชียงใหม่,7,ฝาง,แม่สูน,6,8,14,ท้องที่ไทย,0
50,เชียงใหม่,7,ฝาง,แม่สูน,6,8,15,อนาคตไทย,0
50,เชียงใหม่,7,ฝาง,แม่สูน,6,8,16,พลังเพื่อไทย,3
50,เชียงใหม่,7,ฝาง,แม่สูน,6,8,17,ไทยชนะ,1
50,เชียงใหม่,7,ฝาง,แม่สูน,6,8,18,พลังสังคมใหม่,1
50,เชียงใหม่,7,ฝาง,แม่สูน,6,8,19,สังคมประชาธิปไตย,0
50,เชียงใหม่,7,ฝาง,แม่สูน,6,8,20,ฟิวชัน,0
50,เชียงใหม่,7,ฝาง,แม่สูน,6,8,21,ไทยรวมพลัง,1
50,เชียงใหม่,7,ฝาง,แม่สูน,6,8,22,ก้าวอิสระ,1
50,เชียงใหม่,7,ฝาง,แม่สูน,6,8,23,ปวงชนไทย,0
50,เชียงใหม่,7,ฝาง,แม่สูน,6,8,24,วิชชั่นใหม่,1
50,เชียงใหม่,7,ฝาง,แม่สูน,6,8,25,เพื่อชีวิตใหม่,1
50,เชียงใหม่,7,ฝาง,แม่สูน,6,8,26,คลองไทย,0
50,เชียงใหม่,7,ฝาง,แม่สูน,6,8,27,ประชาธิปัตย์,9
50,เชียงใหม่,7,ฝาง,แม่สูน,6,8,28,ไทยก้าวหน้า,0
50,เชียงใหม่,7,ฝาง,แม่สูน,6,8,29,ไทยภักดี,0
50,เชียงใหม่,7,ฝาง,แม่สูน,6,8,30,แรงงานสร้างชาติ,1
50,เชียงใหม่,7,ฝาง,แม่สูน,6,8,31,ประชากรไทย,0
50,เชียงใหม่,7,ฝาง,แม่สูน,6,8,32,ครูไทยเพื่อประชาชน,0
50,เชียงใหม่,7,ฝาง,แม่สูน,6,8,33,ประชาชาติ,1
50,เชียงใหม่,7,ฝาง,แม่สูน,6,8,34,สร้างอนาคตไทย,2
50,เชียงใหม่,7,ฝาง,แม่สูน,6,8,35,รักชาติ,1
50,เชียงใหม่,7,ฝาง,แม่สูน,6,8,36,ไทยพร้อม,1
50,เชียงใหม่,7,ฝาง,แม่สูน,6,8,37,ภูมิใจไทย,33
50,เชียงใหม่,7,ฝาง,แม่สูน,6,8,38,พลังธรรมใหม่,1
50,เชียงใหม่,7,ฝาง,แม่สูน,6,8,39,กรีน,0
50,เชียงใหม่,7,ฝาง,แม่สูน,6,8,40,ไทยธรรม,0
50,เชียงใหม่,7,ฝาง,แม่สูน,6,8,41,แผ่นดินธรรม,1
50,เชียงใหม่,7,ฝาง,แม่สูน,6,8,42,กล้าธรรม,9
50,เชียงใหม่,7,ฝาง,แม่สูน,6,8,43,พลังประชารัฐ,2
50,เชียงใหม่,7,ฝาง,แม่สูน,6,8,44,โอกาสใหม่,0
50,เชียงใหม่,7,ฝาง,แม่สูน,6,8,45,เป็นธรรม,2
50,เชียงใหม่,7,ฝาง,แม่สูน,6,8,46,ประชาชน,78
50,เชียงใหม่,7,ฝาง,แม่สูน,6,8,47,ประชาไทย,0
50,เชียงใหม่,7,ฝาง,แม่สูน,6,8,48,ไทยสร้างไทย,2
50,เชียงใหม่,7,ฝาง,แม่สูน,6,8,49,ไทยก้าวใหม่,0
50,เชียงใหม่,7,ฝาง,แม่สูน,6,8,50,ประชาอาสาชาติ,0
50,เชียงใหม่,7,ฝาง,แม่สูน,6,8,51,พร้อม,0
50,เชียงใหม่,7,ฝาง,แม่สูน,6,8,52,เครือข่ายชาวนาแห่งประเทศไทย,0
50,เชียงใหม่,7,ฝาง,แม่สูน,6,8,53,ไทยพิทักษ์ธรรม,0
50,เชียงใหม่,7,ฝาง,แม่สูน,6,8,54,ความหวังใหม่,0
50,เชียงใหม่,7,ฝาง,แม่สูน,6,8,55,ไทยรวมไทย,0
50,เชียงใหม่,7,ฝาง,แม่สูน,6,8,56,เพื่อบ้านเมือง,1
50,เชียงใหม่,7,ฝาง,แม่สูน,6,8,57,พลังไทยรักชาติ,1
50,เชียงใหม่,7,ฝาง,แม่สูน,7,9,1,ไทยทรัพย์ทวี,0
50,เชียงใหม่,7,ฝาง,แม่สูน,7,9,2,เพื่อชาติไทย,3
50,เชียงใหม่,7,ฝาง,แม่สูน,7,9,3,ใหม่,0
50,เชียงใหม่,7,ฝาง,แม่สูน,7,9,4,มิติใหม่,1
50,เชียงใหม่,7,ฝาง,แม่สูน,7,9,5,รวมใจไทย,3
50,เชียงใหม่,7,ฝาง,แม่สูน,7,9,6,รวมไทยสร้างชาติ,20
50,เชียงใหม่,7,ฝาง,แม่สูน,7,9,7,พลวัต,4
50,เชียงใหม่,7,ฝาง,แม่สูน,7,9,8,ประชาธิปไตยใหม่,1
50,เชียงใหม่,7,ฝาง,แม่สูน,7,9,9,เพื่อไทย,68
50,เชียงใหม่,7,ฝาง,แม่สูน,7,9,10,ทางเลือกใหม่,0
50,เชียงใหม่,7,ฝาง,แม่สูน,7,9,11,เศรษฐกิจ,9
50,เชียงใหม่,7,ฝาง,แม่สูน,7,9,12,เสรีรวมไทย,2
50,เชียงใหม่,7,ฝาง,แม่สูน,7,9,13,รวมพลังประชาชน,2
50,เชียงใหม่,7,ฝาง,แม่สูน,7,9,14,ท้องที่ไทย,0
50,เชียงใหม่,7,ฝาง,แม่สูน,7,9,15,อนาคตไทย,1
50,เชียงใหม่,7,ฝาง,แม่สูน,7,9,16,พลังเพื่อไทย,1
50,เชียงใหม่,7,ฝาง,แม่สูน,7,9,17,ไทยชนะ,0
50,เชียงใหม่,7,ฝาง,แม่สูน,7,9,18,พลังสังคมใหม่,0
50,เชียงใหม่,7,ฝาง,แม่สูน,7,9,19,สังคมประชาธิปไตย,0
50,เชียงใหม่,7,ฝาง,แม่สูน,7,9,20,ฟิวชัน,0
50,เชียงใหม่,7,ฝาง,แม่สูน,7,9,21,ไทยรวมพลัง,1
50,เชียงใหม่,7,ฝาง,แม่สูน,7,9,22,ก้าวอิสระ,0
50,เชียงใหม่,7,ฝาง,แม่สูน,7,9,23,ปวงชนไทย,0
50,เชียงใหม่,7,ฝาง,แม่สูน,7,9,24,วิชชั่นใหม่,1
50,เชียงใหม่,7,ฝาง,แม่สูน,7,9,25,เพื่อชีวิตใหม่,0
50,เชียงใหม่,7,ฝาง,แม่สูน,7,9,26,คลองไทย,0
50,เชียงใหม่,7,ฝาง,แม่สูน,7,9,27,ประชาธิปัตย์,10
50,เชียงใหม่,7,ฝาง,แม่สูน,7,9,28,ไทยก้าวหน้า,0
50,เชียงใหม่,7,ฝาง,แม่สูน,7,9,29,ไทยภักดี,1
50,เชียงใหม่,7,ฝาง,แม่สูน,7,9,30,แรงงานสร้างชาติ,1
50,เชียงใหม่,7,ฝาง,แม่สูน,7,9,31,ประชากรไทย,0
50,เชียงใหม่,7,ฝาง,แม่สูน,7,9,32,ครูไทยเพื่อประชาชน,0
50,เชียงใหม่,7,ฝาง,แม่สูน,7,9,33,ประชาชาติ,1
50,เชียงใหม่,7,ฝาง,แม่สูน,7,9,34,สร้างอนาคตไทย,0
50,เชียงใหม่,7,ฝาง,แม่สูน,7,9,35,รักชาติ,0
50,เชียงใหม่,7,ฝาง,แม่สูน,7,9,36,ไทยพร้อม,0
50,เชียงใหม่,7,ฝาง,แม่สูน,7,9,37,ภูมิใจไทย,24
50,เชียงใหม่,7,ฝาง,แม่สูน,7,9,38,พลังธรรมใหม่,0
50,เชียงใหม่,7,ฝาง,แม่สูน,7,9,39,กรีน,0
50,เชียงใหม่,7,ฝาง,แม่สูน,7,9,40,ไทยธรรม,1
50,เชียงใหม่,7,ฝาง,แม่สูน,7,9,41,แผ่นดินธรรม,0
50,เชียงใหม่,7,ฝาง,แม่สูน,7,9,42,กล้าธรรม,8
50,เชียงใหม่,7,ฝาง,แม่สูน,7,9,43,พลังประชารัฐ,6
50,เชียงใหม่,7,ฝาง,แม่สูน,7,9,44,โอกาสใหม่,0
50,เชียงใหม่,7,ฝาง,แม่สูน,7,9,45,เป็นธรรม,2
50,เชียงใหม่,7,ฝาง,แม่สูน,7,9,46,ประชาชน,101
50,เชียงใหม่,7,ฝาง,แม่สูน,7,9,47,ประชาไทย,1
50,เชียงใหม่,7,ฝาง,แม่สูน,7,9,48,ไทยสร้างไทย,1
50,เชียงใหม่,7,ฝาง,แม่สูน,7,9,49,ไทยก้าวใหม่,0
50,เชียงใหม่,7,ฝาง,แม่สูน,7,9,50,ประชาอาสาชาติ,0
50,เชียงใหม่,7,ฝาง,แม่สูน,7,9,51,พร้อม,0
50,เชียงใหม่,7,ฝาง,แม่สูน,7,9,52,เครือข่ายชาวนาแห่งประเทศไทย,0
50,เชียงใหม่,7,ฝาง,แม่สูน,7,9,53,ไทยพิทักษ์ธรรม,0
50,เชียงใหม่,7,ฝาง,แม่สูน,7,9,54,ความหวังใหม่,0
50,เชียงใหม่,7,ฝาง,แม่สูน,7,9,55,ไทยรวมไทย,1
50,เชียงใหม่,7,ฝาง,แม่สูน,7,9,56,เพื่อบ้านเมือง,0
50,เชียงใหม่,7,ฝาง,แม่สูน,7,9,57,พลังไทยรักชาติ,0
50,เชียงใหม่,7,ฝาง,แม่สูน,7,10,1,ไทยทรัพย์ทวี,2
50,เชียงใหม่,7,ฝาง,แม่สูน,7,10,2,เพื่อชาติไทย,5
50,เชียงใหม่,7,ฝาง,แม่สูน,7,10,3,ใหม่,0
50,เชียงใหม่,7,ฝาง,แม่สูน,7,10,4,มิติใหม่,0
50,เชียงใหม่,7,ฝาง,แม่สูน,7,10,5,รวมใจไทย,5
50,เชียงใหม่,7,ฝาง,แม่สูน,7,10,6,รวมไทยสร้างชาติ,13
50,เชียงใหม่,7,ฝาง,แม่สูน,7,10,7,พลวัต,0
50,เชียงใหม่,7,ฝาง,แม่สูน,7,10,8,ประชาธิปไตยใหม่,0
50,เชียงใหม่,7,ฝาง,แม่สูน,7,10,9,เพื่อไทย,59
50,เชียงใหม่,7,ฝาง,แม่สูน,7,10,10,ทางเลือกใหม่,0
50,เชียงใหม่,7,ฝาง,แม่สูน,7,10,11,เศรษฐกิจ,16
50,เชียงใหม่,7,ฝาง,แม่สูน,7,10,12,เสรีรวมไทย,0
50,เชียงใหม่,7,ฝาง,แม่สูน,7,10,13,รวมพลังประชาชน,1
50,เชียงใหม่,7,ฝาง,แม่สูน,7,10,14,ท้องที่ไทย,0
50,เชียงใหม่,7,ฝาง,แม่สูน,7,10,15,อนาคตไทย,0
50,เชียงใหม่,7,ฝาง,แม่สูน,7,10,16,พลังเพื่อไทย,4
50,เชียงใหม่,7,ฝาง,แม่สูน,7,10,17,ไทยชนะ,0
50,เชียงใหม่,7,ฝาง,แม่สูน,7,10,18,พลังสังคมใหม่,0
50,เชียงใหม่,7,ฝาง,แม่สูน,7,10,19,สังคมประชาธิปไตย,0
50,เชียงใหม่,7,ฝาง,แม่สูน,7,10,20,ฟิวชัน,0
50,เชียงใหม่,7,ฝาง,แม่สูน,7,10,21,ไทยรวมพลัง,0
50,เชียงใหม่,7,ฝาง,แม่สูน,7,10,22,ก้าวอิสระ,1
50,เชียงใหม่,7,ฝาง,แม่สูน,7,10,23,ปวงชนไทย,0
50,เชียงใหม่,7,ฝาง,แม่สูน,7,10,24,วิชชั่นใหม่,1
50,เชียงใหม่,7,ฝาง,แม่สูน,7,10,25,เพื่อชีวิตใหม่,0
50,เชียงใหม่,7,ฝาง,แม่สูน,7,10,26,คลองไทย,0
50,เชียงใหม่,7,ฝาง,แม่สูน,7,10,27,ประชาธิปัตย์,9
50,เชียงใหม่,7,ฝาง,แม่สูน,7,10,28,ไทยก้าวหน้า,0
50,เชียงใหม่,7,ฝาง,แม่สูน,7,10,29,ไทยภักดี,2
50,เชียงใหม่,7,ฝาง,แม่สูน,7,10,30,แรงงานสร้างชาติ,0
50,เชียงใหม่,7,ฝาง,แม่สูน,7,10,31,ประชากรไทย,0
50,เชียงใหม่,7,ฝาง,แม่สูน,7,10,32,ครูไทยเพื่อประชาชน,0
50,เชียงใหม่,7,ฝาง,แม่สูน,7,10,33,ประชาชาติ,0
50,เชียงใหม่,7,ฝาง,แม่สูน,7,10,34,สร้างอนาคตไทย,0
50,เชียงใหม่,7,ฝาง,แม่สูน,7,10,35,รักชาติ,2
50,เชียงใหม่,7,ฝาง,แม่สูน,7,10,36,ไทยพร้อม,0
50,เชียงใหม่,7,ฝาง,แม่สูน,7,10,37,ภูมิใจไทย,33
50,เชียงใหม่,7,ฝาง,แม่สูน,7,10,38,พลังธรรมใหม่,1
50,เชียงใหม่,7,ฝาง,แม่สูน,7,10,39,กรีน,0
50,เชียงใหม่,7,ฝาง,แม่สูน,7,10,40,ไทยธรรม,0
50,เชียงใหม่,7,ฝาง,แม่สูน,7,10,41,แผ่นดินธรรม,0
50,เชียงใหม่,7,ฝาง,แม่สูน,7,10,42,กล้าธรรม,5
50,เชียงใหม่,7,ฝาง,แม่สูน,7,10,43,พลังประชารัฐ,1
50,เชียงใหม่,7,ฝาง,แม่สูน,7,10,44,โอกาสใหม่,0
50,เชียงใหม่,7,ฝาง,แม่สูน,7,10,45,เป็นธรรม,0
50,เชียงใหม่,7,ฝาง,แม่สูน,7,10,46,ประชาชน,96
50,เชียงใหม่,7,ฝาง,แม่สูน,7,10,47,ประชาไทย,3
50,เชียงใหม่,7,ฝาง,แม่สูน,7,10,48,ไทยสร้างไทย,0
50,เชียงใหม่,7,ฝาง,แม่สูน,7,10,49,ไทยก้าวใหม่,0
50,เชียงใหม่,7,ฝาง,แม่สูน,7,10,50,ประชาอาสาชาติ,0
50,เชียงใหม่,7,ฝาง,แม่สูน,7,10,51,พร้อม,0
50,เชียงใหม่,7,ฝาง,แม่สูน,7,10,52,เครือข่ายชาวนาแห่งประเทศไทย,0
50,เชียงใหม่,7,ฝาง,แม่สูน,7,10,53,ไทยพิทักษ์ธรรม,0
50,เชียงใหม่,7,ฝาง,แม่สูน,7,10,54,ความหวังใหม่,0
50,เชียงใหม่,7,ฝาง,แม่สูน,7,10,55,ไทยรวมไทย,0
50,เชียงใหม่,7,ฝาง,แม่สูน,7,10,56,เพื่อบ้านเมือง,0
50,เชียงใหม่,7,ฝาง,แม่สูน,7,10,57,พลังไทยรักชาติ,1
50,เชียงใหม่,7,ฝาง,แม่สูน,8,11,1,ไทยทรัพย์ทวี,1
50,เชียงใหม่,7,ฝาง,แม่สูน,8,11,2,เพื่อชาติไทย,1
50,เชียงใหม่,7,ฝาง,แม่สูน,8,11,3,ใหม่,0
50,เชียงใหม่,7,ฝาง,แม่สูน,8,11,4,มิติใหม่,0
50,เชียงใหม่,7,ฝาง,แม่สูน,8,11,5,รวมใจไทย,2
50,เชียงใหม่,7,ฝาง,แม่สูน,8,11,6,รวมไทยสร้างชาติ,4
50,เชียงใหม่,7,ฝาง,แม่สูน,8,11,7,พลวัต,0
50,เชียงใหม่,7,ฝาง,แม่สูน,8,11,8,ประชาธิปไตยใหม่,0
50,เชียงใหม่,7,ฝาง,แม่สูน,8,11,9,เพื่อไทย,55
50,เชียงใหม่,7,ฝาง,แม่สูน,8,11,10,ทางเลือกใหม่,1
50,เชียงใหม่,7,ฝาง,แม่สูน,8,11,11,เศรษฐกิจ,3
50,เชียงใหม่,7,ฝาง,แม่สูน,8,11,12,เสรีรวมไทย,0
50,เชียงใหม่,7,ฝาง,แม่สูน,8,11,13,รวมพลังประชาชน,0
50,เชียงใหม่,7,ฝาง,แม่สูน,8,11,14,ท้องที่ไทย,1
50,เชียงใหม่,7,ฝาง,แม่สูน,8,11,15,อนาคตไทย,0
50,เชียงใหม่,7,ฝาง,แม่สูน,8,11,16,พลังเพื่อไทย,1
50,เชียงใหม่,7,ฝาง,แม่สูน,8,11,17,ไทยชนะ,0
50,เชียงใหม่,7,ฝาง,แม่สูน,8,11,18,พลังสังคมใหม่,0
50,เชียงใหม่,7,ฝาง,แม่สูน,8,11,19,สังคมประชาธิปไตย,0
50,เชียงใหม่,7,ฝาง,แม่สูน,8,11,20,ฟิวชัน,0
50,เชียงใหม่,7,ฝาง,แม่สูน,8,11,21,ไทยรวมพลัง,0
50,เชียงใหม่,7,ฝาง,แม่สูน,8,11,22,ก้าวอิสระ,0
50,เชียงใหม่,7,ฝาง,แม่สูน,8,11,23,ปวงชนไทย,0
50,เชียงใหม่,7,ฝาง,แม่สูน,8,11,24,วิชชั่นใหม่,0
50,เชียงใหม่,7,ฝาง,แม่สูน,8,11,25,เพื่อชีวิตใหม่,0
50,เชียงใหม่,7,ฝาง,แม่สูน,8,11,26,คลองไทย,0
50,เชียงใหม่,7,ฝาง,แม่สูน,8,11,27,ประชาธิปัตย์,1
50,เชียงใหม่,7,ฝาง,แม่สูน,8,11,28,ไทยก้าวหน้า,0
50,เชียงใหม่,7,ฝาง,แม่สูน,8,11,29,ไทยภักดี,0
50,เชียงใหม่,7,ฝาง,แม่สูน,8,11,30,แรงงานสร้างชาติ,0
50,เชียงใหม่,7,ฝาง,แม่สูน,8,11,31,ประชากรไทย,0
50,เชียงใหม่,7,ฝาง,แม่สูน,8,11,32,ครูไทยเพื่อประชาชน,0
50,เชียงใหม่,7,ฝาง,แม่สูน,8,11,33,ประชาชาติ,1
50,เชียงใหม่,7,ฝาง,แม่สูน,8,11,34,สร้างอนาคตไทย,0
50,เชียงใหม่,7,ฝาง,แม่สูน,8,11,35,รักชาติ,0
50,เชียงใหม่,7,ฝาง,แม่สูน,8,11,36,ไทยพร้อม,0
50,เชียงใหม่,7,ฝาง,แม่สูน,8,11,37,ภูมิใจไทย,1
50,เชียงใหม่,7,ฝาง,แม่สูน,8,11,38,พลังธรรมใหม่,0
50,เชียงใหม่,7,ฝาง,แม่สูน,8,11,39,กรีน,0
50,เชียงใหม่,7,ฝาง,แม่สูน,8,11,40,ไทยธรรม,0
50,เชียงใหม่,7,ฝาง,แม่สูน,8,11,41,แผ่นดินธรรม,0
50,เชียงใหม่,7,ฝาง,แม่สูน,8,11,42,กล้าธรรม,0
50,เชียงใหม่,7,ฝาง,แม่สูน,8,11,43,พลังประชารัฐ,1
50,เชียงใหม่,7,ฝาง,แม่สูน,8,11,44,โอกาสใหม่,0
50,เชียงใหม่,7,ฝาง,แม่สูน,8,11,45,เป็นธรรม,0
50,เชียงใหม่,7,ฝาง,แม่สูน,8,11,46,ประชาชน,19
50,เชียงใหม่,7,ฝาง,แม่สูน,8,11,47,ประชาไทย,0
50,เชียงใหม่,7,ฝาง,แม่สูน,8,11,48,ไทยสร้างไทย,0
50,เชียงใหม่,7,ฝาง,แม่สูน,8,11,49,ไทยก้าวใหม่,0
50,เชียงใหม่,7,ฝาง,แม่สูน,8,11,50,ประชาอาสาชาติ,0
50,เชียงใหม่,7,ฝาง,แม่สูน,8,11,51,พร้อม,0
50,เชียงใหม่,7,ฝาง,แม่สูน,8,11,52,เครือข่ายชาวนาแห่งประเทศไทย,0
50,เชียงใหม่,7,ฝาง,แม่สูน,8,11,53,ไทยพิทักษ์ธรรม,0
50,เชียงใหม่,7,ฝาง,แม่สูน,8,11,54,ความหวังใหม่,0
50,เชียงใหม่,7,ฝาง,แม่สูน,8,11,55,ไทยรวมไทย,0
50,เชียงใหม่,7,ฝาง,แม่สูน,8,11,56,เพื่อบ้านเมือง,0
50,เชียงใหม่,7,ฝาง,แม่สูน,8,11,57,พลังไทยรักชาติ,0
50,เชียงใหม่,7,ฝาง,แม่สูน,9,12,1,ไทยทรัพย์ทวี,0
50,เชียงใหม่,7,ฝาง,แม่สูน,9,12,2,เพื่อชาติไทย,3
50,เชียงใหม่,7,ฝาง,แม่สูน,9,12,3,ใหม่,0
50,เชียงใหม่,7,ฝาง,แม่สูน,9,12,4,มิติใหม่,1
50,เชียงใหม่,7,ฝาง,แม่สูน,9,12,5,รวมใจไทย,2
50,เชียงใหม่,7,ฝาง,แม่สูน,9,12,6,รวมไทยสร้างชาติ,3
50,เชียงใหม่,7,ฝาง,แม่สูน,9,12,7,พลวัต,1
50,เชียงใหม่,7,ฝาง,แม่สูน,9,12,8,ประชาธิปไตยใหม่,1
50,เชียงใหม่,7,ฝาง,แม่สูน,9,12,9,เพื่อไทย,108
50,เชียงใหม่,7,ฝาง,แม่สูน,9,12,10,ทางเลือกใหม่,1
50,เชียงใหม่,7,ฝาง,แม่สูน,9,12,11,เศรษฐกิจ,8
50,เชียงใหม่,7,ฝาง,แม่สูน,9,12,12,เสรีรวมไทย,1
50,เชียงใหม่,7,ฝาง,แม่สูน,9,12,13,รวมพลังประชาชน,0
50,เชียงใหม่,7,ฝาง,แม่สูน,9,12,14,ท้องที่ไทย,0
50,เชียงใหม่,7,ฝาง,แม่สูน,9,12,15,อนาคตไทย,0
50,เชียงใหม่,7,ฝาง,แม่สูน,9,12,16,พลังเพื่อไทย,0
50,เชียงใหม่,7,ฝาง,แม่สูน,9,12,17,ไทยชนะ,0
50,เชียงใหม่,7,ฝาง,แม่สูน,9,12,18,พลังสังคมใหม่,0
50,เชียงใหม่,7,ฝาง,แม่สูน,9,12,19,สังคมประชาธิปไตย,0
50,เชียงใหม่,7,ฝาง,แม่สูน,9,12,20,ฟิวชัน,0
50,เชียงใหม่,7,ฝาง,แม่สูน,9,12,21,ไทยรวมพลัง,0
50,เชียงใหม่,7,ฝาง,แม่สูน,9,12,22,ก้าวอิสระ,2
50,เชียงใหม่,7,ฝาง,แม่สูน,9,12,23,ปวงชนไทย,0
50,เชียงใหม่,7,ฝาง,แม่สูน,9,12,24,วิชชั่นใหม่,2
50,เชียงใหม่,7,ฝาง,แม่สูน,9,12,25,เพื่อชีวิตใหม่,0
50,เชียงใหม่,7,ฝาง,แม่สูน,9,12,26,คลองไทย,0
50,เชียงใหม่,7,ฝาง,แม่สูน,9,12,27,ประชาธิปัตย์,7
50,เชียงใหม่,7,ฝาง,แม่สูน,9,12,28,ไทยก้าวหน้า,1
50,เชียงใหม่,7,ฝาง,แม่สูน,9,12,29,ไทยภักดี,1
50,เชียงใหม่,7,ฝาง,แม่สูน,9,12,30,แรงงานสร้างชาติ,0
50,เชียงใหม่,7,ฝาง,แม่สูน,9,12,31,ประชากรไทย,0
50,เชียงใหม่,7,ฝาง,แม่สูน,9,12,32,ครูไทยเพื่อประชาชน,0
50,เชียงใหม่,7,ฝาง,แม่สูน,9,12,33,ประชาชาติ,0
50,เชียงใหม่,7,ฝาง,แม่สูน,9,12,34,สร้างอนาคตไทย,0
50,เชียงใหม่,7,ฝาง,แม่สูน,9,12,35,รักชาติ,0
50,เชียงใหม่,7,ฝาง,แม่สูน,9,12,36,ไทยพร้อม,0
50,เชียงใหม่,7,ฝาง,แม่สูน,9,12,37,ภูมิใจไทย,11
50,เชียงใหม่,7,ฝาง,แม่สูน,9,12,38,พลังธรรมใหม่,1
50,เชียงใหม่,7,ฝาง,แม่สูน,9,12,39,กรีน,0
50,เชียงใหม่,7,ฝาง,แม่สูน,9,12,40,ไทยธรรม,0
50,เชียงใหม่,7,ฝาง,แม่สูน,9,12,41,แผ่นดินธรรม,0
50,เชียงใหม่,7,ฝาง,แม่สูน,9,12,42,กล้าธรรม,6
50,เชียงใหม่,7,ฝาง,แม่สูน,9,12,43,พลังประชารัฐ,2
50,เชียงใหม่,7,ฝาง,แม่สูน,9,12,44,โอกาสใหม่,0
50,เชียงใหม่,7,ฝาง,แม่สูน,9,12,45,เป็นธรรม,0
50,เชียงใหม่,7,ฝาง,แม่สูน,9,12,46,ประชาชน,86
50,เชียงใหม่,7,ฝาง,แม่สูน,9,12,47,ประชาไทย,0
50,เชียงใหม่,7,ฝาง,แม่สูน,9,12,48,ไทยสร้างไทย,0
50,เชียงใหม่,7,ฝาง,แม่สูน,9,12,49,ไทยก้าวใหม่,1
50,เชียงใหม่,7,ฝาง,แม่สูน,9,12,50,ประชาอาสาชาติ,0
50,เชียงใหม่,7,ฝาง,แม่สูน,9,12,51,พร้อม,0
50,เชียงใหม่,7,ฝาง,แม่สูน,9,12,52,เครือข่ายชาวนาแห่งประเทศไทย,0
50,เชียงใหม่,7,ฝาง,แม่สูน,9,12,53,ไทยพิทักษ์ธรรม,0
50,เชียงใหม่,7,ฝาง,แม่สูน,9,12,54,ความหวังใหม่,1
50,เชียงใหม่,7,ฝาง,แม่สูน,9,12,55,ไทยรวมไทย,0
50,เชียงใหม่,7,ฝาง,แม่สูน,9,12,56,เพื่อบ้านเมือง,0
50,เชียงใหม่,7,ฝาง,แม่สูน,9,12,57,พลังไทยรักชาติ,0
50,เชียงใหม่,7,ฝาง,แม่สูน,9,13,1,ไทยทรัพย์ทวี,2
50,เชียงใหม่,7,ฝาง,แม่สูน,9,13,2,เพื่อชาติไทย,9
50,เชียงใหม่,7,ฝาง,แม่สูน,9,13,3,ใหม่,0
50,เชียงใหม่,7,ฝาง,แม่สูน,9,13,4,มิติใหม่,2
50,เชียงใหม่,7,ฝาง,แม่สูน,9,13,5,รวมใจไทย,4
50,เชียงใหม่,7,ฝาง,แม่สูน,9,13,6,รวมไทยสร้างชาติ,7
50,เชียงใหม่,7,ฝาง,แม่สูน,9,13,7,พลวัต,3
50,เชียงใหม่,7,ฝาง,แม่สูน,9,13,8,ประชาธิปไตยใหม่,2
50,เชียงใหม่,7,ฝาง,แม่สูน,9,13,9,เพื่อไทย,85
50,เชียงใหม่,7,ฝาง,แม่สูน,9,13,10,ทางเลือกใหม่,0
50,เชียงใหม่,7,ฝาง,แม่สูน,9,13,11,เศรษฐกิจ,3
50,เชียงใหม่,7,ฝาง,แม่สูน,9,13,12,เสรีรวมไทย,2
50,เชียงใหม่,7,ฝาง,แม่สูน,9,13,13,รวมพลังประชาชน,1
50,เชียงใหม่,7,ฝาง,แม่สูน,9,13,14,ท้องที่ไทย,0
50,เชียงใหม่,7,ฝาง,แม่สูน,9,13,15,อนาคตไทย,0
50,เชียงใหม่,7,ฝาง,แม่สูน,9,13,16,พลังเพื่อไทย,0
50,เชียงใหม่,7,ฝาง,แม่สูน,9,13,17,ไทยชนะ,0
50,เชียงใหม่,7,ฝาง,แม่สูน,9,13,18,พลังสังคมใหม่,1
50,เชียงใหม่,7,ฝาง,แม่สูน,9,13,19,สังคมประชาธิปไตย,0
50,เชียงใหม่,7,ฝาง,แม่สูน,9,13,20,ฟิวชัน,0
50,เชียงใหม่,7,ฝาง,แม่สูน,9,13,21,ไทยรวมพลัง,0
50,เชียงใหม่,7,ฝาง,แม่สูน,9,13,22,ก้าวอิสระ,0
50,เชียงใหม่,7,ฝาง,แม่สูน,9,13,23,ปวงชนไทย,0
50,เชียงใหม่,7,ฝาง,แม่สูน,9,13,24,วิชชั่นใหม่,0
50,เชียงใหม่,7,ฝาง,แม่สูน,9,13,25,เพื่อชีวิตใหม่,0
50,เชียงใหม่,7,ฝาง,แม่สูน,9,13,26,คลองไทย,0
50,เชียงใหม่,7,ฝาง,แม่สูน,9,13,27,ประชาธิปัตย์,7
50,เชียงใหม่,7,ฝาง,แม่สูน,9,13,28,ไทยก้าวหน้า,0
50,เชียงใหม่,7,ฝาง,แม่สูน,9,13,29,ไทยภักดี,5
50,เชียงใหม่,7,ฝาง,แม่สูน,9,13,30,แรงงานสร้างชาติ,1
50,เชียงใหม่,7,ฝาง,แม่สูน,9,13,31,ประชากรไทย,1
50,เชียงใหม่,7,ฝาง,แม่สูน,9,13,32,ครูไทยเพื่อประชาชน,0
50,เชียงใหม่,7,ฝาง,แม่สูน,9,13,33,ประชาชาติ,0
50,เชียงใหม่,7,ฝาง,แม่สูน,9,13,34,สร้างอนาคตไทย,0
50,เชียงใหม่,7,ฝาง,แม่สูน,9,13,35,รักชาติ,0
50,เชียงใหม่,7,ฝาง,แม่สูน,9,13,36,ไทยพร้อม,2
50,เชียงใหม่,7,ฝาง,แม่สูน,9,13,37,ภูมิใจไทย,35
50,เชียงใหม่,7,ฝาง,แม่สูน,9,13,38,พลังธรรมใหม่,1
50,เชียงใหม่,7,ฝาง,แม่สูน,9,13,39,กรีน,0
50,เชียงใหม่,7,ฝาง,แม่สูน,9,13,40,ไทยธรรม,0
50,เชียงใหม่,7,ฝาง,แม่สูน,9,13,41,แผ่นดินธรรม,1
50,เชียงใหม่,7,ฝาง,แม่สูน,9,13,42,กล้าธรรม,4
50,เชียงใหม่,7,ฝาง,แม่สูน,9,13,43,พลังประชารัฐ,0
50,เชียงใหม่,7,ฝาง,แม่สูน,9,13,44,โอกาสใหม่,0
50,เชียงใหม่,7,ฝาง,แม่สูน,9,13,45,เป็นธรรม,0
50,เชียงใหม่,7,ฝาง,แม่สูน,9,13,46,ประชาชน,83
50,เชียงใหม่,7,ฝาง,แม่สูน,9,13,47,ประชาไทย,0
50,เชียงใหม่,7,ฝาง,แม่สูน,9,13,48,ไทยสร้างไทย,2
50,เชียงใหม่,7,ฝาง,แม่สูน,9,13,49,ไทยก้าวใหม่,0
50,เชียงใหม่,7,ฝาง,แม่สูน,9,13,50,ประชาอาสาชาติ,0
50,เชียงใหม่,7,ฝาง,แม่สูน,9,13,51,พร้อม,0
50,เชียงใหม่,7,ฝาง,แม่สูน,9,13,52,เครือข่ายชาวนาแห่งประเทศไทย,0
50,เชียงใหม่,7,ฝาง,แม่สูน,9,13,53,ไทยพิทักษ์ธรรม,0
50,เชียงใหม่,7,ฝาง,แม่สูน,9,13,54,ความหวังใหม่,0
50,เชียงใหม่,7,ฝาง,แม่สูน,9,13,55,ไทยรวมไทย,0
50,เชียงใหม่,7,ฝาง,แม่สูน,9,13,56,เพื่อบ้านเมือง,0
50,เชียงใหม่,7,ฝาง,แม่สูน,9,13,57,พลังไทยรักชาติ,0
50,เชียงใหม่,7,ฝาง,แม่สูน,10,14,1,ไทยทรัพย์ทวี,1
50,เชียงใหม่,7,ฝาง,แม่สูน,10,14,2,เพื่อชาติไทย,4
50,เชียงใหม่,7,ฝาง,แม่สูน,10,14,3,ใหม่,0
50,เชียงใหม่,7,ฝาง,แม่สูน,10,14,4,มิติใหม่,1
50,เชียงใหม่,7,ฝาง,แม่สูน,10,14,5,รวมใจไทย,3
50,เชียงใหม่,7,ฝาง,แม่สูน,10,14,6,รวมไทยสร้างชาติ,13
50,เชียงใหม่,7,ฝาง,แม่สูน,10,14,7,พลวัต,10
50,เชียงใหม่,7,ฝาง,แม่สูน,10,14,8,ประชาธิปไตยใหม่,1
50,เชียงใหม่,7,ฝาง,แม่สูน,10,14,9,เพื่อไทย,186
50,เชียงใหม่,7,ฝาง,แม่สูน,10,14,10,ทางเลือกใหม่,1
50,เชียงใหม่,7,ฝาง,แม่สูน,10,14,11,เศรษฐกิจ,5
50,เชียงใหม่,7,ฝาง,แม่สูน,10,14,12,เสรีรวมไทย,2
50,เชียงใหม่,7,ฝาง,แม่สูน,10,14,13,รวมพลังประชาชน,2
50,เชียงใหม่,7,ฝาง,แม่สูน,10,14,14,ท้องที่ไทย,0
50,เชียงใหม่,7,ฝาง,แม่สูน,10,14,15,อนาคตไทย,0
50,เชียงใหม่,7,ฝาง,แม่สูน,10,14,16,พลังเพื่อไทย,1
50,เชียงใหม่,7,ฝาง,แม่สูน,10,14,17,ไทยชนะ,0
50,เชียงใหม่,7,ฝาง,แม่สูน,10,14,18,พลังสังคมใหม่,0
50,เชียงใหม่,7,ฝาง,แม่สูน,10,14,19,สังคมประชาธิปไตย,0
50,เชียงใหม่,7,ฝาง,แม่สูน,10,14,20,ฟิวชัน,1
50,เชียงใหม่,7,ฝาง,แม่สูน,10,14,21,ไทยรวมพลัง,0
50,เชียงใหม่,7,ฝาง,แม่สูน,10,14,22,ก้าวอิสระ,3
50,เชียงใหม่,7,ฝาง,แม่สูน,10,14,23,ปวงชนไทย,0
50,เชียงใหม่,7,ฝาง,แม่สูน,10,14,24,วิชชั่นใหม่,0
50,เชียงใหม่,7,ฝาง,แม่สูน,10,14,25,เพื่อชีวิตใหม่,0
50,เชียงใหม่,7,ฝาง,แม่สูน,10,14,26,คลองไทย,1
50,เชียงใหม่,7,ฝาง,แม่สูน,10,14,27,ประชาธิปัตย์,27
50,เชียงใหม่,7,ฝาง,แม่สูน,10,14,28,ไทยก้าวหน้า,0
50,เชียงใหม่,7,ฝาง,แม่สูน,10,14,29,ไทยภักดี,2
50,เชียงใหม่,7,ฝาง,แม่สูน,10,14,30,แรงงานสร้างชาติ,0
50,เชียงใหม่,7,ฝาง,แม่สูน,10,14,31,ประชากรไทย,0
50,เชียงใหม่,7,ฝาง,แม่สูน,10,14,32,ครูไทยเพื่อประชาชน,0
50,เชียงใหม่,7,ฝาง,แม่สูน,10,14,33,ประชาชาติ,0
50,เชียงใหม่,7,ฝาง,แม่สูน,10,14,34,สร้างอนาคตไทย,0
50,เชียงใหม่,7,ฝาง,แม่สูน,10,14,35,รักชาติ,0
50,เชียงใหม่,7,ฝาง,แม่สูน,10,14,36,ไทยพร้อม,1
50,เชียงใหม่,7,ฝาง,แม่สูน,10,14,37,ภูมิใจไทย,58
50,เชียงใหม่,7,ฝาง,แม่สูน,10,14,38,พลังธรรมใหม่,3
50,เชียงใหม่,7,ฝาง,แม่สูน,10,14,39,กรีน,0
50,เชียงใหม่,7,ฝาง,แม่สูน,10,14,40,ไทยธรรม,0
50,เชียงใหม่,7,ฝาง,แม่สูน,10,14,41,แผ่นดินธรรม,1
50,เชียงใหม่,7,ฝาง,แม่สูน,10,14,42,กล้าธรรม,6
50,เชียงใหม่,7,ฝาง,แม่สูน,10,14,43,พลังประชารัฐ,13
50,เชียงใหม่,7,ฝาง,แม่สูน,10,14,44,โอกาสใหม่,0
50,เชียงใหม่,7,ฝาง,แม่สูน,10,14,45,เป็นธรรม,0
50,เชียงใหม่,7,ฝาง,แม่สูน,10,14,46,ประชาชน,146
50,เชียงใหม่,7,ฝาง,แม่สูน,10,14,47,ประชาไทย,0
50,เชียงใหม่,7,ฝาง,แม่สูน,10,14,48,ไทยสร้างไทย,5
50,เชียงใหม่,7,ฝาง,แม่สูน,10,14,49,ไทยก้าวใหม่,0
50,เชียงใหม่,7,ฝาง,แม่สูน,10,14,50,ประชาอาสาชาติ,0
50,เชียงใหม่,7,ฝาง,แม่สูน,10,14,51,พร้อม,0
50,เชียงใหม่,7,ฝาง,แม่สูน,10,14,52,เครือข่ายชาวนาแห่งประเทศไทย,0
50,เชียงใหม่,7,ฝาง,แม่สูน,10,14,53,ไทยพิทักษ์ธรรม,0
50,เชียงใหม่,7,ฝาง,แม่สูน,10,14,54,ความหวังใหม่,0
50,เชียงใหม่,7,ฝาง,แม่สูน,10,14,55,ไทยรวมไทย,0
50,เชียงใหม่,7,ฝาง,แม่สูน,10,14,56,เพื่อบ้านเมือง,0
50,เชียงใหม่,7,ฝาง,แม่สูน,10,14,57,พลังไทยรักชาติ,0
50,เชียงใหม่,7,ฝาง,แม่สูน,11,15,1,ไทยทรัพย์ทวี,2
50,เชียงใหม่,7,ฝาง,แม่สูน,11,15,2,เพื่อชาติไทย,3
50,เชียงใหม่,7,ฝาง,แม่สูน,11,15,3,ใหม่,1
50,เชียงใหม่,7,ฝาง,แม่สูน,11,15,4,มิติใหม่,0
50,เชียงใหม่,7,ฝาง,แม่สูน,11,15,5,รวมใจไทย,4
50,เชียงใหม่,7,ฝาง,แม่สูน,11,15,6,รวมไทยสร้างชาติ,19
50,เชียงใหม่,7,ฝาง,แม่สูน,11,15,7,พลวัต,3
50,เชียงใหม่,7,ฝาง,แม่สูน,11,15,8,ประชาธิปไตยใหม่,2
50,เชียงใหม่,7,ฝาง,แม่สูน,11,15,9,เพื่อไทย,104
50,เชียงใหม่,7,ฝาง,แม่สูน,11,15,10,ทางเลือกใหม่,0
50,เชียงใหม่,7,ฝาง,แม่สูน,11,15,11,เศรษฐกิจ,3
50,เชียงใหม่,7,ฝาง,แม่สูน,11,15,12,เสรีรวมไทย,2
50,เชียงใหม่,7,ฝาง,แม่สูน,11,15,13,รวมพลังประชาชน,3
50,เชียงใหม่,7,ฝาง,แม่สูน,11,15,14,ท้องที่ไทย,0
50,เชียงใหม่,7,ฝาง,แม่สูน,11,15,15,อนาคตไทย,0
50,เชียงใหม่,7,ฝาง,แม่สูน,11,15,16,พลังเพื่อไทย,0
50,เชียงใหม่,7,ฝาง,แม่สูน,11,15,17,ไทยชนะ,1
50,เชียงใหม่,7,ฝาง,แม่สูน,11,15,18,พลังสังคมใหม่,0
50,เชียงใหม่,7,ฝาง,แม่สูน,11,15,19,สังคมประชาธิปไตย,0
50,เชียงใหม่,7,ฝาง,แม่สูน,11,15,20,ฟิวชัน,1
50,เชียงใหม่,7,ฝาง,แม่สูน,11,15,21,ไทยรวมพลัง,0
50,เชียงใหม่,7,ฝาง,แม่สูน,11,15,22,ก้าวอิสระ,1
50,เชียงใหม่,7,ฝาง,แม่สูน,11,15,23,ปวงชนไทย,0
50,เชียงใหม่,7,ฝาง,แม่สูน,11,15,24,วิชชั่นใหม่,0
50,เชียงใหม่,7,ฝาง,แม่สูน,11,15,25,เพื่อชีวิตใหม่,0
50,เชียงใหม่,7,ฝาง,แม่สูน,11,15,26,คลองไทย,0
50,เชียงใหม่,7,ฝาง,แม่สูน,11,15,27,ประชาธิปัตย์,10
50,เชียงใหม่,7,ฝาง,แม่สูน,11,15,28,ไทยก้าวหน้า,1
50,เชียงใหม่,7,ฝาง,แม่สูน,11,15,29,ไทยภักดี,0
50,เชียงใหม่,7,ฝาง,แม่สูน,11,15,30,แรงงานสร้างชาติ,0
50,เชียงใหม่,7,ฝาง,แม่สูน,11,15,31,ประชากรไทย,1
50,เชียงใหม่,7,ฝาง,แม่สูน,11,15,32,ครูไทยเพื่อประชาชน,0
50,เชียงใหม่,7,ฝาง,แม่สูน,11,15,33,ประชาชาติ,1
50,เชียงใหม่,7,ฝาง,แม่สูน,11,15,34,สร้างอนาคตไทย,0
50,เชียงใหม่,7,ฝาง,แม่สูน,11,15,35,รักชาติ,0
50,เชียงใหม่,7,ฝาง,แม่สูน,11,15,36,ไทยพร้อม,2
50,เชียงใหม่,7,ฝาง,แม่สูน,11,15,37,ภูมิใจไทย,29
50,เชียงใหม่,7,ฝาง,แม่สูน,11,15,38,พลังธรรมใหม่,1
50,เชียงใหม่,7,ฝาง,แม่สูน,11,15,39,กรีน,0
50,เชียงใหม่,7,ฝาง,แม่สูน,11,15,40,ไทยธรรม,0
50,เชียงใหม่,7,ฝาง,แม่สูน,11,15,41,แผ่นดินธรรม,2
50,เชียงใหม่,7,ฝาง,แม่สูน,11,15,42,กล้าธรรม,8
50,เชียงใหม่,7,ฝาง,แม่สูน,11,15,43,พลังประชารัฐ,1
50,เชียงใหม่,7,ฝาง,แม่สูน,11,15,44,โอกาสใหม่,0
50,เชียงใหม่,7,ฝาง,แม่สูน,11,15,45,เป็นธรรม,1
50,เชียงใหม่,7,ฝาง,แม่สูน,11,15,46,ประชาชน,122
50,เชียงใหม่,7,ฝาง,แม่สูน,11,15,47,ประชาไทย,0
50,เชียงใหม่,7,ฝาง,แม่สูน,11,15,48,ไทยสร้างไทย,3
50,เชียงใหม่,7,ฝาง,แม่สูน,11,15,49,ไทยก้าวใหม่,0
50,เชียงใหม่,7,ฝาง,แม่สูน,11,15,50,ประชาอาสาชาติ,0
50,เชียงใหม่,7,ฝาง,แม่สูน,11,15,51,พร้อม,3
50,เชียงใหม่,7,ฝาง,แม่สูน,11,15,52,เครือข่ายชาวนาแห่งประเทศไทย,0
50,เชียงใหม่,7,ฝาง,แม่สูน,11,15,53,ไทยพิทักษ์ธรรม,0
50,เชียงใหม่,7,ฝาง,แม่สูน,11,15,54,ความหวังใหม่,0
50,เชียงใหม่,7,ฝาง,แม่สูน,11,15,55,ไทยรวมไทย,0
50,เชียงใหม่,7,ฝาง,แม่สูน,11,15,56,เพื่อบ้านเมือง,1
50,เชียงใหม่,7,ฝาง,แม่สูน,11,15,57,พลังไทยรักชาติ,0
50,เชียงใหม่,7,ฝาง,แม่สูน,12,16,1,ไทยทรัพย์ทวี,1
50,เชียงใหม่,7,ฝาง,แม่สูน,12,16,2,เพื่อชาติไทย,6
50,เชียงใหม่,7,ฝาง,แม่สูน,12,16,3,ใหม่,0
50,เชียงใหม่,7,ฝาง,แม่สูน,12,16,4,มิติใหม่,1
50,เชียงใหม่,7,ฝาง,แม่สูน,12,16,5,รวมใจไทย,1
50,เชียงใหม่,7,ฝาง,แม่สูน,12,16,6,รวมไทยสร้างชาติ,9
50,เชียงใหม่,7,ฝาง,แม่สูน,12,16,7,พลวัต,0
50,เชียงใหม่,7,ฝาง,แม่สูน,12,16,8,ประชาธิปไตยใหม่,1
50,เชียงใหม่,7,ฝาง,แม่สูน,12,16,9,เพื่อไทย,101
50,เชียงใหม่,7,ฝาง,แม่สูน,12,16,10,ทางเลือกใหม่,1
50,เชียงใหม่,7,ฝาง,แม่สูน,12,16,11,เศรษฐกิจ,7
50,เชียงใหม่,7,ฝาง,แม่สูน,12,16,12,เสรีรวมไทย,1
50,เชียงใหม่,7,ฝาง,แม่สูน,12,16,13,รวมพลังประชาชน,3
50,เชียงใหม่,7,ฝาง,แม่สูน,12,16,14,ท้องที่ไทย,0
50,เชียงใหม่,7,ฝาง,แม่สูน,12,16,15,อนาคตไทย,0
50,เชียงใหม่,7,ฝาง,แม่สูน,12,16,16,พลังเพื่อไทย,1
50,เชียงใหม่,7,ฝาง,แม่สูน,12,16,17,ไทยชนะ,1
50,เชียงใหม่,7,ฝาง,แม่สูน,12,16,18,พลังสังคมใหม่,0
50,เชียงใหม่,7,ฝาง,แม่สูน,12,16,19,สังคมประชาธิปไตย,0
50,เชียงใหม่,7,ฝาง,แม่สูน,12,16,20,ฟิวชัน,0
50,เชียงใหม่,7,ฝาง,แม่สูน,12,16,21,ไทยรวมพลัง,0
50,เชียงใหม่,7,ฝาง,แม่สูน,12,16,22,ก้าวอิสระ,0
50,เชียงใหม่,7,ฝาง,แม่สูน,12,16,23,ปวงชนไทย,0
50,เชียงใหม่,7,ฝาง,แม่สูน,12,16,24,วิชชั่นใหม่,0
50,เชียงใหม่,7,ฝาง,แม่สูน,12,16,25,เพื่อชีวิตใหม่,1
50,เชียงใหม่,7,ฝาง,แม่สูน,12,16,26,คลองไทย,0
50,เชียงใหม่,7,ฝาง,แม่สูน,12,16,27,ประชาธิปัตย์,4
50,เชียงใหม่,7,ฝาง,แม่สูน,12,16,28,ไทยก้าวหน้า,0
50,เชียงใหม่,7,ฝาง,แม่สูน,12,16,29,ไทยภักดี,0
50,เชียงใหม่,7,ฝาง,แม่สูน,12,16,30,แรงงานสร้างชาติ,0
50,เชียงใหม่,7,ฝาง,แม่สูน,12,16,31,ประชากรไทย,0
50,เชียงใหม่,7,ฝาง,แม่สูน,12,16,32,ครูไทยเพื่อประชาชน,0
50,เชียงใหม่,7,ฝาง,แม่สูน,12,16,33,ประชาชาติ,0
50,เชียงใหม่,7,ฝาง,แม่สูน,12,16,34,สร้างอนาคตไทย,0
50,เชียงใหม่,7,ฝาง,แม่สูน,12,16,35,รักชาติ,1
50,เชียงใหม่,7,ฝาง,แม่สูน,12,16,36,ไทยพร้อม,1
50,เชียงใหม่,7,ฝาง,แม่สูน,12,16,37,ภูมิใจไทย,23
50,เชียงใหม่,7,ฝาง,แม่สูน,12,16,38,พลังธรรมใหม่,2
50,เชียงใหม่,7,ฝาง,แม่สูน,12,16,39,กรีน,1
50,เชียงใหม่,7,ฝาง,แม่สูน,12,16,40,ไทยธรรม,0
50,เชียงใหม่,7,ฝาง,แม่สูน,12,16,41,แผ่นดินธรรม,0
50,เชียงใหม่,7,ฝาง,แม่สูน,12,16,42,กล้าธรรม,7
50,เชียงใหม่,7,ฝาง,แม่สูน,12,16,43,พลังประชารัฐ,0
50,เชียงใหม่,7,ฝาง,แม่สูน,12,16,44,โอกาสใหม่,0
50,เชียงใหม่,7,ฝาง,แม่สูน,12,16,45,เป็นธรรม,0
50,เชียงใหม่,7,ฝาง,แม่สูน,12,16,46,ประชาชน,90
50,เชียงใหม่,7,ฝาง,แม่สูน,12,16,47,ประชาไทย,0
50,เชียงใหม่,7,ฝาง,แม่สูน,12,16,48,ไทยสร้างไทย,0
50,เชียงใหม่,7,ฝาง,แม่สูน,12,16,49,ไทยก้าวใหม่,1
50,เชียงใหม่,7,ฝาง,แม่สูน,12,16,50,ประชาอาสาชาติ,0
50,เชียงใหม่,7,ฝาง,แม่สูน,12,16,51,พร้อม,0
50,เชียงใหม่,7,ฝาง,แม่สูน,12,16,52,เครือข่ายชาวนาแห่งประเทศไทย,1
50,เชียงใหม่,7,ฝาง,แม่สูน,12,16,53,ไทยพิทักษ์ธรรม,0
50,เชียงใหม่,7,ฝาง,แม่สูน,12,16,54,ความหวังใหม่,0
50,เชียงใหม่,7,ฝาง,แม่สูน,12,16,55,ไทยรวมไทย,0
50,เชียงใหม่,7,ฝาง,แม่สูน,12,16,56,เพื่อบ้านเมือง,0
50,เชียงใหม่,7,ฝาง,แม่สูน,12,16,57,พลังไทยรักชาติ,0
50,เชียงใหม่,7,ฝาง,แม่สูน,13,17,1,ไทยทรัพย์ทวี,1
50,เชียงใหม่,7,ฝาง,แม่สูน,13,17,2,เพื่อชาติไทย,5
50,เชียงใหม่,7,ฝาง,แม่สูน,13,17,3,ใหม่,1
50,เชียงใหม่,7,ฝาง,แม่สูน,13,17,4,มิติใหม่,2
50,เชียงใหม่,7,ฝาง,แม่สูน,13,17,5,รวมใจไทย,3
50,เชียงใหม่,7,ฝาง,แม่สูน,13,17,6,รวมไทยสร้างชาติ,4
50,เชียงใหม่,7,ฝาง,แม่สูน,13,17,7,พลวัต,3
50,เชียงใหม่,7,ฝาง,แม่สูน,13,17,8,ประชาธิปไตยใหม่,2
50,เชียงใหม่,7,ฝาง,แม่สูน,13,17,9,เพื่อไทย,71
50,เชียงใหม่,7,ฝาง,แม่สูน,13,17,10,ทางเลือกใหม่,0
50,เชียงใหม่,7,ฝาง,แม่สูน,13,17,11,เศรษฐกิจ,4
50,เชียงใหม่,7,ฝาง,แม่สูน,13,17,12,เสรีรวมไทย,0
50,เชียงใหม่,7,ฝาง,แม่สูน,13,17,13,รวมพลังประชาชน,5
50,เชียงใหม่,7,ฝาง,แม่สูน,13,17,14,ท้องที่ไทย,0
50,เชียงใหม่,7,ฝาง,แม่สูน,13,17,15,อนาคตไทย,0
50,เชียงใหม่,7,ฝาง,แม่สูน,13,17,16,พลังเพื่อไทย,0
50,เชียงใหม่,7,ฝาง,แม่สูน,13,17,17,ไทยชนะ,0
50,เชียงใหม่,7,ฝาง,แม่สูน,13,17,18,พลังสังคมใหม่,0
50,เชียงใหม่,7,ฝาง,แม่สูน,13,17,19,สังคมประชาธิปไตย,0
50,เชียงใหม่,7,ฝาง,แม่สูน,13,17,20,ฟิวชัน,0
50,เชียงใหม่,7,ฝาง,แม่สูน,13,17,21,ไทยรวมพลัง,0
50,เชียงใหม่,7,ฝาง,แม่สูน,13,17,22,ก้าวอิสระ,0
50,เชียงใหม่,7,ฝาง,แม่สูน,13,17,23,ปวงชนไทย,1
50,เชียงใหม่,7,ฝาง,แม่สูน,13,17,24,วิชชั่นใหม่,0
50,เชียงใหม่,7,ฝาง,แม่สูน,13,17,25,เพื่อชีวิตใหม่,0
50,เชียงใหม่,7,ฝาง,แม่สูน,13,17,26,คลองไทย,0
50,เชียงใหม่,7,ฝาง,แม่สูน,13,17,27,ประชาธิปัตย์,2
50,เชียงใหม่,7,ฝาง,แม่สูน,13,17,28,ไทยก้าวหน้า,0
50,เชียงใหม่,7,ฝาง,แม่สูน,13,17,29,ไทยภักดี,1
50,เชียงใหม่,7,ฝาง,แม่สูน,13,17,30,แรงงานสร้างชาติ,1
50,เชียงใหม่,7,ฝาง,แม่สูน,13,17,31,ประชากรไทย,1
50,เชียงใหม่,7,ฝาง,แม่สูน,13,17,32,ครูไทยเพื่อประชาชน,0
50,เชียงใหม่,7,ฝาง,แม่สูน,13,17,33,ประชาชาติ,0
50,เชียงใหม่,7,ฝาง,แม่สูน,13,17,34,สร้างอนาคตไทย,0
50,เชียงใหม่,7,ฝาง,แม่สูน,13,17,35,รักชาติ,0
50,เชียงใหม่,7,ฝาง,แม่สูน,13,17,36,ไทยพร้อม,1
50,เชียงใหม่,7,ฝาง,แม่สูน,13,17,37,ภูมิใจไทย,28
50,เชียงใหม่,7,ฝาง,แม่สูน,13,17,38,พลังธรรมใหม่,0
50,เชียงใหม่,7,ฝาง,แม่สูน,13,17,39,กรีน,0
50,เชียงใหม่,7,ฝาง,แม่สูน,13,17,40,ไทยธรรม,0
50,เชียงใหม่,7,ฝาง,แม่สูน,13,17,41,แผ่นดินธรรม,0
50,เชียงใหม่,7,ฝาง,แม่สูน,13,17,42,กล้าธรรม,14
50,เชียงใหม่,7,ฝาง,แม่สูน,13,17,43,พลังประชารัฐ,2
50,เชียงใหม่,7,ฝาง,แม่สูน,13,17,44,โอกาสใหม่,0
50,เชียงใหม่,7,ฝาง,แม่สูน,13,17,45,เป็นธรรม,0
50,เชียงใหม่,7,ฝาง,แม่สูน,13,17,46,ประชาชน,57
50,เชียงใหม่,7,ฝาง,แม่สูน,13,17,47,ประชาไทย,1
50,เชียงใหม่,7,ฝาง,แม่สูน,13,17,48,ไทยสร้างไทย,1
50,เชียงใหม่,7,ฝาง,แม่สูน,13,17,49,ไทยก้าวใหม่,0
50,เชียงใหม่,7,ฝาง,แม่สูน,13,17,50,ประชาอาสาชาติ,0
50,เชียงใหม่,7,ฝาง,แม่สูน,13,17,51,พร้อม,0
50,เชียงใหม่,7,ฝาง,แม่สูน,13,17,52,เครือข่ายชาวนาแห่งประเทศไทย,1
50,เชียงใหม่,7,ฝาง,แม่สูน,13,17,53,ไทยพิทักษ์ธรรม,0
50,เชียงใหม่,7,ฝาง,แม่สูน,13,17,54,ความหวังใหม่,0
50,เชียงใหม่,7,ฝาง,แม่สูน,13,17,55,ไทยรวมไทย,1
50,เชียงใหม่,7,ฝาง,แม่สูน,13,17,56,เพื่อบ้านเมือง,0
50,เชียงใหม่,7,ฝาง,แม่สูน,13,17,57,พลังไทยรักชาติ,0
50,เชียงใหม่,7,ฝาง,แม่สูน,14,18,1,ไทยทรัพย์ทวี,1
50,เชียงใหม่,7,ฝาง,แม่สูน,14,18,2,เพื่อชาติไทย,3
50,เชียงใหม่,7,ฝาง,แม่สูน,14,18,3,ใหม่,0
50,เชียงใหม่,7,ฝาง,แม่สูน,14,18,4,มิติใหม่,0
50,เชียงใหม่,7,ฝาง,แม่สูน,14,18,5,รวมใจไทย,5
50,เชียงใหม่,7,ฝาง,แม่สูน,14,18,6,รวมไทยสร้างชาติ,4
50,เชียงใหม่,7,ฝาง,แม่สูน,14,18,7,พลวัต,2
50,เชียงใหม่,7,ฝาง,แม่สูน,14,18,8,ประชาธิปไตยใหม่,0
50,เชียงใหม่,7,ฝาง,แม่สูน,14,18,9,เพื่อไทย,101
50,เชียงใหม่,7,ฝาง,แม่สูน,14,18,10,ทางเลือกใหม่,0
50,เชียงใหม่,7,ฝาง,แม่สูน,14,18,11,เศรษฐกิจ,12
50,เชียงใหม่,7,ฝาง,แม่สูน,14,18,12,เสรีรวมไทย,0
50,เชียงใหม่,7,ฝาง,แม่สูน,14,18,13,รวมพลังประชาชน,3
50,เชียงใหม่,7,ฝาง,แม่สูน,14,18,14,ท้องที่ไทย,1
50,เชียงใหม่,7,ฝาง,แม่สูน,14,18,15,อนาคตไทย,0
50,เชียงใหม่,7,ฝาง,แม่สูน,14,18,16,พลังเพื่อไทย,1
50,เชียงใหม่,7,ฝาง,แม่สูน,14,18,17,ไทยชนะ,1
50,เชียงใหม่,7,ฝาง,แม่สูน,14,18,18,พลังสังคมใหม่,0
50,เชียงใหม่,7,ฝาง,แม่สูน,14,18,19,สังคมประชาธิปไตย,0
50,เชียงใหม่,7,ฝาง,แม่สูน,14,18,20,ฟิวชัน,0
50,เชียงใหม่,7,ฝาง,แม่สูน,14,18,21,ไทยรวมพลัง,0
50,เชียงใหม่,7,ฝาง,แม่สูน,14,18,22,ก้าวอิสระ,2
50,เชียงใหม่,7,ฝาง,แม่สูน,14,18,23,ปวงชนไทย,1
50,เชียงใหม่,7,ฝาง,แม่สูน,14,18,24,วิชชั่นใหม่,0
50,เชียงใหม่,7,ฝาง,แม่สูน,14,18,25,เพื่อชีวิตใหม่,0
50,เชียงใหม่,7,ฝาง,แม่สูน,14,18,26,คลองไทย,1
50,เชียงใหม่,7,ฝาง,แม่สูน,14,18,27,ประชาธิปัตย์,6
50,เชียงใหม่,7,ฝาง,แม่สูน,14,18,28,ไทยก้าวหน้า,0
50,เชียงใหม่,7,ฝาง,แม่สูน,14,18,29,ไทยภักดี,0
50,เชียงใหม่,7,ฝาง,แม่สูน,14,18,30,แรงงานสร้างชาติ,0
50,เชียงใหม่,7,ฝาง,แม่สูน,14,18,31,ประชากรไทย,0
50,เชียงใหม่,7,ฝาง,แม่สูน,14,18,32,ครูไทยเพื่อประชาชน,0
50,เชียงใหม่,7,ฝาง,แม่สูน,14,18,33,ประชาชาติ,0
50,เชียงใหม่,7,ฝาง,แม่สูน,14,18,34,สร้างอนาคตไทย,1
50,เชียงใหม่,7,ฝาง,แม่สูน,14,18,35,รักชาติ,0
50,เชียงใหม่,7,ฝาง,แม่สูน,14,18,36,ไทยพร้อม,0
50,เชียงใหม่,7,ฝาง,แม่สูน,14,18,37,ภูมิใจไทย,22
50,เชียงใหม่,7,ฝาง,แม่สูน,14,18,38,พลังธรรมใหม่,2
50,เชียงใหม่,7,ฝาง,แม่สูน,14,18,39,กรีน,0
50,เชียงใหม่,7,ฝาง,แม่สูน,14,18,40,ไทยธรรม,0
50,เชียงใหม่,7,ฝาง,แม่สูน,14,18,41,แผ่นดินธรรม,1
50,เชียงใหม่,7,ฝาง,แม่สูน,14,18,42,กล้าธรรม,8
50,เชียงใหม่,7,ฝาง,แม่สูน,14,18,43,พลังประชารัฐ,6
50,เชียงใหม่,7,ฝาง,แม่สูน,14,18,44,โอกาสใหม่,1
50,เชียงใหม่,7,ฝาง,แม่สูน,14,18,45,เป็นธรรม,2
50,เชียงใหม่,7,ฝาง,แม่สูน,14,18,46,ประชาชน,131
50,เชียงใหม่,7,ฝาง,แม่สูน,14,18,47,ประชาไทย,1
50,เชียงใหม่,7,ฝาง,แม่สูน,14,18,48,ไทยสร้างไทย,3
50,เชียงใหม่,7,ฝาง,แม่สูน,14,18,49,ไทยก้าวใหม่,0
50,เชียงใหม่,7,ฝาง,แม่สูน,14,18,50,ประชาอาสาชาติ,0
50,เชียงใหม่,7,ฝาง,แม่สูน,14,18,51,พร้อม,0
50,เชียงใหม่,7,ฝาง,แม่สูน,14,18,52,เครือข่ายชาวนาแห่งประเทศไทย,0
50,เชียงใหม่,7,ฝาง,แม่สูน,14,18,53,ไทยพิทักษ์ธรรม,0
50,เชียงใหม่,7,ฝาง,แม่สูน,14,18,54,ความหวังใหม่,0
50,เชียงใหม่,7,ฝาง,แม่สูน,14,18,55,ไทยรวมไทย,0
50,เชียงใหม่,7,ฝาง,แม่สูน,14,18,56,เพื่อบ้านเมือง,0
50,เชียงใหม่,7,ฝาง,แม่สูน,14,18,57,พลังไทยรักชาติ,0
50,เชียงใหม่,7,ฝาง,แม่สูน,15,19,1,ไทยทรัพย์ทวี,3
50,เชียงใหม่,7,ฝาง,แม่สูน,15,19,2,เพื่อชาติไทย,2
50,เชียงใหม่,7,ฝาง,แม่สูน,15,19,3,ใหม่,1
50,เชียงใหม่,7,ฝาง,แม่สูน,15,19,4,มิติใหม่,1
50,เชียงใหม่,7,ฝาง,แม่สูน,15,19,5,รวมใจไทย,4
50,เชียงใหม่,7,ฝาง,แม่สูน,15,19,6,รวมไทยสร้างชาติ,8
50,เชียงใหม่,7,ฝาง,แม่สูน,15,19,7,พลวัต,3
50,เชียงใหม่,7,ฝาง,แม่สูน,15,19,8,ประชาธิปไตยใหม่,2
50,เชียงใหม่,7,ฝาง,แม่สูน,15,19,9,เพื่อไทย,54
50,เชียงใหม่,7,ฝาง,แม่สูน,15,19,10,ทางเลือกใหม่,4
50,เชียงใหม่,7,ฝาง,แม่สูน,15,19,11,เศรษฐกิจ,18
50,เชียงใหม่,7,ฝาง,แม่สูน,15,19,12,เสรีรวมไทย,0
50,เชียงใหม่,7,ฝาง,แม่สูน,15,19,13,รวมพลังประชาชน,3
50,เชียงใหม่,7,ฝาง,แม่สูน,15,19,14,ท้องที่ไทย,0
50,เชียงใหม่,7,ฝาง,แม่สูน,15,19,15,อนาคตไทย,0
50,เชียงใหม่,7,ฝาง,แม่สูน,15,19,16,พลังเพื่อไทย,3
50,เชียงใหม่,7,ฝาง,แม่สูน,15,19,17,ไทยชนะ,1
50,เชียงใหม่,7,ฝาง,แม่สูน,15,19,18,พลังสังคมใหม่,0
50,เชียงใหม่,7,ฝาง,แม่สูน,15,19,19,สังคมประชาธิปไตย,0
50,เชียงใหม่,7,ฝาง,แม่สูน,15,19,20,ฟิวชัน,0
50,เชียงใหม่,7,ฝาง,แม่สูน,15,19,21,ไทยรวมพลัง,0
50,เชียงใหม่,7,ฝาง,แม่สูน,15,19,22,ก้าวอิสระ,0
50,เชียงใหม่,7,ฝาง,แม่สูน,15,19,23,ปวงชนไทย,0
50,เชียงใหม่,7,ฝาง,แม่สูน,15,19,24,วิชชั่นใหม่,0
50,เชียงใหม่,7,ฝาง,แม่สูน,15,19,25,เพื่อชีวิตใหม่,1
50,เชียงใหม่,7,ฝาง,แม่สูน,15,19,26,คลองไทย,0
50,เชียงใหม่,7,ฝาง,แม่สูน,15,19,27,ประชาธิปัตย์,14
50,เชียงใหม่,7,ฝาง,แม่สูน,15,19,28,ไทยก้าวหน้า,0
50,เชียงใหม่,7,ฝาง,แม่สูน,15,19,29,ไทยภักดี,1
50,เชียงใหม่,7,ฝาง,แม่สูน,15,19,30,แรงงานสร้างชาติ,0
50,เชียงใหม่,7,ฝาง,แม่สูน,15,19,31,ประชากรไทย,0
50,เชียงใหม่,7,ฝาง,แม่สูน,15,19,32,ครูไทยเพื่อประชาชน,0
50,เชียงใหม่,7,ฝาง,แม่สูน,15,19,33,ประชาชาติ,2
50,เชียงใหม่,7,ฝาง,แม่สูน,15,19,34,สร้างอนาคตไทย,0
50,เชียงใหม่,7,ฝาง,แม่สูน,15,19,35,รักชาติ,0
50,เชียงใหม่,7,ฝาง,แม่สูน,15,19,36,ไทยพร้อม,1
50,เชียงใหม่,7,ฝาง,แม่สูน,15,19,37,ภูมิใจไทย,35
50,เชียงใหม่,7,ฝาง,แม่สูน,15,19,38,พลังธรรมใหม่,0
50,เชียงใหม่,7,ฝาง,แม่สูน,15,19,39,กรีน,0
50,เชียงใหม่,7,ฝาง,แม่สูน,15,19,40,ไทยธรรม,0
50,เชียงใหม่,7,ฝาง,แม่สูน,15,19,41,แผ่นดินธรรม,0
50,เชียงใหม่,7,ฝาง,แม่สูน,15,19,42,กล้าธรรม,16
50,เชียงใหม่,7,ฝาง,แม่สูน,15,19,43,พลังประชารัฐ,3
50,เชียงใหม่,7,ฝาง,แม่สูน,15,19,44,โอกาสใหม่,1
50,เชียงใหม่,7,ฝาง,แม่สูน,15,19,45,เป็นธรรม,0
50,เชียงใหม่,7,ฝาง,แม่สูน,15,19,46,ประชาชน,75
50,เชียงใหม่,7,ฝาง,แม่สูน,15,19,47,ประชาไทย,1
50,เชียงใหม่,7,ฝาง,แม่สูน,15,19,48,ไทยสร้างไทย,1
50,เชียงใหม่,7,ฝาง,แม่สูน,15,19,49,ไทยก้าวใหม่,1
50,เชียงใหม่,7,ฝาง,แม่สูน,15,19,50,ประชาอาสาชาติ,0
50,เชียงใหม่,7,ฝาง,แม่สูน,15,19,51,พร้อม,2
50,เชียงใหม่,7,ฝาง,แม่สูน,15,19,52,เครือข่ายชาวนาแห่งประเทศไทย,0
50,เชียงใหม่,7,ฝาง,แม่สูน,15,19,53,ไทยพิทักษ์ธรรม,0
50,เชียงใหม่,7,ฝาง,แม่สูน,15,19,54,ความหวังใหม่,0
50,เชียงใหม่,7,ฝาง,แม่สูน,15,19,55,ไทยรวมไทย,0
50,เชียงใหม่,7,ฝาง,แม่สูน,15,19,56,เพื่อบ้านเมือง,0
50,เชียงใหม่,7,ฝาง,แม่สูน,15,19,57,พลังไทยรักชาติ,0
50,เชียงใหม่,7,ฝาง,แม่สูน,16,20,1,ไทยทรัพย์ทวี,4
50,เชียงใหม่,7,ฝาง,แม่สูน,16,20,2,เพื่อชาติไทย,5
50,เชียงใหม่,7,ฝาง,แม่สูน,16,20,3,ใหม่,1
50,เชียงใหม่,7,ฝาง,แม่สูน,16,20,4,มิติใหม่,3
50,เชียงใหม่,7,ฝาง,แม่สูน,16,20,5,รวมใจไทย,2
50,เชียงใหม่,7,ฝาง,แม่สูน,16,20,6,รวมไทยสร้างชาติ,2
50,เชียงใหม่,7,ฝาง,แม่สูน,16,20,7,พลวัต,4
50,เชียงใหม่,7,ฝาง,แม่สูน,16,20,8,ประชาธิปไตยใหม่,2
50,เชียงใหม่,7,ฝาง,แม่สูน,16,20,9,เพื่อไทย,48
50,เชียงใหม่,7,ฝาง,แม่สูน,16,20,10,ทางเลือกใหม่,1
50,เชียงใหม่,7,ฝาง,แม่สูน,16,20,11,เศรษฐกิจ,7
50,เชียงใหม่,7,ฝาง,แม่สูน,16,20,12,เสรีรวมไทย,5
50,เชียงใหม่,7,ฝาง,แม่สูน,16,20,13,รวมพลังประชาชน,4
50,เชียงใหม่,7,ฝาง,แม่สูน,16,20,14,ท้องที่ไทย,1
50,เชียงใหม่,7,ฝาง,แม่สูน,16,20,15,อนาคตไทย,0
50,เชียงใหม่,7,ฝาง,แม่สูน,16,20,16,พลังเพื่อไทย,0
50,เชียงใหม่,7,ฝาง,แม่สูน,16,20,17,ไทยชนะ,0
50,เชียงใหม่,7,ฝาง,แม่สูน,16,20,18,พลังสังคมใหม่,0
50,เชียงใหม่,7,ฝาง,แม่สูน,16,20,19,สังคมประชาธิปไตย,0
50,เชียงใหม่,7,ฝาง,แม่สูน,16,20,20,ฟิวชัน,0
50,เชียงใหม่,7,ฝาง,แม่สูน,16,20,21,ไทยรวมพลัง,0
50,เชียงใหม่,7,ฝาง,แม่สูน,16,20,22,ก้าวอิสระ,1
50,เชียงใหม่,7,ฝาง,แม่สูน,16,20,23,ปวงชนไทย,0
50,เชียงใหม่,7,ฝาง,แม่สูน,16,20,24,วิชชั่นใหม่,1
50,เชียงใหม่,7,ฝาง,แม่สูน,16,20,25,เพื่อชีวิตใหม่,0
50,เชียงใหม่,7,ฝาง,แม่สูน,16,20,26,คลองไทย,0
50,เชียงใหม่,7,ฝาง,แม่สูน,16,20,27,ประชาธิปัตย์,9
50,เชียงใหม่,7,ฝาง,แม่สูน,16,20,28,ไทยก้าวหน้า,0
50,เชียงใหม่,7,ฝาง,แม่สูน,16,20,29,ไทยภักดี,1
50,เชียงใหม่,7,ฝาง,แม่สูน,16,20,30,แรงงานสร้างชาติ,0
50,เชียงใหม่,7,ฝาง,แม่สูน,16,20,31,ประชากรไทย,0
50,เชียงใหม่,7,ฝาง,แม่สูน,16,20,32,ครูไทยเพื่อประชาชน,0
50,เชียงใหม่,7,ฝาง,แม่สูน,16,20,33,ประชาชาติ,0
50,เชียงใหม่,7,ฝาง,แม่สูน,16,20,34,สร้างอนาคตไทย,0
50,เชียงใหม่,7,ฝาง,แม่สูน,16,20,35,รักชาติ,1
50,เชียงใหม่,7,ฝาง,แม่สูน,16,20,36,ไทยพร้อม,0
50,เชียงใหม่,7,ฝาง,แม่สูน,16,20,37,ภูมิใจไทย,20
50,เชียงใหม่,7,ฝาง,แม่สูน,16,20,38,พลังธรรมใหม่,0
50,เชียงใหม่,7,ฝาง,แม่สูน,16,20,39,กรีน,0
50,เชียงใหม่,7,ฝาง,แม่สูน,16,20,40,ไทยธรรม,0
50,เชียงใหม่,7,ฝาง,แม่สูน,16,20,41,แผ่นดินธรรม,0
50,เชียงใหม่,7,ฝาง,แม่สูน,16,20,42,กล้าธรรม,24
50,เชียงใหม่,7,ฝาง,แม่สูน,16,20,43,พลังประชารัฐ,0
50,เชียงใหม่,7,ฝาง,แม่สูน,16,20,44,โอกาสใหม่,0
50,เชียงใหม่,7,ฝาง,แม่สูน,16,20,45,เป็นธรรม,0
50,เชียงใหม่,7,ฝาง,แม่สูน,16,20,46,ประชาชน,95
50,เชียงใหม่,7,ฝาง,แม่สูน,16,20,47,ประชาไทย,0
50,เชียงใหม่,7,ฝาง,แม่สูน,16,20,48,ไทยสร้างไทย,0
50,เชียงใหม่,7,ฝาง,แม่สูน,16,20,49,ไทยก้าวใหม่,1
50,เชียงใหม่,7,ฝาง,แม่สูน,16,20,50,ประชาอาสาชาติ,0
50,เชียงใหม่,7,ฝาง,แม่สูน,16,20,51,พร้อม,0
50,เชียงใหม่,7,ฝาง,แม่สูน,16,20,52,เครือข่ายชาวนาแห่งประเทศไทย,0
50,เชียงใหม่,7,ฝาง,แม่สูน,16,20,53,ไทยพิทักษ์ธรรม,0
50,เชียงใหม่,7,ฝาง,แม่สูน,16,20,54,ความหวังใหม่,0
50,เชียงใหม่,7,ฝาง,แม่สูน,16,20,55,ไทยรวมไทย,0
50,เชียงใหม่,7,ฝาง,แม่สูน,16,20,56,เพื่อบ้านเมือง,0
50,เชียงใหม่,7,ฝาง,แม่สูน,16,20,57,พลังไทยรักชาติ,0
50,เชียงใหม่,7,ฝาง,แม่สูน,17,21,1,ไทยทรัพย์ทวี,2
50,เชียงใหม่,7,ฝาง,แม่สูน,17,21,2,เพื่อชาติไทย,2
50,เชียงใหม่,7,ฝาง,แม่สูน,17,21,3,ใหม่,2
50,เชียงใหม่,7,ฝาง,แม่สูน,17,21,4,มิติใหม่,0
50,เชียงใหม่,7,ฝาง,แม่สูน,17,21,5,รวมใจไทย,3
50,เชียงใหม่,7,ฝาง,แม่สูน,17,21,6,รวมไทยสร้างชาติ,5
50,เชียงใหม่,7,ฝาง,แม่สูน,17,21,7,พลวัต,1
50,เชียงใหม่,7,ฝาง,แม่สูน,17,21,8,ประชาธิปไตยใหม่,0
50,เชียงใหม่,7,ฝาง,แม่สูน,17,21,9,เพื่อไทย,85
50,เชียงใหม่,7,ฝาง,แม่สูน,17,21,10,ทางเลือกใหม่,2
50,เชียงใหม่,7,ฝาง,แม่สูน,17,21,11,เศรษฐกิจ,6
50,เชียงใหม่,7,ฝาง,แม่สูน,17,21,12,เสรีรวมไทย,0
50,เชียงใหม่,7,ฝาง,แม่สูน,17,21,13,รวมพลังประชาชน,1
50,เชียงใหม่,7,ฝาง,แม่สูน,17,21,14,ท้องที่ไทย,0
50,เชียงใหม่,7,ฝาง,แม่สูน,17,21,15,อนาคตไทย,0
50,เชียงใหม่,7,ฝาง,แม่สูน,17,21,16,พลังเพื่อไทย,1
50,เชียงใหม่,7,ฝาง,แม่สูน,17,21,17,ไทยชนะ,0
50,เชียงใหม่,7,ฝาง,แม่สูน,17,21,18,พลังสังคมใหม่,0
50,เชียงใหม่,7,ฝาง,แม่สูน,17,21,19,สังคมประชาธิปไตย,0
50,เชียงใหม่,7,ฝาง,แม่สูน,17,21,20,ฟิวชัน,0
50,เชียงใหม่,7,ฝาง,แม่สูน,17,21,21,ไทยรวมพลัง,0
50,เชียงใหม่,7,ฝาง,แม่สูน,17,21,22,ก้าวอิสระ,0
50,เชียงใหม่,7,ฝาง,แม่สูน,17,21,23,ปวงชนไทย,0
50,เชียงใหม่,7,ฝาง,แม่สูน,17,21,24,วิชชั่นใหม่,0
50,เชียงใหม่,7,ฝาง,แม่สูน,17,21,25,เพื่อชีวิตใหม่,0
50,เชียงใหม่,7,ฝาง,แม่สูน,17,21,26,คลองไทย,0
50,เชียงใหม่,7,ฝาง,แม่สูน,17,21,27,ประชาธิปัตย์,8
50,เชียงใหม่,7,ฝาง,แม่สูน,17,21,28,ไทยก้าวหน้า,1
50,เชียงใหม่,7,ฝาง,แม่สูน,17,21,29,ไทยภักดี,3
50,เชียงใหม่,7,ฝาง,แม่สูน,17,21,30,แรงงานสร้างชาติ,0
50,เชียงใหม่,7,ฝาง,แม่สูน,17,21,31,ประชากรไทย,0
50,เชียงใหม่,7,ฝาง,แม่สูน,17,21,32,ครูไทยเพื่อประชาชน,0
50,เชียงใหม่,7,ฝาง,แม่สูน,17,21,33,ประชาชาติ,1
50,เชียงใหม่,7,ฝาง,แม่สูน,17,21,34,สร้างอนาคตไทย,1
50,เชียงใหม่,7,ฝาง,แม่สูน,17,21,35,รักชาติ,1
50,เชียงใหม่,7,ฝาง,แม่สูน,17,21,36,ไทยพร้อม,0
50,เชียงใหม่,7,ฝาง,แม่สูน,17,21,37,ภูมิใจไทย,13
50,เชียงใหม่,7,ฝาง,แม่สูน,17,21,38,พลังธรรมใหม่,0
50,เชียงใหม่,7,ฝาง,แม่สูน,17,21,39,กรีน,0
50,เชียงใหม่,7,ฝาง,แม่สูน,17,21,40,ไทยธรรม,0
50,เชียงใหม่,7,ฝาง,แม่สูน,17,21,41,แผ่นดินธรรม,0
50,เชียงใหม่,7,ฝาง,แม่สูน,17,21,42,กล้าธรรม,15
50,เชียงใหม่,7,ฝาง,แม่สูน,17,21,43,พลังประชารัฐ,1
50,เชียงใหม่,7,ฝาง,แม่สูน,17,21,44,โอกาสใหม่,0
50,เชียงใหม่,7,ฝาง,แม่สูน,17,21,45,เป็นธรรม,0
50,เชียงใหม่,7,ฝาง,แม่สูน,17,21,46,ประชาชน,111
50,เชียงใหม่,7,ฝาง,แม่สูน,17,21,47,ประชาไทย,0
50,เชียงใหม่,7,ฝาง,แม่สูน,17,21,48,ไทยสร้างไทย,1
50,เชียงใหม่,7,ฝาง,แม่สูน,17,21,49,ไทยก้าวใหม่,0
50,เชียงใหม่,7,ฝาง,แม่สูน,17,21,50,ประชาอาสาชาติ,0
50,เชียงใหม่,7,ฝาง,แม่สูน,17,21,51,พร้อม,0
50,เชียงใหม่,7,ฝาง,แม่สูน,17,21,52,เครือข่ายชาวนาแห่งประเทศไทย,0
50,เชียงใหม่,7,ฝาง,แม่สูน,17,21,53,ไทยพิทักษ์ธรรม,0
50,เชียงใหม่,7,ฝาง,แม่สูน,17,21,54,ความหวังใหม่,1
50,เชียงใหม่,7,ฝาง,แม่สูน,17,21,55,ไทยรวมไทย,0
50,เชียงใหม่,7,ฝาง,แม่สูน,17,21,56,เพื่อบ้านเมือง,0
50,เชียงใหม่,7,ฝาง,แม่สูน,17,21,57,พลังไทยรักชาติ,1
50,เชียงใหม่,7,ฝาง,เวียง,1,1,1,ไทยทรัพย์ทวี,0
50,เชียงใหม่,7,ฝาง,เวียง,1,1,2,เพื่อชาติไทย,0
50,เชียงใหม่,7,ฝาง,เวียง,1,1,3,ใหม่,1
50,เชียงใหม่,7,ฝาง,เวียง,1,1,4,มิติใหม่,0
50,เชียงใหม่,7,ฝาง,เวียง,1,1,5,รวมใจไทย,10
50,เชียงใหม่,7,ฝาง,เวียง,1,1,6,รวมไทยสร้างชาติ,6
50,เชียงใหม่,7,ฝาง,เวียง,1,1,7,พลวัต,3
50,เชียงใหม่,7,ฝาง,เวียง,1,1,8,ประชาธิปไตยใหม่,1
50,เชียงใหม่,7,ฝาง,เวียง,1,1,9,เพื่อไทย,70
50,เชียงใหม่,7,ฝาง,เวียง,1,1,10,ทางเลือกใหม่,0
50,เชียงใหม่,7,ฝาง,เวียง,1,1,11,เศรษฐกิจ,8
50,เชียงใหม่,7,ฝาง,เวียง,1,1,12,เสรีรวมไทย,2
50,เชียงใหม่,7,ฝาง,เวียง,1,1,13,รวมพลังประชาชน,3
50,เชียงใหม่,7,ฝาง,เวียง,1,1,14,ท้องที่ไทย,1
50,เชียงใหม่,7,ฝาง,เวียง,1,1,15,อนาคตไทย,1
50,เชียงใหม่,7,ฝาง,เวียง,1,1,16,พลังเพื่อไทย,0
50,เชียงใหม่,7,ฝาง,เวียง,1,1,17,ไทยชนะ,0
50,เชียงใหม่,7,ฝาง,เวียง,1,1,18,พลังสังคมใหม่,0
50,เชียงใหม่,7,ฝาง,เวียง,1,1,19,สังคมประชาธิปไตย,0
50,เชียงใหม่,7,ฝาง,เวียง,1,1,20,ฟิวชัน,0
50,เชียงใหม่,7,ฝาง,เวียง,1,1,21,ไทยรวมพลัง,0
50,เชียงใหม่,7,ฝาง,เวียง,1,1,22,ก้าวอิสระ,0
50,เชียงใหม่,7,ฝาง,เวียง,1,1,23,ปวงชนไทย,0
50,เชียงใหม่,7,ฝาง,เวียง,1,1,24,วิชชั่นใหม่,1
50,เชียงใหม่,7,ฝาง,เวียง,1,1,25,เพื่อชีวิตใหม่,0
50,เชียงใหม่,7,ฝาง,เวียง,1,1,26,คลองไทย,0
50,เชียงใหม่,7,ฝาง,เวียง,1,1,27,ประชาธิปัตย์,11
50,เชียงใหม่,7,ฝาง,เวียง,1,1,28,ไทยก้าวหน้า,0
50,เชียงใหม่,7,ฝาง,เวียง,1,1,29,ไทยภักดี,3
50,เชียงใหม่,7,ฝาง,เวียง,1,1,30,แรงงานสร้างชาติ,1
50,เชียงใหม่,7,ฝาง,เวียง,1,1,31,ประชากรไทย,0
50,เชียงใหม่,7,ฝาง,เวียง,1,1,32,ครูไทยเพื่อประชาชน,0
50,เชียงใหม่,7,ฝาง,เวียง,1,1,33,ประชาชาติ,0
50,เชียงใหม่,7,ฝาง,เวียง,1,1,34,สร้างอนาคตไทย,0
50,เชียงใหม่,7,ฝาง,เวียง,1,1,35,รักชาติ,0
50,เชียงใหม่,7,ฝาง,เวียง,1,1,36,ไทยพร้อม,2
50,เชียงใหม่,7,ฝาง,เวียง,1,1,37,ภูมิใจไทย,32
50,เชียงใหม่,7,ฝาง,เวียง,1,1,38,พลังธรรมใหม่,0
50,เชียงใหม่,7,ฝาง,เวียง,1,1,39,กรีน,0
50,เชียงใหม่,7,ฝาง,เวียง,1,1,40,ไทยธรรม,0
50,เชียงใหม่,7,ฝาง,เวียง,1,1,41,แผ่นดินธรรม,0
50,เชียงใหม่,7,ฝาง,เวียง,1,1,42,กล้าธรรม,31
50,เชียงใหม่,7,ฝาง,เวียง,1,1,43,พลังประชารัฐ,1
50,เชียงใหม่,7,ฝาง,เวียง,1,1,44,โอกาสใหม่,0
50,เชียงใหม่,7,ฝาง,เวียง,1,1,45,เป็นธรรม,0
50,เชียงใหม่,7,ฝาง,เวียง,1,1,46,ประชาชน,128
50,เชียงใหม่,7,ฝาง,เวียง,1,1,47,ประชาไทย,0
50,เชียงใหม่,7,ฝาง,เวียง,1,1,48,ไทยสร้างไทย,1
50,เชียงใหม่,7,ฝาง,เวียง,1,1,49,ไทยก้าวใหม่,0
50,เชียงใหม่,7,ฝาง,เวียง,1,1,50,ประชาอาสาชาติ,0
50,เชียงใหม่,7,ฝาง,เวียง,1,1,51,พร้อม,0
50,เชียงใหม่,7,ฝาง,เวียง,1,1,52,เครือข่ายชาวนาแห่งประเทศไทย,0
50,เชียงใหม่,7,ฝาง,เวียง,1,1,53,ไทยพิทักษ์ธรรม,1
50,เชียงใหม่,7,ฝาง,เวียง,1,1,54,ความหวังใหม่,0
50,เชียงใหม่,7,ฝาง,เวียง,1,1,55,ไทยรวมไทย,0
50,เชียงใหม่,7,ฝาง,เวียง,1,1,56,เพื่อบ้านเมือง,0
50,เชียงใหม่,7,ฝาง,เวียง,1,1,57,พลังไทยรักชาติ,0
50,เชียงใหม่,7,ฝาง,เวียง,3,2,1,ไทยทรัพย์ทวี,0
50,เชียงใหม่,7,ฝาง,เวียง,3,2,2,เพื่อชาติไทย,3
50,เชียงใหม่,7,ฝาง,เวียง,3,2,3,ใหม่,0
50,เชียงใหม่,7,ฝาง,เวียง,3,2,4,มิติใหม่,0
50,เชียงใหม่,7,ฝาง,เวียง,3,2,5,รวมใจไทย,3
50,เชียงใหม่,7,ฝาง,เวียง,3,2,6,รวมไทยสร้างชาติ,2
50,เชียงใหม่,7,ฝาง,เวียง,3,2,7,พลวัต,1
50,เชียงใหม่,7,ฝาง,เวียง,3,2,8,ประชาธิปไตยใหม่,1
50,เชียงใหม่,7,ฝาง,เวียง,3,2,9,เพื่อไทย,73
50,เชียงใหม่,7,ฝาง,เวียง,3,2,10,ทางเลือกใหม่,1
50,เชียงใหม่,7,ฝาง,เวียง,3,2,11,เศรษฐกิจ,9
50,เชียงใหม่,7,ฝาง,เวียง,3,2,12,เสรีรวมไทย,1
50,เชียงใหม่,7,ฝาง,เวียง,3,2,13,รวมพลังประชาชน,2
50,เชียงใหม่,7,ฝาง,เวียง,3,2,14,ท้องที่ไทย,0
50,เชียงใหม่,7,ฝาง,เวียง,3,2,15,อนาคตไทย,0
50,เชียงใหม่,7,ฝาง,เวียง,3,2,16,พลังเพื่อไทย,0
50,เชียงใหม่,7,ฝาง,เวียง,3,2,17,ไทยชนะ,1
50,เชียงใหม่,7,ฝาง,เวียง,3,2,18,พลังสังคมใหม่,0
50,เชียงใหม่,7,ฝาง,เวียง,3,2,19,สังคมประชาธิปไตย,0
50,เชียงใหม่,7,ฝาง,เวียง,3,2,20,ฟิวชัน,0
50,เชียงใหม่,7,ฝาง,เวียง,3,2,21,ไทยรวมพลัง,0
50,เชียงใหม่,7,ฝาง,เวียง,3,2,22,ก้าวอิสระ,0
50,เชียงใหม่,7,ฝาง,เวียง,3,2,23,ปวงชนไทย,0
50,เชียงใหม่,7,ฝาง,เวียง,3,2,24,วิชชั่นใหม่,0
50,เชียงใหม่,7,ฝาง,เวียง,3,2,25,เพื่อชีวิตใหม่,0
50,เชียงใหม่,7,ฝาง,เวียง,3,2,26,คลองไทย,0
50,เชียงใหม่,7,ฝาง,เวียง,3,2,27,ประชาธิปัตย์,8
50,เชียงใหม่,7,ฝาง,เวียง,3,2,28,ไทยก้าวหน้า,0
50,เชียงใหม่,7,ฝาง,เวียง,3,2,29,ไทยภักดี,0
50,เชียงใหม่,7,ฝาง,เวียง,3,2,30,แรงงานสร้างชาติ,1
50,เชียงใหม่,7,ฝาง,เวียง,3,2,31,ประชากรไทย,0
50,เชียงใหม่,7,ฝาง,เวียง,3,2,32,ครูไทยเพื่อประชาชน,1
50,เชียงใหม่,7,ฝาง,เวียง,3,2,33,ประชาชาติ,1
50,เชียงใหม่,7,ฝาง,เวียง,3,2,34,สร้างอนาคตไทย,0
50,เชียงใหม่,7,ฝาง,เวียง,3,2,35,รักชาติ,0
50,เชียงใหม่,7,ฝาง,เวียง,3,2,36,ไทยพร้อม,0
50,เชียงใหม่,7,ฝาง,เวียง,3,2,37,ภูมิใจไทย,34
50,เชียงใหม่,7,ฝาง,เวียง,3,2,38,พลังธรรมใหม่,2
50,เชียงใหม่,7,ฝาง,เวียง,3,2,39,กรีน,0
50,เชียงใหม่,7,ฝาง,เวียง,3,2,40,ไทยธรรม,0
50,เชียงใหม่,7,ฝาง,เวียง,3,2,41,แผ่นดินธรรม,1
50,เชียงใหม่,7,ฝาง,เวียง,3,2,42,กล้าธรรม,31
50,เชียงใหม่,7,ฝาง,เวียง,3,2,43,พลังประชารัฐ,1
50,เชียงใหม่,7,ฝาง,เวียง,3,2,44,โอกาสใหม่,1
50,เชียงใหม่,7,ฝาง,เวียง,3,2,45,เป็นธรรม,0
50,เชียงใหม่,7,ฝาง,เวียง,3,2,46,ประชาชน,94
50,เชียงใหม่,7,ฝาง,เวียง,3,2,47,ประชาไทย,0
50,เชียงใหม่,7,ฝาง,เวียง,3,2,48,ไทยสร้างไทย,0
50,เชียงใหม่,7,ฝาง,เวียง,3,2,49,ไทยก้าวใหม่,1
50,เชียงใหม่,7,ฝาง,เวียง,3,2,50,ประชาอาสาชาติ,1
50,เชียงใหม่,7,ฝาง,เวียง,3,2,51,พร้อม,1
50,เชียงใหม่,7,ฝาง,เวียง,3,2,52,เครือข่ายชาวนาแห่งประเทศไทย,0
50,เชียงใหม่,7,ฝาง,เวียง,3,2,53,ไทยพิทักษ์ธรรม,0
50,เชียงใหม่,7,ฝาง,เวียง,3,2,54,ความหวังใหม่,0
50,เชียงใหม่,7,ฝาง,เวียง,3,2,55,ไทยรวมไทย,0
50,เชียงใหม่,7,ฝาง,เวียง,3,2,56,เพื่อบ้านเมือง,0
50,เชียงใหม่,7,ฝาง,เวียง,3,2,57,พลังไทยรักชาติ,0
50,เชียงใหม่,7,ฝาง,เวียง,4,3,1,ไทยทรัพย์ทวี,2
50,เชียงใหม่,7,ฝาง,เวียง,4,3,2,เพื่อชาติไทย,7
50,เชียงใหม่,7,ฝาง,เวียง,4,3,3,ใหม่,1
50,เชียงใหม่,7,ฝาง,เวียง,4,3,4,มิติใหม่,0
50,เชียงใหม่,7,ฝาง,เวียง,4,3,5,รวมใจไทย,4
50,เชียงใหม่,7,ฝาง,เวียง,4,3,6,รวมไทยสร้างชาติ,7
50,เชียงใหม่,7,ฝาง,เวียง,4,3,7,พลวัต,4
50,เชียงใหม่,7,ฝาง,เวียง,4,3,8,ประชาธิปไตยใหม่,1
50,เชียงใหม่,7,ฝาง,เวียง,4,3,9,เพื่อไทย,88
50,เชียงใหม่,7,ฝาง,เวียง,4,3,10,ทางเลือกใหม่,2
50,เชียงใหม่,7,ฝาง,เวียง,4,3,11,เศรษฐกิจ,15
50,เชียงใหม่,7,ฝาง,เวียง,4,3,12,เสรีรวมไทย,1
50,เชียงใหม่,7,ฝาง,เวียง,4,3,13,รวมพลังประชาชน,3
50,เชียงใหม่,7,ฝาง,เวียง,4,3,14,ท้องที่ไทย,0
50,เชียงใหม่,7,ฝาง,เวียง,4,3,15,อนาคตไทย,0
50,เชียงใหม่,7,ฝาง,เวียง,4,3,16,พลังเพื่อไทย,0
50,เชียงใหม่,7,ฝาง,เวียง,4,3,17,ไทยชนะ,1
50,เชียงใหม่,7,ฝาง,เวียง,4,3,18,พลังสังคมใหม่,0
50,เชียงใหม่,7,ฝาง,เวียง,4,3,19,สังคมประชาธิปไตย,0
50,เชียงใหม่,7,ฝาง,เวียง,4,3,20,ฟิวชัน,0
50,เชียงใหม่,7,ฝาง,เวียง,4,3,21,ไทยรวมพลัง,0
50,เชียงใหม่,7,ฝาง,เวียง,4,3,22,ก้าวอิสระ,1
50,เชียงใหม่,7,ฝาง,เวียง,4,3,23,ปวงชนไทย,1
50,เชียงใหม่,7,ฝาง,เวียง,4,3,24,วิชชั่นใหม่,1
50,เชียงใหม่,7,ฝาง,เวียง,4,3,25,เพื่อชีวิตใหม่,0
50,เชียงใหม่,7,ฝาง,เวียง,4,3,26,คลองไทย,0
50,เชียงใหม่,7,ฝาง,เวียง,4,3,27,ประชาธิปัตย์,9
50,เชียงใหม่,7,ฝาง,เวียง,4,3,28,ไทยก้าวหน้า,1
50,เชียงใหม่,7,ฝาง,เวียง,4,3,29,ไทยภักดี,3
50,เชียงใหม่,7,ฝาง,เวียง,4,3,30,แรงงานสร้างชาติ,0
50,เชียงใหม่,7,ฝาง,เวียง,4,3,31,ประชากรไทย,1
50,เชียงใหม่,7,ฝาง,เวียง,4,3,32,ครูไทยเพื่อประชาชน,0
50,เชียงใหม่,7,ฝาง,เวียง,4,3,33,ประชาชาติ,1
50,เชียงใหม่,7,ฝาง,เวียง,4,3,34,สร้างอนาคตไทย,1
50,เชียงใหม่,7,ฝาง,เวียง,4,3,35,รักชาติ,0
50,เชียงใหม่,7,ฝาง,เวียง,4,3,36,ไทยพร้อม,1
50,เชียงใหม่,7,ฝาง,เวียง,4,3,37,ภูมิใจไทย,30
50,เชียงใหม่,7,ฝาง,เวียง,4,3,38,พลังธรรมใหม่,1
50,เชียงใหม่,7,ฝาง,เวียง,4,3,39,กรีน,0
50,เชียงใหม่,7,ฝาง,เวียง,4,3,40,ไทยธรรม,0
50,เชียงใหม่,7,ฝาง,เวียง,4,3,41,แผ่นดินธรรม,0
50,เชียงใหม่,7,ฝาง,เวียง,4,3,42,กล้าธรรม,27
50,เชียงใหม่,7,ฝาง,เวียง,4,3,43,พลังประชารัฐ,1
50,เชียงใหม่,7,ฝาง,เวียง,4,3,44,โอกาสใหม่,1
50,เชียงใหม่,7,ฝาง,เวียง,4,3,45,เป็นธรรม,0
50,เชียงใหม่,7,ฝาง,เวียง,4,3,46,ประชาชน,147
50,เชียงใหม่,7,ฝาง,เวียง,4,3,47,ประชาไทย,1
50,เชียงใหม่,7,ฝาง,เวียง,4,3,48,ไทยสร้างไทย,0
50,เชียงใหม่,7,ฝาง,เวียง,4,3,49,ไทยก้าวใหม่,1
50,เชียงใหม่,7,ฝาง,เวียง,4,3,50,ประชาอาสาชาติ,0
50,เชียงใหม่,7,ฝาง,เวียง,4,3,51,พร้อม,0
50,เชียงใหม่,7,ฝาง,เวียง,4,3,52,เครือข่ายชาวนาแห่งประเทศไทย,1
50,เชียงใหม่,7,ฝาง,เวียง,4,3,53,ไทยพิทักษ์ธรรม,0
50,เชียงใหม่,7,ฝาง,เวียง,4,3,54,ความหวังใหม่,0
50,เชียงใหม่,7,ฝาง,เวียง,4,3,55,ไทยรวมไทย,0
50,เชียงใหม่,7,ฝาง,เวียง,4,3,56,เพื่อบ้านเมือง,0
50,เชียงใหม่,7,ฝาง,เวียง,4,3,57,พลังไทยรักชาติ,0
50,เชียงใหม่,7,ฝาง,เวียง,"2,5",4,1,ไทยทรัพย์ทวี,1
50,เชียงใหม่,7,ฝาง,เวียง,"2,5",4,2,เพื่อชาติไทย,1
50,เชียงใหม่,7,ฝาง,เวียง,"2,5",4,3,ใหม่,1
50,เชียงใหม่,7,ฝาง,เวียง,"2,5",4,4,มิติใหม่,0
50,เชียงใหม่,7,ฝาง,เวียง,"2,5",4,5,รวมใจไทย,1
50,เชียงใหม่,7,ฝาง,เวียง,"2,5",4,6,รวมไทยสร้างชาติ,7
50,เชียงใหม่,7,ฝาง,เวียง,"2,5",4,7,พลวัต,1
50,เชียงใหม่,7,ฝาง,เวียง,"2,5",4,8,ประชาธิปไตยใหม่,0
50,เชียงใหม่,7,ฝาง,เวียง,"2,5",4,9,เพื่อไทย,97
50,เชียงใหม่,7,ฝาง,เวียง,"2,5",4,10,ทางเลือกใหม่,1
50,เชียงใหม่,7,ฝาง,เวียง,"2,5",4,11,เศรษฐกิจ,11
50,เชียงใหม่,7,ฝาง,เวียง,"2,5",4,12,เสรีรวมไทย,0
50,เชียงใหม่,7,ฝาง,เวียง,"2,5",4,13,รวมพลังประชาชน,1
50,เชียงใหม่,7,ฝาง,เวียง,"2,5",4,14,ท้องที่ไทย,0
50,เชียงใหม่,7,ฝาง,เวียง,"2,5",4,15,อนาคตไทย,0
50,เชียงใหม่,7,ฝาง,เวียง,"2,5",4,16,พลังเพื่อไทย,0
50,เชียงใหม่,7,ฝาง,เวียง,"2,5",4,17,ไทยชนะ,0
50,เชียงใหม่,7,ฝาง,เวียง,"2,5",4,18,พลังสังคมใหม่,0
50,เชียงใหม่,7,ฝาง,เวียง,"2,5",4,19,สังคมประชาธิปไตย,0
50,เชียงใหม่,7,ฝาง,เวียง,"2,5",4,20,ฟิวชัน,0
50,เชียงใหม่,7,ฝาง,เวียง,"2,5",4,21,ไทยรวมพลัง,0
50,เชียงใหม่,7,ฝาง,เวียง,"2,5",4,22,ก้าวอิสระ,0
50,เชียงใหม่,7,ฝาง,เวียง,"2,5",4,23,ปวงชนไทย,0
50,เชียงใหม่,7,ฝาง,เวียง,"2,5",4,24,วิชชั่นใหม่,0
50,เชียงใหม่,7,ฝาง,เวียง,"2,5",4,25,เพื่อชีวิตใหม่,0
50,เชียงใหม่,7,ฝาง,เวียง,"2,5",4,26,คลองไทย,0
50,เชียงใหม่,7,ฝาง,เวียง,"2,5",4,27,ประชาธิปัตย์,7
50,เชียงใหม่,7,ฝาง,เวียง,"2,5",4,28,ไทยก้าวหน้า,1
50,เชียงใหม่,7,ฝาง,เวียง,"2,5",4,29,ไทยภักดี,8
50,เชียงใหม่,7,ฝาง,เวียง,"2,5",4,30,แรงงานสร้างชาติ,0
50,เชียงใหม่,7,ฝาง,เวียง,"2,5",4,31,ประชากรไทย,1
50,เชียงใหม่,7,ฝาง,เวียง,"2,5",4,32,ครูไทยเพื่อประชาชน,0
50,เชียงใหม่,7,ฝาง,เวียง,"2,5",4,33,ประชาชาติ,2
50,เชียงใหม่,7,ฝาง,เวียง,"2,5",4,34,สร้างอนาคตไทย,0
50,เชียงใหม่,7,ฝาง,เวียง,"2,5",4,35,รักชาติ,0
50,เชียงใหม่,7,ฝาง,เวียง,"2,5",4,36,ไทยพร้อม,1
50,เชียงใหม่,7,ฝาง,เวียง,"2,5",4,37,ภูมิใจไทย,36
50,เชียงใหม่,7,ฝาง,เวียง,"2,5",4,38,พลังธรรมใหม่,1
50,เชียงใหม่,7,ฝาง,เวียง,"2,5",4,39,กรีน,0
50,เชียงใหม่,7,ฝาง,เวียง,"2,5",4,40,ไทยธรรม,0
50,เชียงใหม่,7,ฝาง,เวียง,"2,5",4,41,แผ่นดินธรรม,0
50,เชียงใหม่,7,ฝาง,เวียง,"2,5",4,42,กล้าธรรม,13
50,เชียงใหม่,7,ฝาง,เวียง,"2,5",4,43,พลังประชารัฐ,2
50,เชียงใหม่,7,ฝาง,เวียง,"2,5",4,44,โอกาสใหม่,0
50,เชียงใหม่,7,ฝาง,เวียง,"2,5",4,45,เป็นธรรม,0
50,เชียงใหม่,7,ฝาง,เวียง,"2,5",4,46,ประชาชน,183
50,เชียงใหม่,7,ฝาง,เวียง,"2,5",4,47,ประชาไทย,0
50,เชียงใหม่,7,ฝาง,เวียง,"2,5",4,48,ไทยสร้างไทย,1
50,เชียงใหม่,7,ฝาง,เวียง,"2,5",4,49,ไทยก้าวใหม่,1
50,เชียงใหม่,7,ฝาง,เวียง,"2,5",4,50,ประชาอาสาชาติ,0
50,เชียงใหม่,7,ฝาง,เวียง,"2,5",4,51,พร้อม,0
50,เชียงใหม่,7,ฝาง,เวียง,"2,5",4,52,เครือข่ายชาวนาแห่งประเทศไทย,0
50,เชียงใหม่,7,ฝาง,เวียง,"2,5",4,53,ไทยพิทักษ์ธรรม,0
50,เชียงใหม่,7,ฝาง,เวียง,"2,5",4,54,ความหวังใหม่,1
50,เชียงใหม่,7,ฝาง,เวียง,"2,5",4,55,ไทยรวมไทย,0
50,เชียงใหม่,7,ฝาง,เวียง,"2,5",4,56,เพื่อบ้านเมือง,0
50,เชียงใหม่,7,ฝาง,เวียง,"2,5",4,57,พลังไทยรักชาติ,0
50,เชียงใหม่,7,ฝาง,เวียง,6,5,1,ไทยทรัพย์ทวี,1
50,เชียงใหม่,7,ฝาง,เวียง,6,5,2,เพื่อชาติไทย,5
50,เชียงใหม่,7,ฝาง,เวียง,6,5,3,ใหม่,0
50,เชียงใหม่,7,ฝาง,เวียง,6,5,4,มิติใหม่,1
50,เชียงใหม่,7,ฝาง,เวียง,6,5,5,รวมใจไทย,10
50,เชียงใหม่,7,ฝาง,เวียง,6,5,6,รวมไทยสร้างชาติ,12
50,เชียงใหม่,7,ฝาง,เวียง,6,5,7,พลวัต,2
50,เชียงใหม่,7,ฝาง,เวียง,6,5,8,ประชาธิปไตยใหม่,3
50,เชียงใหม่,7,ฝาง,เวียง,6,5,9,เพื่อไทย,196
50,เชียงใหม่,7,ฝาง,เวียง,6,5,10,ทางเลือกใหม่,1
50,เชียงใหม่,7,ฝาง,เวียง,6,5,11,เศรษฐกิจ,20
50,เชียงใหม่,7,ฝาง,เวียง,6,5,12,เสรีรวมไทย,2
50,เชียงใหม่,7,ฝาง,เวียง,6,5,13,รวมพลังประชาชน,2
50,เชียงใหม่,7,ฝาง,เวียง,6,5,14,ท้องที่ไทย,1
50,เชียงใหม่,7,ฝาง,เวียง,6,5,15,อนาคตไทย,1
50,เชียงใหม่,7,ฝาง,เวียง,6,5,16,พลังเพื่อไทย,0
50,เชียงใหม่,7,ฝาง,เวียง,6,5,17,ไทยชนะ,1
50,เชียงใหม่,7,ฝาง,เวียง,6,5,18,พลังสังคมใหม่,0
50,เชียงใหม่,7,ฝาง,เวียง,6,5,19,สังคมประชาธิปไตย,0
50,เชียงใหม่,7,ฝาง,เวียง,6,5,20,ฟิวชัน,0
50,เชียงใหม่,7,ฝาง,เวียง,6,5,21,ไทยรวมพลัง,0
50,เชียงใหม่,7,ฝาง,เวียง,6,5,22,ก้าวอิสระ,0
50,เชียงใหม่,7,ฝาง,เวียง,6,5,23,ปวงชนไทย,0
50,เชียงใหม่,7,ฝาง,เวียง,6,5,24,วิชชั่นใหม่,1
50,เชียงใหม่,7,ฝาง,เวียง,6,5,25,เพื่อชีวิตใหม่,0
50,เชียงใหม่,7,ฝาง,เวียง,6,5,26,คลองไทย,0
50,เชียงใหม่,7,ฝาง,เวียง,6,5,27,ประชาธิปัตย์,8
50,เชียงใหม่,7,ฝาง,เวียง,6,5,28,ไทยก้าวหน้า,0
50,เชียงใหม่,7,ฝาง,เวียง,6,5,29,ไทยภักดี,4
50,เชียงใหม่,7,ฝาง,เวียง,6,5,30,แรงงานสร้างชาติ,1
50,เชียงใหม่,7,ฝาง,เวียง,6,5,31,ประชากรไทย,1
50,เชียงใหม่,7,ฝาง,เวียง,6,5,32,ครูไทยเพื่อประชาชน,0
50,เชียงใหม่,7,ฝาง,เวียง,6,5,33,ประชาชาติ,0
50,เชียงใหม่,7,ฝาง,เวียง,6,5,34,สร้างอนาคตไทย,2
50,เชียงใหม่,7,ฝาง,เวียง,6,5,35,รักชาติ,1
50,เชียงใหม่,7,ฝาง,เวียง,6,5,36,ไทยพร้อม,2
50,เชียงใหม่,7,ฝาง,เวียง,6,5,37,ภูมิใจไทย,26
50,เชียงใหม่,7,ฝาง,เวียง,6,5,38,พลังธรรมใหม่,2
50,เชียงใหม่,7,ฝาง,เวียง,6,5,39,กรีน,0
50,เชียงใหม่,7,ฝาง,เวียง,6,5,40,ไทยธรรม,0
50,เชียงใหม่,7,ฝาง,เวียง,6,5,41,แผ่นดินธรรม,0
50,เชียงใหม่,7,ฝาง,เวียง,6,5,42,กล้าธรรม,58
50,เชียงใหม่,7,ฝาง,เวียง,6,5,43,พลังประชารัฐ,0
50,เชียงใหม่,7,ฝาง,เวียง,6,5,44,โอกาสใหม่,0
50,เชียงใหม่,7,ฝาง,เวียง,6,5,45,เป็นธรรม,0
50,เชียงใหม่,7,ฝาง,เวียง,6,5,46,ประชาชน,168
50,เชียงใหม่,7,ฝาง,เวียง,6,5,47,ประชาไทย,0
50,เชียงใหม่,7,ฝาง,เวียง,6,5,48,ไทยสร้างไทย,0
50,เชียงใหม่,7,ฝาง,เวียง,6,5,49,ไทยก้าวใหม่,0
50,เชียงใหม่,7,ฝาง,เวียง,6,5,50,ประชาอาสาชาติ,0
50,เชียงใหม่,7,ฝาง,เวียง,6,5,51,พร้อม,0
50,เชียงใหม่,7,ฝาง,เวียง,6,5,52,เครือข่ายชาวนาแห่งประเทศไทย,0
50,เชียงใหม่,7,ฝาง,เวียง,6,5,53,ไทยพิทักษ์ธรรม,0
50,เชียงใหม่,7,ฝาง,เวียง,6,5,54,ความหวังใหม่,0
50,เชียงใหม่,7,ฝาง,เวียง,6,5,55,ไทยรวมไทย,0
50,เชียงใหม่,7,ฝาง,เวียง,6,5,56,เพื่อบ้านเมือง,0
50,เชียงใหม่,7,ฝาง,เวียง,6,5,57,พลังไทยรักชาติ,2
50,เชียงใหม่,7,ฝาง,เวียง,7,6,1,ไทยทรัพย์ทวี,0
50,เชียงใหม่,7,ฝาง,เวียง,7,6,2,เพื่อชาติไทย,10
50,เชียงใหม่,7,ฝาง,เวียง,7,6,3,ใหม่,1
50,เชียงใหม่,7,ฝาง,เวียง,7,6,4,มิติใหม่,1
50,เชียงใหม่,7,ฝาง,เวียง,7,6,5,รวมใจไทย,4
50,เชียงใหม่,7,ฝาง,เวียง,7,6,6,รวมไทยสร้างชาติ,9
50,เชียงใหม่,7,ฝาง,เวียง,7,6,7,พลวัต,3
50,เชียงใหม่,7,ฝาง,เวียง,7,6,8,ประชาธิปไตยใหม่,0
50,เชียงใหม่,7,ฝาง,เวียง,7,6,9,เพื่อไทย,118
50,เชียงใหม่,7,ฝาง,เวียง,7,6,10,ทางเลือกใหม่,0
50,เชียงใหม่,7,ฝาง,เวียง,7,6,11,เศรษฐกิจ,11
50,เชียงใหม่,7,ฝาง,เวียง,7,6,12,เสรีรวมไทย,0
50,เชียงใหม่,7,ฝาง,เวียง,7,6,13,รวมพลังประชาชน,4
50,เชียงใหม่,7,ฝาง,เวียง,7,6,14,ท้องที่ไทย,0
50,เชียงใหม่,7,ฝาง,เวียง,7,6,15,อนาคตไทย,0
50,เชียงใหม่,7,ฝาง,เวียง,7,6,16,พลังเพื่อไทย,1
50,เชียงใหม่,7,ฝาง,เวียง,7,6,17,ไทยชนะ,0
50,เชียงใหม่,7,ฝาง,เวียง,7,6,18,พลังสังคมใหม่,0
50,เชียงใหม่,7,ฝาง,เวียง,7,6,19,สังคมประชาธิปไตย,0
50,เชียงใหม่,7,ฝาง,เวียง,7,6,20,ฟิวชัน,0
50,เชียงใหม่,7,ฝาง,เวียง,7,6,21,ไทยรวมพลัง,0
50,เชียงใหม่,7,ฝาง,เวียง,7,6,22,ก้าวอิสระ,0
50,เชียงใหม่,7,ฝาง,เวียง,7,6,23,ปวงชนไทย,0
50,เชียงใหม่,7,ฝาง,เวียง,7,6,24,วิชชั่นใหม่,1
50,เชียงใหม่,7,ฝาง,เวียง,7,6,25,เพื่อชีวิตใหม่,0
50,เชียงใหม่,7,ฝาง,เวียง,7,6,26,คลองไทย,0
50,เชียงใหม่,7,ฝาง,เวียง,7,6,27,ประชาธิปัตย์,11
50,เชียงใหม่,7,ฝาง,เวียง,7,6,28,ไทยก้าวหน้า,0
50,เชียงใหม่,7,ฝาง,เวียง,7,6,29,ไทยภักดี,0
50,เชียงใหม่,7,ฝาง,เวียง,7,6,30,แรงงานสร้างชาติ,0
50,เชียงใหม่,7,ฝาง,เวียง,7,6,31,ประชากรไทย,1
50,เชียงใหม่,7,ฝาง,เวียง,7,6,32,ครูไทยเพื่อประชาชน,0
50,เชียงใหม่,7,ฝาง,เวียง,7,6,33,ประชาชาติ,0
50,เชียงใหม่,7,ฝาง,เวียง,7,6,34,สร้างอนาคตไทย,1
50,เชียงใหม่,7,ฝาง,เวียง,7,6,35,รักชาติ,1
50,เชียงใหม่,7,ฝาง,เวียง,7,6,36,ไทยพร้อม,1
50,เชียงใหม่,7,ฝาง,เวียง,7,6,37,ภูมิใจไทย,50
50,เชียงใหม่,7,ฝาง,เวียง,7,6,38,พลังธรรมใหม่,0
50,เชียงใหม่,7,ฝาง,เวียง,7,6,39,กรีน,0
50,เชียงใหม่,7,ฝาง,เวียง,7,6,40,ไทยธรรม,0
50,เชียงใหม่,7,ฝาง,เวียง,7,6,41,แผ่นดินธรรม,0
50,เชียงใหม่,7,ฝาง,เวียง,7,6,42,กล้าธรรม,54
50,เชียงใหม่,7,ฝาง,เวียง,7,6,43,พลังประชารัฐ,5
50,เชียงใหม่,7,ฝาง,เวียง,7,6,44,โอกาสใหม่,0
50,เชียงใหม่,7,ฝาง,เวียง,7,6,45,เป็นธรรม,3
50,เชียงใหม่,7,ฝาง,เวียง,7,6,46,ประชาชน,176
50,เชียงใหม่,7,ฝาง,เวียง,7,6,47,ประชาไทย,1
50,เชียงใหม่,7,ฝาง,เวียง,7,6,48,ไทยสร้างไทย,1
50,เชียงใหม่,7,ฝาง,เวียง,7,6,49,ไทยก้าวใหม่,0
50,เชียงใหม่,7,ฝาง,เวียง,7,6,50,ประชาอาสาชาติ,0
50,เชียงใหม่,7,ฝาง,เวียง,7,6,51,พร้อม,0
50,เชียงใหม่,7,ฝาง,เวียง,7,6,52,เครือข่ายชาวนาแห่งประเทศไทย,0
50,เชียงใหม่,7,ฝาง,เวียง,7,6,53,ไทยพิทักษ์ธรรม,0
50,เชียงใหม่,7,ฝาง,เวียง,7,6,54,ความหวังใหม่,0
50,เชียงใหม่,7,ฝาง,เวียง,7,6,55,ไทยรวมไทย,0
50,เชียงใหม่,7,ฝาง,เวียง,7,6,56,เพื่อบ้านเมือง,0
50,เชียงใหม่,7,ฝาง,เวียง,7,6,57,พลังไทยรักชาติ,0
50,เชียงใหม่,7,ฝาง,เวียง,8,7,1,ไทยทรัพย์ทวี,2
50,เชียงใหม่,7,ฝาง,เวียง,8,7,2,เพื่อชาติไทย,4
50,เชียงใหม่,7,ฝาง,เวียง,8,7,3,ใหม่,0
50,เชียงใหม่,7,ฝาง,เวียง,8,7,4,มิติใหม่,1
50,เชียงใหม่,7,ฝาง,เวียง,8,7,5,รวมใจไทย,5
50,เชียงใหม่,7,ฝาง,เวียง,8,7,6,รวมไทยสร้างชาติ,8
50,เชียงใหม่,7,ฝาง,เวียง,8,7,7,พลวัต,0
50,เชียงใหม่,7,ฝาง,เวียง,8,7,8,ประชาธิปไตยใหม่,0
50,เชียงใหม่,7,ฝาง,เวียง,8,7,9,เพื่อไทย,90
50,เชียงใหม่,7,ฝาง,เวียง,8,7,10,ทางเลือกใหม่,3
50,เชียงใหม่,7,ฝาง,เวียง,8,7,11,เศรษฐกิจ,16
50,เชียงใหม่,7,ฝาง,เวียง,8,7,12,เสรีรวมไทย,1
50,เชียงใหม่,7,ฝาง,เวียง,8,7,13,รวมพลังประชาชน,1
50,เชียงใหม่,7,ฝาง,เวียง,8,7,14,ท้องที่ไทย,0
50,เชียงใหม่,7,ฝาง,เวียง,8,7,15,อนาคตไทย,0
50,เชียงใหม่,7,ฝาง,เวียง,8,7,16,พลังเพื่อไทย,1
50,เชียงใหม่,7,ฝาง,เวียง,8,7,17,ไทยชนะ,1
50,เชียงใหม่,7,ฝาง,เวียง,8,7,18,พลังสังคมใหม่,0
50,เชียงใหม่,7,ฝาง,เวียง,8,7,19,สังคมประชาธิปไตย,0
50,เชียงใหม่,7,ฝาง,เวียง,8,7,20,ฟิวชัน,0
50,เชียงใหม่,7,ฝาง,เวียง,8,7,21,ไทยรวมพลัง,0
50,เชียงใหม่,7,ฝาง,เวียง,8,7,22,ก้าวอิสระ,1
50,เชียงใหม่,7,ฝาง,เวียง,8,7,23,ปวงชนไทย,0
50,เชียงใหม่,7,ฝาง,เวียง,8,7,24,วิชชั่นใหม่,0
50,เชียงใหม่,7,ฝาง,เวียง,8,7,25,เพื่อชีวิตใหม่,0
50,เชียงใหม่,7,ฝาง,เวียง,8,7,26,คลองไทย,0
50,เชียงใหม่,7,ฝาง,เวียง,8,7,27,ประชาธิปัตย์,9
50,เชียงใหม่,7,ฝาง,เวียง,8,7,28,ไทยก้าวหน้า,0
50,เชียงใหม่,7,ฝาง,เวียง,8,7,29,ไทยภักดี,1
50,เชียงใหม่,7,ฝาง,เวียง,8,7,30,แรงงานสร้างชาติ,0
50,เชียงใหม่,7,ฝาง,เวียง,8,7,31,ประชากรไทย,0
50,เชียงใหม่,7,ฝาง,เวียง,8,7,32,ครูไทยเพื่อประชาชน,0
50,เชียงใหม่,7,ฝาง,เวียง,8,7,33,ประชาชาติ,0
50,เชียงใหม่,7,ฝาง,เวียง,8,7,34,สร้างอนาคตไทย,2
50,เชียงใหม่,7,ฝาง,เวียง,8,7,35,รักชาติ,1
50,เชียงใหม่,7,ฝาง,เวียง,8,7,36,ไทยพร้อม,1
50,เชียงใหม่,7,ฝาง,เวียง,8,7,37,ภูมิใจไทย,60
50,เชียงใหม่,7,ฝาง,เวียง,8,7,38,พลังธรรมใหม่,3
50,เชียงใหม่,7,ฝาง,เวียง,8,7,39,กรีน,1
50,เชียงใหม่,7,ฝาง,เวียง,8,7,40,ไทยธรรม,0
50,เชียงใหม่,7,ฝาง,เวียง,8,7,41,แผ่นดินธรรม,0
50,เชียงใหม่,7,ฝาง,เวียง,8,7,42,กล้าธรรม,78
50,เชียงใหม่,7,ฝาง,เวียง,8,7,43,พลังประชารัฐ,0
50,เชียงใหม่,7,ฝาง,เวียง,8,7,44,โอกาสใหม่,0
50,เชียงใหม่,7,ฝาง,เวียง,8,7,45,เป็นธรรม,1
50,เชียงใหม่,7,ฝาง,เวียง,8,7,46,ประชาชน,158
50,เชียงใหม่,7,ฝาง,เวียง,8,7,47,ประชาไทย,0
50,เชียงใหม่,7,ฝาง,เวียง,8,7,48,ไทยสร้างไทย,0
50,เชียงใหม่,7,ฝาง,เวียง,8,7,49,ไทยก้าวใหม่,0
50,เชียงใหม่,7,ฝาง,เวียง,8,7,50,ประชาอาสาชาติ,0
50,เชียงใหม่,7,ฝาง,เวียง,8,7,51,พร้อม,0
50,เชียงใหม่,7,ฝาง,เวียง,8,7,52,เครือข่ายชาวนาแห่งประเทศไทย,0
50,เชียงใหม่,7,ฝาง,เวียง,8,7,53,ไทยพิทักษ์ธรรม,0
50,เชียงใหม่,7,ฝาง,เวียง,8,7,54,ความหวังใหม่,0
50,เชียงใหม่,7,ฝาง,เวียง,8,7,55,ไทยรวมไทย,0
50,เชียงใหม่,7,ฝาง,เวียง,8,7,56,เพื่อบ้านเมือง,0
50,เชียงใหม่,7,ฝาง,เวียง,8,7,57,พลังไทยรักชาติ,0
50,เชียงใหม่,7,ฝาง,เวียง,9,8,1,ไทยทรัพย์ทวี,0
50,เชียงใหม่,7,ฝาง,เวียง,9,8,2,เพื่อชาติไทย,0
50,เชียงใหม่,7,ฝาง,เวียง,9,8,3,ใหม่,0
50,เชียงใหม่,7,ฝาง,เวียง,9,8,4,มิติใหม่,0
50,เชียงใหม่,7,ฝาง,เวียง,9,8,5,รวมใจไทย,1
50,เชียงใหม่,7,ฝาง,เวียง,9,8,6,รวมไทยสร้างชาติ,1
50,เชียงใหม่,7,ฝาง,เวียง,9,8,7,พลวัต,1
50,เชียงใหม่,7,ฝาง,เวียง,9,8,8,ประชาธิปไตยใหม่,0
50,เชียงใหม่,7,ฝาง,เวียง,9,8,9,เพื่อไทย,47
50,เชียงใหม่,7,ฝาง,เวียง,9,8,10,ทางเลือกใหม่,1
50,เชียงใหม่,7,ฝาง,เวียง,9,8,11,เศรษฐกิจ,2
50,เชียงใหม่,7,ฝาง,เวียง,9,8,12,เสรีรวมไทย,0
50,เชียงใหม่,7,ฝาง,เวียง,9,8,13,รวมพลังประชาชน,1
50,เชียงใหม่,7,ฝาง,เวียง,9,8,14,ท้องที่ไทย,0
50,เชียงใหม่,7,ฝาง,เวียง,9,8,15,อนาคตไทย,0
50,เชียงใหม่,7,ฝาง,เวียง,9,8,16,พลังเพื่อไทย,0
50,เชียงใหม่,7,ฝาง,เวียง,9,8,17,ไทยชนะ,0
50,เชียงใหม่,7,ฝาง,เวียง,9,8,18,พลังสังคมใหม่,0
50,เชียงใหม่,7,ฝาง,เวียง,9,8,19,สังคมประชาธิปไตย,0
50,เชียงใหม่,7,ฝาง,เวียง,9,8,20,ฟิวชัน,0
50,เชียงใหม่,7,ฝาง,เวียง,9,8,21,ไทยรวมพลัง,0
50,เชียงใหม่,7,ฝาง,เวียง,9,8,22,ก้าวอิสระ,0
50,เชียงใหม่,7,ฝาง,เวียง,9,8,23,ปวงชนไทย,0
50,เชียงใหม่,7,ฝาง,เวียง,9,8,24,วิชชั่นใหม่,0
50,เชียงใหม่,7,ฝาง,เวียง,9,8,25,เพื่อชีวิตใหม่,0
50,เชียงใหม่,7,ฝาง,เวียง,9,8,26,คลองไทย,0
50,เชียงใหม่,7,ฝาง,เวียง,9,8,27,ประชาธิปัตย์,3
50,เชียงใหม่,7,ฝาง,เวียง,9,8,28,ไทยก้าวหน้า,1
50,เชียงใหม่,7,ฝาง,เวียง,9,8,29,ไทยภักดี,0
50,เชียงใหม่,7,ฝาง,เวียง,9,8,30,แรงงานสร้างชาติ,0
50,เชียงใหม่,7,ฝาง,เวียง,9,8,31,ประชากรไทย,0
50,เชียงใหม่,7,ฝาง,เวียง,9,8,32,ครูไทยเพื่อประชาชน,0
50,เชียงใหม่,7,ฝาง,เวียง,9,8,33,ประชาชาติ,0
50,เชียงใหม่,7,ฝาง,เวียง,9,8,34,สร้างอนาคตไทย,0
50,เชียงใหม่,7,ฝาง,เวียง,9,8,35,รักชาติ,0
50,เชียงใหม่,7,ฝาง,เวียง,9,8,36,ไทยพร้อม,0
50,เชียงใหม่,7,ฝาง,เวียง,9,8,37,ภูมิใจไทย,12
50,เชียงใหม่,7,ฝาง,เวียง,9,8,38,พลังธรรมใหม่,0
50,เชียงใหม่,7,ฝาง,เวียง,9,8,39,กรีน,0
50,เชียงใหม่,7,ฝาง,เวียง,9,8,40,ไทยธรรม,0
50,เชียงใหม่,7,ฝาง,เวียง,9,8,41,แผ่นดินธรรม,0
50,เชียงใหม่,7,ฝาง,เวียง,9,8,42,กล้าธรรม,6
50,เชียงใหม่,7,ฝาง,เวียง,9,8,43,พลังประชารัฐ,0
50,เชียงใหม่,7,ฝาง,เวียง,9,8,44,โอกาสใหม่,0
50,เชียงใหม่,7,ฝาง,เวียง,9,8,45,เป็นธรรม,1
50,เชียงใหม่,7,ฝาง,เวียง,9,8,46,ประชาชน,77
50,เชียงใหม่,7,ฝาง,เวียง,9,8,47,ประชาไทย,0
50,เชียงใหม่,7,ฝาง,เวียง,9,8,48,ไทยสร้างไทย,0
50,เชียงใหม่,7,ฝาง,เวียง,9,8,49,ไทยก้าวใหม่,1
50,เชียงใหม่,7,ฝาง,เวียง,9,8,50,ประชาอาสาชาติ,0
50,เชียงใหม่,7,ฝาง,เวียง,9,8,51,พร้อม,0
50,เชียงใหม่,7,ฝาง,เวียง,9,8,52,เครือข่ายชาวนาแห่งประเทศไทย,0
50,เชียงใหม่,7,ฝาง,เวียง,9,8,53,ไทยพิทักษ์ธรรม,0
50,เชียงใหม่,7,ฝาง,เวียง,9,8,54,ความหวังใหม่,0
50,เชียงใหม่,7,ฝาง,เวียง,9,8,55,ไทยรวมไทย,0
50,เชียงใหม่,7,ฝาง,เวียง,9,8,56,เพื่อบ้านเมือง,0
50,เชียงใหม่,7,ฝาง,เวียง,9,8,57,พลังไทยรักชาติ,0
50,เชียงใหม่,7,ฝาง,เวียง,10,9,1,ไทยทรัพย์ทวี,1
50,เชียงใหม่,7,ฝาง,เวียง,10,9,2,เพื่อชาติไทย,4
50,เชียงใหม่,7,ฝาง,เวียง,10,9,3,ใหม่,0
50,เชียงใหม่,7,ฝาง,เวียง,10,9,4,มิติใหม่,1
50,เชียงใหม่,7,ฝาง,เวียง,10,9,5,รวมใจไทย,8
50,เชียงใหม่,7,ฝาง,เวียง,10,9,6,รวมไทยสร้างชาติ,10
50,เชียงใหม่,7,ฝาง,เวียง,10,9,7,พลวัต,6
50,เชียงใหม่,7,ฝาง,เวียง,10,9,8,ประชาธิปไตยใหม่,0
50,เชียงใหม่,7,ฝาง,เวียง,10,9,9,เพื่อไทย,81
50,เชียงใหม่,7,ฝาง,เวียง,10,9,10,ทางเลือกใหม่,2
50,เชียงใหม่,7,ฝาง,เวียง,10,9,11,เศรษฐกิจ,10
50,เชียงใหม่,7,ฝาง,เวียง,10,9,12,เสรีรวมไทย,1
50,เชียงใหม่,7,ฝาง,เวียง,10,9,13,รวมพลังประชาชน,0
50,เชียงใหม่,7,ฝาง,เวียง,10,9,14,ท้องที่ไทย,0
50,เชียงใหม่,7,ฝาง,เวียง,10,9,15,อนาคตไทย,0
50,เชียงใหม่,7,ฝาง,เวียง,10,9,16,พลังเพื่อไทย,0
50,เชียงใหม่,7,ฝาง,เวียง,10,9,17,ไทยชนะ,0
50,เชียงใหม่,7,ฝาง,เวียง,10,9,18,พลังสังคมใหม่,0
50,เชียงใหม่,7,ฝาง,เวียง,10,9,19,สังคมประชาธิปไตย,0
50,เชียงใหม่,7,ฝาง,เวียง,10,9,20,ฟิวชัน,0
50,เชียงใหม่,7,ฝาง,เวียง,10,9,21,ไทยรวมพลัง,0
50,เชียงใหม่,7,ฝาง,เวียง,10,9,22,ก้าวอิสระ,0
50,เชียงใหม่,7,ฝาง,เวียง,10,9,23,ปวงชนไทย,1
50,เชียงใหม่,7,ฝาง,เวียง,10,9,24,วิชชั่นใหม่,2
50,เชียงใหม่,7,ฝาง,เวียง,10,9,25,เพื่อชีวิตใหม่,0
50,เชียงใหม่,7,ฝาง,เวียง,10,9,26,คลองไทย,1
50,เชียงใหม่,7,ฝาง,เวียง,10,9,27,ประชาธิปัตย์,4
50,เชียงใหม่,7,ฝาง,เวียง,10,9,28,ไทยก้าวหน้า,1
50,เชียงใหม่,7,ฝาง,เวียง,10,9,29,ไทยภักดี,1
50,เชียงใหม่,7,ฝาง,เวียง,10,9,30,แรงงานสร้างชาติ,1
50,เชียงใหม่,7,ฝาง,เวียง,10,9,31,ประชากรไทย,0
50,เชียงใหม่,7,ฝาง,เวียง,10,9,32,ครูไทยเพื่อประชาชน,1
50,เชียงใหม่,7,ฝาง,เวียง,10,9,33,ประชาชาติ,1
50,เชียงใหม่,7,ฝาง,เวียง,10,9,34,สร้างอนาคตไทย,2
50,เชียงใหม่,7,ฝาง,เวียง,10,9,35,รักชาติ,0
50,เชียงใหม่,7,ฝาง,เวียง,10,9,36,ไทยพร้อม,0
50,เชียงใหม่,7,ฝาง,เวียง,10,9,37,ภูมิใจไทย,11
50,เชียงใหม่,7,ฝาง,เวียง,10,9,38,พลังธรรมใหม่,1
50,เชียงใหม่,7,ฝาง,เวียง,10,9,39,กรีน,1
50,เชียงใหม่,7,ฝาง,เวียง,10,9,40,ไทยธรรม,0
50,เชียงใหม่,7,ฝาง,เวียง,10,9,41,แผ่นดินธรรม,0
50,เชียงใหม่,7,ฝาง,เวียง,10,9,42,กล้าธรรม,10
50,เชียงใหม่,7,ฝาง,เวียง,10,9,43,พลังประชารัฐ,2
50,เชียงใหม่,7,ฝาง,เวียง,10,9,44,โอกาสใหม่,0
50,เชียงใหม่,7,ฝาง,เวียง,10,9,45,เป็นธรรม,0
50,เชียงใหม่,7,ฝาง,เวียง,10,9,46,ประชาชน,59
50,เชียงใหม่,7,ฝาง,เวียง,10,9,47,ประชาไทย,0
50,เชียงใหม่,7,ฝาง,เวียง,10,9,48,ไทยสร้างไทย,0
50,เชียงใหม่,7,ฝาง,เวียง,10,9,49,ไทยก้าวใหม่,0
50,เชียงใหม่,7,ฝาง,เวียง,10,9,50,ประชาอาสาชาติ,0
50,เชียงใหม่,7,ฝาง,เวียง,10,9,51,พร้อม,1
50,เชียงใหม่,7,ฝาง,เวียง,10,9,52,เครือข่ายชาวนาแห่งประเทศไทย,0
50,เชียงใหม่,7,ฝาง,เวียง,10,9,53,ไทยพิทักษ์ธรรม,0
50,เชียงใหม่,7,ฝาง,เวียง,10,9,54,ความหวังใหม่,0
50,เชียงใหม่,7,ฝาง,เวียง,10,9,55,ไทยรวมไทย,0
50,เชียงใหม่,7,ฝาง,เวียง,10,9,56,เพื่อบ้านเมือง,0
50,เชียงใหม่,7,ฝาง,เวียง,10,9,57,พลังไทยรักชาติ,0
50,เชียงใหม่,7,ฝาง,เวียง,10,10,1,ไทยทรัพย์ทวี,1
50,เชียงใหม่,7,ฝาง,เวียง,10,10,2,เพื่อชาติไทย,4
50,เชียงใหม่,7,ฝาง,เวียง,10,10,3,ใหม่,3
50,เชียงใหม่,7,ฝาง,เวียง,10,10,4,มิติใหม่,1
50,เชียงใหม่,7,ฝาง,เวียง,10,10,5,รวมใจไทย,14
50,เชียงใหม่,7,ฝาง,เวียง,10,10,6,รวมไทยสร้างชาติ,4
50,เชียงใหม่,7,ฝาง,เวียง,10,10,7,พลวัต,8
50,เชียงใหม่,7,ฝาง,เวียง,10,10,8,ประชาธิปไตยใหม่,4
50,เชียงใหม่,7,ฝาง,เวียง,10,10,9,เพื่อไทย,16
50,เชียงใหม่,7,ฝาง,เวียง,10,10,10,ทางเลือกใหม่,1
50,เชียงใหม่,7,ฝาง,เวียง,10,10,11,เศรษฐกิจ,5
50,เชียงใหม่,7,ฝาง,เวียง,10,10,12,เสรีรวมไทย,0
50,เชียงใหม่,7,ฝาง,เวียง,10,10,13,รวมพลังประชาชน,3
50,เชียงใหม่,7,ฝาง,เวียง,10,10,14,ท้องที่ไทย,0
50,เชียงใหม่,7,ฝาง,เวียง,10,10,15,อนาคตไทย,0
50,เชียงใหม่,7,ฝาง,เวียง,10,10,16,พลังเพื่อไทย,0
50,เชียงใหม่,7,ฝาง,เวียง,10,10,17,ไทยชนะ,3
50,เชียงใหม่,7,ฝาง,เวียง,10,10,18,พลังสังคมใหม่,0
50,เชียงใหม่,7,ฝาง,เวียง,10,10,19,สังคมประชาธิปไตย,0
50,เชียงใหม่,7,ฝาง,เวียง,10,10,20,ฟิวชัน,0
50,เชียงใหม่,7,ฝาง,เวียง,10,10,21,ไทยรวมพลัง,0
50,เชียงใหม่,7,ฝาง,เวียง,10,10,22,ก้าวอิสระ,0
50,เชียงใหม่,7,ฝาง,เวียง,10,10,23,ปวงชนไทย,0
50,เชียงใหม่,7,ฝาง,เวียง,10,10,24,วิชชั่นใหม่,2
50,เชียงใหม่,7,ฝาง,เวียง,10,10,25,เพื่อชีวิตใหม่,0
50,เชียงใหม่,7,ฝาง,เวียง,10,10,26,คลองไทย,0
50,เชียงใหม่,7,ฝาง,เวียง,10,10,27,ประชาธิปัตย์,8
50,เชียงใหม่,7,ฝาง,เวียง,10,10,28,ไทยก้าวหน้า,1
50,เชียงใหม่,7,ฝาง,เวียง,10,10,29,ไทยภักดี,1
50,เชียงใหม่,7,ฝาง,เวียง,10,10,30,แรงงานสร้างชาติ,0
50,เชียงใหม่,7,ฝาง,เวียง,10,10,31,ประชากรไทย,2
50,เชียงใหม่,7,ฝาง,เวียง,10,10,32,ครูไทยเพื่อประชาชน,0
50,เชียงใหม่,7,ฝาง,เวียง,10,10,33,ประชาชาติ,0
50,เชียงใหม่,7,ฝาง,เวียง,10,10,34,สร้างอนาคตไทย,4
50,เชียงใหม่,7,ฝาง,เวียง,10,10,35,รักชาติ,1
50,เชียงใหม่,7,ฝาง,เวียง,10,10,36,ไทยพร้อม,4
50,เชียงใหม่,7,ฝาง,เวียง,10,10,37,ภูมิใจไทย,8
50,เชียงใหม่,7,ฝาง,เวียง,10,10,38,พลังธรรมใหม่,2
50,เชียงใหม่,7,ฝาง,เวียง,10,10,39,กรีน,0
50,เชียงใหม่,7,ฝาง,เวียง,10,10,40,ไทยธรรม,1
50,เชียงใหม่,7,ฝาง,เวียง,10,10,41,แผ่นดินธรรม,0
50,เชียงใหม่,7,ฝาง,เวียง,10,10,42,กล้าธรรม,20
50,เชียงใหม่,7,ฝาง,เวียง,10,10,43,พลังประชารัฐ,3
50,เชียงใหม่,7,ฝาง,เวียง,10,10,44,โอกาสใหม่,0
50,เชียงใหม่,7,ฝาง,เวียง,10,10,45,เป็นธรรม,0
50,เชียงใหม่,7,ฝาง,เวียง,10,10,46,ประชาชน,61
50,เชียงใหม่,7,ฝาง,เวียง,10,10,47,ประชาไทย,1
50,เชียงใหม่,7,ฝาง,เวียง,10,10,48,ไทยสร้างไทย,1
50,เชียงใหม่,7,ฝาง,เวียง,10,10,49,ไทยก้าวใหม่,0
50,เชียงใหม่,7,ฝาง,เวียง,10,10,50,ประชาอาสาชาติ,0
50,เชียงใหม่,7,ฝาง,เวียง,10,10,51,พร้อม,1
50,เชียงใหม่,7,ฝาง,เวียง,10,10,52,เครือข่ายชาวนาแห่งประเทศไทย,0
50,เชียงใหม่,7,ฝาง,เวียง,10,10,53,ไทยพิทักษ์ธรรม,0
50,เชียงใหม่,7,ฝาง,เวียง,10,10,54,ความหวังใหม่,0
50,เชียงใหม่,7,ฝาง,เวียง,10,10,55,ไทยรวมไทย,2
50,เชียงใหม่,7,ฝาง,เวียง,10,10,56,เพื่อบ้านเมือง,1
50,เชียงใหม่,7,ฝาง,เวียง,10,10,57,พลังไทยรักชาติ,0
50,เชียงใหม่,7,ฝาง,เวียง,11,11,1,ไทยทรัพย์ทวี,2
50,เชียงใหม่,7,ฝาง,เวียง,11,11,2,เพื่อชาติไทย,3
50,เชียงใหม่,7,ฝาง,เวียง,11,11,3,ใหม่,1
50,เชียงใหม่,7,ฝาง,เวียง,11,11,4,มิติใหม่,0
50,เชียงใหม่,7,ฝาง,เวียง,11,11,5,รวมใจไทย,6
50,เชียงใหม่,7,ฝาง,เวียง,11,11,6,รวมไทยสร้างชาติ,3
50,เชียงใหม่,7,ฝาง,เวียง,11,11,7,พลวัต,0
50,เชียงใหม่,7,ฝาง,เวียง,11,11,8,ประชาธิปไตยใหม่,1
50,เชียงใหม่,7,ฝาง,เวียง,11,11,9,เพื่อไทย,72
50,เชียงใหม่,7,ฝาง,เวียง,11,11,10,ทางเลือกใหม่,3
50,เชียงใหม่,7,ฝาง,เวียง,11,11,11,เศรษฐกิจ,5
50,เชียงใหม่,7,ฝาง,เวียง,11,11,12,เสรีรวมไทย,0
50,เชียงใหม่,7,ฝาง,เวียง,11,11,13,รวมพลังประชาชน,3
50,เชียงใหม่,7,ฝาง,เวียง,11,11,14,ท้องที่ไทย,0
50,เชียงใหม่,7,ฝาง,เวียง,11,11,15,อนาคตไทย,0
50,เชียงใหม่,7,ฝาง,เวียง,11,11,16,พลังเพื่อไทย,0
50,เชียงใหม่,7,ฝาง,เวียง,11,11,17,ไทยชนะ,0
50,เชียงใหม่,7,ฝาง,เวียง,11,11,18,พลังสังคมใหม่,0
50,เชียงใหม่,7,ฝาง,เวียง,11,11,19,สังคมประชาธิปไตย,0
50,เชียงใหม่,7,ฝาง,เวียง,11,11,20,ฟิวชัน,1
50,เชียงใหม่,7,ฝาง,เวียง,11,11,21,ไทยรวมพลัง,0
50,เชียงใหม่,7,ฝาง,เวียง,11,11,22,ก้าวอิสระ,0
50,เชียงใหม่,7,ฝาง,เวียง,11,11,23,ปวงชนไทย,2
50,เชียงใหม่,7,ฝาง,เวียง,11,11,24,วิชชั่นใหม่,3
50,เชียงใหม่,7,ฝาง,เวียง,11,11,25,เพื่อชีวิตใหม่,0
50,เชียงใหม่,7,ฝาง,เวียง,11,11,26,คลองไทย,2
50,เชียงใหม่,7,ฝาง,เวียง,11,11,27,ประชาธิปัตย์,5
50,เชียงใหม่,7,ฝาง,เวียง,11,11,28,ไทยก้าวหน้า,0
50,เชียงใหม่,7,ฝาง,เวียง,11,11,29,ไทยภักดี,2
50,เชียงใหม่,7,ฝาง,เวียง,11,11,30,แรงงานสร้างชาติ,0
50,เชียงใหม่,7,ฝาง,เวียง,11,11,31,ประชากรไทย,1
50,เชียงใหม่,7,ฝาง,เวียง,11,11,32,ครูไทยเพื่อประชาชน,2
50,เชียงใหม่,7,ฝาง,เวียง,11,11,33,ประชาชาติ,0
50,เชียงใหม่,7,ฝาง,เวียง,11,11,34,สร้างอนาคตไทย,1
50,เชียงใหม่,7,ฝาง,เวียง,11,11,35,รักชาติ,0
50,เชียงใหม่,7,ฝาง,เวียง,11,11,36,ไทยพร้อม,0
50,เชียงใหม่,7,ฝาง,เวียง,11,11,37,ภูมิใจไทย,19
50,เชียงใหม่,7,ฝาง,เวียง,11,11,38,พลังธรรมใหม่,1
50,เชียงใหม่,7,ฝาง,เวียง,11,11,39,กรีน,0
50,เชียงใหม่,7,ฝาง,เวียง,11,11,40,ไทยธรรม,0
50,เชียงใหม่,7,ฝาง,เวียง,11,11,41,แผ่นดินธรรม,0
50,เชียงใหม่,7,ฝาง,เวียง,11,11,42,กล้าธรรม,44
50,เชียงใหม่,7,ฝาง,เวียง,11,11,43,พลังประชารัฐ,0
50,เชียงใหม่,7,ฝาง,เวียง,11,11,44,โอกาสใหม่,0
50,เชียงใหม่,7,ฝาง,เวียง,11,11,45,เป็นธรรม,0
50,เชียงใหม่,7,ฝาง,เวียง,11,11,46,ประชาชน,55
50,เชียงใหม่,7,ฝาง,เวียง,11,11,47,ประชาไทย,0
50,เชียงใหม่,7,ฝาง,เวียง,11,11,48,ไทยสร้างไทย,0
50,เชียงใหม่,7,ฝาง,เวียง,11,11,49,ไทยก้าวใหม่,0
50,เชียงใหม่,7,ฝาง,เวียง,11,11,50,ประชาอาสาชาติ,0
50,เชียงใหม่,7,ฝาง,เวียง,11,11,51,พร้อม,0
50,เชียงใหม่,7,ฝาง,เวียง,11,11,52,เครือข่ายชาวนาแห่งประเทศไทย,0
50,เชียงใหม่,7,ฝาง,เวียง,11,11,53,ไทยพิทักษ์ธรรม,0
50,เชียงใหม่,7,ฝาง,เวียง,11,11,54,ความหวังใหม่,0
50,เชียงใหม่,7,ฝาง,เวียง,11,11,55,ไทยรวมไทย,0
50,เชียงใหม่,7,ฝาง,เวียง,11,11,56,เพื่อบ้านเมือง,0
50,เชียงใหม่,7,ฝาง,เวียง,11,11,57,พลังไทยรักชาติ,0
50,เชียงใหม่,7,ฝาง,เวียง,12,12,1,ไทยทรัพย์ทวี,1
50,เชียงใหม่,7,ฝาง,เวียง,12,12,2,เพื่อชาติไทย,9
50,เชียงใหม่,7,ฝาง,เวียง,12,12,3,ใหม่,0
50,เชียงใหม่,7,ฝาง,เวียง,12,12,4,มิติใหม่,0
50,เชียงใหม่,7,ฝาง,เวียง,12,12,5,รวมใจไทย,14
50,เชียงใหม่,7,ฝาง,เวียง,12,12,6,รวมไทยสร้างชาติ,14
50,เชียงใหม่,7,ฝาง,เวียง,12,12,7,พลวัต,5
50,เชียงใหม่,7,ฝาง,เวียง,12,12,8,ประชาธิปไตยใหม่,5
50,เชียงใหม่,7,ฝาง,เวียง,12,12,9,เพื่อไทย,35
50,เชียงใหม่,7,ฝาง,เวียง,12,12,10,ทางเลือกใหม่,2
50,เชียงใหม่,7,ฝาง,เวียง,12,12,11,เศรษฐกิจ,11
50,เชียงใหม่,7,ฝาง,เวียง,12,12,12,เสรีรวมไทย,1
50,เชียงใหม่,7,ฝาง,เวียง,12,12,13,รวมพลังประชาชน,2
50,เชียงใหม่,7,ฝาง,เวียง,12,12,14,ท้องที่ไทย,0
50,เชียงใหม่,7,ฝาง,เวียง,12,12,15,อนาคตไทย,0
50,เชียงใหม่,7,ฝาง,เวียง,12,12,16,พลังเพื่อไทย,1
50,เชียงใหม่,7,ฝาง,เวียง,12,12,17,ไทยชนะ,0
50,เชียงใหม่,7,ฝาง,เวียง,12,12,18,พลังสังคมใหม่,0
50,เชียงใหม่,7,ฝาง,เวียง,12,12,19,สังคมประชาธิปไตย,0
50,เชียงใหม่,7,ฝาง,เวียง,12,12,20,ฟิวชัน,0
50,เชียงใหม่,7,ฝาง,เวียง,12,12,21,ไทยรวมพลัง,0
50,เชียงใหม่,7,ฝาง,เวียง,12,12,22,ก้าวอิสระ,1
50,เชียงใหม่,7,ฝาง,เวียง,12,12,23,ปวงชนไทย,0
50,เชียงใหม่,7,ฝาง,เวียง,12,12,24,วิชชั่นใหม่,0
50,เชียงใหม่,7,ฝาง,เวียง,12,12,25,เพื่อชีวิตใหม่,0
50,เชียงใหม่,7,ฝาง,เวียง,12,12,26,คลองไทย,0
50,เชียงใหม่,7,ฝาง,เวียง,12,12,27,ประชาธิปัตย์,24
50,เชียงใหม่,7,ฝาง,เวียง,12,12,28,ไทยก้าวหน้า,0
50,เชียงใหม่,7,ฝาง,เวียง,12,12,29,ไทยภักดี,0
50,เชียงใหม่,7,ฝาง,เวียง,12,12,30,แรงงานสร้างชาติ,2
50,เชียงใหม่,7,ฝาง,เวียง,12,12,31,ประชากรไทย,2
50,เชียงใหม่,7,ฝาง,เวียง,12,12,32,ครูไทยเพื่อประชาชน,0
50,เชียงใหม่,7,ฝาง,เวียง,12,12,33,ประชาชาติ,0
50,เชียงใหม่,7,ฝาง,เวียง,12,12,34,สร้างอนาคตไทย,0
50,เชียงใหม่,7,ฝาง,เวียง,12,12,35,รักชาติ,1
50,เชียงใหม่,7,ฝาง,เวียง,12,12,36,ไทยพร้อม,2
50,เชียงใหม่,7,ฝาง,เวียง,12,12,37,ภูมิใจไทย,46
50,เชียงใหม่,7,ฝาง,เวียง,12,12,38,พลังธรรมใหม่,0
50,เชียงใหม่,7,ฝาง,เวียง,12,12,39,กรีน,1
50,เชียงใหม่,7,ฝาง,เวียง,12,12,40,ไทยธรรม,0
50,เชียงใหม่,7,ฝาง,เวียง,12,12,41,แผ่นดินธรรม,0
50,เชียงใหม่,7,ฝาง,เวียง,12,12,42,กล้าธรรม,19
50,เชียงใหม่,7,ฝาง,เวียง,12,12,43,พลังประชารัฐ,3
50,เชียงใหม่,7,ฝาง,เวียง,12,12,44,โอกาสใหม่,0
50,เชียงใหม่,7,ฝาง,เวียง,12,12,45,เป็นธรรม,0
50,เชียงใหม่,7,ฝาง,เวียง,12,12,46,ประชาชน,76
50,เชียงใหม่,7,ฝาง,เวียง,12,12,47,ประชาไทย,0
50,เชียงใหม่,7,ฝาง,เวียง,12,12,48,ไทยสร้างไทย,1
50,เชียงใหม่,7,ฝาง,เวียง,12,12,49,ไทยก้าวใหม่,2
50,เชียงใหม่,7,ฝาง,เวียง,12,12,50,ประชาอาสาชาติ,0
50,เชียงใหม่,7,ฝาง,เวียง,12,12,51,พร้อม,0
50,เชียงใหม่,7,ฝาง,เวียง,12,12,52,เครือข่ายชาวนาแห่งประเทศไทย,0
50,เชียงใหม่,7,ฝาง,เวียง,12,12,53,ไทยพิทักษ์ธรรม,0
50,เชียงใหม่,7,ฝาง,เวียง,12,12,54,ความหวังใหม่,0
50,เชียงใหม่,7,ฝาง,เวียง,12,12,55,ไทยรวมไทย,0
50,เชียงใหม่,7,ฝาง,เวียง,12,12,56,เพื่อบ้านเมือง,0
50,เชียงใหม่,7,ฝาง,เวียง,12,12,57,พลังไทยรักชาติ,2
50,เชียงใหม่,7,ฝาง,เวียง,12,13,1,ไทยทรัพย์ทวี,2
50,เชียงใหม่,7,ฝาง,เวียง,12,13,2,เพื่อชาติไทย,4
50,เชียงใหม่,7,ฝาง,เวียง,12,13,3,ใหม่,0
50,เชียงใหม่,7,ฝาง,เวียง,12,13,4,มิติใหม่,1
50,เชียงใหม่,7,ฝาง,เวียง,12,13,5,รวมใจไทย,7
50,เชียงใหม่,7,ฝาง,เวียง,12,13,6,รวมไทยสร้างชาติ,11
50,เชียงใหม่,7,ฝาง,เวียง,12,13,7,พลวัต,4
50,เชียงใหม่,7,ฝาง,เวียง,12,13,8,ประชาธิปไตยใหม่,1
50,เชียงใหม่,7,ฝาง,เวียง,12,13,9,เพื่อไทย,30
50,เชียงใหม่,7,ฝาง,เวียง,12,13,10,ทางเลือกใหม่,1
50,เชียงใหม่,7,ฝาง,เวียง,12,13,11,เศรษฐกิจ,19
50,เชียงใหม่,7,ฝาง,เวียง,12,13,12,เสรีรวมไทย,2
50,เชียงใหม่,7,ฝาง,เวียง,12,13,13,รวมพลังประชาชน,0
50,เชียงใหม่,7,ฝาง,เวียง,12,13,14,ท้องที่ไทย,0
50,เชียงใหม่,7,ฝาง,เวียง,12,13,15,อนาคตไทย,1
50,เชียงใหม่,7,ฝาง,เวียง,12,13,16,พลังเพื่อไทย,0
50,เชียงใหม่,7,ฝาง,เวียง,12,13,17,ไทยชนะ,1
50,เชียงใหม่,7,ฝาง,เวียง,12,13,18,พลังสังคมใหม่,1
50,เชียงใหม่,7,ฝาง,เวียง,12,13,19,สังคมประชาธิปไตย,0
50,เชียงใหม่,7,ฝาง,เวียง,12,13,20,ฟิวชัน,0
50,เชียงใหม่,7,ฝาง,เวียง,12,13,21,ไทยรวมพลัง,0
50,เชียงใหม่,7,ฝาง,เวียง,12,13,22,ก้าวอิสระ,0
50,เชียงใหม่,7,ฝาง,เวียง,12,13,23,ปวงชนไทย,0
50,เชียงใหม่,7,ฝาง,เวียง,12,13,24,วิชชั่นใหม่,1
50,เชียงใหม่,7,ฝาง,เวียง,12,13,25,เพื่อชีวิตใหม่,0
50,เชียงใหม่,7,ฝาง,เวียง,12,13,26,คลองไทย,1
50,เชียงใหม่,7,ฝาง,เวียง,12,13,27,ประชาธิปัตย์,21
50,เชียงใหม่,7,ฝาง,เวียง,12,13,28,ไทยก้าวหน้า,0
50,เชียงใหม่,7,ฝาง,เวียง,12,13,29,ไทยภักดี,0
50,เชียงใหม่,7,ฝาง,เวียง,12,13,30,แรงงานสร้างชาติ,0
50,เชียงใหม่,7,ฝาง,เวียง,12,13,31,ประชากรไทย,0
50,เชียงใหม่,7,ฝาง,เวียง,12,13,32,ครูไทยเพื่อประชาชน,0
50,เชียงใหม่,7,ฝาง,เวียง,12,13,33,ประชาชาติ,1
50,เชียงใหม่,7,ฝาง,เวียง,12,13,34,สร้างอนาคตไทย,0
50,เชียงใหม่,7,ฝาง,เวียง,12,13,35,รักชาติ,1
50,เชียงใหม่,7,ฝาง,เวียง,12,13,36,ไทยพร้อม,3
50,เชียงใหม่,7,ฝาง,เวียง,12,13,37,ภูมิใจไทย,26
50,เชียงใหม่,7,ฝาง,เวียง,12,13,38,พลังธรรมใหม่,0
50,เชียงใหม่,7,ฝาง,เวียง,12,13,39,กรีน,0
50,เชียงใหม่,7,ฝาง,เวียง,12,13,40,ไทยธรรม,1
50,เชียงใหม่,7,ฝาง,เวียง,12,13,41,แผ่นดินธรรม,0
50,เชียงใหม่,7,ฝาง,เวียง,12,13,42,กล้าธรรม,26
50,เชียงใหม่,7,ฝาง,เวียง,12,13,43,พลังประชารัฐ,2
50,เชียงใหม่,7,ฝาง,เวียง,12,13,44,โอกาสใหม่,0
50,เชียงใหม่,7,ฝาง,เวียง,12,13,45,เป็นธรรม,1
50,เชียงใหม่,7,ฝาง,เวียง,12,13,46,ประชาชน,149
50,เชียงใหม่,7,ฝาง,เวียง,12,13,47,ประชาไทย,1
50,เชียงใหม่,7,ฝาง,เวียง,12,13,48,ไทยสร้างไทย,0
50,เชียงใหม่,7,ฝาง,เวียง,12,13,49,ไทยก้าวใหม่,0
50,เชียงใหม่,7,ฝาง,เวียง,12,13,50,ประชาอาสาชาติ,0
50,เชียงใหม่,7,ฝาง,เวียง,12,13,51,พร้อม,0
50,เชียงใหม่,7,ฝาง,เวียง,12,13,52,เครือข่ายชาวนาแห่งประเทศไทย,1
50,เชียงใหม่,7,ฝาง,เวียง,12,13,53,ไทยพิทักษ์ธรรม,0
50,เชียงใหม่,7,ฝาง,เวียง,12,13,54,ความหวังใหม่,1
50,เชียงใหม่,7,ฝาง,เวียง,12,13,55,ไทยรวมไทย,0
50,เชียงใหม่,7,ฝาง,เวียง,12,13,56,เพื่อบ้านเมือง,0
50,เชียงใหม่,7,ฝาง,เวียง,12,13,57,พลังไทยรักชาติ,0
50,เชียงใหม่,7,ฝาง,เวียง,13,14,1,ไทยทรัพย์ทวี,0
50,เชียงใหม่,7,ฝาง,เวียง,13,14,2,เพื่อชาติไทย,3
50,เชียงใหม่,7,ฝาง,เวียง,13,14,3,ใหม่,2
50,เชียงใหม่,7,ฝาง,เวียง,13,14,4,มิติใหม่,3
50,เชียงใหม่,7,ฝาง,เวียง,13,14,5,รวมใจไทย,6
50,เชียงใหม่,7,ฝาง,เวียง,13,14,6,รวมไทยสร้างชาติ,7
50,เชียงใหม่,7,ฝาง,เวียง,13,14,7,พลวัต,10
50,เชียงใหม่,7,ฝาง,เวียง,13,14,8,ประชาธิปไตยใหม่,1
50,เชียงใหม่,7,ฝาง,เวียง,13,14,9,เพื่อไทย,59
50,เชียงใหม่,7,ฝาง,เวียง,13,14,10,ทางเลือกใหม่,1
50,เชียงใหม่,7,ฝาง,เวียง,13,14,11,เศรษฐกิจ,4
50,เชียงใหม่,7,ฝาง,เวียง,13,14,12,เสรีรวมไทย,1
50,เชียงใหม่,7,ฝาง,เวียง,13,14,13,รวมพลังประชาชน,2
50,เชียงใหม่,7,ฝาง,เวียง,13,14,14,ท้องที่ไทย,0
50,เชียงใหม่,7,ฝาง,เวียง,13,14,15,อนาคตไทย,1
50,เชียงใหม่,7,ฝาง,เวียง,13,14,16,พลังเพื่อไทย,1
50,เชียงใหม่,7,ฝาง,เวียง,13,14,17,ไทยชนะ,0
50,เชียงใหม่,7,ฝาง,เวียง,13,14,18,พลังสังคมใหม่,1
50,เชียงใหม่,7,ฝาง,เวียง,13,14,19,สังคมประชาธิปไตย,0
50,เชียงใหม่,7,ฝาง,เวียง,13,14,20,ฟิวชัน,1
50,เชียงใหม่,7,ฝาง,เวียง,13,14,21,ไทยรวมพลัง,1
50,เชียงใหม่,7,ฝาง,เวียง,13,14,22,ก้าวอิสระ,0
50,เชียงใหม่,7,ฝาง,เวียง,13,14,23,ปวงชนไทย,1
50,เชียงใหม่,7,ฝาง,เวียง,13,14,24,วิชชั่นใหม่,2
50,เชียงใหม่,7,ฝาง,เวียง,13,14,25,เพื่อชีวิตใหม่,0
50,เชียงใหม่,7,ฝาง,เวียง,13,14,26,คลองไทย,0
50,เชียงใหม่,7,ฝาง,เวียง,13,14,27,ประชาธิปัตย์,5
50,เชียงใหม่,7,ฝาง,เวียง,13,14,28,ไทยก้าวหน้า,1
50,เชียงใหม่,7,ฝาง,เวียง,13,14,29,ไทยภักดี,0
50,เชียงใหม่,7,ฝาง,เวียง,13,14,30,แรงงานสร้างชาติ,1
50,เชียงใหม่,7,ฝาง,เวียง,13,14,31,ประชากรไทย,0
50,เชียงใหม่,7,ฝาง,เวียง,13,14,32,ครูไทยเพื่อประชาชน,0
50,เชียงใหม่,7,ฝาง,เวียง,13,14,33,ประชาชาติ,0
50,เชียงใหม่,7,ฝาง,เวียง,13,14,34,สร้างอนาคตไทย,0
50,เชียงใหม่,7,ฝาง,เวียง,13,14,35,รักชาติ,0
50,เชียงใหม่,7,ฝาง,เวียง,13,14,36,ไทยพร้อม,1
50,เชียงใหม่,7,ฝาง,เวียง,13,14,37,ภูมิใจไทย,14
50,เชียงใหม่,7,ฝาง,เวียง,13,14,38,พลังธรรมใหม่,2
50,เชียงใหม่,7,ฝาง,เวียง,13,14,39,กรีน,0
50,เชียงใหม่,7,ฝาง,เวียง,13,14,40,ไทยธรรม,0
50,เชียงใหม่,7,ฝาง,เวียง,13,14,41,แผ่นดินธรรม,2
50,เชียงใหม่,7,ฝาง,เวียง,13,14,42,กล้าธรรม,52
50,เชียงใหม่,7,ฝาง,เวียง,13,14,43,พลังประชารัฐ,0
50,เชียงใหม่,7,ฝาง,เวียง,13,14,44,โอกาสใหม่,2
50,เชียงใหม่,7,ฝาง,เวียง,13,14,45,เป็นธรรม,2
50,เชียงใหม่,7,ฝาง,เวียง,13,14,46,ประชาชน,87
50,เชียงใหม่,7,ฝาง,เวียง,13,14,47,ประชาไทย,1
50,เชียงใหม่,7,ฝาง,เวียง,13,14,48,ไทยสร้างไทย,0
50,เชียงใหม่,7,ฝาง,เวียง,13,14,49,ไทยก้าวใหม่,1
50,เชียงใหม่,7,ฝาง,เวียง,13,14,50,ประชาอาสาชาติ,1
50,เชียงใหม่,7,ฝาง,เวียง,13,14,51,พร้อม,0
50,เชียงใหม่,7,ฝาง,เวียง,13,14,52,เครือข่ายชาวนาแห่งประเทศไทย,0
50,เชียงใหม่,7,ฝาง,เวียง,13,14,53,ไทยพิทักษ์ธรรม,1
50,เชียงใหม่,7,ฝาง,เวียง,13,14,54,ความหวังใหม่,0
50,เชียงใหม่,7,ฝาง,เวียง,13,14,55,ไทยรวมไทย,0
50,เชียงใหม่,7,ฝาง,เวียง,13,14,56,เพื่อบ้านเมือง,1
50,เชียงใหม่,7,ฝาง,เวียง,13,14,57,พลังไทยรักชาติ,2
50,เชียงใหม่,7,ฝาง,เวียง,13,15,1,ไทยทรัพย์ทวี,2
50,เชียงใหม่,7,ฝาง,เวียง,13,15,2,เพื่อชาติไทย,2
50,เชียงใหม่,7,ฝาง,เวียง,13,15,3,ใหม่,0
50,เชียงใหม่,7,ฝาง,เวียง,13,15,4,มิติใหม่,1
50,เชียงใหม่,7,ฝาง,เวียง,13,15,5,รวมใจไทย,12
50,เชียงใหม่,7,ฝาง,เวียง,13,15,6,รวมไทยสร้างชาติ,6
50,เชียงใหม่,7,ฝาง,เวียง,13,15,7,พลวัต,3
50,เชียงใหม่,7,ฝาง,เวียง,13,15,8,ประชาธิปไตยใหม่,1
50,เชียงใหม่,7,ฝาง,เวียง,13,15,9,เพื่อไทย,33
50,เชียงใหม่,7,ฝาง,เวียง,13,15,10,ทางเลือกใหม่,2
50,เชียงใหม่,7,ฝาง,เวียง,13,15,11,เศรษฐกิจ,5
50,เชียงใหม่,7,ฝาง,เวียง,13,15,12,เสรีรวมไทย,0
50,เชียงใหม่,7,ฝาง,เวียง,13,15,13,รวมพลังประชาชน,1
50,เชียงใหม่,7,ฝาง,เวียง,13,15,14,ท้องที่ไทย,0
50,เชียงใหม่,7,ฝาง,เวียง,13,15,15,อนาคตไทย,0
50,เชียงใหม่,7,ฝาง,เวียง,13,15,16,พลังเพื่อไทย,0
50,เชียงใหม่,7,ฝาง,เวียง,13,15,17,ไทยชนะ,2
50,เชียงใหม่,7,ฝาง,เวียง,13,15,18,พลังสังคมใหม่,0
50,เชียงใหม่,7,ฝาง,เวียง,13,15,19,สังคมประชาธิปไตย,0
50,เชียงใหม่,7,ฝาง,เวียง,13,15,20,ฟิวชัน,0
50,เชียงใหม่,7,ฝาง,เวียง,13,15,21,ไทยรวมพลัง,0
50,เชียงใหม่,7,ฝาง,เวียง,13,15,22,ก้าวอิสระ,0
50,เชียงใหม่,7,ฝาง,เวียง,13,15,23,ปวงชนไทย,0
50,เชียงใหม่,7,ฝาง,เวียง,13,15,24,วิชชั่นใหม่,4
50,เชียงใหม่,7,ฝาง,เวียง,13,15,25,เพื่อชีวิตใหม่,0
50,เชียงใหม่,7,ฝาง,เวียง,13,15,26,คลองไทย,1
50,เชียงใหม่,7,ฝาง,เวียง,13,15,27,ประชาธิปัตย์,5
50,เชียงใหม่,7,ฝาง,เวียง,13,15,28,ไทยก้าวหน้า,0
50,เชียงใหม่,7,ฝาง,เวียง,13,15,29,ไทยภักดี,1
50,เชียงใหม่,7,ฝาง,เวียง,13,15,30,แรงงานสร้างชาติ,0
50,เชียงใหม่,7,ฝาง,เวียง,13,15,31,ประชากรไทย,1
50,เชียงใหม่,7,ฝาง,เวียง,13,15,32,ครูไทยเพื่อประชาชน,0
50,เชียงใหม่,7,ฝาง,เวียง,13,15,33,ประชาชาติ,0
50,เชียงใหม่,7,ฝาง,เวียง,13,15,34,สร้างอนาคตไทย,0
50,เชียงใหม่,7,ฝาง,เวียง,13,15,35,รักชาติ,0
50,เชียงใหม่,7,ฝาง,เวียง,13,15,36,ไทยพร้อม,0
50,เชียงใหม่,7,ฝาง,เวียง,13,15,37,ภูมิใจไทย,6
50,เชียงใหม่,7,ฝาง,เวียง,13,15,38,พลังธรรมใหม่,2
50,เชียงใหม่,7,ฝาง,เวียง,13,15,39,กรีน,0
50,เชียงใหม่,7,ฝาง,เวียง,13,15,40,ไทยธรรม,0
50,เชียงใหม่,7,ฝาง,เวียง,13,15,41,แผ่นดินธรรม,2
50,เชียงใหม่,7,ฝาง,เวียง,13,15,42,กล้าธรรม,137
50,เชียงใหม่,7,ฝาง,เวียง,13,15,43,พลังประชารัฐ,2
50,เชียงใหม่,7,ฝาง,เวียง,13,15,44,โอกาสใหม่,0
50,เชียงใหม่,7,ฝาง,เวียง,13,15,45,เป็นธรรม,1
50,เชียงใหม่,7,ฝาง,เวียง,13,15,46,ประชาชน,75
50,เชียงใหม่,7,ฝาง,เวียง,13,15,47,ประชาไทย,1
50,เชียงใหม่,7,ฝาง,เวียง,13,15,48,ไทยสร้างไทย,0
50,เชียงใหม่,7,ฝาง,เวียง,13,15,49,ไทยก้าวใหม่,0
50,เชียงใหม่,7,ฝาง,เวียง,13,15,50,ประชาอาสาชาติ,0
50,เชียงใหม่,7,ฝาง,เวียง,13,15,51,พร้อม,1
50,เชียงใหม่,7,ฝาง,เวียง,13,15,52,เครือข่ายชาวนาแห่งประเทศไทย,0
50,เชียงใหม่,7,ฝาง,เวียง,13,15,53,ไทยพิทักษ์ธรรม,0
50,เชียงใหม่,7,ฝาง,เวียง,13,15,54,ความหวังใหม่,0
50,เชียงใหม่,7,ฝาง,เวียง,13,15,55,ไทยรวมไทย,0
50,เชียงใหม่,7,ฝาง,เวียง,13,15,56,เพื่อบ้านเมือง,0
50,เชียงใหม่,7,ฝาง,เวียง,13,15,57,พลังไทยรักชาติ,0
50,เชียงใหม่,7,ฝาง,เวียง,14,16,1,ไทยทรัพย์ทวี,0
50,เชียงใหม่,7,ฝาง,เวียง,14,16,2,เพื่อชาติไทย,0
50,เชียงใหม่,7,ฝาง,เวียง,14,16,3,ใหม่,0
50,เชียงใหม่,7,ฝาง,เวียง,14,16,4,มิติใหม่,1
50,เชียงใหม่,7,ฝาง,เวียง,14,16,5,รวมใจไทย,2
50,เชียงใหม่,7,ฝาง,เวียง,14,16,6,รวมไทยสร้างชาติ,3
50,เชียงใหม่,7,ฝาง,เวียง,14,16,7,พลวัต,0
50,เชียงใหม่,7,ฝาง,เวียง,14,16,8,ประชาธิปไตยใหม่,1
50,เชียงใหม่,7,ฝาง,เวียง,14,16,9,เพื่อไทย,100
50,เชียงใหม่,7,ฝาง,เวียง,14,16,10,ทางเลือกใหม่,0
50,เชียงใหม่,7,ฝาง,เวียง,14,16,11,เศรษฐกิจ,11
50,เชียงใหม่,7,ฝาง,เวียง,14,16,12,เสรีรวมไทย,2
50,เชียงใหม่,7,ฝาง,เวียง,14,16,13,รวมพลังประชาชน,1
50,เชียงใหม่,7,ฝาง,เวียง,14,16,14,ท้องที่ไทย,1
50,เชียงใหม่,7,ฝาง,เวียง,14,16,15,อนาคตไทย,0
50,เชียงใหม่,7,ฝาง,เวียง,14,16,16,พลังเพื่อไทย,1
50,เชียงใหม่,7,ฝาง,เวียง,14,16,17,ไทยชนะ,0
50,เชียงใหม่,7,ฝาง,เวียง,14,16,18,พลังสังคมใหม่,0
50,เชียงใหม่,7,ฝาง,เวียง,14,16,19,สังคมประชาธิปไตย,0
50,เชียงใหม่,7,ฝาง,เวียง,14,16,20,ฟิวชัน,0
50,เชียงใหม่,7,ฝาง,เวียง,14,16,21,ไทยรวมพลัง,0
50,เชียงใหม่,7,ฝาง,เวียง,14,16,22,ก้าวอิสระ,1
50,เชียงใหม่,7,ฝาง,เวียง,14,16,23,ปวงชนไทย,0
50,เชียงใหม่,7,ฝาง,เวียง,14,16,24,วิชชั่นใหม่,3
50,เชียงใหม่,7,ฝาง,เวียง,14,16,25,เพื่อชีวิตใหม่,0
50,เชียงใหม่,7,ฝาง,เวียง,14,16,26,คลองไทย,0
50,เชียงใหม่,7,ฝาง,เวียง,14,16,27,ประชาธิปัตย์,3
50,เชียงใหม่,7,ฝาง,เวียง,14,16,28,ไทยก้าวหน้า,0
50,เชียงใหม่,7,ฝาง,เวียง,14,16,29,ไทยภักดี,0
50,เชียงใหม่,7,ฝาง,เวียง,14,16,30,แรงงานสร้างชาติ,0
50,เชียงใหม่,7,ฝาง,เวียง,14,16,31,ประชากรไทย,0
50,เชียงใหม่,7,ฝาง,เวียง,14,16,32,ครูไทยเพื่อประชาชน,1
50,เชียงใหม่,7,ฝาง,เวียง,14,16,33,ประชาชาติ,0
50,เชียงใหม่,7,ฝาง,เวียง,14,16,34,สร้างอนาคตไทย,0
50,เชียงใหม่,7,ฝาง,เวียง,14,16,35,รักชาติ,0
50,เชียงใหม่,7,ฝาง,เวียง,14,16,36,ไทยพร้อม,0
50,เชียงใหม่,7,ฝาง,เวียง,14,16,37,ภูมิใจไทย,31
50,เชียงใหม่,7,ฝาง,เวียง,14,16,38,พลังธรรมใหม่,2
50,เชียงใหม่,7,ฝาง,เวียง,14,16,39,กรีน,0
50,เชียงใหม่,7,ฝาง,เวียง,14,16,40,ไทยธรรม,0
50,เชียงใหม่,7,ฝาง,เวียง,14,16,41,แผ่นดินธรรม,0
50,เชียงใหม่,7,ฝาง,เวียง,14,16,42,กล้าธรรม,50
50,เชียงใหม่,7,ฝาง,เวียง,14,16,43,พลังประชารัฐ,1
50,เชียงใหม่,7,ฝาง,เวียง,14,16,44,โอกาสใหม่,0
50,เชียงใหม่,7,ฝาง,เวียง,14,16,45,เป็นธรรม,0
50,เชียงใหม่,7,ฝาง,เวียง,14,16,46,ประชาชน,128
50,เชียงใหม่,7,ฝาง,เวียง,14,16,47,ประชาไทย,0
50,เชียงใหม่,7,ฝาง,เวียง,14,16,48,ไทยสร้างไทย,1
50,เชียงใหม่,7,ฝาง,เวียง,14,16,49,ไทยก้าวใหม่,0
50,เชียงใหม่,7,ฝาง,เวียง,14,16,50,ประชาอาสาชาติ,0
50,เชียงใหม่,7,ฝาง,เวียง,14,16,51,พร้อม,0
50,เชียงใหม่,7,ฝาง,เวียง,14,16,52,เครือข่ายชาวนาแห่งประเทศไทย,0
50,เชียงใหม่,7,ฝาง,เวียง,14,16,53,ไทยพิทักษ์ธรรม,0
50,เชียงใหม่,7,ฝาง,เวียง,14,16,54,ความหวังใหม่,0
50,เชียงใหม่,7,ฝาง,เวียง,14,16,55,ไทยรวมไทย,0
50,เชียงใหม่,7,ฝาง,เวียง,14,16,56,เพื่อบ้านเมือง,0
50,เชียงใหม่,7,ฝาง,เวียง,14,16,57,พลังไทยรักชาติ,0
50,เชียงใหม่,7,ฝาง,เวียง,15,17,1,ไทยทรัพย์ทวี,1
50,เชียงใหม่,7,ฝาง,เวียง,15,17,2,เพื่อชาติไทย,7
50,เชียงใหม่,7,ฝาง,เวียง,15,17,3,ใหม่,2
50,เชียงใหม่,7,ฝาง,เวียง,15,17,4,มิติใหม่,2
50,เชียงใหม่,7,ฝาง,เวียง,15,17,5,รวมใจไทย,23
50,เชียงใหม่,7,ฝาง,เวียง,15,17,6,รวมไทยสร้างชาติ,12
50,เชียงใหม่,7,ฝาง,เวียง,15,17,7,พลวัต,4
50,เชียงใหม่,7,ฝาง,เวียง,15,17,8,ประชาธิปไตยใหม่,1
50,เชียงใหม่,7,ฝาง,เวียง,15,17,9,เพื่อไทย,57
50,เชียงใหม่,7,ฝาง,เวียง,15,17,10,ทางเลือกใหม่,2
50,เชียงใหม่,7,ฝาง,เวียง,15,17,11,เศรษฐกิจ,22
50,เชียงใหม่,7,ฝาง,เวียง,15,17,12,เสรีรวมไทย,2
50,เชียงใหม่,7,ฝาง,เวียง,15,17,13,รวมพลังประชาชน,5
50,เชียงใหม่,7,ฝาง,เวียง,15,17,14,ท้องที่ไทย,1
50,เชียงใหม่,7,ฝาง,เวียง,15,17,15,อนาคตไทย,0
50,เชียงใหม่,7,ฝาง,เวียง,15,17,16,พลังเพื่อไทย,1
50,เชียงใหม่,7,ฝาง,เวียง,15,17,17,ไทยชนะ,1
50,เชียงใหม่,7,ฝาง,เวียง,15,17,18,พลังสังคมใหม่,0
50,เชียงใหม่,7,ฝาง,เวียง,15,17,19,สังคมประชาธิปไตย,1
50,เชียงใหม่,7,ฝาง,เวียง,15,17,20,ฟิวชัน,0
50,เชียงใหม่,7,ฝาง,เวียง,15,17,21,ไทยรวมพลัง,0
50,เชียงใหม่,7,ฝาง,เวียง,15,17,22,ก้าวอิสระ,3
50,เชียงใหม่,7,ฝาง,เวียง,15,17,23,ปวงชนไทย,1
50,เชียงใหม่,7,ฝาง,เวียง,15,17,24,วิชชั่นใหม่,9
50,เชียงใหม่,7,ฝาง,เวียง,15,17,25,เพื่อชีวิตใหม่,5
50,เชียงใหม่,7,ฝาง,เวียง,15,17,26,คลองไทย,0
50,เชียงใหม่,7,ฝาง,เวียง,15,17,27,ประชาธิปัตย์,8
50,เชียงใหม่,7,ฝาง,เวียง,15,17,28,ไทยก้าวหน้า,0
50,เชียงใหม่,7,ฝาง,เวียง,15,17,29,ไทยภักดี,2
50,เชียงใหม่,7,ฝาง,เวียง,15,17,30,แรงงานสร้างชาติ,3
50,เชียงใหม่,7,ฝาง,เวียง,15,17,31,ประชากรไทย,1
50,เชียงใหม่,7,ฝาง,เวียง,15,17,32,ครูไทยเพื่อประชาชน,0
50,เชียงใหม่,7,ฝาง,เวียง,15,17,33,ประชาชาติ,1
50,เชียงใหม่,7,ฝาง,เวียง,15,17,34,สร้างอนาคตไทย,2
50,เชียงใหม่,7,ฝาง,เวียง,15,17,35,รักชาติ,3
50,เชียงใหม่,7,ฝาง,เวียง,15,17,36,ไทยพร้อม,1
50,เชียงใหม่,7,ฝาง,เวียง,15,17,37,ภูมิใจไทย,39
50,เชียงใหม่,7,ฝาง,เวียง,15,17,38,พลังธรรมใหม่,0
50,เชียงใหม่,7,ฝาง,เวียง,15,17,39,กรีน,0
50,เชียงใหม่,7,ฝาง,เวียง,15,17,40,ไทยธรรม,1
50,เชียงใหม่,7,ฝาง,เวียง,15,17,41,แผ่นดินธรรม,2
50,เชียงใหม่,7,ฝาง,เวียง,15,17,42,กล้าธรรม,197
50,เชียงใหม่,7,ฝาง,เวียง,15,17,43,พลังประชารัฐ,3
50,เชียงใหม่,7,ฝาง,เวียง,15,17,44,โอกาสใหม่,3
50,เชียงใหม่,7,ฝาง,เวียง,15,17,45,เป็นธรรม,1
50,เชียงใหม่,7,ฝาง,เวียง,15,17,46,ประชาชน,65
50,เชียงใหม่,7,ฝาง,เวียง,15,17,47,ประชาไทย,2
50,เชียงใหม่,7,ฝาง,เวียง,15,17,48,ไทยสร้างไทย,1
50,เชียงใหม่,7,ฝาง,เวียง,15,17,49,ไทยก้าวใหม่,0
50,เชียงใหม่,7,ฝาง,เวียง,15,17,50,ประชาอาสาชาติ,0
50,เชียงใหม่,7,ฝาง,เวียง,15,17,51,พร้อม,0
50,เชียงใหม่,7,ฝาง,เวียง,15,17,52,เครือข่ายชาวนาแห่งประเทศไทย,2
50,เชียงใหม่,7,ฝาง,เวียง,15,17,53,ไทยพิทักษ์ธรรม,1
50,เชียงใหม่,7,ฝาง,เวียง,15,17,54,ความหวังใหม่,0
50,เชียงใหม่,7,ฝาง,เวียง,15,17,55,ไทยรวมไทย,0
50,เชียงใหม่,7,ฝาง,เวียง,15,17,56,เพื่อบ้านเมือง,0
50,เชียงใหม่,7,ฝาง,เวียง,15,17,57,พลังไทยรักชาติ,0
50,เชียงใหม่,7,ฝาง,เวียง,16,18,1,ไทยทรัพย์ทวี,0
50,เชียงใหม่,7,ฝาง,เวียง,16,18,2,เพื่อชาติไทย,5
50,เชียงใหม่,7,ฝาง,เวียง,16,18,3,ใหม่,0
50,เชียงใหม่,7,ฝาง,เวียง,16,18,4,มิติใหม่,0
50,เชียงใหม่,7,ฝาง,เวียง,16,18,5,รวมใจไทย,8
50,เชียงใหม่,7,ฝาง,เวียง,16,18,6,รวมไทยสร้างชาติ,3
50,เชียงใหม่,7,ฝาง,เวียง,16,18,7,พลวัต,0
50,เชียงใหม่,7,ฝาง,เวียง,16,18,8,ประชาธิปไตยใหม่,1
50,เชียงใหม่,7,ฝาง,เวียง,16,18,9,เพื่อไทย,45
50,เชียงใหม่,7,ฝาง,เวียง,16,18,10,ทางเลือกใหม่,1
50,เชียงใหม่,7,ฝาง,เวียง,16,18,11,เศรษฐกิจ,4
50,เชียงใหม่,7,ฝาง,เวียง,16,18,12,เสรีรวมไทย,2
50,เชียงใหม่,7,ฝาง,เวียง,16,18,13,รวมพลังประชาชน,3
50,เชียงใหม่,7,ฝาง,เวียง,16,18,14,ท้องที่ไทย,1
50,เชียงใหม่,7,ฝาง,เวียง,16,18,15,อนาคตไทย,0
50,เชียงใหม่,7,ฝาง,เวียง,16,18,16,พลังเพื่อไทย,0
50,เชียงใหม่,7,ฝาง,เวียง,16,18,17,ไทยชนะ,0
50,เชียงใหม่,7,ฝาง,เวียง,16,18,18,พลังสังคมใหม่,0
50,เชียงใหม่,7,ฝาง,เวียง,16,18,19,สังคมประชาธิปไตย,1
50,เชียงใหม่,7,ฝาง,เวียง,16,18,20,ฟิวชัน,0
50,เชียงใหม่,7,ฝาง,เวียง,16,18,21,ไทยรวมพลัง,0
50,เชียงใหม่,7,ฝาง,เวียง,16,18,22,ก้าวอิสระ,1
50,เชียงใหม่,7,ฝาง,เวียง,16,18,23,ปวงชนไทย,0
50,เชียงใหม่,7,ฝาง,เวียง,16,18,24,วิชชั่นใหม่,0
50,เชียงใหม่,7,ฝาง,เวียง,16,18,25,เพื่อชีวิตใหม่,0
50,เชียงใหม่,7,ฝาง,เวียง,16,18,26,คลองไทย,0
50,เชียงใหม่,7,ฝาง,เวียง,16,18,27,ประชาธิปัตย์,3
50,เชียงใหม่,7,ฝาง,เวียง,16,18,28,ไทยก้าวหน้า,1
50,เชียงใหม่,7,ฝาง,เวียง,16,18,29,ไทยภักดี,0
50,เชียงใหม่,7,ฝาง,เวียง,16,18,30,แรงงานสร้างชาติ,1
50,เชียงใหม่,7,ฝาง,เวียง,16,18,31,ประชากรไทย,0
50,เชียงใหม่,7,ฝาง,เวียง,16,18,32,ครูไทยเพื่อประชาชน,0
50,เชียงใหม่,7,ฝาง,เวียง,16,18,33,ประชาชาติ,0
50,เชียงใหม่,7,ฝาง,เวียง,16,18,34,สร้างอนาคตไทย,0
50,เชียงใหม่,7,ฝาง,เวียง,16,18,35,รักชาติ,0
50,เชียงใหม่,7,ฝาง,เวียง,16,18,36,ไทยพร้อม,0
50,เชียงใหม่,7,ฝาง,เวียง,16,18,37,ภูมิใจไทย,11
50,เชียงใหม่,7,ฝาง,เวียง,16,18,38,พลังธรรมใหม่,0
50,เชียงใหม่,7,ฝาง,เวียง,16,18,39,กรีน,0
50,เชียงใหม่,7,ฝาง,เวียง,16,18,40,ไทยธรรม,0
50,เชียงใหม่,7,ฝาง,เวียง,16,18,41,แผ่นดินธรรม,0
50,เชียงใหม่,7,ฝาง,เวียง,16,18,42,กล้าธรรม,22
50,เชียงใหม่,7,ฝาง,เวียง,16,18,43,พลังประชารัฐ,0
50,เชียงใหม่,7,ฝาง,เวียง,16,18,44,โอกาสใหม่,0
50,เชียงใหม่,7,ฝาง,เวียง,16,18,45,เป็นธรรม,0
50,เชียงใหม่,7,ฝาง,เวียง,16,18,46,ประชาชน,38
50,เชียงใหม่,7,ฝาง,เวียง,16,18,47,ประชาไทย,1
50,เชียงใหม่,7,ฝาง,เวียง,16,18,48,ไทยสร้างไทย,2
50,เชียงใหม่,7,ฝาง,เวียง,16,18,49,ไทยก้าวใหม่,0
50,เชียงใหม่,7,ฝาง,เวียง,16,18,50,ประชาอาสาชาติ,0
50,เชียงใหม่,7,ฝาง,เวียง,16,18,51,พร้อม,0
50,เชียงใหม่,7,ฝาง,เวียง,16,18,52,เครือข่ายชาวนาแห่งประเทศไทย,0
50,เชียงใหม่,7,ฝาง,เวียง,16,18,53,ไทยพิทักษ์ธรรม,0
50,เชียงใหม่,7,ฝาง,เวียง,16,18,54,ความหวังใหม่,0
50,เชียงใหม่,7,ฝาง,เวียง,16,18,55,ไทยรวมไทย,0
50,เชียงใหม่,7,ฝาง,เวียง,16,18,56,เพื่อบ้านเมือง,0
50,เชียงใหม่,7,ฝาง,เวียง,16,18,57,พลังไทยรักชาติ,0
50,เชียงใหม่,7,ฝาง,เวียง,17,19,1,ไทยทรัพย์ทวี,1
50,เชียงใหม่,7,ฝาง,เวียง,17,19,2,เพื่อชาติไทย,3
50,เชียงใหม่,7,ฝาง,เวียง,17,19,3,ใหม่,0
50,เชียงใหม่,7,ฝาง,เวียง,17,19,4,มิติใหม่,0
50,เชียงใหม่,7,ฝาง,เวียง,17,19,5,รวมใจไทย,7
50,เชียงใหม่,7,ฝาง,เวียง,17,19,6,รวมไทยสร้างชาติ,5
50,เชียงใหม่,7,ฝาง,เวียง,17,19,7,พลวัต,0
50,เชียงใหม่,7,ฝาง,เวียง,17,19,8,ประชาธิปไตยใหม่,1
50,เชียงใหม่,7,ฝาง,เวียง,17,19,9,เพื่อไทย,117
50,เชียงใหม่,7,ฝาง,เวียง,17,19,10,ทางเลือกใหม่,3
50,เชียงใหม่,7,ฝาง,เวียง,17,19,11,เศรษฐกิจ,13
50,เชียงใหม่,7,ฝาง,เวียง,17,19,12,เสรีรวมไทย,1
50,เชียงใหม่,7,ฝาง,เวียง,17,19,13,รวมพลังประชาชน,4
50,เชียงใหม่,7,ฝาง,เวียง,17,19,14,ท้องที่ไทย,0
50,เชียงใหม่,7,ฝาง,เวียง,17,19,15,อนาคตไทย,0
50,เชียงใหม่,7,ฝาง,เวียง,17,19,16,พลังเพื่อไทย,0
50,เชียงใหม่,7,ฝาง,เวียง,17,19,17,ไทยชนะ,0
50,เชียงใหม่,7,ฝาง,เวียง,17,19,18,พลังสังคมใหม่,0
50,เชียงใหม่,7,ฝาง,เวียง,17,19,19,สังคมประชาธิปไตย,0
50,เชียงใหม่,7,ฝาง,เวียง,17,19,20,ฟิวชัน,0
50,เชียงใหม่,7,ฝาง,เวียง,17,19,21,ไทยรวมพลัง,0
50,เชียงใหม่,7,ฝาง,เวียง,17,19,22,ก้าวอิสระ,0
50,เชียงใหม่,7,ฝาง,เวียง,17,19,23,ปวงชนไทย,0
50,เชียงใหม่,7,ฝาง,เวียง,17,19,24,วิชชั่นใหม่,0
50,เชียงใหม่,7,ฝาง,เวียง,17,19,25,เพื่อชีวิตใหม่,0
50,เชียงใหม่,7,ฝาง,เวียง,17,19,26,คลองไทย,0
50,เชียงใหม่,7,ฝาง,เวียง,17,19,27,ประชาธิปัตย์,6
50,เชียงใหม่,7,ฝาง,เวียง,17,19,28,ไทยก้าวหน้า,0
50,เชียงใหม่,7,ฝาง,เวียง,17,19,29,ไทยภักดี,2
50,เชียงใหม่,7,ฝาง,เวียง,17,19,30,แรงงานสร้างชาติ,0
50,เชียงใหม่,7,ฝาง,เวียง,17,19,31,ประชากรไทย,0
50,เชียงใหม่,7,ฝาง,เวียง,17,19,32,ครูไทยเพื่อประชาชน,2
50,เชียงใหม่,7,ฝาง,เวียง,17,19,33,ประชาชาติ,0
50,เชียงใหม่,7,ฝาง,เวียง,17,19,34,สร้างอนาคตไทย,3
50,เชียงใหม่,7,ฝาง,เวียง,17,19,35,รักชาติ,1
50,เชียงใหม่,7,ฝาง,เวียง,17,19,36,ไทยพร้อม,0
50,เชียงใหม่,7,ฝาง,เวียง,17,19,37,ภูมิใจไทย,16
50,เชียงใหม่,7,ฝาง,เวียง,17,19,38,พลังธรรมใหม่,1
50,เชียงใหม่,7,ฝาง,เวียง,17,19,39,กรีน,0
50,เชียงใหม่,7,ฝาง,เวียง,17,19,40,ไทยธรรม,0
50,เชียงใหม่,7,ฝาง,เวียง,17,19,41,แผ่นดินธรรม,0
50,เชียงใหม่,7,ฝาง,เวียง,17,19,42,กล้าธรรม,38
50,เชียงใหม่,7,ฝาง,เวียง,17,19,43,พลังประชารัฐ,0
50,เชียงใหม่,7,ฝาง,เวียง,17,19,44,โอกาสใหม่,0
50,เชียงใหม่,7,ฝาง,เวียง,17,19,45,เป็นธรรม,1
50,เชียงใหม่,7,ฝาง,เวียง,17,19,46,ประชาชน,178
50,เชียงใหม่,7,ฝาง,เวียง,17,19,47,ประชาไทย,1
50,เชียงใหม่,7,ฝาง,เวียง,17,19,48,ไทยสร้างไทย,0
50,เชียงใหม่,7,ฝาง,เวียง,17,19,49,ไทยก้าวใหม่,0
50,เชียงใหม่,7,ฝาง,เวียง,17,19,50,ประชาอาสาชาติ,0
50,เชียงใหม่,7,ฝาง,เวียง,17,19,51,พร้อม,0
50,เชียงใหม่,7,ฝาง,เวียง,17,19,52,เครือข่ายชาวนาแห่งประเทศไทย,0
50,เชียงใหม่,7,ฝาง,เวียง,17,19,53,ไทยพิทักษ์ธรรม,0
50,เชียงใหม่,7,ฝาง,เวียง,17,19,54,ความหวังใหม่,0
50,เชียงใหม่,7,ฝาง,เวียง,17,19,55,ไทยรวมไทย,1
50,เชียงใหม่,7,ฝาง,เวียง,17,19,56,เพื่อบ้านเมือง,0
50,เชียงใหม่,7,ฝาง,เวียง,17,19,57,พลังไทยรักชาติ,1
50,เชียงใหม่,7,ฝาง,เวียง,18,20,1,ไทยทรัพย์ทวี,2
50,เชียงใหม่,7,ฝาง,เวียง,18,20,2,เพื่อชาติไทย,2
50,เชียงใหม่,7,ฝาง,เวียง,18,20,3,ใหม่,0
50,เชียงใหม่,7,ฝาง,เวียง,18,20,4,มิติใหม่,2
50,เชียงใหม่,7,ฝาง,เวียง,18,20,5,รวมใจไทย,6
50,เชียงใหม่,7,ฝาง,เวียง,18,20,6,รวมไทยสร้างชาติ,4
50,เชียงใหม่,7,ฝาง,เวียง,18,20,7,พลวัต,2
50,เชียงใหม่,7,ฝาง,เวียง,18,20,8,ประชาธิปไตยใหม่,1
50,เชียงใหม่,7,ฝาง,เวียง,18,20,9,เพื่อไทย,80
50,เชียงใหม่,7,ฝาง,เวียง,18,20,10,ทางเลือกใหม่,0
50,เชียงใหม่,7,ฝาง,เวียง,18,20,11,เศรษฐกิจ,10
50,เชียงใหม่,7,ฝาง,เวียง,18,20,12,เสรีรวมไทย,0
50,เชียงใหม่,7,ฝาง,เวียง,18,20,13,รวมพลังประชาชน,0
50,เชียงใหม่,7,ฝาง,เวียง,18,20,14,ท้องที่ไทย,0
50,เชียงใหม่,7,ฝาง,เวียง,18,20,15,อนาคตไทย,0
50,เชียงใหม่,7,ฝาง,เวียง,18,20,16,พลังเพื่อไทย,0
50,เชียงใหม่,7,ฝาง,เวียง,18,20,17,ไทยชนะ,0
50,เชียงใหม่,7,ฝาง,เวียง,18,20,18,พลังสังคมใหม่,0
50,เชียงใหม่,7,ฝาง,เวียง,18,20,19,สังคมประชาธิปไตย,0
50,เชียงใหม่,7,ฝาง,เวียง,18,20,20,ฟิวชัน,0
50,เชียงใหม่,7,ฝาง,เวียง,18,20,21,ไทยรวมพลัง,0
50,เชียงใหม่,7,ฝาง,เวียง,18,20,22,ก้าวอิสระ,0
50,เชียงใหม่,7,ฝาง,เวียง,18,20,23,ปวงชนไทย,0
50,เชียงใหม่,7,ฝาง,เวียง,18,20,24,วิชชั่นใหม่,3
50,เชียงใหม่,7,ฝาง,เวียง,18,20,25,เพื่อชีวิตใหม่,0
50,เชียงใหม่,7,ฝาง,เวียง,18,20,26,คลองไทย,0
50,เชียงใหม่,7,ฝาง,เวียง,18,20,27,ประชาธิปัตย์,13
50,เชียงใหม่,7,ฝาง,เวียง,18,20,28,ไทยก้าวหน้า,0
50,เชียงใหม่,7,ฝาง,เวียง,18,20,29,ไทยภักดี,1
50,เชียงใหม่,7,ฝาง,เวียง,18,20,30,แรงงานสร้างชาติ,1
50,เชียงใหม่,7,ฝาง,เวียง,18,20,31,ประชากรไทย,0
50,เชียงใหม่,7,ฝาง,เวียง,18,20,32,ครูไทยเพื่อประชาชน,0
50,เชียงใหม่,7,ฝาง,เวียง,18,20,33,ประชาชาติ,0
50,เชียงใหม่,7,ฝาง,เวียง,18,20,34,สร้างอนาคตไทย,2
50,เชียงใหม่,7,ฝาง,เวียง,18,20,35,รักชาติ,0
50,เชียงใหม่,7,ฝาง,เวียง,18,20,36,ไทยพร้อม,0
50,เชียงใหม่,7,ฝาง,เวียง,18,20,37,ภูมิใจไทย,27
50,เชียงใหม่,7,ฝาง,เวียง,18,20,38,พลังธรรมใหม่,0
50,เชียงใหม่,7,ฝาง,เวียง,18,20,39,กรีน,0
50,เชียงใหม่,7,ฝาง,เวียง,18,20,40,ไทยธรรม,0
50,เชียงใหม่,7,ฝาง,เวียง,18,20,41,แผ่นดินธรรม,0
50,เชียงใหม่,7,ฝาง,เวียง,18,20,42,กล้าธรรม,31
50,เชียงใหม่,7,ฝาง,เวียง,18,20,43,พลังประชารัฐ,6
50,เชียงใหม่,7,ฝาง,เวียง,18,20,44,โอกาสใหม่,0
50,เชียงใหม่,7,ฝาง,เวียง,18,20,45,เป็นธรรม,0
50,เชียงใหม่,7,ฝาง,เวียง,18,20,46,ประชาชน,113
50,เชียงใหม่,7,ฝาง,เวียง,18,20,47,ประชาไทย,1
50,เชียงใหม่,7,ฝาง,เวียง,18,20,48,ไทยสร้างไทย,2
50,เชียงใหม่,7,ฝาง,เวียง,18,20,49,ไทยก้าวใหม่,1
50,เชียงใหม่,7,ฝาง,เวียง,18,20,50,ประชาอาสาชาติ,0
50,เชียงใหม่,7,ฝาง,เวียง,18,20,51,พร้อม,0
50,เชียงใหม่,7,ฝาง,เวียง,18,20,52,เครือข่ายชาวนาแห่งประเทศไทย,0
50,เชียงใหม่,7,ฝาง,เวียง,18,20,53,ไทยพิทักษ์ธรรม,0
50,เชียงใหม่,7,ฝาง,เวียง,18,20,54,ความหวังใหม่,0
50,เชียงใหม่,7,ฝาง,เวียง,18,20,55,ไทยรวมไทย,0
50,เชียงใหม่,7,ฝาง,เวียง,18,20,56,เพื่อบ้านเมือง,0
50,เชียงใหม่,7,ฝาง,เวียง,18,20,57,พลังไทยรักชาติ,0
50,เชียงใหม่,7,ฝาง,เวียง,19,21,1,ไทยทรัพย์ทวี,2
50,เชียงใหม่,7,ฝาง,เวียง,19,21,2,เพื่อชาติไทย,5
50,เชียงใหม่,7,ฝาง,เวียง,19,21,3,ใหม่,1
50,เชียงใหม่,7,ฝาง,เวียง,19,21,4,มิติใหม่,1
50,เชียงใหม่,7,ฝาง,เวียง,19,21,5,รวมใจไทย,9
50,เชียงใหม่,7,ฝาง,เวียง,19,21,6,รวมไทยสร้างชาติ,7
50,เชียงใหม่,7,ฝาง,เวียง,19,21,7,พลวัต,1
50,เชียงใหม่,7,ฝาง,เวียง,19,21,8,ประชาธิปไตยใหม่,0
50,เชียงใหม่,7,ฝาง,เวียง,19,21,9,เพื่อไทย,77
50,เชียงใหม่,7,ฝาง,เวียง,19,21,10,ทางเลือกใหม่,1
50,เชียงใหม่,7,ฝาง,เวียง,19,21,11,เศรษฐกิจ,18
50,เชียงใหม่,7,ฝาง,เวียง,19,21,12,เสรีรวมไทย,2
50,เชียงใหม่,7,ฝาง,เวียง,19,21,13,รวมพลังประชาชน,1
50,เชียงใหม่,7,ฝาง,เวียง,19,21,14,ท้องที่ไทย,0
50,เชียงใหม่,7,ฝาง,เวียง,19,21,15,อนาคตไทย,1
50,เชียงใหม่,7,ฝาง,เวียง,19,21,16,พลังเพื่อไทย,0
50,เชียงใหม่,7,ฝาง,เวียง,19,21,17,ไทยชนะ,1
50,เชียงใหม่,7,ฝาง,เวียง,19,21,18,พลังสังคมใหม่,0
50,เชียงใหม่,7,ฝาง,เวียง,19,21,19,สังคมประชาธิปไตย,0
50,เชียงใหม่,7,ฝาง,เวียง,19,21,20,ฟิวชัน,1
50,เชียงใหม่,7,ฝาง,เวียง,19,21,21,ไทยรวมพลัง,0
50,เชียงใหม่,7,ฝาง,เวียง,19,21,22,ก้าวอิสระ,0
50,เชียงใหม่,7,ฝาง,เวียง,19,21,23,ปวงชนไทย,0
50,เชียงใหม่,7,ฝาง,เวียง,19,21,24,วิชชั่นใหม่,0
50,เชียงใหม่,7,ฝาง,เวียง,19,21,25,เพื่อชีวิตใหม่,0
50,เชียงใหม่,7,ฝาง,เวียง,19,21,26,คลองไทย,0
50,เชียงใหม่,7,ฝาง,เวียง,19,21,27,ประชาธิปัตย์,6
50,เชียงใหม่,7,ฝาง,เวียง,19,21,28,ไทยก้าวหน้า,0
50,เชียงใหม่,7,ฝาง,เวียง,19,21,29,ไทยภักดี,1
50,เชียงใหม่,7,ฝาง,เวียง,19,21,30,แรงงานสร้างชาติ,0
50,เชียงใหม่,7,ฝาง,เวียง,19,21,31,ประชากรไทย,0
50,เชียงใหม่,7,ฝาง,เวียง,19,21,32,ครูไทยเพื่อประชาชน,0
50,เชียงใหม่,7,ฝาง,เวียง,19,21,33,ประชาชาติ,0
50,เชียงใหม่,7,ฝาง,เวียง,19,21,34,สร้างอนาคตไทย,0
50,เชียงใหม่,7,ฝาง,เวียง,19,21,35,รักชาติ,1
50,เชียงใหม่,7,ฝาง,เวียง,19,21,36,ไทยพร้อม,1
50,เชียงใหม่,7,ฝาง,เวียง,19,21,37,ภูมิใจไทย,29
50,เชียงใหม่,7,ฝาง,เวียง,19,21,38,พลังธรรมใหม่,1
50,เชียงใหม่,7,ฝาง,เวียง,19,21,39,กรีน,1
50,เชียงใหม่,7,ฝาง,เวียง,19,21,40,ไทยธรรม,2
50,เชียงใหม่,7,ฝาง,เวียง,19,21,41,แผ่นดินธรรม,0
50,เชียงใหม่,7,ฝาง,เวียง,19,21,42,กล้าธรรม,33
50,เชียงใหม่,7,ฝาง,เวียง,19,21,43,พลังประชารัฐ,4
50,เชียงใหม่,7,ฝาง,เวียง,19,21,44,โอกาสใหม่,0
50,เชียงใหม่,7,ฝาง,เวียง,19,21,45,เป็นธรรม,0
50,เชียงใหม่,7,ฝาง,เวียง,19,21,46,ประชาชน,95
50,เชียงใหม่,7,ฝาง,เวียง,19,21,47,ประชาไทย,1
50,เชียงใหม่,7,ฝาง,เวียง,19,21,48,ไทยสร้างไทย,0
50,เชียงใหม่,7,ฝาง,เวียง,19,21,49,ไทยก้าวใหม่,2
50,เชียงใหม่,7,ฝาง,เวียง,19,21,50,ประชาอาสาชาติ,0
50,เชียงใหม่,7,ฝาง,เวียง,19,21,51,พร้อม,1
50,เชียงใหม่,7,ฝาง,เวียง,19,21,52,เครือข่ายชาวนาแห่งประเทศไทย,0
50,เชียงใหม่,7,ฝาง,เวียง,19,21,53,ไทยพิทักษ์ธรรม,0
50,เชียงใหม่,7,ฝาง,เวียง,19,21,54,ความหวังใหม่,0
50,เชียงใหม่,7,ฝาง,เวียง,19,21,55,ไทยรวมไทย,0
50,เชียงใหม่,7,ฝาง,เวียง,19,21,56,เพื่อบ้านเมือง,1
50,เชียงใหม่,7,ฝาง,เวียง,19,21,57,พลังไทยรักชาติ,0
50,เชียงใหม่,7,ฝาง,เวียง,20,22,1,ไทยทรัพย์ทวี,1
50,เชียงใหม่,7,ฝาง,เวียง,20,22,2,เพื่อชาติไทย,7
50,เชียงใหม่,7,ฝาง,เวียง,20,22,3,ใหม่,0
50,เชียงใหม่,7,ฝาง,เวียง,20,22,4,มิติใหม่,1
50,เชียงใหม่,7,ฝาง,เวียง,20,22,5,รวมใจไทย,2
50,เชียงใหม่,7,ฝาง,เวียง,20,22,6,รวมไทยสร้างชาติ,6
50,เชียงใหม่,7,ฝาง,เวียง,20,22,7,พลวัต,1
50,เชียงใหม่,7,ฝาง,เวียง,20,22,8,ประชาธิปไตยใหม่,0
50,เชียงใหม่,7,ฝาง,เวียง,20,22,9,เพื่อไทย,74
50,เชียงใหม่,7,ฝาง,เวียง,20,22,10,ทางเลือกใหม่,2
50,เชียงใหม่,7,ฝาง,เวียง,20,22,11,เศรษฐกิจ,12
50,เชียงใหม่,7,ฝาง,เวียง,20,22,12,เสรีรวมไทย,5
50,เชียงใหม่,7,ฝาง,เวียง,20,22,13,รวมพลังประชาชน,2
50,เชียงใหม่,7,ฝาง,เวียง,20,22,14,ท้องที่ไทย,0
50,เชียงใหม่,7,ฝาง,เวียง,20,22,15,อนาคตไทย,1
50,เชียงใหม่,7,ฝาง,เวียง,20,22,16,พลังเพื่อไทย,0
50,เชียงใหม่,7,ฝาง,เวียง,20,22,17,ไทยชนะ,0
50,เชียงใหม่,7,ฝาง,เวียง,20,22,18,พลังสังคมใหม่,0
50,เชียงใหม่,7,ฝาง,เวียง,20,22,19,สังคมประชาธิปไตย,0
50,เชียงใหม่,7,ฝาง,เวียง,20,22,20,ฟิวชัน,0
50,เชียงใหม่,7,ฝาง,เวียง,20,22,21,ไทยรวมพลัง,0
50,เชียงใหม่,7,ฝาง,เวียง,20,22,22,ก้าวอิสระ,0
50,เชียงใหม่,7,ฝาง,เวียง,20,22,23,ปวงชนไทย,0
50,เชียงใหม่,7,ฝาง,เวียง,20,22,24,วิชชั่นใหม่,0
50,เชียงใหม่,7,ฝาง,เวียง,20,22,25,เพื่อชีวิตใหม่,0
50,เชียงใหม่,7,ฝาง,เวียง,20,22,26,คลองไทย,1
50,เชียงใหม่,7,ฝาง,เวียง,20,22,27,ประชาธิปัตย์,24
50,เชียงใหม่,7,ฝาง,เวียง,20,22,28,ไทยก้าวหน้า,0
50,เชียงใหม่,7,ฝาง,เวียง,20,22,29,ไทยภักดี,5
50,เชียงใหม่,7,ฝาง,เวียง,20,22,30,แรงงานสร้างชาติ,1
50,เชียงใหม่,7,ฝาง,เวียง,20,22,31,ประชากรไทย,0
50,เชียงใหม่,7,ฝาง,เวียง,20,22,32,ครูไทยเพื่อประชาชน,0
50,เชียงใหม่,7,ฝาง,เวียง,20,22,33,ประชาชาติ,1
50,เชียงใหม่,7,ฝาง,เวียง,20,22,34,สร้างอนาคตไทย,1
50,เชียงใหม่,7,ฝาง,เวียง,20,22,35,รักชาติ,0
50,เชียงใหม่,7,ฝาง,เวียง,20,22,36,ไทยพร้อม,0
50,เชียงใหม่,7,ฝาง,เวียง,20,22,37,ภูมิใจไทย,41
50,เชียงใหม่,7,ฝาง,เวียง,20,22,38,พลังธรรมใหม่,3
50,เชียงใหม่,7,ฝาง,เวียง,20,22,39,กรีน,0
50,เชียงใหม่,7,ฝาง,เวียง,20,22,40,ไทยธรรม,2
50,เชียงใหม่,7,ฝาง,เวียง,20,22,41,แผ่นดินธรรม,1
50,เชียงใหม่,7,ฝาง,เวียง,20,22,42,กล้าธรรม,41
50,เชียงใหม่,7,ฝาง,เวียง,20,22,43,พลังประชารัฐ,2
50,เชียงใหม่,7,ฝาง,เวียง,20,22,44,โอกาสใหม่,1
50,เชียงใหม่,7,ฝาง,เวียง,20,22,45,เป็นธรรม,0
50,เชียงใหม่,7,ฝาง,เวียง,20,22,46,ประชาชน,162
50,เชียงใหม่,7,ฝาง,เวียง,20,22,47,ประชาไทย,0
50,เชียงใหม่,7,ฝาง,เวียง,20,22,48,ไทยสร้างไทย,1
50,เชียงใหม่,7,ฝาง,เวียง,20,22,49,ไทยก้าวใหม่,1
50,เชียงใหม่,7,ฝาง,เวียง,20,22,50,ประชาอาสาชาติ,0
50,เชียงใหม่,7,ฝาง,เวียง,20,22,51,พร้อม,0
50,เชียงใหม่,7,ฝาง,เวียง,20,22,52,เครือข่ายชาวนาแห่งประเทศไทย,0
50,เชียงใหม่,7,ฝาง,เวียง,20,22,53,ไทยพิทักษ์ธรรม,0
50,เชียงใหม่,7,ฝาง,เวียง,20,22,54,ความหวังใหม่,0
50,เชียงใหม่,7,ฝาง,เวียง,20,22,55,ไทยรวมไทย,0
50,เชียงใหม่,7,ฝาง,เวียง,20,22,56,เพื่อบ้านเมือง,0
50,เชียงใหม่,7,ฝาง,เวียง,20,22,57,พลังไทยรักชาติ,0
50,เชียงใหม่,7,ฝาง,สันทราย,1,1,1,ไทยทรัพย์ทวี,0
50,เชียงใหม่,7,ฝาง,สันทราย,1,1,2,เพื่อชาติไทย,3
50,เชียงใหม่,7,ฝาง,สันทราย,1,1,3,ใหม่,2
50,เชียงใหม่,7,ฝาง,สันทราย,1,1,4,มิติใหม่,0
50,เชียงใหม่,7,ฝาง,สันทราย,1,1,5,รวมใจไทย,4
50,เชียงใหม่,7,ฝาง,สันทราย,1,1,6,รวมไทยสร้างชาติ,9
50,เชียงใหม่,7,ฝาง,สันทราย,1,1,7,พลวัต,3
50,เชียงใหม่,7,ฝาง,สันทราย,1,1,8,ประชาธิปไตยใหม่,0
50,เชียงใหม่,7,ฝาง,สันทราย,1,1,9,เพื่อไทย,127
50,เชียงใหม่,7,ฝาง,สันทราย,1,1,10,ทางเลือกใหม่,1
50,เชียงใหม่,7,ฝาง,สันทราย,1,1,11,เศรษฐกิจ,8
50,เชียงใหม่,7,ฝาง,สันทราย,1,1,12,เสรีรวมไทย,2
50,เชียงใหม่,7,ฝาง,สันทราย,1,1,13,รวมพลังประชาชน,2
50,เชียงใหม่,7,ฝาง,สันทราย,1,1,14,ท้องที่ไทย,0
50,เชียงใหม่,7,ฝาง,สันทราย,1,1,15,อนาคตไทย,0
50,เชียงใหม่,7,ฝาง,สันทราย,1,1,16,พลังเพื่อไทย,0
50,เชียงใหม่,7,ฝาง,สันทราย,1,1,17,ไทยชนะ,0
50,เชียงใหม่,7,ฝาง,สันทราย,1,1,18,พลังสังคมใหม่,0
50,เชียงใหม่,7,ฝาง,สันทราย,1,1,19,สังคมประชาธิปไตย,0
50,เชียงใหม่,7,ฝาง,สันทราย,1,1,20,ฟิวชัน,0
50,เชียงใหม่,7,ฝาง,สันทราย,1,1,21,ไทยรวมพลัง,0
50,เชียงใหม่,7,ฝาง,สันทราย,1,1,22,ก้าวอิสระ,0
50,เชียงใหม่,7,ฝาง,สันทราย,1,1,23,ปวงชนไทย,0
50,เชียงใหม่,7,ฝาง,สันทราย,1,1,24,วิชชั่นใหม่,0
50,เชียงใหม่,7,ฝาง,สันทราย,1,1,25,เพื่อชีวิตใหม่,0
50,เชียงใหม่,7,ฝาง,สันทราย,1,1,26,คลองไทย,1
50,เชียงใหม่,7,ฝาง,สันทราย,1,1,27,ประชาธิปัตย์,11
50,เชียงใหม่,7,ฝาง,สันทราย,1,1,28,ไทยก้าวหน้า,0
50,เชียงใหม่,7,ฝาง,สันทราย,1,1,29,ไทยภักดี,2
50,เชียงใหม่,7,ฝาง,สันทราย,1,1,30,แรงงานสร้างชาติ,0
50,เชียงใหม่,7,ฝาง,สันทราย,1,1,31,ประชากรไทย,0
50,เชียงใหม่,7,ฝาง,สันทราย,1,1,32,ครูไทยเพื่อประชาชน,0
50,เชียงใหม่,7,ฝาง,สันทราย,1,1,33,ประชาชาติ,0
50,เชียงใหม่,7,ฝาง,สันทราย,1,1,34,สร้างอนาคตไทย,0
50,เชียงใหม่,7,ฝาง,สันทราย,1,1,35,รักชาติ,1
50,เชียงใหม่,7,ฝาง,สันทราย,1,1,36,ไทยพร้อม,0
50,เชียงใหม่,7,ฝาง,สันทราย,1,1,37,ภูมิใจไทย,25
50,เชียงใหม่,7,ฝาง,สันทราย,1,1,38,พลังธรรมใหม่,1
50,เชียงใหม่,7,ฝาง,สันทราย,1,1,39,กรีน,0
50,เชียงใหม่,7,ฝาง,สันทราย,1,1,40,ไทยธรรม,1
50,เชียงใหม่,7,ฝาง,สันทราย,1,1,41,แผ่นดินธรรม,1
50,เชียงใหม่,7,ฝาง,สันทราย,1,1,42,กล้าธรรม,23
50,เชียงใหม่,7,ฝาง,สันทราย,1,1,43,พลังประชารัฐ,4
50,เชียงใหม่,7,ฝาง,สันทราย,1,1,44,โอกาสใหม่,1
50,เชียงใหม่,7,ฝาง,สันทราย,1,1,45,เป็นธรรม,0
50,เชียงใหม่,7,ฝาง,สันทราย,1,1,46,ประชาชน,113
50,เชียงใหม่,7,ฝาง,สันทราย,1,1,47,ประชาไทย,0
50,เชียงใหม่,7,ฝาง,สันทราย,1,1,48,ไทยสร้างไทย,1
50,เชียงใหม่,7,ฝาง,สันทราย,1,1,49,ไทยก้าวใหม่,1
50,เชียงใหม่,7,ฝาง,สันทราย,1,1,50,ประชาอาสาชาติ,0
50,เชียงใหม่,7,ฝาง,สันทราย,1,1,51,พร้อม,0
50,เชียงใหม่,7,ฝาง,สันทราย,1,1,52,เครือข่ายชาวนาแห่งประเทศไทย,0
50,เชียงใหม่,7,ฝาง,สันทราย,1,1,53,ไทยพิทักษ์ธรรม,0
50,เชียงใหม่,7,ฝาง,สันทราย,1,1,54,ความหวังใหม่,0
50,เชียงใหม่,7,ฝาง,สันทราย,1,1,55,ไทยรวมไทย,0
50,เชียงใหม่,7,ฝาง,สันทราย,1,1,56,เพื่อบ้านเมือง,0
50,เชียงใหม่,7,ฝาง,สันทราย,1,1,57,พลังไทยรักชาติ,0
50,เชียงใหม่,7,ฝาง,สันทราย,2,2,1,ไทยทรัพย์ทวี,0
50,เชียงใหม่,7,ฝาง,สันทราย,2,2,2,เพื่อชาติไทย,2
50,เชียงใหม่,7,ฝาง,สันทราย,2,2,3,ใหม่,0
50,เชียงใหม่,7,ฝาง,สันทราย,2,2,4,มิติใหม่,0
50,เชียงใหม่,7,ฝาง,สันทราย,2,2,5,รวมใจไทย,1
50,เชียงใหม่,7,ฝาง,สันทราย,2,2,6,รวมไทยสร้างชาติ,4
50,เชียงใหม่,7,ฝาง,สันทราย,2,2,7,พลวัต,2
50,เชียงใหม่,7,ฝาง,สันทราย,2,2,8,ประชาธิปไตยใหม่,1
50,เชียงใหม่,7,ฝาง,สันทราย,2,2,9,เพื่อไทย,78
50,เชียงใหม่,7,ฝาง,สันทราย,2,2,10,ทางเลือกใหม่,2
50,เชียงใหม่,7,ฝาง,สันทราย,2,2,11,เศรษฐกิจ,6
50,เชียงใหม่,7,ฝาง,สันทราย,2,2,12,เสรีรวมไทย,2
50,เชียงใหม่,7,ฝาง,สันทราย,2,2,13,รวมพลังประชาชน,2
50,เชียงใหม่,7,ฝาง,สันทราย,2,2,14,ท้องที่ไทย,0
50,เชียงใหม่,7,ฝาง,สันทราย,2,2,15,อนาคตไทย,0
50,เชียงใหม่,7,ฝาง,สันทราย,2,2,16,พลังเพื่อไทย,2
50,เชียงใหม่,7,ฝาง,สันทราย,2,2,17,ไทยชนะ,1
50,เชียงใหม่,7,ฝาง,สันทราย,2,2,18,พลังสังคมใหม่,1
50,เชียงใหม่,7,ฝาง,สันทราย,2,2,19,สังคมประชาธิปไตย,0
50,เชียงใหม่,7,ฝาง,สันทราย,2,2,20,ฟิวชัน,0
50,เชียงใหม่,7,ฝาง,สันทราย,2,2,21,ไทยรวมพลัง,0
50,เชียงใหม่,7,ฝาง,สันทราย,2,2,22,ก้าวอิสระ,0
50,เชียงใหม่,7,ฝาง,สันทราย,2,2,23,ปวงชนไทย,0
50,เชียงใหม่,7,ฝาง,สันทราย,2,2,24,วิชชั่นใหม่,0
50,เชียงใหม่,7,ฝาง,สันทราย,2,2,25,เพื่อชีวิตใหม่,0
50,เชียงใหม่,7,ฝาง,สันทราย,2,2,26,คลองไทย,1
50,เชียงใหม่,7,ฝาง,สันทราย,2,2,27,ประชาธิปัตย์,9
50,เชียงใหม่,7,ฝาง,สันทราย,2,2,28,ไทยก้าวหน้า,0
50,เชียงใหม่,7,ฝาง,สันทราย,2,2,29,ไทยภักดี,3
50,เชียงใหม่,7,ฝาง,สันทราย,2,2,30,แรงงานสร้างชาติ,0
50,เชียงใหม่,7,ฝาง,สันทราย,2,2,31,ประชากรไทย,0
50,เชียงใหม่,7,ฝาง,สันทราย,2,2,32,ครูไทยเพื่อประชาชน,0
50,เชียงใหม่,7,ฝาง,สันทราย,2,2,33,ประชาชาติ,0
50,เชียงใหม่,7,ฝาง,สันทราย,2,2,34,สร้างอนาคตไทย,0
50,เชียงใหม่,7,ฝาง,สันทราย,2,2,35,รักชาติ,0
50,เชียงใหม่,7,ฝาง,สันทราย,2,2,36,ไทยพร้อม,1
50,เชียงใหม่,7,ฝาง,สันทราย,2,2,37,ภูมิใจไทย,20
50,เชียงใหม่,7,ฝาง,สันทราย,2,2,38,พลังธรรมใหม่,0
50,เชียงใหม่,7,ฝาง,สันทราย,2,2,39,กรีน,0
50,เชียงใหม่,7,ฝาง,สันทราย,2,2,40,ไทยธรรม,0
50,เชียงใหม่,7,ฝาง,สันทราย,2,2,41,แผ่นดินธรรม,0
50,เชียงใหม่,7,ฝาง,สันทราย,2,2,42,กล้าธรรม,29
50,เชียงใหม่,7,ฝาง,สันทราย,2,2,43,พลังประชารัฐ,3
50,เชียงใหม่,7,ฝาง,สันทราย,2,2,44,โอกาสใหม่,2
50,เชียงใหม่,7,ฝาง,สันทราย,2,2,45,เป็นธรรม,0
50,เชียงใหม่,7,ฝาง,สันทราย,2,2,46,ประชาชน,81
50,เชียงใหม่,7,ฝาง,สันทราย,2,2,47,ประชาไทย,1
50,เชียงใหม่,7,ฝาง,สันทราย,2,2,48,ไทยสร้างไทย,0
50,เชียงใหม่,7,ฝาง,สันทราย,2,2,49,ไทยก้าวใหม่,0
50,เชียงใหม่,7,ฝาง,สันทราย,2,2,50,ประชาอาสาชาติ,0
50,เชียงใหม่,7,ฝาง,สันทราย,2,2,51,พร้อม,0
50,เชียงใหม่,7,ฝาง,สันทราย,2,2,52,เครือข่ายชาวนาแห่งประเทศไทย,0
50,เชียงใหม่,7,ฝาง,สันทราย,2,2,53,ไทยพิทักษ์ธรรม,0
50,เชียงใหม่,7,ฝาง,สันทราย,2,2,54,ความหวังใหม่,0
50,เชียงใหม่,7,ฝาง,สันทราย,2,2,55,ไทยรวมไทย,0
50,เชียงใหม่,7,ฝาง,สันทราย,2,2,56,เพื่อบ้านเมือง,0
50,เชียงใหม่,7,ฝาง,สันทราย,2,2,57,พลังไทยรักชาติ,1
50,เชียงใหม่,7,ฝาง,สันทราย,3,3,1,ไทยทรัพย์ทวี,1
50,เชียงใหม่,7,ฝาง,สันทราย,3,3,2,เพื่อชาติไทย,2
50,เชียงใหม่,7,ฝาง,สันทราย,3,3,3,ใหม่,2
50,เชียงใหม่,7,ฝาง,สันทราย,3,3,4,มิติใหม่,0
50,เชียงใหม่,7,ฝาง,สันทราย,3,3,5,รวมใจไทย,4
50,เชียงใหม่,7,ฝาง,สันทราย,3,3,6,รวมไทยสร้างชาติ,26
50,เชียงใหม่,7,ฝาง,สันทราย,3,3,7,พลวัต,3
50,เชียงใหม่,7,ฝาง,สันทราย,3,3,8,ประชาธิปไตยใหม่,2
50,เชียงใหม่,7,ฝาง,สันทราย,3,3,9,เพื่อไทย,96
50,เชียงใหม่,7,ฝาง,สันทราย,3,3,10,ทางเลือกใหม่,0
50,เชียงใหม่,7,ฝาง,สันทราย,3,3,11,เศรษฐกิจ,18
50,เชียงใหม่,7,ฝาง,สันทราย,3,3,12,เสรีรวมไทย,2
50,เชียงใหม่,7,ฝาง,สันทราย,3,3,13,รวมพลังประชาชน,3
50,เชียงใหม่,7,ฝาง,สันทราย,3,3,14,ท้องที่ไทย,0
50,เชียงใหม่,7,ฝาง,สันทราย,3,3,15,อนาคตไทย,0
50,เชียงใหม่,7,ฝาง,สันทราย,3,3,16,พลังเพื่อไทย,3
50,เชียงใหม่,7,ฝาง,สันทราย,3,3,17,ไทยชนะ,0
50,เชียงใหม่,7,ฝาง,สันทราย,3,3,18,พลังสังคมใหม่,0
50,เชียงใหม่,7,ฝาง,สันทราย,3,3,19,สังคมประชาธิปไตย,0
50,เชียงใหม่,7,ฝาง,สันทราย,3,3,20,ฟิวชัน,0
50,เชียงใหม่,7,ฝาง,สันทราย,3,3,21,ไทยรวมพลัง,1
50,เชียงใหม่,7,ฝาง,สันทราย,3,3,22,ก้าวอิสระ,0
50,เชียงใหม่,7,ฝาง,สันทราย,3,3,23,ปวงชนไทย,0
50,เชียงใหม่,7,ฝาง,สันทราย,3,3,24,วิชชั่นใหม่,1
50,เชียงใหม่,7,ฝาง,สันทราย,3,3,25,เพื่อชีวิตใหม่,0
50,เชียงใหม่,7,ฝาง,สันทราย,3,3,26,คลองไทย,1
50,เชียงใหม่,7,ฝาง,สันทราย,3,3,27,ประชาธิปัตย์,15
50,เชียงใหม่,7,ฝาง,สันทราย,3,3,28,ไทยก้าวหน้า,2
50,เชียงใหม่,7,ฝาง,สันทราย,3,3,29,ไทยภักดี,1
50,เชียงใหม่,7,ฝาง,สันทราย,3,3,30,แรงงานสร้างชาติ,0
50,เชียงใหม่,7,ฝาง,สันทราย,3,3,31,ประชากรไทย,1
50,เชียงใหม่,7,ฝาง,สันทราย,3,3,32,ครูไทยเพื่อประชาชน,0
50,เชียงใหม่,7,ฝาง,สันทราย,3,3,33,ประชาชาติ,0
50,เชียงใหม่,7,ฝาง,สันทราย,3,3,34,สร้างอนาคตไทย,1
50,เชียงใหม่,7,ฝาง,สันทราย,3,3,35,รักชาติ,0
50,เชียงใหม่,7,ฝาง,สันทราย,3,3,36,ไทยพร้อม,1
50,เชียงใหม่,7,ฝาง,สันทราย,3,3,37,ภูมิใจไทย,41
50,เชียงใหม่,7,ฝาง,สันทราย,3,3,38,พลังธรรมใหม่,0
50,เชียงใหม่,7,ฝาง,สันทราย,3,3,39,กรีน,2
50,เชียงใหม่,7,ฝาง,สันทราย,3,3,40,ไทยธรรม,2
50,เชียงใหม่,7,ฝาง,สันทราย,3,3,41,แผ่นดินธรรม,0
50,เชียงใหม่,7,ฝาง,สันทราย,3,3,42,กล้าธรรม,28
50,เชียงใหม่,7,ฝาง,สันทราย,3,3,43,พลังประชารัฐ,2
50,เชียงใหม่,7,ฝาง,สันทราย,3,3,44,โอกาสใหม่,2
50,เชียงใหม่,7,ฝาง,สันทราย,3,3,45,เป็นธรรม,1
50,เชียงใหม่,7,ฝาง,สันทราย,3,3,46,ประชาชน,121
50,เชียงใหม่,7,ฝาง,สันทราย,3,3,47,ประชาไทย,0
50,เชียงใหม่,7,ฝาง,สันทราย,3,3,48,ไทยสร้างไทย,2
50,เชียงใหม่,7,ฝาง,สันทราย,3,3,49,ไทยก้าวใหม่,0
50,เชียงใหม่,7,ฝาง,สันทราย,3,3,50,ประชาอาสาชาติ,0
50,เชียงใหม่,7,ฝาง,สันทราย,3,3,51,พร้อม,0
50,เชียงใหม่,7,ฝาง,สันทราย,3,3,52,เครือข่ายชาวนาแห่งประเทศไทย,1
50,เชียงใหม่,7,ฝาง,สันทราย,3,3,53,ไทยพิทักษ์ธรรม,0
50,เชียงใหม่,7,ฝาง,สันทราย,3,3,54,ความหวังใหม่,1
50,เชียงใหม่,7,ฝาง,สันทราย,3,3,55,ไทยรวมไทย,0
50,เชียงใหม่,7,ฝาง,สันทราย,3,3,56,เพื่อบ้านเมือง,0
50,เชียงใหม่,7,ฝาง,สันทราย,3,3,57,พลังไทยรักชาติ,0
50,เชียงใหม่,7,ฝาง,สันทราย,4,4,1,ไทยทรัพย์ทวี,4
50,เชียงใหม่,7,ฝาง,สันทราย,4,4,2,เพื่อชาติไทย,8
50,เชียงใหม่,7,ฝาง,สันทราย,4,4,3,ใหม่,0
50,เชียงใหม่,7,ฝาง,สันทราย,4,4,4,มิติใหม่,1
50,เชียงใหม่,7,ฝาง,สันทราย,4,4,5,รวมใจไทย,10
50,เชียงใหม่,7,ฝาง,สันทราย,4,4,6,รวมไทยสร้างชาติ,10
50,เชียงใหม่,7,ฝาง,สันทราย,4,4,7,พลวัต,3
50,เชียงใหม่,7,ฝาง,สันทราย,4,4,8,ประชาธิปไตยใหม่,1
50,เชียงใหม่,7,ฝาง,สันทราย,4,4,9,เพื่อไทย,63
50,เชียงใหม่,7,ฝาง,สันทราย,4,4,10,ทางเลือกใหม่,3
50,เชียงใหม่,7,ฝาง,สันทราย,4,4,11,เศรษฐกิจ,25
50,เชียงใหม่,7,ฝาง,สันทราย,4,4,12,เสรีรวมไทย,0
50,เชียงใหม่,7,ฝาง,สันทราย,4,4,13,รวมพลังประชาชน,1
50,เชียงใหม่,7,ฝาง,สันทราย,4,4,14,ท้องที่ไทย,0
50,เชียงใหม่,7,ฝาง,สันทราย,4,4,15,อนาคตไทย,0
50,เชียงใหม่,7,ฝาง,สันทราย,4,4,16,พลังเพื่อไทย,1
50,เชียงใหม่,7,ฝาง,สันทราย,4,4,17,ไทยชนะ,1
50,เชียงใหม่,7,ฝาง,สันทราย,4,4,18,พลังสังคมใหม่,0
50,เชียงใหม่,7,ฝาง,สันทราย,4,4,19,สังคมประชาธิปไตย,0
50,เชียงใหม่,7,ฝาง,สันทราย,4,4,20,ฟิวชัน,0
50,เชียงใหม่,7,ฝาง,สันทราย,4,4,21,ไทยรวมพลัง,1
50,เชียงใหม่,7,ฝาง,สันทราย,4,4,22,ก้าวอิสระ,2
50,เชียงใหม่,7,ฝาง,สันทราย,4,4,23,ปวงชนไทย,1
50,เชียงใหม่,7,ฝาง,สันทราย,4,4,24,วิชชั่นใหม่,0
50,เชียงใหม่,7,ฝาง,สันทราย,4,4,25,เพื่อชีวิตใหม่,1
50,เชียงใหม่,7,ฝาง,สันทราย,4,4,26,คลองไทย,1
50,เชียงใหม่,7,ฝาง,สันทราย,4,4,27,ประชาธิปัตย์,14
50,เชียงใหม่,7,ฝาง,สันทราย,4,4,28,ไทยก้าวหน้า,1
50,เชียงใหม่,7,ฝาง,สันทราย,4,4,29,ไทยภักดี,4
50,เชียงใหม่,7,ฝาง,สันทราย,4,4,30,แรงงานสร้างชาติ,0
50,เชียงใหม่,7,ฝาง,สันทราย,4,4,31,ประชากรไทย,1
50,เชียงใหม่,7,ฝาง,สันทราย,4,4,32,ครูไทยเพื่อประชาชน,0
50,เชียงใหม่,7,ฝาง,สันทราย,4,4,33,ประชาชาติ,1
50,เชียงใหม่,7,ฝาง,สันทราย,4,4,34,สร้างอนาคตไทย,1
50,เชียงใหม่,7,ฝาง,สันทราย,4,4,35,รักชาติ,1
50,เชียงใหม่,7,ฝาง,สันทราย,4,4,36,ไทยพร้อม,0
50,เชียงใหม่,7,ฝาง,สันทราย,4,4,37,ภูมิใจไทย,49
50,เชียงใหม่,7,ฝาง,สันทราย,4,4,38,พลังธรรมใหม่,0
50,เชียงใหม่,7,ฝาง,สันทราย,4,4,39,กรีน,1
50,เชียงใหม่,7,ฝาง,สันทราย,4,4,40,ไทยธรรม,0
50,เชียงใหม่,7,ฝาง,สันทราย,4,4,41,แผ่นดินธรรม,0
50,เชียงใหม่,7,ฝาง,สันทราย,4,4,42,กล้าธรรม,79
50,เชียงใหม่,7,ฝาง,สันทราย,4,4,43,พลังประชารัฐ,6
50,เชียงใหม่,7,ฝาง,สันทราย,4,4,44,โอกาสใหม่,2
50,เชียงใหม่,7,ฝาง,สันทราย,4,4,45,เป็นธรรม,1
50,เชียงใหม่,7,ฝาง,สันทราย,4,4,46,ประชาชน,140
50,เชียงใหม่,7,ฝาง,สันทราย,4,4,47,ประชาไทย,3
50,เชียงใหม่,7,ฝาง,สันทราย,4,4,48,ไทยสร้างไทย,1
50,เชียงใหม่,7,ฝาง,สันทราย,4,4,49,ไทยก้าวใหม่,0
50,เชียงใหม่,7,ฝาง,สันทราย,4,4,50,ประชาอาสาชาติ,0
50,เชียงใหม่,7,ฝาง,สันทราย,4,4,51,พร้อม,0
50,เชียงใหม่,7,ฝาง,สันทราย,4,4,52,เครือข่ายชาวนาแห่งประเทศไทย,0
50,เชียงใหม่,7,ฝาง,สันทราย,4,4,53,ไทยพิทักษ์ธรรม,0
50,เชียงใหม่,7,ฝาง,สันทราย,4,4,54,ความหวังใหม่,0
50,เชียงใหม่,7,ฝาง,สันทราย,4,4,55,ไทยรวมไทย,0
50,เชียงใหม่,7,ฝาง,สันทราย,4,4,56,เพื่อบ้านเมือง,0
50,เชียงใหม่,7,ฝาง,สันทราย,4,4,57,พลังไทยรักชาติ,0
50,เชียงใหม่,7,ฝาง,สันทราย,5,5,1,ไทยทรัพย์ทวี,2
50,เชียงใหม่,7,ฝาง,สันทราย,5,5,2,เพื่อชาติไทย,1
50,เชียงใหม่,7,ฝาง,สันทราย,5,5,3,ใหม่,1
50,เชียงใหม่,7,ฝาง,สันทราย,5,5,4,มิติใหม่,1
50,เชียงใหม่,7,ฝาง,สันทราย,5,5,5,รวมใจไทย,5
50,เชียงใหม่,7,ฝาง,สันทราย,5,5,6,รวมไทยสร้างชาติ,7
50,เชียงใหม่,7,ฝาง,สันทราย,5,5,7,พลวัต,0
50,เชียงใหม่,7,ฝาง,สันทราย,5,5,8,ประชาธิปไตยใหม่,3
50,เชียงใหม่,7,ฝาง,สันทราย,5,5,9,เพื่อไทย,98
50,เชียงใหม่,7,ฝาง,สันทราย,5,5,10,ทางเลือกใหม่,3
50,เชียงใหม่,7,ฝาง,สันทราย,5,5,11,เศรษฐกิจ,2
50,เชียงใหม่,7,ฝาง,สันทราย,5,5,12,เสรีรวมไทย,0
50,เชียงใหม่,7,ฝาง,สันทราย,5,5,13,รวมพลังประชาชน,0
50,เชียงใหม่,7,ฝาง,สันทราย,5,5,14,ท้องที่ไทย,1
50,เชียงใหม่,7,ฝาง,สันทราย,5,5,15,อนาคตไทย,0
50,เชียงใหม่,7,ฝาง,สันทราย,5,5,16,พลังเพื่อไทย,0
50,เชียงใหม่,7,ฝาง,สันทราย,5,5,17,ไทยชนะ,2
50,เชียงใหม่,7,ฝาง,สันทราย,5,5,18,พลังสังคมใหม่,0
50,เชียงใหม่,7,ฝาง,สันทราย,5,5,19,สังคมประชาธิปไตย,1
50,เชียงใหม่,7,ฝาง,สันทราย,5,5,20,ฟิวชัน,0
50,เชียงใหม่,7,ฝาง,สันทราย,5,5,21,ไทยรวมพลัง,0
50,เชียงใหม่,7,ฝาง,สันทราย,5,5,22,ก้าวอิสระ,0
50,เชียงใหม่,7,ฝาง,สันทราย,5,5,23,ปวงชนไทย,0
50,เชียงใหม่,7,ฝาง,สันทราย,5,5,24,วิชชั่นใหม่,1
50,เชียงใหม่,7,ฝาง,สันทราย,5,5,25,เพื่อชีวิตใหม่,0
50,เชียงใหม่,7,ฝาง,สันทราย,5,5,26,คลองไทย,1
50,เชียงใหม่,7,ฝาง,สันทราย,5,5,27,ประชาธิปัตย์,1
50,เชียงใหม่,7,ฝาง,สันทราย,5,5,28,ไทยก้าวหน้า,0
50,เชียงใหม่,7,ฝาง,สันทราย,5,5,29,ไทยภักดี,1
50,เชียงใหม่,7,ฝาง,สันทราย,5,5,30,แรงงานสร้างชาติ,1
50,เชียงใหม่,7,ฝาง,สันทราย,5,5,31,ประชากรไทย,0
50,เชียงใหม่,7,ฝาง,สันทราย,5,5,32,ครูไทยเพื่อประชาชน,0
50,เชียงใหม่,7,ฝาง,สันทราย,5,5,33,ประชาชาติ,0
50,เชียงใหม่,7,ฝาง,สันทราย,5,5,34,สร้างอนาคตไทย,0
50,เชียงใหม่,7,ฝาง,สันทราย,5,5,35,รักชาติ,0
50,เชียงใหม่,7,ฝาง,สันทราย,5,5,36,ไทยพร้อม,0
50,เชียงใหม่,7,ฝาง,สันทราย,5,5,37,ภูมิใจไทย,16
50,เชียงใหม่,7,ฝาง,สันทราย,5,5,38,พลังธรรมใหม่,2
50,เชียงใหม่,7,ฝาง,สันทราย,5,5,39,กรีน,0
50,เชียงใหม่,7,ฝาง,สันทราย,5,5,40,ไทยธรรม,0
50,เชียงใหม่,7,ฝาง,สันทราย,5,5,41,แผ่นดินธรรม,0
50,เชียงใหม่,7,ฝาง,สันทราย,5,5,42,กล้าธรรม,10
50,เชียงใหม่,7,ฝาง,สันทราย,5,5,43,พลังประชารัฐ,4
50,เชียงใหม่,7,ฝาง,สันทราย,5,5,44,โอกาสใหม่,10
50,เชียงใหม่,7,ฝาง,สันทราย,5,5,45,เป็นธรรม,0
50,เชียงใหม่,7,ฝาง,สันทราย,5,5,46,ประชาชน,87
50,เชียงใหม่,7,ฝาง,สันทราย,5,5,47,ประชาไทย,1
50,เชียงใหม่,7,ฝาง,สันทราย,5,5,48,ไทยสร้างไทย,1
50,เชียงใหม่,7,ฝาง,สันทราย,5,5,49,ไทยก้าวใหม่,0
50,เชียงใหม่,7,ฝาง,สันทราย,5,5,50,ประชาอาสาชาติ,0
50,เชียงใหม่,7,ฝาง,สันทราย,5,5,51,พร้อม,0
50,เชียงใหม่,7,ฝาง,สันทราย,5,5,52,เครือข่ายชาวนาแห่งประเทศไทย,0
50,เชียงใหม่,7,ฝาง,สันทราย,5,5,53,ไทยพิทักษ์ธรรม,0
50,เชียงใหม่,7,ฝาง,สันทราย,5,5,54,ความหวังใหม่,0
50,เชียงใหม่,7,ฝาง,สันทราย,5,5,55,ไทยรวมไทย,0
50,เชียงใหม่,7,ฝาง,สันทราย,5,5,56,เพื่อบ้านเมือง,1
50,เชียงใหม่,7,ฝาง,สันทราย,5,5,57,พลังไทยรักชาติ,0
50,เชียงใหม่,7,ฝาง,สันทราย,5,6,1,ไทยทรัพย์ทวี,4
50,เชียงใหม่,7,ฝาง,สันทราย,5,6,2,เพื่อชาติไทย,5
50,เชียงใหม่,7,ฝาง,สันทราย,5,6,3,ใหม่,1
50,เชียงใหม่,7,ฝาง,สันทราย,5,6,4,มิติใหม่,2
50,เชียงใหม่,7,ฝาง,สันทราย,5,6,5,รวมใจไทย,7
50,เชียงใหม่,7,ฝาง,สันทราย,5,6,6,รวมไทยสร้างชาติ,14
50,เชียงใหม่,7,ฝาง,สันทราย,5,6,7,พลวัต,5
50,เชียงใหม่,7,ฝาง,สันทราย,5,6,8,ประชาธิปไตยใหม่,0
50,เชียงใหม่,7,ฝาง,สันทราย,5,6,9,เพื่อไทย,33
50,เชียงใหม่,7,ฝาง,สันทราย,5,6,10,ทางเลือกใหม่,2
50,เชียงใหม่,7,ฝาง,สันทราย,5,6,11,เศรษฐกิจ,13
50,เชียงใหม่,7,ฝาง,สันทราย,5,6,12,เสรีรวมไทย,2
50,เชียงใหม่,7,ฝาง,สันทราย,5,6,13,รวมพลังประชาชน,1
50,เชียงใหม่,7,ฝาง,สันทราย,5,6,14,ท้องที่ไทย,1
50,เชียงใหม่,7,ฝาง,สันทราย,5,6,15,อนาคตไทย,0
50,เชียงใหม่,7,ฝาง,สันทราย,5,6,16,พลังเพื่อไทย,0
50,เชียงใหม่,7,ฝาง,สันทราย,5,6,17,ไทยชนะ,1
50,เชียงใหม่,7,ฝาง,สันทราย,5,6,18,พลังสังคมใหม่,1
50,เชียงใหม่,7,ฝาง,สันทราย,5,6,19,สังคมประชาธิปไตย,0
50,เชียงใหม่,7,ฝาง,สันทราย,5,6,20,ฟิวชัน,0
50,เชียงใหม่,7,ฝาง,สันทราย,5,6,21,ไทยรวมพลัง,0
50,เชียงใหม่,7,ฝาง,สันทราย,5,6,22,ก้าวอิสระ,0
50,เชียงใหม่,7,ฝาง,สันทราย,5,6,23,ปวงชนไทย,1
50,เชียงใหม่,7,ฝาง,สันทราย,5,6,24,วิชชั่นใหม่,1
50,เชียงใหม่,7,ฝาง,สันทราย,5,6,25,เพื่อชีวิตใหม่,0
50,เชียงใหม่,7,ฝาง,สันทราย,5,6,26,คลองไทย,1
50,เชียงใหม่,7,ฝาง,สันทราย,5,6,27,ประชาธิปัตย์,30
50,เชียงใหม่,7,ฝาง,สันทราย,5,6,28,ไทยก้าวหน้า,1
50,เชียงใหม่,7,ฝาง,สันทราย,5,6,29,ไทยภักดี,1
50,เชียงใหม่,7,ฝาง,สันทราย,5,6,30,แรงงานสร้างชาติ,0
50,เชียงใหม่,7,ฝาง,สันทราย,5,6,31,ประชากรไทย,1
50,เชียงใหม่,7,ฝาง,สันทราย,5,6,32,ครูไทยเพื่อประชาชน,0
50,เชียงใหม่,7,ฝาง,สันทราย,5,6,33,ประชาชาติ,1
50,เชียงใหม่,7,ฝาง,สันทราย,5,6,34,สร้างอนาคตไทย,0
50,เชียงใหม่,7,ฝาง,สันทราย,5,6,35,รักชาติ,1
50,เชียงใหม่,7,ฝาง,สันทราย,5,6,36,ไทยพร้อม,1
50,เชียงใหม่,7,ฝาง,สันทราย,5,6,37,ภูมิใจไทย,19
50,เชียงใหม่,7,ฝาง,สันทราย,5,6,38,พลังธรรมใหม่,1
50,เชียงใหม่,7,ฝาง,สันทราย,5,6,39,กรีน,0
50,เชียงใหม่,7,ฝาง,สันทราย,5,6,40,ไทยธรรม,0
50,เชียงใหม่,7,ฝาง,สันทราย,5,6,41,แผ่นดินธรรม,0
50,เชียงใหม่,7,ฝาง,สันทราย,5,6,42,กล้าธรรม,18
50,เชียงใหม่,7,ฝาง,สันทราย,5,6,43,พลังประชารัฐ,2
50,เชียงใหม่,7,ฝาง,สันทราย,5,6,44,โอกาสใหม่,2
50,เชียงใหม่,7,ฝาง,สันทราย,5,6,45,เป็นธรรม,1
50,เชียงใหม่,7,ฝาง,สันทราย,5,6,46,ประชาชน,75
50,เชียงใหม่,7,ฝาง,สันทราย,5,6,47,ประชาไทย,0
50,เชียงใหม่,7,ฝาง,สันทราย,5,6,48,ไทยสร้างไทย,1
50,เชียงใหม่,7,ฝาง,สันทราย,5,6,49,ไทยก้าวใหม่,2
50,เชียงใหม่,7,ฝาง,สันทราย,5,6,50,ประชาอาสาชาติ,0
50,เชียงใหม่,7,ฝาง,สันทราย,5,6,51,พร้อม,0
50,เชียงใหม่,7,ฝาง,สันทราย,5,6,52,เครือข่ายชาวนาแห่งประเทศไทย,0
50,เชียงใหม่,7,ฝาง,สันทราย,5,6,53,ไทยพิทักษ์ธรรม,0
50,เชียงใหม่,7,ฝาง,สันทราย,5,6,54,ความหวังใหม่,0
50,เชียงใหม่,7,ฝาง,สันทราย,5,6,55,ไทยรวมไทย,0
50,เชียงใหม่,7,ฝาง,สันทราย,5,6,56,เพื่อบ้านเมือง,0
50,เชียงใหม่,7,ฝาง,สันทราย,5,6,57,พลังไทยรักชาติ,1
50,เชียงใหม่,7,ฝาง,สันทราย,6,7,1,ไทยทรัพย์ทวี,0
50,เชียงใหม่,7,ฝาง,สันทราย,6,7,2,เพื่อชาติไทย,2
50,เชียงใหม่,7,ฝาง,สันทราย,6,7,3,ใหม่,0
50,เชียงใหม่,7,ฝาง,สันทราย,6,7,4,มิติใหม่,0
50,เชียงใหม่,7,ฝาง,สันทราย,6,7,5,รวมใจไทย,1
50,เชียงใหม่,7,ฝาง,สันทราย,6,7,6,รวมไทยสร้างชาติ,4
50,เชียงใหม่,7,ฝาง,สันทราย,6,7,7,พลวัต,0
50,เชียงใหม่,7,ฝาง,สันทราย,6,7,8,ประชาธิปไตยใหม่,0
50,เชียงใหม่,7,ฝาง,สันทราย,6,7,9,เพื่อไทย,58
50,เชียงใหม่,7,ฝาง,สันทราย,6,7,10,ทางเลือกใหม่,1
50,เชียงใหม่,7,ฝาง,สันทราย,6,7,11,เศรษฐกิจ,6
50,เชียงใหม่,7,ฝาง,สันทราย,6,7,12,เสรีรวมไทย,2
50,เชียงใหม่,7,ฝาง,สันทราย,6,7,13,รวมพลังประชาชน,0
50,เชียงใหม่,7,ฝาง,สันทราย,6,7,14,ท้องที่ไทย,0
50,เชียงใหม่,7,ฝาง,สันทราย,6,7,15,อนาคตไทย,0
50,เชียงใหม่,7,ฝาง,สันทราย,6,7,16,พลังเพื่อไทย,0
50,เชียงใหม่,7,ฝาง,สันทราย,6,7,17,ไทยชนะ,0
50,เชียงใหม่,7,ฝาง,สันทราย,6,7,18,พลังสังคมใหม่,0
50,เชียงใหม่,7,ฝาง,สันทราย,6,7,19,สังคมประชาธิปไตย,0
50,เชียงใหม่,7,ฝาง,สันทราย,6,7,20,ฟิวชัน,1
50,เชียงใหม่,7,ฝาง,สันทราย,6,7,21,ไทยรวมพลัง,1
50,เชียงใหม่,7,ฝาง,สันทราย,6,7,22,ก้าวอิสระ,0
50,เชียงใหม่,7,ฝาง,สันทราย,6,7,23,ปวงชนไทย,0
50,เชียงใหม่,7,ฝาง,สันทราย,6,7,24,วิชชั่นใหม่,1
50,เชียงใหม่,7,ฝาง,สันทราย,6,7,25,เพื่อชีวิตใหม่,0
50,เชียงใหม่,7,ฝาง,สันทราย,6,7,26,คลองไทย,0
50,เชียงใหม่,7,ฝาง,สันทราย,6,7,27,ประชาธิปัตย์,8
50,เชียงใหม่,7,ฝาง,สันทราย,6,7,28,ไทยก้าวหน้า,0
50,เชียงใหม่,7,ฝาง,สันทราย,6,7,29,ไทยภักดี,7
50,เชียงใหม่,7,ฝาง,สันทราย,6,7,30,แรงงานสร้างชาติ,0
50,เชียงใหม่,7,ฝาง,สันทราย,6,7,31,ประชากรไทย,1
50,เชียงใหม่,7,ฝาง,สันทราย,6,7,32,ครูไทยเพื่อประชาชน,0
50,เชียงใหม่,7,ฝาง,สันทราย,6,7,33,ประชาชาติ,0
50,เชียงใหม่,7,ฝาง,สันทราย,6,7,34,สร้างอนาคตไทย,0
50,เชียงใหม่,7,ฝาง,สันทราย,6,7,35,รักชาติ,0
50,เชียงใหม่,7,ฝาง,สันทราย,6,7,36,ไทยพร้อม,2
50,เชียงใหม่,7,ฝาง,สันทราย,6,7,37,ภูมิใจไทย,25
50,เชียงใหม่,7,ฝาง,สันทราย,6,7,38,พลังธรรมใหม่,0
50,เชียงใหม่,7,ฝาง,สันทราย,6,7,39,กรีน,0
50,เชียงใหม่,7,ฝาง,สันทราย,6,7,40,ไทยธรรม,1
50,เชียงใหม่,7,ฝาง,สันทราย,6,7,41,แผ่นดินธรรม,0
50,เชียงใหม่,7,ฝาง,สันทราย,6,7,42,กล้าธรรม,22
50,เชียงใหม่,7,ฝาง,สันทราย,6,7,43,พลังประชารัฐ,2
50,เชียงใหม่,7,ฝาง,สันทราย,6,7,44,โอกาสใหม่,0
50,เชียงใหม่,7,ฝาง,สันทราย,6,7,45,เป็นธรรม,0
50,เชียงใหม่,7,ฝาง,สันทราย,6,7,46,ประชาชน,84
50,เชียงใหม่,7,ฝาง,สันทราย,6,7,47,ประชาไทย,0
50,เชียงใหม่,7,ฝาง,สันทราย,6,7,48,ไทยสร้างไทย,0
50,เชียงใหม่,7,ฝาง,สันทราย,6,7,49,ไทยก้าวใหม่,0
50,เชียงใหม่,7,ฝาง,สันทราย,6,7,50,ประชาอาสาชาติ,0
50,เชียงใหม่,7,ฝาง,สันทราย,6,7,51,พร้อม,0
50,เชียงใหม่,7,ฝาง,สันทราย,6,7,52,เครือข่ายชาวนาแห่งประเทศไทย,0
50,เชียงใหม่,7,ฝาง,สันทราย,6,7,53,ไทยพิทักษ์ธรรม,0
50,เชียงใหม่,7,ฝาง,สันทราย,6,7,54,ความหวังใหม่,0
50,เชียงใหม่,7,ฝาง,สันทราย,6,7,55,ไทยรวมไทย,0
50,เชียงใหม่,7,ฝาง,สันทราย,6,7,56,เพื่อบ้านเมือง,0
50,เชียงใหม่,7,ฝาง,สันทราย,6,7,57,พลังไทยรักชาติ,0
50,เชียงใหม่,7,ฝาง,สันทราย,7,8,1,ไทยทรัพย์ทวี,2
50,เชียงใหม่,7,ฝาง,สันทราย,7,8,2,เพื่อชาติไทย,4
50,เชียงใหม่,7,ฝาง,สันทราย,7,8,3,ใหม่,3
50,เชียงใหม่,7,ฝาง,สันทราย,7,8,4,มิติใหม่,2
50,เชียงใหม่,7,ฝาง,สันทราย,7,8,5,รวมใจไทย,3
50,เชียงใหม่,7,ฝาง,สันทราย,7,8,6,รวมไทยสร้างชาติ,10
50,เชียงใหม่,7,ฝาง,สันทราย,7,8,7,พลวัต,1
50,เชียงใหม่,7,ฝาง,สันทราย,7,8,8,ประชาธิปไตยใหม่,2
50,เชียงใหม่,7,ฝาง,สันทราย,7,8,9,เพื่อไทย,190
50,เชียงใหม่,7,ฝาง,สันทราย,7,8,10,ทางเลือกใหม่,2
50,เชียงใหม่,7,ฝาง,สันทราย,7,8,11,เศรษฐกิจ,16
50,เชียงใหม่,7,ฝาง,สันทราย,7,8,12,เสรีรวมไทย,2
50,เชียงใหม่,7,ฝาง,สันทราย,7,8,13,รวมพลังประชาชน,1
50,เชียงใหม่,7,ฝาง,สันทราย,7,8,14,ท้องที่ไทย,1
50,เชียงใหม่,7,ฝาง,สันทราย,7,8,15,อนาคตไทย,0
50,เชียงใหม่,7,ฝาง,สันทราย,7,8,16,พลังเพื่อไทย,0
50,เชียงใหม่,7,ฝาง,สันทราย,7,8,17,ไทยชนะ,1
50,เชียงใหม่,7,ฝาง,สันทราย,7,8,18,พลังสังคมใหม่,0
50,เชียงใหม่,7,ฝาง,สันทราย,7,8,19,สังคมประชาธิปไตย,0
50,เชียงใหม่,7,ฝาง,สันทราย,7,8,20,ฟิวชัน,0
50,เชียงใหม่,7,ฝาง,สันทราย,7,8,21,ไทยรวมพลัง,0
50,เชียงใหม่,7,ฝาง,สันทราย,7,8,22,ก้าวอิสระ,1
50,เชียงใหม่,7,ฝาง,สันทราย,7,8,23,ปวงชนไทย,0
50,เชียงใหม่,7,ฝาง,สันทราย,7,8,24,วิชชั่นใหม่,0
50,เชียงใหม่,7,ฝาง,สันทราย,7,8,25,เพื่อชีวิตใหม่,1
50,เชียงใหม่,7,ฝาง,สันทราย,7,8,26,คลองไทย,0
50,เชียงใหม่,7,ฝาง,สันทราย,7,8,27,ประชาธิปัตย์,15
50,เชียงใหม่,7,ฝาง,สันทราย,7,8,28,ไทยก้าวหน้า,0
50,เชียงใหม่,7,ฝาง,สันทราย,7,8,29,ไทยภักดี,4
50,เชียงใหม่,7,ฝาง,สันทราย,7,8,30,แรงงานสร้างชาติ,0
50,เชียงใหม่,7,ฝาง,สันทราย,7,8,31,ประชากรไทย,0
50,เชียงใหม่,7,ฝาง,สันทราย,7,8,32,ครูไทยเพื่อประชาชน,1
50,เชียงใหม่,7,ฝาง,สันทราย,7,8,33,ประชาชาติ,0
50,เชียงใหม่,7,ฝาง,สันทราย,7,8,34,สร้างอนาคตไทย,1
50,เชียงใหม่,7,ฝาง,สันทราย,7,8,35,รักชาติ,1
50,เชียงใหม่,7,ฝาง,สันทราย,7,8,36,ไทยพร้อม,1
50,เชียงใหม่,7,ฝาง,สันทราย,7,8,37,ภูมิใจไทย,63
50,เชียงใหม่,7,ฝาง,สันทราย,7,8,38,พลังธรรมใหม่,3
50,เชียงใหม่,7,ฝาง,สันทราย,7,8,39,กรีน,0
50,เชียงใหม่,7,ฝาง,สันทราย,7,8,40,ไทยธรรม,0
50,เชียงใหม่,7,ฝาง,สันทราย,7,8,41,แผ่นดินธรรม,0
50,เชียงใหม่,7,ฝาง,สันทราย,7,8,42,กล้าธรรม,7
50,เชียงใหม่,7,ฝาง,สันทราย,7,8,43,พลังประชารัฐ,2
50,เชียงใหม่,7,ฝาง,สันทราย,7,8,44,โอกาสใหม่,0
50,เชียงใหม่,7,ฝาง,สันทราย,7,8,45,เป็นธรรม,1
50,เชียงใหม่,7,ฝาง,สันทราย,7,8,46,ประชาชน,160
50,เชียงใหม่,7,ฝาง,สันทราย,7,8,47,ประชาไทย,0
50,เชียงใหม่,7,ฝาง,สันทราย,7,8,48,ไทยสร้างไทย,2
50,เชียงใหม่,7,ฝาง,สันทราย,7,8,49,ไทยก้าวใหม่,0
50,เชียงใหม่,7,ฝาง,สันทราย,7,8,50,ประชาอาสาชาติ,0
50,เชียงใหม่,7,ฝาง,สันทราย,7,8,51,พร้อม,0
50,เชียงใหม่,7,ฝาง,สันทราย,7,8,52,เครือข่ายชาวนาแห่งประเทศไทย,0
50,เชียงใหม่,7,ฝาง,สันทราย,7,8,53,ไทยพิทักษ์ธรรม,0
50,เชียงใหม่,7,ฝาง,สันทราย,7,8,54,ความหวังใหม่,0
50,เชียงใหม่,7,ฝาง,สันทราย,7,8,55,ไทยรวมไทย,0
50,เชียงใหม่,7,ฝาง,สันทราย,7,8,56,เพื่อบ้านเมือง,0
50,เชียงใหม่,7,ฝาง,สันทราย,7,8,57,พลังไทยรักชาติ,0
50,เชียงใหม่,7,ฝาง,สันทราย,8,9,1,ไทยทรัพย์ทวี,3
50,เชียงใหม่,7,ฝาง,สันทราย,8,9,2,เพื่อชาติไทย,8
50,เชียงใหม่,7,ฝาง,สันทราย,8,9,3,ใหม่,1
50,เชียงใหม่,7,ฝาง,สันทราย,8,9,4,มิติใหม่,1
50,เชียงใหม่,7,ฝาง,สันทราย,8,9,5,รวมใจไทย,13
50,เชียงใหม่,7,ฝาง,สันทราย,8,9,6,รวมไทยสร้างชาติ,7
50,เชียงใหม่,7,ฝาง,สันทราย,8,9,7,พลวัต,5
50,เชียงใหม่,7,ฝาง,สันทราย,8,9,8,ประชาธิปไตยใหม่,1
50,เชียงใหม่,7,ฝาง,สันทราย,8,9,9,เพื่อไทย,126
50,เชียงใหม่,7,ฝาง,สันทราย,8,9,10,ทางเลือกใหม่,0
50,เชียงใหม่,7,ฝาง,สันทราย,8,9,11,เศรษฐกิจ,9
50,เชียงใหม่,7,ฝาง,สันทราย,8,9,12,เสรีรวมไทย,0
50,เชียงใหม่,7,ฝาง,สันทราย,8,9,13,รวมพลังประชาชน,1
50,เชียงใหม่,7,ฝาง,สันทราย,8,9,14,ท้องที่ไทย,0
50,เชียงใหม่,7,ฝาง,สันทราย,8,9,15,อนาคตไทย,0
50,เชียงใหม่,7,ฝาง,สันทราย,8,9,16,พลังเพื่อไทย,2
50,เชียงใหม่,7,ฝาง,สันทราย,8,9,17,ไทยชนะ,0
50,เชียงใหม่,7,ฝาง,สันทราย,8,9,18,พลังสังคมใหม่,1
50,เชียงใหม่,7,ฝาง,สันทราย,8,9,19,สังคมประชาธิปไตย,0
50,เชียงใหม่,7,ฝาง,สันทราย,8,9,20,ฟิวชัน,0
50,เชียงใหม่,7,ฝาง,สันทราย,8,9,21,ไทยรวมพลัง,0
50,เชียงใหม่,7,ฝาง,สันทราย,8,9,22,ก้าวอิสระ,0
50,เชียงใหม่,7,ฝาง,สันทราย,8,9,23,ปวงชนไทย,1
50,เชียงใหม่,7,ฝาง,สันทราย,8,9,24,วิชชั่นใหม่,2
50,เชียงใหม่,7,ฝาง,สันทราย,8,9,25,เพื่อชีวิตใหม่,0
50,เชียงใหม่,7,ฝาง,สันทราย,8,9,26,คลองไทย,0
50,เชียงใหม่,7,ฝาง,สันทราย,8,9,27,ประชาธิปัตย์,12
50,เชียงใหม่,7,ฝาง,สันทราย,8,9,28,ไทยก้าวหน้า,2
50,เชียงใหม่,7,ฝาง,สันทราย,8,9,29,ไทยภักดี,2
50,เชียงใหม่,7,ฝาง,สันทราย,8,9,30,แรงงานสร้างชาติ,0
50,เชียงใหม่,7,ฝาง,สันทราย,8,9,31,ประชากรไทย,1
50,เชียงใหม่,7,ฝาง,สันทราย,8,9,32,ครูไทยเพื่อประชาชน,1
50,เชียงใหม่,7,ฝาง,สันทราย,8,9,33,ประชาชาติ,0
50,เชียงใหม่,7,ฝาง,สันทราย,8,9,34,สร้างอนาคตไทย,4
50,เชียงใหม่,7,ฝาง,สันทราย,8,9,35,รักชาติ,2
50,เชียงใหม่,7,ฝาง,สันทราย,8,9,36,ไทยพร้อม,1
50,เชียงใหม่,7,ฝาง,สันทราย,8,9,37,ภูมิใจไทย,52
50,เชียงใหม่,7,ฝาง,สันทราย,8,9,38,พลังธรรมใหม่,5
50,เชียงใหม่,7,ฝาง,สันทราย,8,9,39,กรีน,0
50,เชียงใหม่,7,ฝาง,สันทราย,8,9,40,ไทยธรรม,0
50,เชียงใหม่,7,ฝาง,สันทราย,8,9,41,แผ่นดินธรรม,0
50,เชียงใหม่,7,ฝาง,สันทราย,8,9,42,กล้าธรรม,40
50,เชียงใหม่,7,ฝาง,สันทราย,8,9,43,พลังประชารัฐ,3
50,เชียงใหม่,7,ฝาง,สันทราย,8,9,44,โอกาสใหม่,0
50,เชียงใหม่,7,ฝาง,สันทราย,8,9,45,เป็นธรรม,0
50,เชียงใหม่,7,ฝาง,สันทราย,8,9,46,ประชาชน,142
50,เชียงใหม่,7,ฝาง,สันทราย,8,9,47,ประชาไทย,0
50,เชียงใหม่,7,ฝาง,สันทราย,8,9,48,ไทยสร้างไทย,2
50,เชียงใหม่,7,ฝาง,สันทราย,8,9,49,ไทยก้าวใหม่,0
50,เชียงใหม่,7,ฝาง,สันทราย,8,9,50,ประชาอาสาชาติ,0
50,เชียงใหม่,7,ฝาง,สันทราย,8,9,51,พร้อม,1
50,เชียงใหม่,7,ฝาง,สันทราย,8,9,52,เครือข่ายชาวนาแห่งประเทศไทย,0
50,เชียงใหม่,7,ฝาง,สันทราย,8,9,53,ไทยพิทักษ์ธรรม,0
50,เชียงใหม่,7,ฝาง,สันทราย,8,9,54,ความหวังใหม่,0
50,เชียงใหม่,7,ฝาง,สันทราย,8,9,55,ไทยรวมไทย,0
50,เชียงใหม่,7,ฝาง,สันทราย,8,9,56,เพื่อบ้านเมือง,0
50,เชียงใหม่,7,ฝาง,สันทราย,8,9,57,พลังไทยรักชาติ,0
50,เชียงใหม่,7,ฝาง,สันทราย,9,10,1,ไทยทรัพย์ทวี,2
50,เชียงใหม่,7,ฝาง,สันทราย,9,10,2,เพื่อชาติไทย,2
50,เชียงใหม่,7,ฝาง,สันทราย,9,10,3,ใหม่,1
50,เชียงใหม่,7,ฝาง,สันทราย,9,10,4,มิติใหม่,0
50,เชียงใหม่,7,ฝาง,สันทราย,9,10,5,รวมใจไทย,5
50,เชียงใหม่,7,ฝาง,สันทราย,9,10,6,รวมไทยสร้างชาติ,7
50,เชียงใหม่,7,ฝาง,สันทราย,9,10,7,พลวัต,3
50,เชียงใหม่,7,ฝาง,สันทราย,9,10,8,ประชาธิปไตยใหม่,1
50,เชียงใหม่,7,ฝาง,สันทราย,9,10,9,เพื่อไทย,91
50,เชียงใหม่,7,ฝาง,สันทราย,9,10,10,ทางเลือกใหม่,2
50,เชียงใหม่,7,ฝาง,สันทราย,9,10,11,เศรษฐกิจ,6
50,เชียงใหม่,7,ฝาง,สันทราย,9,10,12,เสรีรวมไทย,0
50,เชียงใหม่,7,ฝาง,สันทราย,9,10,13,รวมพลังประชาชน,2
50,เชียงใหม่,7,ฝาง,สันทราย,9,10,14,ท้องที่ไทย,0
50,เชียงใหม่,7,ฝาง,สันทราย,9,10,15,อนาคตไทย,2
50,เชียงใหม่,7,ฝาง,สันทราย,9,10,16,พลังเพื่อไทย,0
50,เชียงใหม่,7,ฝาง,สันทราย,9,10,17,ไทยชนะ,0
50,เชียงใหม่,7,ฝาง,สันทราย,9,10,18,พลังสังคมใหม่,0
50,เชียงใหม่,7,ฝาง,สันทราย,9,10,19,สังคมประชาธิปไตย,0
50,เชียงใหม่,7,ฝาง,สันทราย,9,10,20,ฟิวชัน,0
50,เชียงใหม่,7,ฝาง,สันทราย,9,10,21,ไทยรวมพลัง,0
50,เชียงใหม่,7,ฝาง,สันทราย,9,10,22,ก้าวอิสระ,0
50,เชียงใหม่,7,ฝาง,สันทราย,9,10,23,ปวงชนไทย,0
50,เชียงใหม่,7,ฝาง,สันทราย,9,10,24,วิชชั่นใหม่,1
50,เชียงใหม่,7,ฝาง,สันทราย,9,10,25,เพื่อชีวิตใหม่,0
50,เชียงใหม่,7,ฝาง,สันทราย,9,10,26,คลองไทย,0
50,เชียงใหม่,7,ฝาง,สันทราย,9,10,27,ประชาธิปัตย์,4
50,เชียงใหม่,7,ฝาง,สันทราย,9,10,28,ไทยก้าวหน้า,0
50,เชียงใหม่,7,ฝาง,สันทราย,9,10,29,ไทยภักดี,0
50,เชียงใหม่,7,ฝาง,สันทราย,9,10,30,แรงงานสร้างชาติ,2
50,เชียงใหม่,7,ฝาง,สันทราย,9,10,31,ประชากรไทย,0
50,เชียงใหม่,7,ฝาง,สันทราย,9,10,32,ครูไทยเพื่อประชาชน,0
50,เชียงใหม่,7,ฝาง,สันทราย,9,10,33,ประชาชาติ,1
50,เชียงใหม่,7,ฝาง,สันทราย,9,10,34,สร้างอนาคตไทย,0
50,เชียงใหม่,7,ฝาง,สันทราย,9,10,35,รักชาติ,0
50,เชียงใหม่,7,ฝาง,สันทราย,9,10,36,ไทยพร้อม,0
50,เชียงใหม่,7,ฝาง,สันทราย,9,10,37,ภูมิใจไทย,16
50,เชียงใหม่,7,ฝาง,สันทราย,9,10,38,พลังธรรมใหม่,3
50,เชียงใหม่,7,ฝาง,สันทราย,9,10,39,กรีน,0
50,เชียงใหม่,7,ฝาง,สันทราย,9,10,40,ไทยธรรม,1
50,เชียงใหม่,7,ฝาง,สันทราย,9,10,41,แผ่นดินธรรม,1
50,เชียงใหม่,7,ฝาง,สันทราย,9,10,42,กล้าธรรม,18
50,เชียงใหม่,7,ฝาง,สันทราย,9,10,43,พลังประชารัฐ,0
50,เชียงใหม่,7,ฝาง,สันทราย,9,10,44,โอกาสใหม่,1
50,เชียงใหม่,7,ฝาง,สันทราย,9,10,45,เป็นธรรม,1
50,เชียงใหม่,7,ฝาง,สันทราย,9,10,46,ประชาชน,94
50,เชียงใหม่,7,ฝาง,สันทราย,9,10,47,ประชาไทย,0
50,เชียงใหม่,7,ฝาง,สันทราย,9,10,48,ไทยสร้างไทย,2
50,เชียงใหม่,7,ฝาง,สันทราย,9,10,49,ไทยก้าวใหม่,1
50,เชียงใหม่,7,ฝาง,สันทราย,9,10,50,ประชาอาสาชาติ,0
50,เชียงใหม่,7,ฝาง,สันทราย,9,10,51,พร้อม,0
50,เชียงใหม่,7,ฝาง,สันทราย,9,10,52,เครือข่ายชาวนาแห่งประเทศไทย,0
50,เชียงใหม่,7,ฝาง,สันทราย,9,10,53,ไทยพิทักษ์ธรรม,0
50,เชียงใหม่,7,ฝาง,สันทราย,9,10,54,ความหวังใหม่,1
50,เชียงใหม่,7,ฝาง,สันทราย,9,10,55,ไทยรวมไทย,0
50,เชียงใหม่,7,ฝาง,สันทราย,9,10,56,เพื่อบ้านเมือง,0
50,เชียงใหม่,7,ฝาง,สันทราย,9,10,57,พลังไทยรักชาติ,0
50,เชียงใหม่,7,ฝาง,สันทราย,10,11,1,ไทยทรัพย์ทวี,1
50,เชียงใหม่,7,ฝาง,สันทราย,10,11,2,เพื่อชาติไทย,4
50,เชียงใหม่,7,ฝาง,สันทราย,10,11,3,ใหม่,6
50,เชียงใหม่,7,ฝาง,สันทราย,10,11,4,มิติใหม่,1
50,เชียงใหม่,7,ฝาง,สันทราย,10,11,5,รวมใจไทย,4
50,เชียงใหม่,7,ฝาง,สันทราย,10,11,6,รวมไทยสร้างชาติ,3
50,เชียงใหม่,7,ฝาง,สันทราย,10,11,7,พลวัต,1
50,เชียงใหม่,7,ฝาง,สันทราย,10,11,8,ประชาธิปไตยใหม่,1
50,เชียงใหม่,7,ฝาง,สันทราย,10,11,9,เพื่อไทย,75
50,เชียงใหม่,7,ฝาง,สันทราย,10,11,10,ทางเลือกใหม่,3
50,เชียงใหม่,7,ฝาง,สันทราย,10,11,11,เศรษฐกิจ,10
50,เชียงใหม่,7,ฝาง,สันทราย,10,11,12,เสรีรวมไทย,1
50,เชียงใหม่,7,ฝาง,สันทราย,10,11,13,รวมพลังประชาชน,5
50,เชียงใหม่,7,ฝาง,สันทราย,10,11,14,ท้องที่ไทย,1
50,เชียงใหม่,7,ฝาง,สันทราย,10,11,15,อนาคตไทย,0
50,เชียงใหม่,7,ฝาง,สันทราย,10,11,16,พลังเพื่อไทย,0
50,เชียงใหม่,7,ฝาง,สันทราย,10,11,17,ไทยชนะ,1
50,เชียงใหม่,7,ฝาง,สันทราย,10,11,18,พลังสังคมใหม่,0
50,เชียงใหม่,7,ฝาง,สันทราย,10,11,19,สังคมประชาธิปไตย,0
50,เชียงใหม่,7,ฝาง,สันทราย,10,11,20,ฟิวชัน,0
50,เชียงใหม่,7,ฝาง,สันทราย,10,11,21,ไทยรวมพลัง,0
50,เชียงใหม่,7,ฝาง,สันทราย,10,11,22,ก้าวอิสระ,0
50,เชียงใหม่,7,ฝาง,สันทราย,10,11,23,ปวงชนไทย,0
50,เชียงใหม่,7,ฝาง,สันทราย,10,11,24,วิชชั่นใหม่,0
50,เชียงใหม่,7,ฝาง,สันทราย,10,11,25,เพื่อชีวิตใหม่,0
50,เชียงใหม่,7,ฝาง,สันทราย,10,11,26,คลองไทย,0
50,เชียงใหม่,7,ฝาง,สันทราย,10,11,27,ประชาธิปัตย์,12
50,เชียงใหม่,7,ฝาง,สันทราย,10,11,28,ไทยก้าวหน้า,0
50,เชียงใหม่,7,ฝาง,สันทราย,10,11,29,ไทยภักดี,3
50,เชียงใหม่,7,ฝาง,สันทราย,10,11,30,แรงงานสร้างชาติ,0
50,เชียงใหม่,7,ฝาง,สันทราย,10,11,31,ประชากรไทย,0
50,เชียงใหม่,7,ฝาง,สันทราย,10,11,32,ครูไทยเพื่อประชาชน,1
50,เชียงใหม่,7,ฝาง,สันทราย,10,11,33,ประชาชาติ,0
50,เชียงใหม่,7,ฝาง,สันทราย,10,11,34,สร้างอนาคตไทย,1
50,เชียงใหม่,7,ฝาง,สันทราย,10,11,35,รักชาติ,0
50,เชียงใหม่,7,ฝาง,สันทราย,10,11,36,ไทยพร้อม,0
50,เชียงใหม่,7,ฝาง,สันทราย,10,11,37,ภูมิใจไทย,32
50,เชียงใหม่,7,ฝาง,สันทราย,10,11,38,พลังธรรมใหม่,0
50,เชียงใหม่,7,ฝาง,สันทราย,10,11,39,กรีน,1
50,เชียงใหม่,7,ฝาง,สันทราย,10,11,40,ไทยธรรม,0
50,เชียงใหม่,7,ฝาง,สันทราย,10,11,41,แผ่นดินธรรม,0
50,เชียงใหม่,7,ฝาง,สันทราย,10,11,42,กล้าธรรม,11
50,เชียงใหม่,7,ฝาง,สันทราย,10,11,43,พลังประชารัฐ,4
50,เชียงใหม่,7,ฝาง,สันทราย,10,11,44,โอกาสใหม่,0
50,เชียงใหม่,7,ฝาง,สันทราย,10,11,45,เป็นธรรม,0
50,เชียงใหม่,7,ฝาง,สันทราย,10,11,46,ประชาชน,95
50,เชียงใหม่,7,ฝาง,สันทราย,10,11,47,ประชาไทย,0
50,เชียงใหม่,7,ฝาง,สันทราย,10,11,48,ไทยสร้างไทย,0
50,เชียงใหม่,7,ฝาง,สันทราย,10,11,49,ไทยก้าวใหม่,0
50,เชียงใหม่,7,ฝาง,สันทราย,10,11,50,ประชาอาสาชาติ,0
50,เชียงใหม่,7,ฝาง,สันทราย,10,11,51,พร้อม,0
50,เชียงใหม่,7,ฝาง,สันทราย,10,11,52,เครือข่ายชาวนาแห่งประเทศไทย,0
50,เชียงใหม่,7,ฝาง,สันทราย,10,11,53,ไทยพิทักษ์ธรรม,0
50,เชียงใหม่,7,ฝาง,สันทราย,10,11,54,ความหวังใหม่,0
50,เชียงใหม่,7,ฝาง,สันทราย,10,11,55,ไทยรวมไทย,0
50,เชียงใหม่,7,ฝาง,สันทราย,10,11,56,เพื่อบ้านเมือง,0
50,เชียงใหม่,7,ฝาง,สันทราย,10,11,57,พลังไทยรักชาติ,0
50,เชียงใหม่,7,ฝาง,สันทราย,11,12,1,ไทยทรัพย์ทวี,2
50,เชียงใหม่,7,ฝาง,สันทราย,11,12,2,เพื่อชาติไทย,6
50,เชียงใหม่,7,ฝาง,สันทราย,11,12,3,ใหม่,1
50,เชียงใหม่,7,ฝาง,สันทราย,11,12,4,มิติใหม่,1
50,เชียงใหม่,7,ฝาง,สันทราย,11,12,5,รวมใจไทย,15
50,เชียงใหม่,7,ฝาง,สันทราย,11,12,6,รวมไทยสร้างชาติ,6
50,เชียงใหม่,7,ฝาง,สันทราย,11,12,7,พลวัต,2
50,เชียงใหม่,7,ฝาง,สันทราย,11,12,8,ประชาธิปไตยใหม่,2
50,เชียงใหม่,7,ฝาง,สันทราย,11,12,9,เพื่อไทย,100
50,เชียงใหม่,7,ฝาง,สันทราย,11,12,10,ทางเลือกใหม่,3
50,เชียงใหม่,7,ฝาง,สันทราย,11,12,11,เศรษฐกิจ,11
50,เชียงใหม่,7,ฝาง,สันทราย,11,12,12,เสรีรวมไทย,0
50,เชียงใหม่,7,ฝาง,สันทราย,11,12,13,รวมพลังประชาชน,5
50,เชียงใหม่,7,ฝาง,สันทราย,11,12,14,ท้องที่ไทย,1
50,เชียงใหม่,7,ฝาง,สันทราย,11,12,15,อนาคตไทย,0
50,เชียงใหม่,7,ฝาง,สันทราย,11,12,16,พลังเพื่อไทย,0
50,เชียงใหม่,7,ฝาง,สันทราย,11,12,17,ไทยชนะ,0
50,เชียงใหม่,7,ฝาง,สันทราย,11,12,18,พลังสังคมใหม่,0
50,เชียงใหม่,7,ฝาง,สันทราย,11,12,19,สังคมประชาธิปไตย,0
50,เชียงใหม่,7,ฝาง,สันทราย,11,12,20,ฟิวชัน,0
50,เชียงใหม่,7,ฝาง,สันทราย,11,12,21,ไทยรวมพลัง,0
50,เชียงใหม่,7,ฝาง,สันทราย,11,12,22,ก้าวอิสระ,0
50,เชียงใหม่,7,ฝาง,สันทราย,11,12,23,ปวงชนไทย,0
50,เชียงใหม่,7,ฝาง,สันทราย,11,12,24,วิชชั่นใหม่,2
50,เชียงใหม่,7,ฝาง,สันทราย,11,12,25,เพื่อชีวิตใหม่,0
50,เชียงใหม่,7,ฝาง,สันทราย,11,12,26,คลองไทย,2
50,เชียงใหม่,7,ฝาง,สันทราย,11,12,27,ประชาธิปัตย์,5
50,เชียงใหม่,7,ฝาง,สันทราย,11,12,28,ไทยก้าวหน้า,0
50,เชียงใหม่,7,ฝาง,สันทราย,11,12,29,ไทยภักดี,0
50,เชียงใหม่,7,ฝาง,สันทราย,11,12,30,แรงงานสร้างชาติ,1
50,เชียงใหม่,7,ฝาง,สันทราย,11,12,31,ประชากรไทย,0
50,เชียงใหม่,7,ฝาง,สันทราย,11,12,32,ครูไทยเพื่อประชาชน,1
50,เชียงใหม่,7,ฝาง,สันทราย,11,12,33,ประชาชาติ,0
50,เชียงใหม่,7,ฝาง,สันทราย,11,12,34,สร้างอนาคตไทย,1
50,เชียงใหม่,7,ฝาง,สันทราย,11,12,35,รักชาติ,0
50,เชียงใหม่,7,ฝาง,สันทราย,11,12,36,ไทยพร้อม,1
50,เชียงใหม่,7,ฝาง,สันทราย,11,12,37,ภูมิใจไทย,43
50,เชียงใหม่,7,ฝาง,สันทราย,11,12,38,พลังธรรมใหม่,2
50,เชียงใหม่,7,ฝาง,สันทราย,11,12,39,กรีน,2
50,เชียงใหม่,7,ฝาง,สันทราย,11,12,40,ไทยธรรม,0
50,เชียงใหม่,7,ฝาง,สันทราย,11,12,41,แผ่นดินธรรม,0
50,เชียงใหม่,7,ฝาง,สันทราย,11,12,42,กล้าธรรม,32
50,เชียงใหม่,7,ฝาง,สันทราย,11,12,43,พลังประชารัฐ,3
50,เชียงใหม่,7,ฝาง,สันทราย,11,12,44,โอกาสใหม่,1
50,เชียงใหม่,7,ฝาง,สันทราย,11,12,45,เป็นธรรม,0
50,เชียงใหม่,7,ฝาง,สันทราย,11,12,46,ประชาชน,149
50,เชียงใหม่,7,ฝาง,สันทราย,11,12,47,ประชาไทย,0
50,เชียงใหม่,7,ฝาง,สันทราย,11,12,48,ไทยสร้างไทย,0
50,เชียงใหม่,7,ฝาง,สันทราย,11,12,49,ไทยก้าวใหม่,0
50,เชียงใหม่,7,ฝาง,สันทราย,11,12,50,ประชาอาสาชาติ,0
50,เชียงใหม่,7,ฝาง,สันทราย,11,12,51,พร้อม,0
50,เชียงใหม่,7,ฝาง,สันทราย,11,12,52,เครือข่ายชาวนาแห่งประเทศไทย,1
50,เชียงใหม่,7,ฝาง,สันทราย,11,12,53,ไทยพิทักษ์ธรรม,0
50,เชียงใหม่,7,ฝาง,สันทราย,11,12,54,ความหวังใหม่,0
50,เชียงใหม่,7,ฝาง,สันทราย,11,12,55,ไทยรวมไทย,0
50,เชียงใหม่,7,ฝาง,สันทราย,11,12,56,เพื่อบ้านเมือง,1
50,เชียงใหม่,7,ฝาง,สันทราย,11,12,57,พลังไทยรักชาติ,0
50,เชียงใหม่,7,ฝาง,สันทราย,12,13,1,ไทยทรัพย์ทวี,1
50,เชียงใหม่,7,ฝาง,สันทราย,12,13,2,เพื่อชาติไทย,1
50,เชียงใหม่,7,ฝาง,สันทราย,12,13,3,ใหม่,0
50,เชียงใหม่,7,ฝาง,สันทราย,12,13,4,มิติใหม่,0
50,เชียงใหม่,7,ฝาง,สันทราย,12,13,5,รวมใจไทย,0
50,เชียงใหม่,7,ฝาง,สันทราย,12,13,6,รวมไทยสร้างชาติ,4
50,เชียงใหม่,7,ฝาง,สันทราย,12,13,7,พลวัต,1
50,เชียงใหม่,7,ฝาง,สันทราย,12,13,8,ประชาธิปไตยใหม่,1
50,เชียงใหม่,7,ฝาง,สันทราย,12,13,9,เพื่อไทย,47
50,เชียงใหม่,7,ฝาง,สันทราย,12,13,10,ทางเลือกใหม่,2
50,เชียงใหม่,7,ฝาง,สันทราย,12,13,11,เศรษฐกิจ,2
50,เชียงใหม่,7,ฝาง,สันทราย,12,13,12,เสรีรวมไทย,0
50,เชียงใหม่,7,ฝาง,สันทราย,12,13,13,รวมพลังประชาชน,2
50,เชียงใหม่,7,ฝาง,สันทราย,12,13,14,ท้องที่ไทย,0
50,เชียงใหม่,7,ฝาง,สันทราย,12,13,15,อนาคตไทย,0
50,เชียงใหม่,7,ฝาง,สันทราย,12,13,16,พลังเพื่อไทย,0
50,เชียงใหม่,7,ฝาง,สันทราย,12,13,17,ไทยชนะ,0
50,เชียงใหม่,7,ฝาง,สันทราย,12,13,18,พลังสังคมใหม่,0
50,เชียงใหม่,7,ฝาง,สันทราย,12,13,19,สังคมประชาธิปไตย,0
50,เชียงใหม่,7,ฝาง,สันทราย,12,13,20,ฟิวชัน,0
50,เชียงใหม่,7,ฝาง,สันทราย,12,13,21,ไทยรวมพลัง,0
50,เชียงใหม่,7,ฝาง,สันทราย,12,13,22,ก้าวอิสระ,0
50,เชียงใหม่,7,ฝาง,สันทราย,12,13,23,ปวงชนไทย,0
50,เชียงใหม่,7,ฝาง,สันทราย,12,13,24,วิชชั่นใหม่,0
50,เชียงใหม่,7,ฝาง,สันทราย,12,13,25,เพื่อชีวิตใหม่,0
50,เชียงใหม่,7,ฝาง,สันทราย,12,13,26,คลองไทย,0
50,เชียงใหม่,7,ฝาง,สันทราย,12,13,27,ประชาธิปัตย์,2
50,เชียงใหม่,7,ฝาง,สันทราย,12,13,28,ไทยก้าวหน้า,0
50,เชียงใหม่,7,ฝาง,สันทราย,12,13,29,ไทยภักดี,1
50,เชียงใหม่,7,ฝาง,สันทราย,12,13,30,แรงงานสร้างชาติ,0
50,เชียงใหม่,7,ฝาง,สันทราย,12,13,31,ประชากรไทย,0
50,เชียงใหม่,7,ฝาง,สันทราย,12,13,32,ครูไทยเพื่อประชาชน,0
50,เชียงใหม่,7,ฝาง,สันทราย,12,13,33,ประชาชาติ,0
50,เชียงใหม่,7,ฝาง,สันทราย,12,13,34,สร้างอนาคตไทย,0
50,เชียงใหม่,7,ฝาง,สันทราย,12,13,35,รักชาติ,0
50,เชียงใหม่,7,ฝาง,สันทราย,12,13,36,ไทยพร้อม,0
50,เชียงใหม่,7,ฝาง,สันทราย,12,13,37,ภูมิใจไทย,11
50,เชียงใหม่,7,ฝาง,สันทราย,12,13,38,พลังธรรมใหม่,0
50,เชียงใหม่,7,ฝาง,สันทราย,12,13,39,กรีน,0
50,เชียงใหม่,7,ฝาง,สันทราย,12,13,40,ไทยธรรม,0
50,เชียงใหม่,7,ฝาง,สันทราย,12,13,41,แผ่นดินธรรม,0
50,เชียงใหม่,7,ฝาง,สันทราย,12,13,42,กล้าธรรม,13
50,เชียงใหม่,7,ฝาง,สันทราย,12,13,43,พลังประชารัฐ,5
50,เชียงใหม่,7,ฝาง,สันทราย,12,13,44,โอกาสใหม่,3
50,เชียงใหม่,7,ฝาง,สันทราย,12,13,45,เป็นธรรม,0
50,เชียงใหม่,7,ฝาง,สันทราย,12,13,46,ประชาชน,51
50,เชียงใหม่,7,ฝาง,สันทราย,12,13,47,ประชาไทย,1
50,เชียงใหม่,7,ฝาง,สันทราย,12,13,48,ไทยสร้างไทย,0
50,เชียงใหม่,7,ฝาง,สันทราย,12,13,49,ไทยก้าวใหม่,0
50,เชียงใหม่,7,ฝาง,สันทราย,12,13,50,ประชาอาสาชาติ,0
50,เชียงใหม่,7,ฝาง,สันทราย,12,13,51,พร้อม,0
50,เชียงใหม่,7,ฝาง,สันทราย,12,13,52,เครือข่ายชาวนาแห่งประเทศไทย,0
50,เชียงใหม่,7,ฝาง,สันทราย,12,13,53,ไทยพิทักษ์ธรรม,0
50,เชียงใหม่,7,ฝาง,สันทราย,12,13,54,ความหวังใหม่,0
50,เชียงใหม่,7,ฝาง,สันทราย,12,13,55,ไทยรวมไทย,0
50,เชียงใหม่,7,ฝาง,สันทราย,12,13,56,เพื่อบ้านเมือง,0
50,เชียงใหม่,7,ฝาง,สันทราย,12,13,57,พลังไทยรักชาติ,0
50,เชียงใหม่,7,ฝาง,สันทราย,13,14,1,ไทยทรัพย์ทวี,3
50,เชียงใหม่,7,ฝาง,สันทราย,13,14,2,เพื่อชาติไทย,3
50,เชียงใหม่,7,ฝาง,สันทราย,13,14,3,ใหม่,5
50,เชียงใหม่,7,ฝาง,สันทราย,13,14,4,มิติใหม่,1
50,เชียงใหม่,7,ฝาง,สันทราย,13,14,5,รวมใจไทย,9
50,เชียงใหม่,7,ฝาง,สันทราย,13,14,6,รวมไทยสร้างชาติ,8
50,เชียงใหม่,7,ฝาง,สันทราย,13,14,7,พลวัต,4
50,เชียงใหม่,7,ฝาง,สันทราย,13,14,8,ประชาธิปไตยใหม่,0
50,เชียงใหม่,7,ฝาง,สันทราย,13,14,9,เพื่อไทย,141
50,เชียงใหม่,7,ฝาง,สันทราย,13,14,10,ทางเลือกใหม่,2
50,เชียงใหม่,7,ฝาง,สันทราย,13,14,11,เศรษฐกิจ,11
50,เชียงใหม่,7,ฝาง,สันทราย,13,14,12,เสรีรวมไทย,0
50,เชียงใหม่,7,ฝาง,สันทราย,13,14,13,รวมพลังประชาชน,2
50,เชียงใหม่,7,ฝาง,สันทราย,13,14,14,ท้องที่ไทย,0
50,เชียงใหม่,7,ฝาง,สันทราย,13,14,15,อนาคตไทย,2
50,เชียงใหม่,7,ฝาง,สันทราย,13,14,16,พลังเพื่อไทย,0
50,เชียงใหม่,7,ฝาง,สันทราย,13,14,17,ไทยชนะ,1
50,เชียงใหม่,7,ฝาง,สันทราย,13,14,18,พลังสังคมใหม่,0
50,เชียงใหม่,7,ฝาง,สันทราย,13,14,19,สังคมประชาธิปไตย,0
50,เชียงใหม่,7,ฝาง,สันทราย,13,14,20,ฟิวชัน,0
50,เชียงใหม่,7,ฝาง,สันทราย,13,14,21,ไทยรวมพลัง,0
50,เชียงใหม่,7,ฝาง,สันทราย,13,14,22,ก้าวอิสระ,0
50,เชียงใหม่,7,ฝาง,สันทราย,13,14,23,ปวงชนไทย,0
50,เชียงใหม่,7,ฝาง,สันทราย,13,14,24,วิชชั่นใหม่,1
50,เชียงใหม่,7,ฝาง,สันทราย,13,14,25,เพื่อชีวิตใหม่,0
50,เชียงใหม่,7,ฝาง,สันทราย,13,14,26,คลองไทย,0
50,เชียงใหม่,7,ฝาง,สันทราย,13,14,27,ประชาธิปัตย์,8
50,เชียงใหม่,7,ฝาง,สันทราย,13,14,28,ไทยก้าวหน้า,0
50,เชียงใหม่,7,ฝาง,สันทราย,13,14,29,ไทยภักดี,2
50,เชียงใหม่,7,ฝาง,สันทราย,13,14,30,แรงงานสร้างชาติ,0
50,เชียงใหม่,7,ฝาง,สันทราย,13,14,31,ประชากรไทย,1
50,เชียงใหม่,7,ฝาง,สันทราย,13,14,32,ครูไทยเพื่อประชาชน,0
50,เชียงใหม่,7,ฝาง,สันทราย,13,14,33,ประชาชาติ,0
50,เชียงใหม่,7,ฝาง,สันทราย,13,14,34,สร้างอนาคตไทย,0
50,เชียงใหม่,7,ฝาง,สันทราย,13,14,35,รักชาติ,1
50,เชียงใหม่,7,ฝาง,สันทราย,13,14,36,ไทยพร้อม,1
50,เชียงใหม่,7,ฝาง,สันทราย,13,14,37,ภูมิใจไทย,32
50,เชียงใหม่,7,ฝาง,สันทราย,13,14,38,พลังธรรมใหม่,2
50,เชียงใหม่,7,ฝาง,สันทราย,13,14,39,กรีน,0
50,เชียงใหม่,7,ฝาง,สันทราย,13,14,40,ไทยธรรม,1
50,เชียงใหม่,7,ฝาง,สันทราย,13,14,41,แผ่นดินธรรม,0
50,เชียงใหม่,7,ฝาง,สันทราย,13,14,42,กล้าธรรม,11
50,เชียงใหม่,7,ฝาง,สันทราย,13,14,43,พลังประชารัฐ,7
50,เชียงใหม่,7,ฝาง,สันทราย,13,14,44,โอกาสใหม่,0
50,เชียงใหม่,7,ฝาง,สันทราย,13,14,45,เป็นธรรม,0
50,เชียงใหม่,7,ฝาง,สันทราย,13,14,46,ประชาชน,116
50,เชียงใหม่,7,ฝาง,สันทราย,13,14,47,ประชาไทย,0
50,เชียงใหม่,7,ฝาง,สันทราย,13,14,48,ไทยสร้างไทย,0
50,เชียงใหม่,7,ฝาง,สันทราย,13,14,49,ไทยก้าวใหม่,0
50,เชียงใหม่,7,ฝาง,สันทราย,13,14,50,ประชาอาสาชาติ,0
50,เชียงใหม่,7,ฝาง,สันทราย,13,14,51,พร้อม,0
50,เชียงใหม่,7,ฝาง,สันทราย,13,14,52,เครือข่ายชาวนาแห่งประเทศไทย,0
50,เชียงใหม่,7,ฝาง,สันทราย,13,14,53,ไทยพิทักษ์ธรรม,0
50,เชียงใหม่,7,ฝาง,สันทราย,13,14,54,ความหวังใหม่,0
50,เชียงใหม่,7,ฝาง,สันทราย,13,14,55,ไทยรวมไทย,0
50,เชียงใหม่,7,ฝาง,สันทราย,13,14,56,เพื่อบ้านเมือง,0
50,เชียงใหม่,7,ฝาง,สันทราย,13,14,57,พลังไทยรักชาติ,1
50,เชียงใหม่,7,ฝาง,สันทราย,14,15,1,ไทยทรัพย์ทวี,0
50,เชียงใหม่,7,ฝาง,สันทราย,14,15,2,เพื่อชาติไทย,4
50,เชียงใหม่,7,ฝาง,สันทราย,14,15,3,ใหม่,0
50,เชียงใหม่,7,ฝาง,สันทราย,14,15,4,มิติใหม่,0
50,เชียงใหม่,7,ฝาง,สันทราย,14,15,5,รวมใจไทย,10
50,เชียงใหม่,7,ฝาง,สันทราย,14,15,6,รวมไทยสร้างชาติ,2
50,เชียงใหม่,7,ฝาง,สันทราย,14,15,7,พลวัต,1
50,เชียงใหม่,7,ฝาง,สันทราย,14,15,8,ประชาธิปไตยใหม่,1
50,เชียงใหม่,7,ฝาง,สันทราย,14,15,9,เพื่อไทย,70
50,เชียงใหม่,7,ฝาง,สันทราย,14,15,10,ทางเลือกใหม่,0
50,เชียงใหม่,7,ฝาง,สันทราย,14,15,11,เศรษฐกิจ,6
50,เชียงใหม่,7,ฝาง,สันทราย,14,15,12,เสรีรวมไทย,2
50,เชียงใหม่,7,ฝาง,สันทราย,14,15,13,รวมพลังประชาชน,1
50,เชียงใหม่,7,ฝาง,สันทราย,14,15,14,ท้องที่ไทย,1
50,เชียงใหม่,7,ฝาง,สันทราย,14,15,15,อนาคตไทย,1
50,เชียงใหม่,7,ฝาง,สันทราย,14,15,16,พลังเพื่อไทย,0
50,เชียงใหม่,7,ฝาง,สันทราย,14,15,17,ไทยชนะ,1
50,เชียงใหม่,7,ฝาง,สันทราย,14,15,18,พลังสังคมใหม่,0
50,เชียงใหม่,7,ฝาง,สันทราย,14,15,19,สังคมประชาธิปไตย,0
50,เชียงใหม่,7,ฝาง,สันทราย,14,15,20,ฟิวชัน,0
50,เชียงใหม่,7,ฝาง,สันทราย,14,15,21,ไทยรวมพลัง,0
50,เชียงใหม่,7,ฝาง,สันทราย,14,15,22,ก้าวอิสระ,0
50,เชียงใหม่,7,ฝาง,สันทราย,14,15,23,ปวงชนไทย,0
50,เชียงใหม่,7,ฝาง,สันทราย,14,15,24,วิชชั่นใหม่,0
50,เชียงใหม่,7,ฝาง,สันทราย,14,15,25,เพื่อชีวิตใหม่,0
50,เชียงใหม่,7,ฝาง,สันทราย,14,15,26,คลองไทย,0
50,เชียงใหม่,7,ฝาง,สันทราย,14,15,27,ประชาธิปัตย์,10
50,เชียงใหม่,7,ฝาง,สันทราย,14,15,28,ไทยก้าวหน้า,1
50,เชียงใหม่,7,ฝาง,สันทราย,14,15,29,ไทยภักดี,1
50,เชียงใหม่,7,ฝาง,สันทราย,14,15,30,แรงงานสร้างชาติ,0
50,เชียงใหม่,7,ฝาง,สันทราย,14,15,31,ประชากรไทย,0
50,เชียงใหม่,7,ฝาง,สันทราย,14,15,32,ครูไทยเพื่อประชาชน,0
50,เชียงใหม่,7,ฝาง,สันทราย,14,15,33,ประชาชาติ,1
50,เชียงใหม่,7,ฝาง,สันทราย,14,15,34,สร้างอนาคตไทย,0
50,เชียงใหม่,7,ฝาง,สันทราย,14,15,35,รักชาติ,0
50,เชียงใหม่,7,ฝาง,สันทราย,14,15,36,ไทยพร้อม,2
50,เชียงใหม่,7,ฝาง,สันทราย,14,15,37,ภูมิใจไทย,26
50,เชียงใหม่,7,ฝาง,สันทราย,14,15,38,พลังธรรมใหม่,0
50,เชียงใหม่,7,ฝาง,สันทราย,14,15,39,กรีน,0
50,เชียงใหม่,7,ฝาง,สันทราย,14,15,40,ไทยธรรม,1
50,เชียงใหม่,7,ฝาง,สันทราย,14,15,41,แผ่นดินธรรม,0
50,เชียงใหม่,7,ฝาง,สันทราย,14,15,42,กล้าธรรม,23
50,เชียงใหม่,7,ฝาง,สันทราย,14,15,43,พลังประชารัฐ,1
50,เชียงใหม่,7,ฝาง,สันทราย,14,15,44,โอกาสใหม่,11
50,เชียงใหม่,7,ฝาง,สันทราย,14,15,45,เป็นธรรม,1
50,เชียงใหม่,7,ฝาง,สันทราย,14,15,46,ประชาชน,83
50,เชียงใหม่,7,ฝาง,สันทราย,14,15,47,ประชาไทย,1
50,เชียงใหม่,7,ฝาง,สันทราย,14,15,48,ไทยสร้างไทย,0
50,เชียงใหม่,7,ฝาง,สันทราย,14,15,49,ไทยก้าวใหม่,1
50,เชียงใหม่,7,ฝาง,สันทราย,14,15,50,ประชาอาสาชาติ,0
50,เชียงใหม่,7,ฝาง,สันทราย,14,15,51,พร้อม,0
50,เชียงใหม่,7,ฝาง,สันทราย,14,15,52,เครือข่ายชาวนาแห่งประเทศไทย,0
50,เชียงใหม่,7,ฝาง,สันทราย,14,15,53,ไทยพิทักษ์ธรรม,0
50,เชียงใหม่,7,ฝาง,สันทราย,14,15,54,ความหวังใหม่,0
50,เชียงใหม่,7,ฝาง,สันทราย,14,15,55,ไทยรวมไทย,1
50,เชียงใหม่,7,ฝาง,สันทราย,14,15,56,เพื่อบ้านเมือง,0
50,เชียงใหม่,7,ฝาง,สันทราย,14,15,57,พลังไทยรักชาติ,0
50,เชียงใหม่,7,ฝาง,สันทราย,15,16,1,ไทยทรัพย์ทวี,2
50,เชียงใหม่,7,ฝาง,สันทราย,15,16,2,เพื่อชาติไทย,3
50,เชียงใหม่,7,ฝาง,สันทราย,15,16,3,ใหม่,0
50,เชียงใหม่,7,ฝาง,สันทราย,15,16,4,มิติใหม่,1
50,เชียงใหม่,7,ฝาง,สันทราย,15,16,5,รวมใจไทย,2
50,เชียงใหม่,7,ฝาง,สันทราย,15,16,6,รวมไทยสร้างชาติ,6
50,เชียงใหม่,7,ฝาง,สันทราย,15,16,7,พลวัต,0
50,เชียงใหม่,7,ฝาง,สันทราย,15,16,8,ประชาธิปไตยใหม่,0
50,เชียงใหม่,7,ฝาง,สันทราย,15,16,9,เพื่อไทย,80
50,เชียงใหม่,7,ฝาง,สันทราย,15,16,10,ทางเลือกใหม่,0
50,เชียงใหม่,7,ฝาง,สันทราย,15,16,11,เศรษฐกิจ,17
50,เชียงใหม่,7,ฝาง,สันทราย,15,16,12,เสรีรวมไทย,1
50,เชียงใหม่,7,ฝาง,สันทราย,15,16,13,รวมพลังประชาชน,1
50,เชียงใหม่,7,ฝาง,สันทราย,15,16,14,ท้องที่ไทย,0
50,เชียงใหม่,7,ฝาง,สันทราย,15,16,15,อนาคตไทย,0
50,เชียงใหม่,7,ฝาง,สันทราย,15,16,16,พลังเพื่อไทย,0
50,เชียงใหม่,7,ฝาง,สันทราย,15,16,17,ไทยชนะ,0
50,เชียงใหม่,7,ฝาง,สันทราย,15,16,18,พลังสังคมใหม่,0
50,เชียงใหม่,7,ฝาง,สันทราย,15,16,19,สังคมประชาธิปไตย,0
50,เชียงใหม่,7,ฝาง,สันทราย,15,16,20,ฟิวชัน,0
50,เชียงใหม่,7,ฝาง,สันทราย,15,16,21,ไทยรวมพลัง,0
50,เชียงใหม่,7,ฝาง,สันทราย,15,16,22,ก้าวอิสระ,0
50,เชียงใหม่,7,ฝาง,สันทราย,15,16,23,ปวงชนไทย,0
50,เชียงใหม่,7,ฝาง,สันทราย,15,16,24,วิชชั่นใหม่,0
50,เชียงใหม่,7,ฝาง,สันทราย,15,16,25,เพื่อชีวิตใหม่,0
50,เชียงใหม่,7,ฝาง,สันทราย,15,16,26,คลองไทย,0
50,เชียงใหม่,7,ฝาง,สันทราย,15,16,27,ประชาธิปัตย์,14
50,เชียงใหม่,7,ฝาง,สันทราย,15,16,28,ไทยก้าวหน้า,0
50,เชียงใหม่,7,ฝาง,สันทราย,15,16,29,ไทยภักดี,2
50,เชียงใหม่,7,ฝาง,สันทราย,15,16,30,แรงงานสร้างชาติ,0
50,เชียงใหม่,7,ฝาง,สันทราย,15,16,31,ประชากรไทย,1
50,เชียงใหม่,7,ฝาง,สันทราย,15,16,32,ครูไทยเพื่อประชาชน,0
50,เชียงใหม่,7,ฝาง,สันทราย,15,16,33,ประชาชาติ,0
50,เชียงใหม่,7,ฝาง,สันทราย,15,16,34,สร้างอนาคตไทย,2
50,เชียงใหม่,7,ฝาง,สันทราย,15,16,35,รักชาติ,0
50,เชียงใหม่,7,ฝาง,สันทราย,15,16,36,ไทยพร้อม,0
50,เชียงใหม่,7,ฝาง,สันทราย,15,16,37,ภูมิใจไทย,49
50,เชียงใหม่,7,ฝาง,สันทราย,15,16,38,พลังธรรมใหม่,0
50,เชียงใหม่,7,ฝาง,สันทราย,15,16,39,กรีน,0
50,เชียงใหม่,7,ฝาง,สันทราย,15,16,40,ไทยธรรม,0
50,เชียงใหม่,7,ฝาง,สันทราย,15,16,41,แผ่นดินธรรม,0
50,เชียงใหม่,7,ฝาง,สันทราย,15,16,42,กล้าธรรม,12
50,เชียงใหม่,7,ฝาง,สันทราย,15,16,43,พลังประชารัฐ,0
50,เชียงใหม่,7,ฝาง,สันทราย,15,16,44,โอกาสใหม่,0
50,เชียงใหม่,7,ฝาง,สันทราย,15,16,45,เป็นธรรม,0
50,เชียงใหม่,7,ฝาง,สันทราย,15,16,46,ประชาชน,113
50,เชียงใหม่,7,ฝาง,สันทราย,15,16,47,ประชาไทย,0
50,เชียงใหม่,7,ฝาง,สันทราย,15,16,48,ไทยสร้างไทย,0
50,เชียงใหม่,7,ฝาง,สันทราย,15,16,49,ไทยก้าวใหม่,1
50,เชียงใหม่,7,ฝาง,สันทราย,15,16,50,ประชาอาสาชาติ,0
50,เชียงใหม่,7,ฝาง,สันทราย,15,16,51,พร้อม,0
50,เชียงใหม่,7,ฝาง,สันทราย,15,16,52,เครือข่ายชาวนาแห่งประเทศไทย,0
50,เชียงใหม่,7,ฝาง,สันทราย,15,16,53,ไทยพิทักษ์ธรรม,0
50,เชียงใหม่,7,ฝาง,สันทราย,15,16,54,ความหวังใหม่,0
50,เชียงใหม่,7,ฝาง,สันทราย,15,16,55,ไทยรวมไทย,0
50,เชียงใหม่,7,ฝาง,สันทราย,15,16,56,เพื่อบ้านเมือง,0
50,เชียงใหม่,7,ฝาง,สันทราย,15,16,57,พลังไทยรักชาติ,0
50,เชียงใหม่,7,ฝาง,สันทราย,16,17,1,ไทยทรัพย์ทวี,2
50,เชียงใหม่,7,ฝาง,สันทราย,16,17,2,เพื่อชาติไทย,3
50,เชียงใหม่,7,ฝาง,สันทราย,16,17,3,ใหม่,0
50,เชียงใหม่,7,ฝาง,สันทราย,16,17,4,มิติใหม่,1
50,เชียงใหม่,7,ฝาง,สันทราย,16,17,5,รวมใจไทย,14
50,เชียงใหม่,7,ฝาง,สันทราย,16,17,6,รวมไทยสร้างชาติ,7
50,เชียงใหม่,7,ฝาง,สันทราย,16,17,7,พลวัต,4
50,เชียงใหม่,7,ฝาง,สันทราย,16,17,8,ประชาธิปไตยใหม่,3
50,เชียงใหม่,7,ฝาง,สันทราย,16,17,9,เพื่อไทย,94
50,เชียงใหม่,7,ฝาง,สันทราย,16,17,10,ทางเลือกใหม่,2
50,เชียงใหม่,7,ฝาง,สันทราย,16,17,11,เศรษฐกิจ,14
50,เชียงใหม่,7,ฝาง,สันทราย,16,17,12,เสรีรวมไทย,3
50,เชียงใหม่,7,ฝาง,สันทราย,16,17,13,รวมพลังประชาชน,2
50,เชียงใหม่,7,ฝาง,สันทราย,16,17,14,ท้องที่ไทย,0
50,เชียงใหม่,7,ฝาง,สันทราย,16,17,15,อนาคตไทย,0
50,เชียงใหม่,7,ฝาง,สันทราย,16,17,16,พลังเพื่อไทย,2
50,เชียงใหม่,7,ฝาง,สันทราย,16,17,17,ไทยชนะ,1
50,เชียงใหม่,7,ฝาง,สันทราย,16,17,18,พลังสังคมใหม่,1
50,เชียงใหม่,7,ฝาง,สันทราย,16,17,19,สังคมประชาธิปไตย,0
50,เชียงใหม่,7,ฝาง,สันทราย,16,17,20,ฟิวชัน,0
50,เชียงใหม่,7,ฝาง,สันทราย,16,17,21,ไทยรวมพลัง,0
50,เชียงใหม่,7,ฝาง,สันทราย,16,17,22,ก้าวอิสระ,0
50,เชียงใหม่,7,ฝาง,สันทราย,16,17,23,ปวงชนไทย,0
50,เชียงใหม่,7,ฝาง,สันทราย,16,17,24,วิชชั่นใหม่,0
50,เชียงใหม่,7,ฝาง,สันทราย,16,17,25,เพื่อชีวิตใหม่,0
50,เชียงใหม่,7,ฝาง,สันทราย,16,17,26,คลองไทย,0
50,เชียงใหม่,7,ฝาง,สันทราย,16,17,27,ประชาธิปัตย์,19
50,เชียงใหม่,7,ฝาง,สันทราย,16,17,28,ไทยก้าวหน้า,0
50,เชียงใหม่,7,ฝาง,สันทราย,16,17,29,ไทยภักดี,2
50,เชียงใหม่,7,ฝาง,สันทราย,16,17,30,แรงงานสร้างชาติ,0
50,เชียงใหม่,7,ฝาง,สันทราย,16,17,31,ประชากรไทย,2
50,เชียงใหม่,7,ฝาง,สันทราย,16,17,32,ครูไทยเพื่อประชาชน,1
50,เชียงใหม่,7,ฝาง,สันทราย,16,17,33,ประชาชาติ,0
50,เชียงใหม่,7,ฝาง,สันทราย,16,17,34,สร้างอนาคตไทย,1
50,เชียงใหม่,7,ฝาง,สันทราย,16,17,35,รักชาติ,1
50,เชียงใหม่,7,ฝาง,สันทราย,16,17,36,ไทยพร้อม,0
50,เชียงใหม่,7,ฝาง,สันทราย,16,17,37,ภูมิใจไทย,47
50,เชียงใหม่,7,ฝาง,สันทราย,16,17,38,พลังธรรมใหม่,0
50,เชียงใหม่,7,ฝาง,สันทราย,16,17,39,กรีน,1
50,เชียงใหม่,7,ฝาง,สันทราย,16,17,40,ไทยธรรม,0
50,เชียงใหม่,7,ฝาง,สันทราย,16,17,41,แผ่นดินธรรม,0
50,เชียงใหม่,7,ฝาง,สันทราย,16,17,42,กล้าธรรม,29
50,เชียงใหม่,7,ฝาง,สันทราย,16,17,43,พลังประชารัฐ,7
50,เชียงใหม่,7,ฝาง,สันทราย,16,17,44,โอกาสใหม่,2
50,เชียงใหม่,7,ฝาง,สันทราย,16,17,45,เป็นธรรม,0
50,เชียงใหม่,7,ฝาง,สันทราย,16,17,46,ประชาชน,127
50,เชียงใหม่,7,ฝาง,สันทราย,16,17,47,ประชาไทย,0
50,เชียงใหม่,7,ฝาง,สันทราย,16,17,48,ไทยสร้างไทย,1
50,เชียงใหม่,7,ฝาง,สันทราย,16,17,49,ไทยก้าวใหม่,0
50,เชียงใหม่,7,ฝาง,สันทราย,16,17,50,ประชาอาสาชาติ,0
50,เชียงใหม่,7,ฝาง,สันทราย,16,17,51,พร้อม,1
50,เชียงใหม่,7,ฝาง,สันทราย,16,17,52,เครือข่ายชาวนาแห่งประเทศไทย,0
50,เชียงใหม่,7,ฝาง,สันทราย,16,17,53,ไทยพิทักษ์ธรรม,0
50,เชียงใหม่,7,ฝาง,สันทราย,16,17,54,ความหวังใหม่,0
50,เชียงใหม่,7,ฝาง,สันทราย,16,17,55,ไทยรวมไทย,0
50,เชียงใหม่,7,ฝาง,สันทราย,16,17,56,เพื่อบ้านเมือง,0
50,เชียงใหม่,7,ฝาง,สันทราย,16,17,57,พลังไทยรักชาติ,1
50,เชียงใหม่,7,ฝาง,สันทราย,17,18,1,ไทยทรัพย์ทวี,0
50,เชียงใหม่,7,ฝาง,สันทราย,17,18,2,เพื่อชาติไทย,3
50,เชียงใหม่,7,ฝาง,สันทราย,17,18,3,ใหม่,0
50,เชียงใหม่,7,ฝาง,สันทราย,17,18,4,มิติใหม่,1
50,เชียงใหม่,7,ฝาง,สันทราย,17,18,5,รวมใจไทย,8
50,เชียงใหม่,7,ฝาง,สันทราย,17,18,6,รวมไทยสร้างชาติ,2
50,เชียงใหม่,7,ฝาง,สันทราย,17,18,7,พลวัต,3
50,เชียงใหม่,7,ฝาง,สันทราย,17,18,8,ประชาธิปไตยใหม่,0
50,เชียงใหม่,7,ฝาง,สันทราย,17,18,9,เพื่อไทย,49
50,เชียงใหม่,7,ฝาง,สันทราย,17,18,10,ทางเลือกใหม่,3
50,เชียงใหม่,7,ฝาง,สันทราย,17,18,11,เศรษฐกิจ,15
50,เชียงใหม่,7,ฝาง,สันทราย,17,18,12,เสรีรวมไทย,0
50,เชียงใหม่,7,ฝาง,สันทราย,17,18,13,รวมพลังประชาชน,0
50,เชียงใหม่,7,ฝาง,สันทราย,17,18,14,ท้องที่ไทย,0
50,เชียงใหม่,7,ฝาง,สันทราย,17,18,15,อนาคตไทย,1
50,เชียงใหม่,7,ฝาง,สันทราย,17,18,16,พลังเพื่อไทย,0
50,เชียงใหม่,7,ฝาง,สันทราย,17,18,17,ไทยชนะ,1
50,เชียงใหม่,7,ฝาง,สันทราย,17,18,18,พลังสังคมใหม่,0
50,เชียงใหม่,7,ฝาง,สันทราย,17,18,19,สังคมประชาธิปไตย,0
50,เชียงใหม่,7,ฝาง,สันทราย,17,18,20,ฟิวชัน,0
50,เชียงใหม่,7,ฝาง,สันทราย,17,18,21,ไทยรวมพลัง,0
50,เชียงใหม่,7,ฝาง,สันทราย,17,18,22,ก้าวอิสระ,0
50,เชียงใหม่,7,ฝาง,สันทราย,17,18,23,ปวงชนไทย,0
50,เชียงใหม่,7,ฝาง,สันทราย,17,18,24,วิชชั่นใหม่,0
50,เชียงใหม่,7,ฝาง,สันทราย,17,18,25,เพื่อชีวิตใหม่,0
50,เชียงใหม่,7,ฝาง,สันทราย,17,18,26,คลองไทย,0
50,เชียงใหม่,7,ฝาง,สันทราย,17,18,27,ประชาธิปัตย์,10
50,เชียงใหม่,7,ฝาง,สันทราย,17,18,28,ไทยก้าวหน้า,2
50,เชียงใหม่,7,ฝาง,สันทราย,17,18,29,ไทยภักดี,2
50,เชียงใหม่,7,ฝาง,สันทราย,17,18,30,แรงงานสร้างชาติ,0
50,เชียงใหม่,7,ฝาง,สันทราย,17,18,31,ประชากรไทย,0
50,เชียงใหม่,7,ฝาง,สันทราย,17,18,32,ครูไทยเพื่อประชาชน,1
50,เชียงใหม่,7,ฝาง,สันทราย,17,18,33,ประชาชาติ,0
50,เชียงใหม่,7,ฝาง,สันทราย,17,18,34,สร้างอนาคตไทย,1
50,เชียงใหม่,7,ฝาง,สันทราย,17,18,35,รักชาติ,1
50,เชียงใหม่,7,ฝาง,สันทราย,17,18,36,ไทยพร้อม,0
50,เชียงใหม่,7,ฝาง,สันทราย,17,18,37,ภูมิใจไทย,41
50,เชียงใหม่,7,ฝาง,สันทราย,17,18,38,พลังธรรมใหม่,1
50,เชียงใหม่,7,ฝาง,สันทราย,17,18,39,กรีน,0
50,เชียงใหม่,7,ฝาง,สันทราย,17,18,40,ไทยธรรม,0
50,เชียงใหม่,7,ฝาง,สันทราย,17,18,41,แผ่นดินธรรม,0
50,เชียงใหม่,7,ฝาง,สันทราย,17,18,42,กล้าธรรม,16
50,เชียงใหม่,7,ฝาง,สันทราย,17,18,43,พลังประชารัฐ,1
50,เชียงใหม่,7,ฝาง,สันทราย,17,18,44,โอกาสใหม่,1
50,เชียงใหม่,7,ฝาง,สันทราย,17,18,45,เป็นธรรม,0
50,เชียงใหม่,7,ฝาง,สันทราย,17,18,46,ประชาชน,83
50,เชียงใหม่,7,ฝาง,สันทราย,17,18,47,ประชาไทย,0
50,เชียงใหม่,7,ฝาง,สันทราย,17,18,48,ไทยสร้างไทย,0
50,เชียงใหม่,7,ฝาง,สันทราย,17,18,49,ไทยก้าวใหม่,0
50,เชียงใหม่,7,ฝาง,สันทราย,17,18,50,ประชาอาสาชาติ,0
50,เชียงใหม่,7,ฝาง,สันทราย,17,18,51,พร้อม,0
50,เชียงใหม่,7,ฝาง,สันทราย,17,18,52,เครือข่ายชาวนาแห่งประเทศไทย,0
50,เชียงใหม่,7,ฝาง,สันทราย,17,18,53,ไทยพิทักษ์ธรรม,0
50,เชียงใหม่,7,ฝาง,สันทราย,17,18,54,ความหวังใหม่,0
50,เชียงใหม่,7,ฝาง,สันทราย,17,18,55,ไทยรวมไทย,0
50,เชียงใหม่,7,ฝาง,สันทราย,17,18,56,เพื่อบ้านเมือง,0
50,เชียงใหม่,7,ฝาง,สันทราย,17,18,57,พลังไทยรักชาติ,0
50,เชียงใหม่,7,ฝาง,บ้านแม่ข่า,1,1,1,ไทยทรัพย์ทวี,0
50,เชียงใหม่,7,ฝาง,บ้านแม่ข่า,1,1,2,เพื่อชาติไทย,5
50,เชียงใหม่,7,ฝาง,บ้านแม่ข่า,1,1,3,ใหม่,0
50,เชียงใหม่,7,ฝาง,บ้านแม่ข่า,1,1,4,มิติใหม่,0
50,เชียงใหม่,7,ฝาง,บ้านแม่ข่า,1,1,5,รวมใจไทย,4
50,เชียงใหม่,7,ฝาง,บ้านแม่ข่า,1,1,6,รวมไทยสร้างชาติ,9
50,เชียงใหม่,7,ฝาง,บ้านแม่ข่า,1,1,7,พลวัต,0
50,เชียงใหม่,7,ฝาง,บ้านแม่ข่า,1,1,8,ประชาธิปไตยใหม่,0
50,เชียงใหม่,7,ฝาง,บ้านแม่ข่า,1,1,9,เพื่อไทย,130
50,เชียงใหม่,7,ฝาง,บ้านแม่ข่า,1,1,10,ทางเลือกใหม่,1
50,เชียงใหม่,7,ฝาง,บ้านแม่ข่า,1,1,11,เศรษฐกิจ,12
50,เชียงใหม่,7,ฝาง,บ้านแม่ข่า,1,1,12,เสรีรวมไทย,2
50,เชียงใหม่,7,ฝาง,บ้านแม่ข่า,1,1,13,รวมพลังประชาชน,0
50,เชียงใหม่,7,ฝาง,บ้านแม่ข่า,1,1,14,ท้องที่ไทย,0
50,เชียงใหม่,7,ฝาง,บ้านแม่ข่า,1,1,15,อนาคตไทย,0
50,เชียงใหม่,7,ฝาง,บ้านแม่ข่า,1,1,16,พลังเพื่อไทย,1
50,เชียงใหม่,7,ฝาง,บ้านแม่ข่า,1,1,17,ไทยชนะ,1
50,เชียงใหม่,7,ฝาง,บ้านแม่ข่า,1,1,18,พลังสังคมใหม่,0
50,เชียงใหม่,7,ฝาง,บ้านแม่ข่า,1,1,19,สังคมประชาธิปไตย,0
50,เชียงใหม่,7,ฝาง,บ้านแม่ข่า,1,1,20,ฟิวชัน,0
50,เชียงใหม่,7,ฝาง,บ้านแม่ข่า,1,1,21,ไทยรวมพลัง,0
50,เชียงใหม่,7,ฝาง,บ้านแม่ข่า,1,1,22,ก้าวอิสระ,0
50,เชียงใหม่,7,ฝาง,บ้านแม่ข่า,1,1,23,ปวงชนไทย,0
50,เชียงใหม่,7,ฝาง,บ้านแม่ข่า,1,1,24,วิชชั่นใหม่,0
50,เชียงใหม่,7,ฝาง,บ้านแม่ข่า,1,1,25,เพื่อชีวิตใหม่,0
50,เชียงใหม่,7,ฝาง,บ้านแม่ข่า,1,1,26,คลองไทย,1
50,เชียงใหม่,7,ฝาง,บ้านแม่ข่า,1,1,27,ประชาธิปัตย์,8
50,เชียงใหม่,7,ฝาง,บ้านแม่ข่า,1,1,28,ไทยก้าวหน้า,0
50,เชียงใหม่,7,ฝาง,บ้านแม่ข่า,1,1,29,ไทยภักดี,0
50,เชียงใหม่,7,ฝาง,บ้านแม่ข่า,1,1,30,แรงงานสร้างชาติ,0
50,เชียงใหม่,7,ฝาง,บ้านแม่ข่า,1,1,31,ประชากรไทย,0
50,เชียงใหม่,7,ฝาง,บ้านแม่ข่า,1,1,32,ครูไทยเพื่อประชาชน,0
50,เชียงใหม่,7,ฝาง,บ้านแม่ข่า,1,1,33,ประชาชาติ,0
50,เชียงใหม่,7,ฝาง,บ้านแม่ข่า,1,1,34,สร้างอนาคตไทย,1
50,เชียงใหม่,7,ฝาง,บ้านแม่ข่า,1,1,35,รักชาติ,0
50,เชียงใหม่,7,ฝาง,บ้านแม่ข่า,1,1,36,ไทยพร้อม,0
50,เชียงใหม่,7,ฝาง,บ้านแม่ข่า,1,1,37,ภูมิใจไทย,19
50,เชียงใหม่,7,ฝาง,บ้านแม่ข่า,1,1,38,พลังธรรมใหม่,1
50,เชียงใหม่,7,ฝาง,บ้านแม่ข่า,1,1,39,กรีน,0
50,เชียงใหม่,7,ฝาง,บ้านแม่ข่า,1,1,40,ไทยธรรม,0
50,เชียงใหม่,7,ฝาง,บ้านแม่ข่า,1,1,41,แผ่นดินธรรม,0
50,เชียงใหม่,7,ฝาง,บ้านแม่ข่า,1,1,42,กล้าธรรม,11
50,เชียงใหม่,7,ฝาง,บ้านแม่ข่า,1,1,43,พลังประชารัฐ,0
50,เชียงใหม่,7,ฝาง,บ้านแม่ข่า,1,1,44,โอกาสใหม่,0
50,เชียงใหม่,7,ฝาง,บ้านแม่ข่า,1,1,45,เป็นธรรม,0
50,เชียงใหม่,7,ฝาง,บ้านแม่ข่า,1,1,46,ประชาชน,122
50,เชียงใหม่,7,ฝาง,บ้านแม่ข่า,1,1,47,ประชาไทย,0
50,เชียงใหม่,7,ฝาง,บ้านแม่ข่า,1,1,48,ไทยสร้างไทย,1
50,เชียงใหม่,7,ฝาง,บ้านแม่ข่า,1,1,49,ไทยก้าวใหม่,1
50,เชียงใหม่,7,ฝาง,บ้านแม่ข่า,1,1,50,ประชาอาสาชาติ,0
50,เชียงใหม่,7,ฝาง,บ้านแม่ข่า,1,1,51,พร้อม,1
50,เชียงใหม่,7,ฝาง,บ้านแม่ข่า,1,1,52,เครือข่ายชาวนาแห่งประเทศไทย,0
50,เชียงใหม่,7,ฝาง,บ้านแม่ข่า,1,1,53,ไทยพิทักษ์ธรรม,0
50,เชียงใหม่,7,ฝาง,บ้านแม่ข่า,1,1,54,ความหวังใหม่,0
50,เชียงใหม่,7,ฝาง,บ้านแม่ข่า,1,1,55,ไทยรวมไทย,0
50,เชียงใหม่,7,ฝาง,บ้านแม่ข่า,1,1,56,เพื่อบ้านเมือง,0
50,เชียงใหม่,7,ฝาง,บ้านแม่ข่า,1,1,57,พลังไทยรักชาติ,0
50,เชียงใหม่,7,ฝาง,บ้านแม่ข่า,5,2,1,ไทยทรัพย์ทวี,0
50,เชียงใหม่,7,ฝาง,บ้านแม่ข่า,5,2,2,เพื่อชาติไทย,5
50,เชียงใหม่,7,ฝาง,บ้านแม่ข่า,5,2,3,ใหม่,1
50,เชียงใหม่,7,ฝาง,บ้านแม่ข่า,5,2,4,มิติใหม่,1
50,เชียงใหม่,7,ฝาง,บ้านแม่ข่า,5,2,5,รวมใจไทย,9
50,เชียงใหม่,7,ฝาง,บ้านแม่ข่า,5,2,6,รวมไทยสร้างชาติ,7
50,เชียงใหม่,7,ฝาง,บ้านแม่ข่า,5,2,7,พลวัต,1
50,เชียงใหม่,7,ฝาง,บ้านแม่ข่า,5,2,8,ประชาธิปไตยใหม่,1
50,เชียงใหม่,7,ฝาง,บ้านแม่ข่า,5,2,9,เพื่อไทย,58
50,เชียงใหม่,7,ฝาง,บ้านแม่ข่า,5,2,10,ทางเลือกใหม่,1
50,เชียงใหม่,7,ฝาง,บ้านแม่ข่า,5,2,11,เศรษฐกิจ,16
50,เชียงใหม่,7,ฝาง,บ้านแม่ข่า,5,2,12,เสรีรวมไทย,2
50,เชียงใหม่,7,ฝาง,บ้านแม่ข่า,5,2,13,รวมพลังประชาชน,1
50,เชียงใหม่,7,ฝาง,บ้านแม่ข่า,5,2,14,ท้องที่ไทย,1
50,เชียงใหม่,7,ฝาง,บ้านแม่ข่า,5,2,15,อนาคตไทย,0
50,เชียงใหม่,7,ฝาง,บ้านแม่ข่า,5,2,16,พลังเพื่อไทย,0
50,เชียงใหม่,7,ฝาง,บ้านแม่ข่า,5,2,17,ไทยชนะ,1
50,เชียงใหม่,7,ฝาง,บ้านแม่ข่า,5,2,18,พลังสังคมใหม่,0
50,เชียงใหม่,7,ฝาง,บ้านแม่ข่า,5,2,19,สังคมประชาธิปไตย,0
50,เชียงใหม่,7,ฝาง,บ้านแม่ข่า,5,2,20,ฟิวชัน,0
50,เชียงใหม่,7,ฝาง,บ้านแม่ข่า,5,2,21,ไทยรวมพลัง,0
50,เชียงใหม่,7,ฝาง,บ้านแม่ข่า,5,2,22,ก้าวอิสระ,1
50,เชียงใหม่,7,ฝาง,บ้านแม่ข่า,5,2,23,ปวงชนไทย,1
50,เชียงใหม่,7,ฝาง,บ้านแม่ข่า,5,2,24,วิชชั่นใหม่,0
50,เชียงใหม่,7,ฝาง,บ้านแม่ข่า,5,2,25,เพื่อชีวิตใหม่,0
50,เชียงใหม่,7,ฝาง,บ้านแม่ข่า,5,2,26,คลองไทย,0
50,เชียงใหม่,7,ฝาง,บ้านแม่ข่า,5,2,27,ประชาธิปัตย์,18
50,เชียงใหม่,7,ฝาง,บ้านแม่ข่า,5,2,28,ไทยก้าวหน้า,3
50,เชียงใหม่,7,ฝาง,บ้านแม่ข่า,5,2,29,ไทยภักดี,4
50,เชียงใหม่,7,ฝาง,บ้านแม่ข่า,5,2,30,แรงงานสร้างชาติ,0
50,เชียงใหม่,7,ฝาง,บ้านแม่ข่า,5,2,31,ประชากรไทย,0
50,เชียงใหม่,7,ฝาง,บ้านแม่ข่า,5,2,32,ครูไทยเพื่อประชาชน,2
50,เชียงใหม่,7,ฝาง,บ้านแม่ข่า,5,2,33,ประชาชาติ,0
50,เชียงใหม่,7,ฝาง,บ้านแม่ข่า,5,2,34,สร้างอนาคตไทย,0
50,เชียงใหม่,7,ฝาง,บ้านแม่ข่า,5,2,35,รักชาติ,1
50,เชียงใหม่,7,ฝาง,บ้านแม่ข่า,5,2,36,ไทยพร้อม,2
50,เชียงใหม่,7,ฝาง,บ้านแม่ข่า,5,2,37,ภูมิใจไทย,45
50,เชียงใหม่,7,ฝาง,บ้านแม่ข่า,5,2,38,พลังธรรมใหม่,0
50,เชียงใหม่,7,ฝาง,บ้านแม่ข่า,5,2,39,กรีน,0
50,เชียงใหม่,7,ฝาง,บ้านแม่ข่า,5,2,40,ไทยธรรม,0
50,เชียงใหม่,7,ฝาง,บ้านแม่ข่า,5,2,41,แผ่นดินธรรม,0
50,เชียงใหม่,7,ฝาง,บ้านแม่ข่า,5,2,42,กล้าธรรม,31
50,เชียงใหม่,7,ฝาง,บ้านแม่ข่า,5,2,43,พลังประชารัฐ,1
50,เชียงใหม่,7,ฝาง,บ้านแม่ข่า,5,2,44,โอกาสใหม่,0
50,เชียงใหม่,7,ฝาง,บ้านแม่ข่า,5,2,45,เป็นธรรม,0
50,เชียงใหม่,7,ฝาง,บ้านแม่ข่า,5,2,46,ประชาชน,138
50,เชียงใหม่,7,ฝาง,บ้านแม่ข่า,5,2,47,ประชาไทย,1
50,เชียงใหม่,7,ฝาง,บ้านแม่ข่า,5,2,48,ไทยสร้างไทย,0
50,เชียงใหม่,7,ฝาง,บ้านแม่ข่า,5,2,49,ไทยก้าวใหม่,1
50,เชียงใหม่,7,ฝาง,บ้านแม่ข่า,5,2,50,ประชาอาสาชาติ,0
50,เชียงใหม่,7,ฝาง,บ้านแม่ข่า,5,2,51,พร้อม,0
50,เชียงใหม่,7,ฝาง,บ้านแม่ข่า,5,2,52,เครือข่ายชาวนาแห่งประเทศไทย,0
50,เชียงใหม่,7,ฝาง,บ้านแม่ข่า,5,2,53,ไทยพิทักษ์ธรรม,0
50,เชียงใหม่,7,ฝาง,บ้านแม่ข่า,5,2,54,ความหวังใหม่,0
50,เชียงใหม่,7,ฝาง,บ้านแม่ข่า,5,2,55,ไทยรวมไทย,0
50,เชียงใหม่,7,ฝาง,บ้านแม่ข่า,5,2,56,เพื่อบ้านเมือง,0
50,เชียงใหม่,7,ฝาง,บ้านแม่ข่า,5,2,57,พลังไทยรักชาติ,0
50,เชียงใหม่,7,ฝาง,บ้านแม่ข่า,5,3,1,ไทยทรัพย์ทวี,1
50,เชียงใหม่,7,ฝาง,บ้านแม่ข่า,5,3,2,เพื่อชาติไทย,3
50,เชียงใหม่,7,ฝาง,บ้านแม่ข่า,5,3,3,ใหม่,0
50,เชียงใหม่,7,ฝาง,บ้านแม่ข่า,5,3,4,มิติใหม่,0
50,เชียงใหม่,7,ฝาง,บ้านแม่ข่า,5,3,5,รวมใจไทย,8
50,เชียงใหม่,7,ฝาง,บ้านแม่ข่า,5,3,6,รวมไทยสร้างชาติ,3
50,เชียงใหม่,7,ฝาง,บ้านแม่ข่า,5,3,7,พลวัต,1
50,เชียงใหม่,7,ฝาง,บ้านแม่ข่า,5,3,8,ประชาธิปไตยใหม่,0
50,เชียงใหม่,7,ฝาง,บ้านแม่ข่า,5,3,9,เพื่อไทย,90
50,เชียงใหม่,7,ฝาง,บ้านแม่ข่า,5,3,10,ทางเลือกใหม่,1
50,เชียงใหม่,7,ฝาง,บ้านแม่ข่า,5,3,11,เศรษฐกิจ,8
50,เชียงใหม่,7,ฝาง,บ้านแม่ข่า,5,3,12,เสรีรวมไทย,4
50,เชียงใหม่,7,ฝาง,บ้านแม่ข่า,5,3,13,รวมพลังประชาชน,0
50,เชียงใหม่,7,ฝาง,บ้านแม่ข่า,5,3,14,ท้องที่ไทย,0
50,เชียงใหม่,7,ฝาง,บ้านแม่ข่า,5,3,15,อนาคตไทย,0
50,เชียงใหม่,7,ฝาง,บ้านแม่ข่า,5,3,16,พลังเพื่อไทย,0
50,เชียงใหม่,7,ฝาง,บ้านแม่ข่า,5,3,17,ไทยชนะ,0
50,เชียงใหม่,7,ฝาง,บ้านแม่ข่า,5,3,18,พลังสังคมใหม่,0
50,เชียงใหม่,7,ฝาง,บ้านแม่ข่า,5,3,19,สังคมประชาธิปไตย,0
50,เชียงใหม่,7,ฝาง,บ้านแม่ข่า,5,3,20,ฟิวชัน,0
50,เชียงใหม่,7,ฝาง,บ้านแม่ข่า,5,3,21,ไทยรวมพลัง,0
50,เชียงใหม่,7,ฝาง,บ้านแม่ข่า,5,3,22,ก้าวอิสระ,1
50,เชียงใหม่,7,ฝาง,บ้านแม่ข่า,5,3,23,ปวงชนไทย,0
50,เชียงใหม่,7,ฝาง,บ้านแม่ข่า,5,3,24,วิชชั่นใหม่,1
50,เชียงใหม่,7,ฝาง,บ้านแม่ข่า,5,3,25,เพื่อชีวิตใหม่,0
50,เชียงใหม่,7,ฝาง,บ้านแม่ข่า,5,3,26,คลองไทย,0
50,เชียงใหม่,7,ฝาง,บ้านแม่ข่า,5,3,27,ประชาธิปัตย์,12
50,เชียงใหม่,7,ฝาง,บ้านแม่ข่า,5,3,28,ไทยก้าวหน้า,0
50,เชียงใหม่,7,ฝาง,บ้านแม่ข่า,5,3,29,ไทยภักดี,4
50,เชียงใหม่,7,ฝาง,บ้านแม่ข่า,5,3,30,แรงงานสร้างชาติ,0
50,เชียงใหม่,7,ฝาง,บ้านแม่ข่า,5,3,31,ประชากรไทย,1
50,เชียงใหม่,7,ฝาง,บ้านแม่ข่า,5,3,32,ครูไทยเพื่อประชาชน,0
50,เชียงใหม่,7,ฝาง,บ้านแม่ข่า,5,3,33,ประชาชาติ,1
50,เชียงใหม่,7,ฝาง,บ้านแม่ข่า,5,3,34,สร้างอนาคตไทย,1
50,เชียงใหม่,7,ฝาง,บ้านแม่ข่า,5,3,35,รักชาติ,0
50,เชียงใหม่,7,ฝาง,บ้านแม่ข่า,5,3,36,ไทยพร้อม,2
50,เชียงใหม่,7,ฝาง,บ้านแม่ข่า,5,3,37,ภูมิใจไทย,27
50,เชียงใหม่,7,ฝาง,บ้านแม่ข่า,5,3,38,พลังธรรมใหม่,2
50,เชียงใหม่,7,ฝาง,บ้านแม่ข่า,5,3,39,กรีน,0
50,เชียงใหม่,7,ฝาง,บ้านแม่ข่า,5,3,40,ไทยธรรม,0
50,เชียงใหม่,7,ฝาง,บ้านแม่ข่า,5,3,41,แผ่นดินธรรม,1
50,เชียงใหม่,7,ฝาง,บ้านแม่ข่า,5,3,42,กล้าธรรม,40
50,เชียงใหม่,7,ฝาง,บ้านแม่ข่า,5,3,43,พลังประชารัฐ,2
50,เชียงใหม่,7,ฝาง,บ้านแม่ข่า,5,3,44,โอกาสใหม่,1
50,เชียงใหม่,7,ฝาง,บ้านแม่ข่า,5,3,45,เป็นธรรม,0
50,เชียงใหม่,7,ฝาง,บ้านแม่ข่า,5,3,46,ประชาชน,137
50,เชียงใหม่,7,ฝาง,บ้านแม่ข่า,5,3,47,ประชาไทย,2
50,เชียงใหม่,7,ฝาง,บ้านแม่ข่า,5,3,48,ไทยสร้างไทย,2
50,เชียงใหม่,7,ฝาง,บ้านแม่ข่า,5,3,49,ไทยก้าวใหม่,1
50,เชียงใหม่,7,ฝาง,บ้านแม่ข่า,5,3,50,ประชาอาสาชาติ,0
50,เชียงใหม่,7,ฝาง,บ้านแม่ข่า,5,3,51,พร้อม,0
50,เชียงใหม่,7,ฝาง,บ้านแม่ข่า,5,3,52,เครือข่ายชาวนาแห่งประเทศไทย,0
50,เชียงใหม่,7,ฝาง,บ้านแม่ข่า,5,3,53,ไทยพิทักษ์ธรรม,0
50,เชียงใหม่,7,ฝาง,บ้านแม่ข่า,5,3,54,ความหวังใหม่,1
50,เชียงใหม่,7,ฝาง,บ้านแม่ข่า,5,3,55,ไทยรวมไทย,1
50,เชียงใหม่,7,ฝาง,บ้านแม่ข่า,5,3,56,เพื่อบ้านเมือง,0
50,เชียงใหม่,7,ฝาง,บ้านแม่ข่า,5,3,57,พลังไทยรักชาติ,0
50,เชียงใหม่,7,ฝาง,เวียงฝาง,2,1,1,ไทยทรัพย์ทวี,2
50,เชียงใหม่,7,ฝาง,เวียงฝาง,2,1,2,เพื่อชาติไทย,6
50,เชียงใหม่,7,ฝาง,เวียงฝาง,2,1,3,ใหม่,0
50,เชียงใหม่,7,ฝาง,เวียงฝาง,2,1,4,มิติใหม่,0
50,เชียงใหม่,7,ฝาง,เวียงฝาง,2,1,5,รวมใจไทย,7
50,เชียงใหม่,7,ฝาง,เวียงฝาง,2,1,6,รวมไทยสร้างชาติ,9
50,เชียงใหม่,7,ฝาง,เวียงฝาง,2,1,7,พลวัต,1
50,เชียงใหม่,7,ฝาง,เวียงฝาง,2,1,8,ประชาธิปไตยใหม่,3
50,เชียงใหม่,7,ฝาง,เวียงฝาง,2,1,9,เพื่อไทย,139
50,เชียงใหม่,7,ฝาง,เวียงฝาง,2,1,10,ทางเลือกใหม่,5
50,เชียงใหม่,7,ฝาง,เวียงฝาง,2,1,11,เศรษฐกิจ,9
50,เชียงใหม่,7,ฝาง,เวียงฝาง,2,1,12,เสรีรวมไทย,2
50,เชียงใหม่,7,ฝาง,เวียงฝาง,2,1,13,รวมพลังประชาชน,1
50,เชียงใหม่,7,ฝาง,เวียงฝาง,2,1,14,ท้องที่ไทย,0
50,เชียงใหม่,7,ฝาง,เวียงฝาง,2,1,15,อนาคตไทย,0
50,เชียงใหม่,7,ฝาง,เวียงฝาง,2,1,16,พลังเพื่อไทย,0
50,เชียงใหม่,7,ฝาง,เวียงฝาง,2,1,17,ไทยชนะ,0
50,เชียงใหม่,7,ฝาง,เวียงฝาง,2,1,18,พลังสังคมใหม่,0
50,เชียงใหม่,7,ฝาง,เวียงฝาง,2,1,19,สังคมประชาธิปไตย,0
50,เชียงใหม่,7,ฝาง,เวียงฝาง,2,1,20,ฟิวชัน,0
50,เชียงใหม่,7,ฝาง,เวียงฝาง,2,1,21,ไทยรวมพลัง,0
50,เชียงใหม่,7,ฝาง,เวียงฝาง,2,1,22,ก้าวอิสระ,0
50,เชียงใหม่,7,ฝาง,เวียงฝาง,2,1,23,ปวงชนไทย,0
50,เชียงใหม่,7,ฝาง,เวียงฝาง,2,1,24,วิชชั่นใหม่,0
50,เชียงใหม่,7,ฝาง,เวียงฝาง,2,1,25,เพื่อชีวิตใหม่,1
50,เชียงใหม่,7,ฝาง,เวียงฝาง,2,1,26,คลองไทย,0
50,เชียงใหม่,7,ฝาง,เวียงฝาง,2,1,27,ประชาธิปัตย์,18
50,เชียงใหม่,7,ฝาง,เวียงฝาง,2,1,28,ไทยก้าวหน้า,2
50,เชียงใหม่,7,ฝาง,เวียงฝาง,2,1,29,ไทยภักดี,1
50,เชียงใหม่,7,ฝาง,เวียงฝาง,2,1,30,แรงงานสร้างชาติ,0
50,เชียงใหม่,7,ฝาง,เวียงฝาง,2,1,31,ประชากรไทย,0
50,เชียงใหม่,7,ฝาง,เวียงฝาง,2,1,32,ครูไทยเพื่อประชาชน,0
50,เชียงใหม่,7,ฝาง,เวียงฝาง,2,1,33,ประชาชาติ,0
50,เชียงใหม่,7,ฝาง,เวียงฝาง,2,1,34,สร้างอนาคตไทย,0
50,เชียงใหม่,7,ฝาง,เวียงฝาง,2,1,35,รักชาติ,0
50,เชียงใหม่,7,ฝาง,เวียงฝาง,2,1,36,ไทยพร้อม,0
50,เชียงใหม่,7,ฝาง,เวียงฝาง,2,1,37,ภูมิใจไทย,35
50,เชียงใหม่,7,ฝาง,เวียงฝาง,2,1,38,พลังธรรมใหม่,1
50,เชียงใหม่,7,ฝาง,เวียงฝาง,2,1,39,กรีน,0
50,เชียงใหม่,7,ฝาง,เวียงฝาง,2,1,40,ไทยธรรม,0
50,เชียงใหม่,7,ฝาง,เวียงฝาง,2,1,41,แผ่นดินธรรม,0
50,เชียงใหม่,7,ฝาง,เวียงฝาง,2,1,42,กล้าธรรม,15
50,เชียงใหม่,7,ฝาง,เวียงฝาง,2,1,43,พลังประชารัฐ,3
50,เชียงใหม่,7,ฝาง,เวียงฝาง,2,1,44,โอกาสใหม่,0
50,เชียงใหม่,7,ฝาง,เวียงฝาง,2,1,45,เป็นธรรม,0
50,เชียงใหม่,7,ฝาง,เวียงฝาง,2,1,46,ประชาชน,128
50,เชียงใหม่,7,ฝาง,เวียงฝาง,2,1,47,ประชาไทย,0
50,เชียงใหม่,7,ฝาง,เวียงฝาง,2,1,48,ไทยสร้างไทย,1
50,เชียงใหม่,7,ฝาง,เวียงฝาง,2,1,49,ไทยก้าวใหม่,0
50,เชียงใหม่,7,ฝาง,เวียงฝาง,2,1,50,ประชาอาสาชาติ,0
50,เชียงใหม่,7,ฝาง,เวียงฝาง,2,1,51,พร้อม,0
50,เชียงใหม่,7,ฝาง,เวียงฝาง,2,1,52,เครือข่ายชาวนาแห่งประเทศไทย,0
50,เชียงใหม่,7,ฝาง,เวียงฝาง,2,1,53,ไทยพิทักษ์ธรรม,0
50,เชียงใหม่,7,ฝาง,เวียงฝาง,2,1,54,ความหวังใหม่,0
50,เชียงใหม่,7,ฝาง,เวียงฝาง,2,1,55,ไทยรวมไทย,0
50,เชียงใหม่,7,ฝาง,เวียงฝาง,2,1,56,เพื่อบ้านเมือง,0
50,เชียงใหม่,7,ฝาง,เวียงฝาง,2,1,57,พลังไทยรักชาติ,0
50,เชียงใหม่,7,ฝาง,เวียงฝาง,2,2,1,ไทยทรัพย์ทวี,2
50,เชียงใหม่,7,ฝาง,เวียงฝาง,2,2,2,เพื่อชาติไทย,3
50,เชียงใหม่,7,ฝาง,เวียงฝาง,2,2,3,ใหม่,2
50,เชียงใหม่,7,ฝาง,เวียงฝาง,2,2,4,มิติใหม่,0
50,เชียงใหม่,7,ฝาง,เวียงฝาง,2,2,5,รวมใจไทย,4
50,เชียงใหม่,7,ฝาง,เวียงฝาง,2,2,6,รวมไทยสร้างชาติ,13
50,เชียงใหม่,7,ฝาง,เวียงฝาง,2,2,7,พลวัต,1
50,เชียงใหม่,7,ฝาง,เวียงฝาง,2,2,8,ประชาธิปไตยใหม่,1
50,เชียงใหม่,7,ฝาง,เวียงฝาง,2,2,9,เพื่อไทย,118
50,เชียงใหม่,7,ฝาง,เวียงฝาง,2,2,10,ทางเลือกใหม่,3
50,เชียงใหม่,7,ฝาง,เวียงฝาง,2,2,11,เศรษฐกิจ,11
50,เชียงใหม่,7,ฝาง,เวียงฝาง,2,2,12,เสรีรวมไทย,2
50,เชียงใหม่,7,ฝาง,เวียงฝาง,2,2,13,รวมพลังประชาชน,2
50,เชียงใหม่,7,ฝาง,เวียงฝาง,2,2,14,ท้องที่ไทย,1
50,เชียงใหม่,7,ฝาง,เวียงฝาง,2,2,15,อนาคตไทย,0
50,เชียงใหม่,7,ฝาง,เวียงฝาง,2,2,16,พลังเพื่อไทย,1
50,เชียงใหม่,7,ฝาง,เวียงฝาง,2,2,17,ไทยชนะ,0
50,เชียงใหม่,7,ฝาง,เวียงฝาง,2,2,18,พลังสังคมใหม่,0
50,เชียงใหม่,7,ฝาง,เวียงฝาง,2,2,19,สังคมประชาธิปไตย,0
50,เชียงใหม่,7,ฝาง,เวียงฝาง,2,2,20,ฟิวชัน,0
50,เชียงใหม่,7,ฝาง,เวียงฝาง,2,2,21,ไทยรวมพลัง,1
50,เชียงใหม่,7,ฝาง,เวียงฝาง,2,2,22,ก้าวอิสระ,1
50,เชียงใหม่,7,ฝาง,เวียงฝาง,2,2,23,ปวงชนไทย,0
50,เชียงใหม่,7,ฝาง,เวียงฝาง,2,2,24,วิชชั่นใหม่,3
50,เชียงใหม่,7,ฝาง,เวียงฝาง,2,2,25,เพื่อชีวิตใหม่,0
50,เชียงใหม่,7,ฝาง,เวียงฝาง,2,2,26,คลองไทย,1
50,เชียงใหม่,7,ฝาง,เวียงฝาง,2,2,27,ประชาธิปัตย์,12
50,เชียงใหม่,7,ฝาง,เวียงฝาง,2,2,28,ไทยก้าวหน้า,0
50,เชียงใหม่,7,ฝาง,เวียงฝาง,2,2,29,ไทยภักดี,2
50,เชียงใหม่,7,ฝาง,เวียงฝาง,2,2,30,แรงงานสร้างชาติ,0
50,เชียงใหม่,7,ฝาง,เวียงฝาง,2,2,31,ประชากรไทย,0
50,เชียงใหม่,7,ฝาง,เวียงฝาง,2,2,32,ครูไทยเพื่อประชาชน,0
50,เชียงใหม่,7,ฝาง,เวียงฝาง,2,2,33,ประชาชาติ,0
50,เชียงใหม่,7,ฝาง,เวียงฝาง,2,2,34,สร้างอนาคตไทย,0
50,เชียงใหม่,7,ฝาง,เวียงฝาง,2,2,35,รักชาติ,1
50,เชียงใหม่,7,ฝาง,เวียงฝาง,2,2,36,ไทยพร้อม,2
50,เชียงใหม่,7,ฝาง,เวียงฝาง,2,2,37,ภูมิใจไทย,54
50,เชียงใหม่,7,ฝาง,เวียงฝาง,2,2,38,พลังธรรมใหม่,2
50,เชียงใหม่,7,ฝาง,เวียงฝาง,2,2,39,กรีน,0
50,เชียงใหม่,7,ฝาง,เวียงฝาง,2,2,40,ไทยธรรม,0
50,เชียงใหม่,7,ฝาง,เวียงฝาง,2,2,41,แผ่นดินธรรม,0
50,เชียงใหม่,7,ฝาง,เวียงฝาง,2,2,42,กล้าธรรม,38
50,เชียงใหม่,7,ฝาง,เวียงฝาง,2,2,43,พลังประชารัฐ,2
50,เชียงใหม่,7,ฝาง,เวียงฝาง,2,2,44,โอกาสใหม่,0
50,เชียงใหม่,7,ฝาง,เวียงฝาง,2,2,45,เป็นธรรม,0
50,เชียงใหม่,7,ฝาง,เวียงฝาง,2,2,46,ประชาชน,134
50,เชียงใหม่,7,ฝาง,เวียงฝาง,2,2,47,ประชาไทย,1
50,เชียงใหม่,7,ฝาง,เวียงฝาง,2,2,48,ไทยสร้างไทย,1
50,เชียงใหม่,7,ฝาง,เวียงฝาง,2,2,49,ไทยก้าวใหม่,0
50,เชียงใหม่,7,ฝาง,เวียงฝาง,2,2,50,ประชาอาสาชาติ,0
50,เชียงใหม่,7,ฝาง,เวียงฝาง,2,2,51,พร้อม,0
50,เชียงใหม่,7,ฝาง,เวียงฝาง,2,2,52,เครือข่ายชาวนาแห่งประเทศไทย,0
50,เชียงใหม่,7,ฝาง,เวียงฝาง,2,2,53,ไทยพิทักษ์ธรรม,0
50,เชียงใหม่,7,ฝาง,เวียงฝาง,2,2,54,ความหวังใหม่,0
50,เชียงใหม่,7,ฝาง,เวียงฝาง,2,2,55,ไทยรวมไทย,0
50,เชียงใหม่,7,ฝาง,เวียงฝาง,2,2,56,เพื่อบ้านเมือง,0
50,เชียงใหม่,7,ฝาง,เวียงฝาง,2,2,57,พลังไทยรักชาติ,0
50,เชียงใหม่,7,ฝาง,เวียงฝาง,3,3,1,ไทยทรัพย์ทวี,0
50,เชียงใหม่,7,ฝาง,เวียงฝาง,3,3,2,เพื่อชาติไทย,0
50,เชียงใหม่,7,ฝาง,เวียงฝาง,3,3,3,ใหม่,1
50,เชียงใหม่,7,ฝาง,เวียงฝาง,3,3,4,มิติใหม่,0
50,เชียงใหม่,7,ฝาง,เวียงฝาง,3,3,5,รวมใจไทย,5
50,เชียงใหม่,7,ฝาง,เวียงฝาง,3,3,6,รวมไทยสร้างชาติ,12
50,เชียงใหม่,7,ฝาง,เวียงฝาง,3,3,7,พลวัต,0
50,เชียงใหม่,7,ฝาง,เวียงฝาง,3,3,8,ประชาธิปไตยใหม่,1
50,เชียงใหม่,7,ฝาง,เวียงฝาง,3,3,9,เพื่อไทย,80
50,เชียงใหม่,7,ฝาง,เวียงฝาง,3,3,10,ทางเลือกใหม่,1
50,เชียงใหม่,7,ฝาง,เวียงฝาง,3,3,11,เศรษฐกิจ,1
50,เชียงใหม่,7,ฝาง,เวียงฝาง,3,3,12,เสรีรวมไทย,2
50,เชียงใหม่,7,ฝาง,เวียงฝาง,3,3,13,รวมพลังประชาชน,0
50,เชียงใหม่,7,ฝาง,เวียงฝาง,3,3,14,ท้องที่ไทย,0
50,เชียงใหม่,7,ฝาง,เวียงฝาง,3,3,15,อนาคตไทย,0
50,เชียงใหม่,7,ฝาง,เวียงฝาง,3,3,16,พลังเพื่อไทย,0
50,เชียงใหม่,7,ฝาง,เวียงฝาง,3,3,17,ไทยชนะ,1
50,เชียงใหม่,7,ฝาง,เวียงฝาง,3,3,18,พลังสังคมใหม่,0
50,เชียงใหม่,7,ฝาง,เวียงฝาง,3,3,19,สังคมประชาธิปไตย,0
50,เชียงใหม่,7,ฝาง,เวียงฝาง,3,3,20,ฟิวชัน,0
50,เชียงใหม่,7,ฝาง,เวียงฝาง,3,3,21,ไทยรวมพลัง,0
50,เชียงใหม่,7,ฝาง,เวียงฝาง,3,3,22,ก้าวอิสระ,0
50,เชียงใหม่,7,ฝาง,เวียงฝาง,3,3,23,ปวงชนไทย,0
50,เชียงใหม่,7,ฝาง,เวียงฝาง,3,3,24,วิชชั่นใหม่,0
50,เชียงใหม่,7,ฝาง,เวียงฝาง,3,3,25,เพื่อชีวิตใหม่,0
50,เชียงใหม่,7,ฝาง,เวียงฝาง,3,3,26,คลองไทย,0
50,เชียงใหม่,7,ฝาง,เวียงฝาง,3,3,27,ประชาธิปัตย์,11
50,เชียงใหม่,7,ฝาง,เวียงฝาง,3,3,28,ไทยก้าวหน้า,1
50,เชียงใหม่,7,ฝาง,เวียงฝาง,3,3,29,ไทยภักดี,4
50,เชียงใหม่,7,ฝาง,เวียงฝาง,3,3,30,แรงงานสร้างชาติ,0
50,เชียงใหม่,7,ฝาง,เวียงฝาง,3,3,31,ประชากรไทย,0
50,เชียงใหม่,7,ฝาง,เวียงฝาง,3,3,32,ครูไทยเพื่อประชาชน,0
50,เชียงใหม่,7,ฝาง,เวียงฝาง,3,3,33,ประชาชาติ,1
50,เชียงใหม่,7,ฝาง,เวียงฝาง,3,3,34,สร้างอนาคตไทย,0
50,เชียงใหม่,7,ฝาง,เวียงฝาง,3,3,35,รักชาติ,0
50,เชียงใหม่,7,ฝาง,เวียงฝาง,3,3,36,ไทยพร้อม,0
50,เชียงใหม่,7,ฝาง,เวียงฝาง,3,3,37,ภูมิใจไทย,23
50,เชียงใหม่,7,ฝาง,เวียงฝาง,3,3,38,พลังธรรมใหม่,0
50,เชียงใหม่,7,ฝาง,เวียงฝาง,3,3,39,กรีน,0
50,เชียงใหม่,7,ฝาง,เวียงฝาง,3,3,40,ไทยธรรม,0
50,เชียงใหม่,7,ฝาง,เวียงฝาง,3,3,41,แผ่นดินธรรม,0
50,เชียงใหม่,7,ฝาง,เวียงฝาง,3,3,42,กล้าธรรม,21
50,เชียงใหม่,7,ฝาง,เวียงฝาง,3,3,43,พลังประชารัฐ,4
50,เชียงใหม่,7,ฝาง,เวียงฝาง,3,3,44,โอกาสใหม่,0
50,เชียงใหม่,7,ฝาง,เวียงฝาง,3,3,45,เป็นธรรม,0
50,เชียงใหม่,7,ฝาง,เวียงฝาง,3,3,46,ประชาชน,89
50,เชียงใหม่,7,ฝาง,เวียงฝาง,3,3,47,ประชาไทย,0
50,เชียงใหม่,7,ฝาง,เวียงฝาง,3,3,48,ไทยสร้างไทย,1
50,เชียงใหม่,7,ฝาง,เวียงฝาง,3,3,49,ไทยก้าวใหม่,1
50,เชียงใหม่,7,ฝาง,เวียงฝาง,3,3,50,ประชาอาสาชาติ,0
50,เชียงใหม่,7,ฝาง,เวียงฝาง,3,3,51,พร้อม,0
50,เชียงใหม่,7,ฝาง,เวียงฝาง,3,3,52,เครือข่ายชาวนาแห่งประเทศไทย,0
50,เชียงใหม่,7,ฝาง,เวียงฝาง,3,3,53,ไทยพิทักษ์ธรรม,0
50,เชียงใหม่,7,ฝาง,เวียงฝาง,3,3,54,ความหวังใหม่,0
50,เชียงใหม่,7,ฝาง,เวียงฝาง,3,3,55,ไทยรวมไทย,0
50,เชียงใหม่,7,ฝาง,เวียงฝาง,3,3,56,เพื่อบ้านเมือง,0
50,เชียงใหม่,7,ฝาง,เวียงฝาง,3,3,57,พลังไทยรักชาติ,0
50,เชียงใหม่,7,ฝาง,เวียงฝาง,3,4,1,ไทยทรัพย์ทวี,0
50,เชียงใหม่,7,ฝาง,เวียงฝาง,3,4,2,เพื่อชาติไทย,0
50,เชียงใหม่,7,ฝาง,เวียงฝาง,3,4,3,ใหม่,0
50,เชียงใหม่,7,ฝาง,เวียงฝาง,3,4,4,มิติใหม่,0
50,เชียงใหม่,7,ฝาง,เวียงฝาง,3,4,5,รวมใจไทย,5
50,เชียงใหม่,7,ฝาง,เวียงฝาง,3,4,6,รวมไทยสร้างชาติ,7
50,เชียงใหม่,7,ฝาง,เวียงฝาง,3,4,7,พลวัต,0
50,เชียงใหม่,7,ฝาง,เวียงฝาง,3,4,8,ประชาธิปไตยใหม่,0
50,เชียงใหม่,7,ฝาง,เวียงฝาง,3,4,9,เพื่อไทย,67
50,เชียงใหม่,7,ฝาง,เวียงฝาง,3,4,10,ทางเลือกใหม่,0
50,เชียงใหม่,7,ฝาง,เวียงฝาง,3,4,11,เศรษฐกิจ,10
50,เชียงใหม่,7,ฝาง,เวียงฝาง,3,4,12,เสรีรวมไทย,0
50,เชียงใหม่,7,ฝาง,เวียงฝาง,3,4,13,รวมพลังประชาชน,1
50,เชียงใหม่,7,ฝาง,เวียงฝาง,3,4,14,ท้องที่ไทย,0
50,เชียงใหม่,7,ฝาง,เวียงฝาง,3,4,15,อนาคตไทย,0
50,เชียงใหม่,7,ฝาง,เวียงฝาง,3,4,16,พลังเพื่อไทย,2
50,เชียงใหม่,7,ฝาง,เวียงฝาง,3,4,17,ไทยชนะ,0
50,เชียงใหม่,7,ฝาง,เวียงฝาง,3,4,18,พลังสังคมใหม่,0
50,เชียงใหม่,7,ฝาง,เวียงฝาง,3,4,19,สังคมประชาธิปไตย,1
50,เชียงใหม่,7,ฝาง,เวียงฝาง,3,4,20,ฟิวชัน,0
50,เชียงใหม่,7,ฝาง,เวียงฝาง,3,4,21,ไทยรวมพลัง,0
50,เชียงใหม่,7,ฝาง,เวียงฝาง,3,4,22,ก้าวอิสระ,0
50,เชียงใหม่,7,ฝาง,เวียงฝาง,3,4,23,ปวงชนไทย,0
50,เชียงใหม่,7,ฝาง,เวียงฝาง,3,4,24,วิชชั่นใหม่,0
50,เชียงใหม่,7,ฝาง,เวียงฝาง,3,4,25,เพื่อชีวิตใหม่,1
50,เชียงใหม่,7,ฝาง,เวียงฝาง,3,4,26,คลองไทย,0
50,เชียงใหม่,7,ฝาง,เวียงฝาง,3,4,27,ประชาธิปัตย์,5
50,เชียงใหม่,7,ฝาง,เวียงฝาง,3,4,28,ไทยก้าวหน้า,0
50,เชียงใหม่,7,ฝาง,เวียงฝาง,3,4,29,ไทยภักดี,0
50,เชียงใหม่,7,ฝาง,เวียงฝาง,3,4,30,แรงงานสร้างชาติ,2
50,เชียงใหม่,7,ฝาง,เวียงฝาง,3,4,31,ประชากรไทย,0
50,เชียงใหม่,7,ฝาง,เวียงฝาง,3,4,32,ครูไทยเพื่อประชาชน,0
50,เชียงใหม่,7,ฝาง,เวียงฝาง,3,4,33,ประชาชาติ,0
50,เชียงใหม่,7,ฝาง,เวียงฝาง,3,4,34,สร้างอนาคตไทย,0
50,เชียงใหม่,7,ฝาง,เวียงฝาง,3,4,35,รักชาติ,0
50,เชียงใหม่,7,ฝาง,เวียงฝาง,3,4,36,ไทยพร้อม,0
50,เชียงใหม่,7,ฝาง,เวียงฝาง,3,4,37,ภูมิใจไทย,39
50,เชียงใหม่,7,ฝาง,เวียงฝาง,3,4,38,พลังธรรมใหม่,0
50,เชียงใหม่,7,ฝาง,เวียงฝาง,3,4,39,กรีน,0
50,เชียงใหม่,7,ฝาง,เวียงฝาง,3,4,40,ไทยธรรม,0
50,เชียงใหม่,7,ฝาง,เวียงฝาง,3,4,41,แผ่นดินธรรม,0
50,เชียงใหม่,7,ฝาง,เวียงฝาง,3,4,42,กล้าธรรม,18
50,เชียงใหม่,7,ฝาง,เวียงฝาง,3,4,43,พลังประชารัฐ,1
50,เชียงใหม่,7,ฝาง,เวียงฝาง,3,4,44,โอกาสใหม่,0
50,เชียงใหม่,7,ฝาง,เวียงฝาง,3,4,45,เป็นธรรม,0
50,เชียงใหม่,7,ฝาง,เวียงฝาง,3,4,46,ประชาชน,94
50,เชียงใหม่,7,ฝาง,เวียงฝาง,3,4,47,ประชาไทย,0
50,เชียงใหม่,7,ฝาง,เวียงฝาง,3,4,48,ไทยสร้างไทย,1
50,เชียงใหม่,7,ฝาง,เวียงฝาง,3,4,49,ไทยก้าวใหม่,0
50,เชียงใหม่,7,ฝาง,เวียงฝาง,3,4,50,ประชาอาสาชาติ,0
50,เชียงใหม่,7,ฝาง,เวียงฝาง,3,4,51,พร้อม,0
50,เชียงใหม่,7,ฝาง,เวียงฝาง,3,4,52,เครือข่ายชาวนาแห่งประเทศไทย,0
50,เชียงใหม่,7,ฝาง,เวียงฝาง,3,4,53,ไทยพิทักษ์ธรรม,0
50,เชียงใหม่,7,ฝาง,เวียงฝาง,3,4,54,ความหวังใหม่,0
50,เชียงใหม่,7,ฝาง,เวียงฝาง,3,4,55,ไทยรวมไทย,0
50,เชียงใหม่,7,ฝาง,เวียงฝาง,3,4,56,เพื่อบ้านเมือง,0
50,เชียงใหม่,7,ฝาง,เวียงฝาง,3,4,57,พลังไทยรักชาติ,0
50,เชียงใหม่,7,ฝาง,เวียงฝาง,4,5,1,ไทยทรัพย์ทวี,2
50,เชียงใหม่,7,ฝาง,เวียงฝาง,4,5,2,เพื่อชาติไทย,0
50,เชียงใหม่,7,ฝาง,เวียงฝาง,4,5,3,ใหม่,0
50,เชียงใหม่,7,ฝาง,เวียงฝาง,4,5,4,มิติใหม่,0
50,เชียงใหม่,7,ฝาง,เวียงฝาง,4,5,5,รวมใจไทย,0
50,เชียงใหม่,7,ฝาง,เวียงฝาง,4,5,6,รวมไทยสร้างชาติ,8
50,เชียงใหม่,7,ฝาง,เวียงฝาง,4,5,7,พลวัต,1
50,เชียงใหม่,7,ฝาง,เวียงฝาง,4,5,8,ประชาธิปไตยใหม่,2
50,เชียงใหม่,7,ฝาง,เวียงฝาง,4,5,9,เพื่อไทย,59
50,เชียงใหม่,7,ฝาง,เวียงฝาง,4,5,10,ทางเลือกใหม่,1
50,เชียงใหม่,7,ฝาง,เวียงฝาง,4,5,11,เศรษฐกิจ,5
50,เชียงใหม่,7,ฝาง,เวียงฝาง,4,5,12,เสรีรวมไทย,0
50,เชียงใหม่,7,ฝาง,เวียงฝาง,4,5,13,รวมพลังประชาชน,2
50,เชียงใหม่,7,ฝาง,เวียงฝาง,4,5,14,ท้องที่ไทย,0
50,เชียงใหม่,7,ฝาง,เวียงฝาง,4,5,15,อนาคตไทย,1
50,เชียงใหม่,7,ฝาง,เวียงฝาง,4,5,16,พลังเพื่อไทย,1
50,เชียงใหม่,7,ฝาง,เวียงฝาง,4,5,17,ไทยชนะ,1
50,เชียงใหม่,7,ฝาง,เวียงฝาง,4,5,18,พลังสังคมใหม่,0
50,เชียงใหม่,7,ฝาง,เวียงฝาง,4,5,19,สังคมประชาธิปไตย,0
50,เชียงใหม่,7,ฝาง,เวียงฝาง,4,5,20,ฟิวชัน,0
50,เชียงใหม่,7,ฝาง,เวียงฝาง,4,5,21,ไทยรวมพลัง,1
50,เชียงใหม่,7,ฝาง,เวียงฝาง,4,5,22,ก้าวอิสระ,0
50,เชียงใหม่,7,ฝาง,เวียงฝาง,4,5,23,ปวงชนไทย,0
50,เชียงใหม่,7,ฝาง,เวียงฝาง,4,5,24,วิชชั่นใหม่,1
50,เชียงใหม่,7,ฝาง,เวียงฝาง,4,5,25,เพื่อชีวิตใหม่,0
50,เชียงใหม่,7,ฝาง,เวียงฝาง,4,5,26,คลองไทย,0
50,เชียงใหม่,7,ฝาง,เวียงฝาง,4,5,27,ประชาธิปัตย์,10
50,เชียงใหม่,7,ฝาง,เวียงฝาง,4,5,28,ไทยก้าวหน้า,1
50,เชียงใหม่,7,ฝาง,เวียงฝาง,4,5,29,ไทยภักดี,7
50,เชียงใหม่,7,ฝาง,เวียงฝาง,4,5,30,แรงงานสร้างชาติ,0
50,เชียงใหม่,7,ฝาง,เวียงฝาง,4,5,31,ประชากรไทย,0
50,เชียงใหม่,7,ฝาง,เวียงฝาง,4,5,32,ครูไทยเพื่อประชาชน,0
50,เชียงใหม่,7,ฝาง,เวียงฝาง,4,5,33,ประชาชาติ,0
50,เชียงใหม่,7,ฝาง,เวียงฝาง,4,5,34,สร้างอนาคตไทย,1
50,เชียงใหม่,7,ฝาง,เวียงฝาง,4,5,35,รักชาติ,0
50,เชียงใหม่,7,ฝาง,เวียงฝาง,4,5,36,ไทยพร้อม,0
50,เชียงใหม่,7,ฝาง,เวียงฝาง,4,5,37,ภูมิใจไทย,26
50,เชียงใหม่,7,ฝาง,เวียงฝาง,4,5,38,พลังธรรมใหม่,0
50,เชียงใหม่,7,ฝาง,เวียงฝาง,4,5,39,กรีน,0
50,เชียงใหม่,7,ฝาง,เวียงฝาง,4,5,40,ไทยธรรม,0
50,เชียงใหม่,7,ฝาง,เวียงฝาง,4,5,41,แผ่นดินธรรม,0
50,เชียงใหม่,7,ฝาง,เวียงฝาง,4,5,42,กล้าธรรม,9
50,เชียงใหม่,7,ฝาง,เวียงฝาง,4,5,43,พลังประชารัฐ,2
50,เชียงใหม่,7,ฝาง,เวียงฝาง,4,5,44,โอกาสใหม่,0
50,เชียงใหม่,7,ฝาง,เวียงฝาง,4,5,45,เป็นธรรม,0
50,เชียงใหม่,7,ฝาง,เวียงฝาง,4,5,46,ประชาชน,112
50,เชียงใหม่,7,ฝาง,เวียงฝาง,4,5,47,ประชาไทย,0
50,เชียงใหม่,7,ฝาง,เวียงฝาง,4,5,48,ไทยสร้างไทย,2
50,เชียงใหม่,7,ฝาง,เวียงฝาง,4,5,49,ไทยก้าวใหม่,1
50,เชียงใหม่,7,ฝาง,เวียงฝาง,4,5,50,ประชาอาสาชาติ,0
50,เชียงใหม่,7,ฝาง,เวียงฝาง,4,5,51,พร้อม,1
50,เชียงใหม่,7,ฝาง,เวียงฝาง,4,5,52,เครือข่ายชาวนาแห่งประเทศไทย,0
50,เชียงใหม่,7,ฝาง,เวียงฝาง,4,5,53,ไทยพิทักษ์ธรรม,0
50,เชียงใหม่,7,ฝาง,เวียงฝาง,4,5,54,ความหวังใหม่,0
50,เชียงใหม่,7,ฝาง,เวียงฝาง,4,5,55,ไทยรวมไทย,0
50,เชียงใหม่,7,ฝาง,เวียงฝาง,4,5,56,เพื่อบ้านเมือง,0
50,เชียงใหม่,7,ฝาง,เวียงฝาง,4,5,57,พลังไทยรักชาติ,1
50,เชียงใหม่,7,ฝาง,เวียงฝาง,4,6,1,ไทยทรัพย์ทวี,0
50,เชียงใหม่,7,ฝาง,เวียงฝาง,4,6,2,เพื่อชาติไทย,1
50,เชียงใหม่,7,ฝาง,เวียงฝาง,4,6,3,ใหม่,0
50,เชียงใหม่,7,ฝาง,เวียงฝาง,4,6,4,มิติใหม่,0
50,เชียงใหม่,7,ฝาง,เวียงฝาง,4,6,5,รวมใจไทย,5
50,เชียงใหม่,7,ฝาง,เวียงฝาง,4,6,6,รวมไทยสร้างชาติ,4
50,เชียงใหม่,7,ฝาง,เวียงฝาง,4,6,7,พลวัต,0
50,เชียงใหม่,7,ฝาง,เวียงฝาง,4,6,8,ประชาธิปไตยใหม่,0
50,เชียงใหม่,7,ฝาง,เวียงฝาง,4,6,9,เพื่อไทย,72
50,เชียงใหม่,7,ฝาง,เวียงฝาง,4,6,10,ทางเลือกใหม่,0
50,เชียงใหม่,7,ฝาง,เวียงฝาง,4,6,11,เศรษฐกิจ,10
50,เชียงใหม่,7,ฝาง,เวียงฝาง,4,6,12,เสรีรวมไทย,0
50,เชียงใหม่,7,ฝาง,เวียงฝาง,4,6,13,รวมพลังประชาชน,4
50,เชียงใหม่,7,ฝาง,เวียงฝาง,4,6,14,ท้องที่ไทย,1
50,เชียงใหม่,7,ฝาง,เวียงฝาง,4,6,15,อนาคตไทย,0
50,เชียงใหม่,7,ฝาง,เวียงฝาง,4,6,16,พลังเพื่อไทย,0
50,เชียงใหม่,7,ฝาง,เวียงฝาง,4,6,17,ไทยชนะ,0
50,เชียงใหม่,7,ฝาง,เวียงฝาง,4,6,18,พลังสังคมใหม่,0
50,เชียงใหม่,7,ฝาง,เวียงฝาง,4,6,19,สังคมประชาธิปไตย,0
50,เชียงใหม่,7,ฝาง,เวียงฝาง,4,6,20,ฟิวชัน,0
50,เชียงใหม่,7,ฝาง,เวียงฝาง,4,6,21,ไทยรวมพลัง,0
50,เชียงใหม่,7,ฝาง,เวียงฝาง,4,6,22,ก้าวอิสระ,1
50,เชียงใหม่,7,ฝาง,เวียงฝาง,4,6,23,ปวงชนไทย,0
50,เชียงใหม่,7,ฝาง,เวียงฝาง,4,6,24,วิชชั่นใหม่,0
50,เชียงใหม่,7,ฝาง,เวียงฝาง,4,6,25,เพื่อชีวิตใหม่,0
50,เชียงใหม่,7,ฝาง,เวียงฝาง,4,6,26,คลองไทย,0
50,เชียงใหม่,7,ฝาง,เวียงฝาง,4,6,27,ประชาธิปัตย์,12
50,เชียงใหม่,7,ฝาง,เวียงฝาง,4,6,28,ไทยก้าวหน้า,1
50,เชียงใหม่,7,ฝาง,เวียงฝาง,4,6,29,ไทยภักดี,0
50,เชียงใหม่,7,ฝาง,เวียงฝาง,4,6,30,แรงงานสร้างชาติ,0
50,เชียงใหม่,7,ฝาง,เวียงฝาง,4,6,31,ประชากรไทย,0
50,เชียงใหม่,7,ฝาง,เวียงฝาง,4,6,32,ครูไทยเพื่อประชาชน,0
50,เชียงใหม่,7,ฝาง,เวียงฝาง,4,6,33,ประชาชาติ,0
50,เชียงใหม่,7,ฝาง,เวียงฝาง,4,6,34,สร้างอนาคตไทย,0
50,เชียงใหม่,7,ฝาง,เวียงฝาง,4,6,35,รักชาติ,1
50,เชียงใหม่,7,ฝาง,เวียงฝาง,4,6,36,ไทยพร้อม,0
50,เชียงใหม่,7,ฝาง,เวียงฝาง,4,6,37,ภูมิใจไทย,24
50,เชียงใหม่,7,ฝาง,เวียงฝาง,4,6,38,พลังธรรมใหม่,1
50,เชียงใหม่,7,ฝาง,เวียงฝาง,4,6,39,กรีน,0
50,เชียงใหม่,7,ฝาง,เวียงฝาง,4,6,40,ไทยธรรม,0
50,เชียงใหม่,7,ฝาง,เวียงฝาง,4,6,41,แผ่นดินธรรม,0
50,เชียงใหม่,7,ฝาง,เวียงฝาง,4,6,42,กล้าธรรม,27
50,เชียงใหม่,7,ฝาง,เวียงฝาง,4,6,43,พลังประชารัฐ,1
50,เชียงใหม่,7,ฝาง,เวียงฝาง,4,6,44,โอกาสใหม่,0
50,เชียงใหม่,7,ฝาง,เวียงฝาง,4,6,45,เป็นธรรม,0
50,เชียงใหม่,7,ฝาง,เวียงฝาง,4,6,46,ประชาชน,97
50,เชียงใหม่,7,ฝาง,เวียงฝาง,4,6,47,ประชาไทย,0
50,เชียงใหม่,7,ฝาง,เวียงฝาง,4,6,48,ไทยสร้างไทย,0
50,เชียงใหม่,7,ฝาง,เวียงฝาง,4,6,49,ไทยก้าวใหม่,0
50,เชียงใหม่,7,ฝาง,เวียงฝาง,4,6,50,ประชาอาสาชาติ,0
50,เชียงใหม่,7,ฝาง,เวียงฝาง,4,6,51,พร้อม,0
50,เชียงใหม่,7,ฝาง,เวียงฝาง,4,6,52,เครือข่ายชาวนาแห่งประเทศไทย,0
50,เชียงใหม่,7,ฝาง,เวียงฝาง,4,6,53,ไทยพิทักษ์ธรรม,0
50,เชียงใหม่,7,ฝาง,เวียงฝาง,4,6,54,ความหวังใหม่,0
50,เชียงใหม่,7,ฝาง,เวียงฝาง,4,6,55,ไทยรวมไทย,0
50,เชียงใหม่,7,ฝาง,เวียงฝาง,4,6,56,เพื่อบ้านเมือง,0
50,เชียงใหม่,7,ฝาง,เวียงฝาง,4,6,57,พลังไทยรักชาติ,0
50,เชียงใหม่,7,ฝาง,เวียงฝาง,5,7,1,ไทยทรัพย์ทวี,0
50,เชียงใหม่,7,ฝาง,เวียงฝาง,5,7,2,เพื่อชาติไทย,3
50,เชียงใหม่,7,ฝาง,เวียงฝาง,5,7,3,ใหม่,0
50,เชียงใหม่,7,ฝาง,เวียงฝาง,5,7,4,มิติใหม่,0
50,เชียงใหม่,7,ฝาง,เวียงฝาง,5,7,5,รวมใจไทย,4
50,เชียงใหม่,7,ฝาง,เวียงฝาง,5,7,6,รวมไทยสร้างชาติ,7
50,เชียงใหม่,7,ฝาง,เวียงฝาง,5,7,7,พลวัต,0
50,เชียงใหม่,7,ฝาง,เวียงฝาง,5,7,8,ประชาธิปไตยใหม่,1
50,เชียงใหม่,7,ฝาง,เวียงฝาง,5,7,9,เพื่อไทย,64
50,เชียงใหม่,7,ฝาง,เวียงฝาง,5,7,10,ทางเลือกใหม่,1
50,เชียงใหม่,7,ฝาง,เวียงฝาง,5,7,11,เศรษฐกิจ,8
50,เชียงใหม่,7,ฝาง,เวียงฝาง,5,7,12,เสรีรวมไทย,2
50,เชียงใหม่,7,ฝาง,เวียงฝาง,5,7,13,รวมพลังประชาชน,0
50,เชียงใหม่,7,ฝาง,เวียงฝาง,5,7,14,ท้องที่ไทย,0
50,เชียงใหม่,7,ฝาง,เวียงฝาง,5,7,15,อนาคตไทย,0
50,เชียงใหม่,7,ฝาง,เวียงฝาง,5,7,16,พลังเพื่อไทย,0
50,เชียงใหม่,7,ฝาง,เวียงฝาง,5,7,17,ไทยชนะ,0
50,เชียงใหม่,7,ฝาง,เวียงฝาง,5,7,18,พลังสังคมใหม่,0
50,เชียงใหม่,7,ฝาง,เวียงฝาง,5,7,19,สังคมประชาธิปไตย,0
50,เชียงใหม่,7,ฝาง,เวียงฝาง,5,7,20,ฟิวชัน,0
50,เชียงใหม่,7,ฝาง,เวียงฝาง,5,7,21,ไทยรวมพลัง,0
50,เชียงใหม่,7,ฝาง,เวียงฝาง,5,7,22,ก้าวอิสระ,0
50,เชียงใหม่,7,ฝาง,เวียงฝาง,5,7,23,ปวงชนไทย,0
50,เชียงใหม่,7,ฝาง,เวียงฝาง,5,7,24,วิชชั่นใหม่,1
50,เชียงใหม่,7,ฝาง,เวียงฝาง,5,7,25,เพื่อชีวิตใหม่,0
50,เชียงใหม่,7,ฝาง,เวียงฝาง,5,7,26,คลองไทย,0
50,เชียงใหม่,7,ฝาง,เวียงฝาง,5,7,27,ประชาธิปัตย์,16
50,เชียงใหม่,7,ฝาง,เวียงฝาง,5,7,28,ไทยก้าวหน้า,0
50,เชียงใหม่,7,ฝาง,เวียงฝาง,5,7,29,ไทยภักดี,2
50,เชียงใหม่,7,ฝาง,เวียงฝาง,5,7,30,แรงงานสร้างชาติ,0
50,เชียงใหม่,7,ฝาง,เวียงฝาง,5,7,31,ประชากรไทย,1
50,เชียงใหม่,7,ฝาง,เวียงฝาง,5,7,32,ครูไทยเพื่อประชาชน,0
50,เชียงใหม่,7,ฝาง,เวียงฝาง,5,7,33,ประชาชาติ,0
50,เชียงใหม่,7,ฝาง,เวียงฝาง,5,7,34,สร้างอนาคตไทย,0
50,เชียงใหม่,7,ฝาง,เวียงฝาง,5,7,35,รักชาติ,1
50,เชียงใหม่,7,ฝาง,เวียงฝาง,5,7,36,ไทยพร้อม,1
50,เชียงใหม่,7,ฝาง,เวียงฝาง,5,7,37,ภูมิใจไทย,41
50,เชียงใหม่,7,ฝาง,เวียงฝาง,5,7,38,พลังธรรมใหม่,0
50,เชียงใหม่,7,ฝาง,เวียงฝาง,5,7,39,กรีน,0
50,เชียงใหม่,7,ฝาง,เวียงฝาง,5,7,40,ไทยธรรม,0
50,เชียงใหม่,7,ฝาง,เวียงฝาง,5,7,41,แผ่นดินธรรม,0
50,เชียงใหม่,7,ฝาง,เวียงฝาง,5,7,42,กล้าธรรม,23
50,เชียงใหม่,7,ฝาง,เวียงฝาง,5,7,43,พลังประชารัฐ,3
50,เชียงใหม่,7,ฝาง,เวียงฝาง,5,7,44,โอกาสใหม่,0
50,เชียงใหม่,7,ฝาง,เวียงฝาง,5,7,45,เป็นธรรม,1
50,เชียงใหม่,7,ฝาง,เวียงฝาง,5,7,46,ประชาชน,113
50,เชียงใหม่,7,ฝาง,เวียงฝาง,5,7,47,ประชาไทย,1
50,เชียงใหม่,7,ฝาง,เวียงฝาง,5,7,48,ไทยสร้างไทย,3
50,เชียงใหม่,7,ฝาง,เวียงฝาง,5,7,49,ไทยก้าวใหม่,1
50,เชียงใหม่,7,ฝาง,เวียงฝาง,5,7,50,ประชาอาสาชาติ,0
50,เชียงใหม่,7,ฝาง,เวียงฝาง,5,7,51,พร้อม,0
50,เชียงใหม่,7,ฝาง,เวียงฝาง,5,7,52,เครือข่ายชาวนาแห่งประเทศไทย,0
50,เชียงใหม่,7,ฝาง,เวียงฝาง,5,7,53,ไทยพิทักษ์ธรรม,0
50,เชียงใหม่,7,ฝาง,เวียงฝาง,5,7,54,ความหวังใหม่,0
50,เชียงใหม่,7,ฝาง,เวียงฝาง,5,7,55,ไทยรวมไทย,0
50,เชียงใหม่,7,ฝาง,เวียงฝาง,5,7,56,เพื่อบ้านเมือง,0
50,เชียงใหม่,7,ฝาง,เวียงฝาง,5,7,57,พลังไทยรักชาติ,0
50,เชียงใหม่,7,ฝาง,เวียงฝาง,5,8,1,ไทยทรัพย์ทวี,1
50,เชียงใหม่,7,ฝาง,เวียงฝาง,5,8,2,เพื่อชาติไทย,1
50,เชียงใหม่,7,ฝาง,เวียงฝาง,5,8,3,ใหม่,0
50,เชียงใหม่,7,ฝาง,เวียงฝาง,5,8,4,มิติใหม่,1
50,เชียงใหม่,7,ฝาง,เวียงฝาง,5,8,5,รวมใจไทย,4
50,เชียงใหม่,7,ฝาง,เวียงฝาง,5,8,6,รวมไทยสร้างชาติ,9
50,เชียงใหม่,7,ฝาง,เวียงฝาง,5,8,7,พลวัต,0
50,เชียงใหม่,7,ฝาง,เวียงฝาง,5,8,8,ประชาธิปไตยใหม่,0
50,เชียงใหม่,7,ฝาง,เวียงฝาง,5,8,9,เพื่อไทย,54
50,เชียงใหม่,7,ฝาง,เวียงฝาง,5,8,10,ทางเลือกใหม่,0
50,เชียงใหม่,7,ฝาง,เวียงฝาง,5,8,11,เศรษฐกิจ,8
50,เชียงใหม่,7,ฝาง,เวียงฝาง,5,8,12,เสรีรวมไทย,3
50,เชียงใหม่,7,ฝาง,เวียงฝาง,5,8,13,รวมพลังประชาชน,1
50,เชียงใหม่,7,ฝาง,เวียงฝาง,5,8,14,ท้องที่ไทย,0
50,เชียงใหม่,7,ฝาง,เวียงฝาง,5,8,15,อนาคตไทย,0
50,เชียงใหม่,7,ฝาง,เวียงฝาง,5,8,16,พลังเพื่อไทย,1
50,เชียงใหม่,7,ฝาง,เวียงฝาง,5,8,17,ไทยชนะ,1
50,เชียงใหม่,7,ฝาง,เวียงฝาง,5,8,18,พลังสังคมใหม่,0
50,เชียงใหม่,7,ฝาง,เวียงฝาง,5,8,19,สังคมประชาธิปไตย,0
50,เชียงใหม่,7,ฝาง,เวียงฝาง,5,8,20,ฟิวชัน,0
50,เชียงใหม่,7,ฝาง,เวียงฝาง,5,8,21,ไทยรวมพลัง,0
50,เชียงใหม่,7,ฝาง,เวียงฝาง,5,8,22,ก้าวอิสระ,0
50,เชียงใหม่,7,ฝาง,เวียงฝาง,5,8,23,ปวงชนไทย,0
50,เชียงใหม่,7,ฝาง,เวียงฝาง,5,8,24,วิชชั่นใหม่,0
50,เชียงใหม่,7,ฝาง,เวียงฝาง,5,8,25,เพื่อชีวิตใหม่,0
50,เชียงใหม่,7,ฝาง,เวียงฝาง,5,8,26,คลองไทย,0
50,เชียงใหม่,7,ฝาง,เวียงฝาง,5,8,27,ประชาธิปัตย์,20
50,เชียงใหม่,7,ฝาง,เวียงฝาง,5,8,28,ไทยก้าวหน้า,1
50,เชียงใหม่,7,ฝาง,เวียงฝาง,5,8,29,ไทยภักดี,4
50,เชียงใหม่,7,ฝาง,เวียงฝาง,5,8,30,แรงงานสร้างชาติ,0
50,เชียงใหม่,7,ฝาง,เวียงฝาง,5,8,31,ประชากรไทย,0
50,เชียงใหม่,7,ฝาง,เวียงฝาง,5,8,32,ครูไทยเพื่อประชาชน,0
50,เชียงใหม่,7,ฝาง,เวียงฝาง,5,8,33,ประชาชาติ,0
50,เชียงใหม่,7,ฝาง,เวียงฝาง,5,8,34,สร้างอนาคตไทย,0
50,เชียงใหม่,7,ฝาง,เวียงฝาง,5,8,35,รักชาติ,0
50,เชียงใหม่,7,ฝาง,เวียงฝาง,5,8,36,ไทยพร้อม,0
50,เชียงใหม่,7,ฝาง,เวียงฝาง,5,8,37,ภูมิใจไทย,43
50,เชียงใหม่,7,ฝาง,เวียงฝาง,5,8,38,พลังธรรมใหม่,0
50,เชียงใหม่,7,ฝาง,เวียงฝาง,5,8,39,กรีน,0
50,เชียงใหม่,7,ฝาง,เวียงฝาง,5,8,40,ไทยธรรม,0
50,เชียงใหม่,7,ฝาง,เวียงฝาง,5,8,41,แผ่นดินธรรม,0
50,เชียงใหม่,7,ฝาง,เวียงฝาง,5,8,42,กล้าธรรม,8
50,เชียงใหม่,7,ฝาง,เวียงฝาง,5,8,43,พลังประชารัฐ,3
50,เชียงใหม่,7,ฝาง,เวียงฝาง,5,8,44,โอกาสใหม่,0
50,เชียงใหม่,7,ฝาง,เวียงฝาง,5,8,45,เป็นธรรม,0
50,เชียงใหม่,7,ฝาง,เวียงฝาง,5,8,46,ประชาชน,117
50,เชียงใหม่,7,ฝาง,เวียงฝาง,5,8,47,ประชาไทย,0
50,เชียงใหม่,7,ฝาง,เวียงฝาง,5,8,48,ไทยสร้างไทย,3
50,เชียงใหม่,7,ฝาง,เวียงฝาง,5,8,49,ไทยก้าวใหม่,0
50,เชียงใหม่,7,ฝาง,เวียงฝาง,5,8,50,ประชาอาสาชาติ,0
50,เชียงใหม่,7,ฝาง,เวียงฝาง,5,8,51,พร้อม,0
50,เชียงใหม่,7,ฝาง,เวียงฝาง,5,8,52,เครือข่ายชาวนาแห่งประเทศไทย,0
50,เชียงใหม่,7,ฝาง,เวียงฝาง,5,8,53,ไทยพิทักษ์ธรรม,0
50,เชียงใหม่,7,ฝาง,เวียงฝาง,5,8,54,ความหวังใหม่,0
50,เชียงใหม่,7,ฝาง,เวียงฝาง,5,8,55,ไทยรวมไทย,0
50,เชียงใหม่,7,ฝาง,เวียงฝาง,5,8,56,เพื่อบ้านเมือง,0
50,เชียงใหม่,7,ฝาง,เวียงฝาง,5,8,57,พลังไทยรักชาติ,1
50,เชียงใหม่,7,ฝาง,เวียงฝาง,9,9,1,ไทยทรัพย์ทวี,1
50,เชียงใหม่,7,ฝาง,เวียงฝาง,9,9,2,เพื่อชาติไทย,2
50,เชียงใหม่,7,ฝาง,เวียงฝาง,9,9,3,ใหม่,0
50,เชียงใหม่,7,ฝาง,เวียงฝาง,9,9,4,มิติใหม่,0
50,เชียงใหม่,7,ฝาง,เวียงฝาง,9,9,5,รวมใจไทย,2
50,เชียงใหม่,7,ฝาง,เวียงฝาง,9,9,6,รวมไทยสร้างชาติ,12
50,เชียงใหม่,7,ฝาง,เวียงฝาง,9,9,7,พลวัต,2
50,เชียงใหม่,7,ฝาง,เวียงฝาง,9,9,8,ประชาธิปไตยใหม่,2
50,เชียงใหม่,7,ฝาง,เวียงฝาง,9,9,9,เพื่อไทย,103
50,เชียงใหม่,7,ฝาง,เวียงฝาง,9,9,10,ทางเลือกใหม่,5
50,เชียงใหม่,7,ฝาง,เวียงฝาง,9,9,11,เศรษฐกิจ,15
50,เชียงใหม่,7,ฝาง,เวียงฝาง,9,9,12,เสรีรวมไทย,3
50,เชียงใหม่,7,ฝาง,เวียงฝาง,9,9,13,รวมพลังประชาชน,2
50,เชียงใหม่,7,ฝาง,เวียงฝาง,9,9,14,ท้องที่ไทย,0
50,เชียงใหม่,7,ฝาง,เวียงฝาง,9,9,15,อนาคตไทย,0
50,เชียงใหม่,7,ฝาง,เวียงฝาง,9,9,16,พลังเพื่อไทย,0
50,เชียงใหม่,7,ฝาง,เวียงฝาง,9,9,17,ไทยชนะ,1
50,เชียงใหม่,7,ฝาง,เวียงฝาง,9,9,18,พลังสังคมใหม่,2
50,เชียงใหม่,7,ฝาง,เวียงฝาง,9,9,19,สังคมประชาธิปไตย,0
50,เชียงใหม่,7,ฝาง,เวียงฝาง,9,9,20,ฟิวชัน,0
50,เชียงใหม่,7,ฝาง,เวียงฝาง,9,9,21,ไทยรวมพลัง,0
50,เชียงใหม่,7,ฝาง,เวียงฝาง,9,9,22,ก้าวอิสระ,1
50,เชียงใหม่,7,ฝาง,เวียงฝาง,9,9,23,ปวงชนไทย,0
50,เชียงใหม่,7,ฝาง,เวียงฝาง,9,9,24,วิชชั่นใหม่,0
50,เชียงใหม่,7,ฝาง,เวียงฝาง,9,9,25,เพื่อชีวิตใหม่,0
50,เชียงใหม่,7,ฝาง,เวียงฝาง,9,9,26,คลองไทย,0
50,เชียงใหม่,7,ฝาง,เวียงฝาง,9,9,27,ประชาธิปัตย์,22
50,เชียงใหม่,7,ฝาง,เวียงฝาง,9,9,28,ไทยก้าวหน้า,1
50,เชียงใหม่,7,ฝาง,เวียงฝาง,9,9,29,ไทยภักดี,1
50,เชียงใหม่,7,ฝาง,เวียงฝาง,9,9,30,แรงงานสร้างชาติ,0
50,เชียงใหม่,7,ฝาง,เวียงฝาง,9,9,31,ประชากรไทย,0
50,เชียงใหม่,7,ฝาง,เวียงฝาง,9,9,32,ครูไทยเพื่อประชาชน,1
50,เชียงใหม่,7,ฝาง,เวียงฝาง,9,9,33,ประชาชาติ,0
50,เชียงใหม่,7,ฝาง,เวียงฝาง,9,9,34,สร้างอนาคตไทย,1
50,เชียงใหม่,7,ฝาง,เวียงฝาง,9,9,35,รักชาติ,0
50,เชียงใหม่,7,ฝาง,เวียงฝาง,9,9,36,ไทยพร้อม,0
50,เชียงใหม่,7,ฝาง,เวียงฝาง,9,9,37,ภูมิใจไทย,39
50,เชียงใหม่,7,ฝาง,เวียงฝาง,9,9,38,พลังธรรมใหม่,0
50,เชียงใหม่,7,ฝาง,เวียงฝาง,9,9,39,กรีน,0
50,เชียงใหม่,7,ฝาง,เวียงฝาง,9,9,40,ไทยธรรม,0
50,เชียงใหม่,7,ฝาง,เวียงฝาง,9,9,41,แผ่นดินธรรม,0
50,เชียงใหม่,7,ฝาง,เวียงฝาง,9,9,42,กล้าธรรม,25
50,เชียงใหม่,7,ฝาง,เวียงฝาง,9,9,43,พลังประชารัฐ,6
50,เชียงใหม่,7,ฝาง,เวียงฝาง,9,9,44,โอกาสใหม่,0
50,เชียงใหม่,7,ฝาง,เวียงฝาง,9,9,45,เป็นธรรม,0
50,เชียงใหม่,7,ฝาง,เวียงฝาง,9,9,46,ประชาชน,142
50,เชียงใหม่,7,ฝาง,เวียงฝาง,9,9,47,ประชาไทย,0
50,เชียงใหม่,7,ฝาง,เวียงฝาง,9,9,48,ไทยสร้างไทย,5
50,เชียงใหม่,7,ฝาง,เวียงฝาง,9,9,49,ไทยก้าวใหม่,1
50,เชียงใหม่,7,ฝาง,เวียงฝาง,9,9,50,ประชาอาสาชาติ,0
50,เชียงใหม่,7,ฝาง,เวียงฝาง,9,9,51,พร้อม,1
50,เชียงใหม่,7,ฝาง,เวียงฝาง,9,9,52,เครือข่ายชาวนาแห่งประเทศไทย,0
50,เชียงใหม่,7,ฝาง,เวียงฝาง,9,9,53,ไทยพิทักษ์ธรรม,0
50,เชียงใหม่,7,ฝาง,เวียงฝาง,9,9,54,ความหวังใหม่,0
50,เชียงใหม่,7,ฝาง,เวียงฝาง,9,9,55,ไทยรวมไทย,0
50,เชียงใหม่,7,ฝาง,เวียงฝาง,9,9,56,เพื่อบ้านเมือง,0
50,เชียงใหม่,7,ฝาง,เวียงฝาง,9,9,57,พลังไทยรักชาติ,0
50,เชียงใหม่,7,แม่อาย,ท่าตอน,1,1,1,ไทยทรัพย์ทวี,4
50,เชียงใหม่,7,แม่อาย,ท่าตอน,1,1,2,เพื่อชาติไทย,7
50,เชียงใหม่,7,แม่อาย,ท่าตอน,1,1,3,ใหม่,0
50,เชียงใหม่,7,แม่อาย,ท่าตอน,1,1,4,มิติใหม่,1
50,เชียงใหม่,7,แม่อาย,ท่าตอน,1,1,5,รวมใจไทย,6
50,เชียงใหม่,7,แม่อาย,ท่าตอน,1,1,6,รวมไทยสร้างชาติ,9
50,เชียงใหม่,7,แม่อาย,ท่าตอน,1,1,7,พลวัต,7
50,เชียงใหม่,7,แม่อาย,ท่าตอน,1,1,8,ประชาธิปไตยใหม่,2
50,เชียงใหม่,7,แม่อาย,ท่าตอน,1,1,9,เพื่อไทย,119
50,เชียงใหม่,7,แม่อาย,ท่าตอน,1,1,10,ทางเลือกใหม่,2
50,เชียงใหม่,7,แม่อาย,ท่าตอน,1,1,11,เศรษฐกิจ,18
50,เชียงใหม่,7,แม่อาย,ท่าตอน,1,1,12,เสรีรวมไทย,0
50,เชียงใหม่,7,แม่อาย,ท่าตอน,1,1,13,รวมพลังประชาชน,2
50,เชียงใหม่,7,แม่อาย,ท่าตอน,1,1,14,ท้องที่ไทย,2
50,เชียงใหม่,7,แม่อาย,ท่าตอน,1,1,15,อนาคตไทย,0
50,เชียงใหม่,7,แม่อาย,ท่าตอน,1,1,16,พลังเพื่อไทย,2
50,เชียงใหม่,7,แม่อาย,ท่าตอน,1,1,17,ไทยชนะ,0
50,เชียงใหม่,7,แม่อาย,ท่าตอน,1,1,18,พลังสังคมใหม่,0
50,เชียงใหม่,7,แม่อาย,ท่าตอน,1,1,19,สังคมประชาธิปไตย,0
50,เชียงใหม่,7,แม่อาย,ท่าตอน,1,1,20,ฟิวชัน,0
50,เชียงใหม่,7,แม่อาย,ท่าตอน,1,1,21,ไทยรวมพลัง,0
50,เชียงใหม่,7,แม่อาย,ท่าตอน,1,1,22,ก้าวอิสระ,2
50,เชียงใหม่,7,แม่อาย,ท่าตอน,1,1,23,ปวงชนไทย,1
50,เชียงใหม่,7,แม่อาย,ท่าตอน,1,1,24,วิชชั่นใหม่,0
50,เชียงใหม่,7,แม่อาย,ท่าตอน,1,1,25,เพื่อชีวิตใหม่,0
50,เชียงใหม่,7,แม่อาย,ท่าตอน,1,1,26,คลองไทย,0
50,เชียงใหม่,7,แม่อาย,ท่าตอน,1,1,27,ประชาธิปัตย์,5
50,เชียงใหม่,7,แม่อาย,ท่าตอน,1,1,28,ไทยก้าวหน้า,0
50,เชียงใหม่,7,แม่อาย,ท่าตอน,1,1,29,ไทยภักดี,1
50,เชียงใหม่,7,แม่อาย,ท่าตอน,1,1,30,แรงงานสร้างชาติ,1
50,เชียงใหม่,7,แม่อาย,ท่าตอน,1,1,31,ประชากรไทย,1
50,เชียงใหม่,7,แม่อาย,ท่าตอน,1,1,32,ครูไทยเพื่อประชาชน,0
50,เชียงใหม่,7,แม่อาย,ท่าตอน,1,1,33,ประชาชาติ,0
50,เชียงใหม่,7,แม่อาย,ท่าตอน,1,1,34,สร้างอนาคตไทย,3
50,เชียงใหม่,7,แม่อาย,ท่าตอน,1,1,35,รักชาติ,1
50,เชียงใหม่,7,แม่อาย,ท่าตอน,1,1,36,ไทยพร้อม,0
50,เชียงใหม่,7,แม่อาย,ท่าตอน,1,1,37,ภูมิใจไทย,34
50,เชียงใหม่,7,แม่อาย,ท่าตอน,1,1,38,พลังธรรมใหม่,0
50,เชียงใหม่,7,แม่อาย,ท่าตอน,1,1,39,กรีน,1
50,เชียงใหม่,7,แม่อาย,ท่าตอน,1,1,40,ไทยธรรม,1
50,เชียงใหม่,7,แม่อาย,ท่าตอน,1,1,41,แผ่นดินธรรม,1
50,เชียงใหม่,7,แม่อาย,ท่าตอน,1,1,42,กล้าธรรม,36
50,เชียงใหม่,7,แม่อาย,ท่าตอน,1,1,43,พลังประชารัฐ,10
50,เชียงใหม่,7,แม่อาย,ท่าตอน,1,1,44,โอกาสใหม่,0
50,เชียงใหม่,7,แม่อาย,ท่าตอน,1,1,45,เป็นธรรม,3
50,เชียงใหม่,7,แม่อาย,ท่าตอน,1,1,46,ประชาชน,107
50,เชียงใหม่,7,แม่อาย,ท่าตอน,1,1,47,ประชาไทย,0
50,เชียงใหม่,7,แม่อาย,ท่าตอน,1,1,48,ไทยสร้างไทย,0
50,เชียงใหม่,7,แม่อาย,ท่าตอน,1,1,49,ไทยก้าวใหม่,0
50,เชียงใหม่,7,แม่อาย,ท่าตอน,1,1,50,ประชาอาสาชาติ,0
50,เชียงใหม่,7,แม่อาย,ท่าตอน,1,1,51,พร้อม,2
50,เชียงใหม่,7,แม่อาย,ท่าตอน,1,1,52,เครือข่ายชาวนาแห่งประเทศไทย,0
50,เชียงใหม่,7,แม่อาย,ท่าตอน,1,1,53,ไทยพิทักษ์ธรรม,0
50,เชียงใหม่,7,แม่อาย,ท่าตอน,1,1,54,ความหวังใหม่,0
50,เชียงใหม่,7,แม่อาย,ท่าตอน,1,1,55,ไทยรวมไทย,1
50,เชียงใหม่,7,แม่อาย,ท่าตอน,1,1,56,เพื่อบ้านเมือง,0
50,เชียงใหม่,7,แม่อาย,ท่าตอน,1,1,57,พลังไทยรักชาติ,0
50,เชียงใหม่,7,แม่อาย,ท่าตอน,2,2,1,ไทยทรัพย์ทวี,2
50,เชียงใหม่,7,แม่อาย,ท่าตอน,2,2,2,เพื่อชาติไทย,3
50,เชียงใหม่,7,แม่อาย,ท่าตอน,2,2,3,ใหม่,0
50,เชียงใหม่,7,แม่อาย,ท่าตอน,2,2,4,มิติใหม่,1
50,เชียงใหม่,7,แม่อาย,ท่าตอน,2,2,5,รวมใจไทย,5
50,เชียงใหม่,7,แม่อาย,ท่าตอน,2,2,6,รวมไทยสร้างชาติ,0
50,เชียงใหม่,7,แม่อาย,ท่าตอน,2,2,7,พลวัต,4
50,เชียงใหม่,7,แม่อาย,ท่าตอน,2,2,8,ประชาธิปไตยใหม่,3
50,เชียงใหม่,7,แม่อาย,ท่าตอน,2,2,9,เพื่อไทย,44
50,เชียงใหม่,7,แม่อาย,ท่าตอน,2,2,10,ทางเลือกใหม่,0
50,เชียงใหม่,7,แม่อาย,ท่าตอน,2,2,11,เศรษฐกิจ,5
50,เชียงใหม่,7,แม่อาย,ท่าตอน,2,2,12,เสรีรวมไทย,7
50,เชียงใหม่,7,แม่อาย,ท่าตอน,2,2,13,รวมพลังประชาชน,2
50,เชียงใหม่,7,แม่อาย,ท่าตอน,2,2,14,ท้องที่ไทย,1
50,เชียงใหม่,7,แม่อาย,ท่าตอน,2,2,15,อนาคตไทย,0
50,เชียงใหม่,7,แม่อาย,ท่าตอน,2,2,16,พลังเพื่อไทย,1
50,เชียงใหม่,7,แม่อาย,ท่าตอน,2,2,17,ไทยชนะ,1
50,เชียงใหม่,7,แม่อาย,ท่าตอน,2,2,18,พลังสังคมใหม่,0
50,เชียงใหม่,7,แม่อาย,ท่าตอน,2,2,19,สังคมประชาธิปไตย,0
50,เชียงใหม่,7,แม่อาย,ท่าตอน,2,2,20,ฟิวชัน,0
50,เชียงใหม่,7,แม่อาย,ท่าตอน,2,2,21,ไทยรวมพลัง,0
50,เชียงใหม่,7,แม่อาย,ท่าตอน,2,2,22,ก้าวอิสระ,0
50,เชียงใหม่,7,แม่อาย,ท่าตอน,2,2,23,ปวงชนไทย,0
50,เชียงใหม่,7,แม่อาย,ท่าตอน,2,2,24,วิชชั่นใหม่,2
50,เชียงใหม่,7,แม่อาย,ท่าตอน,2,2,25,เพื่อชีวิตใหม่,0
50,เชียงใหม่,7,แม่อาย,ท่าตอน,2,2,26,คลองไทย,2
50,เชียงใหม่,7,แม่อาย,ท่าตอน,2,2,27,ประชาธิปัตย์,6
50,เชียงใหม่,7,แม่อาย,ท่าตอน,2,2,28,ไทยก้าวหน้า,1
50,เชียงใหม่,7,แม่อาย,ท่าตอน,2,2,29,ไทยภักดี,0
50,เชียงใหม่,7,แม่อาย,ท่าตอน,2,2,30,แรงงานสร้างชาติ,0
50,เชียงใหม่,7,แม่อาย,ท่าตอน,2,2,31,ประชากรไทย,0
50,เชียงใหม่,7,แม่อาย,ท่าตอน,2,2,32,ครูไทยเพื่อประชาชน,0
50,เชียงใหม่,7,แม่อาย,ท่าตอน,2,2,33,ประชาชาติ,1
50,เชียงใหม่,7,แม่อาย,ท่าตอน,2,2,34,สร้างอนาคตไทย,0
50,เชียงใหม่,7,แม่อาย,ท่าตอน,2,2,35,รักชาติ,0
50,เชียงใหม่,7,แม่อาย,ท่าตอน,2,2,36,ไทยพร้อม,0
50,เชียงใหม่,7,แม่อาย,ท่าตอน,2,2,37,ภูมิใจไทย,14
50,เชียงใหม่,7,แม่อาย,ท่าตอน,2,2,38,พลังธรรมใหม่,1
50,เชียงใหม่,7,แม่อาย,ท่าตอน,2,2,39,กรีน,0
50,เชียงใหม่,7,แม่อาย,ท่าตอน,2,2,40,ไทยธรรม,0
50,เชียงใหม่,7,แม่อาย,ท่าตอน,2,2,41,แผ่นดินธรรม,0
50,เชียงใหม่,7,แม่อาย,ท่าตอน,2,2,42,กล้าธรรม,32
50,เชียงใหม่,7,แม่อาย,ท่าตอน,2,2,43,พลังประชารัฐ,2
50,เชียงใหม่,7,แม่อาย,ท่าตอน,2,2,44,โอกาสใหม่,0
50,เชียงใหม่,7,แม่อาย,ท่าตอน,2,2,45,เป็นธรรม,0
50,เชียงใหม่,7,แม่อาย,ท่าตอน,2,2,46,ประชาชน,76
50,เชียงใหม่,7,แม่อาย,ท่าตอน,2,2,47,ประชาไทย,0
50,เชียงใหม่,7,แม่อาย,ท่าตอน,2,2,48,ไทยสร้างไทย,1
50,เชียงใหม่,7,แม่อาย,ท่าตอน,2,2,49,ไทยก้าวใหม่,0
50,เชียงใหม่,7,แม่อาย,ท่าตอน,2,2,50,ประชาอาสาชาติ,0
50,เชียงใหม่,7,แม่อาย,ท่าตอน,2,2,51,พร้อม,0
50,เชียงใหม่,7,แม่อาย,ท่าตอน,2,2,52,เครือข่ายชาวนาแห่งประเทศไทย,0
50,เชียงใหม่,7,แม่อาย,ท่าตอน,2,2,53,ไทยพิทักษ์ธรรม,0
50,เชียงใหม่,7,แม่อาย,ท่าตอน,2,2,54,ความหวังใหม่,2
50,เชียงใหม่,7,แม่อาย,ท่าตอน,2,2,55,ไทยรวมไทย,0
50,เชียงใหม่,7,แม่อาย,ท่าตอน,2,2,56,เพื่อบ้านเมือง,0
50,เชียงใหม่,7,แม่อาย,ท่าตอน,2,2,57,พลังไทยรักชาติ,0
50,เชียงใหม่,7,แม่อาย,ท่าตอน,2,3,1,ไทยทรัพย์ทวี,1
50,เชียงใหม่,7,แม่อาย,ท่าตอน,2,3,2,เพื่อชาติไทย,6
50,เชียงใหม่,7,แม่อาย,ท่าตอน,2,3,3,ใหม่,0
50,เชียงใหม่,7,แม่อาย,ท่าตอน,2,3,4,มิติใหม่,0
50,เชียงใหม่,7,แม่อาย,ท่าตอน,2,3,5,รวมใจไทย,6
50,เชียงใหม่,7,แม่อาย,ท่าตอน,2,3,6,รวมไทยสร้างชาติ,1
50,เชียงใหม่,7,แม่อาย,ท่าตอน,2,3,7,พลวัต,3
50,เชียงใหม่,7,แม่อาย,ท่าตอน,2,3,8,ประชาธิปไตยใหม่,0
50,เชียงใหม่,7,แม่อาย,ท่าตอน,2,3,9,เพื่อไทย,36
50,เชียงใหม่,7,แม่อาย,ท่าตอน,2,3,10,ทางเลือกใหม่,0
50,เชียงใหม่,7,แม่อาย,ท่าตอน,2,3,11,เศรษฐกิจ,6
50,เชียงใหม่,7,แม่อาย,ท่าตอน,2,3,12,เสรีรวมไทย,2
50,เชียงใหม่,7,แม่อาย,ท่าตอน,2,3,13,รวมพลังประชาชน,1
50,เชียงใหม่,7,แม่อาย,ท่าตอน,2,3,14,ท้องที่ไทย,0
50,เชียงใหม่,7,แม่อาย,ท่าตอน,2,3,15,อนาคตไทย,0
50,เชียงใหม่,7,แม่อาย,ท่าตอน,2,3,16,พลังเพื่อไทย,0
50,เชียงใหม่,7,แม่อาย,ท่าตอน,2,3,17,ไทยชนะ,0
50,เชียงใหม่,7,แม่อาย,ท่าตอน,2,3,18,พลังสังคมใหม่,0
50,เชียงใหม่,7,แม่อาย,ท่าตอน,2,3,19,สังคมประชาธิปไตย,0
50,เชียงใหม่,7,แม่อาย,ท่าตอน,2,3,20,ฟิวชัน,0
50,เชียงใหม่,7,แม่อาย,ท่าตอน,2,3,21,ไทยรวมพลัง,0
50,เชียงใหม่,7,แม่อาย,ท่าตอน,2,3,22,ก้าวอิสระ,1
50,เชียงใหม่,7,แม่อาย,ท่าตอน,2,3,23,ปวงชนไทย,0
50,เชียงใหม่,7,แม่อาย,ท่าตอน,2,3,24,วิชชั่นใหม่,2
50,เชียงใหม่,7,แม่อาย,ท่าตอน,2,3,25,เพื่อชีวิตใหม่,0
50,เชียงใหม่,7,แม่อาย,ท่าตอน,2,3,26,คลองไทย,1
50,เชียงใหม่,7,แม่อาย,ท่าตอน,2,3,27,ประชาธิปัตย์,12
50,เชียงใหม่,7,แม่อาย,ท่าตอน,2,3,28,ไทยก้าวหน้า,0
50,เชียงใหม่,7,แม่อาย,ท่าตอน,2,3,29,ไทยภักดี,0
50,เชียงใหม่,7,แม่อาย,ท่าตอน,2,3,30,แรงงานสร้างชาติ,1
50,เชียงใหม่,7,แม่อาย,ท่าตอน,2,3,31,ประชากรไทย,0
50,เชียงใหม่,7,แม่อาย,ท่าตอน,2,3,32,ครูไทยเพื่อประชาชน,0
50,เชียงใหม่,7,แม่อาย,ท่าตอน,2,3,33,ประชาชาติ,0
50,เชียงใหม่,7,แม่อาย,ท่าตอน,2,3,34,สร้างอนาคตไทย,2
50,เชียงใหม่,7,แม่อาย,ท่าตอน,2,3,35,รักชาติ,0
50,เชียงใหม่,7,แม่อาย,ท่าตอน,2,3,36,ไทยพร้อม,0
50,เชียงใหม่,7,แม่อาย,ท่าตอน,2,3,37,ภูมิใจไทย,30
50,เชียงใหม่,7,แม่อาย,ท่าตอน,2,3,38,พลังธรรมใหม่,0
50,เชียงใหม่,7,แม่อาย,ท่าตอน,2,3,39,กรีน,0
50,เชียงใหม่,7,แม่อาย,ท่าตอน,2,3,40,ไทยธรรม,0
50,เชียงใหม่,7,แม่อาย,ท่าตอน,2,3,41,แผ่นดินธรรม,1
50,เชียงใหม่,7,แม่อาย,ท่าตอน,2,3,42,กล้าธรรม,21
50,เชียงใหม่,7,แม่อาย,ท่าตอน,2,3,43,พลังประชารัฐ,6
50,เชียงใหม่,7,แม่อาย,ท่าตอน,2,3,44,โอกาสใหม่,0
50,เชียงใหม่,7,แม่อาย,ท่าตอน,2,3,45,เป็นธรรม,0
50,เชียงใหม่,7,แม่อาย,ท่าตอน,2,3,46,ประชาชน,89
50,เชียงใหม่,7,แม่อาย,ท่าตอน,2,3,47,ประชาไทย,0
50,เชียงใหม่,7,แม่อาย,ท่าตอน,2,3,48,ไทยสร้างไทย,0
50,เชียงใหม่,7,แม่อาย,ท่าตอน,2,3,49,ไทยก้าวใหม่,1
50,เชียงใหม่,7,แม่อาย,ท่าตอน,2,3,50,ประชาอาสาชาติ,0
50,เชียงใหม่,7,แม่อาย,ท่าตอน,2,3,51,พร้อม,0
50,เชียงใหม่,7,แม่อาย,ท่าตอน,2,3,52,เครือข่ายชาวนาแห่งประเทศไทย,0
50,เชียงใหม่,7,แม่อาย,ท่าตอน,2,3,53,ไทยพิทักษ์ธรรม,0
50,เชียงใหม่,7,แม่อาย,ท่าตอน,2,3,54,ความหวังใหม่,0
50,เชียงใหม่,7,แม่อาย,ท่าตอน,2,3,55,ไทยรวมไทย,0
50,เชียงใหม่,7,แม่อาย,ท่าตอน,2,3,56,เพื่อบ้านเมือง,0
50,เชียงใหม่,7,แม่อาย,ท่าตอน,2,3,57,พลังไทยรักชาติ,0
50,เชียงใหม่,7,แม่อาย,ท่าตอน,3,4,1,ไทยทรัพย์ทวี,5
50,เชียงใหม่,7,แม่อาย,ท่าตอน,3,4,2,เพื่อชาติไทย,7
50,เชียงใหม่,7,แม่อาย,ท่าตอน,3,4,3,ใหม่,1
50,เชียงใหม่,7,แม่อาย,ท่าตอน,3,4,4,มิติใหม่,3
50,เชียงใหม่,7,แม่อาย,ท่าตอน,3,4,5,รวมใจไทย,4
50,เชียงใหม่,7,แม่อาย,ท่าตอน,3,4,6,รวมไทยสร้างชาติ,4
50,เชียงใหม่,7,แม่อาย,ท่าตอน,3,4,7,พลวัต,6
50,เชียงใหม่,7,แม่อาย,ท่าตอน,3,4,8,ประชาธิปไตยใหม่,2
50,เชียงใหม่,7,แม่อาย,ท่าตอน,3,4,9,เพื่อไทย,60
50,เชียงใหม่,7,แม่อาย,ท่าตอน,3,4,10,ทางเลือกใหม่,1
50,เชียงใหม่,7,แม่อาย,ท่าตอน,3,4,11,เศรษฐกิจ,6
50,เชียงใหม่,7,แม่อาย,ท่าตอน,3,4,12,เสรีรวมไทย,3
50,เชียงใหม่,7,แม่อาย,ท่าตอน,3,4,13,รวมพลังประชาชน,6
50,เชียงใหม่,7,แม่อาย,ท่าตอน,3,4,14,ท้องที่ไทย,0
50,เชียงใหม่,7,แม่อาย,ท่าตอน,3,4,15,อนาคตไทย,0
50,เชียงใหม่,7,แม่อาย,ท่าตอน,3,4,16,พลังเพื่อไทย,2
50,เชียงใหม่,7,แม่อาย,ท่าตอน,3,4,17,ไทยชนะ,1
50,เชียงใหม่,7,แม่อาย,ท่าตอน,3,4,18,พลังสังคมใหม่,0
50,เชียงใหม่,7,แม่อาย,ท่าตอน,3,4,19,สังคมประชาธิปไตย,1
50,เชียงใหม่,7,แม่อาย,ท่าตอน,3,4,20,ฟิวชัน,0
50,เชียงใหม่,7,แม่อาย,ท่าตอน,3,4,21,ไทยรวมพลัง,0
50,เชียงใหม่,7,แม่อาย,ท่าตอน,3,4,22,ก้าวอิสระ,2
50,เชียงใหม่,7,แม่อาย,ท่าตอน,3,4,23,ปวงชนไทย,1
50,เชียงใหม่,7,แม่อาย,ท่าตอน,3,4,24,วิชชั่นใหม่,1
50,เชียงใหม่,7,แม่อาย,ท่าตอน,3,4,25,เพื่อชีวิตใหม่,0
50,เชียงใหม่,7,แม่อาย,ท่าตอน,3,4,26,คลองไทย,0
50,เชียงใหม่,7,แม่อาย,ท่าตอน,3,4,27,ประชาธิปัตย์,15
50,เชียงใหม่,7,แม่อาย,ท่าตอน,3,4,28,ไทยก้าวหน้า,0
50,เชียงใหม่,7,แม่อาย,ท่าตอน,3,4,29,ไทยภักดี,3
50,เชียงใหม่,7,แม่อาย,ท่าตอน,3,4,30,แรงงานสร้างชาติ,0
50,เชียงใหม่,7,แม่อาย,ท่าตอน,3,4,31,ประชากรไทย,0
50,เชียงใหม่,7,แม่อาย,ท่าตอน,3,4,32,ครูไทยเพื่อประชาชน,1
50,เชียงใหม่,7,แม่อาย,ท่าตอน,3,4,33,ประชาชาติ,0
50,เชียงใหม่,7,แม่อาย,ท่าตอน,3,4,34,สร้างอนาคตไทย,0
50,เชียงใหม่,7,แม่อาย,ท่าตอน,3,4,35,รักชาติ,0
50,เชียงใหม่,7,แม่อาย,ท่าตอน,3,4,36,ไทยพร้อม,0
50,เชียงใหม่,7,แม่อาย,ท่าตอน,3,4,37,ภูมิใจไทย,34
50,เชียงใหม่,7,แม่อาย,ท่าตอน,3,4,38,พลังธรรมใหม่,2
50,เชียงใหม่,7,แม่อาย,ท่าตอน,3,4,39,กรีน,0
50,เชียงใหม่,7,แม่อาย,ท่าตอน,3,4,40,ไทยธรรม,0
50,เชียงใหม่,7,แม่อาย,ท่าตอน,3,4,41,แผ่นดินธรรม,0
50,เชียงใหม่,7,แม่อาย,ท่าตอน,3,4,42,กล้าธรรม,9
50,เชียงใหม่,7,แม่อาย,ท่าตอน,3,4,43,พลังประชารัฐ,6
50,เชียงใหม่,7,แม่อาย,ท่าตอน,3,4,44,โอกาสใหม่,1
50,เชียงใหม่,7,แม่อาย,ท่าตอน,3,4,45,เป็นธรรม,0
50,เชียงใหม่,7,แม่อาย,ท่าตอน,3,4,46,ประชาชน,99
50,เชียงใหม่,7,แม่อาย,ท่าตอน,3,4,47,ประชาไทย,0
50,เชียงใหม่,7,แม่อาย,ท่าตอน,3,4,48,ไทยสร้างไทย,0
50,เชียงใหม่,7,แม่อาย,ท่าตอน,3,4,49,ไทยก้าวใหม่,0
50,เชียงใหม่,7,แม่อาย,ท่าตอน,3,4,50,ประชาอาสาชาติ,0
50,เชียงใหม่,7,แม่อาย,ท่าตอน,3,4,51,พร้อม,0
50,เชียงใหม่,7,แม่อาย,ท่าตอน,3,4,52,เครือข่ายชาวนาแห่งประเทศไทย,0
50,เชียงใหม่,7,แม่อาย,ท่าตอน,3,4,53,ไทยพิทักษ์ธรรม,0
50,เชียงใหม่,7,แม่อาย,ท่าตอน,3,4,54,ความหวังใหม่,0
50,เชียงใหม่,7,แม่อาย,ท่าตอน,3,4,55,ไทยรวมไทย,0
50,เชียงใหม่,7,แม่อาย,ท่าตอน,3,4,56,เพื่อบ้านเมือง,1
50,เชียงใหม่,7,แม่อาย,ท่าตอน,3,4,57,พลังไทยรักชาติ,1
50,เชียงใหม่,7,แม่อาย,ท่าตอน,3,5,1,ไทยทรัพย์ทวี,4
50,เชียงใหม่,7,แม่อาย,ท่าตอน,3,5,2,เพื่อชาติไทย,9
50,เชียงใหม่,7,แม่อาย,ท่าตอน,3,5,3,ใหม่,3
50,เชียงใหม่,7,แม่อาย,ท่าตอน,3,5,4,มิติใหม่,1
50,เชียงใหม่,7,แม่อาย,ท่าตอน,3,5,5,รวมใจไทย,24
50,เชียงใหม่,7,แม่อาย,ท่าตอน,3,5,6,รวมไทยสร้างชาติ,7
50,เชียงใหม่,7,แม่อาย,ท่าตอน,3,5,7,พลวัต,10
50,เชียงใหม่,7,แม่อาย,ท่าตอน,3,5,8,ประชาธิปไตยใหม่,1
50,เชียงใหม่,7,แม่อาย,ท่าตอน,3,5,9,เพื่อไทย,51
50,เชียงใหม่,7,แม่อาย,ท่าตอน,3,5,10,ทางเลือกใหม่,1
50,เชียงใหม่,7,แม่อาย,ท่าตอน,3,5,11,เศรษฐกิจ,6
50,เชียงใหม่,7,แม่อาย,ท่าตอน,3,5,12,เสรีรวมไทย,0
50,เชียงใหม่,7,แม่อาย,ท่าตอน,3,5,13,รวมพลังประชาชน,3
50,เชียงใหม่,7,แม่อาย,ท่าตอน,3,5,14,ท้องที่ไทย,1
50,เชียงใหม่,7,แม่อาย,ท่าตอน,3,5,15,อนาคตไทย,0
50,เชียงใหม่,7,แม่อาย,ท่าตอน,3,5,16,พลังเพื่อไทย,2
50,เชียงใหม่,7,แม่อาย,ท่าตอน,3,5,17,ไทยชนะ,4
50,เชียงใหม่,7,แม่อาย,ท่าตอน,3,5,18,พลังสังคมใหม่,1
50,เชียงใหม่,7,แม่อาย,ท่าตอน,3,5,19,สังคมประชาธิปไตย,0
50,เชียงใหม่,7,แม่อาย,ท่าตอน,3,5,20,ฟิวชัน,0
50,เชียงใหม่,7,แม่อาย,ท่าตอน,3,5,21,ไทยรวมพลัง,0
50,เชียงใหม่,7,แม่อาย,ท่าตอน,3,5,22,ก้าวอิสระ,0
50,เชียงใหม่,7,แม่อาย,ท่าตอน,3,5,23,ปวงชนไทย,0
50,เชียงใหม่,7,แม่อาย,ท่าตอน,3,5,24,วิชชั่นใหม่,1
50,เชียงใหม่,7,แม่อาย,ท่าตอน,3,5,25,เพื่อชีวิตใหม่,0
50,เชียงใหม่,7,แม่อาย,ท่าตอน,3,5,26,คลองไทย,2
50,เชียงใหม่,7,แม่อาย,ท่าตอน,3,5,27,ประชาธิปัตย์,29
50,เชียงใหม่,7,แม่อาย,ท่าตอน,3,5,28,ไทยก้าวหน้า,1
50,เชียงใหม่,7,แม่อาย,ท่าตอน,3,5,29,ไทยภักดี,5
50,เชียงใหม่,7,แม่อาย,ท่าตอน,3,5,30,แรงงานสร้างชาติ,1
50,เชียงใหม่,7,แม่อาย,ท่าตอน,3,5,31,ประชากรไทย,6
50,เชียงใหม่,7,แม่อาย,ท่าตอน,3,5,32,ครูไทยเพื่อประชาชน,0
50,เชียงใหม่,7,แม่อาย,ท่าตอน,3,5,33,ประชาชาติ,0
50,เชียงใหม่,7,แม่อาย,ท่าตอน,3,5,34,สร้างอนาคตไทย,2
50,เชียงใหม่,7,แม่อาย,ท่าตอน,3,5,35,รักชาติ,0
50,เชียงใหม่,7,แม่อาย,ท่าตอน,3,5,36,ไทยพร้อม,1
50,เชียงใหม่,7,แม่อาย,ท่าตอน,3,5,37,ภูมิใจไทย,38
50,เชียงใหม่,7,แม่อาย,ท่าตอน,3,5,38,พลังธรรมใหม่,1
50,เชียงใหม่,7,แม่อาย,ท่าตอน,3,5,39,กรีน,0
50,เชียงใหม่,7,แม่อาย,ท่าตอน,3,5,40,ไทยธรรม,0
50,เชียงใหม่,7,แม่อาย,ท่าตอน,3,5,41,แผ่นดินธรรม,0
50,เชียงใหม่,7,แม่อาย,ท่าตอน,3,5,42,กล้าธรรม,14
50,เชียงใหม่,7,แม่อาย,ท่าตอน,3,5,43,พลังประชารัฐ,8
50,เชียงใหม่,7,แม่อาย,ท่าตอน,3,5,44,โอกาสใหม่,0
50,เชียงใหม่,7,แม่อาย,ท่าตอน,3,5,45,เป็นธรรม,1
50,เชียงใหม่,7,แม่อาย,ท่าตอน,3,5,46,ประชาชน,107
50,เชียงใหม่,7,แม่อาย,ท่าตอน,3,5,47,ประชาไทย,2
50,เชียงใหม่,7,แม่อาย,ท่าตอน,3,5,48,ไทยสร้างไทย,0
50,เชียงใหม่,7,แม่อาย,ท่าตอน,3,5,49,ไทยก้าวใหม่,1
50,เชียงใหม่,7,แม่อาย,ท่าตอน,3,5,50,ประชาอาสาชาติ,0
50,เชียงใหม่,7,แม่อาย,ท่าตอน,3,5,51,พร้อม,1
50,เชียงใหม่,7,แม่อาย,ท่าตอน,3,5,52,เครือข่ายชาวนาแห่งประเทศไทย,0
50,เชียงใหม่,7,แม่อาย,ท่าตอน,3,5,53,ไทยพิทักษ์ธรรม,0
50,เชียงใหม่,7,แม่อาย,ท่าตอน,3,5,54,ความหวังใหม่,0
50,เชียงใหม่,7,แม่อาย,ท่าตอน,3,5,55,ไทยรวมไทย,2
50,เชียงใหม่,7,แม่อาย,ท่าตอน,3,5,56,เพื่อบ้านเมือง,0
50,เชียงใหม่,7,แม่อาย,ท่าตอน,3,5,57,พลังไทยรักชาติ,0
50,เชียงใหม่,7,แม่อาย,ท่าตอน,4,6,1,ไทยทรัพย์ทวี,6
50,เชียงใหม่,7,แม่อาย,ท่าตอน,4,6,2,เพื่อชาติไทย,14
50,เชียงใหม่,7,แม่อาย,ท่าตอน,4,6,3,ใหม่,4
50,เชียงใหม่,7,แม่อาย,ท่าตอน,4,6,4,มิติใหม่,4
50,เชียงใหม่,7,แม่อาย,ท่าตอน,4,6,5,รวมใจไทย,13
50,เชียงใหม่,7,แม่อาย,ท่าตอน,4,6,6,รวมไทยสร้างชาติ,9
50,เชียงใหม่,7,แม่อาย,ท่าตอน,4,6,7,พลวัต,13
50,เชียงใหม่,7,แม่อาย,ท่าตอน,4,6,8,ประชาธิปไตยใหม่,2
50,เชียงใหม่,7,แม่อาย,ท่าตอน,4,6,9,เพื่อไทย,74
50,เชียงใหม่,7,แม่อาย,ท่าตอน,4,6,10,ทางเลือกใหม่,4
50,เชียงใหม่,7,แม่อาย,ท่าตอน,4,6,11,เศรษฐกิจ,9
50,เชียงใหม่,7,แม่อาย,ท่าตอน,4,6,12,เสรีรวมไทย,2
50,เชียงใหม่,7,แม่อาย,ท่าตอน,4,6,13,รวมพลังประชาชน,2
50,เชียงใหม่,7,แม่อาย,ท่าตอน,4,6,14,ท้องที่ไทย,1
50,เชียงใหม่,7,แม่อาย,ท่าตอน,4,6,15,อนาคตไทย,0
50,เชียงใหม่,7,แม่อาย,ท่าตอน,4,6,16,พลังเพื่อไทย,2
50,เชียงใหม่,7,แม่อาย,ท่าตอน,4,6,17,ไทยชนะ,2
50,เชียงใหม่,7,แม่อาย,ท่าตอน,4,6,18,พลังสังคมใหม่,1
50,เชียงใหม่,7,แม่อาย,ท่าตอน,4,6,19,สังคมประชาธิปไตย,0
50,เชียงใหม่,7,แม่อาย,ท่าตอน,4,6,20,ฟิวชัน,0
50,เชียงใหม่,7,แม่อาย,ท่าตอน,4,6,21,ไทยรวมพลัง,1
50,เชียงใหม่,7,แม่อาย,ท่าตอน,4,6,22,ก้าวอิสระ,0
50,เชียงใหม่,7,แม่อาย,ท่าตอน,4,6,23,ปวงชนไทย,1
50,เชียงใหม่,7,แม่อาย,ท่าตอน,4,6,24,วิชชั่นใหม่,0
50,เชียงใหม่,7,แม่อาย,ท่าตอน,4,6,25,เพื่อชีวิตใหม่,0
50,เชียงใหม่,7,แม่อาย,ท่าตอน,4,6,26,คลองไทย,1
50,เชียงใหม่,7,แม่อาย,ท่าตอน,4,6,27,ประชาธิปัตย์,14
50,เชียงใหม่,7,แม่อาย,ท่าตอน,4,6,28,ไทยก้าวหน้า,0
50,เชียงใหม่,7,แม่อาย,ท่าตอน,4,6,29,ไทยภักดี,2
50,เชียงใหม่,7,แม่อาย,ท่าตอน,4,6,30,แรงงานสร้างชาติ,0
50,เชียงใหม่,7,แม่อาย,ท่าตอน,4,6,31,ประชากรไทย,0
50,เชียงใหม่,7,แม่อาย,ท่าตอน,4,6,32,ครูไทยเพื่อประชาชน,1
50,เชียงใหม่,7,แม่อาย,ท่าตอน,4,6,33,ประชาชาติ,0
50,เชียงใหม่,7,แม่อาย,ท่าตอน,4,6,34,สร้างอนาคตไทย,2
50,เชียงใหม่,7,แม่อาย,ท่าตอน,4,6,35,รักชาติ,1
50,เชียงใหม่,7,แม่อาย,ท่าตอน,4,6,36,ไทยพร้อม,2
50,เชียงใหม่,7,แม่อาย,ท่าตอน,4,6,37,ภูมิใจไทย,41
50,เชียงใหม่,7,แม่อาย,ท่าตอน,4,6,38,พลังธรรมใหม่,1
50,เชียงใหม่,7,แม่อาย,ท่าตอน,4,6,39,กรีน,0
50,เชียงใหม่,7,แม่อาย,ท่าตอน,4,6,40,ไทยธรรม,0
50,เชียงใหม่,7,แม่อาย,ท่าตอน,4,6,41,แผ่นดินธรรม,0
50,เชียงใหม่,7,แม่อาย,ท่าตอน,4,6,42,กล้าธรรม,16
50,เชียงใหม่,7,แม่อาย,ท่าตอน,4,6,43,พลังประชารัฐ,8
50,เชียงใหม่,7,แม่อาย,ท่าตอน,4,6,44,โอกาสใหม่,1
50,เชียงใหม่,7,แม่อาย,ท่าตอน,4,6,45,เป็นธรรม,1
50,เชียงใหม่,7,แม่อาย,ท่าตอน,4,6,46,ประชาชน,128
50,เชียงใหม่,7,แม่อาย,ท่าตอน,4,6,47,ประชาไทย,0
50,เชียงใหม่,7,แม่อาย,ท่าตอน,4,6,48,ไทยสร้างไทย,1
50,เชียงใหม่,7,แม่อาย,ท่าตอน,4,6,49,ไทยก้าวใหม่,0
50,เชียงใหม่,7,แม่อาย,ท่าตอน,4,6,50,ประชาอาสาชาติ,0
50,เชียงใหม่,7,แม่อาย,ท่าตอน,4,6,51,พร้อม,0
50,เชียงใหม่,7,แม่อาย,ท่าตอน,4,6,52,เครือข่ายชาวนาแห่งประเทศไทย,0
50,เชียงใหม่,7,แม่อาย,ท่าตอน,4,6,53,ไทยพิทักษ์ธรรม,0
50,เชียงใหม่,7,แม่อาย,ท่าตอน,4,6,54,ความหวังใหม่,0
50,เชียงใหม่,7,แม่อาย,ท่าตอน,4,6,55,ไทยรวมไทย,0
50,เชียงใหม่,7,แม่อาย,ท่าตอน,4,6,56,เพื่อบ้านเมือง,0
50,เชียงใหม่,7,แม่อาย,ท่าตอน,4,6,57,พลังไทยรักชาติ,0
50,เชียงใหม่,7,แม่อาย,ท่าตอน,5,7,1,ไทยทรัพย์ทวี,0
50,เชียงใหม่,7,แม่อาย,ท่าตอน,5,7,2,เพื่อชาติไทย,0
50,เชียงใหม่,7,แม่อาย,ท่าตอน,5,7,3,ใหม่,0
50,เชียงใหม่,7,แม่อาย,ท่าตอน,5,7,4,มิติใหม่,0
50,เชียงใหม่,7,แม่อาย,ท่าตอน,5,7,5,รวมใจไทย,1
50,เชียงใหม่,7,แม่อาย,ท่าตอน,5,7,6,รวมไทยสร้างชาติ,3
50,เชียงใหม่,7,แม่อาย,ท่าตอน,5,7,7,พลวัต,0
50,เชียงใหม่,7,แม่อาย,ท่าตอน,5,7,8,ประชาธิปไตยใหม่,0
50,เชียงใหม่,7,แม่อาย,ท่าตอน,5,7,9,เพื่อไทย,46
50,เชียงใหม่,7,แม่อาย,ท่าตอน,5,7,10,ทางเลือกใหม่,1
50,เชียงใหม่,7,แม่อาย,ท่าตอน,5,7,11,เศรษฐกิจ,3
50,เชียงใหม่,7,แม่อาย,ท่าตอน,5,7,12,เสรีรวมไทย,0
50,เชียงใหม่,7,แม่อาย,ท่าตอน,5,7,13,รวมพลังประชาชน,0
50,เชียงใหม่,7,แม่อาย,ท่าตอน,5,7,14,ท้องที่ไทย,0
50,เชียงใหม่,7,แม่อาย,ท่าตอน,5,7,15,อนาคตไทย,0
50,เชียงใหม่,7,แม่อาย,ท่าตอน,5,7,16,พลังเพื่อไทย,0
50,เชียงใหม่,7,แม่อาย,ท่าตอน,5,7,17,ไทยชนะ,0
50,เชียงใหม่,7,แม่อาย,ท่าตอน,5,7,18,พลังสังคมใหม่,0
50,เชียงใหม่,7,แม่อาย,ท่าตอน,5,7,19,สังคมประชาธิปไตย,0
50,เชียงใหม่,7,แม่อาย,ท่าตอน,5,7,20,ฟิวชัน,0
50,เชียงใหม่,7,แม่อาย,ท่าตอน,5,7,21,ไทยรวมพลัง,1
50,เชียงใหม่,7,แม่อาย,ท่าตอน,5,7,22,ก้าวอิสระ,0
50,เชียงใหม่,7,แม่อาย,ท่าตอน,5,7,23,ปวงชนไทย,0
50,เชียงใหม่,7,แม่อาย,ท่าตอน,5,7,24,วิชชั่นใหม่,0
50,เชียงใหม่,7,แม่อาย,ท่าตอน,5,7,25,เพื่อชีวิตใหม่,1
50,เชียงใหม่,7,แม่อาย,ท่าตอน,5,7,26,คลองไทย,0
50,เชียงใหม่,7,แม่อาย,ท่าตอน,5,7,27,ประชาธิปัตย์,7
50,เชียงใหม่,7,แม่อาย,ท่าตอน,5,7,28,ไทยก้าวหน้า,0
50,เชียงใหม่,7,แม่อาย,ท่าตอน,5,7,29,ไทยภักดี,0
50,เชียงใหม่,7,แม่อาย,ท่าตอน,5,7,30,แรงงานสร้างชาติ,0
50,เชียงใหม่,7,แม่อาย,ท่าตอน,5,7,31,ประชากรไทย,1
50,เชียงใหม่,7,แม่อาย,ท่าตอน,5,7,32,ครูไทยเพื่อประชาชน,0
50,เชียงใหม่,7,แม่อาย,ท่าตอน,5,7,33,ประชาชาติ,0
50,เชียงใหม่,7,แม่อาย,ท่าตอน,5,7,34,สร้างอนาคตไทย,0
50,เชียงใหม่,7,แม่อาย,ท่าตอน,5,7,35,รักชาติ,1
50,เชียงใหม่,7,แม่อาย,ท่าตอน,5,7,36,ไทยพร้อม,0
50,เชียงใหม่,7,แม่อาย,ท่าตอน,5,7,37,ภูมิใจไทย,4
50,เชียงใหม่,7,แม่อาย,ท่าตอน,5,7,38,พลังธรรมใหม่,1
50,เชียงใหม่,7,แม่อาย,ท่าตอน,5,7,39,กรีน,0
50,เชียงใหม่,7,แม่อาย,ท่าตอน,5,7,40,ไทยธรรม,0
50,เชียงใหม่,7,แม่อาย,ท่าตอน,5,7,41,แผ่นดินธรรม,0
50,เชียงใหม่,7,แม่อาย,ท่าตอน,5,7,42,กล้าธรรม,6
50,เชียงใหม่,7,แม่อาย,ท่าตอน,5,7,43,พลังประชารัฐ,1
50,เชียงใหม่,7,แม่อาย,ท่าตอน,5,7,44,โอกาสใหม่,0
50,เชียงใหม่,7,แม่อาย,ท่าตอน,5,7,45,เป็นธรรม,0
50,เชียงใหม่,7,แม่อาย,ท่าตอน,5,7,46,ประชาชน,27
50,เชียงใหม่,7,แม่อาย,ท่าตอน,5,7,47,ประชาไทย,0
50,เชียงใหม่,7,แม่อาย,ท่าตอน,5,7,48,ไทยสร้างไทย,0
50,เชียงใหม่,7,แม่อาย,ท่าตอน,5,7,49,ไทยก้าวใหม่,0
50,เชียงใหม่,7,แม่อาย,ท่าตอน,5,7,50,ประชาอาสาชาติ,0
50,เชียงใหม่,7,แม่อาย,ท่าตอน,5,7,51,พร้อม,0
50,เชียงใหม่,7,แม่อาย,ท่าตอน,5,7,52,เครือข่ายชาวนาแห่งประเทศไทย,0
50,เชียงใหม่,7,แม่อาย,ท่าตอน,5,7,53,ไทยพิทักษ์ธรรม,0
50,เชียงใหม่,7,แม่อาย,ท่าตอน,5,7,54,ความหวังใหม่,0
50,เชียงใหม่,7,แม่อาย,ท่าตอน,5,7,55,ไทยรวมไทย,0
50,เชียงใหม่,7,แม่อาย,ท่าตอน,5,7,56,เพื่อบ้านเมือง,0
50,เชียงใหม่,7,แม่อาย,ท่าตอน,5,7,57,พลังไทยรักชาติ,1
50,เชียงใหม่,7,แม่อาย,ท่าตอน,6,8,1,ไทยทรัพย์ทวี,2
50,เชียงใหม่,7,แม่อาย,ท่าตอน,6,8,2,เพื่อชาติไทย,2
50,เชียงใหม่,7,แม่อาย,ท่าตอน,6,8,3,ใหม่,1
50,เชียงใหม่,7,แม่อาย,ท่าตอน,6,8,4,มิติใหม่,1
50,เชียงใหม่,7,แม่อาย,ท่าตอน,6,8,5,รวมใจไทย,9
50,เชียงใหม่,7,แม่อาย,ท่าตอน,6,8,6,รวมไทยสร้างชาติ,2
50,เชียงใหม่,7,แม่อาย,ท่าตอน,6,8,7,พลวัต,4
50,เชียงใหม่,7,แม่อาย,ท่าตอน,6,8,8,ประชาธิปไตยใหม่,0
50,เชียงใหม่,7,แม่อาย,ท่าตอน,6,8,9,เพื่อไทย,22
50,เชียงใหม่,7,แม่อาย,ท่าตอน,6,8,10,ทางเลือกใหม่,2
50,เชียงใหม่,7,แม่อาย,ท่าตอน,6,8,11,เศรษฐกิจ,16
50,เชียงใหม่,7,แม่อาย,ท่าตอน,6,8,12,เสรีรวมไทย,1
50,เชียงใหม่,7,แม่อาย,ท่าตอน,6,8,13,รวมพลังประชาชน,2
50,เชียงใหม่,7,แม่อาย,ท่าตอน,6,8,14,ท้องที่ไทย,0
50,เชียงใหม่,7,แม่อาย,ท่าตอน,6,8,15,อนาคตไทย,0
50,เชียงใหม่,7,แม่อาย,ท่าตอน,6,8,16,พลังเพื่อไทย,0
50,เชียงใหม่,7,แม่อาย,ท่าตอน,6,8,17,ไทยชนะ,1
50,เชียงใหม่,7,แม่อาย,ท่าตอน,6,8,18,พลังสังคมใหม่,1
50,เชียงใหม่,7,แม่อาย,ท่าตอน,6,8,19,สังคมประชาธิปไตย,0
50,เชียงใหม่,7,แม่อาย,ท่าตอน,6,8,20,ฟิวชัน,0
50,เชียงใหม่,7,แม่อาย,ท่าตอน,6,8,21,ไทยรวมพลัง,1
50,เชียงใหม่,7,แม่อาย,ท่าตอน,6,8,22,ก้าวอิสระ,3
50,เชียงใหม่,7,แม่อาย,ท่าตอน,6,8,23,ปวงชนไทย,1
50,เชียงใหม่,7,แม่อาย,ท่าตอน,6,8,24,วิชชั่นใหม่,0
50,เชียงใหม่,7,แม่อาย,ท่าตอน,6,8,25,เพื่อชีวิตใหม่,0
50,เชียงใหม่,7,แม่อาย,ท่าตอน,6,8,26,คลองไทย,0
50,เชียงใหม่,7,แม่อาย,ท่าตอน,6,8,27,ประชาธิปัตย์,4
50,เชียงใหม่,7,แม่อาย,ท่าตอน,6,8,28,ไทยก้าวหน้า,0
50,เชียงใหม่,7,แม่อาย,ท่าตอน,6,8,29,ไทยภักดี,0
50,เชียงใหม่,7,แม่อาย,ท่าตอน,6,8,30,แรงงานสร้างชาติ,0
50,เชียงใหม่,7,แม่อาย,ท่าตอน,6,8,31,ประชากรไทย,0
50,เชียงใหม่,7,แม่อาย,ท่าตอน,6,8,32,ครูไทยเพื่อประชาชน,3
50,เชียงใหม่,7,แม่อาย,ท่าตอน,6,8,33,ประชาชาติ,0
50,เชียงใหม่,7,แม่อาย,ท่าตอน,6,8,34,สร้างอนาคตไทย,0
50,เชียงใหม่,7,แม่อาย,ท่าตอน,6,8,35,รักชาติ,0
50,เชียงใหม่,7,แม่อาย,ท่าตอน,6,8,36,ไทยพร้อม,1
50,เชียงใหม่,7,แม่อาย,ท่าตอน,6,8,37,ภูมิใจไทย,23
50,เชียงใหม่,7,แม่อาย,ท่าตอน,6,8,38,พลังธรรมใหม่,1
50,เชียงใหม่,7,แม่อาย,ท่าตอน,6,8,39,กรีน,1
50,เชียงใหม่,7,แม่อาย,ท่าตอน,6,8,40,ไทยธรรม,1
50,เชียงใหม่,7,แม่อาย,ท่าตอน,6,8,41,แผ่นดินธรรม,1
50,เชียงใหม่,7,แม่อาย,ท่าตอน,6,8,42,กล้าธรรม,46
50,เชียงใหม่,7,แม่อาย,ท่าตอน,6,8,43,พลังประชารัฐ,7
50,เชียงใหม่,7,แม่อาย,ท่าตอน,6,8,44,โอกาสใหม่,0
50,เชียงใหม่,7,แม่อาย,ท่าตอน,6,8,45,เป็นธรรม,2
50,เชียงใหม่,7,แม่อาย,ท่าตอน,6,8,46,ประชาชน,54
50,เชียงใหม่,7,แม่อาย,ท่าตอน,6,8,47,ประชาไทย,0
50,เชียงใหม่,7,แม่อาย,ท่าตอน,6,8,48,ไทยสร้างไทย,5
50,เชียงใหม่,7,แม่อาย,ท่าตอน,6,8,49,ไทยก้าวใหม่,0
50,เชียงใหม่,7,แม่อาย,ท่าตอน,6,8,50,ประชาอาสาชาติ,0
50,เชียงใหม่,7,แม่อาย,ท่าตอน,6,8,51,พร้อม,1
50,เชียงใหม่,7,แม่อาย,ท่าตอน,6,8,52,เครือข่ายชาวนาแห่งประเทศไทย,1
50,เชียงใหม่,7,แม่อาย,ท่าตอน,6,8,53,ไทยพิทักษ์ธรรม,1
50,เชียงใหม่,7,แม่อาย,ท่าตอน,6,8,54,ความหวังใหม่,0
50,เชียงใหม่,7,แม่อาย,ท่าตอน,6,8,55,ไทยรวมไทย,0
50,เชียงใหม่,7,แม่อาย,ท่าตอน,6,8,56,เพื่อบ้านเมือง,2
50,เชียงใหม่,7,แม่อาย,ท่าตอน,6,8,57,พลังไทยรักชาติ,0
50,เชียงใหม่,7,แม่อาย,ท่าตอน,7,9,1,ไทยทรัพย์ทวี,1
50,เชียงใหม่,7,แม่อาย,ท่าตอน,7,9,2,เพื่อชาติไทย,8
50,เชียงใหม่,7,แม่อาย,ท่าตอน,7,9,3,ใหม่,0
50,เชียงใหม่,7,แม่อาย,ท่าตอน,7,9,4,มิติใหม่,0
50,เชียงใหม่,7,แม่อาย,ท่าตอน,7,9,5,รวมใจไทย,15
50,เชียงใหม่,7,แม่อาย,ท่าตอน,7,9,6,รวมไทยสร้างชาติ,0
50,เชียงใหม่,7,แม่อาย,ท่าตอน,7,9,7,พลวัต,3
50,เชียงใหม่,7,แม่อาย,ท่าตอน,7,9,8,ประชาธิปไตยใหม่,2
50,เชียงใหม่,7,แม่อาย,ท่าตอน,7,9,9,เพื่อไทย,35
50,เชียงใหม่,7,แม่อาย,ท่าตอน,7,9,10,ทางเลือกใหม่,1
50,เชียงใหม่,7,แม่อาย,ท่าตอน,7,9,11,เศรษฐกิจ,7
50,เชียงใหม่,7,แม่อาย,ท่าตอน,7,9,12,เสรีรวมไทย,1
50,เชียงใหม่,7,แม่อาย,ท่าตอน,7,9,13,รวมพลังประชาชน,2
50,เชียงใหม่,7,แม่อาย,ท่าตอน,7,9,14,ท้องที่ไทย,0
50,เชียงใหม่,7,แม่อาย,ท่าตอน,7,9,15,อนาคตไทย,0
50,เชียงใหม่,7,แม่อาย,ท่าตอน,7,9,16,พลังเพื่อไทย,0
50,เชียงใหม่,7,แม่อาย,ท่าตอน,7,9,17,ไทยชนะ,0
50,เชียงใหม่,7,แม่อาย,ท่าตอน,7,9,18,พลังสังคมใหม่,0
50,เชียงใหม่,7,แม่อาย,ท่าตอน,7,9,19,สังคมประชาธิปไตย,0
50,เชียงใหม่,7,แม่อาย,ท่าตอน,7,9,20,ฟิวชัน,0
50,เชียงใหม่,7,แม่อาย,ท่าตอน,7,9,21,ไทยรวมพลัง,0
50,เชียงใหม่,7,แม่อาย,ท่าตอน,7,9,22,ก้าวอิสระ,0
50,เชียงใหม่,7,แม่อาย,ท่าตอน,7,9,23,ปวงชนไทย,1
50,เชียงใหม่,7,แม่อาย,ท่าตอน,7,9,24,วิชชั่นใหม่,1
50,เชียงใหม่,7,แม่อาย,ท่าตอน,7,9,25,เพื่อชีวิตใหม่,0
50,เชียงใหม่,7,แม่อาย,ท่าตอน,7,9,26,คลองไทย,0
50,เชียงใหม่,7,แม่อาย,ท่าตอน,7,9,27,ประชาธิปัตย์,7
50,เชียงใหม่,7,แม่อาย,ท่าตอน,7,9,28,ไทยก้าวหน้า,1
50,เชียงใหม่,7,แม่อาย,ท่าตอน,7,9,29,ไทยภักดี,0
50,เชียงใหม่,7,แม่อาย,ท่าตอน,7,9,30,แรงงานสร้างชาติ,1
50,เชียงใหม่,7,แม่อาย,ท่าตอน,7,9,31,ประชากรไทย,1
50,เชียงใหม่,7,แม่อาย,ท่าตอน,7,9,32,ครูไทยเพื่อประชาชน,0
50,เชียงใหม่,7,แม่อาย,ท่าตอน,7,9,33,ประชาชาติ,0
50,เชียงใหม่,7,แม่อาย,ท่าตอน,7,9,34,สร้างอนาคตไทย,1
50,เชียงใหม่,7,แม่อาย,ท่าตอน,7,9,35,รักชาติ,1
50,เชียงใหม่,7,แม่อาย,ท่าตอน,7,9,36,ไทยพร้อม,0
50,เชียงใหม่,7,แม่อาย,ท่าตอน,7,9,37,ภูมิใจไทย,29
50,เชียงใหม่,7,แม่อาย,ท่าตอน,7,9,38,พลังธรรมใหม่,4
50,เชียงใหม่,7,แม่อาย,ท่าตอน,7,9,39,กรีน,0
50,เชียงใหม่,7,แม่อาย,ท่าตอน,7,9,40,ไทยธรรม,0
50,เชียงใหม่,7,แม่อาย,ท่าตอน,7,9,41,แผ่นดินธรรม,1
50,เชียงใหม่,7,แม่อาย,ท่าตอน,7,9,42,กล้าธรรม,27
50,เชียงใหม่,7,แม่อาย,ท่าตอน,7,9,43,พลังประชารัฐ,3
50,เชียงใหม่,7,แม่อาย,ท่าตอน,7,9,44,โอกาสใหม่,1
50,เชียงใหม่,7,แม่อาย,ท่าตอน,7,9,45,เป็นธรรม,0
50,เชียงใหม่,7,แม่อาย,ท่าตอน,7,9,46,ประชาชน,57
50,เชียงใหม่,7,แม่อาย,ท่าตอน,7,9,47,ประชาไทย,0
50,เชียงใหม่,7,แม่อาย,ท่าตอน,7,9,48,ไทยสร้างไทย,0
50,เชียงใหม่,7,แม่อาย,ท่าตอน,7,9,49,ไทยก้าวใหม่,0
50,เชียงใหม่,7,แม่อาย,ท่าตอน,7,9,50,ประชาอาสาชาติ,0
50,เชียงใหม่,7,แม่อาย,ท่าตอน,7,9,51,พร้อม,0
50,เชียงใหม่,7,แม่อาย,ท่าตอน,7,9,52,เครือข่ายชาวนาแห่งประเทศไทย,0
50,เชียงใหม่,7,แม่อาย,ท่าตอน,7,9,53,ไทยพิทักษ์ธรรม,0
50,เชียงใหม่,7,แม่อาย,ท่าตอน,7,9,54,ความหวังใหม่,0
50,เชียงใหม่,7,แม่อาย,ท่าตอน,7,9,55,ไทยรวมไทย,0
50,เชียงใหม่,7,แม่อาย,ท่าตอน,7,9,56,เพื่อบ้านเมือง,0
50,เชียงใหม่,7,แม่อาย,ท่าตอน,7,9,57,พลังไทยรักชาติ,0
50,เชียงใหม่,7,แม่อาย,ท่าตอน,7,10,1,ไทยทรัพย์ทวี,5
50,เชียงใหม่,7,แม่อาย,ท่าตอน,7,10,2,เพื่อชาติไทย,4
50,เชียงใหม่,7,แม่อาย,ท่าตอน,7,10,3,ใหม่,0
50,เชียงใหม่,7,แม่อาย,ท่าตอน,7,10,4,มิติใหม่,0
50,เชียงใหม่,7,แม่อาย,ท่าตอน,7,10,5,รวมใจไทย,2
50,เชียงใหม่,7,แม่อาย,ท่าตอน,7,10,6,รวมไทยสร้างชาติ,4
50,เชียงใหม่,7,แม่อาย,ท่าตอน,7,10,7,พลวัต,4
50,เชียงใหม่,7,แม่อาย,ท่าตอน,7,10,8,ประชาธิปไตยใหม่,1
50,เชียงใหม่,7,แม่อาย,ท่าตอน,7,10,9,เพื่อไทย,31
50,เชียงใหม่,7,แม่อาย,ท่าตอน,7,10,10,ทางเลือกใหม่,1
50,เชียงใหม่,7,แม่อาย,ท่าตอน,7,10,11,เศรษฐกิจ,8
50,เชียงใหม่,7,แม่อาย,ท่าตอน,7,10,12,เสรีรวมไทย,2
50,เชียงใหม่,7,แม่อาย,ท่าตอน,7,10,13,รวมพลังประชาชน,2
50,เชียงใหม่,7,แม่อาย,ท่าตอน,7,10,14,ท้องที่ไทย,0
50,เชียงใหม่,7,แม่อาย,ท่าตอน,7,10,15,อนาคตไทย,0
50,เชียงใหม่,7,แม่อาย,ท่าตอน,7,10,16,พลังเพื่อไทย,2
50,เชียงใหม่,7,แม่อาย,ท่าตอน,7,10,17,ไทยชนะ,0
50,เชียงใหม่,7,แม่อาย,ท่าตอน,7,10,18,พลังสังคมใหม่,0
50,เชียงใหม่,7,แม่อาย,ท่าตอน,7,10,19,สังคมประชาธิปไตย,0
50,เชียงใหม่,7,แม่อาย,ท่าตอน,7,10,20,ฟิวชัน,0
50,เชียงใหม่,7,แม่อาย,ท่าตอน,7,10,21,ไทยรวมพลัง,2
50,เชียงใหม่,7,แม่อาย,ท่าตอน,7,10,22,ก้าวอิสระ,0
50,เชียงใหม่,7,แม่อาย,ท่าตอน,7,10,23,ปวงชนไทย,0
50,เชียงใหม่,7,แม่อาย,ท่าตอน,7,10,24,วิชชั่นใหม่,1
50,เชียงใหม่,7,แม่อาย,ท่าตอน,7,10,25,เพื่อชีวิตใหม่,0
50,เชียงใหม่,7,แม่อาย,ท่าตอน,7,10,26,คลองไทย,0
50,เชียงใหม่,7,แม่อาย,ท่าตอน,7,10,27,ประชาธิปัตย์,4
50,เชียงใหม่,7,แม่อาย,ท่าตอน,7,10,28,ไทยก้าวหน้า,3
50,เชียงใหม่,7,แม่อาย,ท่าตอน,7,10,29,ไทยภักดี,1
50,เชียงใหม่,7,แม่อาย,ท่าตอน,7,10,30,แรงงานสร้างชาติ,0
50,เชียงใหม่,7,แม่อาย,ท่าตอน,7,10,31,ประชากรไทย,0
50,เชียงใหม่,7,แม่อาย,ท่าตอน,7,10,32,ครูไทยเพื่อประชาชน,1
50,เชียงใหม่,7,แม่อาย,ท่าตอน,7,10,33,ประชาชาติ,0
50,เชียงใหม่,7,แม่อาย,ท่าตอน,7,10,34,สร้างอนาคตไทย,2
50,เชียงใหม่,7,แม่อาย,ท่าตอน,7,10,35,รักชาติ,1
50,เชียงใหม่,7,แม่อาย,ท่าตอน,7,10,36,ไทยพร้อม,1
50,เชียงใหม่,7,แม่อาย,ท่าตอน,7,10,37,ภูมิใจไทย,22
50,เชียงใหม่,7,แม่อาย,ท่าตอน,7,10,38,พลังธรรมใหม่,0
50,เชียงใหม่,7,แม่อาย,ท่าตอน,7,10,39,กรีน,1
50,เชียงใหม่,7,แม่อาย,ท่าตอน,7,10,40,ไทยธรรม,0
50,เชียงใหม่,7,แม่อาย,ท่าตอน,7,10,41,แผ่นดินธรรม,0
50,เชียงใหม่,7,แม่อาย,ท่าตอน,7,10,42,กล้าธรรม,23
50,เชียงใหม่,7,แม่อาย,ท่าตอน,7,10,43,พลังประชารัฐ,8
50,เชียงใหม่,7,แม่อาย,ท่าตอน,7,10,44,โอกาสใหม่,0
50,เชียงใหม่,7,แม่อาย,ท่าตอน,7,10,45,เป็นธรรม,0
50,เชียงใหม่,7,แม่อาย,ท่าตอน,7,10,46,ประชาชน,84
50,เชียงใหม่,7,แม่อาย,ท่าตอน,7,10,47,ประชาไทย,2
50,เชียงใหม่,7,แม่อาย,ท่าตอน,7,10,48,ไทยสร้างไทย,1
50,เชียงใหม่,7,แม่อาย,ท่าตอน,7,10,49,ไทยก้าวใหม่,0
50,เชียงใหม่,7,แม่อาย,ท่าตอน,7,10,50,ประชาอาสาชาติ,0
50,เชียงใหม่,7,แม่อาย,ท่าตอน,7,10,51,พร้อม,2
50,เชียงใหม่,7,แม่อาย,ท่าตอน,7,10,52,เครือข่ายชาวนาแห่งประเทศไทย,0
50,เชียงใหม่,7,แม่อาย,ท่าตอน,7,10,53,ไทยพิทักษ์ธรรม,0
50,เชียงใหม่,7,แม่อาย,ท่าตอน,7,10,54,ความหวังใหม่,0
50,เชียงใหม่,7,แม่อาย,ท่าตอน,7,10,55,ไทยรวมไทย,0
50,เชียงใหม่,7,แม่อาย,ท่าตอน,7,10,56,เพื่อบ้านเมือง,0
50,เชียงใหม่,7,แม่อาย,ท่าตอน,7,10,57,พลังไทยรักชาติ,0
50,เชียงใหม่,7,แม่อาย,ท่าตอน,8,11,1,ไทยทรัพย์ทวี,1
50,เชียงใหม่,7,แม่อาย,ท่าตอน,8,11,2,เพื่อชาติไทย,6
50,เชียงใหม่,7,แม่อาย,ท่าตอน,8,11,3,ใหม่,0
50,เชียงใหม่,7,แม่อาย,ท่าตอน,8,11,4,มิติใหม่,0
50,เชียงใหม่,7,แม่อาย,ท่าตอน,8,11,5,รวมใจไทย,10
50,เชียงใหม่,7,แม่อาย,ท่าตอน,8,11,6,รวมไทยสร้างชาติ,10
50,เชียงใหม่,7,แม่อาย,ท่าตอน,8,11,7,พลวัต,7
50,เชียงใหม่,7,แม่อาย,ท่าตอน,8,11,8,ประชาธิปไตยใหม่,2
50,เชียงใหม่,7,แม่อาย,ท่าตอน,8,11,9,เพื่อไทย,47
50,เชียงใหม่,7,แม่อาย,ท่าตอน,8,11,10,ทางเลือกใหม่,1
50,เชียงใหม่,7,แม่อาย,ท่าตอน,8,11,11,เศรษฐกิจ,10
50,เชียงใหม่,7,แม่อาย,ท่าตอน,8,11,12,เสรีรวมไทย,3
50,เชียงใหม่,7,แม่อาย,ท่าตอน,8,11,13,รวมพลังประชาชน,2
50,เชียงใหม่,7,แม่อาย,ท่าตอน,8,11,14,ท้องที่ไทย,0
50,เชียงใหม่,7,แม่อาย,ท่าตอน,8,11,15,อนาคตไทย,0
50,เชียงใหม่,7,แม่อาย,ท่าตอน,8,11,16,พลังเพื่อไทย,0
50,เชียงใหม่,7,แม่อาย,ท่าตอน,8,11,17,ไทยชนะ,0
50,เชียงใหม่,7,แม่อาย,ท่าตอน,8,11,18,พลังสังคมใหม่,0
50,เชียงใหม่,7,แม่อาย,ท่าตอน,8,11,19,สังคมประชาธิปไตย,0
50,เชียงใหม่,7,แม่อาย,ท่าตอน,8,11,20,ฟิวชัน,0
50,เชียงใหม่,7,แม่อาย,ท่าตอน,8,11,21,ไทยรวมพลัง,0
50,เชียงใหม่,7,แม่อาย,ท่าตอน,8,11,22,ก้าวอิสระ,0
50,เชียงใหม่,7,แม่อาย,ท่าตอน,8,11,23,ปวงชนไทย,0
50,เชียงใหม่,7,แม่อาย,ท่าตอน,8,11,24,วิชชั่นใหม่,0
50,เชียงใหม่,7,แม่อาย,ท่าตอน,8,11,25,เพื่อชีวิตใหม่,0
50,เชียงใหม่,7,แม่อาย,ท่าตอน,8,11,26,คลองไทย,0
50,เชียงใหม่,7,แม่อาย,ท่าตอน,8,11,27,ประชาธิปัตย์,6
50,เชียงใหม่,7,แม่อาย,ท่าตอน,8,11,28,ไทยก้าวหน้า,0
50,เชียงใหม่,7,แม่อาย,ท่าตอน,8,11,29,ไทยภักดี,2
50,เชียงใหม่,7,แม่อาย,ท่าตอน,8,11,30,แรงงานสร้างชาติ,0
50,เชียงใหม่,7,แม่อาย,ท่าตอน,8,11,31,ประชากรไทย,2
50,เชียงใหม่,7,แม่อาย,ท่าตอน,8,11,32,ครูไทยเพื่อประชาชน,1
50,เชียงใหม่,7,แม่อาย,ท่าตอน,8,11,33,ประชาชาติ,0
50,เชียงใหม่,7,แม่อาย,ท่าตอน,8,11,34,สร้างอนาคตไทย,0
50,เชียงใหม่,7,แม่อาย,ท่าตอน,8,11,35,รักชาติ,3
50,เชียงใหม่,7,แม่อาย,ท่าตอน,8,11,36,ไทยพร้อม,0
50,เชียงใหม่,7,แม่อาย,ท่าตอน,8,11,37,ภูมิใจไทย,20
50,เชียงใหม่,7,แม่อาย,ท่าตอน,8,11,38,พลังธรรมใหม่,1
50,เชียงใหม่,7,แม่อาย,ท่าตอน,8,11,39,กรีน,0
50,เชียงใหม่,7,แม่อาย,ท่าตอน,8,11,40,ไทยธรรม,0
50,เชียงใหม่,7,แม่อาย,ท่าตอน,8,11,41,แผ่นดินธรรม,0
50,เชียงใหม่,7,แม่อาย,ท่าตอน,8,11,42,กล้าธรรม,13
50,เชียงใหม่,7,แม่อาย,ท่าตอน,8,11,43,พลังประชารัฐ,4
50,เชียงใหม่,7,แม่อาย,ท่าตอน,8,11,44,โอกาสใหม่,0
50,เชียงใหม่,7,แม่อาย,ท่าตอน,8,11,45,เป็นธรรม,0
50,เชียงใหม่,7,แม่อาย,ท่าตอน,8,11,46,ประชาชน,68
50,เชียงใหม่,7,แม่อาย,ท่าตอน,8,11,47,ประชาไทย,3
50,เชียงใหม่,7,แม่อาย,ท่าตอน,8,11,48,ไทยสร้างไทย,5
50,เชียงใหม่,7,แม่อาย,ท่าตอน,8,11,49,ไทยก้าวใหม่,2
50,เชียงใหม่,7,แม่อาย,ท่าตอน,8,11,50,ประชาอาสาชาติ,0
50,เชียงใหม่,7,แม่อาย,ท่าตอน,8,11,51,พร้อม,0
50,เชียงใหม่,7,แม่อาย,ท่าตอน,8,11,52,เครือข่ายชาวนาแห่งประเทศไทย,0
50,เชียงใหม่,7,แม่อาย,ท่าตอน,8,11,53,ไทยพิทักษ์ธรรม,1
50,เชียงใหม่,7,แม่อาย,ท่าตอน,8,11,54,ความหวังใหม่,0
50,เชียงใหม่,7,แม่อาย,ท่าตอน,8,11,55,ไทยรวมไทย,0
50,เชียงใหม่,7,แม่อาย,ท่าตอน,8,11,56,เพื่อบ้านเมือง,0
50,เชียงใหม่,7,แม่อาย,ท่าตอน,8,11,57,พลังไทยรักชาติ,2
50,เชียงใหม่,7,แม่อาย,ท่าตอน,8,12,1,ไทยทรัพย์ทวี,4
50,เชียงใหม่,7,แม่อาย,ท่าตอน,8,12,2,เพื่อชาติไทย,3
50,เชียงใหม่,7,แม่อาย,ท่าตอน,8,12,3,ใหม่,2
50,เชียงใหม่,7,แม่อาย,ท่าตอน,8,12,4,มิติใหม่,0
50,เชียงใหม่,7,แม่อาย,ท่าตอน,8,12,5,รวมใจไทย,15
50,เชียงใหม่,7,แม่อาย,ท่าตอน,8,12,6,รวมไทยสร้างชาติ,8
50,เชียงใหม่,7,แม่อาย,ท่าตอน,8,12,7,พลวัต,8
50,เชียงใหม่,7,แม่อาย,ท่าตอน,8,12,8,ประชาธิปไตยใหม่,1
50,เชียงใหม่,7,แม่อาย,ท่าตอน,8,12,9,เพื่อไทย,27
50,เชียงใหม่,7,แม่อาย,ท่าตอน,8,12,10,ทางเลือกใหม่,2
50,เชียงใหม่,7,แม่อาย,ท่าตอน,8,12,11,เศรษฐกิจ,8
50,เชียงใหม่,7,แม่อาย,ท่าตอน,8,12,12,เสรีรวมไทย,3
50,เชียงใหม่,7,แม่อาย,ท่าตอน,8,12,13,รวมพลังประชาชน,2
50,เชียงใหม่,7,แม่อาย,ท่าตอน,8,12,14,ท้องที่ไทย,1
50,เชียงใหม่,7,แม่อาย,ท่าตอน,8,12,15,อนาคตไทย,1
50,เชียงใหม่,7,แม่อาย,ท่าตอน,8,12,16,พลังเพื่อไทย,0
50,เชียงใหม่,7,แม่อาย,ท่าตอน,8,12,17,ไทยชนะ,0
50,เชียงใหม่,7,แม่อาย,ท่าตอน,8,12,18,พลังสังคมใหม่,0
50,เชียงใหม่,7,แม่อาย,ท่าตอน,8,12,19,สังคมประชาธิปไตย,1
50,เชียงใหม่,7,แม่อาย,ท่าตอน,8,12,20,ฟิวชัน,0
50,เชียงใหม่,7,แม่อาย,ท่าตอน,8,12,21,ไทยรวมพลัง,0
50,เชียงใหม่,7,แม่อาย,ท่าตอน,8,12,22,ก้าวอิสระ,0
50,เชียงใหม่,7,แม่อาย,ท่าตอน,8,12,23,ปวงชนไทย,0
50,เชียงใหม่,7,แม่อาย,ท่าตอน,8,12,24,วิชชั่นใหม่,2
50,เชียงใหม่,7,แม่อาย,ท่าตอน,8,12,25,เพื่อชีวิตใหม่,0
50,เชียงใหม่,7,แม่อาย,ท่าตอน,8,12,26,คลองไทย,1
50,เชียงใหม่,7,แม่อาย,ท่าตอน,8,12,27,ประชาธิปัตย์,6
50,เชียงใหม่,7,แม่อาย,ท่าตอน,8,12,28,ไทยก้าวหน้า,0
50,เชียงใหม่,7,แม่อาย,ท่าตอน,8,12,29,ไทยภักดี,1
50,เชียงใหม่,7,แม่อาย,ท่าตอน,8,12,30,แรงงานสร้างชาติ,0
50,เชียงใหม่,7,แม่อาย,ท่าตอน,8,12,31,ประชากรไทย,0
50,เชียงใหม่,7,แม่อาย,ท่าตอน,8,12,32,ครูไทยเพื่อประชาชน,0
50,เชียงใหม่,7,แม่อาย,ท่าตอน,8,12,33,ประชาชาติ,1
50,เชียงใหม่,7,แม่อาย,ท่าตอน,8,12,34,สร้างอนาคตไทย,2
50,เชียงใหม่,7,แม่อาย,ท่าตอน,8,12,35,รักชาติ,0
50,เชียงใหม่,7,แม่อาย,ท่าตอน,8,12,36,ไทยพร้อม,0
50,เชียงใหม่,7,แม่อาย,ท่าตอน,8,12,37,ภูมิใจไทย,19
50,เชียงใหม่,7,แม่อาย,ท่าตอน,8,12,38,พลังธรรมใหม่,0
50,เชียงใหม่,7,แม่อาย,ท่าตอน,8,12,39,กรีน,0
50,เชียงใหม่,7,แม่อาย,ท่าตอน,8,12,40,ไทยธรรม,2
50,เชียงใหม่,7,แม่อาย,ท่าตอน,8,12,41,แผ่นดินธรรม,0
50,เชียงใหม่,7,แม่อาย,ท่าตอน,8,12,42,กล้าธรรม,20
50,เชียงใหม่,7,แม่อาย,ท่าตอน,8,12,43,พลังประชารัฐ,3
50,เชียงใหม่,7,แม่อาย,ท่าตอน,8,12,44,โอกาสใหม่,0
50,เชียงใหม่,7,แม่อาย,ท่าตอน,8,12,45,เป็นธรรม,2
50,เชียงใหม่,7,แม่อาย,ท่าตอน,8,12,46,ประชาชน,104
50,เชียงใหม่,7,แม่อาย,ท่าตอน,8,12,47,ประชาไทย,1
50,เชียงใหม่,7,แม่อาย,ท่าตอน,8,12,48,ไทยสร้างไทย,2
50,เชียงใหม่,7,แม่อาย,ท่าตอน,8,12,49,ไทยก้าวใหม่,1
50,เชียงใหม่,7,แม่อาย,ท่าตอน,8,12,50,ประชาอาสาชาติ,0
50,เชียงใหม่,7,แม่อาย,ท่าตอน,8,12,51,พร้อม,0
50,เชียงใหม่,7,แม่อาย,ท่าตอน,8,12,52,เครือข่ายชาวนาแห่งประเทศไทย,0
50,เชียงใหม่,7,แม่อาย,ท่าตอน,8,12,53,ไทยพิทักษ์ธรรม,0
50,เชียงใหม่,7,แม่อาย,ท่าตอน,8,12,54,ความหวังใหม่,0
50,เชียงใหม่,7,แม่อาย,ท่าตอน,8,12,55,ไทยรวมไทย,0
50,เชียงใหม่,7,แม่อาย,ท่าตอน,8,12,56,เพื่อบ้านเมือง,0
50,เชียงใหม่,7,แม่อาย,ท่าตอน,8,12,57,พลังไทยรักชาติ,1
50,เชียงใหม่,7,แม่อาย,ท่าตอน,9,13,1,ไทยทรัพย์ทวี,1
50,เชียงใหม่,7,แม่อาย,ท่าตอน,9,13,2,เพื่อชาติไทย,12
50,เชียงใหม่,7,แม่อาย,ท่าตอน,9,13,3,ใหม่,1
50,เชียงใหม่,7,แม่อาย,ท่าตอน,9,13,4,มิติใหม่,1
50,เชียงใหม่,7,แม่อาย,ท่าตอน,9,13,5,รวมใจไทย,2
50,เชียงใหม่,7,แม่อาย,ท่าตอน,9,13,6,รวมไทยสร้างชาติ,15
50,เชียงใหม่,7,แม่อาย,ท่าตอน,9,13,7,พลวัต,9
50,เชียงใหม่,7,แม่อาย,ท่าตอน,9,13,8,ประชาธิปไตยใหม่,2
50,เชียงใหม่,7,แม่อาย,ท่าตอน,9,13,9,เพื่อไทย,117
50,เชียงใหม่,7,แม่อาย,ท่าตอน,9,13,10,ทางเลือกใหม่,3
50,เชียงใหม่,7,แม่อาย,ท่าตอน,9,13,11,เศรษฐกิจ,7
50,เชียงใหม่,7,แม่อาย,ท่าตอน,9,13,12,เสรีรวมไทย,1
50,เชียงใหม่,7,แม่อาย,ท่าตอน,9,13,13,รวมพลังประชาชน,1
50,เชียงใหม่,7,แม่อาย,ท่าตอน,9,13,14,ท้องที่ไทย,2
50,เชียงใหม่,7,แม่อาย,ท่าตอน,9,13,15,อนาคตไทย,1
50,เชียงใหม่,7,แม่อาย,ท่าตอน,9,13,16,พลังเพื่อไทย,2
50,เชียงใหม่,7,แม่อาย,ท่าตอน,9,13,17,ไทยชนะ,1
50,เชียงใหม่,7,แม่อาย,ท่าตอน,9,13,18,พลังสังคมใหม่,2
50,เชียงใหม่,7,แม่อาย,ท่าตอน,9,13,19,สังคมประชาธิปไตย,0
50,เชียงใหม่,7,แม่อาย,ท่าตอน,9,13,20,ฟิวชัน,0
50,เชียงใหม่,7,แม่อาย,ท่าตอน,9,13,21,ไทยรวมพลัง,1
50,เชียงใหม่,7,แม่อาย,ท่าตอน,9,13,22,ก้าวอิสระ,1
50,เชียงใหม่,7,แม่อาย,ท่าตอน,9,13,23,ปวงชนไทย,0
50,เชียงใหม่,7,แม่อาย,ท่าตอน,9,13,24,วิชชั่นใหม่,1
50,เชียงใหม่,7,แม่อาย,ท่าตอน,9,13,25,เพื่อชีวิตใหม่,0
50,เชียงใหม่,7,แม่อาย,ท่าตอน,9,13,26,คลองไทย,1
50,เชียงใหม่,7,แม่อาย,ท่าตอน,9,13,27,ประชาธิปัตย์,6
50,เชียงใหม่,7,แม่อาย,ท่าตอน,9,13,28,ไทยก้าวหน้า,1
50,เชียงใหม่,7,แม่อาย,ท่าตอน,9,13,29,ไทยภักดี,0
50,เชียงใหม่,7,แม่อาย,ท่าตอน,9,13,30,แรงงานสร้างชาติ,0
50,เชียงใหม่,7,แม่อาย,ท่าตอน,9,13,31,ประชากรไทย,2
50,เชียงใหม่,7,แม่อาย,ท่าตอน,9,13,32,ครูไทยเพื่อประชาชน,1
50,เชียงใหม่,7,แม่อาย,ท่าตอน,9,13,33,ประชาชาติ,0
50,เชียงใหม่,7,แม่อาย,ท่าตอน,9,13,34,สร้างอนาคตไทย,2
50,เชียงใหม่,7,แม่อาย,ท่าตอน,9,13,35,รักชาติ,1
50,เชียงใหม่,7,แม่อาย,ท่าตอน,9,13,36,ไทยพร้อม,1
50,เชียงใหม่,7,แม่อาย,ท่าตอน,9,13,37,ภูมิใจไทย,4
50,เชียงใหม่,7,แม่อาย,ท่าตอน,9,13,38,พลังธรรมใหม่,5
50,เชียงใหม่,7,แม่อาย,ท่าตอน,9,13,39,กรีน,0
50,เชียงใหม่,7,แม่อาย,ท่าตอน,9,13,40,ไทยธรรม,1
50,เชียงใหม่,7,แม่อาย,ท่าตอน,9,13,41,แผ่นดินธรรม,0
50,เชียงใหม่,7,แม่อาย,ท่าตอน,9,13,42,กล้าธรรม,1
50,เชียงใหม่,7,แม่อาย,ท่าตอน,9,13,43,พลังประชารัฐ,2
50,เชียงใหม่,7,แม่อาย,ท่าตอน,9,13,44,โอกาสใหม่,2
50,เชียงใหม่,7,แม่อาย,ท่าตอน,9,13,45,เป็นธรรม,1
50,เชียงใหม่,7,แม่อาย,ท่าตอน,9,13,46,ประชาชน,147
50,เชียงใหม่,7,แม่อาย,ท่าตอน,9,13,47,ประชาไทย,1
50,เชียงใหม่,7,แม่อาย,ท่าตอน,9,13,48,ไทยสร้างไทย,1
50,เชียงใหม่,7,แม่อาย,ท่าตอน,9,13,49,ไทยก้าวใหม่,1
50,เชียงใหม่,7,แม่อาย,ท่าตอน,9,13,50,ประชาอาสาชาติ,0
50,เชียงใหม่,7,แม่อาย,ท่าตอน,9,13,51,พร้อม,0
50,เชียงใหม่,7,แม่อาย,ท่าตอน,9,13,52,เครือข่ายชาวนาแห่งประเทศไทย,0
50,เชียงใหม่,7,แม่อาย,ท่าตอน,9,13,53,ไทยพิทักษ์ธรรม,0
50,เชียงใหม่,7,แม่อาย,ท่าตอน,9,13,54,ความหวังใหม่,0
50,เชียงใหม่,7,แม่อาย,ท่าตอน,9,13,55,ไทยรวมไทย,0
50,เชียงใหม่,7,แม่อาย,ท่าตอน,9,13,56,เพื่อบ้านเมือง,0
50,เชียงใหม่,7,แม่อาย,ท่าตอน,9,13,57,พลังไทยรักชาติ,0
50,เชียงใหม่,7,แม่อาย,ท่าตอน,9,14,1,ไทยทรัพย์ทวี,4
50,เชียงใหม่,7,แม่อาย,ท่าตอน,9,14,2,เพื่อชาติไทย,14
50,เชียงใหม่,7,แม่อาย,ท่าตอน,9,14,3,ใหม่,2
50,เชียงใหม่,7,แม่อาย,ท่าตอน,9,14,4,มิติใหม่,1
50,เชียงใหม่,7,แม่อาย,ท่าตอน,9,14,5,รวมใจไทย,4
50,เชียงใหม่,7,แม่อาย,ท่าตอน,9,14,6,รวมไทยสร้างชาติ,6
50,เชียงใหม่,7,แม่อาย,ท่าตอน,9,14,7,พลวัต,7
50,เชียงใหม่,7,แม่อาย,ท่าตอน,9,14,8,ประชาธิปไตยใหม่,2
50,เชียงใหม่,7,แม่อาย,ท่าตอน,9,14,9,เพื่อไทย,43
50,เชียงใหม่,7,แม่อาย,ท่าตอน,9,14,10,ทางเลือกใหม่,0
50,เชียงใหม่,7,แม่อาย,ท่าตอน,9,14,11,เศรษฐกิจ,6
50,เชียงใหม่,7,แม่อาย,ท่าตอน,9,14,12,เสรีรวมไทย,1
50,เชียงใหม่,7,แม่อาย,ท่าตอน,9,14,13,รวมพลังประชาชน,2
50,เชียงใหม่,7,แม่อาย,ท่าตอน,9,14,14,ท้องที่ไทย,3
50,เชียงใหม่,7,แม่อาย,ท่าตอน,9,14,15,อนาคตไทย,1
50,เชียงใหม่,7,แม่อาย,ท่าตอน,9,14,16,พลังเพื่อไทย,1
50,เชียงใหม่,7,แม่อาย,ท่าตอน,9,14,17,ไทยชนะ,13
50,เชียงใหม่,7,แม่อาย,ท่าตอน,9,14,18,พลังสังคมใหม่,2
50,เชียงใหม่,7,แม่อาย,ท่าตอน,9,14,19,สังคมประชาธิปไตย,0
50,เชียงใหม่,7,แม่อาย,ท่าตอน,9,14,20,ฟิวชัน,4
50,เชียงใหม่,7,แม่อาย,ท่าตอน,9,14,21,ไทยรวมพลัง,0
50,เชียงใหม่,7,แม่อาย,ท่าตอน,9,14,22,ก้าวอิสระ,1
50,เชียงใหม่,7,แม่อาย,ท่าตอน,9,14,23,ปวงชนไทย,1
50,เชียงใหม่,7,แม่อาย,ท่าตอน,9,14,24,วิชชั่นใหม่,1
50,เชียงใหม่,7,แม่อาย,ท่าตอน,9,14,25,เพื่อชีวิตใหม่,0
50,เชียงใหม่,7,แม่อาย,ท่าตอน,9,14,26,คลองไทย,3
50,เชียงใหม่,7,แม่อาย,ท่าตอน,9,14,27,ประชาธิปัตย์,14
50,เชียงใหม่,7,แม่อาย,ท่าตอน,9,14,28,ไทยก้าวหน้า,2
50,เชียงใหม่,7,แม่อาย,ท่าตอน,9,14,29,ไทยภักดี,1
50,เชียงใหม่,7,แม่อาย,ท่าตอน,9,14,30,แรงงานสร้างชาติ,0
50,เชียงใหม่,7,แม่อาย,ท่าตอน,9,14,31,ประชากรไทย,3
50,เชียงใหม่,7,แม่อาย,ท่าตอน,9,14,32,ครูไทยเพื่อประชาชน,2
50,เชียงใหม่,7,แม่อาย,ท่าตอน,9,14,33,ประชาชาติ,1
50,เชียงใหม่,7,แม่อาย,ท่าตอน,9,14,34,สร้างอนาคตไทย,2
50,เชียงใหม่,7,แม่อาย,ท่าตอน,9,14,35,รักชาติ,1
50,เชียงใหม่,7,แม่อาย,ท่าตอน,9,14,36,ไทยพร้อม,1
50,เชียงใหม่,7,แม่อาย,ท่าตอน,9,14,37,ภูมิใจไทย,6
50,เชียงใหม่,7,แม่อาย,ท่าตอน,9,14,38,พลังธรรมใหม่,0
50,เชียงใหม่,7,แม่อาย,ท่าตอน,9,14,39,กรีน,1
50,เชียงใหม่,7,แม่อาย,ท่าตอน,9,14,40,ไทยธรรม,1
50,เชียงใหม่,7,แม่อาย,ท่าตอน,9,14,41,แผ่นดินธรรม,1
50,เชียงใหม่,7,แม่อาย,ท่าตอน,9,14,42,กล้าธรรม,5
50,เชียงใหม่,7,แม่อาย,ท่าตอน,9,14,43,พลังประชารัฐ,6
50,เชียงใหม่,7,แม่อาย,ท่าตอน,9,14,44,โอกาสใหม่,0
50,เชียงใหม่,7,แม่อาย,ท่าตอน,9,14,45,เป็นธรรม,0
50,เชียงใหม่,7,แม่อาย,ท่าตอน,9,14,46,ประชาชน,124
50,เชียงใหม่,7,แม่อาย,ท่าตอน,9,14,47,ประชาไทย,1
50,เชียงใหม่,7,แม่อาย,ท่าตอน,9,14,48,ไทยสร้างไทย,0
50,เชียงใหม่,7,แม่อาย,ท่าตอน,9,14,49,ไทยก้าวใหม่,1
50,เชียงใหม่,7,แม่อาย,ท่าตอน,9,14,50,ประชาอาสาชาติ,2
50,เชียงใหม่,7,แม่อาย,ท่าตอน,9,14,51,พร้อม,0
50,เชียงใหม่,7,แม่อาย,ท่าตอน,9,14,52,เครือข่ายชาวนาแห่งประเทศไทย,2
50,เชียงใหม่,7,แม่อาย,ท่าตอน,9,14,53,ไทยพิทักษ์ธรรม,0
50,เชียงใหม่,7,แม่อาย,ท่าตอน,9,14,54,ความหวังใหม่,0
50,เชียงใหม่,7,แม่อาย,ท่าตอน,9,14,55,ไทยรวมไทย,0
50,เชียงใหม่,7,แม่อาย,ท่าตอน,9,14,56,เพื่อบ้านเมือง,2
50,เชียงใหม่,7,แม่อาย,ท่าตอน,9,14,57,พลังไทยรักชาติ,0
50,เชียงใหม่,7,แม่อาย,ท่าตอน,10,15,1,ไทยทรัพย์ทวี,3
50,เชียงใหม่,7,แม่อาย,ท่าตอน,10,15,2,เพื่อชาติไทย,6
50,เชียงใหม่,7,แม่อาย,ท่าตอน,10,15,3,ใหม่,2
50,เชียงใหม่,7,แม่อาย,ท่าตอน,10,15,4,มิติใหม่,2
50,เชียงใหม่,7,แม่อาย,ท่าตอน,10,15,5,รวมใจไทย,10
50,เชียงใหม่,7,แม่อาย,ท่าตอน,10,15,6,รวมไทยสร้างชาติ,2
50,เชียงใหม่,7,แม่อาย,ท่าตอน,10,15,7,พลวัต,5
50,เชียงใหม่,7,แม่อาย,ท่าตอน,10,15,8,ประชาธิปไตยใหม่,3
50,เชียงใหม่,7,แม่อาย,ท่าตอน,10,15,9,เพื่อไทย,10
50,เชียงใหม่,7,แม่อาย,ท่าตอน,10,15,10,ทางเลือกใหม่,2
50,เชียงใหม่,7,แม่อาย,ท่าตอน,10,15,11,เศรษฐกิจ,1
50,เชียงใหม่,7,แม่อาย,ท่าตอน,10,15,12,เสรีรวมไทย,1
50,เชียงใหม่,7,แม่อาย,ท่าตอน,10,15,13,รวมพลังประชาชน,2
50,เชียงใหม่,7,แม่อาย,ท่าตอน,10,15,14,ท้องที่ไทย,1
50,เชียงใหม่,7,แม่อาย,ท่าตอน,10,15,15,อนาคตไทย,1
50,เชียงใหม่,7,แม่อาย,ท่าตอน,10,15,16,พลังเพื่อไทย,0
50,เชียงใหม่,7,แม่อาย,ท่าตอน,10,15,17,ไทยชนะ,0
50,เชียงใหม่,7,แม่อาย,ท่าตอน,10,15,18,พลังสังคมใหม่,0
50,เชียงใหม่,7,แม่อาย,ท่าตอน,10,15,19,สังคมประชาธิปไตย,0
50,เชียงใหม่,7,แม่อาย,ท่าตอน,10,15,20,ฟิวชัน,0
50,เชียงใหม่,7,แม่อาย,ท่าตอน,10,15,21,ไทยรวมพลัง,1
50,เชียงใหม่,7,แม่อาย,ท่าตอน,10,15,22,ก้าวอิสระ,0
50,เชียงใหม่,7,แม่อาย,ท่าตอน,10,15,23,ปวงชนไทย,2
50,เชียงใหม่,7,แม่อาย,ท่าตอน,10,15,24,วิชชั่นใหม่,0
50,เชียงใหม่,7,แม่อาย,ท่าตอน,10,15,25,เพื่อชีวิตใหม่,0
50,เชียงใหม่,7,แม่อาย,ท่าตอน,10,15,26,คลองไทย,3
50,เชียงใหม่,7,แม่อาย,ท่าตอน,10,15,27,ประชาธิปัตย์,14
50,เชียงใหม่,7,แม่อาย,ท่าตอน,10,15,28,ไทยก้าวหน้า,2
50,เชียงใหม่,7,แม่อาย,ท่าตอน,10,15,29,ไทยภักดี,0
50,เชียงใหม่,7,แม่อาย,ท่าตอน,10,15,30,แรงงานสร้างชาติ,2
50,เชียงใหม่,7,แม่อาย,ท่าตอน,10,15,31,ประชากรไทย,0
50,เชียงใหม่,7,แม่อาย,ท่าตอน,10,15,32,ครูไทยเพื่อประชาชน,1
50,เชียงใหม่,7,แม่อาย,ท่าตอน,10,15,33,ประชาชาติ,1
50,เชียงใหม่,7,แม่อาย,ท่าตอน,10,15,34,สร้างอนาคตไทย,1
50,เชียงใหม่,7,แม่อาย,ท่าตอน,10,15,35,รักชาติ,0
50,เชียงใหม่,7,แม่อาย,ท่าตอน,10,15,36,ไทยพร้อม,0
50,เชียงใหม่,7,แม่อาย,ท่าตอน,10,15,37,ภูมิใจไทย,12
50,เชียงใหม่,7,แม่อาย,ท่าตอน,10,15,38,พลังธรรมใหม่,0
50,เชียงใหม่,7,แม่อาย,ท่าตอน,10,15,39,กรีน,0
50,เชียงใหม่,7,แม่อาย,ท่าตอน,10,15,40,ไทยธรรม,0
50,เชียงใหม่,7,แม่อาย,ท่าตอน,10,15,41,แผ่นดินธรรม,0
50,เชียงใหม่,7,แม่อาย,ท่าตอน,10,15,42,กล้าธรรม,31
50,เชียงใหม่,7,แม่อาย,ท่าตอน,10,15,43,พลังประชารัฐ,0
50,เชียงใหม่,7,แม่อาย,ท่าตอน,10,15,44,โอกาสใหม่,0
50,เชียงใหม่,7,แม่อาย,ท่าตอน,10,15,45,เป็นธรรม,3
50,เชียงใหม่,7,แม่อาย,ท่าตอน,10,15,46,ประชาชน,75
50,เชียงใหม่,7,แม่อาย,ท่าตอน,10,15,47,ประชาไทย,1
50,เชียงใหม่,7,แม่อาย,ท่าตอน,10,15,48,ไทยสร้างไทย,1
50,เชียงใหม่,7,แม่อาย,ท่าตอน,10,15,49,ไทยก้าวใหม่,1
50,เชียงใหม่,7,แม่อาย,ท่าตอน,10,15,50,ประชาอาสาชาติ,0
50,เชียงใหม่,7,แม่อาย,ท่าตอน,10,15,51,พร้อม,1
50,เชียงใหม่,7,แม่อาย,ท่าตอน,10,15,52,เครือข่ายชาวนาแห่งประเทศไทย,0
50,เชียงใหม่,7,แม่อาย,ท่าตอน,10,15,53,ไทยพิทักษ์ธรรม,0
50,เชียงใหม่,7,แม่อาย,ท่าตอน,10,15,54,ความหวังใหม่,0
50,เชียงใหม่,7,แม่อาย,ท่าตอน,10,15,55,ไทยรวมไทย,0
50,เชียงใหม่,7,แม่อาย,ท่าตอน,10,15,56,เพื่อบ้านเมือง,0
50,เชียงใหม่,7,แม่อาย,ท่าตอน,10,15,57,พลังไทยรักชาติ,0
50,เชียงใหม่,7,แม่อาย,ท่าตอน,10,16,1,ไทยทรัพย์ทวี,3
50,เชียงใหม่,7,แม่อาย,ท่าตอน,10,16,2,เพื่อชาติไทย,9
50,เชียงใหม่,7,แม่อาย,ท่าตอน,10,16,3,ใหม่,3
50,เชียงใหม่,7,แม่อาย,ท่าตอน,10,16,4,มิติใหม่,1
50,เชียงใหม่,7,แม่อาย,ท่าตอน,10,16,5,รวมใจไทย,20
50,เชียงใหม่,7,แม่อาย,ท่าตอน,10,16,6,รวมไทยสร้างชาติ,2
50,เชียงใหม่,7,แม่อาย,ท่าตอน,10,16,7,พลวัต,12
50,เชียงใหม่,7,แม่อาย,ท่าตอน,10,16,8,ประชาธิปไตยใหม่,2
50,เชียงใหม่,7,แม่อาย,ท่าตอน,10,16,9,เพื่อไทย,9
50,เชียงใหม่,7,แม่อาย,ท่าตอน,10,16,10,ทางเลือกใหม่,1
50,เชียงใหม่,7,แม่อาย,ท่าตอน,10,16,11,เศรษฐกิจ,2
50,เชียงใหม่,7,แม่อาย,ท่าตอน,10,16,12,เสรีรวมไทย,0
50,เชียงใหม่,7,แม่อาย,ท่าตอน,10,16,13,รวมพลังประชาชน,1
50,เชียงใหม่,7,แม่อาย,ท่าตอน,10,16,14,ท้องที่ไทย,1
50,เชียงใหม่,7,แม่อาย,ท่าตอน,10,16,15,อนาคตไทย,1
50,เชียงใหม่,7,แม่อาย,ท่าตอน,10,16,16,พลังเพื่อไทย,2
50,เชียงใหม่,7,แม่อาย,ท่าตอน,10,16,17,ไทยชนะ,3
50,เชียงใหม่,7,แม่อาย,ท่าตอน,10,16,18,พลังสังคมใหม่,3
50,เชียงใหม่,7,แม่อาย,ท่าตอน,10,16,19,สังคมประชาธิปไตย,1
50,เชียงใหม่,7,แม่อาย,ท่าตอน,10,16,20,ฟิวชัน,1
50,เชียงใหม่,7,แม่อาย,ท่าตอน,10,16,21,ไทยรวมพลัง,3
50,เชียงใหม่,7,แม่อาย,ท่าตอน,10,16,22,ก้าวอิสระ,1
50,เชียงใหม่,7,แม่อาย,ท่าตอน,10,16,23,ปวงชนไทย,0
50,เชียงใหม่,7,แม่อาย,ท่าตอน,10,16,24,วิชชั่นใหม่,1
50,เชียงใหม่,7,แม่อาย,ท่าตอน,10,16,25,เพื่อชีวิตใหม่,3
50,เชียงใหม่,7,แม่อาย,ท่าตอน,10,16,26,คลองไทย,0
50,เชียงใหม่,7,แม่อาย,ท่าตอน,10,16,27,ประชาธิปัตย์,23
50,เชียงใหม่,7,แม่อาย,ท่าตอน,10,16,28,ไทยก้าวหน้า,0
50,เชียงใหม่,7,แม่อาย,ท่าตอน,10,16,29,ไทยภักดี,1
50,เชียงใหม่,7,แม่อาย,ท่าตอน,10,16,30,แรงงานสร้างชาติ,0
50,เชียงใหม่,7,แม่อาย,ท่าตอน,10,16,31,ประชากรไทย,3
50,เชียงใหม่,7,แม่อาย,ท่าตอน,10,16,32,ครูไทยเพื่อประชาชน,1
50,เชียงใหม่,7,แม่อาย,ท่าตอน,10,16,33,ประชาชาติ,1
50,เชียงใหม่,7,แม่อาย,ท่าตอน,10,16,34,สร้างอนาคตไทย,1
50,เชียงใหม่,7,แม่อาย,ท่าตอน,10,16,35,รักชาติ,0
50,เชียงใหม่,7,แม่อาย,ท่าตอน,10,16,36,ไทยพร้อม,0
50,เชียงใหม่,7,แม่อาย,ท่าตอน,10,16,37,ภูมิใจไทย,14
50,เชียงใหม่,7,แม่อาย,ท่าตอน,10,16,38,พลังธรรมใหม่,0
50,เชียงใหม่,7,แม่อาย,ท่าตอน,10,16,39,กรีน,0
50,เชียงใหม่,7,แม่อาย,ท่าตอน,10,16,40,ไทยธรรม,1
50,เชียงใหม่,7,แม่อาย,ท่าตอน,10,16,41,แผ่นดินธรรม,0
50,เชียงใหม่,7,แม่อาย,ท่าตอน,10,16,42,กล้าธรรม,28
50,เชียงใหม่,7,แม่อาย,ท่าตอน,10,16,43,พลังประชารัฐ,3
50,เชียงใหม่,7,แม่อาย,ท่าตอน,10,16,44,โอกาสใหม่,1
50,เชียงใหม่,7,แม่อาย,ท่าตอน,10,16,45,เป็นธรรม,1
50,เชียงใหม่,7,แม่อาย,ท่าตอน,10,16,46,ประชาชน,102
50,เชียงใหม่,7,แม่อาย,ท่าตอน,10,16,47,ประชาไทย,2
50,เชียงใหม่,7,แม่อาย,ท่าตอน,10,16,48,ไทยสร้างไทย,3
50,เชียงใหม่,7,แม่อาย,ท่าตอน,10,16,49,ไทยก้าวใหม่,1
50,เชียงใหม่,7,แม่อาย,ท่าตอน,10,16,50,ประชาอาสาชาติ,0
50,เชียงใหม่,7,แม่อาย,ท่าตอน,10,16,51,พร้อม,3
50,เชียงใหม่,7,แม่อาย,ท่าตอน,10,16,52,เครือข่ายชาวนาแห่งประเทศไทย,0
50,เชียงใหม่,7,แม่อาย,ท่าตอน,10,16,53,ไทยพิทักษ์ธรรม,2
50,เชียงใหม่,7,แม่อาย,ท่าตอน,10,16,54,ความหวังใหม่,1
50,เชียงใหม่,7,แม่อาย,ท่าตอน,10,16,55,ไทยรวมไทย,0
50,เชียงใหม่,7,แม่อาย,ท่าตอน,10,16,56,เพื่อบ้านเมือง,0
50,เชียงใหม่,7,แม่อาย,ท่าตอน,10,16,57,พลังไทยรักชาติ,2
50,เชียงใหม่,7,แม่อาย,ท่าตอน,11,17,1,ไทยทรัพย์ทวี,3
50,เชียงใหม่,7,แม่อาย,ท่าตอน,11,17,2,เพื่อชาติไทย,3
50,เชียงใหม่,7,แม่อาย,ท่าตอน,11,17,3,ใหม่,1
50,เชียงใหม่,7,แม่อาย,ท่าตอน,11,17,4,มิติใหม่,1
50,เชียงใหม่,7,แม่อาย,ท่าตอน,11,17,5,รวมใจไทย,10
50,เชียงใหม่,7,แม่อาย,ท่าตอน,11,17,6,รวมไทยสร้างชาติ,3
50,เชียงใหม่,7,แม่อาย,ท่าตอน,11,17,7,พลวัต,2
50,เชียงใหม่,7,แม่อาย,ท่าตอน,11,17,8,ประชาธิปไตยใหม่,0
50,เชียงใหม่,7,แม่อาย,ท่าตอน,11,17,9,เพื่อไทย,19
50,เชียงใหม่,7,แม่อาย,ท่าตอน,11,17,10,ทางเลือกใหม่,1
50,เชียงใหม่,7,แม่อาย,ท่าตอน,11,17,11,เศรษฐกิจ,4
50,เชียงใหม่,7,แม่อาย,ท่าตอน,11,17,12,เสรีรวมไทย,0
50,เชียงใหม่,7,แม่อาย,ท่าตอน,11,17,13,รวมพลังประชาชน,2
50,เชียงใหม่,7,แม่อาย,ท่าตอน,11,17,14,ท้องที่ไทย,0
50,เชียงใหม่,7,แม่อาย,ท่าตอน,11,17,15,อนาคตไทย,0
50,เชียงใหม่,7,แม่อาย,ท่าตอน,11,17,16,พลังเพื่อไทย,2
50,เชียงใหม่,7,แม่อาย,ท่าตอน,11,17,17,ไทยชนะ,3
50,เชียงใหม่,7,แม่อาย,ท่าตอน,11,17,18,พลังสังคมใหม่,0
50,เชียงใหม่,7,แม่อาย,ท่าตอน,11,17,19,สังคมประชาธิปไตย,1
50,เชียงใหม่,7,แม่อาย,ท่าตอน,11,17,20,ฟิวชัน,0
50,เชียงใหม่,7,แม่อาย,ท่าตอน,11,17,21,ไทยรวมพลัง,0
50,เชียงใหม่,7,แม่อาย,ท่าตอน,11,17,22,ก้าวอิสระ,0
50,เชียงใหม่,7,แม่อาย,ท่าตอน,11,17,23,ปวงชนไทย,1
50,เชียงใหม่,7,แม่อาย,ท่าตอน,11,17,24,วิชชั่นใหม่,1
50,เชียงใหม่,7,แม่อาย,ท่าตอน,11,17,25,เพื่อชีวิตใหม่,2
50,เชียงใหม่,7,แม่อาย,ท่าตอน,11,17,26,คลองไทย,1
50,เชียงใหม่,7,แม่อาย,ท่าตอน,11,17,27,ประชาธิปัตย์,29
50,เชียงใหม่,7,แม่อาย,ท่าตอน,11,17,28,ไทยก้าวหน้า,0
50,เชียงใหม่,7,แม่อาย,ท่าตอน,11,17,29,ไทยภักดี,1
50,เชียงใหม่,7,แม่อาย,ท่าตอน,11,17,30,แรงงานสร้างชาติ,1
50,เชียงใหม่,7,แม่อาย,ท่าตอน,11,17,31,ประชากรไทย,1
50,เชียงใหม่,7,แม่อาย,ท่าตอน,11,17,32,ครูไทยเพื่อประชาชน,1
50,เชียงใหม่,7,แม่อาย,ท่าตอน,11,17,33,ประชาชาติ,1
50,เชียงใหม่,7,แม่อาย,ท่าตอน,11,17,34,สร้างอนาคตไทย,3
50,เชียงใหม่,7,แม่อาย,ท่าตอน,11,17,35,รักชาติ,0
50,เชียงใหม่,7,แม่อาย,ท่าตอน,11,17,36,ไทยพร้อม,3
50,เชียงใหม่,7,แม่อาย,ท่าตอน,11,17,37,ภูมิใจไทย,12
50,เชียงใหม่,7,แม่อาย,ท่าตอน,11,17,38,พลังธรรมใหม่,0
50,เชียงใหม่,7,แม่อาย,ท่าตอน,11,17,39,กรีน,0
50,เชียงใหม่,7,แม่อาย,ท่าตอน,11,17,40,ไทยธรรม,0
50,เชียงใหม่,7,แม่อาย,ท่าตอน,11,17,41,แผ่นดินธรรม,0
50,เชียงใหม่,7,แม่อาย,ท่าตอน,11,17,42,กล้าธรรม,16
50,เชียงใหม่,7,แม่อาย,ท่าตอน,11,17,43,พลังประชารัฐ,0
50,เชียงใหม่,7,แม่อาย,ท่าตอน,11,17,44,โอกาสใหม่,0
50,เชียงใหม่,7,แม่อาย,ท่าตอน,11,17,45,เป็นธรรม,1
50,เชียงใหม่,7,แม่อาย,ท่าตอน,11,17,46,ประชาชน,121
50,เชียงใหม่,7,แม่อาย,ท่าตอน,11,17,47,ประชาไทย,1
50,เชียงใหม่,7,แม่อาย,ท่าตอน,11,17,48,ไทยสร้างไทย,0
50,เชียงใหม่,7,แม่อาย,ท่าตอน,11,17,49,ไทยก้าวใหม่,0
50,เชียงใหม่,7,แม่อาย,ท่าตอน,11,17,50,ประชาอาสาชาติ,0
50,เชียงใหม่,7,แม่อาย,ท่าตอน,11,17,51,พร้อม,0
50,เชียงใหม่,7,แม่อาย,ท่าตอน,11,17,52,เครือข่ายชาวนาแห่งประเทศไทย,0
50,เชียงใหม่,7,แม่อาย,ท่าตอน,11,17,53,ไทยพิทักษ์ธรรม,0
50,เชียงใหม่,7,แม่อาย,ท่าตอน,11,17,54,ความหวังใหม่,1
50,เชียงใหม่,7,แม่อาย,ท่าตอน,11,17,55,ไทยรวมไทย,1
50,เชียงใหม่,7,แม่อาย,ท่าตอน,11,17,56,เพื่อบ้านเมือง,0
50,เชียงใหม่,7,แม่อาย,ท่าตอน,11,17,57,พลังไทยรักชาติ,1
50,เชียงใหม่,7,แม่อาย,ท่าตอน,11,18,1,ไทยทรัพย์ทวี,2
50,เชียงใหม่,7,แม่อาย,ท่าตอน,11,18,2,เพื่อชาติไทย,7
50,เชียงใหม่,7,แม่อาย,ท่าตอน,11,18,3,ใหม่,1
50,เชียงใหม่,7,แม่อาย,ท่าตอน,11,18,4,มิติใหม่,6
50,เชียงใหม่,7,แม่อาย,ท่าตอน,11,18,5,รวมใจไทย,21
50,เชียงใหม่,7,แม่อาย,ท่าตอน,11,18,6,รวมไทยสร้างชาติ,8
50,เชียงใหม่,7,แม่อาย,ท่าตอน,11,18,7,พลวัต,10
50,เชียงใหม่,7,แม่อาย,ท่าตอน,11,18,8,ประชาธิปไตยใหม่,0
50,เชียงใหม่,7,แม่อาย,ท่าตอน,11,18,9,เพื่อไทย,20
50,เชียงใหม่,7,แม่อาย,ท่าตอน,11,18,10,ทางเลือกใหม่,0
50,เชียงใหม่,7,แม่อาย,ท่าตอน,11,18,11,เศรษฐกิจ,3
50,เชียงใหม่,7,แม่อาย,ท่าตอน,11,18,12,เสรีรวมไทย,2
50,เชียงใหม่,7,แม่อาย,ท่าตอน,11,18,13,รวมพลังประชาชน,4
50,เชียงใหม่,7,แม่อาย,ท่าตอน,11,18,14,ท้องที่ไทย,4
50,เชียงใหม่,7,แม่อาย,ท่าตอน,11,18,15,อนาคตไทย,0
50,เชียงใหม่,7,แม่อาย,ท่าตอน,11,18,16,พลังเพื่อไทย,2
50,เชียงใหม่,7,แม่อาย,ท่าตอน,11,18,17,ไทยชนะ,7
50,เชียงใหม่,7,แม่อาย,ท่าตอน,11,18,18,พลังสังคมใหม่,1
50,เชียงใหม่,7,แม่อาย,ท่าตอน,11,18,19,สังคมประชาธิปไตย,0
50,เชียงใหม่,7,แม่อาย,ท่าตอน,11,18,20,ฟิวชัน,1
50,เชียงใหม่,7,แม่อาย,ท่าตอน,11,18,21,ไทยรวมพลัง,2
50,เชียงใหม่,7,แม่อาย,ท่าตอน,11,18,22,ก้าวอิสระ,1
50,เชียงใหม่,7,แม่อาย,ท่าตอน,11,18,23,ปวงชนไทย,1
50,เชียงใหม่,7,แม่อาย,ท่าตอน,11,18,24,วิชชั่นใหม่,2
50,เชียงใหม่,7,แม่อาย,ท่าตอน,11,18,25,เพื่อชีวิตใหม่,1
50,เชียงใหม่,7,แม่อาย,ท่าตอน,11,18,26,คลองไทย,0
50,เชียงใหม่,7,แม่อาย,ท่าตอน,11,18,27,ประชาธิปัตย์,17
50,เชียงใหม่,7,แม่อาย,ท่าตอน,11,18,28,ไทยก้าวหน้า,2
50,เชียงใหม่,7,แม่อาย,ท่าตอน,11,18,29,ไทยภักดี,5
50,เชียงใหม่,7,แม่อาย,ท่าตอน,11,18,30,แรงงานสร้างชาติ,2
50,เชียงใหม่,7,แม่อาย,ท่าตอน,11,18,31,ประชากรไทย,2
50,เชียงใหม่,7,แม่อาย,ท่าตอน,11,18,32,ครูไทยเพื่อประชาชน,1
50,เชียงใหม่,7,แม่อาย,ท่าตอน,11,18,33,ประชาชาติ,2
50,เชียงใหม่,7,แม่อาย,ท่าตอน,11,18,34,สร้างอนาคตไทย,3
50,เชียงใหม่,7,แม่อาย,ท่าตอน,11,18,35,รักชาติ,0
50,เชียงใหม่,7,แม่อาย,ท่าตอน,11,18,36,ไทยพร้อม,0
50,เชียงใหม่,7,แม่อาย,ท่าตอน,11,18,37,ภูมิใจไทย,6
50,เชียงใหม่,7,แม่อาย,ท่าตอน,11,18,38,พลังธรรมใหม่,0
50,เชียงใหม่,7,แม่อาย,ท่าตอน,11,18,39,กรีน,0
50,เชียงใหม่,7,แม่อาย,ท่าตอน,11,18,40,ไทยธรรม,1
50,เชียงใหม่,7,แม่อาย,ท่าตอน,11,18,41,แผ่นดินธรรม,1
50,เชียงใหม่,7,แม่อาย,ท่าตอน,11,18,42,กล้าธรรม,14
50,เชียงใหม่,7,แม่อาย,ท่าตอน,11,18,43,พลังประชารัฐ,2
50,เชียงใหม่,7,แม่อาย,ท่าตอน,11,18,44,โอกาสใหม่,0
50,เชียงใหม่,7,แม่อาย,ท่าตอน,11,18,45,เป็นธรรม,1
50,เชียงใหม่,7,แม่อาย,ท่าตอน,11,18,46,ประชาชน,130
50,เชียงใหม่,7,แม่อาย,ท่าตอน,11,18,47,ประชาไทย,3
50,เชียงใหม่,7,แม่อาย,ท่าตอน,11,18,48,ไทยสร้างไทย,1
50,เชียงใหม่,7,แม่อาย,ท่าตอน,11,18,49,ไทยก้าวใหม่,2
50,เชียงใหม่,7,แม่อาย,ท่าตอน,11,18,50,ประชาอาสาชาติ,0
50,เชียงใหม่,7,แม่อาย,ท่าตอน,11,18,51,พร้อม,0
50,เชียงใหม่,7,แม่อาย,ท่าตอน,11,18,52,เครือข่ายชาวนาแห่งประเทศไทย,1
50,เชียงใหม่,7,แม่อาย,ท่าตอน,11,18,53,ไทยพิทักษ์ธรรม,1
50,เชียงใหม่,7,แม่อาย,ท่าตอน,11,18,54,ความหวังใหม่,2
50,เชียงใหม่,7,แม่อาย,ท่าตอน,11,18,55,ไทยรวมไทย,0
50,เชียงใหม่,7,แม่อาย,ท่าตอน,11,18,56,เพื่อบ้านเมือง,1
50,เชียงใหม่,7,แม่อาย,ท่าตอน,11,18,57,พลังไทยรักชาติ,0
50,เชียงใหม่,7,แม่อาย,ท่าตอน,12,19,1,ไทยทรัพย์ทวี,7
50,เชียงใหม่,7,แม่อาย,ท่าตอน,12,19,2,เพื่อชาติไทย,11
50,เชียงใหม่,7,แม่อาย,ท่าตอน,12,19,3,ใหม่,1
50,เชียงใหม่,7,แม่อาย,ท่าตอน,12,19,4,มิติใหม่,2
50,เชียงใหม่,7,แม่อาย,ท่าตอน,12,19,5,รวมใจไทย,25
50,เชียงใหม่,7,แม่อาย,ท่าตอน,12,19,6,รวมไทยสร้างชาติ,5
50,เชียงใหม่,7,แม่อาย,ท่าตอน,12,19,7,พลวัต,9
50,เชียงใหม่,7,แม่อาย,ท่าตอน,12,19,8,ประชาธิปไตยใหม่,2
50,เชียงใหม่,7,แม่อาย,ท่าตอน,12,19,9,เพื่อไทย,33
50,เชียงใหม่,7,แม่อาย,ท่าตอน,12,19,10,ทางเลือกใหม่,1
50,เชียงใหม่,7,แม่อาย,ท่าตอน,12,19,11,เศรษฐกิจ,0
50,เชียงใหม่,7,แม่อาย,ท่าตอน,12,19,12,เสรีรวมไทย,0
50,เชียงใหม่,7,แม่อาย,ท่าตอน,12,19,13,รวมพลังประชาชน,3
50,เชียงใหม่,7,แม่อาย,ท่าตอน,12,19,14,ท้องที่ไทย,3
50,เชียงใหม่,7,แม่อาย,ท่าตอน,12,19,15,อนาคตไทย,3
50,เชียงใหม่,7,แม่อาย,ท่าตอน,12,19,16,พลังเพื่อไทย,2
50,เชียงใหม่,7,แม่อาย,ท่าตอน,12,19,17,ไทยชนะ,0
50,เชียงใหม่,7,แม่อาย,ท่าตอน,12,19,18,พลังสังคมใหม่,0
50,เชียงใหม่,7,แม่อาย,ท่าตอน,12,19,19,สังคมประชาธิปไตย,1
50,เชียงใหม่,7,แม่อาย,ท่าตอน,12,19,20,ฟิวชัน,1
50,เชียงใหม่,7,แม่อาย,ท่าตอน,12,19,21,ไทยรวมพลัง,0
50,เชียงใหม่,7,แม่อาย,ท่าตอน,12,19,22,ก้าวอิสระ,2
50,เชียงใหม่,7,แม่อาย,ท่าตอน,12,19,23,ปวงชนไทย,1
50,เชียงใหม่,7,แม่อาย,ท่าตอน,12,19,24,วิชชั่นใหม่,6
50,เชียงใหม่,7,แม่อาย,ท่าตอน,12,19,25,เพื่อชีวิตใหม่,4
50,เชียงใหม่,7,แม่อาย,ท่าตอน,12,19,26,คลองไทย,3
50,เชียงใหม่,7,แม่อาย,ท่าตอน,12,19,27,ประชาธิปัตย์,12
50,เชียงใหม่,7,แม่อาย,ท่าตอน,12,19,28,ไทยก้าวหน้า,1
50,เชียงใหม่,7,แม่อาย,ท่าตอน,12,19,29,ไทยภักดี,1
50,เชียงใหม่,7,แม่อาย,ท่าตอน,12,19,30,แรงงานสร้างชาติ,3
50,เชียงใหม่,7,แม่อาย,ท่าตอน,12,19,31,ประชากรไทย,0
50,เชียงใหม่,7,แม่อาย,ท่าตอน,12,19,32,ครูไทยเพื่อประชาชน,0
50,เชียงใหม่,7,แม่อาย,ท่าตอน,12,19,33,ประชาชาติ,2
50,เชียงใหม่,7,แม่อาย,ท่าตอน,12,19,34,สร้างอนาคตไทย,2
50,เชียงใหม่,7,แม่อาย,ท่าตอน,12,19,35,รักชาติ,1
50,เชียงใหม่,7,แม่อาย,ท่าตอน,12,19,36,ไทยพร้อม,0
50,เชียงใหม่,7,แม่อาย,ท่าตอน,12,19,37,ภูมิใจไทย,15
50,เชียงใหม่,7,แม่อาย,ท่าตอน,12,19,38,พลังธรรมใหม่,1
50,เชียงใหม่,7,แม่อาย,ท่าตอน,12,19,39,กรีน,0
50,เชียงใหม่,7,แม่อาย,ท่าตอน,12,19,40,ไทยธรรม,0
50,เชียงใหม่,7,แม่อาย,ท่าตอน,12,19,41,แผ่นดินธรรม,4
50,เชียงใหม่,7,แม่อาย,ท่าตอน,12,19,42,กล้าธรรม,31
50,เชียงใหม่,7,แม่อาย,ท่าตอน,12,19,43,พลังประชารัฐ,6
50,เชียงใหม่,7,แม่อาย,ท่าตอน,12,19,44,โอกาสใหม่,1
50,เชียงใหม่,7,แม่อาย,ท่าตอน,12,19,45,เป็นธรรม,2
50,เชียงใหม่,7,แม่อาย,ท่าตอน,12,19,46,ประชาชน,49
50,เชียงใหม่,7,แม่อาย,ท่าตอน,12,19,47,ประชาไทย,1
50,เชียงใหม่,7,แม่อาย,ท่าตอน,12,19,48,ไทยสร้างไทย,0
50,เชียงใหม่,7,แม่อาย,ท่าตอน,12,19,49,ไทยก้าวใหม่,0
50,เชียงใหม่,7,แม่อาย,ท่าตอน,12,19,50,ประชาอาสาชาติ,0
50,เชียงใหม่,7,แม่อาย,ท่าตอน,12,19,51,พร้อม,2
50,เชียงใหม่,7,แม่อาย,ท่าตอน,12,19,52,เครือข่ายชาวนาแห่งประเทศไทย,0
50,เชียงใหม่,7,แม่อาย,ท่าตอน,12,19,53,ไทยพิทักษ์ธรรม,1
50,เชียงใหม่,7,แม่อาย,ท่าตอน,12,19,54,ความหวังใหม่,0
50,เชียงใหม่,7,แม่อาย,ท่าตอน,12,19,55,ไทยรวมไทย,0
50,เชียงใหม่,7,แม่อาย,ท่าตอน,12,19,56,เพื่อบ้านเมือง,0
50,เชียงใหม่,7,แม่อาย,ท่าตอน,12,19,57,พลังไทยรักชาติ,1
50,เชียงใหม่,7,แม่อาย,ท่าตอน,12,20,1,ไทยทรัพย์ทวี,3
50,เชียงใหม่,7,แม่อาย,ท่าตอน,12,20,2,เพื่อชาติไทย,4
50,เชียงใหม่,7,แม่อาย,ท่าตอน,12,20,3,ใหม่,4
50,เชียงใหม่,7,แม่อาย,ท่าตอน,12,20,4,มิติใหม่,6
50,เชียงใหม่,7,แม่อาย,ท่าตอน,12,20,5,รวมใจไทย,25
50,เชียงใหม่,7,แม่อาย,ท่าตอน,12,20,6,รวมไทยสร้างชาติ,4
50,เชียงใหม่,7,แม่อาย,ท่าตอน,12,20,7,พลวัต,16
50,เชียงใหม่,7,แม่อาย,ท่าตอน,12,20,8,ประชาธิปไตยใหม่,1
50,เชียงใหม่,7,แม่อาย,ท่าตอน,12,20,9,เพื่อไทย,22
50,เชียงใหม่,7,แม่อาย,ท่าตอน,12,20,10,ทางเลือกใหม่,1
50,เชียงใหม่,7,แม่อาย,ท่าตอน,12,20,11,เศรษฐกิจ,0
50,เชียงใหม่,7,แม่อาย,ท่าตอน,12,20,12,เสรีรวมไทย,2
50,เชียงใหม่,7,แม่อาย,ท่าตอน,12,20,13,รวมพลังประชาชน,4
50,เชียงใหม่,7,แม่อาย,ท่าตอน,12,20,14,ท้องที่ไทย,1
50,เชียงใหม่,7,แม่อาย,ท่าตอน,12,20,15,อนาคตไทย,0
50,เชียงใหม่,7,แม่อาย,ท่าตอน,12,20,16,พลังเพื่อไทย,1
50,เชียงใหม่,7,แม่อาย,ท่าตอน,12,20,17,ไทยชนะ,4
50,เชียงใหม่,7,แม่อาย,ท่าตอน,12,20,18,พลังสังคมใหม่,0
50,เชียงใหม่,7,แม่อาย,ท่าตอน,12,20,19,สังคมประชาธิปไตย,0
50,เชียงใหม่,7,แม่อาย,ท่าตอน,12,20,20,ฟิวชัน,2
50,เชียงใหม่,7,แม่อาย,ท่าตอน,12,20,21,ไทยรวมพลัง,0
50,เชียงใหม่,7,แม่อาย,ท่าตอน,12,20,22,ก้าวอิสระ,1
50,เชียงใหม่,7,แม่อาย,ท่าตอน,12,20,23,ปวงชนไทย,3
50,เชียงใหม่,7,แม่อาย,ท่าตอน,12,20,24,วิชชั่นใหม่,1
50,เชียงใหม่,7,แม่อาย,ท่าตอน,12,20,25,เพื่อชีวิตใหม่,0
50,เชียงใหม่,7,แม่อาย,ท่าตอน,12,20,26,คลองไทย,5
50,เชียงใหม่,7,แม่อาย,ท่าตอน,12,20,27,ประชาธิปัตย์,39
50,เชียงใหม่,7,แม่อาย,ท่าตอน,12,20,28,ไทยก้าวหน้า,1
50,เชียงใหม่,7,แม่อาย,ท่าตอน,12,20,29,ไทยภักดี,2
50,เชียงใหม่,7,แม่อาย,ท่าตอน,12,20,30,แรงงานสร้างชาติ,1
50,เชียงใหม่,7,แม่อาย,ท่าตอน,12,20,31,ประชากรไทย,3
50,เชียงใหม่,7,แม่อาย,ท่าตอน,12,20,32,ครูไทยเพื่อประชาชน,1
50,เชียงใหม่,7,แม่อาย,ท่าตอน,12,20,33,ประชาชาติ,0
50,เชียงใหม่,7,แม่อาย,ท่าตอน,12,20,34,สร้างอนาคตไทย,4
50,เชียงใหม่,7,แม่อาย,ท่าตอน,12,20,35,รักชาติ,0
50,เชียงใหม่,7,แม่อาย,ท่าตอน,12,20,36,ไทยพร้อม,4
50,เชียงใหม่,7,แม่อาย,ท่าตอน,12,20,37,ภูมิใจไทย,25
50,เชียงใหม่,7,แม่อาย,ท่าตอน,12,20,38,พลังธรรมใหม่,0
50,เชียงใหม่,7,แม่อาย,ท่าตอน,12,20,39,กรีน,0
50,เชียงใหม่,7,แม่อาย,ท่าตอน,12,20,40,ไทยธรรม,0
50,เชียงใหม่,7,แม่อาย,ท่าตอน,12,20,41,แผ่นดินธรรม,3
50,เชียงใหม่,7,แม่อาย,ท่าตอน,12,20,42,กล้าธรรม,50
50,เชียงใหม่,7,แม่อาย,ท่าตอน,12,20,43,พลังประชารัฐ,19
50,เชียงใหม่,7,แม่อาย,ท่าตอน,12,20,44,โอกาสใหม่,0
50,เชียงใหม่,7,แม่อาย,ท่าตอน,12,20,45,เป็นธรรม,1
50,เชียงใหม่,7,แม่อาย,ท่าตอน,12,20,46,ประชาชน,45
50,เชียงใหม่,7,แม่อาย,ท่าตอน,12,20,47,ประชาไทย,1
50,เชียงใหม่,7,แม่อาย,ท่าตอน,12,20,48,ไทยสร้างไทย,0
50,เชียงใหม่,7,แม่อาย,ท่าตอน,12,20,49,ไทยก้าวใหม่,0
50,เชียงใหม่,7,แม่อาย,ท่าตอน,12,20,50,ประชาอาสาชาติ,0
50,เชียงใหม่,7,แม่อาย,ท่าตอน,12,20,51,พร้อม,1
50,เชียงใหม่,7,แม่อาย,ท่าตอน,12,20,52,เครือข่ายชาวนาแห่งประเทศไทย,0
50,เชียงใหม่,7,แม่อาย,ท่าตอน,12,20,53,ไทยพิทักษ์ธรรม,0
50,เชียงใหม่,7,แม่อาย,ท่าตอน,12,20,54,ความหวังใหม่,0
50,เชียงใหม่,7,แม่อาย,ท่าตอน,12,20,55,ไทยรวมไทย,1
50,เชียงใหม่,7,แม่อาย,ท่าตอน,12,20,56,เพื่อบ้านเมือง,0
50,เชียงใหม่,7,แม่อาย,ท่าตอน,12,20,57,พลังไทยรักชาติ,1
50,เชียงใหม่,7,แม่อาย,ท่าตอน,13,21,1,ไทยทรัพย์ทวี,6
50,เชียงใหม่,7,แม่อาย,ท่าตอน,13,21,2,เพื่อชาติไทย,10
50,เชียงใหม่,7,แม่อาย,ท่าตอน,13,21,3,ใหม่,2
50,เชียงใหม่,7,แม่อาย,ท่าตอน,13,21,4,มิติใหม่,3
50,เชียงใหม่,7,แม่อาย,ท่าตอน,13,21,5,รวมใจไทย,20
50,เชียงใหม่,7,แม่อาย,ท่าตอน,13,21,6,รวมไทยสร้างชาติ,9
50,เชียงใหม่,7,แม่อาย,ท่าตอน,13,21,7,พลวัต,20
50,เชียงใหม่,7,แม่อาย,ท่าตอน,13,21,8,ประชาธิปไตยใหม่,3
50,เชียงใหม่,7,แม่อาย,ท่าตอน,13,21,9,เพื่อไทย,50
50,เชียงใหม่,7,แม่อาย,ท่าตอน,13,21,10,ทางเลือกใหม่,0
50,เชียงใหม่,7,แม่อาย,ท่าตอน,13,21,11,เศรษฐกิจ,6
50,เชียงใหม่,7,แม่อาย,ท่าตอน,13,21,12,เสรีรวมไทย,1
50,เชียงใหม่,7,แม่อาย,ท่าตอน,13,21,13,รวมพลังประชาชน,9
50,เชียงใหม่,7,แม่อาย,ท่าตอน,13,21,14,ท้องที่ไทย,2
50,เชียงใหม่,7,แม่อาย,ท่าตอน,13,21,15,อนาคตไทย,0
50,เชียงใหม่,7,แม่อาย,ท่าตอน,13,21,16,พลังเพื่อไทย,2
50,เชียงใหม่,7,แม่อาย,ท่าตอน,13,21,17,ไทยชนะ,5
50,เชียงใหม่,7,แม่อาย,ท่าตอน,13,21,18,พลังสังคมใหม่,0
50,เชียงใหม่,7,แม่อาย,ท่าตอน,13,21,19,สังคมประชาธิปไตย,0
50,เชียงใหม่,7,แม่อาย,ท่าตอน,13,21,20,ฟิวชัน,1
50,เชียงใหม่,7,แม่อาย,ท่าตอน,13,21,21,ไทยรวมพลัง,0
50,เชียงใหม่,7,แม่อาย,ท่าตอน,13,21,22,ก้าวอิสระ,1
50,เชียงใหม่,7,แม่อาย,ท่าตอน,13,21,23,ปวงชนไทย,1
50,เชียงใหม่,7,แม่อาย,ท่าตอน,13,21,24,วิชชั่นใหม่,1
50,เชียงใหม่,7,แม่อาย,ท่าตอน,13,21,25,เพื่อชีวิตใหม่,1
50,เชียงใหม่,7,แม่อาย,ท่าตอน,13,21,26,คลองไทย,3
50,เชียงใหม่,7,แม่อาย,ท่าตอน,13,21,27,ประชาธิปัตย์,35
50,เชียงใหม่,7,แม่อาย,ท่าตอน,13,21,28,ไทยก้าวหน้า,0
50,เชียงใหม่,7,แม่อาย,ท่าตอน,13,21,29,ไทยภักดี,1
50,เชียงใหม่,7,แม่อาย,ท่าตอน,13,21,30,แรงงานสร้างชาติ,2
50,เชียงใหม่,7,แม่อาย,ท่าตอน,13,21,31,ประชากรไทย,0
50,เชียงใหม่,7,แม่อาย,ท่าตอน,13,21,32,ครูไทยเพื่อประชาชน,0
50,เชียงใหม่,7,แม่อาย,ท่าตอน,13,21,33,ประชาชาติ,2
50,เชียงใหม่,7,แม่อาย,ท่าตอน,13,21,34,สร้างอนาคตไทย,0
50,เชียงใหม่,7,แม่อาย,ท่าตอน,13,21,35,รักชาติ,2
50,เชียงใหม่,7,แม่อาย,ท่าตอน,13,21,36,ไทยพร้อม,7
50,เชียงใหม่,7,แม่อาย,ท่าตอน,13,21,37,ภูมิใจไทย,36
50,เชียงใหม่,7,แม่อาย,ท่าตอน,13,21,38,พลังธรรมใหม่,2
50,เชียงใหม่,7,แม่อาย,ท่าตอน,13,21,39,กรีน,0
50,เชียงใหม่,7,แม่อาย,ท่าตอน,13,21,40,ไทยธรรม,1
50,เชียงใหม่,7,แม่อาย,ท่าตอน,13,21,41,แผ่นดินธรรม,0
50,เชียงใหม่,7,แม่อาย,ท่าตอน,13,21,42,กล้าธรรม,24
50,เชียงใหม่,7,แม่อาย,ท่าตอน,13,21,43,พลังประชารัฐ,6
50,เชียงใหม่,7,แม่อาย,ท่าตอน,13,21,44,โอกาสใหม่,0
50,เชียงใหม่,7,แม่อาย,ท่าตอน,13,21,45,เป็นธรรม,0
50,เชียงใหม่,7,แม่อาย,ท่าตอน,13,21,46,ประชาชน,114
50,เชียงใหม่,7,แม่อาย,ท่าตอน,13,21,47,ประชาไทย,0
50,เชียงใหม่,7,แม่อาย,ท่าตอน,13,21,48,ไทยสร้างไทย,1
50,เชียงใหม่,7,แม่อาย,ท่าตอน,13,21,49,ไทยก้าวใหม่,2
50,เชียงใหม่,7,แม่อาย,ท่าตอน,13,21,50,ประชาอาสาชาติ,0
50,เชียงใหม่,7,แม่อาย,ท่าตอน,13,21,51,พร้อม,0
50,เชียงใหม่,7,แม่อาย,ท่าตอน,13,21,52,เครือข่ายชาวนาแห่งประเทศไทย,0
50,เชียงใหม่,7,แม่อาย,ท่าตอน,13,21,53,ไทยพิทักษ์ธรรม,1
50,เชียงใหม่,7,แม่อาย,ท่าตอน,13,21,54,ความหวังใหม่,0
50,เชียงใหม่,7,แม่อาย,ท่าตอน,13,21,55,ไทยรวมไทย,0
50,เชียงใหม่,7,แม่อาย,ท่าตอน,13,21,56,เพื่อบ้านเมือง,2
50,เชียงใหม่,7,แม่อาย,ท่าตอน,13,21,57,พลังไทยรักชาติ,2
50,เชียงใหม่,7,แม่อาย,ท่าตอน,14,22,1,ไทยทรัพย์ทวี,1
50,เชียงใหม่,7,แม่อาย,ท่าตอน,14,22,2,เพื่อชาติไทย,1
50,เชียงใหม่,7,แม่อาย,ท่าตอน,14,22,3,ใหม่,1
50,เชียงใหม่,7,แม่อาย,ท่าตอน,14,22,4,มิติใหม่,1
50,เชียงใหม่,7,แม่อาย,ท่าตอน,14,22,5,รวมใจไทย,2
50,เชียงใหม่,7,แม่อาย,ท่าตอน,14,22,6,รวมไทยสร้างชาติ,10
50,เชียงใหม่,7,แม่อาย,ท่าตอน,14,22,7,พลวัต,7
50,เชียงใหม่,7,แม่อาย,ท่าตอน,14,22,8,ประชาธิปไตยใหม่,1
50,เชียงใหม่,7,แม่อาย,ท่าตอน,14,22,9,เพื่อไทย,61
50,เชียงใหม่,7,แม่อาย,ท่าตอน,14,22,10,ทางเลือกใหม่,0
50,เชียงใหม่,7,แม่อาย,ท่าตอน,14,22,11,เศรษฐกิจ,8
50,เชียงใหม่,7,แม่อาย,ท่าตอน,14,22,12,เสรีรวมไทย,4
50,เชียงใหม่,7,แม่อาย,ท่าตอน,14,22,13,รวมพลังประชาชน,3
50,เชียงใหม่,7,แม่อาย,ท่าตอน,14,22,14,ท้องที่ไทย,1
50,เชียงใหม่,7,แม่อาย,ท่าตอน,14,22,15,อนาคตไทย,0
50,เชียงใหม่,7,แม่อาย,ท่าตอน,14,22,16,พลังเพื่อไทย,0
50,เชียงใหม่,7,แม่อาย,ท่าตอน,14,22,17,ไทยชนะ,3
50,เชียงใหม่,7,แม่อาย,ท่าตอน,14,22,18,พลังสังคมใหม่,0
50,เชียงใหม่,7,แม่อาย,ท่าตอน,14,22,19,สังคมประชาธิปไตย,1
50,เชียงใหม่,7,แม่อาย,ท่าตอน,14,22,20,ฟิวชัน,1
50,เชียงใหม่,7,แม่อาย,ท่าตอน,14,22,21,ไทยรวมพลัง,0
50,เชียงใหม่,7,แม่อาย,ท่าตอน,14,22,22,ก้าวอิสระ,1
50,เชียงใหม่,7,แม่อาย,ท่าตอน,14,22,23,ปวงชนไทย,0
50,เชียงใหม่,7,แม่อาย,ท่าตอน,14,22,24,วิชชั่นใหม่,0
50,เชียงใหม่,7,แม่อาย,ท่าตอน,14,22,25,เพื่อชีวิตใหม่,0
50,เชียงใหม่,7,แม่อาย,ท่าตอน,14,22,26,คลองไทย,0
50,เชียงใหม่,7,แม่อาย,ท่าตอน,14,22,27,ประชาธิปัตย์,9
50,เชียงใหม่,7,แม่อาย,ท่าตอน,14,22,28,ไทยก้าวหน้า,0
50,เชียงใหม่,7,แม่อาย,ท่าตอน,14,22,29,ไทยภักดี,4
50,เชียงใหม่,7,แม่อาย,ท่าตอน,14,22,30,แรงงานสร้างชาติ,1
50,เชียงใหม่,7,แม่อาย,ท่าตอน,14,22,31,ประชากรไทย,1
50,เชียงใหม่,7,แม่อาย,ท่าตอน,14,22,32,ครูไทยเพื่อประชาชน,0
50,เชียงใหม่,7,แม่อาย,ท่าตอน,14,22,33,ประชาชาติ,0
50,เชียงใหม่,7,แม่อาย,ท่าตอน,14,22,34,สร้างอนาคตไทย,0
50,เชียงใหม่,7,แม่อาย,ท่าตอน,14,22,35,รักชาติ,3
50,เชียงใหม่,7,แม่อาย,ท่าตอน,14,22,36,ไทยพร้อม,0
50,เชียงใหม่,7,แม่อาย,ท่าตอน,14,22,37,ภูมิใจไทย,34
50,เชียงใหม่,7,แม่อาย,ท่าตอน,14,22,38,พลังธรรมใหม่,0
50,เชียงใหม่,7,แม่อาย,ท่าตอน,14,22,39,กรีน,0
50,เชียงใหม่,7,แม่อาย,ท่าตอน,14,22,40,ไทยธรรม,0
50,เชียงใหม่,7,แม่อาย,ท่าตอน,14,22,41,แผ่นดินธรรม,0
50,เชียงใหม่,7,แม่อาย,ท่าตอน,14,22,42,กล้าธรรม,9
50,เชียงใหม่,7,แม่อาย,ท่าตอน,14,22,43,พลังประชารัฐ,7
50,เชียงใหม่,7,แม่อาย,ท่าตอน,14,22,44,โอกาสใหม่,0
50,เชียงใหม่,7,แม่อาย,ท่าตอน,14,22,45,เป็นธรรม,0
50,เชียงใหม่,7,แม่อาย,ท่าตอน,14,22,46,ประชาชน,91
50,เชียงใหม่,7,แม่อาย,ท่าตอน,14,22,47,ประชาไทย,1
50,เชียงใหม่,7,แม่อาย,ท่าตอน,14,22,48,ไทยสร้างไทย,1
50,เชียงใหม่,7,แม่อาย,ท่าตอน,14,22,49,ไทยก้าวใหม่,0
50,เชียงใหม่,7,แม่อาย,ท่าตอน,14,22,50,ประชาอาสาชาติ,0
50,เชียงใหม่,7,แม่อาย,ท่าตอน,14,22,51,พร้อม,0
50,เชียงใหม่,7,แม่อาย,ท่าตอน,14,22,52,เครือข่ายชาวนาแห่งประเทศไทย,0
50,เชียงใหม่,7,แม่อาย,ท่าตอน,14,22,53,ไทยพิทักษ์ธรรม,0
50,เชียงใหม่,7,แม่อาย,ท่าตอน,14,22,54,ความหวังใหม่,0
50,เชียงใหม่,7,แม่อาย,ท่าตอน,14,22,55,ไทยรวมไทย,0
50,เชียงใหม่,7,แม่อาย,ท่าตอน,14,22,56,เพื่อบ้านเมือง,0
50,เชียงใหม่,7,แม่อาย,ท่าตอน,14,22,57,พลังไทยรักชาติ,0
50,เชียงใหม่,7,แม่อาย,ท่าตอน,14,23,1,ไทยทรัพย์ทวี,3
50,เชียงใหม่,7,แม่อาย,ท่าตอน,14,23,2,เพื่อชาติไทย,6
50,เชียงใหม่,7,แม่อาย,ท่าตอน,14,23,3,ใหม่,2
50,เชียงใหม่,7,แม่อาย,ท่าตอน,14,23,4,มิติใหม่,0
50,เชียงใหม่,7,แม่อาย,ท่าตอน,14,23,5,รวมใจไทย,3
50,เชียงใหม่,7,แม่อาย,ท่าตอน,14,23,6,รวมไทยสร้างชาติ,6
50,เชียงใหม่,7,แม่อาย,ท่าตอน,14,23,7,พลวัต,7
50,เชียงใหม่,7,แม่อาย,ท่าตอน,14,23,8,ประชาธิปไตยใหม่,0
50,เชียงใหม่,7,แม่อาย,ท่าตอน,14,23,9,เพื่อไทย,51
50,เชียงใหม่,7,แม่อาย,ท่าตอน,14,23,10,ทางเลือกใหม่,1
50,เชียงใหม่,7,แม่อาย,ท่าตอน,14,23,11,เศรษฐกิจ,9
50,เชียงใหม่,7,แม่อาย,ท่าตอน,14,23,12,เสรีรวมไทย,3
50,เชียงใหม่,7,แม่อาย,ท่าตอน,14,23,13,รวมพลังประชาชน,5
50,เชียงใหม่,7,แม่อาย,ท่าตอน,14,23,14,ท้องที่ไทย,0
50,เชียงใหม่,7,แม่อาย,ท่าตอน,14,23,15,อนาคตไทย,0
50,เชียงใหม่,7,แม่อาย,ท่าตอน,14,23,16,พลังเพื่อไทย,0
50,เชียงใหม่,7,แม่อาย,ท่าตอน,14,23,17,ไทยชนะ,2
50,เชียงใหม่,7,แม่อาย,ท่าตอน,14,23,18,พลังสังคมใหม่,0
50,เชียงใหม่,7,แม่อาย,ท่าตอน,14,23,19,สังคมประชาธิปไตย,0
50,เชียงใหม่,7,แม่อาย,ท่าตอน,14,23,20,ฟิวชัน,2
50,เชียงใหม่,7,แม่อาย,ท่าตอน,14,23,21,ไทยรวมพลัง,0
50,เชียงใหม่,7,แม่อาย,ท่าตอน,14,23,22,ก้าวอิสระ,0
50,เชียงใหม่,7,แม่อาย,ท่าตอน,14,23,23,ปวงชนไทย,0
50,เชียงใหม่,7,แม่อาย,ท่าตอน,14,23,24,วิชชั่นใหม่,1
50,เชียงใหม่,7,แม่อาย,ท่าตอน,14,23,25,เพื่อชีวิตใหม่,0
50,เชียงใหม่,7,แม่อาย,ท่าตอน,14,23,26,คลองไทย,0
50,เชียงใหม่,7,แม่อาย,ท่าตอน,14,23,27,ประชาธิปัตย์,10
50,เชียงใหม่,7,แม่อาย,ท่าตอน,14,23,28,ไทยก้าวหน้า,1
50,เชียงใหม่,7,แม่อาย,ท่าตอน,14,23,29,ไทยภักดี,0
50,เชียงใหม่,7,แม่อาย,ท่าตอน,14,23,30,แรงงานสร้างชาติ,0
50,เชียงใหม่,7,แม่อาย,ท่าตอน,14,23,31,ประชากรไทย,3
50,เชียงใหม่,7,แม่อาย,ท่าตอน,14,23,32,ครูไทยเพื่อประชาชน,1
50,เชียงใหม่,7,แม่อาย,ท่าตอน,14,23,33,ประชาชาติ,1
50,เชียงใหม่,7,แม่อาย,ท่าตอน,14,23,34,สร้างอนาคตไทย,0
50,เชียงใหม่,7,แม่อาย,ท่าตอน,14,23,35,รักชาติ,0
50,เชียงใหม่,7,แม่อาย,ท่าตอน,14,23,36,ไทยพร้อม,1
50,เชียงใหม่,7,แม่อาย,ท่าตอน,14,23,37,ภูมิใจไทย,24
50,เชียงใหม่,7,แม่อาย,ท่าตอน,14,23,38,พลังธรรมใหม่,1
50,เชียงใหม่,7,แม่อาย,ท่าตอน,14,23,39,กรีน,0
50,เชียงใหม่,7,แม่อาย,ท่าตอน,14,23,40,ไทยธรรม,0
50,เชียงใหม่,7,แม่อาย,ท่าตอน,14,23,41,แผ่นดินธรรม,0
50,เชียงใหม่,7,แม่อาย,ท่าตอน,14,23,42,กล้าธรรม,10
50,เชียงใหม่,7,แม่อาย,ท่าตอน,14,23,43,พลังประชารัฐ,6
50,เชียงใหม่,7,แม่อาย,ท่าตอน,14,23,44,โอกาสใหม่,0
50,เชียงใหม่,7,แม่อาย,ท่าตอน,14,23,45,เป็นธรรม,0
50,เชียงใหม่,7,แม่อาย,ท่าตอน,14,23,46,ประชาชน,114
50,เชียงใหม่,7,แม่อาย,ท่าตอน,14,23,47,ประชาไทย,1
50,เชียงใหม่,7,แม่อาย,ท่าตอน,14,23,48,ไทยสร้างไทย,0
50,เชียงใหม่,7,แม่อาย,ท่าตอน,14,23,49,ไทยก้าวใหม่,0
50,เชียงใหม่,7,แม่อาย,ท่าตอน,14,23,50,ประชาอาสาชาติ,0
50,เชียงใหม่,7,แม่อาย,ท่าตอน,14,23,51,พร้อม,0
50,เชียงใหม่,7,แม่อาย,ท่าตอน,14,23,52,เครือข่ายชาวนาแห่งประเทศไทย,0
50,เชียงใหม่,7,แม่อาย,ท่าตอน,14,23,53,ไทยพิทักษ์ธรรม,0
50,เชียงใหม่,7,แม่อาย,ท่าตอน,14,23,54,ความหวังใหม่,0
50,เชียงใหม่,7,แม่อาย,ท่าตอน,14,23,55,ไทยรวมไทย,0
50,เชียงใหม่,7,แม่อาย,ท่าตอน,14,23,56,เพื่อบ้านเมือง,0
50,เชียงใหม่,7,แม่อาย,ท่าตอน,14,23,57,พลังไทยรักชาติ,0
50,เชียงใหม่,7,แม่อาย,ท่าตอน,15,24,1,ไทยทรัพย์ทวี,4
50,เชียงใหม่,7,แม่อาย,ท่าตอน,15,24,2,เพื่อชาติไทย,3
50,เชียงใหม่,7,แม่อาย,ท่าตอน,15,24,3,ใหม่,0
50,เชียงใหม่,7,แม่อาย,ท่าตอน,15,24,4,มิติใหม่,3
50,เชียงใหม่,7,แม่อาย,ท่าตอน,15,24,5,รวมใจไทย,10
50,เชียงใหม่,7,แม่อาย,ท่าตอน,15,24,6,รวมไทยสร้างชาติ,8
50,เชียงใหม่,7,แม่อาย,ท่าตอน,15,24,7,พลวัต,8
50,เชียงใหม่,7,แม่อาย,ท่าตอน,15,24,8,ประชาธิปไตยใหม่,2
50,เชียงใหม่,7,แม่อาย,ท่าตอน,15,24,9,เพื่อไทย,18
50,เชียงใหม่,7,แม่อาย,ท่าตอน,15,24,10,ทางเลือกใหม่,0
50,เชียงใหม่,7,แม่อาย,ท่าตอน,15,24,11,เศรษฐกิจ,6
50,เชียงใหม่,7,แม่อาย,ท่าตอน,15,24,12,เสรีรวมไทย,1
50,เชียงใหม่,7,แม่อาย,ท่าตอน,15,24,13,รวมพลังประชาชน,2
50,เชียงใหม่,7,แม่อาย,ท่าตอน,15,24,14,ท้องที่ไทย,2
50,เชียงใหม่,7,แม่อาย,ท่าตอน,15,24,15,อนาคตไทย,1
50,เชียงใหม่,7,แม่อาย,ท่าตอน,15,24,16,พลังเพื่อไทย,2
50,เชียงใหม่,7,แม่อาย,ท่าตอน,15,24,17,ไทยชนะ,3
50,เชียงใหม่,7,แม่อาย,ท่าตอน,15,24,18,พลังสังคมใหม่,0
50,เชียงใหม่,7,แม่อาย,ท่าตอน,15,24,19,สังคมประชาธิปไตย,0
50,เชียงใหม่,7,แม่อาย,ท่าตอน,15,24,20,ฟิวชัน,2
50,เชียงใหม่,7,แม่อาย,ท่าตอน,15,24,21,ไทยรวมพลัง,0
50,เชียงใหม่,7,แม่อาย,ท่าตอน,15,24,22,ก้าวอิสระ,0
50,เชียงใหม่,7,แม่อาย,ท่าตอน,15,24,23,ปวงชนไทย,0
50,เชียงใหม่,7,แม่อาย,ท่าตอน,15,24,24,วิชชั่นใหม่,0
50,เชียงใหม่,7,แม่อาย,ท่าตอน,15,24,25,เพื่อชีวิตใหม่,2
50,เชียงใหม่,7,แม่อาย,ท่าตอน,15,24,26,คลองไทย,0
50,เชียงใหม่,7,แม่อาย,ท่าตอน,15,24,27,ประชาธิปัตย์,3
50,เชียงใหม่,7,แม่อาย,ท่าตอน,15,24,28,ไทยก้าวหน้า,2
50,เชียงใหม่,7,แม่อาย,ท่าตอน,15,24,29,ไทยภักดี,2
50,เชียงใหม่,7,แม่อาย,ท่าตอน,15,24,30,แรงงานสร้างชาติ,1
50,เชียงใหม่,7,แม่อาย,ท่าตอน,15,24,31,ประชากรไทย,5
50,เชียงใหม่,7,แม่อาย,ท่าตอน,15,24,32,ครูไทยเพื่อประชาชน,0
50,เชียงใหม่,7,แม่อาย,ท่าตอน,15,24,33,ประชาชาติ,2
50,เชียงใหม่,7,แม่อาย,ท่าตอน,15,24,34,สร้างอนาคตไทย,3
50,เชียงใหม่,7,แม่อาย,ท่าตอน,15,24,35,รักชาติ,1
50,เชียงใหม่,7,แม่อาย,ท่าตอน,15,24,36,ไทยพร้อม,5
50,เชียงใหม่,7,แม่อาย,ท่าตอน,15,24,37,ภูมิใจไทย,5
50,เชียงใหม่,7,แม่อาย,ท่าตอน,15,24,38,พลังธรรมใหม่,1
50,เชียงใหม่,7,แม่อาย,ท่าตอน,15,24,39,กรีน,0
50,เชียงใหม่,7,แม่อาย,ท่าตอน,15,24,40,ไทยธรรม,0
50,เชียงใหม่,7,แม่อาย,ท่าตอน,15,24,41,แผ่นดินธรรม,1
50,เชียงใหม่,7,แม่อาย,ท่าตอน,15,24,42,กล้าธรรม,5
50,เชียงใหม่,7,แม่อาย,ท่าตอน,15,24,43,พลังประชารัฐ,2
50,เชียงใหม่,7,แม่อาย,ท่าตอน,15,24,44,โอกาสใหม่,0
50,เชียงใหม่,7,แม่อาย,ท่าตอน,15,24,45,เป็นธรรม,0
50,เชียงใหม่,7,แม่อาย,ท่าตอน,15,24,46,ประชาชน,55
50,เชียงใหม่,7,แม่อาย,ท่าตอน,15,24,47,ประชาไทย,0
50,เชียงใหม่,7,แม่อาย,ท่าตอน,15,24,48,ไทยสร้างไทย,1
50,เชียงใหม่,7,แม่อาย,ท่าตอน,15,24,49,ไทยก้าวใหม่,0
50,เชียงใหม่,7,แม่อาย,ท่าตอน,15,24,50,ประชาอาสาชาติ,0
50,เชียงใหม่,7,แม่อาย,ท่าตอน,15,24,51,พร้อม,0
50,เชียงใหม่,7,แม่อาย,ท่าตอน,15,24,52,เครือข่ายชาวนาแห่งประเทศไทย,0
50,เชียงใหม่,7,แม่อาย,ท่าตอน,15,24,53,ไทยพิทักษ์ธรรม,0
50,เชียงใหม่,7,แม่อาย,ท่าตอน,15,24,54,ความหวังใหม่,0
50,เชียงใหม่,7,แม่อาย,ท่าตอน,15,24,55,ไทยรวมไทย,0
50,เชียงใหม่,7,แม่อาย,ท่าตอน,15,24,56,เพื่อบ้านเมือง,1
50,เชียงใหม่,7,แม่อาย,ท่าตอน,15,24,57,พลังไทยรักชาติ,1
50,เชียงใหม่,7,แม่อาย,ท่าตอน,15,25,1,ไทยทรัพย์ทวี,0
50,เชียงใหม่,7,แม่อาย,ท่าตอน,15,25,2,เพื่อชาติไทย,9
50,เชียงใหม่,7,แม่อาย,ท่าตอน,15,25,3,ใหม่,0
50,เชียงใหม่,7,แม่อาย,ท่าตอน,15,25,4,มิติใหม่,3
50,เชียงใหม่,7,แม่อาย,ท่าตอน,15,25,5,รวมใจไทย,14
50,เชียงใหม่,7,แม่อาย,ท่าตอน,15,25,6,รวมไทยสร้างชาติ,2
50,เชียงใหม่,7,แม่อาย,ท่าตอน,15,25,7,พลวัต,2
50,เชียงใหม่,7,แม่อาย,ท่าตอน,15,25,8,ประชาธิปไตยใหม่,0
50,เชียงใหม่,7,แม่อาย,ท่าตอน,15,25,9,เพื่อไทย,17
50,เชียงใหม่,7,แม่อาย,ท่าตอน,15,25,10,ทางเลือกใหม่,3
50,เชียงใหม่,7,แม่อาย,ท่าตอน,15,25,11,เศรษฐกิจ,6
50,เชียงใหม่,7,แม่อาย,ท่าตอน,15,25,12,เสรีรวมไทย,1
50,เชียงใหม่,7,แม่อาย,ท่าตอน,15,25,13,รวมพลังประชาชน,5
50,เชียงใหม่,7,แม่อาย,ท่าตอน,15,25,14,ท้องที่ไทย,0
50,เชียงใหม่,7,แม่อาย,ท่าตอน,15,25,15,อนาคตไทย,2
50,เชียงใหม่,7,แม่อาย,ท่าตอน,15,25,16,พลังเพื่อไทย,2
50,เชียงใหม่,7,แม่อาย,ท่าตอน,15,25,17,ไทยชนะ,1
50,เชียงใหม่,7,แม่อาย,ท่าตอน,15,25,18,พลังสังคมใหม่,1
50,เชียงใหม่,7,แม่อาย,ท่าตอน,15,25,19,สังคมประชาธิปไตย,0
50,เชียงใหม่,7,แม่อาย,ท่าตอน,15,25,20,ฟิวชัน,0
50,เชียงใหม่,7,แม่อาย,ท่าตอน,15,25,21,ไทยรวมพลัง,0
50,เชียงใหม่,7,แม่อาย,ท่าตอน,15,25,22,ก้าวอิสระ,1
50,เชียงใหม่,7,แม่อาย,ท่าตอน,15,25,23,ปวงชนไทย,2
50,เชียงใหม่,7,แม่อาย,ท่าตอน,15,25,24,วิชชั่นใหม่,0
50,เชียงใหม่,7,แม่อาย,ท่าตอน,15,25,25,เพื่อชีวิตใหม่,0
50,เชียงใหม่,7,แม่อาย,ท่าตอน,15,25,26,คลองไทย,1
50,เชียงใหม่,7,แม่อาย,ท่าตอน,15,25,27,ประชาธิปัตย์,7
50,เชียงใหม่,7,แม่อาย,ท่าตอน,15,25,28,ไทยก้าวหน้า,0
50,เชียงใหม่,7,แม่อาย,ท่าตอน,15,25,29,ไทยภักดี,0
50,เชียงใหม่,7,แม่อาย,ท่าตอน,15,25,30,แรงงานสร้างชาติ,0
50,เชียงใหม่,7,แม่อาย,ท่าตอน,15,25,31,ประชากรไทย,0
50,เชียงใหม่,7,แม่อาย,ท่าตอน,15,25,32,ครูไทยเพื่อประชาชน,0
50,เชียงใหม่,7,แม่อาย,ท่าตอน,15,25,33,ประชาชาติ,1
50,เชียงใหม่,7,แม่อาย,ท่าตอน,15,25,34,สร้างอนาคตไทย,2
50,เชียงใหม่,7,แม่อาย,ท่าตอน,15,25,35,รักชาติ,1
50,เชียงใหม่,7,แม่อาย,ท่าตอน,15,25,36,ไทยพร้อม,0
50,เชียงใหม่,7,แม่อาย,ท่าตอน,15,25,37,ภูมิใจไทย,1
50,เชียงใหม่,7,แม่อาย,ท่าตอน,15,25,38,พลังธรรมใหม่,1
50,เชียงใหม่,7,แม่อาย,ท่าตอน,15,25,39,กรีน,0
50,เชียงใหม่,7,แม่อาย,ท่าตอน,15,25,40,ไทยธรรม,0
50,เชียงใหม่,7,แม่อาย,ท่าตอน,15,25,41,แผ่นดินธรรม,0
50,เชียงใหม่,7,แม่อาย,ท่าตอน,15,25,42,กล้าธรรม,8
50,เชียงใหม่,7,แม่อาย,ท่าตอน,15,25,43,พลังประชารัฐ,2
50,เชียงใหม่,7,แม่อาย,ท่าตอน,15,25,44,โอกาสใหม่,0
50,เชียงใหม่,7,แม่อาย,ท่าตอน,15,25,45,เป็นธรรม,0
50,เชียงใหม่,7,แม่อาย,ท่าตอน,15,25,46,ประชาชน,68
50,เชียงใหม่,7,แม่อาย,ท่าตอน,15,25,47,ประชาไทย,0
50,เชียงใหม่,7,แม่อาย,ท่าตอน,15,25,48,ไทยสร้างไทย,0
50,เชียงใหม่,7,แม่อาย,ท่าตอน,15,25,49,ไทยก้าวใหม่,2
50,เชียงใหม่,7,แม่อาย,ท่าตอน,15,25,50,ประชาอาสาชาติ,0
50,เชียงใหม่,7,แม่อาย,ท่าตอน,15,25,51,พร้อม,0
50,เชียงใหม่,7,แม่อาย,ท่าตอน,15,25,52,เครือข่ายชาวนาแห่งประเทศไทย,0
50,เชียงใหม่,7,แม่อาย,ท่าตอน,15,25,53,ไทยพิทักษ์ธรรม,0
50,เชียงใหม่,7,แม่อาย,ท่าตอน,15,25,54,ความหวังใหม่,0
50,เชียงใหม่,7,แม่อาย,ท่าตอน,15,25,55,ไทยรวมไทย,0
50,เชียงใหม่,7,แม่อาย,ท่าตอน,15,25,56,เพื่อบ้านเมือง,0
50,เชียงใหม่,7,แม่อาย,ท่าตอน,15,25,57,พลังไทยรักชาติ,0
50,เชียงใหม่,7,แม่อาย,บ้านหลวง,1,1,1,ไทยทรัพย์ทวี,3
50,เชียงใหม่,7,แม่อาย,บ้านหลวง,1,1,2,เพื่อชาติไทย,8
50,เชียงใหม่,7,แม่อาย,บ้านหลวง,1,1,3,ใหม่,0
50,เชียงใหม่,7,แม่อาย,บ้านหลวง,1,1,4,มิติใหม่,3
50,เชียงใหม่,7,แม่อาย,บ้านหลวง,1,1,5,รวมใจไทย,4
50,เชียงใหม่,7,แม่อาย,บ้านหลวง,1,1,6,รวมไทยสร้างชาติ,5
50,เชียงใหม่,7,แม่อาย,บ้านหลวง,1,1,7,พลวัต,3
50,เชียงใหม่,7,แม่อาย,บ้านหลวง,1,1,8,ประชาธิปไตยใหม่,1
50,เชียงใหม่,7,แม่อาย,บ้านหลวง,1,1,9,เพื่อไทย,108
50,เชียงใหม่,7,แม่อาย,บ้านหลวง,1,1,10,ทางเลือกใหม่,1
50,เชียงใหม่,7,แม่อาย,บ้านหลวง,1,1,11,เศรษฐกิจ,3
50,เชียงใหม่,7,แม่อาย,บ้านหลวง,1,1,12,เสรีรวมไทย,1
50,เชียงใหม่,7,แม่อาย,บ้านหลวง,1,1,13,รวมพลังประชาชน,2
50,เชียงใหม่,7,แม่อาย,บ้านหลวง,1,1,14,ท้องที่ไทย,2
50,เชียงใหม่,7,แม่อาย,บ้านหลวง,1,1,15,อนาคตไทย,1
50,เชียงใหม่,7,แม่อาย,บ้านหลวง,1,1,16,พลังเพื่อไทย,0
50,เชียงใหม่,7,แม่อาย,บ้านหลวง,1,1,17,ไทยชนะ,0
50,เชียงใหม่,7,แม่อาย,บ้านหลวง,1,1,18,พลังสังคมใหม่,0
50,เชียงใหม่,7,แม่อาย,บ้านหลวง,1,1,19,สังคมประชาธิปไตย,0
50,เชียงใหม่,7,แม่อาย,บ้านหลวง,1,1,20,ฟิวชัน,1
50,เชียงใหม่,7,แม่อาย,บ้านหลวง,1,1,21,ไทยรวมพลัง,0
50,เชียงใหม่,7,แม่อาย,บ้านหลวง,1,1,22,ก้าวอิสระ,2
50,เชียงใหม่,7,แม่อาย,บ้านหลวง,1,1,23,ปวงชนไทย,0
50,เชียงใหม่,7,แม่อาย,บ้านหลวง,1,1,24,วิชชั่นใหม่,0
50,เชียงใหม่,7,แม่อาย,บ้านหลวง,1,1,25,เพื่อชีวิตใหม่,0
50,เชียงใหม่,7,แม่อาย,บ้านหลวง,1,1,26,คลองไทย,1
50,เชียงใหม่,7,แม่อาย,บ้านหลวง,1,1,27,ประชาธิปัตย์,4
50,เชียงใหม่,7,แม่อาย,บ้านหลวง,1,1,28,ไทยก้าวหน้า,1
50,เชียงใหม่,7,แม่อาย,บ้านหลวง,1,1,29,ไทยภักดี,0
50,เชียงใหม่,7,แม่อาย,บ้านหลวง,1,1,30,แรงงานสร้างชาติ,1
50,เชียงใหม่,7,แม่อาย,บ้านหลวง,1,1,31,ประชากรไทย,1
50,เชียงใหม่,7,แม่อาย,บ้านหลวง,1,1,32,ครูไทยเพื่อประชาชน,1
50,เชียงใหม่,7,แม่อาย,บ้านหลวง,1,1,33,ประชาชาติ,1
50,เชียงใหม่,7,แม่อาย,บ้านหลวง,1,1,34,สร้างอนาคตไทย,1
50,เชียงใหม่,7,แม่อาย,บ้านหลวง,1,1,35,รักชาติ,0
50,เชียงใหม่,7,แม่อาย,บ้านหลวง,1,1,36,ไทยพร้อม,2
50,เชียงใหม่,7,แม่อาย,บ้านหลวง,1,1,37,ภูมิใจไทย,12
50,เชียงใหม่,7,แม่อาย,บ้านหลวง,1,1,38,พลังธรรมใหม่,1
50,เชียงใหม่,7,แม่อาย,บ้านหลวง,1,1,39,กรีน,0
50,เชียงใหม่,7,แม่อาย,บ้านหลวง,1,1,40,ไทยธรรม,0
50,เชียงใหม่,7,แม่อาย,บ้านหลวง,1,1,41,แผ่นดินธรรม,0
50,เชียงใหม่,7,แม่อาย,บ้านหลวง,1,1,42,กล้าธรรม,26
50,เชียงใหม่,7,แม่อาย,บ้านหลวง,1,1,43,พลังประชารัฐ,0
50,เชียงใหม่,7,แม่อาย,บ้านหลวง,1,1,44,โอกาสใหม่,0
50,เชียงใหม่,7,แม่อาย,บ้านหลวง,1,1,45,เป็นธรรม,1
50,เชียงใหม่,7,แม่อาย,บ้านหลวง,1,1,46,ประชาชน,90
50,เชียงใหม่,7,แม่อาย,บ้านหลวง,1,1,47,ประชาไทย,0
50,เชียงใหม่,7,แม่อาย,บ้านหลวง,1,1,48,ไทยสร้างไทย,1
50,เชียงใหม่,7,แม่อาย,บ้านหลวง,1,1,49,ไทยก้าวใหม่,0
50,เชียงใหม่,7,แม่อาย,บ้านหลวง,1,1,50,ประชาอาสาชาติ,1
50,เชียงใหม่,7,แม่อาย,บ้านหลวง,1,1,51,พร้อม,0
50,เชียงใหม่,7,แม่อาย,บ้านหลวง,1,1,52,เครือข่ายชาวนาแห่งประเทศไทย,0
50,เชียงใหม่,7,แม่อาย,บ้านหลวง,1,1,53,ไทยพิทักษ์ธรรม,0
50,เชียงใหม่,7,แม่อาย,บ้านหลวง,1,1,54,ความหวังใหม่,0
50,เชียงใหม่,7,แม่อาย,บ้านหลวง,1,1,55,ไทยรวมไทย,0
50,เชียงใหม่,7,แม่อาย,บ้านหลวง,1,1,56,เพื่อบ้านเมือง,0
50,เชียงใหม่,7,แม่อาย,บ้านหลวง,1,1,57,พลังไทยรักชาติ,0
50,เชียงใหม่,7,แม่อาย,บ้านหลวง,2,2,1,ไทยทรัพย์ทวี,1
50,เชียงใหม่,7,แม่อาย,บ้านหลวง,2,2,2,เพื่อชาติไทย,3
50,เชียงใหม่,7,แม่อาย,บ้านหลวง,2,2,3,ใหม่,0
50,เชียงใหม่,7,แม่อาย,บ้านหลวง,2,2,4,มิติใหม่,0
50,เชียงใหม่,7,แม่อาย,บ้านหลวง,2,2,5,รวมใจไทย,2
50,เชียงใหม่,7,แม่อาย,บ้านหลวง,2,2,6,รวมไทยสร้างชาติ,3
50,เชียงใหม่,7,แม่อาย,บ้านหลวง,2,2,7,พลวัต,6
50,เชียงใหม่,7,แม่อาย,บ้านหลวง,2,2,8,ประชาธิปไตยใหม่,0
50,เชียงใหม่,7,แม่อาย,บ้านหลวง,2,2,9,เพื่อไทย,134
50,เชียงใหม่,7,แม่อาย,บ้านหลวง,2,2,10,ทางเลือกใหม่,0
50,เชียงใหม่,7,แม่อาย,บ้านหลวง,2,2,11,เศรษฐกิจ,5
50,เชียงใหม่,7,แม่อาย,บ้านหลวง,2,2,12,เสรีรวมไทย,1
50,เชียงใหม่,7,แม่อาย,บ้านหลวง,2,2,13,รวมพลังประชาชน,1
50,เชียงใหม่,7,แม่อาย,บ้านหลวง,2,2,14,ท้องที่ไทย,0
50,เชียงใหม่,7,แม่อาย,บ้านหลวง,2,2,15,อนาคตไทย,0
50,เชียงใหม่,7,แม่อาย,บ้านหลวง,2,2,16,พลังเพื่อไทย,0
50,เชียงใหม่,7,แม่อาย,บ้านหลวง,2,2,17,ไทยชนะ,1
50,เชียงใหม่,7,แม่อาย,บ้านหลวง,2,2,18,พลังสังคมใหม่,0
50,เชียงใหม่,7,แม่อาย,บ้านหลวง,2,2,19,สังคมประชาธิปไตย,0
50,เชียงใหม่,7,แม่อาย,บ้านหลวง,2,2,20,ฟิวชัน,0
50,เชียงใหม่,7,แม่อาย,บ้านหลวง,2,2,21,ไทยรวมพลัง,0
50,เชียงใหม่,7,แม่อาย,บ้านหลวง,2,2,22,ก้าวอิสระ,0
50,เชียงใหม่,7,แม่อาย,บ้านหลวง,2,2,23,ปวงชนไทย,0
50,เชียงใหม่,7,แม่อาย,บ้านหลวง,2,2,24,วิชชั่นใหม่,0
50,เชียงใหม่,7,แม่อาย,บ้านหลวง,2,2,25,เพื่อชีวิตใหม่,0
50,เชียงใหม่,7,แม่อาย,บ้านหลวง,2,2,26,คลองไทย,0
50,เชียงใหม่,7,แม่อาย,บ้านหลวง,2,2,27,ประชาธิปัตย์,6
50,เชียงใหม่,7,แม่อาย,บ้านหลวง,2,2,28,ไทยก้าวหน้า,0
50,เชียงใหม่,7,แม่อาย,บ้านหลวง,2,2,29,ไทยภักดี,0
50,เชียงใหม่,7,แม่อาย,บ้านหลวง,2,2,30,แรงงานสร้างชาติ,0
50,เชียงใหม่,7,แม่อาย,บ้านหลวง,2,2,31,ประชากรไทย,0
50,เชียงใหม่,7,แม่อาย,บ้านหลวง,2,2,32,ครูไทยเพื่อประชาชน,0
50,เชียงใหม่,7,แม่อาย,บ้านหลวง,2,2,33,ประชาชาติ,0
50,เชียงใหม่,7,แม่อาย,บ้านหลวง,2,2,34,สร้างอนาคตไทย,1
50,เชียงใหม่,7,แม่อาย,บ้านหลวง,2,2,35,รักชาติ,0
50,เชียงใหม่,7,แม่อาย,บ้านหลวง,2,2,36,ไทยพร้อม,1
50,เชียงใหม่,7,แม่อาย,บ้านหลวง,2,2,37,ภูมิใจไทย,5
50,เชียงใหม่,7,แม่อาย,บ้านหลวง,2,2,38,พลังธรรมใหม่,4
50,เชียงใหม่,7,แม่อาย,บ้านหลวง,2,2,39,กรีน,0
50,เชียงใหม่,7,แม่อาย,บ้านหลวง,2,2,40,ไทยธรรม,0
50,เชียงใหม่,7,แม่อาย,บ้านหลวง,2,2,41,แผ่นดินธรรม,0
50,เชียงใหม่,7,แม่อาย,บ้านหลวง,2,2,42,กล้าธรรม,2
50,เชียงใหม่,7,แม่อาย,บ้านหลวง,2,2,43,พลังประชารัฐ,5
50,เชียงใหม่,7,แม่อาย,บ้านหลวง,2,2,44,โอกาสใหม่,1
50,เชียงใหม่,7,แม่อาย,บ้านหลวง,2,2,45,เป็นธรรม,1
50,เชียงใหม่,7,แม่อาย,บ้านหลวง,2,2,46,ประชาชน,60
50,เชียงใหม่,7,แม่อาย,บ้านหลวง,2,2,47,ประชาไทย,0
50,เชียงใหม่,7,แม่อาย,บ้านหลวง,2,2,48,ไทยสร้างไทย,1
50,เชียงใหม่,7,แม่อาย,บ้านหลวง,2,2,49,ไทยก้าวใหม่,0
50,เชียงใหม่,7,แม่อาย,บ้านหลวง,2,2,50,ประชาอาสาชาติ,0
50,เชียงใหม่,7,แม่อาย,บ้านหลวง,2,2,51,พร้อม,0
50,เชียงใหม่,7,แม่อาย,บ้านหลวง,2,2,52,เครือข่ายชาวนาแห่งประเทศไทย,0
50,เชียงใหม่,7,แม่อาย,บ้านหลวง,2,2,53,ไทยพิทักษ์ธรรม,0
50,เชียงใหม่,7,แม่อาย,บ้านหลวง,2,2,54,ความหวังใหม่,0
50,เชียงใหม่,7,แม่อาย,บ้านหลวง,2,2,55,ไทยรวมไทย,0
50,เชียงใหม่,7,แม่อาย,บ้านหลวง,2,2,56,เพื่อบ้านเมือง,0
50,เชียงใหม่,7,แม่อาย,บ้านหลวง,2,2,57,พลังไทยรักชาติ,0
50,เชียงใหม่,7,แม่อาย,บ้านหลวง,3,3,1,ไทยทรัพย์ทวี,1
50,เชียงใหม่,7,แม่อาย,บ้านหลวง,3,3,2,เพื่อชาติไทย,4
50,เชียงใหม่,7,แม่อาย,บ้านหลวง,3,3,3,ใหม่,2
50,เชียงใหม่,7,แม่อาย,บ้านหลวง,3,3,4,มิติใหม่,0
50,เชียงใหม่,7,แม่อาย,บ้านหลวง,3,3,5,รวมใจไทย,27
50,เชียงใหม่,7,แม่อาย,บ้านหลวง,3,3,6,รวมไทยสร้างชาติ,4
50,เชียงใหม่,7,แม่อาย,บ้านหลวง,3,3,7,พลวัต,11
50,เชียงใหม่,7,แม่อาย,บ้านหลวง,3,3,8,ประชาธิปไตยใหม่,1
50,เชียงใหม่,7,แม่อาย,บ้านหลวง,3,3,9,เพื่อไทย,17
50,เชียงใหม่,7,แม่อาย,บ้านหลวง,3,3,10,ทางเลือกใหม่,3
50,เชียงใหม่,7,แม่อาย,บ้านหลวง,3,3,11,เศรษฐกิจ,4
50,เชียงใหม่,7,แม่อาย,บ้านหลวง,3,3,12,เสรีรวมไทย,5
50,เชียงใหม่,7,แม่อาย,บ้านหลวง,3,3,13,รวมพลังประชาชน,6
50,เชียงใหม่,7,แม่อาย,บ้านหลวง,3,3,14,ท้องที่ไทย,3
50,เชียงใหม่,7,แม่อาย,บ้านหลวง,3,3,15,อนาคตไทย,1
50,เชียงใหม่,7,แม่อาย,บ้านหลวง,3,3,16,พลังเพื่อไทย,1
50,เชียงใหม่,7,แม่อาย,บ้านหลวง,3,3,17,ไทยชนะ,2
50,เชียงใหม่,7,แม่อาย,บ้านหลวง,3,3,18,พลังสังคมใหม่,0
50,เชียงใหม่,7,แม่อาย,บ้านหลวง,3,3,19,สังคมประชาธิปไตย,1
50,เชียงใหม่,7,แม่อาย,บ้านหลวง,3,3,20,ฟิวชัน,0
50,เชียงใหม่,7,แม่อาย,บ้านหลวง,3,3,21,ไทยรวมพลัง,1
50,เชียงใหม่,7,แม่อาย,บ้านหลวง,3,3,22,ก้าวอิสระ,1
50,เชียงใหม่,7,แม่อาย,บ้านหลวง,3,3,23,ปวงชนไทย,3
50,เชียงใหม่,7,แม่อาย,บ้านหลวง,3,3,24,วิชชั่นใหม่,2
50,เชียงใหม่,7,แม่อาย,บ้านหลวง,3,3,25,เพื่อชีวิตใหม่,1
50,เชียงใหม่,7,แม่อาย,บ้านหลวง,3,3,26,คลองไทย,2
50,เชียงใหม่,7,แม่อาย,บ้านหลวง,3,3,27,ประชาธิปัตย์,17
50,เชียงใหม่,7,แม่อาย,บ้านหลวง,3,3,28,ไทยก้าวหน้า,2
50,เชียงใหม่,7,แม่อาย,บ้านหลวง,3,3,29,ไทยภักดี,1
50,เชียงใหม่,7,แม่อาย,บ้านหลวง,3,3,30,แรงงานสร้างชาติ,2
50,เชียงใหม่,7,แม่อาย,บ้านหลวง,3,3,31,ประชากรไทย,1
50,เชียงใหม่,7,แม่อาย,บ้านหลวง,3,3,32,ครูไทยเพื่อประชาชน,2
50,เชียงใหม่,7,แม่อาย,บ้านหลวง,3,3,33,ประชาชาติ,2
50,เชียงใหม่,7,แม่อาย,บ้านหลวง,3,3,34,สร้างอนาคตไทย,1
50,เชียงใหม่,7,แม่อาย,บ้านหลวง,3,3,35,รักชาติ,1
50,เชียงใหม่,7,แม่อาย,บ้านหลวง,3,3,36,ไทยพร้อม,0
50,เชียงใหม่,7,แม่อาย,บ้านหลวง,3,3,37,ภูมิใจไทย,8
50,เชียงใหม่,7,แม่อาย,บ้านหลวง,3,3,38,พลังธรรมใหม่,1
50,เชียงใหม่,7,แม่อาย,บ้านหลวง,3,3,39,กรีน,1
50,เชียงใหม่,7,แม่อาย,บ้านหลวง,3,3,40,ไทยธรรม,2
50,เชียงใหม่,7,แม่อาย,บ้านหลวง,3,3,41,แผ่นดินธรรม,0
50,เชียงใหม่,7,แม่อาย,บ้านหลวง,3,3,42,กล้าธรรม,60
50,เชียงใหม่,7,แม่อาย,บ้านหลวง,3,3,43,พลังประชารัฐ,7
50,เชียงใหม่,7,แม่อาย,บ้านหลวง,3,3,44,โอกาสใหม่,1
50,เชียงใหม่,7,แม่อาย,บ้านหลวง,3,3,45,เป็นธรรม,1
50,เชียงใหม่,7,แม่อาย,บ้านหลวง,3,3,46,ประชาชน,29
50,เชียงใหม่,7,แม่อาย,บ้านหลวง,3,3,47,ประชาไทย,1
50,เชียงใหม่,7,แม่อาย,บ้านหลวง,3,3,48,ไทยสร้างไทย,1
50,เชียงใหม่,7,แม่อาย,บ้านหลวง,3,3,49,ไทยก้าวใหม่,1
50,เชียงใหม่,7,แม่อาย,บ้านหลวง,3,3,50,ประชาอาสาชาติ,0
50,เชียงใหม่,7,แม่อาย,บ้านหลวง,3,3,51,พร้อม,0
50,เชียงใหม่,7,แม่อาย,บ้านหลวง,3,3,52,เครือข่ายชาวนาแห่งประเทศไทย,0
50,เชียงใหม่,7,แม่อาย,บ้านหลวง,3,3,53,ไทยพิทักษ์ธรรม,0
50,เชียงใหม่,7,แม่อาย,บ้านหลวง,3,3,54,ความหวังใหม่,0
50,เชียงใหม่,7,แม่อาย,บ้านหลวง,3,3,55,ไทยรวมไทย,0
50,เชียงใหม่,7,แม่อาย,บ้านหลวง,3,3,56,เพื่อบ้านเมือง,2
50,เชียงใหม่,7,แม่อาย,บ้านหลวง,3,3,57,พลังไทยรักชาติ,0
50,เชียงใหม่,7,แม่อาย,บ้านหลวง,3,4,1,ไทยทรัพย์ทวี,6
50,เชียงใหม่,7,แม่อาย,บ้านหลวง,3,4,2,เพื่อชาติไทย,3
50,เชียงใหม่,7,แม่อาย,บ้านหลวง,3,4,3,ใหม่,6
50,เชียงใหม่,7,แม่อาย,บ้านหลวง,3,4,4,มิติใหม่,0
50,เชียงใหม่,7,แม่อาย,บ้านหลวง,3,4,5,รวมใจไทย,13
50,เชียงใหม่,7,แม่อาย,บ้านหลวง,3,4,6,รวมไทยสร้างชาติ,5
50,เชียงใหม่,7,แม่อาย,บ้านหลวง,3,4,7,พลวัต,8
50,เชียงใหม่,7,แม่อาย,บ้านหลวง,3,4,8,ประชาธิปไตยใหม่,0
50,เชียงใหม่,7,แม่อาย,บ้านหลวง,3,4,9,เพื่อไทย,25
50,เชียงใหม่,7,แม่อาย,บ้านหลวง,3,4,10,ทางเลือกใหม่,3
50,เชียงใหม่,7,แม่อาย,บ้านหลวง,3,4,11,เศรษฐกิจ,1
50,เชียงใหม่,7,แม่อาย,บ้านหลวง,3,4,12,เสรีรวมไทย,4
50,เชียงใหม่,7,แม่อาย,บ้านหลวง,3,4,13,รวมพลังประชาชน,6
50,เชียงใหม่,7,แม่อาย,บ้านหลวง,3,4,14,ท้องที่ไทย,0
50,เชียงใหม่,7,แม่อาย,บ้านหลวง,3,4,15,อนาคตไทย,1
50,เชียงใหม่,7,แม่อาย,บ้านหลวง,3,4,16,พลังเพื่อไทย,0
50,เชียงใหม่,7,แม่อาย,บ้านหลวง,3,4,17,ไทยชนะ,0
50,เชียงใหม่,7,แม่อาย,บ้านหลวง,3,4,18,พลังสังคมใหม่,0
50,เชียงใหม่,7,แม่อาย,บ้านหลวง,3,4,19,สังคมประชาธิปไตย,2
50,เชียงใหม่,7,แม่อาย,บ้านหลวง,3,4,20,ฟิวชัน,1
50,เชียงใหม่,7,แม่อาย,บ้านหลวง,3,4,21,ไทยรวมพลัง,1
50,เชียงใหม่,7,แม่อาย,บ้านหลวง,3,4,22,ก้าวอิสระ,2
50,เชียงใหม่,7,แม่อาย,บ้านหลวง,3,4,23,ปวงชนไทย,1
50,เชียงใหม่,7,แม่อาย,บ้านหลวง,3,4,24,วิชชั่นใหม่,4
50,เชียงใหม่,7,แม่อาย,บ้านหลวง,3,4,25,เพื่อชีวิตใหม่,0
50,เชียงใหม่,7,แม่อาย,บ้านหลวง,3,4,26,คลองไทย,0
50,เชียงใหม่,7,แม่อาย,บ้านหลวง,3,4,27,ประชาธิปัตย์,31
50,เชียงใหม่,7,แม่อาย,บ้านหลวง,3,4,28,ไทยก้าวหน้า,0
50,เชียงใหม่,7,แม่อาย,บ้านหลวง,3,4,29,ไทยภักดี,0
50,เชียงใหม่,7,แม่อาย,บ้านหลวง,3,4,30,แรงงานสร้างชาติ,2
50,เชียงใหม่,7,แม่อาย,บ้านหลวง,3,4,31,ประชากรไทย,0
50,เชียงใหม่,7,แม่อาย,บ้านหลวง,3,4,32,ครูไทยเพื่อประชาชน,2
50,เชียงใหม่,7,แม่อาย,บ้านหลวง,3,4,33,ประชาชาติ,2
50,เชียงใหม่,7,แม่อาย,บ้านหลวง,3,4,34,สร้างอนาคตไทย,2
50,เชียงใหม่,7,แม่อาย,บ้านหลวง,3,4,35,รักชาติ,3
50,เชียงใหม่,7,แม่อาย,บ้านหลวง,3,4,36,ไทยพร้อม,0
50,เชียงใหม่,7,แม่อาย,บ้านหลวง,3,4,37,ภูมิใจไทย,3
50,เชียงใหม่,7,แม่อาย,บ้านหลวง,3,4,38,พลังธรรมใหม่,1
50,เชียงใหม่,7,แม่อาย,บ้านหลวง,3,4,39,กรีน,0
50,เชียงใหม่,7,แม่อาย,บ้านหลวง,3,4,40,ไทยธรรม,0
50,เชียงใหม่,7,แม่อาย,บ้านหลวง,3,4,41,แผ่นดินธรรม,0
50,เชียงใหม่,7,แม่อาย,บ้านหลวง,3,4,42,กล้าธรรม,92
50,เชียงใหม่,7,แม่อาย,บ้านหลวง,3,4,43,พลังประชารัฐ,10
50,เชียงใหม่,7,แม่อาย,บ้านหลวง,3,4,44,โอกาสใหม่,1
50,เชียงใหม่,7,แม่อาย,บ้านหลวง,3,4,45,เป็นธรรม,0
50,เชียงใหม่,7,แม่อาย,บ้านหลวง,3,4,46,ประชาชน,30
50,เชียงใหม่,7,แม่อาย,บ้านหลวง,3,4,47,ประชาไทย,1
50,เชียงใหม่,7,แม่อาย,บ้านหลวง,3,4,48,ไทยสร้างไทย,0
50,เชียงใหม่,7,แม่อาย,บ้านหลวง,3,4,49,ไทยก้าวใหม่,0
50,เชียงใหม่,7,แม่อาย,บ้านหลวง,3,4,50,ประชาอาสาชาติ,0
50,เชียงใหม่,7,แม่อาย,บ้านหลวง,3,4,51,พร้อม,1
50,เชียงใหม่,7,แม่อาย,บ้านหลวง,3,4,52,เครือข่ายชาวนาแห่งประเทศไทย,0
50,เชียงใหม่,7,แม่อาย,บ้านหลวง,3,4,53,ไทยพิทักษ์ธรรม,1
50,เชียงใหม่,7,แม่อาย,บ้านหลวง,3,4,54,ความหวังใหม่,0
50,เชียงใหม่,7,แม่อาย,บ้านหลวง,3,4,55,ไทยรวมไทย,0
50,เชียงใหม่,7,แม่อาย,บ้านหลวง,3,4,56,เพื่อบ้านเมือง,2
50,เชียงใหม่,7,แม่อาย,บ้านหลวง,3,4,57,พลังไทยรักชาติ,0
50,เชียงใหม่,7,แม่อาย,บ้านหลวง,4,5,1,ไทยทรัพย์ทวี,1
50,เชียงใหม่,7,แม่อาย,บ้านหลวง,4,5,2,เพื่อชาติไทย,2
50,เชียงใหม่,7,แม่อาย,บ้านหลวง,4,5,3,ใหม่,0
50,เชียงใหม่,7,แม่อาย,บ้านหลวง,4,5,4,มิติใหม่,0
50,เชียงใหม่,7,แม่อาย,บ้านหลวง,4,5,5,รวมใจไทย,0
50,เชียงใหม่,7,แม่อาย,บ้านหลวง,4,5,6,รวมไทยสร้างชาติ,3
50,เชียงใหม่,7,แม่อาย,บ้านหลวง,4,5,7,พลวัต,0
50,เชียงใหม่,7,แม่อาย,บ้านหลวง,4,5,8,ประชาธิปไตยใหม่,0
50,เชียงใหม่,7,แม่อาย,บ้านหลวง,4,5,9,เพื่อไทย,82
50,เชียงใหม่,7,แม่อาย,บ้านหลวง,4,5,10,ทางเลือกใหม่,1
50,เชียงใหม่,7,แม่อาย,บ้านหลวง,4,5,11,เศรษฐกิจ,4
50,เชียงใหม่,7,แม่อาย,บ้านหลวง,4,5,12,เสรีรวมไทย,0
50,เชียงใหม่,7,แม่อาย,บ้านหลวง,4,5,13,รวมพลังประชาชน,0
50,เชียงใหม่,7,แม่อาย,บ้านหลวง,4,5,14,ท้องที่ไทย,0
50,เชียงใหม่,7,แม่อาย,บ้านหลวง,4,5,15,อนาคตไทย,1
50,เชียงใหม่,7,แม่อาย,บ้านหลวง,4,5,16,พลังเพื่อไทย,0
50,เชียงใหม่,7,แม่อาย,บ้านหลวง,4,5,17,ไทยชนะ,0
50,เชียงใหม่,7,แม่อาย,บ้านหลวง,4,5,18,พลังสังคมใหม่,0
50,เชียงใหม่,7,แม่อาย,บ้านหลวง,4,5,19,สังคมประชาธิปไตย,0
50,เชียงใหม่,7,แม่อาย,บ้านหลวง,4,5,20,ฟิวชัน,0
50,เชียงใหม่,7,แม่อาย,บ้านหลวง,4,5,21,ไทยรวมพลัง,0
50,เชียงใหม่,7,แม่อาย,บ้านหลวง,4,5,22,ก้าวอิสระ,0
50,เชียงใหม่,7,แม่อาย,บ้านหลวง,4,5,23,ปวงชนไทย,0
50,เชียงใหม่,7,แม่อาย,บ้านหลวง,4,5,24,วิชชั่นใหม่,1
50,เชียงใหม่,7,แม่อาย,บ้านหลวง,4,5,25,เพื่อชีวิตใหม่,0
50,เชียงใหม่,7,แม่อาย,บ้านหลวง,4,5,26,คลองไทย,0
50,เชียงใหม่,7,แม่อาย,บ้านหลวง,4,5,27,ประชาธิปัตย์,1
50,เชียงใหม่,7,แม่อาย,บ้านหลวง,4,5,28,ไทยก้าวหน้า,1
50,เชียงใหม่,7,แม่อาย,บ้านหลวง,4,5,29,ไทยภักดี,0
50,เชียงใหม่,7,แม่อาย,บ้านหลวง,4,5,30,แรงงานสร้างชาติ,0
50,เชียงใหม่,7,แม่อาย,บ้านหลวง,4,5,31,ประชากรไทย,0
50,เชียงใหม่,7,แม่อาย,บ้านหลวง,4,5,32,ครูไทยเพื่อประชาชน,1
50,เชียงใหม่,7,แม่อาย,บ้านหลวง,4,5,33,ประชาชาติ,0
50,เชียงใหม่,7,แม่อาย,บ้านหลวง,4,5,34,สร้างอนาคตไทย,0
50,เชียงใหม่,7,แม่อาย,บ้านหลวง,4,5,35,รักชาติ,1
50,เชียงใหม่,7,แม่อาย,บ้านหลวง,4,5,36,ไทยพร้อม,0
50,เชียงใหม่,7,แม่อาย,บ้านหลวง,4,5,37,ภูมิใจไทย,3
50,เชียงใหม่,7,แม่อาย,บ้านหลวง,4,5,38,พลังธรรมใหม่,1
50,เชียงใหม่,7,แม่อาย,บ้านหลวง,4,5,39,กรีน,0
50,เชียงใหม่,7,แม่อาย,บ้านหลวง,4,5,40,ไทยธรรม,0
50,เชียงใหม่,7,แม่อาย,บ้านหลวง,4,5,41,แผ่นดินธรรม,0
50,เชียงใหม่,7,แม่อาย,บ้านหลวง,4,5,42,กล้าธรรม,4
50,เชียงใหม่,7,แม่อาย,บ้านหลวง,4,5,43,พลังประชารัฐ,0
50,เชียงใหม่,7,แม่อาย,บ้านหลวง,4,5,44,โอกาสใหม่,0
50,เชียงใหม่,7,แม่อาย,บ้านหลวง,4,5,45,เป็นธรรม,0
50,เชียงใหม่,7,แม่อาย,บ้านหลวง,4,5,46,ประชาชน,32
50,เชียงใหม่,7,แม่อาย,บ้านหลวง,4,5,47,ประชาไทย,0
50,เชียงใหม่,7,แม่อาย,บ้านหลวง,4,5,48,ไทยสร้างไทย,2
50,เชียงใหม่,7,แม่อาย,บ้านหลวง,4,5,49,ไทยก้าวใหม่,0
50,เชียงใหม่,7,แม่อาย,บ้านหลวง,4,5,50,ประชาอาสาชาติ,0
50,เชียงใหม่,7,แม่อาย,บ้านหลวง,4,5,51,พร้อม,0
50,เชียงใหม่,7,แม่อาย,บ้านหลวง,4,5,52,เครือข่ายชาวนาแห่งประเทศไทย,0
50,เชียงใหม่,7,แม่อาย,บ้านหลวง,4,5,53,ไทยพิทักษ์ธรรม,0
50,เชียงใหม่,7,แม่อาย,บ้านหลวง,4,5,54,ความหวังใหม่,0
50,เชียงใหม่,7,แม่อาย,บ้านหลวง,4,5,55,ไทยรวมไทย,0
50,เชียงใหม่,7,แม่อาย,บ้านหลวง,4,5,56,เพื่อบ้านเมือง,0
50,เชียงใหม่,7,แม่อาย,บ้านหลวง,4,5,57,พลังไทยรักชาติ,0
50,เชียงใหม่,7,แม่อาย,บ้านหลวง,5,6,1,ไทยทรัพย์ทวี,0
50,เชียงใหม่,7,แม่อาย,บ้านหลวง,5,6,2,เพื่อชาติไทย,4
50,เชียงใหม่,7,แม่อาย,บ้านหลวง,5,6,3,ใหม่,0
50,เชียงใหม่,7,แม่อาย,บ้านหลวง,5,6,4,มิติใหม่,0
50,เชียงใหม่,7,แม่อาย,บ้านหลวง,5,6,5,รวมใจไทย,3
50,เชียงใหม่,7,แม่อาย,บ้านหลวง,5,6,6,รวมไทยสร้างชาติ,7
50,เชียงใหม่,7,แม่อาย,บ้านหลวง,5,6,7,พลวัต,3
50,เชียงใหม่,7,แม่อาย,บ้านหลวง,5,6,8,ประชาธิปไตยใหม่,0
50,เชียงใหม่,7,แม่อาย,บ้านหลวง,5,6,9,เพื่อไทย,117
50,เชียงใหม่,7,แม่อาย,บ้านหลวง,5,6,10,ทางเลือกใหม่,3
50,เชียงใหม่,7,แม่อาย,บ้านหลวง,5,6,11,เศรษฐกิจ,7
50,เชียงใหม่,7,แม่อาย,บ้านหลวง,5,6,12,เสรีรวมไทย,0
50,เชียงใหม่,7,แม่อาย,บ้านหลวง,5,6,13,รวมพลังประชาชน,1
50,เชียงใหม่,7,แม่อาย,บ้านหลวง,5,6,14,ท้องที่ไทย,0
50,เชียงใหม่,7,แม่อาย,บ้านหลวง,5,6,15,อนาคตไทย,0
50,เชียงใหม่,7,แม่อาย,บ้านหลวง,5,6,16,พลังเพื่อไทย,1
50,เชียงใหม่,7,แม่อาย,บ้านหลวง,5,6,17,ไทยชนะ,0
50,เชียงใหม่,7,แม่อาย,บ้านหลวง,5,6,18,พลังสังคมใหม่,0
50,เชียงใหม่,7,แม่อาย,บ้านหลวง,5,6,19,สังคมประชาธิปไตย,0
50,เชียงใหม่,7,แม่อาย,บ้านหลวง,5,6,20,ฟิวชัน,1
50,เชียงใหม่,7,แม่อาย,บ้านหลวง,5,6,21,ไทยรวมพลัง,0
50,เชียงใหม่,7,แม่อาย,บ้านหลวง,5,6,22,ก้าวอิสระ,0
50,เชียงใหม่,7,แม่อาย,บ้านหลวง,5,6,23,ปวงชนไทย,0
50,เชียงใหม่,7,แม่อาย,บ้านหลวง,5,6,24,วิชชั่นใหม่,0
50,เชียงใหม่,7,แม่อาย,บ้านหลวง,5,6,25,เพื่อชีวิตใหม่,0
50,เชียงใหม่,7,แม่อาย,บ้านหลวง,5,6,26,คลองไทย,0
50,เชียงใหม่,7,แม่อาย,บ้านหลวง,5,6,27,ประชาธิปัตย์,8
50,เชียงใหม่,7,แม่อาย,บ้านหลวง,5,6,28,ไทยก้าวหน้า,0
50,เชียงใหม่,7,แม่อาย,บ้านหลวง,5,6,29,ไทยภักดี,2
50,เชียงใหม่,7,แม่อาย,บ้านหลวง,5,6,30,แรงงานสร้างชาติ,0
50,เชียงใหม่,7,แม่อาย,บ้านหลวง,5,6,31,ประชากรไทย,1
50,เชียงใหม่,7,แม่อาย,บ้านหลวง,5,6,32,ครูไทยเพื่อประชาชน,0
50,เชียงใหม่,7,แม่อาย,บ้านหลวง,5,6,33,ประชาชาติ,0
50,เชียงใหม่,7,แม่อาย,บ้านหลวง,5,6,34,สร้างอนาคตไทย,0
50,เชียงใหม่,7,แม่อาย,บ้านหลวง,5,6,35,รักชาติ,0
50,เชียงใหม่,7,แม่อาย,บ้านหลวง,5,6,36,ไทยพร้อม,1
50,เชียงใหม่,7,แม่อาย,บ้านหลวง,5,6,37,ภูมิใจไทย,19
50,เชียงใหม่,7,แม่อาย,บ้านหลวง,5,6,38,พลังธรรมใหม่,3
50,เชียงใหม่,7,แม่อาย,บ้านหลวง,5,6,39,กรีน,0
50,เชียงใหม่,7,แม่อาย,บ้านหลวง,5,6,40,ไทยธรรม,0
50,เชียงใหม่,7,แม่อาย,บ้านหลวง,5,6,41,แผ่นดินธรรม,0
50,เชียงใหม่,7,แม่อาย,บ้านหลวง,5,6,42,กล้าธรรม,8
50,เชียงใหม่,7,แม่อาย,บ้านหลวง,5,6,43,พลังประชารัฐ,3
50,เชียงใหม่,7,แม่อาย,บ้านหลวง,5,6,44,โอกาสใหม่,0
50,เชียงใหม่,7,แม่อาย,บ้านหลวง,5,6,45,เป็นธรรม,1
50,เชียงใหม่,7,แม่อาย,บ้านหลวง,5,6,46,ประชาชน,56
50,เชียงใหม่,7,แม่อาย,บ้านหลวง,5,6,47,ประชาไทย,0
50,เชียงใหม่,7,แม่อาย,บ้านหลวง,5,6,48,ไทยสร้างไทย,0
50,เชียงใหม่,7,แม่อาย,บ้านหลวง,5,6,49,ไทยก้าวใหม่,1
50,เชียงใหม่,7,แม่อาย,บ้านหลวง,5,6,50,ประชาอาสาชาติ,0
50,เชียงใหม่,7,แม่อาย,บ้านหลวง,5,6,51,พร้อม,0
50,เชียงใหม่,7,แม่อาย,บ้านหลวง,5,6,52,เครือข่ายชาวนาแห่งประเทศไทย,0
50,เชียงใหม่,7,แม่อาย,บ้านหลวง,5,6,53,ไทยพิทักษ์ธรรม,0
50,เชียงใหม่,7,แม่อาย,บ้านหลวง,5,6,54,ความหวังใหม่,0
50,เชียงใหม่,7,แม่อาย,บ้านหลวง,5,6,55,ไทยรวมไทย,0
50,เชียงใหม่,7,แม่อาย,บ้านหลวง,5,6,56,เพื่อบ้านเมือง,0
50,เชียงใหม่,7,แม่อาย,บ้านหลวง,5,6,57,พลังไทยรักชาติ,0
50,เชียงใหม่,7,แม่อาย,บ้านหลวง,6,7,1,ไทยทรัพย์ทวี,0
50,เชียงใหม่,7,แม่อาย,บ้านหลวง,6,7,2,เพื่อชาติไทย,1
50,เชียงใหม่,7,แม่อาย,บ้านหลวง,6,7,3,ใหม่,0
50,เชียงใหม่,7,แม่อาย,บ้านหลวง,6,7,4,มิติใหม่,0
50,เชียงใหม่,7,แม่อาย,บ้านหลวง,6,7,5,รวมใจไทย,0
50,เชียงใหม่,7,แม่อาย,บ้านหลวง,6,7,6,รวมไทยสร้างชาติ,3
50,เชียงใหม่,7,แม่อาย,บ้านหลวง,6,7,7,พลวัต,1
50,เชียงใหม่,7,แม่อาย,บ้านหลวง,6,7,8,ประชาธิปไตยใหม่,0
50,เชียงใหม่,7,แม่อาย,บ้านหลวง,6,7,9,เพื่อไทย,65
50,เชียงใหม่,7,แม่อาย,บ้านหลวง,6,7,10,ทางเลือกใหม่,0
50,เชียงใหม่,7,แม่อาย,บ้านหลวง,6,7,11,เศรษฐกิจ,2
50,เชียงใหม่,7,แม่อาย,บ้านหลวง,6,7,12,เสรีรวมไทย,0
50,เชียงใหม่,7,แม่อาย,บ้านหลวง,6,7,13,รวมพลังประชาชน,0
50,เชียงใหม่,7,แม่อาย,บ้านหลวง,6,7,14,ท้องที่ไทย,0
50,เชียงใหม่,7,แม่อาย,บ้านหลวง,6,7,15,อนาคตไทย,0
50,เชียงใหม่,7,แม่อาย,บ้านหลวง,6,7,16,พลังเพื่อไทย,0
50,เชียงใหม่,7,แม่อาย,บ้านหลวง,6,7,17,ไทยชนะ,0
50,เชียงใหม่,7,แม่อาย,บ้านหลวง,6,7,18,พลังสังคมใหม่,0
50,เชียงใหม่,7,แม่อาย,บ้านหลวง,6,7,19,สังคมประชาธิปไตย,0
50,เชียงใหม่,7,แม่อาย,บ้านหลวง,6,7,20,ฟิวชัน,0
50,เชียงใหม่,7,แม่อาย,บ้านหลวง,6,7,21,ไทยรวมพลัง,0
50,เชียงใหม่,7,แม่อาย,บ้านหลวง,6,7,22,ก้าวอิสระ,0
50,เชียงใหม่,7,แม่อาย,บ้านหลวง,6,7,23,ปวงชนไทย,0
50,เชียงใหม่,7,แม่อาย,บ้านหลวง,6,7,24,วิชชั่นใหม่,0
50,เชียงใหม่,7,แม่อาย,บ้านหลวง,6,7,25,เพื่อชีวิตใหม่,0
50,เชียงใหม่,7,แม่อาย,บ้านหลวง,6,7,26,คลองไทย,0
50,เชียงใหม่,7,แม่อาย,บ้านหลวง,6,7,27,ประชาธิปัตย์,1
50,เชียงใหม่,7,แม่อาย,บ้านหลวง,6,7,28,ไทยก้าวหน้า,0
50,เชียงใหม่,7,แม่อาย,บ้านหลวง,6,7,29,ไทยภักดี,0
50,เชียงใหม่,7,แม่อาย,บ้านหลวง,6,7,30,แรงงานสร้างชาติ,0
50,เชียงใหม่,7,แม่อาย,บ้านหลวง,6,7,31,ประชากรไทย,0
50,เชียงใหม่,7,แม่อาย,บ้านหลวง,6,7,32,ครูไทยเพื่อประชาชน,0
50,เชียงใหม่,7,แม่อาย,บ้านหลวง,6,7,33,ประชาชาติ,0
50,เชียงใหม่,7,แม่อาย,บ้านหลวง,6,7,34,สร้างอนาคตไทย,0
50,เชียงใหม่,7,แม่อาย,บ้านหลวง,6,7,35,รักชาติ,2
50,เชียงใหม่,7,แม่อาย,บ้านหลวง,6,7,36,ไทยพร้อม,0
50,เชียงใหม่,7,แม่อาย,บ้านหลวง,6,7,37,ภูมิใจไทย,1
50,เชียงใหม่,7,แม่อาย,บ้านหลวง,6,7,38,พลังธรรมใหม่,2
50,เชียงใหม่,7,แม่อาย,บ้านหลวง,6,7,39,กรีน,0
50,เชียงใหม่,7,แม่อาย,บ้านหลวง,6,7,40,ไทยธรรม,0
50,เชียงใหม่,7,แม่อาย,บ้านหลวง,6,7,41,แผ่นดินธรรม,0
50,เชียงใหม่,7,แม่อาย,บ้านหลวง,6,7,42,กล้าธรรม,7
50,เชียงใหม่,7,แม่อาย,บ้านหลวง,6,7,43,พลังประชารัฐ,1
50,เชียงใหม่,7,แม่อาย,บ้านหลวง,6,7,44,โอกาสใหม่,0
50,เชียงใหม่,7,แม่อาย,บ้านหลวง,6,7,45,เป็นธรรม,0
50,เชียงใหม่,7,แม่อาย,บ้านหลวง,6,7,46,ประชาชน,33
50,เชียงใหม่,7,แม่อาย,บ้านหลวง,6,7,47,ประชาไทย,0
50,เชียงใหม่,7,แม่อาย,บ้านหลวง,6,7,48,ไทยสร้างไทย,0
50,เชียงใหม่,7,แม่อาย,บ้านหลวง,6,7,49,ไทยก้าวใหม่,1
50,เชียงใหม่,7,แม่อาย,บ้านหลวง,6,7,50,ประชาอาสาชาติ,0
50,เชียงใหม่,7,แม่อาย,บ้านหลวง,6,7,51,พร้อม,0
50,เชียงใหม่,7,แม่อาย,บ้านหลวง,6,7,52,เครือข่ายชาวนาแห่งประเทศไทย,0
50,เชียงใหม่,7,แม่อาย,บ้านหลวง,6,7,53,ไทยพิทักษ์ธรรม,0
50,เชียงใหม่,7,แม่อาย,บ้านหลวง,6,7,54,ความหวังใหม่,1
50,เชียงใหม่,7,แม่อาย,บ้านหลวง,6,7,55,ไทยรวมไทย,0
50,เชียงใหม่,7,แม่อาย,บ้านหลวง,6,7,56,เพื่อบ้านเมือง,0
50,เชียงใหม่,7,แม่อาย,บ้านหลวง,6,7,57,พลังไทยรักชาติ,0
50,เชียงใหม่,7,แม่อาย,บ้านหลวง,7,8,1,ไทยทรัพย์ทวี,0
50,เชียงใหม่,7,แม่อาย,บ้านหลวง,7,8,2,เพื่อชาติไทย,2
50,เชียงใหม่,7,แม่อาย,บ้านหลวง,7,8,3,ใหม่,0
50,เชียงใหม่,7,แม่อาย,บ้านหลวง,7,8,4,มิติใหม่,1
50,เชียงใหม่,7,แม่อาย,บ้านหลวง,7,8,5,รวมใจไทย,0
50,เชียงใหม่,7,แม่อาย,บ้านหลวง,7,8,6,รวมไทยสร้างชาติ,1
50,เชียงใหม่,7,แม่อาย,บ้านหลวง,7,8,7,พลวัต,0
50,เชียงใหม่,7,แม่อาย,บ้านหลวง,7,8,8,ประชาธิปไตยใหม่,1
50,เชียงใหม่,7,แม่อาย,บ้านหลวง,7,8,9,เพื่อไทย,31
50,เชียงใหม่,7,แม่อาย,บ้านหลวง,7,8,10,ทางเลือกใหม่,1
50,เชียงใหม่,7,แม่อาย,บ้านหลวง,7,8,11,เศรษฐกิจ,3
50,เชียงใหม่,7,แม่อาย,บ้านหลวง,7,8,12,เสรีรวมไทย,0
50,เชียงใหม่,7,แม่อาย,บ้านหลวง,7,8,13,รวมพลังประชาชน,1
50,เชียงใหม่,7,แม่อาย,บ้านหลวง,7,8,14,ท้องที่ไทย,0
50,เชียงใหม่,7,แม่อาย,บ้านหลวง,7,8,15,อนาคตไทย,0
50,เชียงใหม่,7,แม่อาย,บ้านหลวง,7,8,16,พลังเพื่อไทย,0
50,เชียงใหม่,7,แม่อาย,บ้านหลวง,7,8,17,ไทยชนะ,0
50,เชียงใหม่,7,แม่อาย,บ้านหลวง,7,8,18,พลังสังคมใหม่,0
50,เชียงใหม่,7,แม่อาย,บ้านหลวง,7,8,19,สังคมประชาธิปไตย,0
50,เชียงใหม่,7,แม่อาย,บ้านหลวง,7,8,20,ฟิวชัน,0
50,เชียงใหม่,7,แม่อาย,บ้านหลวง,7,8,21,ไทยรวมพลัง,0
50,เชียงใหม่,7,แม่อาย,บ้านหลวง,7,8,22,ก้าวอิสระ,0
50,เชียงใหม่,7,แม่อาย,บ้านหลวง,7,8,23,ปวงชนไทย,1
50,เชียงใหม่,7,แม่อาย,บ้านหลวง,7,8,24,วิชชั่นใหม่,1
50,เชียงใหม่,7,แม่อาย,บ้านหลวง,7,8,25,เพื่อชีวิตใหม่,0
50,เชียงใหม่,7,แม่อาย,บ้านหลวง,7,8,26,คลองไทย,0
50,เชียงใหม่,7,แม่อาย,บ้านหลวง,7,8,27,ประชาธิปัตย์,1
50,เชียงใหม่,7,แม่อาย,บ้านหลวง,7,8,28,ไทยก้าวหน้า,0
50,เชียงใหม่,7,แม่อาย,บ้านหลวง,7,8,29,ไทยภักดี,1
50,เชียงใหม่,7,แม่อาย,บ้านหลวง,7,8,30,แรงงานสร้างชาติ,0
50,เชียงใหม่,7,แม่อาย,บ้านหลวง,7,8,31,ประชากรไทย,0
50,เชียงใหม่,7,แม่อาย,บ้านหลวง,7,8,32,ครูไทยเพื่อประชาชน,0
50,เชียงใหม่,7,แม่อาย,บ้านหลวง,7,8,33,ประชาชาติ,0
50,เชียงใหม่,7,แม่อาย,บ้านหลวง,7,8,34,สร้างอนาคตไทย,0
50,เชียงใหม่,7,แม่อาย,บ้านหลวง,7,8,35,รักชาติ,0
50,เชียงใหม่,7,แม่อาย,บ้านหลวง,7,8,36,ไทยพร้อม,0
50,เชียงใหม่,7,แม่อาย,บ้านหลวง,7,8,37,ภูมิใจไทย,6
50,เชียงใหม่,7,แม่อาย,บ้านหลวง,7,8,38,พลังธรรมใหม่,0
50,เชียงใหม่,7,แม่อาย,บ้านหลวง,7,8,39,กรีน,0
50,เชียงใหม่,7,แม่อาย,บ้านหลวง,7,8,40,ไทยธรรม,0
50,เชียงใหม่,7,แม่อาย,บ้านหลวง,7,8,41,แผ่นดินธรรม,0
50,เชียงใหม่,7,แม่อาย,บ้านหลวง,7,8,42,กล้าธรรม,12
50,เชียงใหม่,7,แม่อาย,บ้านหลวง,7,8,43,พลังประชารัฐ,0
50,เชียงใหม่,7,แม่อาย,บ้านหลวง,7,8,44,โอกาสใหม่,0
50,เชียงใหม่,7,แม่อาย,บ้านหลวง,7,8,45,เป็นธรรม,0
50,เชียงใหม่,7,แม่อาย,บ้านหลวง,7,8,46,ประชาชน,50
50,เชียงใหม่,7,แม่อาย,บ้านหลวง,7,8,47,ประชาไทย,0
50,เชียงใหม่,7,แม่อาย,บ้านหลวง,7,8,48,ไทยสร้างไทย,0
50,เชียงใหม่,7,แม่อาย,บ้านหลวง,7,8,49,ไทยก้าวใหม่,0
50,เชียงใหม่,7,แม่อาย,บ้านหลวง,7,8,50,ประชาอาสาชาติ,0
50,เชียงใหม่,7,แม่อาย,บ้านหลวง,7,8,51,พร้อม,0
50,เชียงใหม่,7,แม่อาย,บ้านหลวง,7,8,52,เครือข่ายชาวนาแห่งประเทศไทย,0
50,เชียงใหม่,7,แม่อาย,บ้านหลวง,7,8,53,ไทยพิทักษ์ธรรม,0
50,เชียงใหม่,7,แม่อาย,บ้านหลวง,7,8,54,ความหวังใหม่,0
50,เชียงใหม่,7,แม่อาย,บ้านหลวง,7,8,55,ไทยรวมไทย,0
50,เชียงใหม่,7,แม่อาย,บ้านหลวง,7,8,56,เพื่อบ้านเมือง,0
50,เชียงใหม่,7,แม่อาย,บ้านหลวง,7,8,57,พลังไทยรักชาติ,0
50,เชียงใหม่,7,แม่อาย,บ้านหลวง,8,9,1,ไทยทรัพย์ทวี,1
50,เชียงใหม่,7,แม่อาย,บ้านหลวง,8,9,2,เพื่อชาติไทย,6
50,เชียงใหม่,7,แม่อาย,บ้านหลวง,8,9,3,ใหม่,0
50,เชียงใหม่,7,แม่อาย,บ้านหลวง,8,9,4,มิติใหม่,0
50,เชียงใหม่,7,แม่อาย,บ้านหลวง,8,9,5,รวมใจไทย,4
50,เชียงใหม่,7,แม่อาย,บ้านหลวง,8,9,6,รวมไทยสร้างชาติ,8
50,เชียงใหม่,7,แม่อาย,บ้านหลวง,8,9,7,พลวัต,0
50,เชียงใหม่,7,แม่อาย,บ้านหลวง,8,9,8,ประชาธิปไตยใหม่,0
50,เชียงใหม่,7,แม่อาย,บ้านหลวง,8,9,9,เพื่อไทย,84
50,เชียงใหม่,7,แม่อาย,บ้านหลวง,8,9,10,ทางเลือกใหม่,1
50,เชียงใหม่,7,แม่อาย,บ้านหลวง,8,9,11,เศรษฐกิจ,9
50,เชียงใหม่,7,แม่อาย,บ้านหลวง,8,9,12,เสรีรวมไทย,0
50,เชียงใหม่,7,แม่อาย,บ้านหลวง,8,9,13,รวมพลังประชาชน,0
50,เชียงใหม่,7,แม่อาย,บ้านหลวง,8,9,14,ท้องที่ไทย,0
50,เชียงใหม่,7,แม่อาย,บ้านหลวง,8,9,15,อนาคตไทย,0
50,เชียงใหม่,7,แม่อาย,บ้านหลวง,8,9,16,พลังเพื่อไทย,1
50,เชียงใหม่,7,แม่อาย,บ้านหลวง,8,9,17,ไทยชนะ,1
50,เชียงใหม่,7,แม่อาย,บ้านหลวง,8,9,18,พลังสังคมใหม่,0
50,เชียงใหม่,7,แม่อาย,บ้านหลวง,8,9,19,สังคมประชาธิปไตย,0
50,เชียงใหม่,7,แม่อาย,บ้านหลวง,8,9,20,ฟิวชัน,1
50,เชียงใหม่,7,แม่อาย,บ้านหลวง,8,9,21,ไทยรวมพลัง,1
50,เชียงใหม่,7,แม่อาย,บ้านหลวง,8,9,22,ก้าวอิสระ,0
50,เชียงใหม่,7,แม่อาย,บ้านหลวง,8,9,23,ปวงชนไทย,0
50,เชียงใหม่,7,แม่อาย,บ้านหลวง,8,9,24,วิชชั่นใหม่,0
50,เชียงใหม่,7,แม่อาย,บ้านหลวง,8,9,25,เพื่อชีวิตใหม่,0
50,เชียงใหม่,7,แม่อาย,บ้านหลวง,8,9,26,คลองไทย,0
50,เชียงใหม่,7,แม่อาย,บ้านหลวง,8,9,27,ประชาธิปัตย์,1
50,เชียงใหม่,7,แม่อาย,บ้านหลวง,8,9,28,ไทยก้าวหน้า,0
50,เชียงใหม่,7,แม่อาย,บ้านหลวง,8,9,29,ไทยภักดี,0
50,เชียงใหม่,7,แม่อาย,บ้านหลวง,8,9,30,แรงงานสร้างชาติ,0
50,เชียงใหม่,7,แม่อาย,บ้านหลวง,8,9,31,ประชากรไทย,0
50,เชียงใหม่,7,แม่อาย,บ้านหลวง,8,9,32,ครูไทยเพื่อประชาชน,0
50,เชียงใหม่,7,แม่อาย,บ้านหลวง,8,9,33,ประชาชาติ,0
50,เชียงใหม่,7,แม่อาย,บ้านหลวง,8,9,34,สร้างอนาคตไทย,0
50,เชียงใหม่,7,แม่อาย,บ้านหลวง,8,9,35,รักชาติ,0
50,เชียงใหม่,7,แม่อาย,บ้านหลวง,8,9,36,ไทยพร้อม,1
50,เชียงใหม่,7,แม่อาย,บ้านหลวง,8,9,37,ภูมิใจไทย,7
50,เชียงใหม่,7,แม่อาย,บ้านหลวง,8,9,38,พลังธรรมใหม่,2
50,เชียงใหม่,7,แม่อาย,บ้านหลวง,8,9,39,กรีน,0
50,เชียงใหม่,7,แม่อาย,บ้านหลวง,8,9,40,ไทยธรรม,0
50,เชียงใหม่,7,แม่อาย,บ้านหลวง,8,9,41,แผ่นดินธรรม,0
50,เชียงใหม่,7,แม่อาย,บ้านหลวง,8,9,42,กล้าธรรม,8
50,เชียงใหม่,7,แม่อาย,บ้านหลวง,8,9,43,พลังประชารัฐ,0
50,เชียงใหม่,7,แม่อาย,บ้านหลวง,8,9,44,โอกาสใหม่,0
50,เชียงใหม่,7,แม่อาย,บ้านหลวง,8,9,45,เป็นธรรม,0
50,เชียงใหม่,7,แม่อาย,บ้านหลวง,8,9,46,ประชาชน,22
50,เชียงใหม่,7,แม่อาย,บ้านหลวง,8,9,47,ประชาไทย,0
50,เชียงใหม่,7,แม่อาย,บ้านหลวง,8,9,48,ไทยสร้างไทย,0
50,เชียงใหม่,7,แม่อาย,บ้านหลวง,8,9,49,ไทยก้าวใหม่,0
50,เชียงใหม่,7,แม่อาย,บ้านหลวง,8,9,50,ประชาอาสาชาติ,0
50,เชียงใหม่,7,แม่อาย,บ้านหลวง,8,9,51,พร้อม,0
50,เชียงใหม่,7,แม่อาย,บ้านหลวง,8,9,52,เครือข่ายชาวนาแห่งประเทศไทย,0
50,เชียงใหม่,7,แม่อาย,บ้านหลวง,8,9,53,ไทยพิทักษ์ธรรม,0
50,เชียงใหม่,7,แม่อาย,บ้านหลวง,8,9,54,ความหวังใหม่,0
50,เชียงใหม่,7,แม่อาย,บ้านหลวง,8,9,55,ไทยรวมไทย,0
50,เชียงใหม่,7,แม่อาย,บ้านหลวง,8,9,56,เพื่อบ้านเมือง,0
50,เชียงใหม่,7,แม่อาย,บ้านหลวง,8,9,57,พลังไทยรักชาติ,0
50,เชียงใหม่,7,แม่อาย,บ้านหลวง,9,10,1,ไทยทรัพย์ทวี,2
50,เชียงใหม่,7,แม่อาย,บ้านหลวง,9,10,2,เพื่อชาติไทย,3
50,เชียงใหม่,7,แม่อาย,บ้านหลวง,9,10,3,ใหม่,2
50,เชียงใหม่,7,แม่อาย,บ้านหลวง,9,10,4,มิติใหม่,1
50,เชียงใหม่,7,แม่อาย,บ้านหลวง,9,10,5,รวมใจไทย,22
50,เชียงใหม่,7,แม่อาย,บ้านหลวง,9,10,6,รวมไทยสร้างชาติ,9
50,เชียงใหม่,7,แม่อาย,บ้านหลวง,9,10,7,พลวัต,7
50,เชียงใหม่,7,แม่อาย,บ้านหลวง,9,10,8,ประชาธิปไตยใหม่,4
50,เชียงใหม่,7,แม่อาย,บ้านหลวง,9,10,9,เพื่อไทย,57
50,เชียงใหม่,7,แม่อาย,บ้านหลวง,9,10,10,ทางเลือกใหม่,1
50,เชียงใหม่,7,แม่อาย,บ้านหลวง,9,10,11,เศรษฐกิจ,7
50,เชียงใหม่,7,แม่อาย,บ้านหลวง,9,10,12,เสรีรวมไทย,0
50,เชียงใหม่,7,แม่อาย,บ้านหลวง,9,10,13,รวมพลังประชาชน,1
50,เชียงใหม่,7,แม่อาย,บ้านหลวง,9,10,14,ท้องที่ไทย,1
50,เชียงใหม่,7,แม่อาย,บ้านหลวง,9,10,15,อนาคตไทย,0
50,เชียงใหม่,7,แม่อาย,บ้านหลวง,9,10,16,พลังเพื่อไทย,2
50,เชียงใหม่,7,แม่อาย,บ้านหลวง,9,10,17,ไทยชนะ,0
50,เชียงใหม่,7,แม่อาย,บ้านหลวง,9,10,18,พลังสังคมใหม่,2
50,เชียงใหม่,7,แม่อาย,บ้านหลวง,9,10,19,สังคมประชาธิปไตย,0
50,เชียงใหม่,7,แม่อาย,บ้านหลวง,9,10,20,ฟิวชัน,1
50,เชียงใหม่,7,แม่อาย,บ้านหลวง,9,10,21,ไทยรวมพลัง,0
50,เชียงใหม่,7,แม่อาย,บ้านหลวง,9,10,22,ก้าวอิสระ,0
50,เชียงใหม่,7,แม่อาย,บ้านหลวง,9,10,23,ปวงชนไทย,0
50,เชียงใหม่,7,แม่อาย,บ้านหลวง,9,10,24,วิชชั่นใหม่,2
50,เชียงใหม่,7,แม่อาย,บ้านหลวง,9,10,25,เพื่อชีวิตใหม่,3
50,เชียงใหม่,7,แม่อาย,บ้านหลวง,9,10,26,คลองไทย,1
50,เชียงใหม่,7,แม่อาย,บ้านหลวง,9,10,27,ประชาธิปัตย์,3
50,เชียงใหม่,7,แม่อาย,บ้านหลวง,9,10,28,ไทยก้าวหน้า,1
50,เชียงใหม่,7,แม่อาย,บ้านหลวง,9,10,29,ไทยภักดี,1
50,เชียงใหม่,7,แม่อาย,บ้านหลวง,9,10,30,แรงงานสร้างชาติ,1
50,เชียงใหม่,7,แม่อาย,บ้านหลวง,9,10,31,ประชากรไทย,0
50,เชียงใหม่,7,แม่อาย,บ้านหลวง,9,10,32,ครูไทยเพื่อประชาชน,0
50,เชียงใหม่,7,แม่อาย,บ้านหลวง,9,10,33,ประชาชาติ,0
50,เชียงใหม่,7,แม่อาย,บ้านหลวง,9,10,34,สร้างอนาคตไทย,3
50,เชียงใหม่,7,แม่อาย,บ้านหลวง,9,10,35,รักชาติ,0
50,เชียงใหม่,7,แม่อาย,บ้านหลวง,9,10,36,ไทยพร้อม,1
50,เชียงใหม่,7,แม่อาย,บ้านหลวง,9,10,37,ภูมิใจไทย,6
50,เชียงใหม่,7,แม่อาย,บ้านหลวง,9,10,38,พลังธรรมใหม่,2
50,เชียงใหม่,7,แม่อาย,บ้านหลวง,9,10,39,กรีน,0
50,เชียงใหม่,7,แม่อาย,บ้านหลวง,9,10,40,ไทยธรรม,1
50,เชียงใหม่,7,แม่อาย,บ้านหลวง,9,10,41,แผ่นดินธรรม,0
50,เชียงใหม่,7,แม่อาย,บ้านหลวง,9,10,42,กล้าธรรม,22
50,เชียงใหม่,7,แม่อาย,บ้านหลวง,9,10,43,พลังประชารัฐ,3
50,เชียงใหม่,7,แม่อาย,บ้านหลวง,9,10,44,โอกาสใหม่,0
50,เชียงใหม่,7,แม่อาย,บ้านหลวง,9,10,45,เป็นธรรม,0
50,เชียงใหม่,7,แม่อาย,บ้านหลวง,9,10,46,ประชาชน,33
50,เชียงใหม่,7,แม่อาย,บ้านหลวง,9,10,47,ประชาไทย,0
50,เชียงใหม่,7,แม่อาย,บ้านหลวง,9,10,48,ไทยสร้างไทย,0
50,เชียงใหม่,7,แม่อาย,บ้านหลวง,9,10,49,ไทยก้าวใหม่,2
50,เชียงใหม่,7,แม่อาย,บ้านหลวง,9,10,50,ประชาอาสาชาติ,0
50,เชียงใหม่,7,แม่อาย,บ้านหลวง,9,10,51,พร้อม,0
50,เชียงใหม่,7,แม่อาย,บ้านหลวง,9,10,52,เครือข่ายชาวนาแห่งประเทศไทย,0
50,เชียงใหม่,7,แม่อาย,บ้านหลวง,9,10,53,ไทยพิทักษ์ธรรม,0
50,เชียงใหม่,7,แม่อาย,บ้านหลวง,9,10,54,ความหวังใหม่,0
50,เชียงใหม่,7,แม่อาย,บ้านหลวง,9,10,55,ไทยรวมไทย,0
50,เชียงใหม่,7,แม่อาย,บ้านหลวง,9,10,56,เพื่อบ้านเมือง,0
50,เชียงใหม่,7,แม่อาย,บ้านหลวง,9,10,57,พลังไทยรักชาติ,0
50,เชียงใหม่,7,แม่อาย,บ้านหลวง,9,11,1,ไทยทรัพย์ทวี,5
50,เชียงใหม่,7,แม่อาย,บ้านหลวง,9,11,2,เพื่อชาติไทย,3
50,เชียงใหม่,7,แม่อาย,บ้านหลวง,9,11,3,ใหม่,2
50,เชียงใหม่,7,แม่อาย,บ้านหลวง,9,11,4,มิติใหม่,2
50,เชียงใหม่,7,แม่อาย,บ้านหลวง,9,11,5,รวมใจไทย,27
50,เชียงใหม่,7,แม่อาย,บ้านหลวง,9,11,6,รวมไทยสร้างชาติ,5
50,เชียงใหม่,7,แม่อาย,บ้านหลวง,9,11,7,พลวัต,1
50,เชียงใหม่,7,แม่อาย,บ้านหลวง,9,11,8,ประชาธิปไตยใหม่,0
50,เชียงใหม่,7,แม่อาย,บ้านหลวง,9,11,9,เพื่อไทย,16
50,เชียงใหม่,7,แม่อาย,บ้านหลวง,9,11,10,ทางเลือกใหม่,1
50,เชียงใหม่,7,แม่อาย,บ้านหลวง,9,11,11,เศรษฐกิจ,2
50,เชียงใหม่,7,แม่อาย,บ้านหลวง,9,11,12,เสรีรวมไทย,0
50,เชียงใหม่,7,แม่อาย,บ้านหลวง,9,11,13,รวมพลังประชาชน,1
50,เชียงใหม่,7,แม่อาย,บ้านหลวง,9,11,14,ท้องที่ไทย,0
50,เชียงใหม่,7,แม่อาย,บ้านหลวง,9,11,15,อนาคตไทย,0
50,เชียงใหม่,7,แม่อาย,บ้านหลวง,9,11,16,พลังเพื่อไทย,1
50,เชียงใหม่,7,แม่อาย,บ้านหลวง,9,11,17,ไทยชนะ,3
50,เชียงใหม่,7,แม่อาย,บ้านหลวง,9,11,18,พลังสังคมใหม่,1
50,เชียงใหม่,7,แม่อาย,บ้านหลวง,9,11,19,สังคมประชาธิปไตย,0
50,เชียงใหม่,7,แม่อาย,บ้านหลวง,9,11,20,ฟิวชัน,0
50,เชียงใหม่,7,แม่อาย,บ้านหลวง,9,11,21,ไทยรวมพลัง,0
50,เชียงใหม่,7,แม่อาย,บ้านหลวง,9,11,22,ก้าวอิสระ,1
50,เชียงใหม่,7,แม่อาย,บ้านหลวง,9,11,23,ปวงชนไทย,0
50,เชียงใหม่,7,แม่อาย,บ้านหลวง,9,11,24,วิชชั่นใหม่,4
50,เชียงใหม่,7,แม่อาย,บ้านหลวง,9,11,25,เพื่อชีวิตใหม่,0
50,เชียงใหม่,7,แม่อาย,บ้านหลวง,9,11,26,คลองไทย,1
50,เชียงใหม่,7,แม่อาย,บ้านหลวง,9,11,27,ประชาธิปัตย์,7
50,เชียงใหม่,7,แม่อาย,บ้านหลวง,9,11,28,ไทยก้าวหน้า,0
50,เชียงใหม่,7,แม่อาย,บ้านหลวง,9,11,29,ไทยภักดี,0
50,เชียงใหม่,7,แม่อาย,บ้านหลวง,9,11,30,แรงงานสร้างชาติ,0
50,เชียงใหม่,7,แม่อาย,บ้านหลวง,9,11,31,ประชากรไทย,0
50,เชียงใหม่,7,แม่อาย,บ้านหลวง,9,11,32,ครูไทยเพื่อประชาชน,0
50,เชียงใหม่,7,แม่อาย,บ้านหลวง,9,11,33,ประชาชาติ,0
50,เชียงใหม่,7,แม่อาย,บ้านหลวง,9,11,34,สร้างอนาคตไทย,0
50,เชียงใหม่,7,แม่อาย,บ้านหลวง,9,11,35,รักชาติ,0
50,เชียงใหม่,7,แม่อาย,บ้านหลวง,9,11,36,ไทยพร้อม,1
50,เชียงใหม่,7,แม่อาย,บ้านหลวง,9,11,37,ภูมิใจไทย,4
50,เชียงใหม่,7,แม่อาย,บ้านหลวง,9,11,38,พลังธรรมใหม่,0
50,เชียงใหม่,7,แม่อาย,บ้านหลวง,9,11,39,กรีน,0
50,เชียงใหม่,7,แม่อาย,บ้านหลวง,9,11,40,ไทยธรรม,2
50,เชียงใหม่,7,แม่อาย,บ้านหลวง,9,11,41,แผ่นดินธรรม,2
50,เชียงใหม่,7,แม่อาย,บ้านหลวง,9,11,42,กล้าธรรม,55
50,เชียงใหม่,7,แม่อาย,บ้านหลวง,9,11,43,พลังประชารัฐ,1
50,เชียงใหม่,7,แม่อาย,บ้านหลวง,9,11,44,โอกาสใหม่,0
50,เชียงใหม่,7,แม่อาย,บ้านหลวง,9,11,45,เป็นธรรม,4
50,เชียงใหม่,7,แม่อาย,บ้านหลวง,9,11,46,ประชาชน,77
50,เชียงใหม่,7,แม่อาย,บ้านหลวง,9,11,47,ประชาไทย,2
50,เชียงใหม่,7,แม่อาย,บ้านหลวง,9,11,48,ไทยสร้างไทย,0
50,เชียงใหม่,7,แม่อาย,บ้านหลวง,9,11,49,ไทยก้าวใหม่,0
50,เชียงใหม่,7,แม่อาย,บ้านหลวง,9,11,50,ประชาอาสาชาติ,0
50,เชียงใหม่,7,แม่อาย,บ้านหลวง,9,11,51,พร้อม,0
50,เชียงใหม่,7,แม่อาย,บ้านหลวง,9,11,52,เครือข่ายชาวนาแห่งประเทศไทย,0
50,เชียงใหม่,7,แม่อาย,บ้านหลวง,9,11,53,ไทยพิทักษ์ธรรม,0
50,เชียงใหม่,7,แม่อาย,บ้านหลวง,9,11,54,ความหวังใหม่,0
50,เชียงใหม่,7,แม่อาย,บ้านหลวง,9,11,55,ไทยรวมไทย,0
50,เชียงใหม่,7,แม่อาย,บ้านหลวง,9,11,56,เพื่อบ้านเมือง,1
50,เชียงใหม่,7,แม่อาย,บ้านหลวง,9,11,57,พลังไทยรักชาติ,1
50,เชียงใหม่,7,แม่อาย,บ้านหลวง,10,12,1,ไทยทรัพย์ทวี,14
50,เชียงใหม่,7,แม่อาย,บ้านหลวง,10,12,2,เพื่อชาติไทย,2
50,เชียงใหม่,7,แม่อาย,บ้านหลวง,10,12,3,ใหม่,0
50,เชียงใหม่,7,แม่อาย,บ้านหลวง,10,12,4,มิติใหม่,2
50,เชียงใหม่,7,แม่อาย,บ้านหลวง,10,12,5,รวมใจไทย,20
50,เชียงใหม่,7,แม่อาย,บ้านหลวง,10,12,6,รวมไทยสร้างชาติ,23
50,เชียงใหม่,7,แม่อาย,บ้านหลวง,10,12,7,พลวัต,16
50,เชียงใหม่,7,แม่อาย,บ้านหลวง,10,12,8,ประชาธิปไตยใหม่,3
50,เชียงใหม่,7,แม่อาย,บ้านหลวง,10,12,9,เพื่อไทย,112
50,เชียงใหม่,7,แม่อาย,บ้านหลวง,10,12,10,ทางเลือกใหม่,0
50,เชียงใหม่,7,แม่อาย,บ้านหลวง,10,12,11,เศรษฐกิจ,1
50,เชียงใหม่,7,แม่อาย,บ้านหลวง,10,12,12,เสรีรวมไทย,1
50,เชียงใหม่,7,แม่อาย,บ้านหลวง,10,12,13,รวมพลังประชาชน,4
50,เชียงใหม่,7,แม่อาย,บ้านหลวง,10,12,14,ท้องที่ไทย,0
50,เชียงใหม่,7,แม่อาย,บ้านหลวง,10,12,15,อนาคตไทย,1
50,เชียงใหม่,7,แม่อาย,บ้านหลวง,10,12,16,พลังเพื่อไทย,5
50,เชียงใหม่,7,แม่อาย,บ้านหลวง,10,12,17,ไทยชนะ,1
50,เชียงใหม่,7,แม่อาย,บ้านหลวง,10,12,18,พลังสังคมใหม่,1
50,เชียงใหม่,7,แม่อาย,บ้านหลวง,10,12,19,สังคมประชาธิปไตย,0
50,เชียงใหม่,7,แม่อาย,บ้านหลวง,10,12,20,ฟิวชัน,3
50,เชียงใหม่,7,แม่อาย,บ้านหลวง,10,12,21,ไทยรวมพลัง,1
50,เชียงใหม่,7,แม่อาย,บ้านหลวง,10,12,22,ก้าวอิสระ,0
50,เชียงใหม่,7,แม่อาย,บ้านหลวง,10,12,23,ปวงชนไทย,0
50,เชียงใหม่,7,แม่อาย,บ้านหลวง,10,12,24,วิชชั่นใหม่,3
50,เชียงใหม่,7,แม่อาย,บ้านหลวง,10,12,25,เพื่อชีวิตใหม่,0
50,เชียงใหม่,7,แม่อาย,บ้านหลวง,10,12,26,คลองไทย,2
50,เชียงใหม่,7,แม่อาย,บ้านหลวง,10,12,27,ประชาธิปัตย์,7
50,เชียงใหม่,7,แม่อาย,บ้านหลวง,10,12,28,ไทยก้าวหน้า,0
50,เชียงใหม่,7,แม่อาย,บ้านหลวง,10,12,29,ไทยภักดี,5
50,เชียงใหม่,7,แม่อาย,บ้านหลวง,10,12,30,แรงงานสร้างชาติ,0
50,เชียงใหม่,7,แม่อาย,บ้านหลวง,10,12,31,ประชากรไทย,0
50,เชียงใหม่,7,แม่อาย,บ้านหลวง,10,12,32,ครูไทยเพื่อประชาชน,0
50,เชียงใหม่,7,แม่อาย,บ้านหลวง,10,12,33,ประชาชาติ,0
50,เชียงใหม่,7,แม่อาย,บ้านหลวง,10,12,34,สร้างอนาคตไทย,2
50,เชียงใหม่,7,แม่อาย,บ้านหลวง,10,12,35,รักชาติ,5
50,เชียงใหม่,7,แม่อาย,บ้านหลวง,10,12,36,ไทยพร้อม,2
50,เชียงใหม่,7,แม่อาย,บ้านหลวง,10,12,37,ภูมิใจไทย,2
50,เชียงใหม่,7,แม่อาย,บ้านหลวง,10,12,38,พลังธรรมใหม่,4
50,เชียงใหม่,7,แม่อาย,บ้านหลวง,10,12,39,กรีน,1
50,เชียงใหม่,7,แม่อาย,บ้านหลวง,10,12,40,ไทยธรรม,0
50,เชียงใหม่,7,แม่อาย,บ้านหลวง,10,12,41,แผ่นดินธรรม,1
50,เชียงใหม่,7,แม่อาย,บ้านหลวง,10,12,42,กล้าธรรม,28
50,เชียงใหม่,7,แม่อาย,บ้านหลวง,10,12,43,พลังประชารัฐ,2
50,เชียงใหม่,7,แม่อาย,บ้านหลวง,10,12,44,โอกาสใหม่,2
50,เชียงใหม่,7,แม่อาย,บ้านหลวง,10,12,45,เป็นธรรม,2
50,เชียงใหม่,7,แม่อาย,บ้านหลวง,10,12,46,ประชาชน,98
50,เชียงใหม่,7,แม่อาย,บ้านหลวง,10,12,47,ประชาไทย,1
50,เชียงใหม่,7,แม่อาย,บ้านหลวง,10,12,48,ไทยสร้างไทย,1
50,เชียงใหม่,7,แม่อาย,บ้านหลวง,10,12,49,ไทยก้าวใหม่,0
50,เชียงใหม่,7,แม่อาย,บ้านหลวง,10,12,50,ประชาอาสาชาติ,0
50,เชียงใหม่,7,แม่อาย,บ้านหลวง,10,12,51,พร้อม,0
50,เชียงใหม่,7,แม่อาย,บ้านหลวง,10,12,52,เครือข่ายชาวนาแห่งประเทศไทย,0
50,เชียงใหม่,7,แม่อาย,บ้านหลวง,10,12,53,ไทยพิทักษ์ธรรม,0
50,เชียงใหม่,7,แม่อาย,บ้านหลวง,10,12,54,ความหวังใหม่,0
50,เชียงใหม่,7,แม่อาย,บ้านหลวง,10,12,55,ไทยรวมไทย,0
50,เชียงใหม่,7,แม่อาย,บ้านหลวง,10,12,56,เพื่อบ้านเมือง,0
50,เชียงใหม่,7,แม่อาย,บ้านหลวง,10,12,57,พลังไทยรักชาติ,1
50,เชียงใหม่,7,แม่อาย,บ้านหลวง,10,13,1,ไทยทรัพย์ทวี,9
50,เชียงใหม่,7,แม่อาย,บ้านหลวง,10,13,2,เพื่อชาติไทย,12
50,เชียงใหม่,7,แม่อาย,บ้านหลวง,10,13,3,ใหม่,3
50,เชียงใหม่,7,แม่อาย,บ้านหลวง,10,13,4,มิติใหม่,5
50,เชียงใหม่,7,แม่อาย,บ้านหลวง,10,13,5,รวมใจไทย,16
50,เชียงใหม่,7,แม่อาย,บ้านหลวง,10,13,6,รวมไทยสร้างชาติ,10
50,เชียงใหม่,7,แม่อาย,บ้านหลวง,10,13,7,พลวัต,13
50,เชียงใหม่,7,แม่อาย,บ้านหลวง,10,13,8,ประชาธิปไตยใหม่,1
50,เชียงใหม่,7,แม่อาย,บ้านหลวง,10,13,9,เพื่อไทย,63
50,เชียงใหม่,7,แม่อาย,บ้านหลวง,10,13,10,ทางเลือกใหม่,2
50,เชียงใหม่,7,แม่อาย,บ้านหลวง,10,13,11,เศรษฐกิจ,6
50,เชียงใหม่,7,แม่อาย,บ้านหลวง,10,13,12,เสรีรวมไทย,3
50,เชียงใหม่,7,แม่อาย,บ้านหลวง,10,13,13,รวมพลังประชาชน,3
50,เชียงใหม่,7,แม่อาย,บ้านหลวง,10,13,14,ท้องที่ไทย,1
50,เชียงใหม่,7,แม่อาย,บ้านหลวง,10,13,15,อนาคตไทย,0
50,เชียงใหม่,7,แม่อาย,บ้านหลวง,10,13,16,พลังเพื่อไทย,0
50,เชียงใหม่,7,แม่อาย,บ้านหลวง,10,13,17,ไทยชนะ,3
50,เชียงใหม่,7,แม่อาย,บ้านหลวง,10,13,18,พลังสังคมใหม่,1
50,เชียงใหม่,7,แม่อาย,บ้านหลวง,10,13,19,สังคมประชาธิปไตย,1
50,เชียงใหม่,7,แม่อาย,บ้านหลวง,10,13,20,ฟิวชัน,0
50,เชียงใหม่,7,แม่อาย,บ้านหลวง,10,13,21,ไทยรวมพลัง,1
50,เชียงใหม่,7,แม่อาย,บ้านหลวง,10,13,22,ก้าวอิสระ,3
50,เชียงใหม่,7,แม่อาย,บ้านหลวง,10,13,23,ปวงชนไทย,0
50,เชียงใหม่,7,แม่อาย,บ้านหลวง,10,13,24,วิชชั่นใหม่,8
50,เชียงใหม่,7,แม่อาย,บ้านหลวง,10,13,25,เพื่อชีวิตใหม่,2
50,เชียงใหม่,7,แม่อาย,บ้านหลวง,10,13,26,คลองไทย,4
50,เชียงใหม่,7,แม่อาย,บ้านหลวง,10,13,27,ประชาธิปัตย์,16
50,เชียงใหม่,7,แม่อาย,บ้านหลวง,10,13,28,ไทยก้าวหน้า,1
50,เชียงใหม่,7,แม่อาย,บ้านหลวง,10,13,29,ไทยภักดี,0
50,เชียงใหม่,7,แม่อาย,บ้านหลวง,10,13,30,แรงงานสร้างชาติ,4
50,เชียงใหม่,7,แม่อาย,บ้านหลวง,10,13,31,ประชากรไทย,2
50,เชียงใหม่,7,แม่อาย,บ้านหลวง,10,13,32,ครูไทยเพื่อประชาชน,1
50,เชียงใหม่,7,แม่อาย,บ้านหลวง,10,13,33,ประชาชาติ,0
50,เชียงใหม่,7,แม่อาย,บ้านหลวง,10,13,34,สร้างอนาคตไทย,1
50,เชียงใหม่,7,แม่อาย,บ้านหลวง,10,13,35,รักชาติ,3
50,เชียงใหม่,7,แม่อาย,บ้านหลวง,10,13,36,ไทยพร้อม,0
50,เชียงใหม่,7,แม่อาย,บ้านหลวง,10,13,37,ภูมิใจไทย,12
50,เชียงใหม่,7,แม่อาย,บ้านหลวง,10,13,38,พลังธรรมใหม่,0
50,เชียงใหม่,7,แม่อาย,บ้านหลวง,10,13,39,กรีน,0
50,เชียงใหม่,7,แม่อาย,บ้านหลวง,10,13,40,ไทยธรรม,2
50,เชียงใหม่,7,แม่อาย,บ้านหลวง,10,13,41,แผ่นดินธรรม,1
50,เชียงใหม่,7,แม่อาย,บ้านหลวง,10,13,42,กล้าธรรม,53
50,เชียงใหม่,7,แม่อาย,บ้านหลวง,10,13,43,พลังประชารัฐ,10
50,เชียงใหม่,7,แม่อาย,บ้านหลวง,10,13,44,โอกาสใหม่,0
50,เชียงใหม่,7,แม่อาย,บ้านหลวง,10,13,45,เป็นธรรม,0
50,เชียงใหม่,7,แม่อาย,บ้านหลวง,10,13,46,ประชาชน,82
50,เชียงใหม่,7,แม่อาย,บ้านหลวง,10,13,47,ประชาไทย,5
50,เชียงใหม่,7,แม่อาย,บ้านหลวง,10,13,48,ไทยสร้างไทย,1
50,เชียงใหม่,7,แม่อาย,บ้านหลวง,10,13,49,ไทยก้าวใหม่,4
50,เชียงใหม่,7,แม่อาย,บ้านหลวง,10,13,50,ประชาอาสาชาติ,0
50,เชียงใหม่,7,แม่อาย,บ้านหลวง,10,13,51,พร้อม,2
50,เชียงใหม่,7,แม่อาย,บ้านหลวง,10,13,52,เครือข่ายชาวนาแห่งประเทศไทย,1
50,เชียงใหม่,7,แม่อาย,บ้านหลวง,10,13,53,ไทยพิทักษ์ธรรม,1
50,เชียงใหม่,7,แม่อาย,บ้านหลวง,10,13,54,ความหวังใหม่,0
50,เชียงใหม่,7,แม่อาย,บ้านหลวง,10,13,55,ไทยรวมไทย,0
50,เชียงใหม่,7,แม่อาย,บ้านหลวง,10,13,56,เพื่อบ้านเมือง,1
50,เชียงใหม่,7,แม่อาย,บ้านหลวง,10,13,57,พลังไทยรักชาติ,1
50,เชียงใหม่,7,แม่อาย,บ้านหลวง,11,14,1,ไทยทรัพย์ทวี,1
50,เชียงใหม่,7,แม่อาย,บ้านหลวง,11,14,2,เพื่อชาติไทย,6
50,เชียงใหม่,7,แม่อาย,บ้านหลวง,11,14,3,ใหม่,0
50,เชียงใหม่,7,แม่อาย,บ้านหลวง,11,14,4,มิติใหม่,0
50,เชียงใหม่,7,แม่อาย,บ้านหลวง,11,14,5,รวมใจไทย,4
50,เชียงใหม่,7,แม่อาย,บ้านหลวง,11,14,6,รวมไทยสร้างชาติ,13
50,เชียงใหม่,7,แม่อาย,บ้านหลวง,11,14,7,พลวัต,5
50,เชียงใหม่,7,แม่อาย,บ้านหลวง,11,14,8,ประชาธิปไตยใหม่,0
50,เชียงใหม่,7,แม่อาย,บ้านหลวง,11,14,9,เพื่อไทย,157
50,เชียงใหม่,7,แม่อาย,บ้านหลวง,11,14,10,ทางเลือกใหม่,3
50,เชียงใหม่,7,แม่อาย,บ้านหลวง,11,14,11,เศรษฐกิจ,6
50,เชียงใหม่,7,แม่อาย,บ้านหลวง,11,14,12,เสรีรวมไทย,0
50,เชียงใหม่,7,แม่อาย,บ้านหลวง,11,14,13,รวมพลังประชาชน,3
50,เชียงใหม่,7,แม่อาย,บ้านหลวง,11,14,14,ท้องที่ไทย,0
50,เชียงใหม่,7,แม่อาย,บ้านหลวง,11,14,15,อนาคตไทย,0
50,เชียงใหม่,7,แม่อาย,บ้านหลวง,11,14,16,พลังเพื่อไทย,1
50,เชียงใหม่,7,แม่อาย,บ้านหลวง,11,14,17,ไทยชนะ,1
50,เชียงใหม่,7,แม่อาย,บ้านหลวง,11,14,18,พลังสังคมใหม่,1
50,เชียงใหม่,7,แม่อาย,บ้านหลวง,11,14,19,สังคมประชาธิปไตย,2
50,เชียงใหม่,7,แม่อาย,บ้านหลวง,11,14,20,ฟิวชัน,2
50,เชียงใหม่,7,แม่อาย,บ้านหลวง,11,14,21,ไทยรวมพลัง,0
50,เชียงใหม่,7,แม่อาย,บ้านหลวง,11,14,22,ก้าวอิสระ,0
50,เชียงใหม่,7,แม่อาย,บ้านหลวง,11,14,23,ปวงชนไทย,1
50,เชียงใหม่,7,แม่อาย,บ้านหลวง,11,14,24,วิชชั่นใหม่,1
50,เชียงใหม่,7,แม่อาย,บ้านหลวง,11,14,25,เพื่อชีวิตใหม่,0
50,เชียงใหม่,7,แม่อาย,บ้านหลวง,11,14,26,คลองไทย,0
50,เชียงใหม่,7,แม่อาย,บ้านหลวง,11,14,27,ประชาธิปัตย์,7
50,เชียงใหม่,7,แม่อาย,บ้านหลวง,11,14,28,ไทยก้าวหน้า,0
50,เชียงใหม่,7,แม่อาย,บ้านหลวง,11,14,29,ไทยภักดี,1
50,เชียงใหม่,7,แม่อาย,บ้านหลวง,11,14,30,แรงงานสร้างชาติ,1
50,เชียงใหม่,7,แม่อาย,บ้านหลวง,11,14,31,ประชากรไทย,1
50,เชียงใหม่,7,แม่อาย,บ้านหลวง,11,14,32,ครูไทยเพื่อประชาชน,0
50,เชียงใหม่,7,แม่อาย,บ้านหลวง,11,14,33,ประชาชาติ,2
50,เชียงใหม่,7,แม่อาย,บ้านหลวง,11,14,34,สร้างอนาคตไทย,0
50,เชียงใหม่,7,แม่อาย,บ้านหลวง,11,14,35,รักชาติ,3
50,เชียงใหม่,7,แม่อาย,บ้านหลวง,11,14,36,ไทยพร้อม,0
50,เชียงใหม่,7,แม่อาย,บ้านหลวง,11,14,37,ภูมิใจไทย,14
50,เชียงใหม่,7,แม่อาย,บ้านหลวง,11,14,38,พลังธรรมใหม่,4
50,เชียงใหม่,7,แม่อาย,บ้านหลวง,11,14,39,กรีน,0
50,เชียงใหม่,7,แม่อาย,บ้านหลวง,11,14,40,ไทยธรรม,0
50,เชียงใหม่,7,แม่อาย,บ้านหลวง,11,14,41,แผ่นดินธรรม,0
50,เชียงใหม่,7,แม่อาย,บ้านหลวง,11,14,42,กล้าธรรม,9
50,เชียงใหม่,7,แม่อาย,บ้านหลวง,11,14,43,พลังประชารัฐ,3
50,เชียงใหม่,7,แม่อาย,บ้านหลวง,11,14,44,โอกาสใหม่,0
50,เชียงใหม่,7,แม่อาย,บ้านหลวง,11,14,45,เป็นธรรม,0
50,เชียงใหม่,7,แม่อาย,บ้านหลวง,11,14,46,ประชาชน,66
50,เชียงใหม่,7,แม่อาย,บ้านหลวง,11,14,47,ประชาไทย,1
50,เชียงใหม่,7,แม่อาย,บ้านหลวง,11,14,48,ไทยสร้างไทย,0
50,เชียงใหม่,7,แม่อาย,บ้านหลวง,11,14,49,ไทยก้าวใหม่,0
50,เชียงใหม่,7,แม่อาย,บ้านหลวง,11,14,50,ประชาอาสาชาติ,0
50,เชียงใหม่,7,แม่อาย,บ้านหลวง,11,14,51,พร้อม,0
50,เชียงใหม่,7,แม่อาย,บ้านหลวง,11,14,52,เครือข่ายชาวนาแห่งประเทศไทย,0
50,เชียงใหม่,7,แม่อาย,บ้านหลวง,11,14,53,ไทยพิทักษ์ธรรม,0
50,เชียงใหม่,7,แม่อาย,บ้านหลวง,11,14,54,ความหวังใหม่,0
50,เชียงใหม่,7,แม่อาย,บ้านหลวง,11,14,55,ไทยรวมไทย,0
50,เชียงใหม่,7,แม่อาย,บ้านหลวง,11,14,56,เพื่อบ้านเมือง,0
50,เชียงใหม่,7,แม่อาย,บ้านหลวง,11,14,57,พลังไทยรักชาติ,1
50,เชียงใหม่,7,แม่อาย,มะลิกา,1,1,1,ไทยทรัพย์ทวี,1
50,เชียงใหม่,7,แม่อาย,มะลิกา,1,1,2,เพื่อชาติไทย,5
50,เชียงใหม่,7,แม่อาย,มะลิกา,1,1,3,ใหม่,0
50,เชียงใหม่,7,แม่อาย,มะลิกา,1,1,4,มิติใหม่,0
50,เชียงใหม่,7,แม่อาย,มะลิกา,1,1,5,รวมใจไทย,11
50,เชียงใหม่,7,แม่อาย,มะลิกา,1,1,6,รวมไทยสร้างชาติ,5
50,เชียงใหม่,7,แม่อาย,มะลิกา,1,1,7,พลวัต,1
50,เชียงใหม่,7,แม่อาย,มะลิกา,1,1,8,ประชาธิปไตยใหม่,1
50,เชียงใหม่,7,แม่อาย,มะลิกา,1,1,9,เพื่อไทย,17
50,เชียงใหม่,7,แม่อาย,มะลิกา,1,1,10,ทางเลือกใหม่,0
50,เชียงใหม่,7,แม่อาย,มะลิกา,1,1,11,เศรษฐกิจ,21
50,เชียงใหม่,7,แม่อาย,มะลิกา,1,1,12,เสรีรวมไทย,2
50,เชียงใหม่,7,แม่อาย,มะลิกา,1,1,13,รวมพลังประชาชน,3
50,เชียงใหม่,7,แม่อาย,มะลิกา,1,1,14,ท้องที่ไทย,0
50,เชียงใหม่,7,แม่อาย,มะลิกา,1,1,15,อนาคตไทย,0
50,เชียงใหม่,7,แม่อาย,มะลิกา,1,1,16,พลังเพื่อไทย,1
50,เชียงใหม่,7,แม่อาย,มะลิกา,1,1,17,ไทยชนะ,0
50,เชียงใหม่,7,แม่อาย,มะลิกา,1,1,18,พลังสังคมใหม่,0
50,เชียงใหม่,7,แม่อาย,มะลิกา,1,1,19,สังคมประชาธิปไตย,0
50,เชียงใหม่,7,แม่อาย,มะลิกา,1,1,20,ฟิวชัน,0
50,เชียงใหม่,7,แม่อาย,มะลิกา,1,1,21,ไทยรวมพลัง,0
50,เชียงใหม่,7,แม่อาย,มะลิกา,1,1,22,ก้าวอิสระ,1
50,เชียงใหม่,7,แม่อาย,มะลิกา,1,1,23,ปวงชนไทย,1
50,เชียงใหม่,7,แม่อาย,มะลิกา,1,1,24,วิชชั่นใหม่,0
50,เชียงใหม่,7,แม่อาย,มะลิกา,1,1,25,เพื่อชีวิตใหม่,0
50,เชียงใหม่,7,แม่อาย,มะลิกา,1,1,26,คลองไทย,0
50,เชียงใหม่,7,แม่อาย,มะลิกา,1,1,27,ประชาธิปัตย์,5
50,เชียงใหม่,7,แม่อาย,มะลิกา,1,1,28,ไทยก้าวหน้า,0
50,เชียงใหม่,7,แม่อาย,มะลิกา,1,1,29,ไทยภักดี,1
50,เชียงใหม่,7,แม่อาย,มะลิกา,1,1,30,แรงงานสร้างชาติ,0
50,เชียงใหม่,7,แม่อาย,มะลิกา,1,1,31,ประชากรไทย,0
50,เชียงใหม่,7,แม่อาย,มะลิกา,1,1,32,ครูไทยเพื่อประชาชน,1
50,เชียงใหม่,7,แม่อาย,มะลิกา,1,1,33,ประชาชาติ,1
50,เชียงใหม่,7,แม่อาย,มะลิกา,1,1,34,สร้างอนาคตไทย,0
50,เชียงใหม่,7,แม่อาย,มะลิกา,1,1,35,รักชาติ,0
50,เชียงใหม่,7,แม่อาย,มะลิกา,1,1,36,ไทยพร้อม,2
50,เชียงใหม่,7,แม่อาย,มะลิกา,1,1,37,ภูมิใจไทย,10
50,เชียงใหม่,7,แม่อาย,มะลิกา,1,1,38,พลังธรรมใหม่,1
50,เชียงใหม่,7,แม่อาย,มะลิกา,1,1,39,กรีน,0
50,เชียงใหม่,7,แม่อาย,มะลิกา,1,1,40,ไทยธรรม,1
50,เชียงใหม่,7,แม่อาย,มะลิกา,1,1,41,แผ่นดินธรรม,2
50,เชียงใหม่,7,แม่อาย,มะลิกา,1,1,42,กล้าธรรม,29
50,เชียงใหม่,7,แม่อาย,มะลิกา,1,1,43,พลังประชารัฐ,3
50,เชียงใหม่,7,แม่อาย,มะลิกา,1,1,44,โอกาสใหม่,2
50,เชียงใหม่,7,แม่อาย,มะลิกา,1,1,45,เป็นธรรม,1
50,เชียงใหม่,7,แม่อาย,มะลิกา,1,1,46,ประชาชน,77
50,เชียงใหม่,7,แม่อาย,มะลิกา,1,1,47,ประชาไทย,0
50,เชียงใหม่,7,แม่อาย,มะลิกา,1,1,48,ไทยสร้างไทย,0
50,เชียงใหม่,7,แม่อาย,มะลิกา,1,1,49,ไทยก้าวใหม่,1
50,เชียงใหม่,7,แม่อาย,มะลิกา,1,1,50,ประชาอาสาชาติ,0
50,เชียงใหม่,7,แม่อาย,มะลิกา,1,1,51,พร้อม,0
50,เชียงใหม่,7,แม่อาย,มะลิกา,1,1,52,เครือข่ายชาวนาแห่งประเทศไทย,0
50,เชียงใหม่,7,แม่อาย,มะลิกา,1,1,53,ไทยพิทักษ์ธรรม,1
50,เชียงใหม่,7,แม่อาย,มะลิกา,1,1,54,ความหวังใหม่,0
50,เชียงใหม่,7,แม่อาย,มะลิกา,1,1,55,ไทยรวมไทย,1
50,เชียงใหม่,7,แม่อาย,มะลิกา,1,1,56,เพื่อบ้านเมือง,0
50,เชียงใหม่,7,แม่อาย,มะลิกา,1,1,57,พลังไทยรักชาติ,0
50,เชียงใหม่,7,แม่อาย,แม่นาวาง,1,1,1,ไทยทรัพย์ทวี,0
50,เชียงใหม่,7,แม่อาย,แม่นาวาง,1,1,2,เพื่อชาติไทย,4
50,เชียงใหม่,7,แม่อาย,แม่นาวาง,1,1,3,ใหม่,1
50,เชียงใหม่,7,แม่อาย,แม่นาวาง,1,1,4,มิติใหม่,0
50,เชียงใหม่,7,แม่อาย,แม่นาวาง,1,1,5,รวมใจไทย,5
50,เชียงใหม่,7,แม่อาย,แม่นาวาง,1,1,6,รวมไทยสร้างชาติ,4
50,เชียงใหม่,7,แม่อาย,แม่นาวาง,1,1,7,พลวัต,2
50,เชียงใหม่,7,แม่อาย,แม่นาวาง,1,1,8,ประชาธิปไตยใหม่,1
50,เชียงใหม่,7,แม่อาย,แม่นาวาง,1,1,9,เพื่อไทย,89
50,เชียงใหม่,7,แม่อาย,แม่นาวาง,1,1,10,ทางเลือกใหม่,1
50,เชียงใหม่,7,แม่อาย,แม่นาวาง,1,1,11,เศรษฐกิจ,4
50,เชียงใหม่,7,แม่อาย,แม่นาวาง,1,1,12,เสรีรวมไทย,0
50,เชียงใหม่,7,แม่อาย,แม่นาวาง,1,1,13,รวมพลังประชาชน,1
50,เชียงใหม่,7,แม่อาย,แม่นาวาง,1,1,14,ท้องที่ไทย,3
50,เชียงใหม่,7,แม่อาย,แม่นาวาง,1,1,15,อนาคตไทย,0
50,เชียงใหม่,7,แม่อาย,แม่นาวาง,1,1,16,พลังเพื่อไทย,1
50,เชียงใหม่,7,แม่อาย,แม่นาวาง,1,1,17,ไทยชนะ,0
50,เชียงใหม่,7,แม่อาย,แม่นาวาง,1,1,18,พลังสังคมใหม่,0
50,เชียงใหม่,7,แม่อาย,แม่นาวาง,1,1,19,สังคมประชาธิปไตย,1
50,เชียงใหม่,7,แม่อาย,แม่นาวาง,1,1,20,ฟิวชัน,0
50,เชียงใหม่,7,แม่อาย,แม่นาวาง,1,1,21,ไทยรวมพลัง,0
50,เชียงใหม่,7,แม่อาย,แม่นาวาง,1,1,22,ก้าวอิสระ,6
50,เชียงใหม่,7,แม่อาย,แม่นาวาง,1,1,23,ปวงชนไทย,0
50,เชียงใหม่,7,แม่อาย,แม่นาวาง,1,1,24,วิชชั่นใหม่,1
50,เชียงใหม่,7,แม่อาย,แม่นาวาง,1,1,25,เพื่อชีวิตใหม่,0
50,เชียงใหม่,7,แม่อาย,แม่นาวาง,1,1,26,คลองไทย,0
50,เชียงใหม่,7,แม่อาย,แม่นาวาง,1,1,27,ประชาธิปัตย์,5
50,เชียงใหม่,7,แม่อาย,แม่นาวาง,1,1,28,ไทยก้าวหน้า,0
50,เชียงใหม่,7,แม่อาย,แม่นาวาง,1,1,29,ไทยภักดี,0
50,เชียงใหม่,7,แม่อาย,แม่นาวาง,1,1,30,แรงงานสร้างชาติ,0
50,เชียงใหม่,7,แม่อาย,แม่นาวาง,1,1,31,ประชากรไทย,0
50,เชียงใหม่,7,แม่อาย,แม่นาวาง,1,1,32,ครูไทยเพื่อประชาชน,0
50,เชียงใหม่,7,แม่อาย,แม่นาวาง,1,1,33,ประชาชาติ,0
50,เชียงใหม่,7,แม่อาย,แม่นาวาง,1,1,34,สร้างอนาคตไทย,1
50,เชียงใหม่,7,แม่อาย,แม่นาวาง,1,1,35,รักชาติ,1
50,เชียงใหม่,7,แม่อาย,แม่นาวาง,1,1,36,ไทยพร้อม,3
50,เชียงใหม่,7,แม่อาย,แม่นาวาง,1,1,37,ภูมิใจไทย,20
50,เชียงใหม่,7,แม่อาย,แม่นาวาง,1,1,38,พลังธรรมใหม่,1
50,เชียงใหม่,7,แม่อาย,แม่นาวาง,1,1,39,กรีน,0
50,เชียงใหม่,7,แม่อาย,แม่นาวาง,1,1,40,ไทยธรรม,0
50,เชียงใหม่,7,แม่อาย,แม่นาวาง,1,1,41,แผ่นดินธรรม,0
50,เชียงใหม่,7,แม่อาย,แม่นาวาง,1,1,42,กล้าธรรม,16
50,เชียงใหม่,7,แม่อาย,แม่นาวาง,1,1,43,พลังประชารัฐ,4
50,เชียงใหม่,7,แม่อาย,แม่นาวาง,1,1,44,โอกาสใหม่,0
50,เชียงใหม่,7,แม่อาย,แม่นาวาง,1,1,45,เป็นธรรม,0
50,เชียงใหม่,7,แม่อาย,แม่นาวาง,1,1,46,ประชาชน,61
50,เชียงใหม่,7,แม่อาย,แม่นาวาง,1,1,47,ประชาไทย,0
50,เชียงใหม่,7,แม่อาย,แม่นาวาง,1,1,48,ไทยสร้างไทย,2
50,เชียงใหม่,7,แม่อาย,แม่นาวาง,1,1,49,ไทยก้าวใหม่,1
50,เชียงใหม่,7,แม่อาย,แม่นาวาง,1,1,50,ประชาอาสาชาติ,0
50,เชียงใหม่,7,แม่อาย,แม่นาวาง,1,1,51,พร้อม,0
50,เชียงใหม่,7,แม่อาย,แม่นาวาง,1,1,52,เครือข่ายชาวนาแห่งประเทศไทย,0
50,เชียงใหม่,7,แม่อาย,แม่นาวาง,1,1,53,ไทยพิทักษ์ธรรม,1
50,เชียงใหม่,7,แม่อาย,แม่นาวาง,1,1,54,ความหวังใหม่,0
50,เชียงใหม่,7,แม่อาย,แม่นาวาง,1,1,55,ไทยรวมไทย,0
50,เชียงใหม่,7,แม่อาย,แม่นาวาง,1,1,56,เพื่อบ้านเมือง,0
50,เชียงใหม่,7,แม่อาย,แม่นาวาง,1,1,57,พลังไทยรักชาติ,0
50,เชียงใหม่,7,แม่อาย,แม่นาวาง,2,2,1,ไทยทรัพย์ทวี,2
50,เชียงใหม่,7,แม่อาย,แม่นาวาง,2,2,2,เพื่อชาติไทย,2
50,เชียงใหม่,7,แม่อาย,แม่นาวาง,2,2,3,ใหม่,0
50,เชียงใหม่,7,แม่อาย,แม่นาวาง,2,2,4,มิติใหม่,0
50,เชียงใหม่,7,แม่อาย,แม่นาวาง,2,2,5,รวมใจไทย,5
50,เชียงใหม่,7,แม่อาย,แม่นาวาง,2,2,6,รวมไทยสร้างชาติ,19
50,เชียงใหม่,7,แม่อาย,แม่นาวาง,2,2,7,พลวัต,4
50,เชียงใหม่,7,แม่อาย,แม่นาวาง,2,2,8,ประชาธิปไตยใหม่,3
50,เชียงใหม่,7,แม่อาย,แม่นาวาง,2,2,9,เพื่อไทย,97
50,เชียงใหม่,7,แม่อาย,แม่นาวาง,2,2,10,ทางเลือกใหม่,2
50,เชียงใหม่,7,แม่อาย,แม่นาวาง,2,2,11,เศรษฐกิจ,24
50,เชียงใหม่,7,แม่อาย,แม่นาวาง,2,2,12,เสรีรวมไทย,0
50,เชียงใหม่,7,แม่อาย,แม่นาวาง,2,2,13,รวมพลังประชาชน,2
50,เชียงใหม่,7,แม่อาย,แม่นาวาง,2,2,14,ท้องที่ไทย,13
50,เชียงใหม่,7,แม่อาย,แม่นาวาง,2,2,15,อนาคตไทย,2
50,เชียงใหม่,7,แม่อาย,แม่นาวาง,2,2,16,พลังเพื่อไทย,0
50,เชียงใหม่,7,แม่อาย,แม่นาวาง,2,2,17,ไทยชนะ,0
50,เชียงใหม่,7,แม่อาย,แม่นาวาง,2,2,18,พลังสังคมใหม่,0
50,เชียงใหม่,7,แม่อาย,แม่นาวาง,2,2,19,สังคมประชาธิปไตย,2
50,เชียงใหม่,7,แม่อาย,แม่นาวาง,2,2,20,ฟิวชัน,1
50,เชียงใหม่,7,แม่อาย,แม่นาวาง,2,2,21,ไทยรวมพลัง,0
50,เชียงใหม่,7,แม่อาย,แม่นาวาง,2,2,22,ก้าวอิสระ,0
50,เชียงใหม่,7,แม่อาย,แม่นาวาง,2,2,23,ปวงชนไทย,0
50,เชียงใหม่,7,แม่อาย,แม่นาวาง,2,2,24,วิชชั่นใหม่,0
50,เชียงใหม่,7,แม่อาย,แม่นาวาง,2,2,25,เพื่อชีวิตใหม่,0
50,เชียงใหม่,7,แม่อาย,แม่นาวาง,2,2,26,คลองไทย,0
50,เชียงใหม่,7,แม่อาย,แม่นาวาง,2,2,27,ประชาธิปัตย์,14
50,เชียงใหม่,7,แม่อาย,แม่นาวาง,2,2,28,ไทยก้าวหน้า,0
50,เชียงใหม่,7,แม่อาย,แม่นาวาง,2,2,29,ไทยภักดี,9
50,เชียงใหม่,7,แม่อาย,แม่นาวาง,2,2,30,แรงงานสร้างชาติ,1
50,เชียงใหม่,7,แม่อาย,แม่นาวาง,2,2,31,ประชากรไทย,0
50,เชียงใหม่,7,แม่อาย,แม่นาวาง,2,2,32,ครูไทยเพื่อประชาชน,1
50,เชียงใหม่,7,แม่อาย,แม่นาวาง,2,2,33,ประชาชาติ,0
50,เชียงใหม่,7,แม่อาย,แม่นาวาง,2,2,34,สร้างอนาคตไทย,1
50,เชียงใหม่,7,แม่อาย,แม่นาวาง,2,2,35,รักชาติ,1
50,เชียงใหม่,7,แม่อาย,แม่นาวาง,2,2,36,ไทยพร้อม,1
50,เชียงใหม่,7,แม่อาย,แม่นาวาง,2,2,37,ภูมิใจไทย,30
50,เชียงใหม่,7,แม่อาย,แม่นาวาง,2,2,38,พลังธรรมใหม่,1
50,เชียงใหม่,7,แม่อาย,แม่นาวาง,2,2,39,กรีน,0
50,เชียงใหม่,7,แม่อาย,แม่นาวาง,2,2,40,ไทยธรรม,0
50,เชียงใหม่,7,แม่อาย,แม่นาวาง,2,2,41,แผ่นดินธรรม,0
50,เชียงใหม่,7,แม่อาย,แม่นาวาง,2,2,42,กล้าธรรม,3
50,เชียงใหม่,7,แม่อาย,แม่นาวาง,2,2,43,พลังประชารัฐ,2
50,เชียงใหม่,7,แม่อาย,แม่นาวาง,2,2,44,โอกาสใหม่,24
50,เชียงใหม่,7,แม่อาย,แม่นาวาง,2,2,45,เป็นธรรม,0
50,เชียงใหม่,7,แม่อาย,แม่นาวาง,2,2,46,ประชาชน,97
50,เชียงใหม่,7,แม่อาย,แม่นาวาง,2,2,47,ประชาไทย,0
50,เชียงใหม่,7,แม่อาย,แม่นาวาง,2,2,48,ไทยสร้างไทย,2
50,เชียงใหม่,7,แม่อาย,แม่นาวาง,2,2,49,ไทยก้าวใหม่,1
50,เชียงใหม่,7,แม่อาย,แม่นาวาง,2,2,50,ประชาอาสาชาติ,0
50,เชียงใหม่,7,แม่อาย,แม่นาวาง,2,2,51,พร้อม,0
50,เชียงใหม่,7,แม่อาย,แม่นาวาง,2,2,52,เครือข่ายชาวนาแห่งประเทศไทย,0
50,เชียงใหม่,7,แม่อาย,แม่นาวาง,2,2,53,ไทยพิทักษ์ธรรม,0
50,เชียงใหม่,7,แม่อาย,แม่นาวาง,2,2,54,ความหวังใหม่,0
50,เชียงใหม่,7,แม่อาย,แม่นาวาง,2,2,55,ไทยรวมไทย,0
50,เชียงใหม่,7,แม่อาย,แม่นาวาง,2,2,56,เพื่อบ้านเมือง,0
50,เชียงใหม่,7,แม่อาย,แม่นาวาง,2,2,57,พลังไทยรักชาติ,0
50,เชียงใหม่,7,แม่อาย,แม่นาวาง,3,3,1,ไทยทรัพย์ทวี,1
50,เชียงใหม่,7,แม่อาย,แม่นาวาง,3,3,2,เพื่อชาติไทย,4
50,เชียงใหม่,7,แม่อาย,แม่นาวาง,3,3,3,ใหม่,0
50,เชียงใหม่,7,แม่อาย,แม่นาวาง,3,3,4,มิติใหม่,0
50,เชียงใหม่,7,แม่อาย,แม่นาวาง,3,3,5,รวมใจไทย,5
50,เชียงใหม่,7,แม่อาย,แม่นาวาง,3,3,6,รวมไทยสร้างชาติ,3
50,เชียงใหม่,7,แม่อาย,แม่นาวาง,3,3,7,พลวัต,2
50,เชียงใหม่,7,แม่อาย,แม่นาวาง,3,3,8,ประชาธิปไตยใหม่,2
50,เชียงใหม่,7,แม่อาย,แม่นาวาง,3,3,9,เพื่อไทย,50
50,เชียงใหม่,7,แม่อาย,แม่นาวาง,3,3,10,ทางเลือกใหม่,0
50,เชียงใหม่,7,แม่อาย,แม่นาวาง,3,3,11,เศรษฐกิจ,4
50,เชียงใหม่,7,แม่อาย,แม่นาวาง,3,3,12,เสรีรวมไทย,0
50,เชียงใหม่,7,แม่อาย,แม่นาวาง,3,3,13,รวมพลังประชาชน,1
50,เชียงใหม่,7,แม่อาย,แม่นาวาง,3,3,14,ท้องที่ไทย,3
50,เชียงใหม่,7,แม่อาย,แม่นาวาง,3,3,15,อนาคตไทย,1
50,เชียงใหม่,7,แม่อาย,แม่นาวาง,3,3,16,พลังเพื่อไทย,0
50,เชียงใหม่,7,แม่อาย,แม่นาวาง,3,3,17,ไทยชนะ,1
50,เชียงใหม่,7,แม่อาย,แม่นาวาง,3,3,18,พลังสังคมใหม่,1
50,เชียงใหม่,7,แม่อาย,แม่นาวาง,3,3,19,สังคมประชาธิปไตย,0
50,เชียงใหม่,7,แม่อาย,แม่นาวาง,3,3,20,ฟิวชัน,0
50,เชียงใหม่,7,แม่อาย,แม่นาวาง,3,3,21,ไทยรวมพลัง,0
50,เชียงใหม่,7,แม่อาย,แม่นาวาง,3,3,22,ก้าวอิสระ,0
50,เชียงใหม่,7,แม่อาย,แม่นาวาง,3,3,23,ปวงชนไทย,0
50,เชียงใหม่,7,แม่อาย,แม่นาวาง,3,3,24,วิชชั่นใหม่,1
50,เชียงใหม่,7,แม่อาย,แม่นาวาง,3,3,25,เพื่อชีวิตใหม่,1
50,เชียงใหม่,7,แม่อาย,แม่นาวาง,3,3,26,คลองไทย,0
50,เชียงใหม่,7,แม่อาย,แม่นาวาง,3,3,27,ประชาธิปัตย์,5
50,เชียงใหม่,7,แม่อาย,แม่นาวาง,3,3,28,ไทยก้าวหน้า,0
50,เชียงใหม่,7,แม่อาย,แม่นาวาง,3,3,29,ไทยภักดี,0
50,เชียงใหม่,7,แม่อาย,แม่นาวาง,3,3,30,แรงงานสร้างชาติ,0
50,เชียงใหม่,7,แม่อาย,แม่นาวาง,3,3,31,ประชากรไทย,0
50,เชียงใหม่,7,แม่อาย,แม่นาวาง,3,3,32,ครูไทยเพื่อประชาชน,0
50,เชียงใหม่,7,แม่อาย,แม่นาวาง,3,3,33,ประชาชาติ,0
50,เชียงใหม่,7,แม่อาย,แม่นาวาง,3,3,34,สร้างอนาคตไทย,2
50,เชียงใหม่,7,แม่อาย,แม่นาวาง,3,3,35,รักชาติ,0
50,เชียงใหม่,7,แม่อาย,แม่นาวาง,3,3,36,ไทยพร้อม,0
50,เชียงใหม่,7,แม่อาย,แม่นาวาง,3,3,37,ภูมิใจไทย,10
50,เชียงใหม่,7,แม่อาย,แม่นาวาง,3,3,38,พลังธรรมใหม่,0
50,เชียงใหม่,7,แม่อาย,แม่นาวาง,3,3,39,กรีน,0
50,เชียงใหม่,7,แม่อาย,แม่นาวาง,3,3,40,ไทยธรรม,0
50,เชียงใหม่,7,แม่อาย,แม่นาวาง,3,3,41,แผ่นดินธรรม,1
50,เชียงใหม่,7,แม่อาย,แม่นาวาง,3,3,42,กล้าธรรม,16
50,เชียงใหม่,7,แม่อาย,แม่นาวาง,3,3,43,พลังประชารัฐ,2
50,เชียงใหม่,7,แม่อาย,แม่นาวาง,3,3,44,โอกาสใหม่,0
50,เชียงใหม่,7,แม่อาย,แม่นาวาง,3,3,45,เป็นธรรม,1
50,เชียงใหม่,7,แม่อาย,แม่นาวาง,3,3,46,ประชาชน,48
50,เชียงใหม่,7,แม่อาย,แม่นาวาง,3,3,47,ประชาไทย,0
50,เชียงใหม่,7,แม่อาย,แม่นาวาง,3,3,48,ไทยสร้างไทย,0
50,เชียงใหม่,7,แม่อาย,แม่นาวาง,3,3,49,ไทยก้าวใหม่,1
50,เชียงใหม่,7,แม่อาย,แม่นาวาง,3,3,50,ประชาอาสาชาติ,0
50,เชียงใหม่,7,แม่อาย,แม่นาวาง,3,3,51,พร้อม,0
50,เชียงใหม่,7,แม่อาย,แม่นาวาง,3,3,52,เครือข่ายชาวนาแห่งประเทศไทย,0
50,เชียงใหม่,7,แม่อาย,แม่นาวาง,3,3,53,ไทยพิทักษ์ธรรม,0
50,เชียงใหม่,7,แม่อาย,แม่นาวาง,3,3,54,ความหวังใหม่,0
50,เชียงใหม่,7,แม่อาย,แม่นาวาง,3,3,55,ไทยรวมไทย,0
50,เชียงใหม่,7,แม่อาย,แม่นาวาง,3,3,56,เพื่อบ้านเมือง,1
50,เชียงใหม่,7,แม่อาย,แม่นาวาง,3,3,57,พลังไทยรักชาติ,0
50,เชียงใหม่,7,แม่อาย,แม่นาวาง,4,4,1,ไทยทรัพย์ทวี,1
50,เชียงใหม่,7,แม่อาย,แม่นาวาง,4,4,2,เพื่อชาติไทย,3
50,เชียงใหม่,7,แม่อาย,แม่นาวาง,4,4,3,ใหม่,0
50,เชียงใหม่,7,แม่อาย,แม่นาวาง,4,4,4,มิติใหม่,0
50,เชียงใหม่,7,แม่อาย,แม่นาวาง,4,4,5,รวมใจไทย,2
50,เชียงใหม่,7,แม่อาย,แม่นาวาง,4,4,6,รวมไทยสร้างชาติ,8
50,เชียงใหม่,7,แม่อาย,แม่นาวาง,4,4,7,พลวัต,5
50,เชียงใหม่,7,แม่อาย,แม่นาวาง,4,4,8,ประชาธิปไตยใหม่,4
50,เชียงใหม่,7,แม่อาย,แม่นาวาง,4,4,9,เพื่อไทย,90
50,เชียงใหม่,7,แม่อาย,แม่นาวาง,4,4,10,ทางเลือกใหม่,1
50,เชียงใหม่,7,แม่อาย,แม่นาวาง,4,4,11,เศรษฐกิจ,9
50,เชียงใหม่,7,แม่อาย,แม่นาวาง,4,4,12,เสรีรวมไทย,2
50,เชียงใหม่,7,แม่อาย,แม่นาวาง,4,4,13,รวมพลังประชาชน,4
50,เชียงใหม่,7,แม่อาย,แม่นาวาง,4,4,14,ท้องที่ไทย,14
50,เชียงใหม่,7,แม่อาย,แม่นาวาง,4,4,15,อนาคตไทย,0
50,เชียงใหม่,7,แม่อาย,แม่นาวาง,4,4,16,พลังเพื่อไทย,0
50,เชียงใหม่,7,แม่อาย,แม่นาวาง,4,4,17,ไทยชนะ,3
50,เชียงใหม่,7,แม่อาย,แม่นาวาง,4,4,18,พลังสังคมใหม่,0
50,เชียงใหม่,7,แม่อาย,แม่นาวาง,4,4,19,สังคมประชาธิปไตย,0
50,เชียงใหม่,7,แม่อาย,แม่นาวาง,4,4,20,ฟิวชัน,0
50,เชียงใหม่,7,แม่อาย,แม่นาวาง,4,4,21,ไทยรวมพลัง,0
50,เชียงใหม่,7,แม่อาย,แม่นาวาง,4,4,22,ก้าวอิสระ,0
50,เชียงใหม่,7,แม่อาย,แม่นาวาง,4,4,23,ปวงชนไทย,0
50,เชียงใหม่,7,แม่อาย,แม่นาวาง,4,4,24,วิชชั่นใหม่,0
50,เชียงใหม่,7,แม่อาย,แม่นาวาง,4,4,25,เพื่อชีวิตใหม่,0
50,เชียงใหม่,7,แม่อาย,แม่นาวาง,4,4,26,คลองไทย,0
50,เชียงใหม่,7,แม่อาย,แม่นาวาง,4,4,27,ประชาธิปัตย์,8
50,เชียงใหม่,7,แม่อาย,แม่นาวาง,4,4,28,ไทยก้าวหน้า,0
50,เชียงใหม่,7,แม่อาย,แม่นาวาง,4,4,29,ไทยภักดี,3
50,เชียงใหม่,7,แม่อาย,แม่นาวาง,4,4,30,แรงงานสร้างชาติ,0
50,เชียงใหม่,7,แม่อาย,แม่นาวาง,4,4,31,ประชากรไทย,0
50,เชียงใหม่,7,แม่อาย,แม่นาวาง,4,4,32,ครูไทยเพื่อประชาชน,0
50,เชียงใหม่,7,แม่อาย,แม่นาวาง,4,4,33,ประชาชาติ,0
50,เชียงใหม่,7,แม่อาย,แม่นาวาง,4,4,34,สร้างอนาคตไทย,0
50,เชียงใหม่,7,แม่อาย,แม่นาวาง,4,4,35,รักชาติ,0
50,เชียงใหม่,7,แม่อาย,แม่นาวาง,4,4,36,ไทยพร้อม,0
50,เชียงใหม่,7,แม่อาย,แม่นาวาง,4,4,37,ภูมิใจไทย,15
50,เชียงใหม่,7,แม่อาย,แม่นาวาง,4,4,38,พลังธรรมใหม่,1
50,เชียงใหม่,7,แม่อาย,แม่นาวาง,4,4,39,กรีน,0
50,เชียงใหม่,7,แม่อาย,แม่นาวาง,4,4,40,ไทยธรรม,0
50,เชียงใหม่,7,แม่อาย,แม่นาวาง,4,4,41,แผ่นดินธรรม,2
50,เชียงใหม่,7,แม่อาย,แม่นาวาง,4,4,42,กล้าธรรม,35
50,เชียงใหม่,7,แม่อาย,แม่นาวาง,4,4,43,พลังประชารัฐ,7
50,เชียงใหม่,7,แม่อาย,แม่นาวาง,4,4,44,โอกาสใหม่,0
50,เชียงใหม่,7,แม่อาย,แม่นาวาง,4,4,45,เป็นธรรม,0
50,เชียงใหม่,7,แม่อาย,แม่นาวาง,4,4,46,ประชาชน,94
50,เชียงใหม่,7,แม่อาย,แม่นาวาง,4,4,47,ประชาไทย,1
50,เชียงใหม่,7,แม่อาย,แม่นาวาง,4,4,48,ไทยสร้างไทย,0
50,เชียงใหม่,7,แม่อาย,แม่นาวาง,4,4,49,ไทยก้าวใหม่,1
50,เชียงใหม่,7,แม่อาย,แม่นาวาง,4,4,50,ประชาอาสาชาติ,0
50,เชียงใหม่,7,แม่อาย,แม่นาวาง,4,4,51,พร้อม,1
50,เชียงใหม่,7,แม่อาย,แม่นาวาง,4,4,52,เครือข่ายชาวนาแห่งประเทศไทย,0
50,เชียงใหม่,7,แม่อาย,แม่นาวาง,4,4,53,ไทยพิทักษ์ธรรม,1
50,เชียงใหม่,7,แม่อาย,แม่นาวาง,4,4,54,ความหวังใหม่,1
50,เชียงใหม่,7,แม่อาย,แม่นาวาง,4,4,55,ไทยรวมไทย,0
50,เชียงใหม่,7,แม่อาย,แม่นาวาง,4,4,56,เพื่อบ้านเมือง,1
50,เชียงใหม่,7,แม่อาย,แม่นาวาง,4,4,57,พลังไทยรักชาติ,0
50,เชียงใหม่,7,แม่อาย,แม่นาวาง,5,5,1,ไทยทรัพย์ทวี,8
50,เชียงใหม่,7,แม่อาย,แม่นาวาง,5,5,2,เพื่อชาติไทย,5
50,เชียงใหม่,7,แม่อาย,แม่นาวาง,5,5,3,ใหม่,0
50,เชียงใหม่,7,แม่อาย,แม่นาวาง,5,5,4,มิติใหม่,0
50,เชียงใหม่,7,แม่อาย,แม่นาวาง,5,5,5,รวมใจไทย,22
50,เชียงใหม่,7,แม่อาย,แม่นาวาง,5,5,6,รวมไทยสร้างชาติ,6
50,เชียงใหม่,7,แม่อาย,แม่นาวาง,5,5,7,พลวัต,7
50,เชียงใหม่,7,แม่อาย,แม่นาวาง,5,5,8,ประชาธิปไตยใหม่,2
50,เชียงใหม่,7,แม่อาย,แม่นาวาง,5,5,9,เพื่อไทย,80
50,เชียงใหม่,7,แม่อาย,แม่นาวาง,5,5,10,ทางเลือกใหม่,2
50,เชียงใหม่,7,แม่อาย,แม่นาวาง,5,5,11,เศรษฐกิจ,12
50,เชียงใหม่,7,แม่อาย,แม่นาวาง,5,5,12,เสรีรวมไทย,3
50,เชียงใหม่,7,แม่อาย,แม่นาวาง,5,5,13,รวมพลังประชาชน,4
50,เชียงใหม่,7,แม่อาย,แม่นาวาง,5,5,14,ท้องที่ไทย,6
50,เชียงใหม่,7,แม่อาย,แม่นาวาง,5,5,15,อนาคตไทย,0
50,เชียงใหม่,7,แม่อาย,แม่นาวาง,5,5,16,พลังเพื่อไทย,1
50,เชียงใหม่,7,แม่อาย,แม่นาวาง,5,5,17,ไทยชนะ,5
50,เชียงใหม่,7,แม่อาย,แม่นาวาง,5,5,18,พลังสังคมใหม่,1
50,เชียงใหม่,7,แม่อาย,แม่นาวาง,5,5,19,สังคมประชาธิปไตย,2
50,เชียงใหม่,7,แม่อาย,แม่นาวาง,5,5,20,ฟิวชัน,3
50,เชียงใหม่,7,แม่อาย,แม่นาวาง,5,5,21,ไทยรวมพลัง,2
50,เชียงใหม่,7,แม่อาย,แม่นาวาง,5,5,22,ก้าวอิสระ,1
50,เชียงใหม่,7,แม่อาย,แม่นาวาง,5,5,23,ปวงชนไทย,3
50,เชียงใหม่,7,แม่อาย,แม่นาวาง,5,5,24,วิชชั่นใหม่,1
50,เชียงใหม่,7,แม่อาย,แม่นาวาง,5,5,25,เพื่อชีวิตใหม่,1
50,เชียงใหม่,7,แม่อาย,แม่นาวาง,5,5,26,คลองไทย,1
50,เชียงใหม่,7,แม่อาย,แม่นาวาง,5,5,27,ประชาธิปัตย์,42
50,เชียงใหม่,7,แม่อาย,แม่นาวาง,5,5,28,ไทยก้าวหน้า,3
50,เชียงใหม่,7,แม่อาย,แม่นาวาง,5,5,29,ไทยภักดี,0
50,เชียงใหม่,7,แม่อาย,แม่นาวาง,5,5,30,แรงงานสร้างชาติ,2
50,เชียงใหม่,7,แม่อาย,แม่นาวาง,5,5,31,ประชากรไทย,0
50,เชียงใหม่,7,แม่อาย,แม่นาวาง,5,5,32,ครูไทยเพื่อประชาชน,1
50,เชียงใหม่,7,แม่อาย,แม่นาวาง,5,5,33,ประชาชาติ,0
50,เชียงใหม่,7,แม่อาย,แม่นาวาง,5,5,34,สร้างอนาคตไทย,1
50,เชียงใหม่,7,แม่อาย,แม่นาวาง,5,5,35,รักชาติ,1
50,เชียงใหม่,7,แม่อาย,แม่นาวาง,5,5,36,ไทยพร้อม,4
50,เชียงใหม่,7,แม่อาย,แม่นาวาง,5,5,37,ภูมิใจไทย,29
50,เชียงใหม่,7,แม่อาย,แม่นาวาง,5,5,38,พลังธรรมใหม่,7
50,เชียงใหม่,7,แม่อาย,แม่นาวาง,5,5,39,กรีน,0
50,เชียงใหม่,7,แม่อาย,แม่นาวาง,5,5,40,ไทยธรรม,0
50,เชียงใหม่,7,แม่อาย,แม่นาวาง,5,5,41,แผ่นดินธรรม,1
50,เชียงใหม่,7,แม่อาย,แม่นาวาง,5,5,42,กล้าธรรม,34
50,เชียงใหม่,7,แม่อาย,แม่นาวาง,5,5,43,พลังประชารัฐ,6
50,เชียงใหม่,7,แม่อาย,แม่นาวาง,5,5,44,โอกาสใหม่,1
50,เชียงใหม่,7,แม่อาย,แม่นาวาง,5,5,45,เป็นธรรม,2
50,เชียงใหม่,7,แม่อาย,แม่นาวาง,5,5,46,ประชาชน,96
50,เชียงใหม่,7,แม่อาย,แม่นาวาง,5,5,47,ประชาไทย,1
50,เชียงใหม่,7,แม่อาย,แม่นาวาง,5,5,48,ไทยสร้างไทย,2
50,เชียงใหม่,7,แม่อาย,แม่นาวาง,5,5,49,ไทยก้าวใหม่,0
50,เชียงใหม่,7,แม่อาย,แม่นาวาง,5,5,50,ประชาอาสาชาติ,0
50,เชียงใหม่,7,แม่อาย,แม่นาวาง,5,5,51,พร้อม,1
50,เชียงใหม่,7,แม่อาย,แม่นาวาง,5,5,52,เครือข่ายชาวนาแห่งประเทศไทย,1
50,เชียงใหม่,7,แม่อาย,แม่นาวาง,5,5,53,ไทยพิทักษ์ธรรม,0
50,เชียงใหม่,7,แม่อาย,แม่นาวาง,5,5,54,ความหวังใหม่,0
50,เชียงใหม่,7,แม่อาย,แม่นาวาง,5,5,55,ไทยรวมไทย,1
50,เชียงใหม่,7,แม่อาย,แม่นาวาง,5,5,56,เพื่อบ้านเมือง,2
50,เชียงใหม่,7,แม่อาย,แม่นาวาง,5,5,57,พลังไทยรักชาติ,2
50,เชียงใหม่,7,แม่อาย,แม่นาวาง,5,6,1,ไทยทรัพย์ทวี,5
50,เชียงใหม่,7,แม่อาย,แม่นาวาง,5,6,2,เพื่อชาติไทย,5
50,เชียงใหม่,7,แม่อาย,แม่นาวาง,5,6,3,ใหม่,3
50,เชียงใหม่,7,แม่อาย,แม่นาวาง,5,6,4,มิติใหม่,0
50,เชียงใหม่,7,แม่อาย,แม่นาวาง,5,6,5,รวมใจไทย,34
50,เชียงใหม่,7,แม่อาย,แม่นาวาง,5,6,6,รวมไทยสร้างชาติ,8
50,เชียงใหม่,7,แม่อาย,แม่นาวาง,5,6,7,พลวัต,6
50,เชียงใหม่,7,แม่อาย,แม่นาวาง,5,6,8,ประชาธิปไตยใหม่,1
50,เชียงใหม่,7,แม่อาย,แม่นาวาง,5,6,9,เพื่อไทย,17
50,เชียงใหม่,7,แม่อาย,แม่นาวาง,5,6,10,ทางเลือกใหม่,2
50,เชียงใหม่,7,แม่อาย,แม่นาวาง,5,6,11,เศรษฐกิจ,10
50,เชียงใหม่,7,แม่อาย,แม่นาวาง,5,6,12,เสรีรวมไทย,2
50,เชียงใหม่,7,แม่อาย,แม่นาวาง,5,6,13,รวมพลังประชาชน,1
50,เชียงใหม่,7,แม่อาย,แม่นาวาง,5,6,14,ท้องที่ไทย,2
50,เชียงใหม่,7,แม่อาย,แม่นาวาง,5,6,15,อนาคตไทย,2
50,เชียงใหม่,7,แม่อาย,แม่นาวาง,5,6,16,พลังเพื่อไทย,1
50,เชียงใหม่,7,แม่อาย,แม่นาวาง,5,6,17,ไทยชนะ,0
50,เชียงใหม่,7,แม่อาย,แม่นาวาง,5,6,18,พลังสังคมใหม่,1
50,เชียงใหม่,7,แม่อาย,แม่นาวาง,5,6,19,สังคมประชาธิปไตย,2
50,เชียงใหม่,7,แม่อาย,แม่นาวาง,5,6,20,ฟิวชัน,0
50,เชียงใหม่,7,แม่อาย,แม่นาวาง,5,6,21,ไทยรวมพลัง,1
50,เชียงใหม่,7,แม่อาย,แม่นาวาง,5,6,22,ก้าวอิสระ,4
50,เชียงใหม่,7,แม่อาย,แม่นาวาง,5,6,23,ปวงชนไทย,2
50,เชียงใหม่,7,แม่อาย,แม่นาวาง,5,6,24,วิชชั่นใหม่,1
50,เชียงใหม่,7,แม่อาย,แม่นาวาง,5,6,25,เพื่อชีวิตใหม่,2
50,เชียงใหม่,7,แม่อาย,แม่นาวาง,5,6,26,คลองไทย,3
50,เชียงใหม่,7,แม่อาย,แม่นาวาง,5,6,27,ประชาธิปัตย์,124
50,เชียงใหม่,7,แม่อาย,แม่นาวาง,5,6,28,ไทยก้าวหน้า,0
50,เชียงใหม่,7,แม่อาย,แม่นาวาง,5,6,29,ไทยภักดี,2
50,เชียงใหม่,7,แม่อาย,แม่นาวาง,5,6,30,แรงงานสร้างชาติ,1
50,เชียงใหม่,7,แม่อาย,แม่นาวาง,5,6,31,ประชากรไทย,2
50,เชียงใหม่,7,แม่อาย,แม่นาวาง,5,6,32,ครูไทยเพื่อประชาชน,1
50,เชียงใหม่,7,แม่อาย,แม่นาวาง,5,6,33,ประชาชาติ,1
50,เชียงใหม่,7,แม่อาย,แม่นาวาง,5,6,34,สร้างอนาคตไทย,5
50,เชียงใหม่,7,แม่อาย,แม่นาวาง,5,6,35,รักชาติ,1
50,เชียงใหม่,7,แม่อาย,แม่นาวาง,5,6,36,ไทยพร้อม,1
50,เชียงใหม่,7,แม่อาย,แม่นาวาง,5,6,37,ภูมิใจไทย,15
50,เชียงใหม่,7,แม่อาย,แม่นาวาง,5,6,38,พลังธรรมใหม่,0
50,เชียงใหม่,7,แม่อาย,แม่นาวาง,5,6,39,กรีน,0
50,เชียงใหม่,7,แม่อาย,แม่นาวาง,5,6,40,ไทยธรรม,1
50,เชียงใหม่,7,แม่อาย,แม่นาวาง,5,6,41,แผ่นดินธรรม,0
50,เชียงใหม่,7,แม่อาย,แม่นาวาง,5,6,42,กล้าธรรม,92
50,เชียงใหม่,7,แม่อาย,แม่นาวาง,5,6,43,พลังประชารัฐ,1
50,เชียงใหม่,7,แม่อาย,แม่นาวาง,5,6,44,โอกาสใหม่,1
50,เชียงใหม่,7,แม่อาย,แม่นาวาง,5,6,45,เป็นธรรม,2
50,เชียงใหม่,7,แม่อาย,แม่นาวาง,5,6,46,ประชาชน,80
50,เชียงใหม่,7,แม่อาย,แม่นาวาง,5,6,47,ประชาไทย,2
50,เชียงใหม่,7,แม่อาย,แม่นาวาง,5,6,48,ไทยสร้างไทย,0
50,เชียงใหม่,7,แม่อาย,แม่นาวาง,5,6,49,ไทยก้าวใหม่,3
50,เชียงใหม่,7,แม่อาย,แม่นาวาง,5,6,50,ประชาอาสาชาติ,0
50,เชียงใหม่,7,แม่อาย,แม่นาวาง,5,6,51,พร้อม,0
50,เชียงใหม่,7,แม่อาย,แม่นาวาง,5,6,52,เครือข่ายชาวนาแห่งประเทศไทย,0
50,เชียงใหม่,7,แม่อาย,แม่นาวาง,5,6,53,ไทยพิทักษ์ธรรม,0
50,เชียงใหม่,7,แม่อาย,แม่นาวาง,5,6,54,ความหวังใหม่,0
50,เชียงใหม่,7,แม่อาย,แม่นาวาง,5,6,55,ไทยรวมไทย,0
50,เชียงใหม่,7,แม่อาย,แม่นาวาง,5,6,56,เพื่อบ้านเมือง,0
50,เชียงใหม่,7,แม่อาย,แม่นาวาง,5,6,57,พลังไทยรักชาติ,0
50,เชียงใหม่,7,แม่อาย,แม่นาวาง,6,7,1,ไทยทรัพย์ทวี,2
50,เชียงใหม่,7,แม่อาย,แม่นาวาง,6,7,2,เพื่อชาติไทย,3
50,เชียงใหม่,7,แม่อาย,แม่นาวาง,6,7,3,ใหม่,2
50,เชียงใหม่,7,แม่อาย,แม่นาวาง,6,7,4,มิติใหม่,1
50,เชียงใหม่,7,แม่อาย,แม่นาวาง,6,7,5,รวมใจไทย,11
50,เชียงใหม่,7,แม่อาย,แม่นาวาง,6,7,6,รวมไทยสร้างชาติ,6
50,เชียงใหม่,7,แม่อาย,แม่นาวาง,6,7,7,พลวัต,3
50,เชียงใหม่,7,แม่อาย,แม่นาวาง,6,7,8,ประชาธิปไตยใหม่,1
50,เชียงใหม่,7,แม่อาย,แม่นาวาง,6,7,9,เพื่อไทย,68
50,เชียงใหม่,7,แม่อาย,แม่นาวาง,6,7,10,ทางเลือกใหม่,3
50,เชียงใหม่,7,แม่อาย,แม่นาวาง,6,7,11,เศรษฐกิจ,4
50,เชียงใหม่,7,แม่อาย,แม่นาวาง,6,7,12,เสรีรวมไทย,1
50,เชียงใหม่,7,แม่อาย,แม่นาวาง,6,7,13,รวมพลังประชาชน,1
50,เชียงใหม่,7,แม่อาย,แม่นาวาง,6,7,14,ท้องที่ไทย,1
50,เชียงใหม่,7,แม่อาย,แม่นาวาง,6,7,15,อนาคตไทย,0
50,เชียงใหม่,7,แม่อาย,แม่นาวาง,6,7,16,พลังเพื่อไทย,1
50,เชียงใหม่,7,แม่อาย,แม่นาวาง,6,7,17,ไทยชนะ,1
50,เชียงใหม่,7,แม่อาย,แม่นาวาง,6,7,18,พลังสังคมใหม่,1
50,เชียงใหม่,7,แม่อาย,แม่นาวาง,6,7,19,สังคมประชาธิปไตย,1
50,เชียงใหม่,7,แม่อาย,แม่นาวาง,6,7,20,ฟิวชัน,0
50,เชียงใหม่,7,แม่อาย,แม่นาวาง,6,7,21,ไทยรวมพลัง,0
50,เชียงใหม่,7,แม่อาย,แม่นาวาง,6,7,22,ก้าวอิสระ,1
50,เชียงใหม่,7,แม่อาย,แม่นาวาง,6,7,23,ปวงชนไทย,2
50,เชียงใหม่,7,แม่อาย,แม่นาวาง,6,7,24,วิชชั่นใหม่,0
50,เชียงใหม่,7,แม่อาย,แม่นาวาง,6,7,25,เพื่อชีวิตใหม่,0
50,เชียงใหม่,7,แม่อาย,แม่นาวาง,6,7,26,คลองไทย,0
50,เชียงใหม่,7,แม่อาย,แม่นาวาง,6,7,27,ประชาธิปัตย์,11
50,เชียงใหม่,7,แม่อาย,แม่นาวาง,6,7,28,ไทยก้าวหน้า,0
50,เชียงใหม่,7,แม่อาย,แม่นาวาง,6,7,29,ไทยภักดี,0
50,เชียงใหม่,7,แม่อาย,แม่นาวาง,6,7,30,แรงงานสร้างชาติ,0
50,เชียงใหม่,7,แม่อาย,แม่นาวาง,6,7,31,ประชากรไทย,0
50,เชียงใหม่,7,แม่อาย,แม่นาวาง,6,7,32,ครูไทยเพื่อประชาชน,0
50,เชียงใหม่,7,แม่อาย,แม่นาวาง,6,7,33,ประชาชาติ,0
50,เชียงใหม่,7,แม่อาย,แม่นาวาง,6,7,34,สร้างอนาคตไทย,1
50,เชียงใหม่,7,แม่อาย,แม่นาวาง,6,7,35,รักชาติ,1
50,เชียงใหม่,7,แม่อาย,แม่นาวาง,6,7,36,ไทยพร้อม,0
50,เชียงใหม่,7,แม่อาย,แม่นาวาง,6,7,37,ภูมิใจไทย,14
50,เชียงใหม่,7,แม่อาย,แม่นาวาง,6,7,38,พลังธรรมใหม่,2
50,เชียงใหม่,7,แม่อาย,แม่นาวาง,6,7,39,กรีน,0
50,เชียงใหม่,7,แม่อาย,แม่นาวาง,6,7,40,ไทยธรรม,0
50,เชียงใหม่,7,แม่อาย,แม่นาวาง,6,7,41,แผ่นดินธรรม,0
50,เชียงใหม่,7,แม่อาย,แม่นาวาง,6,7,42,กล้าธรรม,18
50,เชียงใหม่,7,แม่อาย,แม่นาวาง,6,7,43,พลังประชารัฐ,2
50,เชียงใหม่,7,แม่อาย,แม่นาวาง,6,7,44,โอกาสใหม่,0
50,เชียงใหม่,7,แม่อาย,แม่นาวาง,6,7,45,เป็นธรรม,0
50,เชียงใหม่,7,แม่อาย,แม่นาวาง,6,7,46,ประชาชน,51
50,เชียงใหม่,7,แม่อาย,แม่นาวาง,6,7,47,ประชาไทย,0
50,เชียงใหม่,7,แม่อาย,แม่นาวาง,6,7,48,ไทยสร้างไทย,1
50,เชียงใหม่,7,แม่อาย,แม่นาวาง,6,7,49,ไทยก้าวใหม่,0
50,เชียงใหม่,7,แม่อาย,แม่นาวาง,6,7,50,ประชาอาสาชาติ,0
50,เชียงใหม่,7,แม่อาย,แม่นาวาง,6,7,51,พร้อม,0
50,เชียงใหม่,7,แม่อาย,แม่นาวาง,6,7,52,เครือข่ายชาวนาแห่งประเทศไทย,0
50,เชียงใหม่,7,แม่อาย,แม่นาวาง,6,7,53,ไทยพิทักษ์ธรรม,0
50,เชียงใหม่,7,แม่อาย,แม่นาวาง,6,7,54,ความหวังใหม่,0
50,เชียงใหม่,7,แม่อาย,แม่นาวาง,6,7,55,ไทยรวมไทย,0
50,เชียงใหม่,7,แม่อาย,แม่นาวาง,6,7,56,เพื่อบ้านเมือง,0
50,เชียงใหม่,7,แม่อาย,แม่นาวาง,6,7,57,พลังไทยรักชาติ,0
50,เชียงใหม่,7,แม่อาย,แม่นาวาง,6,8,1,ไทยทรัพย์ทวี,2
50,เชียงใหม่,7,แม่อาย,แม่นาวาง,6,8,2,เพื่อชาติไทย,3
50,เชียงใหม่,7,แม่อาย,แม่นาวาง,6,8,3,ใหม่,0
50,เชียงใหม่,7,แม่อาย,แม่นาวาง,6,8,4,มิติใหม่,1
50,เชียงใหม่,7,แม่อาย,แม่นาวาง,6,8,5,รวมใจไทย,15
50,เชียงใหม่,7,แม่อาย,แม่นาวาง,6,8,6,รวมไทยสร้างชาติ,6
50,เชียงใหม่,7,แม่อาย,แม่นาวาง,6,8,7,พลวัต,3
50,เชียงใหม่,7,แม่อาย,แม่นาวาง,6,8,8,ประชาธิปไตยใหม่,1
50,เชียงใหม่,7,แม่อาย,แม่นาวาง,6,8,9,เพื่อไทย,80
50,เชียงใหม่,7,แม่อาย,แม่นาวาง,6,8,10,ทางเลือกใหม่,1
50,เชียงใหม่,7,แม่อาย,แม่นาวาง,6,8,11,เศรษฐกิจ,4
50,เชียงใหม่,7,แม่อาย,แม่นาวาง,6,8,12,เสรีรวมไทย,0
50,เชียงใหม่,7,แม่อาย,แม่นาวาง,6,8,13,รวมพลังประชาชน,1
50,เชียงใหม่,7,แม่อาย,แม่นาวาง,6,8,14,ท้องที่ไทย,11
50,เชียงใหม่,7,แม่อาย,แม่นาวาง,6,8,15,อนาคตไทย,0
50,เชียงใหม่,7,แม่อาย,แม่นาวาง,6,8,16,พลังเพื่อไทย,0
50,เชียงใหม่,7,แม่อาย,แม่นาวาง,6,8,17,ไทยชนะ,1
50,เชียงใหม่,7,แม่อาย,แม่นาวาง,6,8,18,พลังสังคมใหม่,0
50,เชียงใหม่,7,แม่อาย,แม่นาวาง,6,8,19,สังคมประชาธิปไตย,0
50,เชียงใหม่,7,แม่อาย,แม่นาวาง,6,8,20,ฟิวชัน,3
50,เชียงใหม่,7,แม่อาย,แม่นาวาง,6,8,21,ไทยรวมพลัง,0
50,เชียงใหม่,7,แม่อาย,แม่นาวาง,6,8,22,ก้าวอิสระ,0
50,เชียงใหม่,7,แม่อาย,แม่นาวาง,6,8,23,ปวงชนไทย,0
50,เชียงใหม่,7,แม่อาย,แม่นาวาง,6,8,24,วิชชั่นใหม่,1
50,เชียงใหม่,7,แม่อาย,แม่นาวาง,6,8,25,เพื่อชีวิตใหม่,2
50,เชียงใหม่,7,แม่อาย,แม่นาวาง,6,8,26,คลองไทย,1
50,เชียงใหม่,7,แม่อาย,แม่นาวาง,6,8,27,ประชาธิปัตย์,13
50,เชียงใหม่,7,แม่อาย,แม่นาวาง,6,8,28,ไทยก้าวหน้า,1
50,เชียงใหม่,7,แม่อาย,แม่นาวาง,6,8,29,ไทยภักดี,1
50,เชียงใหม่,7,แม่อาย,แม่นาวาง,6,8,30,แรงงานสร้างชาติ,2
50,เชียงใหม่,7,แม่อาย,แม่นาวาง,6,8,31,ประชากรไทย,0
50,เชียงใหม่,7,แม่อาย,แม่นาวาง,6,8,32,ครูไทยเพื่อประชาชน,0
50,เชียงใหม่,7,แม่อาย,แม่นาวาง,6,8,33,ประชาชาติ,1
50,เชียงใหม่,7,แม่อาย,แม่นาวาง,6,8,34,สร้างอนาคตไทย,0
50,เชียงใหม่,7,แม่อาย,แม่นาวาง,6,8,35,รักชาติ,1
50,เชียงใหม่,7,แม่อาย,แม่นาวาง,6,8,36,ไทยพร้อม,1
50,เชียงใหม่,7,แม่อาย,แม่นาวาง,6,8,37,ภูมิใจไทย,8
50,เชียงใหม่,7,แม่อาย,แม่นาวาง,6,8,38,พลังธรรมใหม่,3
50,เชียงใหม่,7,แม่อาย,แม่นาวาง,6,8,39,กรีน,1
50,เชียงใหม่,7,แม่อาย,แม่นาวาง,6,8,40,ไทยธรรม,3
50,เชียงใหม่,7,แม่อาย,แม่นาวาง,6,8,41,แผ่นดินธรรม,0
50,เชียงใหม่,7,แม่อาย,แม่นาวาง,6,8,42,กล้าธรรม,14
50,เชียงใหม่,7,แม่อาย,แม่นาวาง,6,8,43,พลังประชารัฐ,1
50,เชียงใหม่,7,แม่อาย,แม่นาวาง,6,8,44,โอกาสใหม่,0
50,เชียงใหม่,7,แม่อาย,แม่นาวาง,6,8,45,เป็นธรรม,0
50,เชียงใหม่,7,แม่อาย,แม่นาวาง,6,8,46,ประชาชน,43
50,เชียงใหม่,7,แม่อาย,แม่นาวาง,6,8,47,ประชาไทย,2
50,เชียงใหม่,7,แม่อาย,แม่นาวาง,6,8,48,ไทยสร้างไทย,0
50,เชียงใหม่,7,แม่อาย,แม่นาวาง,6,8,49,ไทยก้าวใหม่,2
50,เชียงใหม่,7,แม่อาย,แม่นาวาง,6,8,50,ประชาอาสาชาติ,0
50,เชียงใหม่,7,แม่อาย,แม่นาวาง,6,8,51,พร้อม,0
50,เชียงใหม่,7,แม่อาย,แม่นาวาง,6,8,52,เครือข่ายชาวนาแห่งประเทศไทย,0
50,เชียงใหม่,7,แม่อาย,แม่นาวาง,6,8,53,ไทยพิทักษ์ธรรม,0
50,เชียงใหม่,7,แม่อาย,แม่นาวาง,6,8,54,ความหวังใหม่,0
50,เชียงใหม่,7,แม่อาย,แม่นาวาง,6,8,55,ไทยรวมไทย,0
50,เชียงใหม่,7,แม่อาย,แม่นาวาง,6,8,56,เพื่อบ้านเมือง,0
50,เชียงใหม่,7,แม่อาย,แม่นาวาง,6,8,57,พลังไทยรักชาติ,0
50,เชียงใหม่,7,แม่อาย,แม่นาวาง,7,9,1,ไทยทรัพย์ทวี,16
50,เชียงใหม่,7,แม่อาย,แม่นาวาง,7,9,2,เพื่อชาติไทย,9
50,เชียงใหม่,7,แม่อาย,แม่นาวาง,7,9,3,ใหม่,2
50,เชียงใหม่,7,แม่อาย,แม่นาวาง,7,9,4,มิติใหม่,2
50,เชียงใหม่,7,แม่อาย,แม่นาวาง,7,9,5,รวมใจไทย,15
50,เชียงใหม่,7,แม่อาย,แม่นาวาง,7,9,6,รวมไทยสร้างชาติ,12
50,เชียงใหม่,7,แม่อาย,แม่นาวาง,7,9,7,พลวัต,10
50,เชียงใหม่,7,แม่อาย,แม่นาวาง,7,9,8,ประชาธิปไตยใหม่,3
50,เชียงใหม่,7,แม่อาย,แม่นาวาง,7,9,9,เพื่อไทย,68
50,เชียงใหม่,7,แม่อาย,แม่นาวาง,7,9,10,ทางเลือกใหม่,1
50,เชียงใหม่,7,แม่อาย,แม่นาวาง,7,9,11,เศรษฐกิจ,5
50,เชียงใหม่,7,แม่อาย,แม่นาวาง,7,9,12,เสรีรวมไทย,1
50,เชียงใหม่,7,แม่อาย,แม่นาวาง,7,9,13,รวมพลังประชาชน,7
50,เชียงใหม่,7,แม่อาย,แม่นาวาง,7,9,14,ท้องที่ไทย,2
50,เชียงใหม่,7,แม่อาย,แม่นาวาง,7,9,15,อนาคตไทย,2
50,เชียงใหม่,7,แม่อาย,แม่นาวาง,7,9,16,พลังเพื่อไทย,3
50,เชียงใหม่,7,แม่อาย,แม่นาวาง,7,9,17,ไทยชนะ,2
50,เชียงใหม่,7,แม่อาย,แม่นาวาง,7,9,18,พลังสังคมใหม่,1
50,เชียงใหม่,7,แม่อาย,แม่นาวาง,7,9,19,สังคมประชาธิปไตย,0
50,เชียงใหม่,7,แม่อาย,แม่นาวาง,7,9,20,ฟิวชัน,0
50,เชียงใหม่,7,แม่อาย,แม่นาวาง,7,9,21,ไทยรวมพลัง,0
50,เชียงใหม่,7,แม่อาย,แม่นาวาง,7,9,22,ก้าวอิสระ,0
50,เชียงใหม่,7,แม่อาย,แม่นาวาง,7,9,23,ปวงชนไทย,0
50,เชียงใหม่,7,แม่อาย,แม่นาวาง,7,9,24,วิชชั่นใหม่,1
50,เชียงใหม่,7,แม่อาย,แม่นาวาง,7,9,25,เพื่อชีวิตใหม่,3
50,เชียงใหม่,7,แม่อาย,แม่นาวาง,7,9,26,คลองไทย,1
50,เชียงใหม่,7,แม่อาย,แม่นาวาง,7,9,27,ประชาธิปัตย์,16
50,เชียงใหม่,7,แม่อาย,แม่นาวาง,7,9,28,ไทยก้าวหน้า,2
50,เชียงใหม่,7,แม่อาย,แม่นาวาง,7,9,29,ไทยภักดี,1
50,เชียงใหม่,7,แม่อาย,แม่นาวาง,7,9,30,แรงงานสร้างชาติ,2
50,เชียงใหม่,7,แม่อาย,แม่นาวาง,7,9,31,ประชากรไทย,1
50,เชียงใหม่,7,แม่อาย,แม่นาวาง,7,9,32,ครูไทยเพื่อประชาชน,0
50,เชียงใหม่,7,แม่อาย,แม่นาวาง,7,9,33,ประชาชาติ,2
50,เชียงใหม่,7,แม่อาย,แม่นาวาง,7,9,34,สร้างอนาคตไทย,2
50,เชียงใหม่,7,แม่อาย,แม่นาวาง,7,9,35,รักชาติ,1
50,เชียงใหม่,7,แม่อาย,แม่นาวาง,7,9,36,ไทยพร้อม,0
50,เชียงใหม่,7,แม่อาย,แม่นาวาง,7,9,37,ภูมิใจไทย,33
50,เชียงใหม่,7,แม่อาย,แม่นาวาง,7,9,38,พลังธรรมใหม่,3
50,เชียงใหม่,7,แม่อาย,แม่นาวาง,7,9,39,กรีน,0
50,เชียงใหม่,7,แม่อาย,แม่นาวาง,7,9,40,ไทยธรรม,0
50,เชียงใหม่,7,แม่อาย,แม่นาวาง,7,9,41,แผ่นดินธรรม,0
50,เชียงใหม่,7,แม่อาย,แม่นาวาง,7,9,42,กล้าธรรม,26
50,เชียงใหม่,7,แม่อาย,แม่นาวาง,7,9,43,พลังประชารัฐ,7
50,เชียงใหม่,7,แม่อาย,แม่นาวาง,7,9,44,โอกาสใหม่,0
50,เชียงใหม่,7,แม่อาย,แม่นาวาง,7,9,45,เป็นธรรม,0
50,เชียงใหม่,7,แม่อาย,แม่นาวาง,7,9,46,ประชาชน,68
50,เชียงใหม่,7,แม่อาย,แม่นาวาง,7,9,47,ประชาไทย,2
50,เชียงใหม่,7,แม่อาย,แม่นาวาง,7,9,48,ไทยสร้างไทย,0
50,เชียงใหม่,7,แม่อาย,แม่นาวาง,7,9,49,ไทยก้าวใหม่,2
50,เชียงใหม่,7,แม่อาย,แม่นาวาง,7,9,50,ประชาอาสาชาติ,0
50,เชียงใหม่,7,แม่อาย,แม่นาวาง,7,9,51,พร้อม,0
50,เชียงใหม่,7,แม่อาย,แม่นาวาง,7,9,52,เครือข่ายชาวนาแห่งประเทศไทย,0
50,เชียงใหม่,7,แม่อาย,แม่นาวาง,7,9,53,ไทยพิทักษ์ธรรม,1
50,เชียงใหม่,7,แม่อาย,แม่นาวาง,7,9,54,ความหวังใหม่,0
50,เชียงใหม่,7,แม่อาย,แม่นาวาง,7,9,55,ไทยรวมไทย,1
50,เชียงใหม่,7,แม่อาย,แม่นาวาง,7,9,56,เพื่อบ้านเมือง,1
50,เชียงใหม่,7,แม่อาย,แม่นาวาง,7,9,57,พลังไทยรักชาติ,0
50,เชียงใหม่,7,แม่อาย,แม่นาวาง,7,10,1,ไทยทรัพย์ทวี,14
50,เชียงใหม่,7,แม่อาย,แม่นาวาง,7,10,2,เพื่อชาติไทย,7
50,เชียงใหม่,7,แม่อาย,แม่นาวาง,7,10,3,ใหม่,1
50,เชียงใหม่,7,แม่อาย,แม่นาวาง,7,10,4,มิติใหม่,1
50,เชียงใหม่,7,แม่อาย,แม่นาวาง,7,10,5,รวมใจไทย,32
50,เชียงใหม่,7,แม่อาย,แม่นาวาง,7,10,6,รวมไทยสร้างชาติ,9
50,เชียงใหม่,7,แม่อาย,แม่นาวาง,7,10,7,พลวัต,4
50,เชียงใหม่,7,แม่อาย,แม่นาวาง,7,10,8,ประชาธิปไตยใหม่,2
50,เชียงใหม่,7,แม่อาย,แม่นาวาง,7,10,9,เพื่อไทย,63
50,เชียงใหม่,7,แม่อาย,แม่นาวาง,7,10,10,ทางเลือกใหม่,2
50,เชียงใหม่,7,แม่อาย,แม่นาวาง,7,10,11,เศรษฐกิจ,5
50,เชียงใหม่,7,แม่อาย,แม่นาวาง,7,10,12,เสรีรวมไทย,2
50,เชียงใหม่,7,แม่อาย,แม่นาวาง,7,10,13,รวมพลังประชาชน,1
50,เชียงใหม่,7,แม่อาย,แม่นาวาง,7,10,14,ท้องที่ไทย,3
50,เชียงใหม่,7,แม่อาย,แม่นาวาง,7,10,15,อนาคตไทย,0
50,เชียงใหม่,7,แม่อาย,แม่นาวาง,7,10,16,พลังเพื่อไทย,0
50,เชียงใหม่,7,แม่อาย,แม่นาวาง,7,10,17,ไทยชนะ,0
50,เชียงใหม่,7,แม่อาย,แม่นาวาง,7,10,18,พลังสังคมใหม่,1
50,เชียงใหม่,7,แม่อาย,แม่นาวาง,7,10,19,สังคมประชาธิปไตย,0
50,เชียงใหม่,7,แม่อาย,แม่นาวาง,7,10,20,ฟิวชัน,0
50,เชียงใหม่,7,แม่อาย,แม่นาวาง,7,10,21,ไทยรวมพลัง,2
50,เชียงใหม่,7,แม่อาย,แม่นาวาง,7,10,22,ก้าวอิสระ,1
50,เชียงใหม่,7,แม่อาย,แม่นาวาง,7,10,23,ปวงชนไทย,3
50,เชียงใหม่,7,แม่อาย,แม่นาวาง,7,10,24,วิชชั่นใหม่,3
50,เชียงใหม่,7,แม่อาย,แม่นาวาง,7,10,25,เพื่อชีวิตใหม่,0
50,เชียงใหม่,7,แม่อาย,แม่นาวาง,7,10,26,คลองไทย,1
50,เชียงใหม่,7,แม่อาย,แม่นาวาง,7,10,27,ประชาธิปัตย์,18
50,เชียงใหม่,7,แม่อาย,แม่นาวาง,7,10,28,ไทยก้าวหน้า,1
50,เชียงใหม่,7,แม่อาย,แม่นาวาง,7,10,29,ไทยภักดี,0
50,เชียงใหม่,7,แม่อาย,แม่นาวาง,7,10,30,แรงงานสร้างชาติ,3
50,เชียงใหม่,7,แม่อาย,แม่นาวาง,7,10,31,ประชากรไทย,0
50,เชียงใหม่,7,แม่อาย,แม่นาวาง,7,10,32,ครูไทยเพื่อประชาชน,0
50,เชียงใหม่,7,แม่อาย,แม่นาวาง,7,10,33,ประชาชาติ,0
50,เชียงใหม่,7,แม่อาย,แม่นาวาง,7,10,34,สร้างอนาคตไทย,2
50,เชียงใหม่,7,แม่อาย,แม่นาวาง,7,10,35,รักชาติ,1
50,เชียงใหม่,7,แม่อาย,แม่นาวาง,7,10,36,ไทยพร้อม,1
50,เชียงใหม่,7,แม่อาย,แม่นาวาง,7,10,37,ภูมิใจไทย,25
50,เชียงใหม่,7,แม่อาย,แม่นาวาง,7,10,38,พลังธรรมใหม่,2
50,เชียงใหม่,7,แม่อาย,แม่นาวาง,7,10,39,กรีน,0
50,เชียงใหม่,7,แม่อาย,แม่นาวาง,7,10,40,ไทยธรรม,0
50,เชียงใหม่,7,แม่อาย,แม่นาวาง,7,10,41,แผ่นดินธรรม,2
50,เชียงใหม่,7,แม่อาย,แม่นาวาง,7,10,42,กล้าธรรม,58
50,เชียงใหม่,7,แม่อาย,แม่นาวาง,7,10,43,พลังประชารัฐ,10
50,เชียงใหม่,7,แม่อาย,แม่นาวาง,7,10,44,โอกาสใหม่,2
50,เชียงใหม่,7,แม่อาย,แม่นาวาง,7,10,45,เป็นธรรม,1
50,เชียงใหม่,7,แม่อาย,แม่นาวาง,7,10,46,ประชาชน,65
50,เชียงใหม่,7,แม่อาย,แม่นาวาง,7,10,47,ประชาไทย,1
50,เชียงใหม่,7,แม่อาย,แม่นาวาง,7,10,48,ไทยสร้างไทย,1
50,เชียงใหม่,7,แม่อาย,แม่นาวาง,7,10,49,ไทยก้าวใหม่,4
50,เชียงใหม่,7,แม่อาย,แม่นาวาง,7,10,50,ประชาอาสาชาติ,0
50,เชียงใหม่,7,แม่อาย,แม่นาวาง,7,10,51,พร้อม,0
50,เชียงใหม่,7,แม่อาย,แม่นาวาง,7,10,52,เครือข่ายชาวนาแห่งประเทศไทย,0
50,เชียงใหม่,7,แม่อาย,แม่นาวาง,7,10,53,ไทยพิทักษ์ธรรม,0
50,เชียงใหม่,7,แม่อาย,แม่นาวาง,7,10,54,ความหวังใหม่,1
50,เชียงใหม่,7,แม่อาย,แม่นาวาง,7,10,55,ไทยรวมไทย,0
50,เชียงใหม่,7,แม่อาย,แม่นาวาง,7,10,56,เพื่อบ้านเมือง,1
50,เชียงใหม่,7,แม่อาย,แม่นาวาง,7,10,57,พลังไทยรักชาติ,2
50,เชียงใหม่,7,แม่อาย,แม่นาวาง,8,11,1,ไทยทรัพย์ทวี,5
50,เชียงใหม่,7,แม่อาย,แม่นาวาง,8,11,2,เพื่อชาติไทย,7
50,เชียงใหม่,7,แม่อาย,แม่นาวาง,8,11,3,ใหม่,1
50,เชียงใหม่,7,แม่อาย,แม่นาวาง,8,11,4,มิติใหม่,2
50,เชียงใหม่,7,แม่อาย,แม่นาวาง,8,11,5,รวมใจไทย,15
50,เชียงใหม่,7,แม่อาย,แม่นาวาง,8,11,6,รวมไทยสร้างชาติ,17
50,เชียงใหม่,7,แม่อาย,แม่นาวาง,8,11,7,พลวัต,12
50,เชียงใหม่,7,แม่อาย,แม่นาวาง,8,11,8,ประชาธิปไตยใหม่,4
50,เชียงใหม่,7,แม่อาย,แม่นาวาง,8,11,9,เพื่อไทย,108
50,เชียงใหม่,7,แม่อาย,แม่นาวาง,8,11,10,ทางเลือกใหม่,1
50,เชียงใหม่,7,แม่อาย,แม่นาวาง,8,11,11,เศรษฐกิจ,15
50,เชียงใหม่,7,แม่อาย,แม่นาวาง,8,11,12,เสรีรวมไทย,1
50,เชียงใหม่,7,แม่อาย,แม่นาวาง,8,11,13,รวมพลังประชาชน,1
50,เชียงใหม่,7,แม่อาย,แม่นาวาง,8,11,14,ท้องที่ไทย,0
50,เชียงใหม่,7,แม่อาย,แม่นาวาง,8,11,15,อนาคตไทย,0
50,เชียงใหม่,7,แม่อาย,แม่นาวาง,8,11,16,พลังเพื่อไทย,2
50,เชียงใหม่,7,แม่อาย,แม่นาวาง,8,11,17,ไทยชนะ,4
50,เชียงใหม่,7,แม่อาย,แม่นาวาง,8,11,18,พลังสังคมใหม่,0
50,เชียงใหม่,7,แม่อาย,แม่นาวาง,8,11,19,สังคมประชาธิปไตย,0
50,เชียงใหม่,7,แม่อาย,แม่นาวาง,8,11,20,ฟิวชัน,0
50,เชียงใหม่,7,แม่อาย,แม่นาวาง,8,11,21,ไทยรวมพลัง,0
50,เชียงใหม่,7,แม่อาย,แม่นาวาง,8,11,22,ก้าวอิสระ,0
50,เชียงใหม่,7,แม่อาย,แม่นาวาง,8,11,23,ปวงชนไทย,2
50,เชียงใหม่,7,แม่อาย,แม่นาวาง,8,11,24,วิชชั่นใหม่,0
50,เชียงใหม่,7,แม่อาย,แม่นาวาง,8,11,25,เพื่อชีวิตใหม่,2
50,เชียงใหม่,7,แม่อาย,แม่นาวาง,8,11,26,คลองไทย,3
50,เชียงใหม่,7,แม่อาย,แม่นาวาง,8,11,27,ประชาธิปัตย์,39
50,เชียงใหม่,7,แม่อาย,แม่นาวาง,8,11,28,ไทยก้าวหน้า,0
50,เชียงใหม่,7,แม่อาย,แม่นาวาง,8,11,29,ไทยภักดี,1
50,เชียงใหม่,7,แม่อาย,แม่นาวาง,8,11,30,แรงงานสร้างชาติ,2
50,เชียงใหม่,7,แม่อาย,แม่นาวาง,8,11,31,ประชากรไทย,0
50,เชียงใหม่,7,แม่อาย,แม่นาวาง,8,11,32,ครูไทยเพื่อประชาชน,1
50,เชียงใหม่,7,แม่อาย,แม่นาวาง,8,11,33,ประชาชาติ,0
50,เชียงใหม่,7,แม่อาย,แม่นาวาง,8,11,34,สร้างอนาคตไทย,1
50,เชียงใหม่,7,แม่อาย,แม่นาวาง,8,11,35,รักชาติ,0
50,เชียงใหม่,7,แม่อาย,แม่นาวาง,8,11,36,ไทยพร้อม,1
50,เชียงใหม่,7,แม่อาย,แม่นาวาง,8,11,37,ภูมิใจไทย,26
50,เชียงใหม่,7,แม่อาย,แม่นาวาง,8,11,38,พลังธรรมใหม่,2
50,เชียงใหม่,7,แม่อาย,แม่นาวาง,8,11,39,กรีน,1
50,เชียงใหม่,7,แม่อาย,แม่นาวาง,8,11,40,ไทยธรรม,0
50,เชียงใหม่,7,แม่อาย,แม่นาวาง,8,11,41,แผ่นดินธรรม,1
50,เชียงใหม่,7,แม่อาย,แม่นาวาง,8,11,42,กล้าธรรม,19
50,เชียงใหม่,7,แม่อาย,แม่นาวาง,8,11,43,พลังประชารัฐ,6
50,เชียงใหม่,7,แม่อาย,แม่นาวาง,8,11,44,โอกาสใหม่,0
50,เชียงใหม่,7,แม่อาย,แม่นาวาง,8,11,45,เป็นธรรม,0
50,เชียงใหม่,7,แม่อาย,แม่นาวาง,8,11,46,ประชาชน,58
50,เชียงใหม่,7,แม่อาย,แม่นาวาง,8,11,47,ประชาไทย,2
50,เชียงใหม่,7,แม่อาย,แม่นาวาง,8,11,48,ไทยสร้างไทย,0
50,เชียงใหม่,7,แม่อาย,แม่นาวาง,8,11,49,ไทยก้าวใหม่,1
50,เชียงใหม่,7,แม่อาย,แม่นาวาง,8,11,50,ประชาอาสาชาติ,0
50,เชียงใหม่,7,แม่อาย,แม่นาวาง,8,11,51,พร้อม,1
50,เชียงใหม่,7,แม่อาย,แม่นาวาง,8,11,52,เครือข่ายชาวนาแห่งประเทศไทย,0
50,เชียงใหม่,7,แม่อาย,แม่นาวาง,8,11,53,ไทยพิทักษ์ธรรม,0
50,เชียงใหม่,7,แม่อาย,แม่นาวาง,8,11,54,ความหวังใหม่,0
50,เชียงใหม่,7,แม่อาย,แม่นาวาง,8,11,55,ไทยรวมไทย,0
50,เชียงใหม่,7,แม่อาย,แม่นาวาง,8,11,56,เพื่อบ้านเมือง,0
50,เชียงใหม่,7,แม่อาย,แม่นาวาง,8,11,57,พลังไทยรักชาติ,0
50,เชียงใหม่,7,แม่อาย,แม่นาวาง,9,12,1,ไทยทรัพย์ทวี,1
50,เชียงใหม่,7,แม่อาย,แม่นาวาง,9,12,2,เพื่อชาติไทย,1
50,เชียงใหม่,7,แม่อาย,แม่นาวาง,9,12,3,ใหม่,0
50,เชียงใหม่,7,แม่อาย,แม่นาวาง,9,12,4,มิติใหม่,1
50,เชียงใหม่,7,แม่อาย,แม่นาวาง,9,12,5,รวมใจไทย,4
50,เชียงใหม่,7,แม่อาย,แม่นาวาง,9,12,6,รวมไทยสร้างชาติ,4
50,เชียงใหม่,7,แม่อาย,แม่นาวาง,9,12,7,พลวัต,3
50,เชียงใหม่,7,แม่อาย,แม่นาวาง,9,12,8,ประชาธิปไตยใหม่,1
50,เชียงใหม่,7,แม่อาย,แม่นาวาง,9,12,9,เพื่อไทย,68
50,เชียงใหม่,7,แม่อาย,แม่นาวาง,9,12,10,ทางเลือกใหม่,1
50,เชียงใหม่,7,แม่อาย,แม่นาวาง,9,12,11,เศรษฐกิจ,2
50,เชียงใหม่,7,แม่อาย,แม่นาวาง,9,12,12,เสรีรวมไทย,1
50,เชียงใหม่,7,แม่อาย,แม่นาวาง,9,12,13,รวมพลังประชาชน,3
50,เชียงใหม่,7,แม่อาย,แม่นาวาง,9,12,14,ท้องที่ไทย,2
50,เชียงใหม่,7,แม่อาย,แม่นาวาง,9,12,15,อนาคตไทย,0
50,เชียงใหม่,7,แม่อาย,แม่นาวาง,9,12,16,พลังเพื่อไทย,0
50,เชียงใหม่,7,แม่อาย,แม่นาวาง,9,12,17,ไทยชนะ,0
50,เชียงใหม่,7,แม่อาย,แม่นาวาง,9,12,18,พลังสังคมใหม่,0
50,เชียงใหม่,7,แม่อาย,แม่นาวาง,9,12,19,สังคมประชาธิปไตย,0
50,เชียงใหม่,7,แม่อาย,แม่นาวาง,9,12,20,ฟิวชัน,0
50,เชียงใหม่,7,แม่อาย,แม่นาวาง,9,12,21,ไทยรวมพลัง,0
50,เชียงใหม่,7,แม่อาย,แม่นาวาง,9,12,22,ก้าวอิสระ,0
50,เชียงใหม่,7,แม่อาย,แม่นาวาง,9,12,23,ปวงชนไทย,0
50,เชียงใหม่,7,แม่อาย,แม่นาวาง,9,12,24,วิชชั่นใหม่,0
50,เชียงใหม่,7,แม่อาย,แม่นาวาง,9,12,25,เพื่อชีวิตใหม่,0
50,เชียงใหม่,7,แม่อาย,แม่นาวาง,9,12,26,คลองไทย,0
50,เชียงใหม่,7,แม่อาย,แม่นาวาง,9,12,27,ประชาธิปัตย์,2
50,เชียงใหม่,7,แม่อาย,แม่นาวาง,9,12,28,ไทยก้าวหน้า,0
50,เชียงใหม่,7,แม่อาย,แม่นาวาง,9,12,29,ไทยภักดี,0
50,เชียงใหม่,7,แม่อาย,แม่นาวาง,9,12,30,แรงงานสร้างชาติ,1
50,เชียงใหม่,7,แม่อาย,แม่นาวาง,9,12,31,ประชากรไทย,0
50,เชียงใหม่,7,แม่อาย,แม่นาวาง,9,12,32,ครูไทยเพื่อประชาชน,0
50,เชียงใหม่,7,แม่อาย,แม่นาวาง,9,12,33,ประชาชาติ,0
50,เชียงใหม่,7,แม่อาย,แม่นาวาง,9,12,34,สร้างอนาคตไทย,0
50,เชียงใหม่,7,แม่อาย,แม่นาวาง,9,12,35,รักชาติ,0
50,เชียงใหม่,7,แม่อาย,แม่นาวาง,9,12,36,ไทยพร้อม,0
50,เชียงใหม่,7,แม่อาย,แม่นาวาง,9,12,37,ภูมิใจไทย,18
50,เชียงใหม่,7,แม่อาย,แม่นาวาง,9,12,38,พลังธรรมใหม่,0
50,เชียงใหม่,7,แม่อาย,แม่นาวาง,9,12,39,กรีน,0
50,เชียงใหม่,7,แม่อาย,แม่นาวาง,9,12,40,ไทยธรรม,0
50,เชียงใหม่,7,แม่อาย,แม่นาวาง,9,12,41,แผ่นดินธรรม,0
50,เชียงใหม่,7,แม่อาย,แม่นาวาง,9,12,42,กล้าธรรม,11
50,เชียงใหม่,7,แม่อาย,แม่นาวาง,9,12,43,พลังประชารัฐ,4
50,เชียงใหม่,7,แม่อาย,แม่นาวาง,9,12,44,โอกาสใหม่,0
50,เชียงใหม่,7,แม่อาย,แม่นาวาง,9,12,45,เป็นธรรม,0
50,เชียงใหม่,7,แม่อาย,แม่นาวาง,9,12,46,ประชาชน,57
50,เชียงใหม่,7,แม่อาย,แม่นาวาง,9,12,47,ประชาไทย,0
50,เชียงใหม่,7,แม่อาย,แม่นาวาง,9,12,48,ไทยสร้างไทย,0
50,เชียงใหม่,7,แม่อาย,แม่นาวาง,9,12,49,ไทยก้าวใหม่,0
50,เชียงใหม่,7,แม่อาย,แม่นาวาง,9,12,50,ประชาอาสาชาติ,0
50,เชียงใหม่,7,แม่อาย,แม่นาวาง,9,12,51,พร้อม,0
50,เชียงใหม่,7,แม่อาย,แม่นาวาง,9,12,52,เครือข่ายชาวนาแห่งประเทศไทย,0
50,เชียงใหม่,7,แม่อาย,แม่นาวาง,9,12,53,ไทยพิทักษ์ธรรม,0
50,เชียงใหม่,7,แม่อาย,แม่นาวาง,9,12,54,ความหวังใหม่,0
50,เชียงใหม่,7,แม่อาย,แม่นาวาง,9,12,55,ไทยรวมไทย,0
50,เชียงใหม่,7,แม่อาย,แม่นาวาง,9,12,56,เพื่อบ้านเมือง,0
50,เชียงใหม่,7,แม่อาย,แม่นาวาง,9,12,57,พลังไทยรักชาติ,1
50,เชียงใหม่,7,แม่อาย,แม่นาวาง,10,13,1,ไทยทรัพย์ทวี,1
50,เชียงใหม่,7,แม่อาย,แม่นาวาง,10,13,2,เพื่อชาติไทย,1
50,เชียงใหม่,7,แม่อาย,แม่นาวาง,10,13,3,ใหม่,2
50,เชียงใหม่,7,แม่อาย,แม่นาวาง,10,13,4,มิติใหม่,0
50,เชียงใหม่,7,แม่อาย,แม่นาวาง,10,13,5,รวมใจไทย,1
50,เชียงใหม่,7,แม่อาย,แม่นาวาง,10,13,6,รวมไทยสร้างชาติ,5
50,เชียงใหม่,7,แม่อาย,แม่นาวาง,10,13,7,พลวัต,2
50,เชียงใหม่,7,แม่อาย,แม่นาวาง,10,13,8,ประชาธิปไตยใหม่,0
50,เชียงใหม่,7,แม่อาย,แม่นาวาง,10,13,9,เพื่อไทย,87
50,เชียงใหม่,7,แม่อาย,แม่นาวาง,10,13,10,ทางเลือกใหม่,2
50,เชียงใหม่,7,แม่อาย,แม่นาวาง,10,13,11,เศรษฐกิจ,8
50,เชียงใหม่,7,แม่อาย,แม่นาวาง,10,13,12,เสรีรวมไทย,0
50,เชียงใหม่,7,แม่อาย,แม่นาวาง,10,13,13,รวมพลังประชาชน,1
50,เชียงใหม่,7,แม่อาย,แม่นาวาง,10,13,14,ท้องที่ไทย,0
50,เชียงใหม่,7,แม่อาย,แม่นาวาง,10,13,15,อนาคตไทย,0
50,เชียงใหม่,7,แม่อาย,แม่นาวาง,10,13,16,พลังเพื่อไทย,0
50,เชียงใหม่,7,แม่อาย,แม่นาวาง,10,13,17,ไทยชนะ,1
50,เชียงใหม่,7,แม่อาย,แม่นาวาง,10,13,18,พลังสังคมใหม่,0
50,เชียงใหม่,7,แม่อาย,แม่นาวาง,10,13,19,สังคมประชาธิปไตย,0
50,เชียงใหม่,7,แม่อาย,แม่นาวาง,10,13,20,ฟิวชัน,0
50,เชียงใหม่,7,แม่อาย,แม่นาวาง,10,13,21,ไทยรวมพลัง,0
50,เชียงใหม่,7,แม่อาย,แม่นาวาง,10,13,22,ก้าวอิสระ,0
50,เชียงใหม่,7,แม่อาย,แม่นาวาง,10,13,23,ปวงชนไทย,0
50,เชียงใหม่,7,แม่อาย,แม่นาวาง,10,13,24,วิชชั่นใหม่,1
50,เชียงใหม่,7,แม่อาย,แม่นาวาง,10,13,25,เพื่อชีวิตใหม่,0
50,เชียงใหม่,7,แม่อาย,แม่นาวาง,10,13,26,คลองไทย,0
50,เชียงใหม่,7,แม่อาย,แม่นาวาง,10,13,27,ประชาธิปัตย์,4
50,เชียงใหม่,7,แม่อาย,แม่นาวาง,10,13,28,ไทยก้าวหน้า,0
50,เชียงใหม่,7,แม่อาย,แม่นาวาง,10,13,29,ไทยภักดี,0
50,เชียงใหม่,7,แม่อาย,แม่นาวาง,10,13,30,แรงงานสร้างชาติ,1
50,เชียงใหม่,7,แม่อาย,แม่นาวาง,10,13,31,ประชากรไทย,0
50,เชียงใหม่,7,แม่อาย,แม่นาวาง,10,13,32,ครูไทยเพื่อประชาชน,2
50,เชียงใหม่,7,แม่อาย,แม่นาวาง,10,13,33,ประชาชาติ,0
50,เชียงใหม่,7,แม่อาย,แม่นาวาง,10,13,34,สร้างอนาคตไทย,0
50,เชียงใหม่,7,แม่อาย,แม่นาวาง,10,13,35,รักชาติ,1
50,เชียงใหม่,7,แม่อาย,แม่นาวาง,10,13,36,ไทยพร้อม,1
50,เชียงใหม่,7,แม่อาย,แม่นาวาง,10,13,37,ภูมิใจไทย,16
50,เชียงใหม่,7,แม่อาย,แม่นาวาง,10,13,38,พลังธรรมใหม่,3
50,เชียงใหม่,7,แม่อาย,แม่นาวาง,10,13,39,กรีน,0
50,เชียงใหม่,7,แม่อาย,แม่นาวาง,10,13,40,ไทยธรรม,0
50,เชียงใหม่,7,แม่อาย,แม่นาวาง,10,13,41,แผ่นดินธรรม,0
50,เชียงใหม่,7,แม่อาย,แม่นาวาง,10,13,42,กล้าธรรม,14
50,เชียงใหม่,7,แม่อาย,แม่นาวาง,10,13,43,พลังประชารัฐ,0
50,เชียงใหม่,7,แม่อาย,แม่นาวาง,10,13,44,โอกาสใหม่,0
50,เชียงใหม่,7,แม่อาย,แม่นาวาง,10,13,45,เป็นธรรม,0
50,เชียงใหม่,7,แม่อาย,แม่นาวาง,10,13,46,ประชาชน,69
50,เชียงใหม่,7,แม่อาย,แม่นาวาง,10,13,47,ประชาไทย,1
50,เชียงใหม่,7,แม่อาย,แม่นาวาง,10,13,48,ไทยสร้างไทย,1
50,เชียงใหม่,7,แม่อาย,แม่นาวาง,10,13,49,ไทยก้าวใหม่,0
50,เชียงใหม่,7,แม่อาย,แม่นาวาง,10,13,50,ประชาอาสาชาติ,0
50,เชียงใหม่,7,แม่อาย,แม่นาวาง,10,13,51,พร้อม,0
50,เชียงใหม่,7,แม่อาย,แม่นาวาง,10,13,52,เครือข่ายชาวนาแห่งประเทศไทย,0
50,เชียงใหม่,7,แม่อาย,แม่นาวาง,10,13,53,ไทยพิทักษ์ธรรม,0
50,เชียงใหม่,7,แม่อาย,แม่นาวาง,10,13,54,ความหวังใหม่,0
50,เชียงใหม่,7,แม่อาย,แม่นาวาง,10,13,55,ไทยรวมไทย,0
50,เชียงใหม่,7,แม่อาย,แม่นาวาง,10,13,56,เพื่อบ้านเมือง,0
50,เชียงใหม่,7,แม่อาย,แม่นาวาง,10,13,57,พลังไทยรักชาติ,0
50,เชียงใหม่,7,แม่อาย,แม่นาวาง,11,14,1,ไทยทรัพย์ทวี,12
50,เชียงใหม่,7,แม่อาย,แม่นาวาง,11,14,2,เพื่อชาติไทย,4
50,เชียงใหม่,7,แม่อาย,แม่นาวาง,11,14,3,ใหม่,1
50,เชียงใหม่,7,แม่อาย,แม่นาวาง,11,14,4,มิติใหม่,0
50,เชียงใหม่,7,แม่อาย,แม่นาวาง,11,14,5,รวมใจไทย,21
50,เชียงใหม่,7,แม่อาย,แม่นาวาง,11,14,6,รวมไทยสร้างชาติ,15
50,เชียงใหม่,7,แม่อาย,แม่นาวาง,11,14,7,พลวัต,20
50,เชียงใหม่,7,แม่อาย,แม่นาวาง,11,14,8,ประชาธิปไตยใหม่,4
50,เชียงใหม่,7,แม่อาย,แม่นาวาง,11,14,9,เพื่อไทย,54
50,เชียงใหม่,7,แม่อาย,แม่นาวาง,11,14,10,ทางเลือกใหม่,1
50,เชียงใหม่,7,แม่อาย,แม่นาวาง,11,14,11,เศรษฐกิจ,10
50,เชียงใหม่,7,แม่อาย,แม่นาวาง,11,14,12,เสรีรวมไทย,2
50,เชียงใหม่,7,แม่อาย,แม่นาวาง,11,14,13,รวมพลังประชาชน,1
50,เชียงใหม่,7,แม่อาย,แม่นาวาง,11,14,14,ท้องที่ไทย,2
50,เชียงใหม่,7,แม่อาย,แม่นาวาง,11,14,15,อนาคตไทย,0
50,เชียงใหม่,7,แม่อาย,แม่นาวาง,11,14,16,พลังเพื่อไทย,1
50,เชียงใหม่,7,แม่อาย,แม่นาวาง,11,14,17,ไทยชนะ,1
50,เชียงใหม่,7,แม่อาย,แม่นาวาง,11,14,18,พลังสังคมใหม่,0
50,เชียงใหม่,7,แม่อาย,แม่นาวาง,11,14,19,สังคมประชาธิปไตย,0
50,เชียงใหม่,7,แม่อาย,แม่นาวาง,11,14,20,ฟิวชัน,0
50,เชียงใหม่,7,แม่อาย,แม่นาวาง,11,14,21,ไทยรวมพลัง,1
50,เชียงใหม่,7,แม่อาย,แม่นาวาง,11,14,22,ก้าวอิสระ,1
50,เชียงใหม่,7,แม่อาย,แม่นาวาง,11,14,23,ปวงชนไทย,2
50,เชียงใหม่,7,แม่อาย,แม่นาวาง,11,14,24,วิชชั่นใหม่,6
50,เชียงใหม่,7,แม่อาย,แม่นาวาง,11,14,25,เพื่อชีวิตใหม่,1
50,เชียงใหม่,7,แม่อาย,แม่นาวาง,11,14,26,คลองไทย,0
50,เชียงใหม่,7,แม่อาย,แม่นาวาง,11,14,27,ประชาธิปัตย์,26
50,เชียงใหม่,7,แม่อาย,แม่นาวาง,11,14,28,ไทยก้าวหน้า,3
50,เชียงใหม่,7,แม่อาย,แม่นาวาง,11,14,29,ไทยภักดี,0
50,เชียงใหม่,7,แม่อาย,แม่นาวาง,11,14,30,แรงงานสร้างชาติ,2
50,เชียงใหม่,7,แม่อาย,แม่นาวาง,11,14,31,ประชากรไทย,1
50,เชียงใหม่,7,แม่อาย,แม่นาวาง,11,14,32,ครูไทยเพื่อประชาชน,1
50,เชียงใหม่,7,แม่อาย,แม่นาวาง,11,14,33,ประชาชาติ,0
50,เชียงใหม่,7,แม่อาย,แม่นาวาง,11,14,34,สร้างอนาคตไทย,3
50,เชียงใหม่,7,แม่อาย,แม่นาวาง,11,14,35,รักชาติ,3
50,เชียงใหม่,7,แม่อาย,แม่นาวาง,11,14,36,ไทยพร้อม,2
50,เชียงใหม่,7,แม่อาย,แม่นาวาง,11,14,37,ภูมิใจไทย,34
50,เชียงใหม่,7,แม่อาย,แม่นาวาง,11,14,38,พลังธรรมใหม่,2
50,เชียงใหม่,7,แม่อาย,แม่นาวาง,11,14,39,กรีน,0
50,เชียงใหม่,7,แม่อาย,แม่นาวาง,11,14,40,ไทยธรรม,1
50,เชียงใหม่,7,แม่อาย,แม่นาวาง,11,14,41,แผ่นดินธรรม,0
50,เชียงใหม่,7,แม่อาย,แม่นาวาง,11,14,42,กล้าธรรม,27
50,เชียงใหม่,7,แม่อาย,แม่นาวาง,11,14,43,พลังประชารัฐ,13
50,เชียงใหม่,7,แม่อาย,แม่นาวาง,11,14,44,โอกาสใหม่,0
50,เชียงใหม่,7,แม่อาย,แม่นาวาง,11,14,45,เป็นธรรม,4
50,เชียงใหม่,7,แม่อาย,แม่นาวาง,11,14,46,ประชาชน,95
50,เชียงใหม่,7,แม่อาย,แม่นาวาง,11,14,47,ประชาไทย,2
50,เชียงใหม่,7,แม่อาย,แม่นาวาง,11,14,48,ไทยสร้างไทย,1
50,เชียงใหม่,7,แม่อาย,แม่นาวาง,11,14,49,ไทยก้าวใหม่,0
50,เชียงใหม่,7,แม่อาย,แม่นาวาง,11,14,50,ประชาอาสาชาติ,0
50,เชียงใหม่,7,แม่อาย,แม่นาวาง,11,14,51,พร้อม,1
50,เชียงใหม่,7,แม่อาย,แม่นาวาง,11,14,52,เครือข่ายชาวนาแห่งประเทศไทย,1
50,เชียงใหม่,7,แม่อาย,แม่นาวาง,11,14,53,ไทยพิทักษ์ธรรม,0
50,เชียงใหม่,7,แม่อาย,แม่นาวาง,11,14,54,ความหวังใหม่,0
50,เชียงใหม่,7,แม่อาย,แม่นาวาง,11,14,55,ไทยรวมไทย,1
50,เชียงใหม่,7,แม่อาย,แม่นาวาง,11,14,56,เพื่อบ้านเมือง,1
50,เชียงใหม่,7,แม่อาย,แม่นาวาง,11,14,57,พลังไทยรักชาติ,0
50,เชียงใหม่,7,แม่อาย,แม่นาวาง,12,15,1,ไทยทรัพย์ทวี,2
50,เชียงใหม่,7,แม่อาย,แม่นาวาง,12,15,2,เพื่อชาติไทย,1
50,เชียงใหม่,7,แม่อาย,แม่นาวาง,12,15,3,ใหม่,0
50,เชียงใหม่,7,แม่อาย,แม่นาวาง,12,15,4,มิติใหม่,0
50,เชียงใหม่,7,แม่อาย,แม่นาวาง,12,15,5,รวมใจไทย,0
50,เชียงใหม่,7,แม่อาย,แม่นาวาง,12,15,6,รวมไทยสร้างชาติ,5
50,เชียงใหม่,7,แม่อาย,แม่นาวาง,12,15,7,พลวัต,1
50,เชียงใหม่,7,แม่อาย,แม่นาวาง,12,15,8,ประชาธิปไตยใหม่,1
50,เชียงใหม่,7,แม่อาย,แม่นาวาง,12,15,9,เพื่อไทย,86
50,เชียงใหม่,7,แม่อาย,แม่นาวาง,12,15,10,ทางเลือกใหม่,0
50,เชียงใหม่,7,แม่อาย,แม่นาวาง,12,15,11,เศรษฐกิจ,12
50,เชียงใหม่,7,แม่อาย,แม่นาวาง,12,15,12,เสรีรวมไทย,0
50,เชียงใหม่,7,แม่อาย,แม่นาวาง,12,15,13,รวมพลังประชาชน,0
50,เชียงใหม่,7,แม่อาย,แม่นาวาง,12,15,14,ท้องที่ไทย,1
50,เชียงใหม่,7,แม่อาย,แม่นาวาง,12,15,15,อนาคตไทย,0
50,เชียงใหม่,7,แม่อาย,แม่นาวาง,12,15,16,พลังเพื่อไทย,0
50,เชียงใหม่,7,แม่อาย,แม่นาวาง,12,15,17,ไทยชนะ,0
50,เชียงใหม่,7,แม่อาย,แม่นาวาง,12,15,18,พลังสังคมใหม่,0
50,เชียงใหม่,7,แม่อาย,แม่นาวาง,12,15,19,สังคมประชาธิปไตย,0
50,เชียงใหม่,7,แม่อาย,แม่นาวาง,12,15,20,ฟิวชัน,0
50,เชียงใหม่,7,แม่อาย,แม่นาวาง,12,15,21,ไทยรวมพลัง,0
50,เชียงใหม่,7,แม่อาย,แม่นาวาง,12,15,22,ก้าวอิสระ,0
50,เชียงใหม่,7,แม่อาย,แม่นาวาง,12,15,23,ปวงชนไทย,0
50,เชียงใหม่,7,แม่อาย,แม่นาวาง,12,15,24,วิชชั่นใหม่,0
50,เชียงใหม่,7,แม่อาย,แม่นาวาง,12,15,25,เพื่อชีวิตใหม่,0
50,เชียงใหม่,7,แม่อาย,แม่นาวาง,12,15,26,คลองไทย,1
50,เชียงใหม่,7,แม่อาย,แม่นาวาง,12,15,27,ประชาธิปัตย์,3
50,เชียงใหม่,7,แม่อาย,แม่นาวาง,12,15,28,ไทยก้าวหน้า,1
50,เชียงใหม่,7,แม่อาย,แม่นาวาง,12,15,29,ไทยภักดี,0
50,เชียงใหม่,7,แม่อาย,แม่นาวาง,12,15,30,แรงงานสร้างชาติ,0
50,เชียงใหม่,7,แม่อาย,แม่นาวาง,12,15,31,ประชากรไทย,0
50,เชียงใหม่,7,แม่อาย,แม่นาวาง,12,15,32,ครูไทยเพื่อประชาชน,0
50,เชียงใหม่,7,แม่อาย,แม่นาวาง,12,15,33,ประชาชาติ,0
50,เชียงใหม่,7,แม่อาย,แม่นาวาง,12,15,34,สร้างอนาคตไทย,0
50,เชียงใหม่,7,แม่อาย,แม่นาวาง,12,15,35,รักชาติ,0
50,เชียงใหม่,7,แม่อาย,แม่นาวาง,12,15,36,ไทยพร้อม,0
50,เชียงใหม่,7,แม่อาย,แม่นาวาง,12,15,37,ภูมิใจไทย,15
50,เชียงใหม่,7,แม่อาย,แม่นาวาง,12,15,38,พลังธรรมใหม่,2
50,เชียงใหม่,7,แม่อาย,แม่นาวาง,12,15,39,กรีน,0
50,เชียงใหม่,7,แม่อาย,แม่นาวาง,12,15,40,ไทยธรรม,0
50,เชียงใหม่,7,แม่อาย,แม่นาวาง,12,15,41,แผ่นดินธรรม,0
50,เชียงใหม่,7,แม่อาย,แม่นาวาง,12,15,42,กล้าธรรม,20
50,เชียงใหม่,7,แม่อาย,แม่นาวาง,12,15,43,พลังประชารัฐ,2
50,เชียงใหม่,7,แม่อาย,แม่นาวาง,12,15,44,โอกาสใหม่,0
50,เชียงใหม่,7,แม่อาย,แม่นาวาง,12,15,45,เป็นธรรม,0
50,เชียงใหม่,7,แม่อาย,แม่นาวาง,12,15,46,ประชาชน,39
50,เชียงใหม่,7,แม่อาย,แม่นาวาง,12,15,47,ประชาไทย,0
50,เชียงใหม่,7,แม่อาย,แม่นาวาง,12,15,48,ไทยสร้างไทย,1
50,เชียงใหม่,7,แม่อาย,แม่นาวาง,12,15,49,ไทยก้าวใหม่,1
50,เชียงใหม่,7,แม่อาย,แม่นาวาง,12,15,50,ประชาอาสาชาติ,0
50,เชียงใหม่,7,แม่อาย,แม่นาวาง,12,15,51,พร้อม,0
50,เชียงใหม่,7,แม่อาย,แม่นาวาง,12,15,52,เครือข่ายชาวนาแห่งประเทศไทย,0
50,เชียงใหม่,7,แม่อาย,แม่นาวาง,12,15,53,ไทยพิทักษ์ธรรม,0
50,เชียงใหม่,7,แม่อาย,แม่นาวาง,12,15,54,ความหวังใหม่,0
50,เชียงใหม่,7,แม่อาย,แม่นาวาง,12,15,55,ไทยรวมไทย,0
50,เชียงใหม่,7,แม่อาย,แม่นาวาง,12,15,56,เพื่อบ้านเมือง,0
50,เชียงใหม่,7,แม่อาย,แม่นาวาง,12,15,57,พลังไทยรักชาติ,0
50,เชียงใหม่,7,แม่อาย,แม่นาวาง,13,16,1,ไทยทรัพย์ทวี,10
50,เชียงใหม่,7,แม่อาย,แม่นาวาง,13,16,2,เพื่อชาติไทย,9
50,เชียงใหม่,7,แม่อาย,แม่นาวาง,13,16,3,ใหม่,0
50,เชียงใหม่,7,แม่อาย,แม่นาวาง,13,16,4,มิติใหม่,1
50,เชียงใหม่,7,แม่อาย,แม่นาวาง,13,16,5,รวมใจไทย,25
50,เชียงใหม่,7,แม่อาย,แม่นาวาง,13,16,6,รวมไทยสร้างชาติ,16
50,เชียงใหม่,7,แม่อาย,แม่นาวาง,13,16,7,พลวัต,21
50,เชียงใหม่,7,แม่อาย,แม่นาวาง,13,16,8,ประชาธิปไตยใหม่,2
50,เชียงใหม่,7,แม่อาย,แม่นาวาง,13,16,9,เพื่อไทย,88
50,เชียงใหม่,7,แม่อาย,แม่นาวาง,13,16,10,ทางเลือกใหม่,7
50,เชียงใหม่,7,แม่อาย,แม่นาวาง,13,16,11,เศรษฐกิจ,5
50,เชียงใหม่,7,แม่อาย,แม่นาวาง,13,16,12,เสรีรวมไทย,0
50,เชียงใหม่,7,แม่อาย,แม่นาวาง,13,16,13,รวมพลังประชาชน,2
50,เชียงใหม่,7,แม่อาย,แม่นาวาง,13,16,14,ท้องที่ไทย,3
50,เชียงใหม่,7,แม่อาย,แม่นาวาง,13,16,15,อนาคตไทย,0
50,เชียงใหม่,7,แม่อาย,แม่นาวาง,13,16,16,พลังเพื่อไทย,2
50,เชียงใหม่,7,แม่อาย,แม่นาวาง,13,16,17,ไทยชนะ,2
50,เชียงใหม่,7,แม่อาย,แม่นาวาง,13,16,18,พลังสังคมใหม่,0
50,เชียงใหม่,7,แม่อาย,แม่นาวาง,13,16,19,สังคมประชาธิปไตย,0
50,เชียงใหม่,7,แม่อาย,แม่นาวาง,13,16,20,ฟิวชัน,0
50,เชียงใหม่,7,แม่อาย,แม่นาวาง,13,16,21,ไทยรวมพลัง,0
50,เชียงใหม่,7,แม่อาย,แม่นาวาง,13,16,22,ก้าวอิสระ,2
50,เชียงใหม่,7,แม่อาย,แม่นาวาง,13,16,23,ปวงชนไทย,0
50,เชียงใหม่,7,แม่อาย,แม่นาวาง,13,16,24,วิชชั่นใหม่,3
50,เชียงใหม่,7,แม่อาย,แม่นาวาง,13,16,25,เพื่อชีวิตใหม่,1
50,เชียงใหม่,7,แม่อาย,แม่นาวาง,13,16,26,คลองไทย,1
50,เชียงใหม่,7,แม่อาย,แม่นาวาง,13,16,27,ประชาธิปัตย์,22
50,เชียงใหม่,7,แม่อาย,แม่นาวาง,13,16,28,ไทยก้าวหน้า,3
50,เชียงใหม่,7,แม่อาย,แม่นาวาง,13,16,29,ไทยภักดี,1
50,เชียงใหม่,7,แม่อาย,แม่นาวาง,13,16,30,แรงงานสร้างชาติ,1
50,เชียงใหม่,7,แม่อาย,แม่นาวาง,13,16,31,ประชากรไทย,0
50,เชียงใหม่,7,แม่อาย,แม่นาวาง,13,16,32,ครูไทยเพื่อประชาชน,0
50,เชียงใหม่,7,แม่อาย,แม่นาวาง,13,16,33,ประชาชาติ,0
50,เชียงใหม่,7,แม่อาย,แม่นาวาง,13,16,34,สร้างอนาคตไทย,0
50,เชียงใหม่,7,แม่อาย,แม่นาวาง,13,16,35,รักชาติ,1
50,เชียงใหม่,7,แม่อาย,แม่นาวาง,13,16,36,ไทยพร้อม,0
50,เชียงใหม่,7,แม่อาย,แม่นาวาง,13,16,37,ภูมิใจไทย,19
50,เชียงใหม่,7,แม่อาย,แม่นาวาง,13,16,38,พลังธรรมใหม่,3
50,เชียงใหม่,7,แม่อาย,แม่นาวาง,13,16,39,กรีน,0
50,เชียงใหม่,7,แม่อาย,แม่นาวาง,13,16,40,ไทยธรรม,0
50,เชียงใหม่,7,แม่อาย,แม่นาวาง,13,16,41,แผ่นดินธรรม,1
50,เชียงใหม่,7,แม่อาย,แม่นาวาง,13,16,42,กล้าธรรม,7
50,เชียงใหม่,7,แม่อาย,แม่นาวาง,13,16,43,พลังประชารัฐ,6
50,เชียงใหม่,7,แม่อาย,แม่นาวาง,13,16,44,โอกาสใหม่,0
50,เชียงใหม่,7,แม่อาย,แม่นาวาง,13,16,45,เป็นธรรม,0
50,เชียงใหม่,7,แม่อาย,แม่นาวาง,13,16,46,ประชาชน,59
50,เชียงใหม่,7,แม่อาย,แม่นาวาง,13,16,47,ประชาไทย,0
50,เชียงใหม่,7,แม่อาย,แม่นาวาง,13,16,48,ไทยสร้างไทย,1
50,เชียงใหม่,7,แม่อาย,แม่นาวาง,13,16,49,ไทยก้าวใหม่,0
50,เชียงใหม่,7,แม่อาย,แม่นาวาง,13,16,50,ประชาอาสาชาติ,1
50,เชียงใหม่,7,แม่อาย,แม่นาวาง,13,16,51,พร้อม,0
50,เชียงใหม่,7,แม่อาย,แม่นาวาง,13,16,52,เครือข่ายชาวนาแห่งประเทศไทย,0
50,เชียงใหม่,7,แม่อาย,แม่นาวาง,13,16,53,ไทยพิทักษ์ธรรม,0
50,เชียงใหม่,7,แม่อาย,แม่นาวาง,13,16,54,ความหวังใหม่,0
50,เชียงใหม่,7,แม่อาย,แม่นาวาง,13,16,55,ไทยรวมไทย,0
50,เชียงใหม่,7,แม่อาย,แม่นาวาง,13,16,56,เพื่อบ้านเมือง,0
50,เชียงใหม่,7,แม่อาย,แม่นาวาง,13,16,57,พลังไทยรักชาติ,0
50,เชียงใหม่,7,แม่อาย,แม่นาวาง,13,17,1,ไทยทรัพย์ทวี,8
50,เชียงใหม่,7,แม่อาย,แม่นาวาง,13,17,2,เพื่อชาติไทย,5
50,เชียงใหม่,7,แม่อาย,แม่นาวาง,13,17,3,ใหม่,2
50,เชียงใหม่,7,แม่อาย,แม่นาวาง,13,17,4,มิติใหม่,2
50,เชียงใหม่,7,แม่อาย,แม่นาวาง,13,17,5,รวมใจไทย,22
50,เชียงใหม่,7,แม่อาย,แม่นาวาง,13,17,6,รวมไทยสร้างชาติ,15
50,เชียงใหม่,7,แม่อาย,แม่นาวาง,13,17,7,พลวัต,14
50,เชียงใหม่,7,แม่อาย,แม่นาวาง,13,17,8,ประชาธิปไตยใหม่,1
50,เชียงใหม่,7,แม่อาย,แม่นาวาง,13,17,9,เพื่อไทย,58
50,เชียงใหม่,7,แม่อาย,แม่นาวาง,13,17,10,ทางเลือกใหม่,5
50,เชียงใหม่,7,แม่อาย,แม่นาวาง,13,17,11,เศรษฐกิจ,4
50,เชียงใหม่,7,แม่อาย,แม่นาวาง,13,17,12,เสรีรวมไทย,1
50,เชียงใหม่,7,แม่อาย,แม่นาวาง,13,17,13,รวมพลังประชาชน,2
50,เชียงใหม่,7,แม่อาย,แม่นาวาง,13,17,14,ท้องที่ไทย,9
50,เชียงใหม่,7,แม่อาย,แม่นาวาง,13,17,15,อนาคตไทย,0
50,เชียงใหม่,7,แม่อาย,แม่นาวาง,13,17,16,พลังเพื่อไทย,0
50,เชียงใหม่,7,แม่อาย,แม่นาวาง,13,17,17,ไทยชนะ,2
50,เชียงใหม่,7,แม่อาย,แม่นาวาง,13,17,18,พลังสังคมใหม่,0
50,เชียงใหม่,7,แม่อาย,แม่นาวาง,13,17,19,สังคมประชาธิปไตย,1
50,เชียงใหม่,7,แม่อาย,แม่นาวาง,13,17,20,ฟิวชัน,1
50,เชียงใหม่,7,แม่อาย,แม่นาวาง,13,17,21,ไทยรวมพลัง,1
50,เชียงใหม่,7,แม่อาย,แม่นาวาง,13,17,22,ก้าวอิสระ,0
50,เชียงใหม่,7,แม่อาย,แม่นาวาง,13,17,23,ปวงชนไทย,0
50,เชียงใหม่,7,แม่อาย,แม่นาวาง,13,17,24,วิชชั่นใหม่,2
50,เชียงใหม่,7,แม่อาย,แม่นาวาง,13,17,25,เพื่อชีวิตใหม่,0
50,เชียงใหม่,7,แม่อาย,แม่นาวาง,13,17,26,คลองไทย,2
50,เชียงใหม่,7,แม่อาย,แม่นาวาง,13,17,27,ประชาธิปัตย์,27
50,เชียงใหม่,7,แม่อาย,แม่นาวาง,13,17,28,ไทยก้าวหน้า,0
50,เชียงใหม่,7,แม่อาย,แม่นาวาง,13,17,29,ไทยภักดี,2
50,เชียงใหม่,7,แม่อาย,แม่นาวาง,13,17,30,แรงงานสร้างชาติ,1
50,เชียงใหม่,7,แม่อาย,แม่นาวาง,13,17,31,ประชากรไทย,0
50,เชียงใหม่,7,แม่อาย,แม่นาวาง,13,17,32,ครูไทยเพื่อประชาชน,2
50,เชียงใหม่,7,แม่อาย,แม่นาวาง,13,17,33,ประชาชาติ,2
50,เชียงใหม่,7,แม่อาย,แม่นาวาง,13,17,34,สร้างอนาคตไทย,1
50,เชียงใหม่,7,แม่อาย,แม่นาวาง,13,17,35,รักชาติ,0
50,เชียงใหม่,7,แม่อาย,แม่นาวาง,13,17,36,ไทยพร้อม,1
50,เชียงใหม่,7,แม่อาย,แม่นาวาง,13,17,37,ภูมิใจไทย,23
50,เชียงใหม่,7,แม่อาย,แม่นาวาง,13,17,38,พลังธรรมใหม่,2
50,เชียงใหม่,7,แม่อาย,แม่นาวาง,13,17,39,กรีน,0
50,เชียงใหม่,7,แม่อาย,แม่นาวาง,13,17,40,ไทยธรรม,0
50,เชียงใหม่,7,แม่อาย,แม่นาวาง,13,17,41,แผ่นดินธรรม,1
50,เชียงใหม่,7,แม่อาย,แม่นาวาง,13,17,42,กล้าธรรม,26
50,เชียงใหม่,7,แม่อาย,แม่นาวาง,13,17,43,พลังประชารัฐ,6
50,เชียงใหม่,7,แม่อาย,แม่นาวาง,13,17,44,โอกาสใหม่,2
50,เชียงใหม่,7,แม่อาย,แม่นาวาง,13,17,45,เป็นธรรม,2
50,เชียงใหม่,7,แม่อาย,แม่นาวาง,13,17,46,ประชาชน,86
50,เชียงใหม่,7,แม่อาย,แม่นาวาง,13,17,47,ประชาไทย,0
50,เชียงใหม่,7,แม่อาย,แม่นาวาง,13,17,48,ไทยสร้างไทย,0
50,เชียงใหม่,7,แม่อาย,แม่นาวาง,13,17,49,ไทยก้าวใหม่,1
50,เชียงใหม่,7,แม่อาย,แม่นาวาง,13,17,50,ประชาอาสาชาติ,1
50,เชียงใหม่,7,แม่อาย,แม่นาวาง,13,17,51,พร้อม,0
50,เชียงใหม่,7,แม่อาย,แม่นาวาง,13,17,52,เครือข่ายชาวนาแห่งประเทศไทย,1
50,เชียงใหม่,7,แม่อาย,แม่นาวาง,13,17,53,ไทยพิทักษ์ธรรม,0
50,เชียงใหม่,7,แม่อาย,แม่นาวาง,13,17,54,ความหวังใหม่,1
50,เชียงใหม่,7,แม่อาย,แม่นาวาง,13,17,55,ไทยรวมไทย,0
50,เชียงใหม่,7,แม่อาย,แม่นาวาง,13,17,56,เพื่อบ้านเมือง,1
50,เชียงใหม่,7,แม่อาย,แม่นาวาง,13,17,57,พลังไทยรักชาติ,1
50,เชียงใหม่,7,แม่อาย,แม่นาวาง,14,18,1,ไทยทรัพย์ทวี,4
50,เชียงใหม่,7,แม่อาย,แม่นาวาง,14,18,2,เพื่อชาติไทย,4
50,เชียงใหม่,7,แม่อาย,แม่นาวาง,14,18,3,ใหม่,1
50,เชียงใหม่,7,แม่อาย,แม่นาวาง,14,18,4,มิติใหม่,0
50,เชียงใหม่,7,แม่อาย,แม่นาวาง,14,18,5,รวมใจไทย,10
50,เชียงใหม่,7,แม่อาย,แม่นาวาง,14,18,6,รวมไทยสร้างชาติ,6
50,เชียงใหม่,7,แม่อาย,แม่นาวาง,14,18,7,พลวัต,14
50,เชียงใหม่,7,แม่อาย,แม่นาวาง,14,18,8,ประชาธิปไตยใหม่,6
50,เชียงใหม่,7,แม่อาย,แม่นาวาง,14,18,9,เพื่อไทย,47
50,เชียงใหม่,7,แม่อาย,แม่นาวาง,14,18,10,ทางเลือกใหม่,3
50,เชียงใหม่,7,แม่อาย,แม่นาวาง,14,18,11,เศรษฐกิจ,29
50,เชียงใหม่,7,แม่อาย,แม่นาวาง,14,18,12,เสรีรวมไทย,1
50,เชียงใหม่,7,แม่อาย,แม่นาวาง,14,18,13,รวมพลังประชาชน,8
50,เชียงใหม่,7,แม่อาย,แม่นาวาง,14,18,14,ท้องที่ไทย,2
50,เชียงใหม่,7,แม่อาย,แม่นาวาง,14,18,15,อนาคตไทย,1
50,เชียงใหม่,7,แม่อาย,แม่นาวาง,14,18,16,พลังเพื่อไทย,0
50,เชียงใหม่,7,แม่อาย,แม่นาวาง,14,18,17,ไทยชนะ,3
50,เชียงใหม่,7,แม่อาย,แม่นาวาง,14,18,18,พลังสังคมใหม่,0
50,เชียงใหม่,7,แม่อาย,แม่นาวาง,14,18,19,สังคมประชาธิปไตย,0
50,เชียงใหม่,7,แม่อาย,แม่นาวาง,14,18,20,ฟิวชัน,0
50,เชียงใหม่,7,แม่อาย,แม่นาวาง,14,18,21,ไทยรวมพลัง,1
50,เชียงใหม่,7,แม่อาย,แม่นาวาง,14,18,22,ก้าวอิสระ,2
50,เชียงใหม่,7,แม่อาย,แม่นาวาง,14,18,23,ปวงชนไทย,1
50,เชียงใหม่,7,แม่อาย,แม่นาวาง,14,18,24,วิชชั่นใหม่,3
50,เชียงใหม่,7,แม่อาย,แม่นาวาง,14,18,25,เพื่อชีวิตใหม่,0
50,เชียงใหม่,7,แม่อาย,แม่นาวาง,14,18,26,คลองไทย,0
50,เชียงใหม่,7,แม่อาย,แม่นาวาง,14,18,27,ประชาธิปัตย์,10
50,เชียงใหม่,7,แม่อาย,แม่นาวาง,14,18,28,ไทยก้าวหน้า,2
50,เชียงใหม่,7,แม่อาย,แม่นาวาง,14,18,29,ไทยภักดี,2
50,เชียงใหม่,7,แม่อาย,แม่นาวาง,14,18,30,แรงงานสร้างชาติ,2
50,เชียงใหม่,7,แม่อาย,แม่นาวาง,14,18,31,ประชากรไทย,1
50,เชียงใหม่,7,แม่อาย,แม่นาวาง,14,18,32,ครูไทยเพื่อประชาชน,0
50,เชียงใหม่,7,แม่อาย,แม่นาวาง,14,18,33,ประชาชาติ,0
50,เชียงใหม่,7,แม่อาย,แม่นาวาง,14,18,34,สร้างอนาคตไทย,6
50,เชียงใหม่,7,แม่อาย,แม่นาวาง,14,18,35,รักชาติ,4
50,เชียงใหม่,7,แม่อาย,แม่นาวาง,14,18,36,ไทยพร้อม,2
50,เชียงใหม่,7,แม่อาย,แม่นาวาง,14,18,37,ภูมิใจไทย,32
50,เชียงใหม่,7,แม่อาย,แม่นาวาง,14,18,38,พลังธรรมใหม่,0
50,เชียงใหม่,7,แม่อาย,แม่นาวาง,14,18,39,กรีน,0
50,เชียงใหม่,7,แม่อาย,แม่นาวาง,14,18,40,ไทยธรรม,0
50,เชียงใหม่,7,แม่อาย,แม่นาวาง,14,18,41,แผ่นดินธรรม,0
50,เชียงใหม่,7,แม่อาย,แม่นาวาง,14,18,42,กล้าธรรม,18
50,เชียงใหม่,7,แม่อาย,แม่นาวาง,14,18,43,พลังประชารัฐ,18
50,เชียงใหม่,7,แม่อาย,แม่นาวาง,14,18,44,โอกาสใหม่,0
50,เชียงใหม่,7,แม่อาย,แม่นาวาง,14,18,45,เป็นธรรม,1
50,เชียงใหม่,7,แม่อาย,แม่นาวาง,14,18,46,ประชาชน,88
50,เชียงใหม่,7,แม่อาย,แม่นาวาง,14,18,47,ประชาไทย,3
50,เชียงใหม่,7,แม่อาย,แม่นาวาง,14,18,48,ไทยสร้างไทย,1
50,เชียงใหม่,7,แม่อาย,แม่นาวาง,14,18,49,ไทยก้าวใหม่,0
50,เชียงใหม่,7,แม่อาย,แม่นาวาง,14,18,50,ประชาอาสาชาติ,0
50,เชียงใหม่,7,แม่อาย,แม่นาวาง,14,18,51,พร้อม,0
50,เชียงใหม่,7,แม่อาย,แม่นาวาง,14,18,52,เครือข่ายชาวนาแห่งประเทศไทย,1
50,เชียงใหม่,7,แม่อาย,แม่นาวาง,14,18,53,ไทยพิทักษ์ธรรม,0
50,เชียงใหม่,7,แม่อาย,แม่นาวาง,14,18,54,ความหวังใหม่,0
50,เชียงใหม่,7,แม่อาย,แม่นาวาง,14,18,55,ไทยรวมไทย,0
50,เชียงใหม่,7,แม่อาย,แม่นาวาง,14,18,56,เพื่อบ้านเมือง,0
50,เชียงใหม่,7,แม่อาย,แม่นาวาง,14,18,57,พลังไทยรักชาติ,1
50,เชียงใหม่,7,แม่อาย,แม่นาวาง,15,19,1,ไทยทรัพย์ทวี,0
50,เชียงใหม่,7,แม่อาย,แม่นาวาง,15,19,2,เพื่อชาติไทย,3
50,เชียงใหม่,7,แม่อาย,แม่นาวาง,15,19,3,ใหม่,1
50,เชียงใหม่,7,แม่อาย,แม่นาวาง,15,19,4,มิติใหม่,2
50,เชียงใหม่,7,แม่อาย,แม่นาวาง,15,19,5,รวมใจไทย,12
50,เชียงใหม่,7,แม่อาย,แม่นาวาง,15,19,6,รวมไทยสร้างชาติ,13
50,เชียงใหม่,7,แม่อาย,แม่นาวาง,15,19,7,พลวัต,1
50,เชียงใหม่,7,แม่อาย,แม่นาวาง,15,19,8,ประชาธิปไตยใหม่,0
50,เชียงใหม่,7,แม่อาย,แม่นาวาง,15,19,9,เพื่อไทย,101
50,เชียงใหม่,7,แม่อาย,แม่นาวาง,15,19,10,ทางเลือกใหม่,0
50,เชียงใหม่,7,แม่อาย,แม่นาวาง,15,19,11,เศรษฐกิจ,9
50,เชียงใหม่,7,แม่อาย,แม่นาวาง,15,19,12,เสรีรวมไทย,4
50,เชียงใหม่,7,แม่อาย,แม่นาวาง,15,19,13,รวมพลังประชาชน,0
50,เชียงใหม่,7,แม่อาย,แม่นาวาง,15,19,14,ท้องที่ไทย,3
50,เชียงใหม่,7,แม่อาย,แม่นาวาง,15,19,15,อนาคตไทย,0
50,เชียงใหม่,7,แม่อาย,แม่นาวาง,15,19,16,พลังเพื่อไทย,1
50,เชียงใหม่,7,แม่อาย,แม่นาวาง,15,19,17,ไทยชนะ,0
50,เชียงใหม่,7,แม่อาย,แม่นาวาง,15,19,18,พลังสังคมใหม่,0
50,เชียงใหม่,7,แม่อาย,แม่นาวาง,15,19,19,สังคมประชาธิปไตย,0
50,เชียงใหม่,7,แม่อาย,แม่นาวาง,15,19,20,ฟิวชัน,0
50,เชียงใหม่,7,แม่อาย,แม่นาวาง,15,19,21,ไทยรวมพลัง,0
50,เชียงใหม่,7,แม่อาย,แม่นาวาง,15,19,22,ก้าวอิสระ,0
50,เชียงใหม่,7,แม่อาย,แม่นาวาง,15,19,23,ปวงชนไทย,0
50,เชียงใหม่,7,แม่อาย,แม่นาวาง,15,19,24,วิชชั่นใหม่,0
50,เชียงใหม่,7,แม่อาย,แม่นาวาง,15,19,25,เพื่อชีวิตใหม่,0
50,เชียงใหม่,7,แม่อาย,แม่นาวาง,15,19,26,คลองไทย,0
50,เชียงใหม่,7,แม่อาย,แม่นาวาง,15,19,27,ประชาธิปัตย์,3
50,เชียงใหม่,7,แม่อาย,แม่นาวาง,15,19,28,ไทยก้าวหน้า,1
50,เชียงใหม่,7,แม่อาย,แม่นาวาง,15,19,29,ไทยภักดี,0
50,เชียงใหม่,7,แม่อาย,แม่นาวาง,15,19,30,แรงงานสร้างชาติ,0
50,เชียงใหม่,7,แม่อาย,แม่นาวาง,15,19,31,ประชากรไทย,0
50,เชียงใหม่,7,แม่อาย,แม่นาวาง,15,19,32,ครูไทยเพื่อประชาชน,0
50,เชียงใหม่,7,แม่อาย,แม่นาวาง,15,19,33,ประชาชาติ,0
50,เชียงใหม่,7,แม่อาย,แม่นาวาง,15,19,34,สร้างอนาคตไทย,0
50,เชียงใหม่,7,แม่อาย,แม่นาวาง,15,19,35,รักชาติ,1
50,เชียงใหม่,7,แม่อาย,แม่นาวาง,15,19,36,ไทยพร้อม,0
50,เชียงใหม่,7,แม่อาย,แม่นาวาง,15,19,37,ภูมิใจไทย,14
50,เชียงใหม่,7,แม่อาย,แม่นาวาง,15,19,38,พลังธรรมใหม่,3
50,เชียงใหม่,7,แม่อาย,แม่นาวาง,15,19,39,กรีน,0
50,เชียงใหม่,7,แม่อาย,แม่นาวาง,15,19,40,ไทยธรรม,0
50,เชียงใหม่,7,แม่อาย,แม่นาวาง,15,19,41,แผ่นดินธรรม,1
50,เชียงใหม่,7,แม่อาย,แม่นาวาง,15,19,42,กล้าธรรม,11
50,เชียงใหม่,7,แม่อาย,แม่นาวาง,15,19,43,พลังประชารัฐ,4
50,เชียงใหม่,7,แม่อาย,แม่นาวาง,15,19,44,โอกาสใหม่,0
50,เชียงใหม่,7,แม่อาย,แม่นาวาง,15,19,45,เป็นธรรม,0
50,เชียงใหม่,7,แม่อาย,แม่นาวาง,15,19,46,ประชาชน,60
50,เชียงใหม่,7,แม่อาย,แม่นาวาง,15,19,47,ประชาไทย,0
50,เชียงใหม่,7,แม่อาย,แม่นาวาง,15,19,48,ไทยสร้างไทย,1
50,เชียงใหม่,7,แม่อาย,แม่นาวาง,15,19,49,ไทยก้าวใหม่,5
50,เชียงใหม่,7,แม่อาย,แม่นาวาง,15,19,50,ประชาอาสาชาติ,0
50,เชียงใหม่,7,แม่อาย,แม่นาวาง,15,19,51,พร้อม,0
50,เชียงใหม่,7,แม่อาย,แม่นาวาง,15,19,52,เครือข่ายชาวนาแห่งประเทศไทย,0
50,เชียงใหม่,7,แม่อาย,แม่นาวาง,15,19,53,ไทยพิทักษ์ธรรม,0
50,เชียงใหม่,7,แม่อาย,แม่นาวาง,15,19,54,ความหวังใหม่,0
50,เชียงใหม่,7,แม่อาย,แม่นาวาง,15,19,55,ไทยรวมไทย,0
50,เชียงใหม่,7,แม่อาย,แม่นาวาง,15,19,56,เพื่อบ้านเมือง,0
50,เชียงใหม่,7,แม่อาย,แม่นาวาง,15,19,57,พลังไทยรักชาติ,1
50,เชียงใหม่,7,แม่อาย,แม่นาวาง,16,20,1,ไทยทรัพย์ทวี,3
50,เชียงใหม่,7,แม่อาย,แม่นาวาง,16,20,2,เพื่อชาติไทย,4
50,เชียงใหม่,7,แม่อาย,แม่นาวาง,16,20,3,ใหม่,0
50,เชียงใหม่,7,แม่อาย,แม่นาวาง,16,20,4,มิติใหม่,0
50,เชียงใหม่,7,แม่อาย,แม่นาวาง,16,20,5,รวมใจไทย,9
50,เชียงใหม่,7,แม่อาย,แม่นาวาง,16,20,6,รวมไทยสร้างชาติ,2
50,เชียงใหม่,7,แม่อาย,แม่นาวาง,16,20,7,พลวัต,7
50,เชียงใหม่,7,แม่อาย,แม่นาวาง,16,20,8,ประชาธิปไตยใหม่,1
50,เชียงใหม่,7,แม่อาย,แม่นาวาง,16,20,9,เพื่อไทย,83
50,เชียงใหม่,7,แม่อาย,แม่นาวาง,16,20,10,ทางเลือกใหม่,0
50,เชียงใหม่,7,แม่อาย,แม่นาวาง,16,20,11,เศรษฐกิจ,21
50,เชียงใหม่,7,แม่อาย,แม่นาวาง,16,20,12,เสรีรวมไทย,0
50,เชียงใหม่,7,แม่อาย,แม่นาวาง,16,20,13,รวมพลังประชาชน,1
50,เชียงใหม่,7,แม่อาย,แม่นาวาง,16,20,14,ท้องที่ไทย,2
50,เชียงใหม่,7,แม่อาย,แม่นาวาง,16,20,15,อนาคตไทย,4
50,เชียงใหม่,7,แม่อาย,แม่นาวาง,16,20,16,พลังเพื่อไทย,2
50,เชียงใหม่,7,แม่อาย,แม่นาวาง,16,20,17,ไทยชนะ,3
50,เชียงใหม่,7,แม่อาย,แม่นาวาง,16,20,18,พลังสังคมใหม่,0
50,เชียงใหม่,7,แม่อาย,แม่นาวาง,16,20,19,สังคมประชาธิปไตย,1
50,เชียงใหม่,7,แม่อาย,แม่นาวาง,16,20,20,ฟิวชัน,0
50,เชียงใหม่,7,แม่อาย,แม่นาวาง,16,20,21,ไทยรวมพลัง,1
50,เชียงใหม่,7,แม่อาย,แม่นาวาง,16,20,22,ก้าวอิสระ,0
50,เชียงใหม่,7,แม่อาย,แม่นาวาง,16,20,23,ปวงชนไทย,1
50,เชียงใหม่,7,แม่อาย,แม่นาวาง,16,20,24,วิชชั่นใหม่,1
50,เชียงใหม่,7,แม่อาย,แม่นาวาง,16,20,25,เพื่อชีวิตใหม่,0
50,เชียงใหม่,7,แม่อาย,แม่นาวาง,16,20,26,คลองไทย,1
50,เชียงใหม่,7,แม่อาย,แม่นาวาง,16,20,27,ประชาธิปัตย์,4
50,เชียงใหม่,7,แม่อาย,แม่นาวาง,16,20,28,ไทยก้าวหน้า,1
50,เชียงใหม่,7,แม่อาย,แม่นาวาง,16,20,29,ไทยภักดี,0
50,เชียงใหม่,7,แม่อาย,แม่นาวาง,16,20,30,แรงงานสร้างชาติ,1
50,เชียงใหม่,7,แม่อาย,แม่นาวาง,16,20,31,ประชากรไทย,0
50,เชียงใหม่,7,แม่อาย,แม่นาวาง,16,20,32,ครูไทยเพื่อประชาชน,0
50,เชียงใหม่,7,แม่อาย,แม่นาวาง,16,20,33,ประชาชาติ,1
50,เชียงใหม่,7,แม่อาย,แม่นาวาง,16,20,34,สร้างอนาคตไทย,0
50,เชียงใหม่,7,แม่อาย,แม่นาวาง,16,20,35,รักชาติ,1
50,เชียงใหม่,7,แม่อาย,แม่นาวาง,16,20,36,ไทยพร้อม,2
50,เชียงใหม่,7,แม่อาย,แม่นาวาง,16,20,37,ภูมิใจไทย,15
50,เชียงใหม่,7,แม่อาย,แม่นาวาง,16,20,38,พลังธรรมใหม่,2
50,เชียงใหม่,7,แม่อาย,แม่นาวาง,16,20,39,กรีน,0
50,เชียงใหม่,7,แม่อาย,แม่นาวาง,16,20,40,ไทยธรรม,1
50,เชียงใหม่,7,แม่อาย,แม่นาวาง,16,20,41,แผ่นดินธรรม,1
50,เชียงใหม่,7,แม่อาย,แม่นาวาง,16,20,42,กล้าธรรม,15
50,เชียงใหม่,7,แม่อาย,แม่นาวาง,16,20,43,พลังประชารัฐ,1
50,เชียงใหม่,7,แม่อาย,แม่นาวาง,16,20,44,โอกาสใหม่,5
50,เชียงใหม่,7,แม่อาย,แม่นาวาง,16,20,45,เป็นธรรม,0
50,เชียงใหม่,7,แม่อาย,แม่นาวาง,16,20,46,ประชาชน,84
50,เชียงใหม่,7,แม่อาย,แม่นาวาง,16,20,47,ประชาไทย,1
50,เชียงใหม่,7,แม่อาย,แม่นาวาง,16,20,48,ไทยสร้างไทย,2
50,เชียงใหม่,7,แม่อาย,แม่นาวาง,16,20,49,ไทยก้าวใหม่,2
50,เชียงใหม่,7,แม่อาย,แม่นาวาง,16,20,50,ประชาอาสาชาติ,0
50,เชียงใหม่,7,แม่อาย,แม่นาวาง,16,20,51,พร้อม,1
50,เชียงใหม่,7,แม่อาย,แม่นาวาง,16,20,52,เครือข่ายชาวนาแห่งประเทศไทย,0
50,เชียงใหม่,7,แม่อาย,แม่นาวาง,16,20,53,ไทยพิทักษ์ธรรม,0
50,เชียงใหม่,7,แม่อาย,แม่นาวาง,16,20,54,ความหวังใหม่,0
50,เชียงใหม่,7,แม่อาย,แม่นาวาง,16,20,55,ไทยรวมไทย,0
50,เชียงใหม่,7,แม่อาย,แม่นาวาง,16,20,56,เพื่อบ้านเมือง,0
50,เชียงใหม่,7,แม่อาย,แม่นาวาง,16,20,57,พลังไทยรักชาติ,0
50,เชียงใหม่,7,แม่อาย,แม่นาวาง,17,21,1,ไทยทรัพย์ทวี,4
50,เชียงใหม่,7,แม่อาย,แม่นาวาง,17,21,2,เพื่อชาติไทย,11
50,เชียงใหม่,7,แม่อาย,แม่นาวาง,17,21,3,ใหม่,0
50,เชียงใหม่,7,แม่อาย,แม่นาวาง,17,21,4,มิติใหม่,0
50,เชียงใหม่,7,แม่อาย,แม่นาวาง,17,21,5,รวมใจไทย,10
50,เชียงใหม่,7,แม่อาย,แม่นาวาง,17,21,6,รวมไทยสร้างชาติ,7
50,เชียงใหม่,7,แม่อาย,แม่นาวาง,17,21,7,พลวัต,0
50,เชียงใหม่,7,แม่อาย,แม่นาวาง,17,21,8,ประชาธิปไตยใหม่,2
50,เชียงใหม่,7,แม่อาย,แม่นาวาง,17,21,9,เพื่อไทย,78
50,เชียงใหม่,7,แม่อาย,แม่นาวาง,17,21,10,ทางเลือกใหม่,2
50,เชียงใหม่,7,แม่อาย,แม่นาวาง,17,21,11,เศรษฐกิจ,13
50,เชียงใหม่,7,แม่อาย,แม่นาวาง,17,21,12,เสรีรวมไทย,0
50,เชียงใหม่,7,แม่อาย,แม่นาวาง,17,21,13,รวมพลังประชาชน,4
50,เชียงใหม่,7,แม่อาย,แม่นาวาง,17,21,14,ท้องที่ไทย,2
50,เชียงใหม่,7,แม่อาย,แม่นาวาง,17,21,15,อนาคตไทย,0
50,เชียงใหม่,7,แม่อาย,แม่นาวาง,17,21,16,พลังเพื่อไทย,1
50,เชียงใหม่,7,แม่อาย,แม่นาวาง,17,21,17,ไทยชนะ,0
50,เชียงใหม่,7,แม่อาย,แม่นาวาง,17,21,18,พลังสังคมใหม่,0
50,เชียงใหม่,7,แม่อาย,แม่นาวาง,17,21,19,สังคมประชาธิปไตย,0
50,เชียงใหม่,7,แม่อาย,แม่นาวาง,17,21,20,ฟิวชัน,0
50,เชียงใหม่,7,แม่อาย,แม่นาวาง,17,21,21,ไทยรวมพลัง,1
50,เชียงใหม่,7,แม่อาย,แม่นาวาง,17,21,22,ก้าวอิสระ,0
50,เชียงใหม่,7,แม่อาย,แม่นาวาง,17,21,23,ปวงชนไทย,0
50,เชียงใหม่,7,แม่อาย,แม่นาวาง,17,21,24,วิชชั่นใหม่,1
50,เชียงใหม่,7,แม่อาย,แม่นาวาง,17,21,25,เพื่อชีวิตใหม่,1
50,เชียงใหม่,7,แม่อาย,แม่นาวาง,17,21,26,คลองไทย,0
50,เชียงใหม่,7,แม่อาย,แม่นาวาง,17,21,27,ประชาธิปัตย์,10
50,เชียงใหม่,7,แม่อาย,แม่นาวาง,17,21,28,ไทยก้าวหน้า,0
50,เชียงใหม่,7,แม่อาย,แม่นาวาง,17,21,29,ไทยภักดี,0
50,เชียงใหม่,7,แม่อาย,แม่นาวาง,17,21,30,แรงงานสร้างชาติ,0
50,เชียงใหม่,7,แม่อาย,แม่นาวาง,17,21,31,ประชากรไทย,1
50,เชียงใหม่,7,แม่อาย,แม่นาวาง,17,21,32,ครูไทยเพื่อประชาชน,0
50,เชียงใหม่,7,แม่อาย,แม่นาวาง,17,21,33,ประชาชาติ,0
50,เชียงใหม่,7,แม่อาย,แม่นาวาง,17,21,34,สร้างอนาคตไทย,1
50,เชียงใหม่,7,แม่อาย,แม่นาวาง,17,21,35,รักชาติ,1
50,เชียงใหม่,7,แม่อาย,แม่นาวาง,17,21,36,ไทยพร้อม,2
50,เชียงใหม่,7,แม่อาย,แม่นาวาง,17,21,37,ภูมิใจไทย,20
50,เชียงใหม่,7,แม่อาย,แม่นาวาง,17,21,38,พลังธรรมใหม่,0
50,เชียงใหม่,7,แม่อาย,แม่นาวาง,17,21,39,กรีน,1
50,เชียงใหม่,7,แม่อาย,แม่นาวาง,17,21,40,ไทยธรรม,0
50,เชียงใหม่,7,แม่อาย,แม่นาวาง,17,21,41,แผ่นดินธรรม,2
50,เชียงใหม่,7,แม่อาย,แม่นาวาง,17,21,42,กล้าธรรม,20
50,เชียงใหม่,7,แม่อาย,แม่นาวาง,17,21,43,พลังประชารัฐ,3
50,เชียงใหม่,7,แม่อาย,แม่นาวาง,17,21,44,โอกาสใหม่,0
50,เชียงใหม่,7,แม่อาย,แม่นาวาง,17,21,45,เป็นธรรม,0
50,เชียงใหม่,7,แม่อาย,แม่นาวาง,17,21,46,ประชาชน,91
50,เชียงใหม่,7,แม่อาย,แม่นาวาง,17,21,47,ประชาไทย,0
50,เชียงใหม่,7,แม่อาย,แม่นาวาง,17,21,48,ไทยสร้างไทย,1
50,เชียงใหม่,7,แม่อาย,แม่นาวาง,17,21,49,ไทยก้าวใหม่,0
50,เชียงใหม่,7,แม่อาย,แม่นาวาง,17,21,50,ประชาอาสาชาติ,1
50,เชียงใหม่,7,แม่อาย,แม่นาวาง,17,21,51,พร้อม,1
50,เชียงใหม่,7,แม่อาย,แม่นาวาง,17,21,52,เครือข่ายชาวนาแห่งประเทศไทย,0
50,เชียงใหม่,7,แม่อาย,แม่นาวาง,17,21,53,ไทยพิทักษ์ธรรม,0
50,เชียงใหม่,7,แม่อาย,แม่นาวาง,17,21,54,ความหวังใหม่,0
50,เชียงใหม่,7,แม่อาย,แม่นาวาง,17,21,55,ไทยรวมไทย,1
50,เชียงใหม่,7,แม่อาย,แม่นาวาง,17,21,56,เพื่อบ้านเมือง,1
50,เชียงใหม่,7,แม่อาย,แม่นาวาง,17,21,57,พลังไทยรักชาติ,1
50,เชียงใหม่,7,แม่อาย,แม่สาว,1,1,1,ไทยทรัพย์ทวี,0
50,เชียงใหม่,7,แม่อาย,แม่สาว,1,1,2,เพื่อชาติไทย,1
50,เชียงใหม่,7,แม่อาย,แม่สาว,1,1,3,ใหม่,1
50,เชียงใหม่,7,แม่อาย,แม่สาว,1,1,4,มิติใหม่,0
50,เชียงใหม่,7,แม่อาย,แม่สาว,1,1,5,รวมใจไทย,1
50,เชียงใหม่,7,แม่อาย,แม่สาว,1,1,6,รวมไทยสร้างชาติ,7
50,เชียงใหม่,7,แม่อาย,แม่สาว,1,1,7,พลวัต,3
50,เชียงใหม่,7,แม่อาย,แม่สาว,1,1,8,ประชาธิปไตยใหม่,0
50,เชียงใหม่,7,แม่อาย,แม่สาว,1,1,9,เพื่อไทย,83
50,เชียงใหม่,7,แม่อาย,แม่สาว,1,1,10,ทางเลือกใหม่,1
50,เชียงใหม่,7,แม่อาย,แม่สาว,1,1,11,เศรษฐกิจ,10
50,เชียงใหม่,7,แม่อาย,แม่สาว,1,1,12,เสรีรวมไทย,0
50,เชียงใหม่,7,แม่อาย,แม่สาว,1,1,13,รวมพลังประชาชน,0
50,เชียงใหม่,7,แม่อาย,แม่สาว,1,1,14,ท้องที่ไทย,0
50,เชียงใหม่,7,แม่อาย,แม่สาว,1,1,15,อนาคตไทย,0
50,เชียงใหม่,7,แม่อาย,แม่สาว,1,1,16,พลังเพื่อไทย,1
50,เชียงใหม่,7,แม่อาย,แม่สาว,1,1,17,ไทยชนะ,0
50,เชียงใหม่,7,แม่อาย,แม่สาว,1,1,18,พลังสังคมใหม่,0
50,เชียงใหม่,7,แม่อาย,แม่สาว,1,1,19,สังคมประชาธิปไตย,0
50,เชียงใหม่,7,แม่อาย,แม่สาว,1,1,20,ฟิวชัน,0
50,เชียงใหม่,7,แม่อาย,แม่สาว,1,1,21,ไทยรวมพลัง,0
50,เชียงใหม่,7,แม่อาย,แม่สาว,1,1,22,ก้าวอิสระ,0
50,เชียงใหม่,7,แม่อาย,แม่สาว,1,1,23,ปวงชนไทย,0
50,เชียงใหม่,7,แม่อาย,แม่สาว,1,1,24,วิชชั่นใหม่,0
50,เชียงใหม่,7,แม่อาย,แม่สาว,1,1,25,เพื่อชีวิตใหม่,0
50,เชียงใหม่,7,แม่อาย,แม่สาว,1,1,26,คลองไทย,0
50,เชียงใหม่,7,แม่อาย,แม่สาว,1,1,27,ประชาธิปัตย์,1
50,เชียงใหม่,7,แม่อาย,แม่สาว,1,1,28,ไทยก้าวหน้า,1
50,เชียงใหม่,7,แม่อาย,แม่สาว,1,1,29,ไทยภักดี,0
50,เชียงใหม่,7,แม่อาย,แม่สาว,1,1,30,แรงงานสร้างชาติ,2
50,เชียงใหม่,7,แม่อาย,แม่สาว,1,1,31,ประชากรไทย,0
50,เชียงใหม่,7,แม่อาย,แม่สาว,1,1,32,ครูไทยเพื่อประชาชน,0
50,เชียงใหม่,7,แม่อาย,แม่สาว,1,1,33,ประชาชาติ,0
50,เชียงใหม่,7,แม่อาย,แม่สาว,1,1,34,สร้างอนาคตไทย,0
50,เชียงใหม่,7,แม่อาย,แม่สาว,1,1,35,รักชาติ,0
50,เชียงใหม่,7,แม่อาย,แม่สาว,1,1,36,ไทยพร้อม,0
50,เชียงใหม่,7,แม่อาย,แม่สาว,1,1,37,ภูมิใจไทย,11
50,เชียงใหม่,7,แม่อาย,แม่สาว,1,1,38,พลังธรรมใหม่,2
50,เชียงใหม่,7,แม่อาย,แม่สาว,1,1,39,กรีน,0
50,เชียงใหม่,7,แม่อาย,แม่สาว,1,1,40,ไทยธรรม,0
50,เชียงใหม่,7,แม่อาย,แม่สาว,1,1,41,แผ่นดินธรรม,0
50,เชียงใหม่,7,แม่อาย,แม่สาว,1,1,42,กล้าธรรม,16
50,เชียงใหม่,7,แม่อาย,แม่สาว,1,1,43,พลังประชารัฐ,4
50,เชียงใหม่,7,แม่อาย,แม่สาว,1,1,44,โอกาสใหม่,0
50,เชียงใหม่,7,แม่อาย,แม่สาว,1,1,45,เป็นธรรม,0
50,เชียงใหม่,7,แม่อาย,แม่สาว,1,1,46,ประชาชน,64
50,เชียงใหม่,7,แม่อาย,แม่สาว,1,1,47,ประชาไทย,0
50,เชียงใหม่,7,แม่อาย,แม่สาว,1,1,48,ไทยสร้างไทย,1
50,เชียงใหม่,7,แม่อาย,แม่สาว,1,1,49,ไทยก้าวใหม่,1
50,เชียงใหม่,7,แม่อาย,แม่สาว,1,1,50,ประชาอาสาชาติ,0
50,เชียงใหม่,7,แม่อาย,แม่สาว,1,1,51,พร้อม,0
50,เชียงใหม่,7,แม่อาย,แม่สาว,1,1,52,เครือข่ายชาวนาแห่งประเทศไทย,0
50,เชียงใหม่,7,แม่อาย,แม่สาว,1,1,53,ไทยพิทักษ์ธรรม,0
50,เชียงใหม่,7,แม่อาย,แม่สาว,1,1,54,ความหวังใหม่,0
50,เชียงใหม่,7,แม่อาย,แม่สาว,1,1,55,ไทยรวมไทย,0
50,เชียงใหม่,7,แม่อาย,แม่สาว,1,1,56,เพื่อบ้านเมือง,0
50,เชียงใหม่,7,แม่อาย,แม่สาว,1,1,57,พลังไทยรักชาติ,0
50,เชียงใหม่,7,แม่อาย,แม่สาว,2,2,1,ไทยทรัพย์ทวี,2
50,เชียงใหม่,7,แม่อาย,แม่สาว,2,2,2,เพื่อชาติไทย,6
50,เชียงใหม่,7,แม่อาย,แม่สาว,2,2,3,ใหม่,1
50,เชียงใหม่,7,แม่อาย,แม่สาว,2,2,4,มิติใหม่,0
50,เชียงใหม่,7,แม่อาย,แม่สาว,2,2,5,รวมใจไทย,6
50,เชียงใหม่,7,แม่อาย,แม่สาว,2,2,6,รวมไทยสร้างชาติ,12
50,เชียงใหม่,7,แม่อาย,แม่สาว,2,2,7,พลวัต,8
50,เชียงใหม่,7,แม่อาย,แม่สาว,2,2,8,ประชาธิปไตยใหม่,1
50,เชียงใหม่,7,แม่อาย,แม่สาว,2,2,9,เพื่อไทย,126
50,เชียงใหม่,7,แม่อาย,แม่สาว,2,2,10,ทางเลือกใหม่,1
50,เชียงใหม่,7,แม่อาย,แม่สาว,2,2,11,เศรษฐกิจ,11
50,เชียงใหม่,7,แม่อาย,แม่สาว,2,2,12,เสรีรวมไทย,0
50,เชียงใหม่,7,แม่อาย,แม่สาว,2,2,13,รวมพลังประชาชน,3
50,เชียงใหม่,7,แม่อาย,แม่สาว,2,2,14,ท้องที่ไทย,0
50,เชียงใหม่,7,แม่อาย,แม่สาว,2,2,15,อนาคตไทย,1
50,เชียงใหม่,7,แม่อาย,แม่สาว,2,2,16,พลังเพื่อไทย,1
50,เชียงใหม่,7,แม่อาย,แม่สาว,2,2,17,ไทยชนะ,0
50,เชียงใหม่,7,แม่อาย,แม่สาว,2,2,18,พลังสังคมใหม่,0
50,เชียงใหม่,7,แม่อาย,แม่สาว,2,2,19,สังคมประชาธิปไตย,0
50,เชียงใหม่,7,แม่อาย,แม่สาว,2,2,20,ฟิวชัน,1
50,เชียงใหม่,7,แม่อาย,แม่สาว,2,2,21,ไทยรวมพลัง,1
50,เชียงใหม่,7,แม่อาย,แม่สาว,2,2,22,ก้าวอิสระ,1
50,เชียงใหม่,7,แม่อาย,แม่สาว,2,2,23,ปวงชนไทย,0
50,เชียงใหม่,7,แม่อาย,แม่สาว,2,2,24,วิชชั่นใหม่,0
50,เชียงใหม่,7,แม่อาย,แม่สาว,2,2,25,เพื่อชีวิตใหม่,0
50,เชียงใหม่,7,แม่อาย,แม่สาว,2,2,26,คลองไทย,0
50,เชียงใหม่,7,แม่อาย,แม่สาว,2,2,27,ประชาธิปัตย์,3
50,เชียงใหม่,7,แม่อาย,แม่สาว,2,2,28,ไทยก้าวหน้า,0
50,เชียงใหม่,7,แม่อาย,แม่สาว,2,2,29,ไทยภักดี,3
50,เชียงใหม่,7,แม่อาย,แม่สาว,2,2,30,แรงงานสร้างชาติ,1
50,เชียงใหม่,7,แม่อาย,แม่สาว,2,2,31,ประชากรไทย,0
50,เชียงใหม่,7,แม่อาย,แม่สาว,2,2,32,ครูไทยเพื่อประชาชน,0
50,เชียงใหม่,7,แม่อาย,แม่สาว,2,2,33,ประชาชาติ,0
50,เชียงใหม่,7,แม่อาย,แม่สาว,2,2,34,สร้างอนาคตไทย,0
50,เชียงใหม่,7,แม่อาย,แม่สาว,2,2,35,รักชาติ,0
50,เชียงใหม่,7,แม่อาย,แม่สาว,2,2,36,ไทยพร้อม,1
50,เชียงใหม่,7,แม่อาย,แม่สาว,2,2,37,ภูมิใจไทย,15
50,เชียงใหม่,7,แม่อาย,แม่สาว,2,2,38,พลังธรรมใหม่,4
50,เชียงใหม่,7,แม่อาย,แม่สาว,2,2,39,กรีน,0
50,เชียงใหม่,7,แม่อาย,แม่สาว,2,2,40,ไทยธรรม,0
50,เชียงใหม่,7,แม่อาย,แม่สาว,2,2,41,แผ่นดินธรรม,0
50,เชียงใหม่,7,แม่อาย,แม่สาว,2,2,42,กล้าธรรม,10
50,เชียงใหม่,7,แม่อาย,แม่สาว,2,2,43,พลังประชารัฐ,7
50,เชียงใหม่,7,แม่อาย,แม่สาว,2,2,44,โอกาสใหม่,0
50,เชียงใหม่,7,แม่อาย,แม่สาว,2,2,45,เป็นธรรม,1
50,เชียงใหม่,7,แม่อาย,แม่สาว,2,2,46,ประชาชน,118
50,เชียงใหม่,7,แม่อาย,แม่สาว,2,2,47,ประชาไทย,0
50,เชียงใหม่,7,แม่อาย,แม่สาว,2,2,48,ไทยสร้างไทย,5
50,เชียงใหม่,7,แม่อาย,แม่สาว,2,2,49,ไทยก้าวใหม่,0
50,เชียงใหม่,7,แม่อาย,แม่สาว,2,2,50,ประชาอาสาชาติ,0
50,เชียงใหม่,7,แม่อาย,แม่สาว,2,2,51,พร้อม,0
50,เชียงใหม่,7,แม่อาย,แม่สาว,2,2,52,เครือข่ายชาวนาแห่งประเทศไทย,0
50,เชียงใหม่,7,แม่อาย,แม่สาว,2,2,53,ไทยพิทักษ์ธรรม,0
50,เชียงใหม่,7,แม่อาย,แม่สาว,2,2,54,ความหวังใหม่,0
50,เชียงใหม่,7,แม่อาย,แม่สาว,2,2,55,ไทยรวมไทย,0
50,เชียงใหม่,7,แม่อาย,แม่สาว,2,2,56,เพื่อบ้านเมือง,0
50,เชียงใหม่,7,แม่อาย,แม่สาว,2,2,57,พลังไทยรักชาติ,0
50,เชียงใหม่,7,แม่อาย,แม่สาว,3,3,1,ไทยทรัพย์ทวี,0
50,เชียงใหม่,7,แม่อาย,แม่สาว,3,3,2,เพื่อชาติไทย,2
50,เชียงใหม่,7,แม่อาย,แม่สาว,3,3,3,ใหม่,2
50,เชียงใหม่,7,แม่อาย,แม่สาว,3,3,4,มิติใหม่,0
50,เชียงใหม่,7,แม่อาย,แม่สาว,3,3,5,รวมใจไทย,5
50,เชียงใหม่,7,แม่อาย,แม่สาว,3,3,6,รวมไทยสร้างชาติ,5
50,เชียงใหม่,7,แม่อาย,แม่สาว,3,3,7,พลวัต,4
50,เชียงใหม่,7,แม่อาย,แม่สาว,3,3,8,ประชาธิปไตยใหม่,0
50,เชียงใหม่,7,แม่อาย,แม่สาว,3,3,9,เพื่อไทย,151
50,เชียงใหม่,7,แม่อาย,แม่สาว,3,3,10,ทางเลือกใหม่,4
50,เชียงใหม่,7,แม่อาย,แม่สาว,3,3,11,เศรษฐกิจ,10
50,เชียงใหม่,7,แม่อาย,แม่สาว,3,3,12,เสรีรวมไทย,1
50,เชียงใหม่,7,แม่อาย,แม่สาว,3,3,13,รวมพลังประชาชน,3
50,เชียงใหม่,7,แม่อาย,แม่สาว,3,3,14,ท้องที่ไทย,0
50,เชียงใหม่,7,แม่อาย,แม่สาว,3,3,15,อนาคตไทย,0
50,เชียงใหม่,7,แม่อาย,แม่สาว,3,3,16,พลังเพื่อไทย,0
50,เชียงใหม่,7,แม่อาย,แม่สาว,3,3,17,ไทยชนะ,1
50,เชียงใหม่,7,แม่อาย,แม่สาว,3,3,18,พลังสังคมใหม่,0
50,เชียงใหม่,7,แม่อาย,แม่สาว,3,3,19,สังคมประชาธิปไตย,0
50,เชียงใหม่,7,แม่อาย,แม่สาว,3,3,20,ฟิวชัน,0
50,เชียงใหม่,7,แม่อาย,แม่สาว,3,3,21,ไทยรวมพลัง,0
50,เชียงใหม่,7,แม่อาย,แม่สาว,3,3,22,ก้าวอิสระ,0
50,เชียงใหม่,7,แม่อาย,แม่สาว,3,3,23,ปวงชนไทย,0
50,เชียงใหม่,7,แม่อาย,แม่สาว,3,3,24,วิชชั่นใหม่,1
50,เชียงใหม่,7,แม่อาย,แม่สาว,3,3,25,เพื่อชีวิตใหม่,0
50,เชียงใหม่,7,แม่อาย,แม่สาว,3,3,26,คลองไทย,0
50,เชียงใหม่,7,แม่อาย,แม่สาว,3,3,27,ประชาธิปัตย์,1
50,เชียงใหม่,7,แม่อาย,แม่สาว,3,3,28,ไทยก้าวหน้า,0
50,เชียงใหม่,7,แม่อาย,แม่สาว,3,3,29,ไทยภักดี,0
50,เชียงใหม่,7,แม่อาย,แม่สาว,3,3,30,แรงงานสร้างชาติ,0
50,เชียงใหม่,7,แม่อาย,แม่สาว,3,3,31,ประชากรไทย,0
50,เชียงใหม่,7,แม่อาย,แม่สาว,3,3,32,ครูไทยเพื่อประชาชน,1
50,เชียงใหม่,7,แม่อาย,แม่สาว,3,3,33,ประชาชาติ,1
50,เชียงใหม่,7,แม่อาย,แม่สาว,3,3,34,สร้างอนาคตไทย,0
50,เชียงใหม่,7,แม่อาย,แม่สาว,3,3,35,รักชาติ,1
50,เชียงใหม่,7,แม่อาย,แม่สาว,3,3,36,ไทยพร้อม,1
50,เชียงใหม่,7,แม่อาย,แม่สาว,3,3,37,ภูมิใจไทย,23
50,เชียงใหม่,7,แม่อาย,แม่สาว,3,3,38,พลังธรรมใหม่,3
50,เชียงใหม่,7,แม่อาย,แม่สาว,3,3,39,กรีน,0
50,เชียงใหม่,7,แม่อาย,แม่สาว,3,3,40,ไทยธรรม,0
50,เชียงใหม่,7,แม่อาย,แม่สาว,3,3,41,แผ่นดินธรรม,0
50,เชียงใหม่,7,แม่อาย,แม่สาว,3,3,42,กล้าธรรม,28
50,เชียงใหม่,7,แม่อาย,แม่สาว,3,3,43,พลังประชารัฐ,5
50,เชียงใหม่,7,แม่อาย,แม่สาว,3,3,44,โอกาสใหม่,0
50,เชียงใหม่,7,แม่อาย,แม่สาว,3,3,45,เป็นธรรม,0
50,เชียงใหม่,7,แม่อาย,แม่สาว,3,3,46,ประชาชน,88
50,เชียงใหม่,7,แม่อาย,แม่สาว,3,3,47,ประชาไทย,0
50,เชียงใหม่,7,แม่อาย,แม่สาว,3,3,48,ไทยสร้างไทย,2
50,เชียงใหม่,7,แม่อาย,แม่สาว,3,3,49,ไทยก้าวใหม่,0
50,เชียงใหม่,7,แม่อาย,แม่สาว,3,3,50,ประชาอาสาชาติ,0
50,เชียงใหม่,7,แม่อาย,แม่สาว,3,3,51,พร้อม,0
50,เชียงใหม่,7,แม่อาย,แม่สาว,3,3,52,เครือข่ายชาวนาแห่งประเทศไทย,0
50,เชียงใหม่,7,แม่อาย,แม่สาว,3,3,53,ไทยพิทักษ์ธรรม,0
50,เชียงใหม่,7,แม่อาย,แม่สาว,3,3,54,ความหวังใหม่,0
50,เชียงใหม่,7,แม่อาย,แม่สาว,3,3,55,ไทยรวมไทย,0
50,เชียงใหม่,7,แม่อาย,แม่สาว,3,3,56,เพื่อบ้านเมือง,0
50,เชียงใหม่,7,แม่อาย,แม่สาว,3,3,57,พลังไทยรักชาติ,0
50,เชียงใหม่,7,แม่อาย,แม่สาว,4,4,1,ไทยทรัพย์ทวี,3
50,เชียงใหม่,7,แม่อาย,แม่สาว,4,4,2,เพื่อชาติไทย,4
50,เชียงใหม่,7,แม่อาย,แม่สาว,4,4,3,ใหม่,0
50,เชียงใหม่,7,แม่อาย,แม่สาว,4,4,4,มิติใหม่,2
50,เชียงใหม่,7,แม่อาย,แม่สาว,4,4,5,รวมใจไทย,4
50,เชียงใหม่,7,แม่อาย,แม่สาว,4,4,6,รวมไทยสร้างชาติ,10
50,เชียงใหม่,7,แม่อาย,แม่สาว,4,4,7,พลวัต,0
50,เชียงใหม่,7,แม่อาย,แม่สาว,4,4,8,ประชาธิปไตยใหม่,0
50,เชียงใหม่,7,แม่อาย,แม่สาว,4,4,9,เพื่อไทย,56
50,เชียงใหม่,7,แม่อาย,แม่สาว,4,4,10,ทางเลือกใหม่,3
50,เชียงใหม่,7,แม่อาย,แม่สาว,4,4,11,เศรษฐกิจ,8
50,เชียงใหม่,7,แม่อาย,แม่สาว,4,4,12,เสรีรวมไทย,0
50,เชียงใหม่,7,แม่อาย,แม่สาว,4,4,13,รวมพลังประชาชน,3
50,เชียงใหม่,7,แม่อาย,แม่สาว,4,4,14,ท้องที่ไทย,0
50,เชียงใหม่,7,แม่อาย,แม่สาว,4,4,15,อนาคตไทย,0
50,เชียงใหม่,7,แม่อาย,แม่สาว,4,4,16,พลังเพื่อไทย,0
50,เชียงใหม่,7,แม่อาย,แม่สาว,4,4,17,ไทยชนะ,0
50,เชียงใหม่,7,แม่อาย,แม่สาว,4,4,18,พลังสังคมใหม่,0
50,เชียงใหม่,7,แม่อาย,แม่สาว,4,4,19,สังคมประชาธิปไตย,0
50,เชียงใหม่,7,แม่อาย,แม่สาว,4,4,20,ฟิวชัน,0
50,เชียงใหม่,7,แม่อาย,แม่สาว,4,4,21,ไทยรวมพลัง,0
50,เชียงใหม่,7,แม่อาย,แม่สาว,4,4,22,ก้าวอิสระ,0
50,เชียงใหม่,7,แม่อาย,แม่สาว,4,4,23,ปวงชนไทย,0
50,เชียงใหม่,7,แม่อาย,แม่สาว,4,4,24,วิชชั่นใหม่,0
50,เชียงใหม่,7,แม่อาย,แม่สาว,4,4,25,เพื่อชีวิตใหม่,0
50,เชียงใหม่,7,แม่อาย,แม่สาว,4,4,26,คลองไทย,1
50,เชียงใหม่,7,แม่อาย,แม่สาว,4,4,27,ประชาธิปัตย์,7
50,เชียงใหม่,7,แม่อาย,แม่สาว,4,4,28,ไทยก้าวหน้า,0
50,เชียงใหม่,7,แม่อาย,แม่สาว,4,4,29,ไทยภักดี,0
50,เชียงใหม่,7,แม่อาย,แม่สาว,4,4,30,แรงงานสร้างชาติ,0
50,เชียงใหม่,7,แม่อาย,แม่สาว,4,4,31,ประชากรไทย,0
50,เชียงใหม่,7,แม่อาย,แม่สาว,4,4,32,ครูไทยเพื่อประชาชน,0
50,เชียงใหม่,7,แม่อาย,แม่สาว,4,4,33,ประชาชาติ,0
50,เชียงใหม่,7,แม่อาย,แม่สาว,4,4,34,สร้างอนาคตไทย,0
50,เชียงใหม่,7,แม่อาย,แม่สาว,4,4,35,รักชาติ,0
50,เชียงใหม่,7,แม่อาย,แม่สาว,4,4,36,ไทยพร้อม,0
50,เชียงใหม่,7,แม่อาย,แม่สาว,4,4,37,ภูมิใจไทย,11
50,เชียงใหม่,7,แม่อาย,แม่สาว,4,4,38,พลังธรรมใหม่,3
50,เชียงใหม่,7,แม่อาย,แม่สาว,4,4,39,กรีน,0
50,เชียงใหม่,7,แม่อาย,แม่สาว,4,4,40,ไทยธรรม,0
50,เชียงใหม่,7,แม่อาย,แม่สาว,4,4,41,แผ่นดินธรรม,0
50,เชียงใหม่,7,แม่อาย,แม่สาว,4,4,42,กล้าธรรม,10
50,เชียงใหม่,7,แม่อาย,แม่สาว,4,4,43,พลังประชารัฐ,1
50,เชียงใหม่,7,แม่อาย,แม่สาว,4,4,44,โอกาสใหม่,0
50,เชียงใหม่,7,แม่อาย,แม่สาว,4,4,45,เป็นธรรม,0
50,เชียงใหม่,7,แม่อาย,แม่สาว,4,4,46,ประชาชน,78
50,เชียงใหม่,7,แม่อาย,แม่สาว,4,4,47,ประชาไทย,1
50,เชียงใหม่,7,แม่อาย,แม่สาว,4,4,48,ไทยสร้างไทย,1
50,เชียงใหม่,7,แม่อาย,แม่สาว,4,4,49,ไทยก้าวใหม่,0
50,เชียงใหม่,7,แม่อาย,แม่สาว,4,4,50,ประชาอาสาชาติ,0
50,เชียงใหม่,7,แม่อาย,แม่สาว,4,4,51,พร้อม,0
50,เชียงใหม่,7,แม่อาย,แม่สาว,4,4,52,เครือข่ายชาวนาแห่งประเทศไทย,0
50,เชียงใหม่,7,แม่อาย,แม่สาว,4,4,53,ไทยพิทักษ์ธรรม,0
50,เชียงใหม่,7,แม่อาย,แม่สาว,4,4,54,ความหวังใหม่,0
50,เชียงใหม่,7,แม่อาย,แม่สาว,4,4,55,ไทยรวมไทย,0
50,เชียงใหม่,7,แม่อาย,แม่สาว,4,4,56,เพื่อบ้านเมือง,0
50,เชียงใหม่,7,แม่อาย,แม่สาว,4,4,57,พลังไทยรักชาติ,0
50,เชียงใหม่,7,แม่อาย,แม่สาว,5,5,1,ไทยทรัพย์ทวี,1
50,เชียงใหม่,7,แม่อาย,แม่สาว,5,5,2,เพื่อชาติไทย,2
50,เชียงใหม่,7,แม่อาย,แม่สาว,5,5,3,ใหม่,2
50,เชียงใหม่,7,แม่อาย,แม่สาว,5,5,4,มิติใหม่,0
50,เชียงใหม่,7,แม่อาย,แม่สาว,5,5,5,รวมใจไทย,8
50,เชียงใหม่,7,แม่อาย,แม่สาว,5,5,6,รวมไทยสร้างชาติ,5
50,เชียงใหม่,7,แม่อาย,แม่สาว,5,5,7,พลวัต,10
50,เชียงใหม่,7,แม่อาย,แม่สาว,5,5,8,ประชาธิปไตยใหม่,2
50,เชียงใหม่,7,แม่อาย,แม่สาว,5,5,9,เพื่อไทย,88
50,เชียงใหม่,7,แม่อาย,แม่สาว,5,5,10,ทางเลือกใหม่,1
50,เชียงใหม่,7,แม่อาย,แม่สาว,5,5,11,เศรษฐกิจ,7
50,เชียงใหม่,7,แม่อาย,แม่สาว,5,5,12,เสรีรวมไทย,0
50,เชียงใหม่,7,แม่อาย,แม่สาว,5,5,13,รวมพลังประชาชน,4
50,เชียงใหม่,7,แม่อาย,แม่สาว,5,5,14,ท้องที่ไทย,0
50,เชียงใหม่,7,แม่อาย,แม่สาว,5,5,15,อนาคตไทย,1
50,เชียงใหม่,7,แม่อาย,แม่สาว,5,5,16,พลังเพื่อไทย,0
50,เชียงใหม่,7,แม่อาย,แม่สาว,5,5,17,ไทยชนะ,1
50,เชียงใหม่,7,แม่อาย,แม่สาว,5,5,18,พลังสังคมใหม่,0
50,เชียงใหม่,7,แม่อาย,แม่สาว,5,5,19,สังคมประชาธิปไตย,0
50,เชียงใหม่,7,แม่อาย,แม่สาว,5,5,20,ฟิวชัน,0
50,เชียงใหม่,7,แม่อาย,แม่สาว,5,5,21,ไทยรวมพลัง,0
50,เชียงใหม่,7,แม่อาย,แม่สาว,5,5,22,ก้าวอิสระ,0
50,เชียงใหม่,7,แม่อาย,แม่สาว,5,5,23,ปวงชนไทย,0
50,เชียงใหม่,7,แม่อาย,แม่สาว,5,5,24,วิชชั่นใหม่,2
50,เชียงใหม่,7,แม่อาย,แม่สาว,5,5,25,เพื่อชีวิตใหม่,0
50,เชียงใหม่,7,แม่อาย,แม่สาว,5,5,26,คลองไทย,0
50,เชียงใหม่,7,แม่อาย,แม่สาว,5,5,27,ประชาธิปัตย์,33
50,เชียงใหม่,7,แม่อาย,แม่สาว,5,5,28,ไทยก้าวหน้า,0
50,เชียงใหม่,7,แม่อาย,แม่สาว,5,5,29,ไทยภักดี,0
50,เชียงใหม่,7,แม่อาย,แม่สาว,5,5,30,แรงงานสร้างชาติ,0
50,เชียงใหม่,7,แม่อาย,แม่สาว,5,5,31,ประชากรไทย,0
50,เชียงใหม่,7,แม่อาย,แม่สาว,5,5,32,ครูไทยเพื่อประชาชน,0
50,เชียงใหม่,7,แม่อาย,แม่สาว,5,5,33,ประชาชาติ,0
50,เชียงใหม่,7,แม่อาย,แม่สาว,5,5,34,สร้างอนาคตไทย,2
50,เชียงใหม่,7,แม่อาย,แม่สาว,5,5,35,รักชาติ,0
50,เชียงใหม่,7,แม่อาย,แม่สาว,5,5,36,ไทยพร้อม,1
50,เชียงใหม่,7,แม่อาย,แม่สาว,5,5,37,ภูมิใจไทย,32
50,เชียงใหม่,7,แม่อาย,แม่สาว,5,5,38,พลังธรรมใหม่,2
50,เชียงใหม่,7,แม่อาย,แม่สาว,5,5,39,กรีน,3
50,เชียงใหม่,7,แม่อาย,แม่สาว,5,5,40,ไทยธรรม,0
50,เชียงใหม่,7,แม่อาย,แม่สาว,5,5,41,แผ่นดินธรรม,1
50,เชียงใหม่,7,แม่อาย,แม่สาว,5,5,42,กล้าธรรม,22
50,เชียงใหม่,7,แม่อาย,แม่สาว,5,5,43,พลังประชารัฐ,10
50,เชียงใหม่,7,แม่อาย,แม่สาว,5,5,44,โอกาสใหม่,0
50,เชียงใหม่,7,แม่อาย,แม่สาว,5,5,45,เป็นธรรม,0
50,เชียงใหม่,7,แม่อาย,แม่สาว,5,5,46,ประชาชน,135
50,เชียงใหม่,7,แม่อาย,แม่สาว,5,5,47,ประชาไทย,0
50,เชียงใหม่,7,แม่อาย,แม่สาว,5,5,48,ไทยสร้างไทย,1
50,เชียงใหม่,7,แม่อาย,แม่สาว,5,5,49,ไทยก้าวใหม่,0
50,เชียงใหม่,7,แม่อาย,แม่สาว,5,5,50,ประชาอาสาชาติ,0
50,เชียงใหม่,7,แม่อาย,แม่สาว,5,5,51,พร้อม,0
50,เชียงใหม่,7,แม่อาย,แม่สาว,5,5,52,เครือข่ายชาวนาแห่งประเทศไทย,0
50,เชียงใหม่,7,แม่อาย,แม่สาว,5,5,53,ไทยพิทักษ์ธรรม,0
50,เชียงใหม่,7,แม่อาย,แม่สาว,5,5,54,ความหวังใหม่,0
50,เชียงใหม่,7,แม่อาย,แม่สาว,5,5,55,ไทยรวมไทย,0
50,เชียงใหม่,7,แม่อาย,แม่สาว,5,5,56,เพื่อบ้านเมือง,0
50,เชียงใหม่,7,แม่อาย,แม่สาว,5,5,57,พลังไทยรักชาติ,0
50,เชียงใหม่,7,แม่อาย,แม่สาว,6,6,1,ไทยทรัพย์ทวี,5
50,เชียงใหม่,7,แม่อาย,แม่สาว,6,6,2,เพื่อชาติไทย,5
50,เชียงใหม่,7,แม่อาย,แม่สาว,6,6,3,ใหม่,5
50,เชียงใหม่,7,แม่อาย,แม่สาว,6,6,4,มิติใหม่,0
50,เชียงใหม่,7,แม่อาย,แม่สาว,6,6,5,รวมใจไทย,7
50,เชียงใหม่,7,แม่อาย,แม่สาว,6,6,6,รวมไทยสร้างชาติ,7
50,เชียงใหม่,7,แม่อาย,แม่สาว,6,6,7,พลวัต,10
50,เชียงใหม่,7,แม่อาย,แม่สาว,6,6,8,ประชาธิปไตยใหม่,2
50,เชียงใหม่,7,แม่อาย,แม่สาว,6,6,9,เพื่อไทย,79
50,เชียงใหม่,7,แม่อาย,แม่สาว,6,6,10,ทางเลือกใหม่,1
50,เชียงใหม่,7,แม่อาย,แม่สาว,6,6,11,เศรษฐกิจ,6
50,เชียงใหม่,7,แม่อาย,แม่สาว,6,6,12,เสรีรวมไทย,1
50,เชียงใหม่,7,แม่อาย,แม่สาว,6,6,13,รวมพลังประชาชน,0
50,เชียงใหม่,7,แม่อาย,แม่สาว,6,6,14,ท้องที่ไทย,1
50,เชียงใหม่,7,แม่อาย,แม่สาว,6,6,15,อนาคตไทย,1
50,เชียงใหม่,7,แม่อาย,แม่สาว,6,6,16,พลังเพื่อไทย,0
50,เชียงใหม่,7,แม่อาย,แม่สาว,6,6,17,ไทยชนะ,2
50,เชียงใหม่,7,แม่อาย,แม่สาว,6,6,18,พลังสังคมใหม่,0
50,เชียงใหม่,7,แม่อาย,แม่สาว,6,6,19,สังคมประชาธิปไตย,0
50,เชียงใหม่,7,แม่อาย,แม่สาว,6,6,20,ฟิวชัน,0
50,เชียงใหม่,7,แม่อาย,แม่สาว,6,6,21,ไทยรวมพลัง,0
50,เชียงใหม่,7,แม่อาย,แม่สาว,6,6,22,ก้าวอิสระ,0
50,เชียงใหม่,7,แม่อาย,แม่สาว,6,6,23,ปวงชนไทย,0
50,เชียงใหม่,7,แม่อาย,แม่สาว,6,6,24,วิชชั่นใหม่,0
50,เชียงใหม่,7,แม่อาย,แม่สาว,6,6,25,เพื่อชีวิตใหม่,0
50,เชียงใหม่,7,แม่อาย,แม่สาว,6,6,26,คลองไทย,0
50,เชียงใหม่,7,แม่อาย,แม่สาว,6,6,27,ประชาธิปัตย์,3
50,เชียงใหม่,7,แม่อาย,แม่สาว,6,6,28,ไทยก้าวหน้า,1
50,เชียงใหม่,7,แม่อาย,แม่สาว,6,6,29,ไทยภักดี,0
50,เชียงใหม่,7,แม่อาย,แม่สาว,6,6,30,แรงงานสร้างชาติ,2
50,เชียงใหม่,7,แม่อาย,แม่สาว,6,6,31,ประชากรไทย,0
50,เชียงใหม่,7,แม่อาย,แม่สาว,6,6,32,ครูไทยเพื่อประชาชน,1
50,เชียงใหม่,7,แม่อาย,แม่สาว,6,6,33,ประชาชาติ,0
50,เชียงใหม่,7,แม่อาย,แม่สาว,6,6,34,สร้างอนาคตไทย,0
50,เชียงใหม่,7,แม่อาย,แม่สาว,6,6,35,รักชาติ,0
50,เชียงใหม่,7,แม่อาย,แม่สาว,6,6,36,ไทยพร้อม,1
50,เชียงใหม่,7,แม่อาย,แม่สาว,6,6,37,ภูมิใจไทย,17
50,เชียงใหม่,7,แม่อาย,แม่สาว,6,6,38,พลังธรรมใหม่,3
50,เชียงใหม่,7,แม่อาย,แม่สาว,6,6,39,กรีน,0
50,เชียงใหม่,7,แม่อาย,แม่สาว,6,6,40,ไทยธรรม,0
50,เชียงใหม่,7,แม่อาย,แม่สาว,6,6,41,แผ่นดินธรรม,0
50,เชียงใหม่,7,แม่อาย,แม่สาว,6,6,42,กล้าธรรม,14
50,เชียงใหม่,7,แม่อาย,แม่สาว,6,6,43,พลังประชารัฐ,6
50,เชียงใหม่,7,แม่อาย,แม่สาว,6,6,44,โอกาสใหม่,0
50,เชียงใหม่,7,แม่อาย,แม่สาว,6,6,45,เป็นธรรม,2
50,เชียงใหม่,7,แม่อาย,แม่สาว,6,6,46,ประชาชน,98
50,เชียงใหม่,7,แม่อาย,แม่สาว,6,6,47,ประชาไทย,0
50,เชียงใหม่,7,แม่อาย,แม่สาว,6,6,48,ไทยสร้างไทย,1
50,เชียงใหม่,7,แม่อาย,แม่สาว,6,6,49,ไทยก้าวใหม่,1
50,เชียงใหม่,7,แม่อาย,แม่สาว,6,6,50,ประชาอาสาชาติ,0
50,เชียงใหม่,7,แม่อาย,แม่สาว,6,6,51,พร้อม,0
50,เชียงใหม่,7,แม่อาย,แม่สาว,6,6,52,เครือข่ายชาวนาแห่งประเทศไทย,0
50,เชียงใหม่,7,แม่อาย,แม่สาว,6,6,53,ไทยพิทักษ์ธรรม,0
50,เชียงใหม่,7,แม่อาย,แม่สาว,6,6,54,ความหวังใหม่,0
50,เชียงใหม่,7,แม่อาย,แม่สาว,6,6,55,ไทยรวมไทย,0
50,เชียงใหม่,7,แม่อาย,แม่สาว,6,6,56,เพื่อบ้านเมือง,1
50,เชียงใหม่,7,แม่อาย,แม่สาว,6,6,57,พลังไทยรักชาติ,0
50,เชียงใหม่,7,แม่อาย,แม่สาว,6,7,1,ไทยทรัพย์ทวี,8
50,เชียงใหม่,7,แม่อาย,แม่สาว,6,7,2,เพื่อชาติไทย,11
50,เชียงใหม่,7,แม่อาย,แม่สาว,6,7,3,ใหม่,0
50,เชียงใหม่,7,แม่อาย,แม่สาว,6,7,4,มิติใหม่,1
50,เชียงใหม่,7,แม่อาย,แม่สาว,6,7,5,รวมใจไทย,8
50,เชียงใหม่,7,แม่อาย,แม่สาว,6,7,6,รวมไทยสร้างชาติ,9
50,เชียงใหม่,7,แม่อาย,แม่สาว,6,7,7,พลวัต,30
50,เชียงใหม่,7,แม่อาย,แม่สาว,6,7,8,ประชาธิปไตยใหม่,2
50,เชียงใหม่,7,แม่อาย,แม่สาว,6,7,9,เพื่อไทย,55
50,เชียงใหม่,7,แม่อาย,แม่สาว,6,7,10,ทางเลือกใหม่,2
50,เชียงใหม่,7,แม่อาย,แม่สาว,6,7,11,เศรษฐกิจ,7
50,เชียงใหม่,7,แม่อาย,แม่สาว,6,7,12,เสรีรวมไทย,2
50,เชียงใหม่,7,แม่อาย,แม่สาว,6,7,13,รวมพลังประชาชน,0
50,เชียงใหม่,7,แม่อาย,แม่สาว,6,7,14,ท้องที่ไทย,1
50,เชียงใหม่,7,แม่อาย,แม่สาว,6,7,15,อนาคตไทย,0
50,เชียงใหม่,7,แม่อาย,แม่สาว,6,7,16,พลังเพื่อไทย,2
50,เชียงใหม่,7,แม่อาย,แม่สาว,6,7,17,ไทยชนะ,2
50,เชียงใหม่,7,แม่อาย,แม่สาว,6,7,18,พลังสังคมใหม่,0
50,เชียงใหม่,7,แม่อาย,แม่สาว,6,7,19,สังคมประชาธิปไตย,0
50,เชียงใหม่,7,แม่อาย,แม่สาว,6,7,20,ฟิวชัน,0
50,เชียงใหม่,7,แม่อาย,แม่สาว,6,7,21,ไทยรวมพลัง,0
50,เชียงใหม่,7,แม่อาย,แม่สาว,6,7,22,ก้าวอิสระ,0
50,เชียงใหม่,7,แม่อาย,แม่สาว,6,7,23,ปวงชนไทย,1
50,เชียงใหม่,7,แม่อาย,แม่สาว,6,7,24,วิชชั่นใหม่,0
50,เชียงใหม่,7,แม่อาย,แม่สาว,6,7,25,เพื่อชีวิตใหม่,2
50,เชียงใหม่,7,แม่อาย,แม่สาว,6,7,26,คลองไทย,4
50,เชียงใหม่,7,แม่อาย,แม่สาว,6,7,27,ประชาธิปัตย์,6
50,เชียงใหม่,7,แม่อาย,แม่สาว,6,7,28,ไทยก้าวหน้า,4
50,เชียงใหม่,7,แม่อาย,แม่สาว,6,7,29,ไทยภักดี,0
50,เชียงใหม่,7,แม่อาย,แม่สาว,6,7,30,แรงงานสร้างชาติ,2
50,เชียงใหม่,7,แม่อาย,แม่สาว,6,7,31,ประชากรไทย,1
50,เชียงใหม่,7,แม่อาย,แม่สาว,6,7,32,ครูไทยเพื่อประชาชน,1
50,เชียงใหม่,7,แม่อาย,แม่สาว,6,7,33,ประชาชาติ,0
50,เชียงใหม่,7,แม่อาย,แม่สาว,6,7,34,สร้างอนาคตไทย,1
50,เชียงใหม่,7,แม่อาย,แม่สาว,6,7,35,รักชาติ,2
50,เชียงใหม่,7,แม่อาย,แม่สาว,6,7,36,ไทยพร้อม,4
50,เชียงใหม่,7,แม่อาย,แม่สาว,6,7,37,ภูมิใจไทย,15
50,เชียงใหม่,7,แม่อาย,แม่สาว,6,7,38,พลังธรรมใหม่,1
50,เชียงใหม่,7,แม่อาย,แม่สาว,6,7,39,กรีน,0
50,เชียงใหม่,7,แม่อาย,แม่สาว,6,7,40,ไทยธรรม,0
50,เชียงใหม่,7,แม่อาย,แม่สาว,6,7,41,แผ่นดินธรรม,0
50,เชียงใหม่,7,แม่อาย,แม่สาว,6,7,42,กล้าธรรม,12
50,เชียงใหม่,7,แม่อาย,แม่สาว,6,7,43,พลังประชารัฐ,5
50,เชียงใหม่,7,แม่อาย,แม่สาว,6,7,44,โอกาสใหม่,0
50,เชียงใหม่,7,แม่อาย,แม่สาว,6,7,45,เป็นธรรม,0
50,เชียงใหม่,7,แม่อาย,แม่สาว,6,7,46,ประชาชน,116
50,เชียงใหม่,7,แม่อาย,แม่สาว,6,7,47,ประชาไทย,2
50,เชียงใหม่,7,แม่อาย,แม่สาว,6,7,48,ไทยสร้างไทย,1
50,เชียงใหม่,7,แม่อาย,แม่สาว,6,7,49,ไทยก้าวใหม่,0
50,เชียงใหม่,7,แม่อาย,แม่สาว,6,7,50,ประชาอาสาชาติ,0
50,เชียงใหม่,7,แม่อาย,แม่สาว,6,7,51,พร้อม,1
50,เชียงใหม่,7,แม่อาย,แม่สาว,6,7,52,เครือข่ายชาวนาแห่งประเทศไทย,0
50,เชียงใหม่,7,แม่อาย,แม่สาว,6,7,53,ไทยพิทักษ์ธรรม,0
50,เชียงใหม่,7,แม่อาย,แม่สาว,6,7,54,ความหวังใหม่,0
50,เชียงใหม่,7,แม่อาย,แม่สาว,6,7,55,ไทยรวมไทย,0
50,เชียงใหม่,7,แม่อาย,แม่สาว,6,7,56,เพื่อบ้านเมือง,1
50,เชียงใหม่,7,แม่อาย,แม่สาว,6,7,57,พลังไทยรักชาติ,1
50,เชียงใหม่,7,แม่อาย,แม่สาว,7,8,1,ไทยทรัพย์ทวี,2
50,เชียงใหม่,7,แม่อาย,แม่สาว,7,8,2,เพื่อชาติไทย,0
50,เชียงใหม่,7,แม่อาย,แม่สาว,7,8,3,ใหม่,0
50,เชียงใหม่,7,แม่อาย,แม่สาว,7,8,4,มิติใหม่,0
50,เชียงใหม่,7,แม่อาย,แม่สาว,7,8,5,รวมใจไทย,3
50,เชียงใหม่,7,แม่อาย,แม่สาว,7,8,6,รวมไทยสร้างชาติ,3
50,เชียงใหม่,7,แม่อาย,แม่สาว,7,8,7,พลวัต,0
50,เชียงใหม่,7,แม่อาย,แม่สาว,7,8,8,ประชาธิปไตยใหม่,1
50,เชียงใหม่,7,แม่อาย,แม่สาว,7,8,9,เพื่อไทย,64
50,เชียงใหม่,7,แม่อาย,แม่สาว,7,8,10,ทางเลือกใหม่,0
50,เชียงใหม่,7,แม่อาย,แม่สาว,7,8,11,เศรษฐกิจ,8
50,เชียงใหม่,7,แม่อาย,แม่สาว,7,8,12,เสรีรวมไทย,1
50,เชียงใหม่,7,แม่อาย,แม่สาว,7,8,13,รวมพลังประชาชน,0
50,เชียงใหม่,7,แม่อาย,แม่สาว,7,8,14,ท้องที่ไทย,0
50,เชียงใหม่,7,แม่อาย,แม่สาว,7,8,15,อนาคตไทย,0
50,เชียงใหม่,7,แม่อาย,แม่สาว,7,8,16,พลังเพื่อไทย,0
50,เชียงใหม่,7,แม่อาย,แม่สาว,7,8,17,ไทยชนะ,1
50,เชียงใหม่,7,แม่อาย,แม่สาว,7,8,18,พลังสังคมใหม่,1
50,เชียงใหม่,7,แม่อาย,แม่สาว,7,8,19,สังคมประชาธิปไตย,0
50,เชียงใหม่,7,แม่อาย,แม่สาว,7,8,20,ฟิวชัน,0
50,เชียงใหม่,7,แม่อาย,แม่สาว,7,8,21,ไทยรวมพลัง,0
50,เชียงใหม่,7,แม่อาย,แม่สาว,7,8,22,ก้าวอิสระ,2
50,เชียงใหม่,7,แม่อาย,แม่สาว,7,8,23,ปวงชนไทย,0
50,เชียงใหม่,7,แม่อาย,แม่สาว,7,8,24,วิชชั่นใหม่,0
50,เชียงใหม่,7,แม่อาย,แม่สาว,7,8,25,เพื่อชีวิตใหม่,0
50,เชียงใหม่,7,แม่อาย,แม่สาว,7,8,26,คลองไทย,0
50,เชียงใหม่,7,แม่อาย,แม่สาว,7,8,27,ประชาธิปัตย์,4
50,เชียงใหม่,7,แม่อาย,แม่สาว,7,8,28,ไทยก้าวหน้า,0
50,เชียงใหม่,7,แม่อาย,แม่สาว,7,8,29,ไทยภักดี,0
50,เชียงใหม่,7,แม่อาย,แม่สาว,7,8,30,แรงงานสร้างชาติ,0
50,เชียงใหม่,7,แม่อาย,แม่สาว,7,8,31,ประชากรไทย,0
50,เชียงใหม่,7,แม่อาย,แม่สาว,7,8,32,ครูไทยเพื่อประชาชน,0
50,เชียงใหม่,7,แม่อาย,แม่สาว,7,8,33,ประชาชาติ,0
50,เชียงใหม่,7,แม่อาย,แม่สาว,7,8,34,สร้างอนาคตไทย,0
50,เชียงใหม่,7,แม่อาย,แม่สาว,7,8,35,รักชาติ,0
50,เชียงใหม่,7,แม่อาย,แม่สาว,7,8,36,ไทยพร้อม,1
50,เชียงใหม่,7,แม่อาย,แม่สาว,7,8,37,ภูมิใจไทย,14
50,เชียงใหม่,7,แม่อาย,แม่สาว,7,8,38,พลังธรรมใหม่,0
50,เชียงใหม่,7,แม่อาย,แม่สาว,7,8,39,กรีน,0
50,เชียงใหม่,7,แม่อาย,แม่สาว,7,8,40,ไทยธรรม,0
50,เชียงใหม่,7,แม่อาย,แม่สาว,7,8,41,แผ่นดินธรรม,0
50,เชียงใหม่,7,แม่อาย,แม่สาว,7,8,42,กล้าธรรม,14
50,เชียงใหม่,7,แม่อาย,แม่สาว,7,8,43,พลังประชารัฐ,1
50,เชียงใหม่,7,แม่อาย,แม่สาว,7,8,44,โอกาสใหม่,0
50,เชียงใหม่,7,แม่อาย,แม่สาว,7,8,45,เป็นธรรม,0
50,เชียงใหม่,7,แม่อาย,แม่สาว,7,8,46,ประชาชน,78
50,เชียงใหม่,7,แม่อาย,แม่สาว,7,8,47,ประชาไทย,0
50,เชียงใหม่,7,แม่อาย,แม่สาว,7,8,48,ไทยสร้างไทย,0
50,เชียงใหม่,7,แม่อาย,แม่สาว,7,8,49,ไทยก้าวใหม่,0
50,เชียงใหม่,7,แม่อาย,แม่สาว,7,8,50,ประชาอาสาชาติ,0
50,เชียงใหม่,7,แม่อาย,แม่สาว,7,8,51,พร้อม,0
50,เชียงใหม่,7,แม่อาย,แม่สาว,7,8,52,เครือข่ายชาวนาแห่งประเทศไทย,0
50,เชียงใหม่,7,แม่อาย,แม่สาว,7,8,53,ไทยพิทักษ์ธรรม,0
50,เชียงใหม่,7,แม่อาย,แม่สาว,7,8,54,ความหวังใหม่,1
50,เชียงใหม่,7,แม่อาย,แม่สาว,7,8,55,ไทยรวมไทย,0
50,เชียงใหม่,7,แม่อาย,แม่สาว,7,8,56,เพื่อบ้านเมือง,0
50,เชียงใหม่,7,แม่อาย,แม่สาว,7,8,57,พลังไทยรักชาติ,0
50,เชียงใหม่,7,แม่อาย,แม่สาว,8,9,1,ไทยทรัพย์ทวี,3
50,เชียงใหม่,7,แม่อาย,แม่สาว,8,9,2,เพื่อชาติไทย,6
50,เชียงใหม่,7,แม่อาย,แม่สาว,8,9,3,ใหม่,3
50,เชียงใหม่,7,แม่อาย,แม่สาว,8,9,4,มิติใหม่,1
50,เชียงใหม่,7,แม่อาย,แม่สาว,8,9,5,รวมใจไทย,7
50,เชียงใหม่,7,แม่อาย,แม่สาว,8,9,6,รวมไทยสร้างชาติ,6
50,เชียงใหม่,7,แม่อาย,แม่สาว,8,9,7,พลวัต,3
50,เชียงใหม่,7,แม่อาย,แม่สาว,8,9,8,ประชาธิปไตยใหม่,1
50,เชียงใหม่,7,แม่อาย,แม่สาว,8,9,9,เพื่อไทย,115
50,เชียงใหม่,7,แม่อาย,แม่สาว,8,9,10,ทางเลือกใหม่,1
50,เชียงใหม่,7,แม่อาย,แม่สาว,8,9,11,เศรษฐกิจ,10
50,เชียงใหม่,7,แม่อาย,แม่สาว,8,9,12,เสรีรวมไทย,1
50,เชียงใหม่,7,แม่อาย,แม่สาว,8,9,13,รวมพลังประชาชน,3
50,เชียงใหม่,7,แม่อาย,แม่สาว,8,9,14,ท้องที่ไทย,0
50,เชียงใหม่,7,แม่อาย,แม่สาว,8,9,15,อนาคตไทย,0
50,เชียงใหม่,7,แม่อาย,แม่สาว,8,9,16,พลังเพื่อไทย,0
50,เชียงใหม่,7,แม่อาย,แม่สาว,8,9,17,ไทยชนะ,1
50,เชียงใหม่,7,แม่อาย,แม่สาว,8,9,18,พลังสังคมใหม่,0
50,เชียงใหม่,7,แม่อาย,แม่สาว,8,9,19,สังคมประชาธิปไตย,1
50,เชียงใหม่,7,แม่อาย,แม่สาว,8,9,20,ฟิวชัน,0
50,เชียงใหม่,7,แม่อาย,แม่สาว,8,9,21,ไทยรวมพลัง,0
50,เชียงใหม่,7,แม่อาย,แม่สาว,8,9,22,ก้าวอิสระ,2
50,เชียงใหม่,7,แม่อาย,แม่สาว,8,9,23,ปวงชนไทย,0
50,เชียงใหม่,7,แม่อาย,แม่สาว,8,9,24,วิชชั่นใหม่,1
50,เชียงใหม่,7,แม่อาย,แม่สาว,8,9,25,เพื่อชีวิตใหม่,0
50,เชียงใหม่,7,แม่อาย,แม่สาว,8,9,26,คลองไทย,0
50,เชียงใหม่,7,แม่อาย,แม่สาว,8,9,27,ประชาธิปัตย์,2
50,เชียงใหม่,7,แม่อาย,แม่สาว,8,9,28,ไทยก้าวหน้า,0
50,เชียงใหม่,7,แม่อาย,แม่สาว,8,9,29,ไทยภักดี,0
50,เชียงใหม่,7,แม่อาย,แม่สาว,8,9,30,แรงงานสร้างชาติ,0
50,เชียงใหม่,7,แม่อาย,แม่สาว,8,9,31,ประชากรไทย,1
50,เชียงใหม่,7,แม่อาย,แม่สาว,8,9,32,ครูไทยเพื่อประชาชน,1
50,เชียงใหม่,7,แม่อาย,แม่สาว,8,9,33,ประชาชาติ,1
50,เชียงใหม่,7,แม่อาย,แม่สาว,8,9,34,สร้างอนาคตไทย,2
50,เชียงใหม่,7,แม่อาย,แม่สาว,8,9,35,รักชาติ,0
50,เชียงใหม่,7,แม่อาย,แม่สาว,8,9,36,ไทยพร้อม,2
50,เชียงใหม่,7,แม่อาย,แม่สาว,8,9,37,ภูมิใจไทย,18
50,เชียงใหม่,7,แม่อาย,แม่สาว,8,9,38,พลังธรรมใหม่,1
50,เชียงใหม่,7,แม่อาย,แม่สาว,8,9,39,กรีน,0
50,เชียงใหม่,7,แม่อาย,แม่สาว,8,9,40,ไทยธรรม,0
50,เชียงใหม่,7,แม่อาย,แม่สาว,8,9,41,แผ่นดินธรรม,0
50,เชียงใหม่,7,แม่อาย,แม่สาว,8,9,42,กล้าธรรม,22
50,เชียงใหม่,7,แม่อาย,แม่สาว,8,9,43,พลังประชารัฐ,4
50,เชียงใหม่,7,แม่อาย,แม่สาว,8,9,44,โอกาสใหม่,0
50,เชียงใหม่,7,แม่อาย,แม่สาว,8,9,45,เป็นธรรม,1
50,เชียงใหม่,7,แม่อาย,แม่สาว,8,9,46,ประชาชน,77
50,เชียงใหม่,7,แม่อาย,แม่สาว,8,9,47,ประชาไทย,1
50,เชียงใหม่,7,แม่อาย,แม่สาว,8,9,48,ไทยสร้างไทย,0
50,เชียงใหม่,7,แม่อาย,แม่สาว,8,9,49,ไทยก้าวใหม่,0
50,เชียงใหม่,7,แม่อาย,แม่สาว,8,9,50,ประชาอาสาชาติ,0
50,เชียงใหม่,7,แม่อาย,แม่สาว,8,9,51,พร้อม,0
50,เชียงใหม่,7,แม่อาย,แม่สาว,8,9,52,เครือข่ายชาวนาแห่งประเทศไทย,0
50,เชียงใหม่,7,แม่อาย,แม่สาว,8,9,53,ไทยพิทักษ์ธรรม,0
50,เชียงใหม่,7,แม่อาย,แม่สาว,8,9,54,ความหวังใหม่,0
50,เชียงใหม่,7,แม่อาย,แม่สาว,8,9,55,ไทยรวมไทย,0
50,เชียงใหม่,7,แม่อาย,แม่สาว,8,9,56,เพื่อบ้านเมือง,0
50,เชียงใหม่,7,แม่อาย,แม่สาว,8,9,57,พลังไทยรักชาติ,0
50,เชียงใหม่,7,แม่อาย,แม่สาว,9,10,1,ไทยทรัพย์ทวี,0
50,เชียงใหม่,7,แม่อาย,แม่สาว,9,10,2,เพื่อชาติไทย,3
50,เชียงใหม่,7,แม่อาย,แม่สาว,9,10,3,ใหม่,1
50,เชียงใหม่,7,แม่อาย,แม่สาว,9,10,4,มิติใหม่,1
50,เชียงใหม่,7,แม่อาย,แม่สาว,9,10,5,รวมใจไทย,6
50,เชียงใหม่,7,แม่อาย,แม่สาว,9,10,6,รวมไทยสร้างชาติ,1
50,เชียงใหม่,7,แม่อาย,แม่สาว,9,10,7,พลวัต,1
50,เชียงใหม่,7,แม่อาย,แม่สาว,9,10,8,ประชาธิปไตยใหม่,1
50,เชียงใหม่,7,แม่อาย,แม่สาว,9,10,9,เพื่อไทย,30
50,เชียงใหม่,7,แม่อาย,แม่สาว,9,10,10,ทางเลือกใหม่,0
50,เชียงใหม่,7,แม่อาย,แม่สาว,9,10,11,เศรษฐกิจ,9
50,เชียงใหม่,7,แม่อาย,แม่สาว,9,10,12,เสรีรวมไทย,1
50,เชียงใหม่,7,แม่อาย,แม่สาว,9,10,13,รวมพลังประชาชน,0
50,เชียงใหม่,7,แม่อาย,แม่สาว,9,10,14,ท้องที่ไทย,0
50,เชียงใหม่,7,แม่อาย,แม่สาว,9,10,15,อนาคตไทย,0
50,เชียงใหม่,7,แม่อาย,แม่สาว,9,10,16,พลังเพื่อไทย,1
50,เชียงใหม่,7,แม่อาย,แม่สาว,9,10,17,ไทยชนะ,0
50,เชียงใหม่,7,แม่อาย,แม่สาว,9,10,18,พลังสังคมใหม่,0
50,เชียงใหม่,7,แม่อาย,แม่สาว,9,10,19,สังคมประชาธิปไตย,0
50,เชียงใหม่,7,แม่อาย,แม่สาว,9,10,20,ฟิวชัน,0
50,เชียงใหม่,7,แม่อาย,แม่สาว,9,10,21,ไทยรวมพลัง,0
50,เชียงใหม่,7,แม่อาย,แม่สาว,9,10,22,ก้าวอิสระ,0
50,เชียงใหม่,7,แม่อาย,แม่สาว,9,10,23,ปวงชนไทย,0
50,เชียงใหม่,7,แม่อาย,แม่สาว,9,10,24,วิชชั่นใหม่,0
50,เชียงใหม่,7,แม่อาย,แม่สาว,9,10,25,เพื่อชีวิตใหม่,1
50,เชียงใหม่,7,แม่อาย,แม่สาว,9,10,26,คลองไทย,0
50,เชียงใหม่,7,แม่อาย,แม่สาว,9,10,27,ประชาธิปัตย์,1
50,เชียงใหม่,7,แม่อาย,แม่สาว,9,10,28,ไทยก้าวหน้า,1
50,เชียงใหม่,7,แม่อาย,แม่สาว,9,10,29,ไทยภักดี,0
50,เชียงใหม่,7,แม่อาย,แม่สาว,9,10,30,แรงงานสร้างชาติ,0
50,เชียงใหม่,7,แม่อาย,แม่สาว,9,10,31,ประชากรไทย,0
50,เชียงใหม่,7,แม่อาย,แม่สาว,9,10,32,ครูไทยเพื่อประชาชน,0
50,เชียงใหม่,7,แม่อาย,แม่สาว,9,10,33,ประชาชาติ,0
50,เชียงใหม่,7,แม่อาย,แม่สาว,9,10,34,สร้างอนาคตไทย,1
50,เชียงใหม่,7,แม่อาย,แม่สาว,9,10,35,รักชาติ,0
50,เชียงใหม่,7,แม่อาย,แม่สาว,9,10,36,ไทยพร้อม,0
50,เชียงใหม่,7,แม่อาย,แม่สาว,9,10,37,ภูมิใจไทย,9
50,เชียงใหม่,7,แม่อาย,แม่สาว,9,10,38,พลังธรรมใหม่,2
50,เชียงใหม่,7,แม่อาย,แม่สาว,9,10,39,กรีน,0
50,เชียงใหม่,7,แม่อาย,แม่สาว,9,10,40,ไทยธรรม,0
50,เชียงใหม่,7,แม่อาย,แม่สาว,9,10,41,แผ่นดินธรรม,0
50,เชียงใหม่,7,แม่อาย,แม่สาว,9,10,42,กล้าธรรม,7
50,เชียงใหม่,7,แม่อาย,แม่สาว,9,10,43,พลังประชารัฐ,3
50,เชียงใหม่,7,แม่อาย,แม่สาว,9,10,44,โอกาสใหม่,0
50,เชียงใหม่,7,แม่อาย,แม่สาว,9,10,45,เป็นธรรม,0
50,เชียงใหม่,7,แม่อาย,แม่สาว,9,10,46,ประชาชน,39
50,เชียงใหม่,7,แม่อาย,แม่สาว,9,10,47,ประชาไทย,0
50,เชียงใหม่,7,แม่อาย,แม่สาว,9,10,48,ไทยสร้างไทย,0
50,เชียงใหม่,7,แม่อาย,แม่สาว,9,10,49,ไทยก้าวใหม่,1
50,เชียงใหม่,7,แม่อาย,แม่สาว,9,10,50,ประชาอาสาชาติ,0
50,เชียงใหม่,7,แม่อาย,แม่สาว,9,10,51,พร้อม,0
50,เชียงใหม่,7,แม่อาย,แม่สาว,9,10,52,เครือข่ายชาวนาแห่งประเทศไทย,0
50,เชียงใหม่,7,แม่อาย,แม่สาว,9,10,53,ไทยพิทักษ์ธรรม,0
50,เชียงใหม่,7,แม่อาย,แม่สาว,9,10,54,ความหวังใหม่,0
50,เชียงใหม่,7,แม่อาย,แม่สาว,9,10,55,ไทยรวมไทย,0
50,เชียงใหม่,7,แม่อาย,แม่สาว,9,10,56,เพื่อบ้านเมือง,0
50,เชียงใหม่,7,แม่อาย,แม่สาว,9,10,57,พลังไทยรักชาติ,0
50,เชียงใหม่,7,แม่อาย,แม่สาว,10,11,1,ไทยทรัพย์ทวี,5
50,เชียงใหม่,7,แม่อาย,แม่สาว,10,11,2,เพื่อชาติไทย,8
50,เชียงใหม่,7,แม่อาย,แม่สาว,10,11,3,ใหม่,1
50,เชียงใหม่,7,แม่อาย,แม่สาว,10,11,4,มิติใหม่,0
50,เชียงใหม่,7,แม่อาย,แม่สาว,10,11,5,รวมใจไทย,15
50,เชียงใหม่,7,แม่อาย,แม่สาว,10,11,6,รวมไทยสร้างชาติ,10
50,เชียงใหม่,7,แม่อาย,แม่สาว,10,11,7,พลวัต,5
50,เชียงใหม่,7,แม่อาย,แม่สาว,10,11,8,ประชาธิปไตยใหม่,0
50,เชียงใหม่,7,แม่อาย,แม่สาว,10,11,9,เพื่อไทย,104
50,เชียงใหม่,7,แม่อาย,แม่สาว,10,11,10,ทางเลือกใหม่,1
50,เชียงใหม่,7,แม่อาย,แม่สาว,10,11,11,เศรษฐกิจ,11
50,เชียงใหม่,7,แม่อาย,แม่สาว,10,11,12,เสรีรวมไทย,4
50,เชียงใหม่,7,แม่อาย,แม่สาว,10,11,13,รวมพลังประชาชน,6
50,เชียงใหม่,7,แม่อาย,แม่สาว,10,11,14,ท้องที่ไทย,1
50,เชียงใหม่,7,แม่อาย,แม่สาว,10,11,15,อนาคตไทย,0
50,เชียงใหม่,7,แม่อาย,แม่สาว,10,11,16,พลังเพื่อไทย,3
50,เชียงใหม่,7,แม่อาย,แม่สาว,10,11,17,ไทยชนะ,2
50,เชียงใหม่,7,แม่อาย,แม่สาว,10,11,18,พลังสังคมใหม่,0
50,เชียงใหม่,7,แม่อาย,แม่สาว,10,11,19,สังคมประชาธิปไตย,0
50,เชียงใหม่,7,แม่อาย,แม่สาว,10,11,20,ฟิวชัน,0
50,เชียงใหม่,7,แม่อาย,แม่สาว,10,11,21,ไทยรวมพลัง,0
50,เชียงใหม่,7,แม่อาย,แม่สาว,10,11,22,ก้าวอิสระ,0
50,เชียงใหม่,7,แม่อาย,แม่สาว,10,11,23,ปวงชนไทย,1
50,เชียงใหม่,7,แม่อาย,แม่สาว,10,11,24,วิชชั่นใหม่,0
50,เชียงใหม่,7,แม่อาย,แม่สาว,10,11,25,เพื่อชีวิตใหม่,0
50,เชียงใหม่,7,แม่อาย,แม่สาว,10,11,26,คลองไทย,0
50,เชียงใหม่,7,แม่อาย,แม่สาว,10,11,27,ประชาธิปัตย์,11
50,เชียงใหม่,7,แม่อาย,แม่สาว,10,11,28,ไทยก้าวหน้า,1
50,เชียงใหม่,7,แม่อาย,แม่สาว,10,11,29,ไทยภักดี,1
50,เชียงใหม่,7,แม่อาย,แม่สาว,10,11,30,แรงงานสร้างชาติ,0
50,เชียงใหม่,7,แม่อาย,แม่สาว,10,11,31,ประชากรไทย,1
50,เชียงใหม่,7,แม่อาย,แม่สาว,10,11,32,ครูไทยเพื่อประชาชน,0
50,เชียงใหม่,7,แม่อาย,แม่สาว,10,11,33,ประชาชาติ,1
50,เชียงใหม่,7,แม่อาย,แม่สาว,10,11,34,สร้างอนาคตไทย,0
50,เชียงใหม่,7,แม่อาย,แม่สาว,10,11,35,รักชาติ,1
50,เชียงใหม่,7,แม่อาย,แม่สาว,10,11,36,ไทยพร้อม,1
50,เชียงใหม่,7,แม่อาย,แม่สาว,10,11,37,ภูมิใจไทย,17
50,เชียงใหม่,7,แม่อาย,แม่สาว,10,11,38,พลังธรรมใหม่,1
50,เชียงใหม่,7,แม่อาย,แม่สาว,10,11,39,กรีน,0
50,เชียงใหม่,7,แม่อาย,แม่สาว,10,11,40,ไทยธรรม,0
50,เชียงใหม่,7,แม่อาย,แม่สาว,10,11,41,แผ่นดินธรรม,1
50,เชียงใหม่,7,แม่อาย,แม่สาว,10,11,42,กล้าธรรม,21
50,เชียงใหม่,7,แม่อาย,แม่สาว,10,11,43,พลังประชารัฐ,8
50,เชียงใหม่,7,แม่อาย,แม่สาว,10,11,44,โอกาสใหม่,0
50,เชียงใหม่,7,แม่อาย,แม่สาว,10,11,45,เป็นธรรม,1
50,เชียงใหม่,7,แม่อาย,แม่สาว,10,11,46,ประชาชน,198
50,เชียงใหม่,7,แม่อาย,แม่สาว,10,11,47,ประชาไทย,1
50,เชียงใหม่,7,แม่อาย,แม่สาว,10,11,48,ไทยสร้างไทย,2
50,เชียงใหม่,7,แม่อาย,แม่สาว,10,11,49,ไทยก้าวใหม่,0
50,เชียงใหม่,7,แม่อาย,แม่สาว,10,11,50,ประชาอาสาชาติ,0
50,เชียงใหม่,7,แม่อาย,แม่สาว,10,11,51,พร้อม,0
50,เชียงใหม่,7,แม่อาย,แม่สาว,10,11,52,เครือข่ายชาวนาแห่งประเทศไทย,0
50,เชียงใหม่,7,แม่อาย,แม่สาว,10,11,53,ไทยพิทักษ์ธรรม,0
50,เชียงใหม่,7,แม่อาย,แม่สาว,10,11,54,ความหวังใหม่,0
50,เชียงใหม่,7,แม่อาย,แม่สาว,10,11,55,ไทยรวมไทย,0
50,เชียงใหม่,7,แม่อาย,แม่สาว,10,11,56,เพื่อบ้านเมือง,0
50,เชียงใหม่,7,แม่อาย,แม่สาว,10,11,57,พลังไทยรักชาติ,0
50,เชียงใหม่,7,แม่อาย,แม่สาว,11,12,1,ไทยทรัพย์ทวี,4
50,เชียงใหม่,7,แม่อาย,แม่สาว,11,12,2,เพื่อชาติไทย,3
50,เชียงใหม่,7,แม่อาย,แม่สาว,11,12,3,ใหม่,1
50,เชียงใหม่,7,แม่อาย,แม่สาว,11,12,4,มิติใหม่,0
50,เชียงใหม่,7,แม่อาย,แม่สาว,11,12,5,รวมใจไทย,3
50,เชียงใหม่,7,แม่อาย,แม่สาว,11,12,6,รวมไทยสร้างชาติ,12
50,เชียงใหม่,7,แม่อาย,แม่สาว,11,12,7,พลวัต,7
50,เชียงใหม่,7,แม่อาย,แม่สาว,11,12,8,ประชาธิปไตยใหม่,0
50,เชียงใหม่,7,แม่อาย,แม่สาว,11,12,9,เพื่อไทย,156
50,เชียงใหม่,7,แม่อาย,แม่สาว,11,12,10,ทางเลือกใหม่,2
50,เชียงใหม่,7,แม่อาย,แม่สาว,11,12,11,เศรษฐกิจ,7
50,เชียงใหม่,7,แม่อาย,แม่สาว,11,12,12,เสรีรวมไทย,1
50,เชียงใหม่,7,แม่อาย,แม่สาว,11,12,13,รวมพลังประชาชน,3
50,เชียงใหม่,7,แม่อาย,แม่สาว,11,12,14,ท้องที่ไทย,0
50,เชียงใหม่,7,แม่อาย,แม่สาว,11,12,15,อนาคตไทย,0
50,เชียงใหม่,7,แม่อาย,แม่สาว,11,12,16,พลังเพื่อไทย,0
50,เชียงใหม่,7,แม่อาย,แม่สาว,11,12,17,ไทยชนะ,0
50,เชียงใหม่,7,แม่อาย,แม่สาว,11,12,18,พลังสังคมใหม่,0
50,เชียงใหม่,7,แม่อาย,แม่สาว,11,12,19,สังคมประชาธิปไตย,1
50,เชียงใหม่,7,แม่อาย,แม่สาว,11,12,20,ฟิวชัน,1
50,เชียงใหม่,7,แม่อาย,แม่สาว,11,12,21,ไทยรวมพลัง,0
50,เชียงใหม่,7,แม่อาย,แม่สาว,11,12,22,ก้าวอิสระ,0
50,เชียงใหม่,7,แม่อาย,แม่สาว,11,12,23,ปวงชนไทย,0
50,เชียงใหม่,7,แม่อาย,แม่สาว,11,12,24,วิชชั่นใหม่,0
50,เชียงใหม่,7,แม่อาย,แม่สาว,11,12,25,เพื่อชีวิตใหม่,0
50,เชียงใหม่,7,แม่อาย,แม่สาว,11,12,26,คลองไทย,0
50,เชียงใหม่,7,แม่อาย,แม่สาว,11,12,27,ประชาธิปัตย์,5
50,เชียงใหม่,7,แม่อาย,แม่สาว,11,12,28,ไทยก้าวหน้า,0
50,เชียงใหม่,7,แม่อาย,แม่สาว,11,12,29,ไทยภักดี,0
50,เชียงใหม่,7,แม่อาย,แม่สาว,11,12,30,แรงงานสร้างชาติ,1
50,เชียงใหม่,7,แม่อาย,แม่สาว,11,12,31,ประชากรไทย,1
50,เชียงใหม่,7,แม่อาย,แม่สาว,11,12,32,ครูไทยเพื่อประชาชน,1
50,เชียงใหม่,7,แม่อาย,แม่สาว,11,12,33,ประชาชาติ,0
50,เชียงใหม่,7,แม่อาย,แม่สาว,11,12,34,สร้างอนาคตไทย,0
50,เชียงใหม่,7,แม่อาย,แม่สาว,11,12,35,รักชาติ,0
50,เชียงใหม่,7,แม่อาย,แม่สาว,11,12,36,ไทยพร้อม,1
50,เชียงใหม่,7,แม่อาย,แม่สาว,11,12,37,ภูมิใจไทย,15
50,เชียงใหม่,7,แม่อาย,แม่สาว,11,12,38,พลังธรรมใหม่,3
50,เชียงใหม่,7,แม่อาย,แม่สาว,11,12,39,กรีน,1
50,เชียงใหม่,7,แม่อาย,แม่สาว,11,12,40,ไทยธรรม,0
50,เชียงใหม่,7,แม่อาย,แม่สาว,11,12,41,แผ่นดินธรรม,0
50,เชียงใหม่,7,แม่อาย,แม่สาว,11,12,42,กล้าธรรม,8
50,เชียงใหม่,7,แม่อาย,แม่สาว,11,12,43,พลังประชารัฐ,2
50,เชียงใหม่,7,แม่อาย,แม่สาว,11,12,44,โอกาสใหม่,0
50,เชียงใหม่,7,แม่อาย,แม่สาว,11,12,45,เป็นธรรม,0
50,เชียงใหม่,7,แม่อาย,แม่สาว,11,12,46,ประชาชน,138
50,เชียงใหม่,7,แม่อาย,แม่สาว,11,12,47,ประชาไทย,0
50,เชียงใหม่,7,แม่อาย,แม่สาว,11,12,48,ไทยสร้างไทย,1
50,เชียงใหม่,7,แม่อาย,แม่สาว,11,12,49,ไทยก้าวใหม่,0
50,เชียงใหม่,7,แม่อาย,แม่สาว,11,12,50,ประชาอาสาชาติ,0
50,เชียงใหม่,7,แม่อาย,แม่สาว,11,12,51,พร้อม,0
50,เชียงใหม่,7,แม่อาย,แม่สาว,11,12,52,เครือข่ายชาวนาแห่งประเทศไทย,0
50,เชียงใหม่,7,แม่อาย,แม่สาว,11,12,53,ไทยพิทักษ์ธรรม,0
50,เชียงใหม่,7,แม่อาย,แม่สาว,11,12,54,ความหวังใหม่,0
50,เชียงใหม่,7,แม่อาย,แม่สาว,11,12,55,ไทยรวมไทย,0
50,เชียงใหม่,7,แม่อาย,แม่สาว,11,12,56,เพื่อบ้านเมือง,0
50,เชียงใหม่,7,แม่อาย,แม่สาว,11,12,57,พลังไทยรักชาติ,0
50,เชียงใหม่,7,แม่อาย,แม่สาว,12,13,1,ไทยทรัพย์ทวี,0
50,เชียงใหม่,7,แม่อาย,แม่สาว,12,13,2,เพื่อชาติไทย,1
50,เชียงใหม่,7,แม่อาย,แม่สาว,12,13,3,ใหม่,0
50,เชียงใหม่,7,แม่อาย,แม่สาว,12,13,4,มิติใหม่,0
50,เชียงใหม่,7,แม่อาย,แม่สาว,12,13,5,รวมใจไทย,3
50,เชียงใหม่,7,แม่อาย,แม่สาว,12,13,6,รวมไทยสร้างชาติ,6
50,เชียงใหม่,7,แม่อาย,แม่สาว,12,13,7,พลวัต,0
50,เชียงใหม่,7,แม่อาย,แม่สาว,12,13,8,ประชาธิปไตยใหม่,0
50,เชียงใหม่,7,แม่อาย,แม่สาว,12,13,9,เพื่อไทย,50
50,เชียงใหม่,7,แม่อาย,แม่สาว,12,13,10,ทางเลือกใหม่,2
50,เชียงใหม่,7,แม่อาย,แม่สาว,12,13,11,เศรษฐกิจ,5
50,เชียงใหม่,7,แม่อาย,แม่สาว,12,13,12,เสรีรวมไทย,4
50,เชียงใหม่,7,แม่อาย,แม่สาว,12,13,13,รวมพลังประชาชน,1
50,เชียงใหม่,7,แม่อาย,แม่สาว,12,13,14,ท้องที่ไทย,2
50,เชียงใหม่,7,แม่อาย,แม่สาว,12,13,15,อนาคตไทย,0
50,เชียงใหม่,7,แม่อาย,แม่สาว,12,13,16,พลังเพื่อไทย,0
50,เชียงใหม่,7,แม่อาย,แม่สาว,12,13,17,ไทยชนะ,0
50,เชียงใหม่,7,แม่อาย,แม่สาว,12,13,18,พลังสังคมใหม่,1
50,เชียงใหม่,7,แม่อาย,แม่สาว,12,13,19,สังคมประชาธิปไตย,0
50,เชียงใหม่,7,แม่อาย,แม่สาว,12,13,20,ฟิวชัน,0
50,เชียงใหม่,7,แม่อาย,แม่สาว,12,13,21,ไทยรวมพลัง,0
50,เชียงใหม่,7,แม่อาย,แม่สาว,12,13,22,ก้าวอิสระ,0
50,เชียงใหม่,7,แม่อาย,แม่สาว,12,13,23,ปวงชนไทย,0
50,เชียงใหม่,7,แม่อาย,แม่สาว,12,13,24,วิชชั่นใหม่,0
50,เชียงใหม่,7,แม่อาย,แม่สาว,12,13,25,เพื่อชีวิตใหม่,0
50,เชียงใหม่,7,แม่อาย,แม่สาว,12,13,26,คลองไทย,0
50,เชียงใหม่,7,แม่อาย,แม่สาว,12,13,27,ประชาธิปัตย์,2
50,เชียงใหม่,7,แม่อาย,แม่สาว,12,13,28,ไทยก้าวหน้า,0
50,เชียงใหม่,7,แม่อาย,แม่สาว,12,13,29,ไทยภักดี,3
50,เชียงใหม่,7,แม่อาย,แม่สาว,12,13,30,แรงงานสร้างชาติ,0
50,เชียงใหม่,7,แม่อาย,แม่สาว,12,13,31,ประชากรไทย,1
50,เชียงใหม่,7,แม่อาย,แม่สาว,12,13,32,ครูไทยเพื่อประชาชน,0
50,เชียงใหม่,7,แม่อาย,แม่สาว,12,13,33,ประชาชาติ,0
50,เชียงใหม่,7,แม่อาย,แม่สาว,12,13,34,สร้างอนาคตไทย,0
50,เชียงใหม่,7,แม่อาย,แม่สาว,12,13,35,รักชาติ,0
50,เชียงใหม่,7,แม่อาย,แม่สาว,12,13,36,ไทยพร้อม,0
50,เชียงใหม่,7,แม่อาย,แม่สาว,12,13,37,ภูมิใจไทย,6
50,เชียงใหม่,7,แม่อาย,แม่สาว,12,13,38,พลังธรรมใหม่,0
50,เชียงใหม่,7,แม่อาย,แม่สาว,12,13,39,กรีน,0
50,เชียงใหม่,7,แม่อาย,แม่สาว,12,13,40,ไทยธรรม,0
50,เชียงใหม่,7,แม่อาย,แม่สาว,12,13,41,แผ่นดินธรรม,0
50,เชียงใหม่,7,แม่อาย,แม่สาว,12,13,42,กล้าธรรม,7
50,เชียงใหม่,7,แม่อาย,แม่สาว,12,13,43,พลังประชารัฐ,1
50,เชียงใหม่,7,แม่อาย,แม่สาว,12,13,44,โอกาสใหม่,0
50,เชียงใหม่,7,แม่อาย,แม่สาว,12,13,45,เป็นธรรม,0
50,เชียงใหม่,7,แม่อาย,แม่สาว,12,13,46,ประชาชน,42
50,เชียงใหม่,7,แม่อาย,แม่สาว,12,13,47,ประชาไทย,0
50,เชียงใหม่,7,แม่อาย,แม่สาว,12,13,48,ไทยสร้างไทย,1
50,เชียงใหม่,7,แม่อาย,แม่สาว,12,13,49,ไทยก้าวใหม่,0
50,เชียงใหม่,7,แม่อาย,แม่สาว,12,13,50,ประชาอาสาชาติ,0
50,เชียงใหม่,7,แม่อาย,แม่สาว,12,13,51,พร้อม,0
50,เชียงใหม่,7,แม่อาย,แม่สาว,12,13,52,เครือข่ายชาวนาแห่งประเทศไทย,0
50,เชียงใหม่,7,แม่อาย,แม่สาว,12,13,53,ไทยพิทักษ์ธรรม,0
50,เชียงใหม่,7,แม่อาย,แม่สาว,12,13,54,ความหวังใหม่,0
50,เชียงใหม่,7,แม่อาย,แม่สาว,12,13,55,ไทยรวมไทย,0
50,เชียงใหม่,7,แม่อาย,แม่สาว,12,13,56,เพื่อบ้านเมือง,0
50,เชียงใหม่,7,แม่อาย,แม่สาว,12,13,57,พลังไทยรักชาติ,0
50,เชียงใหม่,7,แม่อาย,แม่สาว,13,14,1,ไทยทรัพย์ทวี,1
50,เชียงใหม่,7,แม่อาย,แม่สาว,13,14,2,เพื่อชาติไทย,3
50,เชียงใหม่,7,แม่อาย,แม่สาว,13,14,3,ใหม่,0
50,เชียงใหม่,7,แม่อาย,แม่สาว,13,14,4,มิติใหม่,0
50,เชียงใหม่,7,แม่อาย,แม่สาว,13,14,5,รวมใจไทย,2
50,เชียงใหม่,7,แม่อาย,แม่สาว,13,14,6,รวมไทยสร้างชาติ,4
50,เชียงใหม่,7,แม่อาย,แม่สาว,13,14,7,พลวัต,2
50,เชียงใหม่,7,แม่อาย,แม่สาว,13,14,8,ประชาธิปไตยใหม่,1
50,เชียงใหม่,7,แม่อาย,แม่สาว,13,14,9,เพื่อไทย,71
50,เชียงใหม่,7,แม่อาย,แม่สาว,13,14,10,ทางเลือกใหม่,2
50,เชียงใหม่,7,แม่อาย,แม่สาว,13,14,11,เศรษฐกิจ,5
50,เชียงใหม่,7,แม่อาย,แม่สาว,13,14,12,เสรีรวมไทย,1
50,เชียงใหม่,7,แม่อาย,แม่สาว,13,14,13,รวมพลังประชาชน,3
50,เชียงใหม่,7,แม่อาย,แม่สาว,13,14,14,ท้องที่ไทย,0
50,เชียงใหม่,7,แม่อาย,แม่สาว,13,14,15,อนาคตไทย,0
50,เชียงใหม่,7,แม่อาย,แม่สาว,13,14,16,พลังเพื่อไทย,0
50,เชียงใหม่,7,แม่อาย,แม่สาว,13,14,17,ไทยชนะ,1
50,เชียงใหม่,7,แม่อาย,แม่สาว,13,14,18,พลังสังคมใหม่,0
50,เชียงใหม่,7,แม่อาย,แม่สาว,13,14,19,สังคมประชาธิปไตย,0
50,เชียงใหม่,7,แม่อาย,แม่สาว,13,14,20,ฟิวชัน,0
50,เชียงใหม่,7,แม่อาย,แม่สาว,13,14,21,ไทยรวมพลัง,0
50,เชียงใหม่,7,แม่อาย,แม่สาว,13,14,22,ก้าวอิสระ,1
50,เชียงใหม่,7,แม่อาย,แม่สาว,13,14,23,ปวงชนไทย,0
50,เชียงใหม่,7,แม่อาย,แม่สาว,13,14,24,วิชชั่นใหม่,2
50,เชียงใหม่,7,แม่อาย,แม่สาว,13,14,25,เพื่อชีวิตใหม่,0
50,เชียงใหม่,7,แม่อาย,แม่สาว,13,14,26,คลองไทย,1
50,เชียงใหม่,7,แม่อาย,แม่สาว,13,14,27,ประชาธิปัตย์,5
50,เชียงใหม่,7,แม่อาย,แม่สาว,13,14,28,ไทยก้าวหน้า,0
50,เชียงใหม่,7,แม่อาย,แม่สาว,13,14,29,ไทยภักดี,0
50,เชียงใหม่,7,แม่อาย,แม่สาว,13,14,30,แรงงานสร้างชาติ,1
50,เชียงใหม่,7,แม่อาย,แม่สาว,13,14,31,ประชากรไทย,0
50,เชียงใหม่,7,แม่อาย,แม่สาว,13,14,32,ครูไทยเพื่อประชาชน,1
50,เชียงใหม่,7,แม่อาย,แม่สาว,13,14,33,ประชาชาติ,0
50,เชียงใหม่,7,แม่อาย,แม่สาว,13,14,34,สร้างอนาคตไทย,0
50,เชียงใหม่,7,แม่อาย,แม่สาว,13,14,35,รักชาติ,0
50,เชียงใหม่,7,แม่อาย,แม่สาว,13,14,36,ไทยพร้อม,2
50,เชียงใหม่,7,แม่อาย,แม่สาว,13,14,37,ภูมิใจไทย,10
50,เชียงใหม่,7,แม่อาย,แม่สาว,13,14,38,พลังธรรมใหม่,1
50,เชียงใหม่,7,แม่อาย,แม่สาว,13,14,39,กรีน,0
50,เชียงใหม่,7,แม่อาย,แม่สาว,13,14,40,ไทยธรรม,0
50,เชียงใหม่,7,แม่อาย,แม่สาว,13,14,41,แผ่นดินธรรม,0
50,เชียงใหม่,7,แม่อาย,แม่สาว,13,14,42,กล้าธรรม,10
50,เชียงใหม่,7,แม่อาย,แม่สาว,13,14,43,พลังประชารัฐ,4
50,เชียงใหม่,7,แม่อาย,แม่สาว,13,14,44,โอกาสใหม่,0
50,เชียงใหม่,7,แม่อาย,แม่สาว,13,14,45,เป็นธรรม,0
50,เชียงใหม่,7,แม่อาย,แม่สาว,13,14,46,ประชาชน,82
50,เชียงใหม่,7,แม่อาย,แม่สาว,13,14,47,ประชาไทย,0
50,เชียงใหม่,7,แม่อาย,แม่สาว,13,14,48,ไทยสร้างไทย,2
50,เชียงใหม่,7,แม่อาย,แม่สาว,13,14,49,ไทยก้าวใหม่,0
50,เชียงใหม่,7,แม่อาย,แม่สาว,13,14,50,ประชาอาสาชาติ,0
50,เชียงใหม่,7,แม่อาย,แม่สาว,13,14,51,พร้อม,1
50,เชียงใหม่,7,แม่อาย,แม่สาว,13,14,52,เครือข่ายชาวนาแห่งประเทศไทย,0
50,เชียงใหม่,7,แม่อาย,แม่สาว,13,14,53,ไทยพิทักษ์ธรรม,0
50,เชียงใหม่,7,แม่อาย,แม่สาว,13,14,54,ความหวังใหม่,0
50,เชียงใหม่,7,แม่อาย,แม่สาว,13,14,55,ไทยรวมไทย,0
50,เชียงใหม่,7,แม่อาย,แม่สาว,13,14,56,เพื่อบ้านเมือง,0
50,เชียงใหม่,7,แม่อาย,แม่สาว,13,14,57,พลังไทยรักชาติ,1
50,เชียงใหม่,7,แม่อาย,แม่สาว,14,15,1,ไทยทรัพย์ทวี,1
50,เชียงใหม่,7,แม่อาย,แม่สาว,14,15,2,เพื่อชาติไทย,3
50,เชียงใหม่,7,แม่อาย,แม่สาว,14,15,3,ใหม่,0
50,เชียงใหม่,7,แม่อาย,แม่สาว,14,15,4,มิติใหม่,0
50,เชียงใหม่,7,แม่อาย,แม่สาว,14,15,5,รวมใจไทย,6
50,เชียงใหม่,7,แม่อาย,แม่สาว,14,15,6,รวมไทยสร้างชาติ,5
50,เชียงใหม่,7,แม่อาย,แม่สาว,14,15,7,พลวัต,4
50,เชียงใหม่,7,แม่อาย,แม่สาว,14,15,8,ประชาธิปไตยใหม่,1
50,เชียงใหม่,7,แม่อาย,แม่สาว,14,15,9,เพื่อไทย,92
50,เชียงใหม่,7,แม่อาย,แม่สาว,14,15,10,ทางเลือกใหม่,1
50,เชียงใหม่,7,แม่อาย,แม่สาว,14,15,11,เศรษฐกิจ,9
50,เชียงใหม่,7,แม่อาย,แม่สาว,14,15,12,เสรีรวมไทย,5
50,เชียงใหม่,7,แม่อาย,แม่สาว,14,15,13,รวมพลังประชาชน,2
50,เชียงใหม่,7,แม่อาย,แม่สาว,14,15,14,ท้องที่ไทย,0
50,เชียงใหม่,7,แม่อาย,แม่สาว,14,15,15,อนาคตไทย,0
50,เชียงใหม่,7,แม่อาย,แม่สาว,14,15,16,พลังเพื่อไทย,1
50,เชียงใหม่,7,แม่อาย,แม่สาว,14,15,17,ไทยชนะ,0
50,เชียงใหม่,7,แม่อาย,แม่สาว,14,15,18,พลังสังคมใหม่,0
50,เชียงใหม่,7,แม่อาย,แม่สาว,14,15,19,สังคมประชาธิปไตย,0
50,เชียงใหม่,7,แม่อาย,แม่สาว,14,15,20,ฟิวชัน,0
50,เชียงใหม่,7,แม่อาย,แม่สาว,14,15,21,ไทยรวมพลัง,0
50,เชียงใหม่,7,แม่อาย,แม่สาว,14,15,22,ก้าวอิสระ,0
50,เชียงใหม่,7,แม่อาย,แม่สาว,14,15,23,ปวงชนไทย,0
50,เชียงใหม่,7,แม่อาย,แม่สาว,14,15,24,วิชชั่นใหม่,0
50,เชียงใหม่,7,แม่อาย,แม่สาว,14,15,25,เพื่อชีวิตใหม่,0
50,เชียงใหม่,7,แม่อาย,แม่สาว,14,15,26,คลองไทย,1
50,เชียงใหม่,7,แม่อาย,แม่สาว,14,15,27,ประชาธิปัตย์,5
50,เชียงใหม่,7,แม่อาย,แม่สาว,14,15,28,ไทยก้าวหน้า,1
50,เชียงใหม่,7,แม่อาย,แม่สาว,14,15,29,ไทยภักดี,1
50,เชียงใหม่,7,แม่อาย,แม่สาว,14,15,30,แรงงานสร้างชาติ,1
50,เชียงใหม่,7,แม่อาย,แม่สาว,14,15,31,ประชากรไทย,0
50,เชียงใหม่,7,แม่อาย,แม่สาว,14,15,32,ครูไทยเพื่อประชาชน,0
50,เชียงใหม่,7,แม่อาย,แม่สาว,14,15,33,ประชาชาติ,0
50,เชียงใหม่,7,แม่อาย,แม่สาว,14,15,34,สร้างอนาคตไทย,1
50,เชียงใหม่,7,แม่อาย,แม่สาว,14,15,35,รักชาติ,0
50,เชียงใหม่,7,แม่อาย,แม่สาว,14,15,36,ไทยพร้อม,2
50,เชียงใหม่,7,แม่อาย,แม่สาว,14,15,37,ภูมิใจไทย,19
50,เชียงใหม่,7,แม่อาย,แม่สาว,14,15,38,พลังธรรมใหม่,1
50,เชียงใหม่,7,แม่อาย,แม่สาว,14,15,39,กรีน,0
50,เชียงใหม่,7,แม่อาย,แม่สาว,14,15,40,ไทยธรรม,0
50,เชียงใหม่,7,แม่อาย,แม่สาว,14,15,41,แผ่นดินธรรม,0
50,เชียงใหม่,7,แม่อาย,แม่สาว,14,15,42,กล้าธรรม,20
50,เชียงใหม่,7,แม่อาย,แม่สาว,14,15,43,พลังประชารัฐ,5
50,เชียงใหม่,7,แม่อาย,แม่สาว,14,15,44,โอกาสใหม่,0
50,เชียงใหม่,7,แม่อาย,แม่สาว,14,15,45,เป็นธรรม,0
50,เชียงใหม่,7,แม่อาย,แม่สาว,14,15,46,ประชาชน,116
50,เชียงใหม่,7,แม่อาย,แม่สาว,14,15,47,ประชาไทย,0
50,เชียงใหม่,7,แม่อาย,แม่สาว,14,15,48,ไทยสร้างไทย,1
50,เชียงใหม่,7,แม่อาย,แม่สาว,14,15,49,ไทยก้าวใหม่,0
50,เชียงใหม่,7,แม่อาย,แม่สาว,14,15,50,ประชาอาสาชาติ,0
50,เชียงใหม่,7,แม่อาย,แม่สาว,14,15,51,พร้อม,1
50,เชียงใหม่,7,แม่อาย,แม่สาว,14,15,52,เครือข่ายชาวนาแห่งประเทศไทย,0
50,เชียงใหม่,7,แม่อาย,แม่สาว,14,15,53,ไทยพิทักษ์ธรรม,0
50,เชียงใหม่,7,แม่อาย,แม่สาว,14,15,54,ความหวังใหม่,0
50,เชียงใหม่,7,แม่อาย,แม่สาว,14,15,55,ไทยรวมไทย,0
50,เชียงใหม่,7,แม่อาย,แม่สาว,14,15,56,เพื่อบ้านเมือง,0
50,เชียงใหม่,7,แม่อาย,แม่สาว,14,15,57,พลังไทยรักชาติ,0
50,เชียงใหม่,7,แม่อาย,แม่สาว,15,16,1,ไทยทรัพย์ทวี,17
50,เชียงใหม่,7,แม่อาย,แม่สาว,15,16,2,เพื่อชาติไทย,7
50,เชียงใหม่,7,แม่อาย,แม่สาว,15,16,3,ใหม่,6
50,เชียงใหม่,7,แม่อาย,แม่สาว,15,16,4,มิติใหม่,3
50,เชียงใหม่,7,แม่อาย,แม่สาว,15,16,5,รวมใจไทย,27
50,เชียงใหม่,7,แม่อาย,แม่สาว,15,16,6,รวมไทยสร้างชาติ,7
50,เชียงใหม่,7,แม่อาย,แม่สาว,15,16,7,พลวัต,36
50,เชียงใหม่,7,แม่อาย,แม่สาว,15,16,8,ประชาธิปไตยใหม่,6
50,เชียงใหม่,7,แม่อาย,แม่สาว,15,16,9,เพื่อไทย,41
50,เชียงใหม่,7,แม่อาย,แม่สาว,15,16,10,ทางเลือกใหม่,3
50,เชียงใหม่,7,แม่อาย,แม่สาว,15,16,11,เศรษฐกิจ,6
50,เชียงใหม่,7,แม่อาย,แม่สาว,15,16,12,เสรีรวมไทย,2
50,เชียงใหม่,7,แม่อาย,แม่สาว,15,16,13,รวมพลังประชาชน,2
50,เชียงใหม่,7,แม่อาย,แม่สาว,15,16,14,ท้องที่ไทย,1
50,เชียงใหม่,7,แม่อาย,แม่สาว,15,16,15,อนาคตไทย,1
50,เชียงใหม่,7,แม่อาย,แม่สาว,15,16,16,พลังเพื่อไทย,0
50,เชียงใหม่,7,แม่อาย,แม่สาว,15,16,17,ไทยชนะ,5
50,เชียงใหม่,7,แม่อาย,แม่สาว,15,16,18,พลังสังคมใหม่,3
50,เชียงใหม่,7,แม่อาย,แม่สาว,15,16,19,สังคมประชาธิปไตย,0
50,เชียงใหม่,7,แม่อาย,แม่สาว,15,16,20,ฟิวชัน,2
50,เชียงใหม่,7,แม่อาย,แม่สาว,15,16,21,ไทยรวมพลัง,0
50,เชียงใหม่,7,แม่อาย,แม่สาว,15,16,22,ก้าวอิสระ,6
50,เชียงใหม่,7,แม่อาย,แม่สาว,15,16,23,ปวงชนไทย,6
50,เชียงใหม่,7,แม่อาย,แม่สาว,15,16,24,วิชชั่นใหม่,9
50,เชียงใหม่,7,แม่อาย,แม่สาว,15,16,25,เพื่อชีวิตใหม่,2
50,เชียงใหม่,7,แม่อาย,แม่สาว,15,16,26,คลองไทย,4
50,เชียงใหม่,7,แม่อาย,แม่สาว,15,16,27,ประชาธิปัตย์,54
50,เชียงใหม่,7,แม่อาย,แม่สาว,15,16,28,ไทยก้าวหน้า,3
50,เชียงใหม่,7,แม่อาย,แม่สาว,15,16,29,ไทยภักดี,1
50,เชียงใหม่,7,แม่อาย,แม่สาว,15,16,30,แรงงานสร้างชาติ,5
50,เชียงใหม่,7,แม่อาย,แม่สาว,15,16,31,ประชากรไทย,3
50,เชียงใหม่,7,แม่อาย,แม่สาว,15,16,32,ครูไทยเพื่อประชาชน,1
50,เชียงใหม่,7,แม่อาย,แม่สาว,15,16,33,ประชาชาติ,2
50,เชียงใหม่,7,แม่อาย,แม่สาว,15,16,34,สร้างอนาคตไทย,3
50,เชียงใหม่,7,แม่อาย,แม่สาว,15,16,35,รักชาติ,2
50,เชียงใหม่,7,แม่อาย,แม่สาว,15,16,36,ไทยพร้อม,5
50,เชียงใหม่,7,แม่อาย,แม่สาว,15,16,37,ภูมิใจไทย,27
50,เชียงใหม่,7,แม่อาย,แม่สาว,15,16,38,พลังธรรมใหม่,0
50,เชียงใหม่,7,แม่อาย,แม่สาว,15,16,39,กรีน,0
50,เชียงใหม่,7,แม่อาย,แม่สาว,15,16,40,ไทยธรรม,0
50,เชียงใหม่,7,แม่อาย,แม่สาว,15,16,41,แผ่นดินธรรม,1
50,เชียงใหม่,7,แม่อาย,แม่สาว,15,16,42,กล้าธรรม,70
50,เชียงใหม่,7,แม่อาย,แม่สาว,15,16,43,พลังประชารัฐ,26
50,เชียงใหม่,7,แม่อาย,แม่สาว,15,16,44,โอกาสใหม่,3
50,เชียงใหม่,7,แม่อาย,แม่สาว,15,16,45,เป็นธรรม,1
50,เชียงใหม่,7,แม่อาย,แม่สาว,15,16,46,ประชาชน,85
50,เชียงใหม่,7,แม่อาย,แม่สาว,15,16,47,ประชาไทย,3
50,เชียงใหม่,7,แม่อาย,แม่สาว,15,16,48,ไทยสร้างไทย,1
50,เชียงใหม่,7,แม่อาย,แม่สาว,15,16,49,ไทยก้าวใหม่,0
50,เชียงใหม่,7,แม่อาย,แม่สาว,15,16,50,ประชาอาสาชาติ,0
50,เชียงใหม่,7,แม่อาย,แม่สาว,15,16,51,พร้อม,1
50,เชียงใหม่,7,แม่อาย,แม่สาว,15,16,52,เครือข่ายชาวนาแห่งประเทศไทย,1
50,เชียงใหม่,7,แม่อาย,แม่สาว,15,16,53,ไทยพิทักษ์ธรรม,1
50,เชียงใหม่,7,แม่อาย,แม่สาว,15,16,54,ความหวังใหม่,1
50,เชียงใหม่,7,แม่อาย,แม่สาว,15,16,55,ไทยรวมไทย,0
50,เชียงใหม่,7,แม่อาย,แม่สาว,15,16,56,เพื่อบ้านเมือง,2
50,เชียงใหม่,7,แม่อาย,แม่สาว,15,16,57,พลังไทยรักชาติ,2
50,เชียงใหม่,7,แม่อาย,แม่สาว,16,17,1,ไทยทรัพย์ทวี,0
50,เชียงใหม่,7,แม่อาย,แม่สาว,16,17,2,เพื่อชาติไทย,3
50,เชียงใหม่,7,แม่อาย,แม่สาว,16,17,3,ใหม่,1
50,เชียงใหม่,7,แม่อาย,แม่สาว,16,17,4,มิติใหม่,0
50,เชียงใหม่,7,แม่อาย,แม่สาว,16,17,5,รวมใจไทย,10
50,เชียงใหม่,7,แม่อาย,แม่สาว,16,17,6,รวมไทยสร้างชาติ,3
50,เชียงใหม่,7,แม่อาย,แม่สาว,16,17,7,พลวัต,4
50,เชียงใหม่,7,แม่อาย,แม่สาว,16,17,8,ประชาธิปไตยใหม่,0
50,เชียงใหม่,7,แม่อาย,แม่สาว,16,17,9,เพื่อไทย,77
50,เชียงใหม่,7,แม่อาย,แม่สาว,16,17,10,ทางเลือกใหม่,2
50,เชียงใหม่,7,แม่อาย,แม่สาว,16,17,11,เศรษฐกิจ,2
50,เชียงใหม่,7,แม่อาย,แม่สาว,16,17,12,เสรีรวมไทย,1
50,เชียงใหม่,7,แม่อาย,แม่สาว,16,17,13,รวมพลังประชาชน,2
50,เชียงใหม่,7,แม่อาย,แม่สาว,16,17,14,ท้องที่ไทย,0
50,เชียงใหม่,7,แม่อาย,แม่สาว,16,17,15,อนาคตไทย,0
50,เชียงใหม่,7,แม่อาย,แม่สาว,16,17,16,พลังเพื่อไทย,0
50,เชียงใหม่,7,แม่อาย,แม่สาว,16,17,17,ไทยชนะ,1
50,เชียงใหม่,7,แม่อาย,แม่สาว,16,17,18,พลังสังคมใหม่,1
50,เชียงใหม่,7,แม่อาย,แม่สาว,16,17,19,สังคมประชาธิปไตย,0
50,เชียงใหม่,7,แม่อาย,แม่สาว,16,17,20,ฟิวชัน,0
50,เชียงใหม่,7,แม่อาย,แม่สาว,16,17,21,ไทยรวมพลัง,0
50,เชียงใหม่,7,แม่อาย,แม่สาว,16,17,22,ก้าวอิสระ,0
50,เชียงใหม่,7,แม่อาย,แม่สาว,16,17,23,ปวงชนไทย,0
50,เชียงใหม่,7,แม่อาย,แม่สาว,16,17,24,วิชชั่นใหม่,0
50,เชียงใหม่,7,แม่อาย,แม่สาว,16,17,25,เพื่อชีวิตใหม่,0
50,เชียงใหม่,7,แม่อาย,แม่สาว,16,17,26,คลองไทย,0
50,เชียงใหม่,7,แม่อาย,แม่สาว,16,17,27,ประชาธิปัตย์,3
50,เชียงใหม่,7,แม่อาย,แม่สาว,16,17,28,ไทยก้าวหน้า,0
50,เชียงใหม่,7,แม่อาย,แม่สาว,16,17,29,ไทยภักดี,4
50,เชียงใหม่,7,แม่อาย,แม่สาว,16,17,30,แรงงานสร้างชาติ,0
50,เชียงใหม่,7,แม่อาย,แม่สาว,16,17,31,ประชากรไทย,0
50,เชียงใหม่,7,แม่อาย,แม่สาว,16,17,32,ครูไทยเพื่อประชาชน,0
50,เชียงใหม่,7,แม่อาย,แม่สาว,16,17,33,ประชาชาติ,1
50,เชียงใหม่,7,แม่อาย,แม่สาว,16,17,34,สร้างอนาคตไทย,0
50,เชียงใหม่,7,แม่อาย,แม่สาว,16,17,35,รักชาติ,1
50,เชียงใหม่,7,แม่อาย,แม่สาว,16,17,36,ไทยพร้อม,1
50,เชียงใหม่,7,แม่อาย,แม่สาว,16,17,37,ภูมิใจไทย,16
50,เชียงใหม่,7,แม่อาย,แม่สาว,16,17,38,พลังธรรมใหม่,1
50,เชียงใหม่,7,แม่อาย,แม่สาว,16,17,39,กรีน,0
50,เชียงใหม่,7,แม่อาย,แม่สาว,16,17,40,ไทยธรรม,0
50,เชียงใหม่,7,แม่อาย,แม่สาว,16,17,41,แผ่นดินธรรม,0
50,เชียงใหม่,7,แม่อาย,แม่สาว,16,17,42,กล้าธรรม,21
50,เชียงใหม่,7,แม่อาย,แม่สาว,16,17,43,พลังประชารัฐ,3
50,เชียงใหม่,7,แม่อาย,แม่สาว,16,17,44,โอกาสใหม่,0
50,เชียงใหม่,7,แม่อาย,แม่สาว,16,17,45,เป็นธรรม,0
50,เชียงใหม่,7,แม่อาย,แม่สาว,16,17,46,ประชาชน,60
50,เชียงใหม่,7,แม่อาย,แม่สาว,16,17,47,ประชาไทย,0
50,เชียงใหม่,7,แม่อาย,แม่สาว,16,17,48,ไทยสร้างไทย,1
50,เชียงใหม่,7,แม่อาย,แม่สาว,16,17,49,ไทยก้าวใหม่,0
50,เชียงใหม่,7,แม่อาย,แม่สาว,16,17,50,ประชาอาสาชาติ,0
50,เชียงใหม่,7,แม่อาย,แม่สาว,16,17,51,พร้อม,0
50,เชียงใหม่,7,แม่อาย,แม่สาว,16,17,52,เครือข่ายชาวนาแห่งประเทศไทย,0
50,เชียงใหม่,7,แม่อาย,แม่สาว,16,17,53,ไทยพิทักษ์ธรรม,0
50,เชียงใหม่,7,แม่อาย,แม่สาว,16,17,54,ความหวังใหม่,0
50,เชียงใหม่,7,แม่อาย,แม่สาว,16,17,55,ไทยรวมไทย,0
50,เชียงใหม่,7,แม่อาย,แม่สาว,16,17,56,เพื่อบ้านเมือง,0
50,เชียงใหม่,7,แม่อาย,แม่สาว,16,17,57,พลังไทยรักชาติ,0
50,เชียงใหม่,7,แม่อาย,แม่สาว,17,18,1,ไทยทรัพย์ทวี,14
50,เชียงใหม่,7,แม่อาย,แม่สาว,17,18,2,เพื่อชาติไทย,3
50,เชียงใหม่,7,แม่อาย,แม่สาว,17,18,3,ใหม่,0
50,เชียงใหม่,7,แม่อาย,แม่สาว,17,18,4,มิติใหม่,2
50,เชียงใหม่,7,แม่อาย,แม่สาว,17,18,5,รวมใจไทย,15
50,เชียงใหม่,7,แม่อาย,แม่สาว,17,18,6,รวมไทยสร้างชาติ,6
50,เชียงใหม่,7,แม่อาย,แม่สาว,17,18,7,พลวัต,17
50,เชียงใหม่,7,แม่อาย,แม่สาว,17,18,8,ประชาธิปไตยใหม่,3
50,เชียงใหม่,7,แม่อาย,แม่สาว,17,18,9,เพื่อไทย,21
50,เชียงใหม่,7,แม่อาย,แม่สาว,17,18,10,ทางเลือกใหม่,0
50,เชียงใหม่,7,แม่อาย,แม่สาว,17,18,11,เศรษฐกิจ,6
50,เชียงใหม่,7,แม่อาย,แม่สาว,17,18,12,เสรีรวมไทย,1
50,เชียงใหม่,7,แม่อาย,แม่สาว,17,18,13,รวมพลังประชาชน,1
50,เชียงใหม่,7,แม่อาย,แม่สาว,17,18,14,ท้องที่ไทย,1
50,เชียงใหม่,7,แม่อาย,แม่สาว,17,18,15,อนาคตไทย,1
50,เชียงใหม่,7,แม่อาย,แม่สาว,17,18,16,พลังเพื่อไทย,1
50,เชียงใหม่,7,แม่อาย,แม่สาว,17,18,17,ไทยชนะ,0
50,เชียงใหม่,7,แม่อาย,แม่สาว,17,18,18,พลังสังคมใหม่,0
50,เชียงใหม่,7,แม่อาย,แม่สาว,17,18,19,สังคมประชาธิปไตย,1
50,เชียงใหม่,7,แม่อาย,แม่สาว,17,18,20,ฟิวชัน,0
50,เชียงใหม่,7,แม่อาย,แม่สาว,17,18,21,ไทยรวมพลัง,1
50,เชียงใหม่,7,แม่อาย,แม่สาว,17,18,22,ก้าวอิสระ,0
50,เชียงใหม่,7,แม่อาย,แม่สาว,17,18,23,ปวงชนไทย,0
50,เชียงใหม่,7,แม่อาย,แม่สาว,17,18,24,วิชชั่นใหม่,3
50,เชียงใหม่,7,แม่อาย,แม่สาว,17,18,25,เพื่อชีวิตใหม่,1
50,เชียงใหม่,7,แม่อาย,แม่สาว,17,18,26,คลองไทย,1
50,เชียงใหม่,7,แม่อาย,แม่สาว,17,18,27,ประชาธิปัตย์,4
50,เชียงใหม่,7,แม่อาย,แม่สาว,17,18,28,ไทยก้าวหน้า,0
50,เชียงใหม่,7,แม่อาย,แม่สาว,17,18,29,ไทยภักดี,2
50,เชียงใหม่,7,แม่อาย,แม่สาว,17,18,30,แรงงานสร้างชาติ,5
50,เชียงใหม่,7,แม่อาย,แม่สาว,17,18,31,ประชากรไทย,1
50,เชียงใหม่,7,แม่อาย,แม่สาว,17,18,32,ครูไทยเพื่อประชาชน,0
50,เชียงใหม่,7,แม่อาย,แม่สาว,17,18,33,ประชาชาติ,0
50,เชียงใหม่,7,แม่อาย,แม่สาว,17,18,34,สร้างอนาคตไทย,4
50,เชียงใหม่,7,แม่อาย,แม่สาว,17,18,35,รักชาติ,1
50,เชียงใหม่,7,แม่อาย,แม่สาว,17,18,36,ไทยพร้อม,3
50,เชียงใหม่,7,แม่อาย,แม่สาว,17,18,37,ภูมิใจไทย,31
50,เชียงใหม่,7,แม่อาย,แม่สาว,17,18,38,พลังธรรมใหม่,0
50,เชียงใหม่,7,แม่อาย,แม่สาว,17,18,39,กรีน,0
50,เชียงใหม่,7,แม่อาย,แม่สาว,17,18,40,ไทยธรรม,0
50,เชียงใหม่,7,แม่อาย,แม่สาว,17,18,41,แผ่นดินธรรม,2
50,เชียงใหม่,7,แม่อาย,แม่สาว,17,18,42,กล้าธรรม,44
50,เชียงใหม่,7,แม่อาย,แม่สาว,17,18,43,พลังประชารัฐ,8
50,เชียงใหม่,7,แม่อาย,แม่สาว,17,18,44,โอกาสใหม่,0
50,เชียงใหม่,7,แม่อาย,แม่สาว,17,18,45,เป็นธรรม,0
50,เชียงใหม่,7,แม่อาย,แม่สาว,17,18,46,ประชาชน,47
50,เชียงใหม่,7,แม่อาย,แม่สาว,17,18,47,ประชาไทย,1
50,เชียงใหม่,7,แม่อาย,แม่สาว,17,18,48,ไทยสร้างไทย,0
50,เชียงใหม่,7,แม่อาย,แม่สาว,17,18,49,ไทยก้าวใหม่,2
50,เชียงใหม่,7,แม่อาย,แม่สาว,17,18,50,ประชาอาสาชาติ,0
50,เชียงใหม่,7,แม่อาย,แม่สาว,17,18,51,พร้อม,2
50,เชียงใหม่,7,แม่อาย,แม่สาว,17,18,52,เครือข่ายชาวนาแห่งประเทศไทย,0
50,เชียงใหม่,7,แม่อาย,แม่สาว,17,18,53,ไทยพิทักษ์ธรรม,0
50,เชียงใหม่,7,แม่อาย,แม่สาว,17,18,54,ความหวังใหม่,0
50,เชียงใหม่,7,แม่อาย,แม่สาว,17,18,55,ไทยรวมไทย,0
50,เชียงใหม่,7,แม่อาย,แม่สาว,17,18,56,เพื่อบ้านเมือง,0
50,เชียงใหม่,7,แม่อาย,แม่สาว,17,18,57,พลังไทยรักชาติ,2
50,เชียงใหม่,7,แม่อาย,แม่อาย,3,1,1,ไทยทรัพย์ทวี,3
50,เชียงใหม่,7,แม่อาย,แม่อาย,3,1,2,เพื่อชาติไทย,5
50,เชียงใหม่,7,แม่อาย,แม่อาย,3,1,3,ใหม่,1
50,เชียงใหม่,7,แม่อาย,แม่อาย,3,1,4,มิติใหม่,1
50,เชียงใหม่,7,แม่อาย,แม่อาย,3,1,5,รวมใจไทย,14
50,เชียงใหม่,7,แม่อาย,แม่อาย,3,1,6,รวมไทยสร้างชาติ,4
50,เชียงใหม่,7,แม่อาย,แม่อาย,3,1,7,พลวัต,8
50,เชียงใหม่,7,แม่อาย,แม่อาย,3,1,8,ประชาธิปไตยใหม่,2
50,เชียงใหม่,7,แม่อาย,แม่อาย,3,1,9,เพื่อไทย,7
50,เชียงใหม่,7,แม่อาย,แม่อาย,3,1,10,ทางเลือกใหม่,3
50,เชียงใหม่,7,แม่อาย,แม่อาย,3,1,11,เศรษฐกิจ,1
50,เชียงใหม่,7,แม่อาย,แม่อาย,3,1,12,เสรีรวมไทย,0
50,เชียงใหม่,7,แม่อาย,แม่อาย,3,1,13,รวมพลังประชาชน,2
50,เชียงใหม่,7,แม่อาย,แม่อาย,3,1,14,ท้องที่ไทย,4
50,เชียงใหม่,7,แม่อาย,แม่อาย,3,1,15,อนาคตไทย,7
50,เชียงใหม่,7,แม่อาย,แม่อาย,3,1,16,พลังเพื่อไทย,4
50,เชียงใหม่,7,แม่อาย,แม่อาย,3,1,17,ไทยชนะ,3
50,เชียงใหม่,7,แม่อาย,แม่อาย,3,1,18,พลังสังคมใหม่,0
50,เชียงใหม่,7,แม่อาย,แม่อาย,3,1,19,สังคมประชาธิปไตย,0
50,เชียงใหม่,7,แม่อาย,แม่อาย,3,1,20,ฟิวชัน,0
50,เชียงใหม่,7,แม่อาย,แม่อาย,3,1,21,ไทยรวมพลัง,0
50,เชียงใหม่,7,แม่อาย,แม่อาย,3,1,22,ก้าวอิสระ,1
50,เชียงใหม่,7,แม่อาย,แม่อาย,3,1,23,ปวงชนไทย,2
50,เชียงใหม่,7,แม่อาย,แม่อาย,3,1,24,วิชชั่นใหม่,3
50,เชียงใหม่,7,แม่อาย,แม่อาย,3,1,25,เพื่อชีวิตใหม่,1
50,เชียงใหม่,7,แม่อาย,แม่อาย,3,1,26,คลองไทย,0
50,เชียงใหม่,7,แม่อาย,แม่อาย,3,1,27,ประชาธิปัตย์,12
50,เชียงใหม่,7,แม่อาย,แม่อาย,3,1,28,ไทยก้าวหน้า,0
50,เชียงใหม่,7,แม่อาย,แม่อาย,3,1,29,ไทยภักดี,2
50,เชียงใหม่,7,แม่อาย,แม่อาย,3,1,30,แรงงานสร้างชาติ,1
50,เชียงใหม่,7,แม่อาย,แม่อาย,3,1,31,ประชากรไทย,0
50,เชียงใหม่,7,แม่อาย,แม่อาย,3,1,32,ครูไทยเพื่อประชาชน,0
50,เชียงใหม่,7,แม่อาย,แม่อาย,3,1,33,ประชาชาติ,0
50,เชียงใหม่,7,แม่อาย,แม่อาย,3,1,34,สร้างอนาคตไทย,0
50,เชียงใหม่,7,แม่อาย,แม่อาย,3,1,35,รักชาติ,0
50,เชียงใหม่,7,แม่อาย,แม่อาย,3,1,36,ไทยพร้อม,0
50,เชียงใหม่,7,แม่อาย,แม่อาย,3,1,37,ภูมิใจไทย,8
50,เชียงใหม่,7,แม่อาย,แม่อาย,3,1,38,พลังธรรมใหม่,1
50,เชียงใหม่,7,แม่อาย,แม่อาย,3,1,39,กรีน,0
50,เชียงใหม่,7,แม่อาย,แม่อาย,3,1,40,ไทยธรรม,1
50,เชียงใหม่,7,แม่อาย,แม่อาย,3,1,41,แผ่นดินธรรม,0
50,เชียงใหม่,7,แม่อาย,แม่อาย,3,1,42,กล้าธรรม,2
50,เชียงใหม่,7,แม่อาย,แม่อาย,3,1,43,พลังประชารัฐ,11
50,เชียงใหม่,7,แม่อาย,แม่อาย,3,1,44,โอกาสใหม่,45
50,เชียงใหม่,7,แม่อาย,แม่อาย,3,1,45,เป็นธรรม,1
50,เชียงใหม่,7,แม่อาย,แม่อาย,3,1,46,ประชาชน,18
50,เชียงใหม่,7,แม่อาย,แม่อาย,3,1,47,ประชาไทย,1
50,เชียงใหม่,7,แม่อาย,แม่อาย,3,1,48,ไทยสร้างไทย,0
50,เชียงใหม่,7,แม่อาย,แม่อาย,3,1,49,ไทยก้าวใหม่,0
50,เชียงใหม่,7,แม่อาย,แม่อาย,3,1,50,ประชาอาสาชาติ,0
50,เชียงใหม่,7,แม่อาย,แม่อาย,3,1,51,พร้อม,1
50,เชียงใหม่,7,แม่อาย,แม่อาย,3,1,52,เครือข่ายชาวนาแห่งประเทศไทย,0
50,เชียงใหม่,7,แม่อาย,แม่อาย,3,1,53,ไทยพิทักษ์ธรรม,1
50,เชียงใหม่,7,แม่อาย,แม่อาย,3,1,54,ความหวังใหม่,0
50,เชียงใหม่,7,แม่อาย,แม่อาย,3,1,55,ไทยรวมไทย,1
50,เชียงใหม่,7,แม่อาย,แม่อาย,3,1,56,เพื่อบ้านเมือง,1
50,เชียงใหม่,7,แม่อาย,แม่อาย,3,1,57,พลังไทยรักชาติ,1
50,เชียงใหม่,7,แม่อาย,แม่อาย,9,2,1,ไทยทรัพย์ทวี,3
50,เชียงใหม่,7,แม่อาย,แม่อาย,9,2,2,เพื่อชาติไทย,2
50,เชียงใหม่,7,แม่อาย,แม่อาย,9,2,3,ใหม่,0
50,เชียงใหม่,7,แม่อาย,แม่อาย,9,2,4,มิติใหม่,1
50,เชียงใหม่,7,แม่อาย,แม่อาย,9,2,5,รวมใจไทย,5
50,เชียงใหม่,7,แม่อาย,แม่อาย,9,2,6,รวมไทยสร้างชาติ,5
50,เชียงใหม่,7,แม่อาย,แม่อาย,9,2,7,พลวัต,1
50,เชียงใหม่,7,แม่อาย,แม่อาย,9,2,8,ประชาธิปไตยใหม่,1
50,เชียงใหม่,7,แม่อาย,แม่อาย,9,2,9,เพื่อไทย,57
50,เชียงใหม่,7,แม่อาย,แม่อาย,9,2,10,ทางเลือกใหม่,7
50,เชียงใหม่,7,แม่อาย,แม่อาย,9,2,11,เศรษฐกิจ,5
50,เชียงใหม่,7,แม่อาย,แม่อาย,9,2,12,เสรีรวมไทย,1
50,เชียงใหม่,7,แม่อาย,แม่อาย,9,2,13,รวมพลังประชาชน,6
50,เชียงใหม่,7,แม่อาย,แม่อาย,9,2,14,ท้องที่ไทย,3
50,เชียงใหม่,7,แม่อาย,แม่อาย,9,2,15,อนาคตไทย,4
50,เชียงใหม่,7,แม่อาย,แม่อาย,9,2,16,พลังเพื่อไทย,1
50,เชียงใหม่,7,แม่อาย,แม่อาย,9,2,17,ไทยชนะ,0
50,เชียงใหม่,7,แม่อาย,แม่อาย,9,2,18,พลังสังคมใหม่,0
50,เชียงใหม่,7,แม่อาย,แม่อาย,9,2,19,สังคมประชาธิปไตย,0
50,เชียงใหม่,7,แม่อาย,แม่อาย,9,2,20,ฟิวชัน,0
50,เชียงใหม่,7,แม่อาย,แม่อาย,9,2,21,ไทยรวมพลัง,1
50,เชียงใหม่,7,แม่อาย,แม่อาย,9,2,22,ก้าวอิสระ,0
50,เชียงใหม่,7,แม่อาย,แม่อาย,9,2,23,ปวงชนไทย,0
50,เชียงใหม่,7,แม่อาย,แม่อาย,9,2,24,วิชชั่นใหม่,2
50,เชียงใหม่,7,แม่อาย,แม่อาย,9,2,25,เพื่อชีวิตใหม่,0
50,เชียงใหม่,7,แม่อาย,แม่อาย,9,2,26,คลองไทย,0
50,เชียงใหม่,7,แม่อาย,แม่อาย,9,2,27,ประชาธิปัตย์,4
50,เชียงใหม่,7,แม่อาย,แม่อาย,9,2,28,ไทยก้าวหน้า,0
50,เชียงใหม่,7,แม่อาย,แม่อาย,9,2,29,ไทยภักดี,1
50,เชียงใหม่,7,แม่อาย,แม่อาย,9,2,30,แรงงานสร้างชาติ,0
50,เชียงใหม่,7,แม่อาย,แม่อาย,9,2,31,ประชากรไทย,3
50,เชียงใหม่,7,แม่อาย,แม่อาย,9,2,32,ครูไทยเพื่อประชาชน,0
50,เชียงใหม่,7,แม่อาย,แม่อาย,9,2,33,ประชาชาติ,2
50,เชียงใหม่,7,แม่อาย,แม่อาย,9,2,34,สร้างอนาคตไทย,2
50,เชียงใหม่,7,แม่อาย,แม่อาย,9,2,35,รักชาติ,0
50,เชียงใหม่,7,แม่อาย,แม่อาย,9,2,36,ไทยพร้อม,0
50,เชียงใหม่,7,แม่อาย,แม่อาย,9,2,37,ภูมิใจไทย,19
50,เชียงใหม่,7,แม่อาย,แม่อาย,9,2,38,พลังธรรมใหม่,2
50,เชียงใหม่,7,แม่อาย,แม่อาย,9,2,39,กรีน,0
50,เชียงใหม่,7,แม่อาย,แม่อาย,9,2,40,ไทยธรรม,1
50,เชียงใหม่,7,แม่อาย,แม่อาย,9,2,41,แผ่นดินธรรม,0
50,เชียงใหม่,7,แม่อาย,แม่อาย,9,2,42,กล้าธรรม,21
50,เชียงใหม่,7,แม่อาย,แม่อาย,9,2,43,พลังประชารัฐ,5
50,เชียงใหม่,7,แม่อาย,แม่อาย,9,2,44,โอกาสใหม่,50
50,เชียงใหม่,7,แม่อาย,แม่อาย,9,2,45,เป็นธรรม,2
50,เชียงใหม่,7,แม่อาย,แม่อาย,9,2,46,ประชาชน,66
50,เชียงใหม่,7,แม่อาย,แม่อาย,9,2,47,ประชาไทย,1
50,เชียงใหม่,7,แม่อาย,แม่อาย,9,2,48,ไทยสร้างไทย,4
50,เชียงใหม่,7,แม่อาย,แม่อาย,9,2,49,ไทยก้าวใหม่,2
50,เชียงใหม่,7,แม่อาย,แม่อาย,9,2,50,ประชาอาสาชาติ,0
50,เชียงใหม่,7,แม่อาย,แม่อาย,9,2,51,พร้อม,0
50,เชียงใหม่,7,แม่อาย,แม่อาย,9,2,52,เครือข่ายชาวนาแห่งประเทศไทย,0
50,เชียงใหม่,7,แม่อาย,แม่อาย,9,2,53,ไทยพิทักษ์ธรรม,0
50,เชียงใหม่,7,แม่อาย,แม่อาย,9,2,54,ความหวังใหม่,0
50,เชียงใหม่,7,แม่อาย,แม่อาย,9,2,55,ไทยรวมไทย,0
50,เชียงใหม่,7,แม่อาย,แม่อาย,9,2,56,เพื่อบ้านเมือง,0
50,เชียงใหม่,7,แม่อาย,แม่อาย,9,2,57,พลังไทยรักชาติ,0
50,เชียงใหม่,7,แม่อาย,แม่อาย,12,3,1,ไทยทรัพย์ทวี,2
50,เชียงใหม่,7,แม่อาย,แม่อาย,12,3,2,เพื่อชาติไทย,6
50,เชียงใหม่,7,แม่อาย,แม่อาย,12,3,3,ใหม่,2
50,เชียงใหม่,7,แม่อาย,แม่อาย,12,3,4,มิติใหม่,0
50,เชียงใหม่,7,แม่อาย,แม่อาย,12,3,5,รวมใจไทย,7
50,เชียงใหม่,7,แม่อาย,แม่อาย,12,3,6,รวมไทยสร้างชาติ,7
50,เชียงใหม่,7,แม่อาย,แม่อาย,12,3,7,พลวัต,14
50,เชียงใหม่,7,แม่อาย,แม่อาย,12,3,8,ประชาธิปไตยใหม่,3
50,เชียงใหม่,7,แม่อาย,แม่อาย,12,3,9,เพื่อไทย,40
50,เชียงใหม่,7,แม่อาย,แม่อาย,12,3,10,ทางเลือกใหม่,1
50,เชียงใหม่,7,แม่อาย,แม่อาย,12,3,11,เศรษฐกิจ,2
50,เชียงใหม่,7,แม่อาย,แม่อาย,12,3,12,เสรีรวมไทย,1
50,เชียงใหม่,7,แม่อาย,แม่อาย,12,3,13,รวมพลังประชาชน,4
50,เชียงใหม่,7,แม่อาย,แม่อาย,12,3,14,ท้องที่ไทย,2
50,เชียงใหม่,7,แม่อาย,แม่อาย,12,3,15,อนาคตไทย,2
50,เชียงใหม่,7,แม่อาย,แม่อาย,12,3,16,พลังเพื่อไทย,1
50,เชียงใหม่,7,แม่อาย,แม่อาย,12,3,17,ไทยชนะ,1
50,เชียงใหม่,7,แม่อาย,แม่อาย,12,3,18,พลังสังคมใหม่,0
50,เชียงใหม่,7,แม่อาย,แม่อาย,12,3,19,สังคมประชาธิปไตย,0
50,เชียงใหม่,7,แม่อาย,แม่อาย,12,3,20,ฟิวชัน,1
50,เชียงใหม่,7,แม่อาย,แม่อาย,12,3,21,ไทยรวมพลัง,2
50,เชียงใหม่,7,แม่อาย,แม่อาย,12,3,22,ก้าวอิสระ,0
50,เชียงใหม่,7,แม่อาย,แม่อาย,12,3,23,ปวงชนไทย,2
50,เชียงใหม่,7,แม่อาย,แม่อาย,12,3,24,วิชชั่นใหม่,1
50,เชียงใหม่,7,แม่อาย,แม่อาย,12,3,25,เพื่อชีวิตใหม่,1
50,เชียงใหม่,7,แม่อาย,แม่อาย,12,3,26,คลองไทย,0
50,เชียงใหม่,7,แม่อาย,แม่อาย,12,3,27,ประชาธิปัตย์,19
50,เชียงใหม่,7,แม่อาย,แม่อาย,12,3,28,ไทยก้าวหน้า,2
50,เชียงใหม่,7,แม่อาย,แม่อาย,12,3,29,ไทยภักดี,0
50,เชียงใหม่,7,แม่อาย,แม่อาย,12,3,30,แรงงานสร้างชาติ,1
50,เชียงใหม่,7,แม่อาย,แม่อาย,12,3,31,ประชากรไทย,1
50,เชียงใหม่,7,แม่อาย,แม่อาย,12,3,32,ครูไทยเพื่อประชาชน,2
50,เชียงใหม่,7,แม่อาย,แม่อาย,12,3,33,ประชาชาติ,0
50,เชียงใหม่,7,แม่อาย,แม่อาย,12,3,34,สร้างอนาคตไทย,1
50,เชียงใหม่,7,แม่อาย,แม่อาย,12,3,35,รักชาติ,2
50,เชียงใหม่,7,แม่อาย,แม่อาย,12,3,36,ไทยพร้อม,2
50,เชียงใหม่,7,แม่อาย,แม่อาย,12,3,37,ภูมิใจไทย,9
50,เชียงใหม่,7,แม่อาย,แม่อาย,12,3,38,พลังธรรมใหม่,3
50,เชียงใหม่,7,แม่อาย,แม่อาย,12,3,39,กรีน,0
50,เชียงใหม่,7,แม่อาย,แม่อาย,12,3,40,ไทยธรรม,1
50,เชียงใหม่,7,แม่อาย,แม่อาย,12,3,41,แผ่นดินธรรม,1
50,เชียงใหม่,7,แม่อาย,แม่อาย,12,3,42,กล้าธรรม,7
50,เชียงใหม่,7,แม่อาย,แม่อาย,12,3,43,พลังประชารัฐ,4
50,เชียงใหม่,7,แม่อาย,แม่อาย,12,3,44,โอกาสใหม่,16
50,เชียงใหม่,7,แม่อาย,แม่อาย,12,3,45,เป็นธรรม,4
50,เชียงใหม่,7,แม่อาย,แม่อาย,12,3,46,ประชาชน,40
50,เชียงใหม่,7,แม่อาย,แม่อาย,12,3,47,ประชาไทย,1
50,เชียงใหม่,7,แม่อาย,แม่อาย,12,3,48,ไทยสร้างไทย,0
50,เชียงใหม่,7,แม่อาย,แม่อาย,12,3,49,ไทยก้าวใหม่,0
50,เชียงใหม่,7,แม่อาย,แม่อาย,12,3,50,ประชาอาสาชาติ,0
50,เชียงใหม่,7,แม่อาย,แม่อาย,12,3,51,พร้อม,0
50,เชียงใหม่,7,แม่อาย,แม่อาย,12,3,52,เครือข่ายชาวนาแห่งประเทศไทย,0
50,เชียงใหม่,7,แม่อาย,แม่อาย,12,3,53,ไทยพิทักษ์ธรรม,1
50,เชียงใหม่,7,แม่อาย,แม่อาย,12,3,54,ความหวังใหม่,0
50,เชียงใหม่,7,แม่อาย,แม่อาย,12,3,55,ไทยรวมไทย,1
50,เชียงใหม่,7,แม่อาย,แม่อาย,12,3,56,เพื่อบ้านเมือง,0
50,เชียงใหม่,7,แม่อาย,แม่อาย,12,3,57,พลังไทยรักชาติ,1
50,เชียงใหม่,7,แม่อาย,แม่อาย,13,4,1,ไทยทรัพย์ทวี,6
50,เชียงใหม่,7,แม่อาย,แม่อาย,13,4,2,เพื่อชาติไทย,6
50,เชียงใหม่,7,แม่อาย,แม่อาย,13,4,3,ใหม่,6
50,เชียงใหม่,7,แม่อาย,แม่อาย,13,4,4,มิติใหม่,3
50,เชียงใหม่,7,แม่อาย,แม่อาย,13,4,5,รวมใจไทย,26
50,เชียงใหม่,7,แม่อาย,แม่อาย,13,4,6,รวมไทยสร้างชาติ,6
50,เชียงใหม่,7,แม่อาย,แม่อาย,13,4,7,พลวัต,18
50,เชียงใหม่,7,แม่อาย,แม่อาย,13,4,8,ประชาธิปไตยใหม่,3
50,เชียงใหม่,7,แม่อาย,แม่อาย,13,4,9,เพื่อไทย,45
50,เชียงใหม่,7,แม่อาย,แม่อาย,13,4,10,ทางเลือกใหม่,1
50,เชียงใหม่,7,แม่อาย,แม่อาย,13,4,11,เศรษฐกิจ,5
50,เชียงใหม่,7,แม่อาย,แม่อาย,13,4,12,เสรีรวมไทย,4
50,เชียงใหม่,7,แม่อาย,แม่อาย,13,4,13,รวมพลังประชาชน,8
50,เชียงใหม่,7,แม่อาย,แม่อาย,13,4,14,ท้องที่ไทย,0
50,เชียงใหม่,7,แม่อาย,แม่อาย,13,4,15,อนาคตไทย,4
50,เชียงใหม่,7,แม่อาย,แม่อาย,13,4,16,พลังเพื่อไทย,5
50,เชียงใหม่,7,แม่อาย,แม่อาย,13,4,17,ไทยชนะ,2
50,เชียงใหม่,7,แม่อาย,แม่อาย,13,4,18,พลังสังคมใหม่,0
50,เชียงใหม่,7,แม่อาย,แม่อาย,13,4,19,สังคมประชาธิปไตย,0
50,เชียงใหม่,7,แม่อาย,แม่อาย,13,4,20,ฟิวชัน,1
50,เชียงใหม่,7,แม่อาย,แม่อาย,13,4,21,ไทยรวมพลัง,0
50,เชียงใหม่,7,แม่อาย,แม่อาย,13,4,22,ก้าวอิสระ,1
50,เชียงใหม่,7,แม่อาย,แม่อาย,13,4,23,ปวงชนไทย,0
50,เชียงใหม่,7,แม่อาย,แม่อาย,13,4,24,วิชชั่นใหม่,4
50,เชียงใหม่,7,แม่อาย,แม่อาย,13,4,25,เพื่อชีวิตใหม่,1
50,เชียงใหม่,7,แม่อาย,แม่อาย,13,4,26,คลองไทย,1
50,เชียงใหม่,7,แม่อาย,แม่อาย,13,4,27,ประชาธิปัตย์,9
50,เชียงใหม่,7,แม่อาย,แม่อาย,13,4,28,ไทยก้าวหน้า,0
50,เชียงใหม่,7,แม่อาย,แม่อาย,13,4,29,ไทยภักดี,1
50,เชียงใหม่,7,แม่อาย,แม่อาย,13,4,30,แรงงานสร้างชาติ,2
50,เชียงใหม่,7,แม่อาย,แม่อาย,13,4,31,ประชากรไทย,2
50,เชียงใหม่,7,แม่อาย,แม่อาย,13,4,32,ครูไทยเพื่อประชาชน,1
50,เชียงใหม่,7,แม่อาย,แม่อาย,13,4,33,ประชาชาติ,1
50,เชียงใหม่,7,แม่อาย,แม่อาย,13,4,34,สร้างอนาคตไทย,2
50,เชียงใหม่,7,แม่อาย,แม่อาย,13,4,35,รักชาติ,3
50,เชียงใหม่,7,แม่อาย,แม่อาย,13,4,36,ไทยพร้อม,0
50,เชียงใหม่,7,แม่อาย,แม่อาย,13,4,37,ภูมิใจไทย,12
50,เชียงใหม่,7,แม่อาย,แม่อาย,13,4,38,พลังธรรมใหม่,2
50,เชียงใหม่,7,แม่อาย,แม่อาย,13,4,39,กรีน,1
50,เชียงใหม่,7,แม่อาย,แม่อาย,13,4,40,ไทยธรรม,1
50,เชียงใหม่,7,แม่อาย,แม่อาย,13,4,41,แผ่นดินธรรม,0
50,เชียงใหม่,7,แม่อาย,แม่อาย,13,4,42,กล้าธรรม,46
50,เชียงใหม่,7,แม่อาย,แม่อาย,13,4,43,พลังประชารัฐ,5
50,เชียงใหม่,7,แม่อาย,แม่อาย,13,4,44,โอกาสใหม่,36
50,เชียงใหม่,7,แม่อาย,แม่อาย,13,4,45,เป็นธรรม,0
50,เชียงใหม่,7,แม่อาย,แม่อาย,13,4,46,ประชาชน,118
50,เชียงใหม่,7,แม่อาย,แม่อาย,13,4,47,ประชาไทย,3
50,เชียงใหม่,7,แม่อาย,แม่อาย,13,4,48,ไทยสร้างไทย,3
50,เชียงใหม่,7,แม่อาย,แม่อาย,13,4,49,ไทยก้าวใหม่,2
50,เชียงใหม่,7,แม่อาย,แม่อาย,13,4,50,ประชาอาสาชาติ,1
50,เชียงใหม่,7,แม่อาย,แม่อาย,13,4,51,พร้อม,0
50,เชียงใหม่,7,แม่อาย,แม่อาย,13,4,52,เครือข่ายชาวนาแห่งประเทศไทย,0
50,เชียงใหม่,7,แม่อาย,แม่อาย,13,4,53,ไทยพิทักษ์ธรรม,1
50,เชียงใหม่,7,แม่อาย,แม่อาย,13,4,54,ความหวังใหม่,1
50,เชียงใหม่,7,แม่อาย,แม่อาย,13,4,55,ไทยรวมไทย,1
50,เชียงใหม่,7,แม่อาย,แม่อาย,13,4,56,เพื่อบ้านเมือง,1
50,เชียงใหม่,7,แม่อาย,แม่อาย,13,4,57,พลังไทยรักชาติ,1
50,เชียงใหม่,7,แม่อาย,แม่อาย,14,5,1,ไทยทรัพย์ทวี,5
50,เชียงใหม่,7,แม่อาย,แม่อาย,14,5,2,เพื่อชาติไทย,4
50,เชียงใหม่,7,แม่อาย,แม่อาย,14,5,3,ใหม่,3
50,เชียงใหม่,7,แม่อาย,แม่อาย,14,5,4,มิติใหม่,1
50,เชียงใหม่,7,แม่อาย,แม่อาย,14,5,5,รวมใจไทย,4
50,เชียงใหม่,7,แม่อาย,แม่อาย,14,5,6,รวมไทยสร้างชาติ,5
50,เชียงใหม่,7,แม่อาย,แม่อาย,14,5,7,พลวัต,11
50,เชียงใหม่,7,แม่อาย,แม่อาย,14,5,8,ประชาธิปไตยใหม่,2
50,เชียงใหม่,7,แม่อาย,แม่อาย,14,5,9,เพื่อไทย,9
50,เชียงใหม่,7,แม่อาย,แม่อาย,14,5,10,ทางเลือกใหม่,1
50,เชียงใหม่,7,แม่อาย,แม่อาย,14,5,11,เศรษฐกิจ,2
50,เชียงใหม่,7,แม่อาย,แม่อาย,14,5,12,เสรีรวมไทย,1
50,เชียงใหม่,7,แม่อาย,แม่อาย,14,5,13,รวมพลังประชาชน,0
50,เชียงใหม่,7,แม่อาย,แม่อาย,14,5,14,ท้องที่ไทย,0
50,เชียงใหม่,7,แม่อาย,แม่อาย,14,5,15,อนาคตไทย,1
50,เชียงใหม่,7,แม่อาย,แม่อาย,14,5,16,พลังเพื่อไทย,1
50,เชียงใหม่,7,แม่อาย,แม่อาย,14,5,17,ไทยชนะ,1
50,เชียงใหม่,7,แม่อาย,แม่อาย,14,5,18,พลังสังคมใหม่,0
50,เชียงใหม่,7,แม่อาย,แม่อาย,14,5,19,สังคมประชาธิปไตย,0
50,เชียงใหม่,7,แม่อาย,แม่อาย,14,5,20,ฟิวชัน,0
50,เชียงใหม่,7,แม่อาย,แม่อาย,14,5,21,ไทยรวมพลัง,1
50,เชียงใหม่,7,แม่อาย,แม่อาย,14,5,22,ก้าวอิสระ,0
50,เชียงใหม่,7,แม่อาย,แม่อาย,14,5,23,ปวงชนไทย,3
50,เชียงใหม่,7,แม่อาย,แม่อาย,14,5,24,วิชชั่นใหม่,1
50,เชียงใหม่,7,แม่อาย,แม่อาย,14,5,25,เพื่อชีวิตใหม่,0
50,เชียงใหม่,7,แม่อาย,แม่อาย,14,5,26,คลองไทย,0
50,เชียงใหม่,7,แม่อาย,แม่อาย,14,5,27,ประชาธิปัตย์,20
50,เชียงใหม่,7,แม่อาย,แม่อาย,14,5,28,ไทยก้าวหน้า,0
50,เชียงใหม่,7,แม่อาย,แม่อาย,14,5,29,ไทยภักดี,1
50,เชียงใหม่,7,แม่อาย,แม่อาย,14,5,30,แรงงานสร้างชาติ,1
50,เชียงใหม่,7,แม่อาย,แม่อาย,14,5,31,ประชากรไทย,1
50,เชียงใหม่,7,แม่อาย,แม่อาย,14,5,32,ครูไทยเพื่อประชาชน,1
50,เชียงใหม่,7,แม่อาย,แม่อาย,14,5,33,ประชาชาติ,0
50,เชียงใหม่,7,แม่อาย,แม่อาย,14,5,34,สร้างอนาคตไทย,2
50,เชียงใหม่,7,แม่อาย,แม่อาย,14,5,35,รักชาติ,0
50,เชียงใหม่,7,แม่อาย,แม่อาย,14,5,36,ไทยพร้อม,0
50,เชียงใหม่,7,แม่อาย,แม่อาย,14,5,37,ภูมิใจไทย,7
50,เชียงใหม่,7,แม่อาย,แม่อาย,14,5,38,พลังธรรมใหม่,0
50,เชียงใหม่,7,แม่อาย,แม่อาย,14,5,39,กรีน,0
50,เชียงใหม่,7,แม่อาย,แม่อาย,14,5,40,ไทยธรรม,0
50,เชียงใหม่,7,แม่อาย,แม่อาย,14,5,41,แผ่นดินธรรม,0
50,เชียงใหม่,7,แม่อาย,แม่อาย,14,5,42,กล้าธรรม,8
50,เชียงใหม่,7,แม่อาย,แม่อาย,14,5,43,พลังประชารัฐ,7
50,เชียงใหม่,7,แม่อาย,แม่อาย,14,5,44,โอกาสใหม่,0
50,เชียงใหม่,7,แม่อาย,แม่อาย,14,5,45,เป็นธรรม,0
50,เชียงใหม่,7,แม่อาย,แม่อาย,14,5,46,ประชาชน,19
50,เชียงใหม่,7,แม่อาย,แม่อาย,14,5,47,ประชาไทย,0
50,เชียงใหม่,7,แม่อาย,แม่อาย,14,5,48,ไทยสร้างไทย,0
50,เชียงใหม่,7,แม่อาย,แม่อาย,14,5,49,ไทยก้าวใหม่,0
50,เชียงใหม่,7,แม่อาย,แม่อาย,14,5,50,ประชาอาสาชาติ,0
50,เชียงใหม่,7,แม่อาย,แม่อาย,14,5,51,พร้อม,1
50,เชียงใหม่,7,แม่อาย,แม่อาย,14,5,52,เครือข่ายชาวนาแห่งประเทศไทย,0
50,เชียงใหม่,7,แม่อาย,แม่อาย,14,5,53,ไทยพิทักษ์ธรรม,0
50,เชียงใหม่,7,แม่อาย,แม่อาย,14,5,54,ความหวังใหม่,0
50,เชียงใหม่,7,แม่อาย,แม่อาย,14,5,55,ไทยรวมไทย,1
50,เชียงใหม่,7,แม่อาย,แม่อาย,14,5,56,เพื่อบ้านเมือง,0
50,เชียงใหม่,7,แม่อาย,แม่อาย,14,5,57,พลังไทยรักชาติ,0
50,เชียงใหม่,7,แม่อาย,สันต้นหมื้อ,1,1,1,ไทยทรัพย์ทวี,1
50,เชียงใหม่,7,แม่อาย,สันต้นหมื้อ,1,1,2,เพื่อชาติไทย,11
50,เชียงใหม่,7,แม่อาย,สันต้นหมื้อ,1,1,3,ใหม่,1
50,เชียงใหม่,7,แม่อาย,สันต้นหมื้อ,1,1,4,มิติใหม่,0
50,เชียงใหม่,7,แม่อาย,สันต้นหมื้อ,1,1,5,รวมใจไทย,4
50,เชียงใหม่,7,แม่อาย,สันต้นหมื้อ,1,1,6,รวมไทยสร้างชาติ,12
50,เชียงใหม่,7,แม่อาย,สันต้นหมื้อ,1,1,7,พลวัต,5
50,เชียงใหม่,7,แม่อาย,สันต้นหมื้อ,1,1,8,ประชาธิปไตยใหม่,3
50,เชียงใหม่,7,แม่อาย,สันต้นหมื้อ,1,1,9,เพื่อไทย,130
50,เชียงใหม่,7,แม่อาย,สันต้นหมื้อ,1,1,10,ทางเลือกใหม่,2
50,เชียงใหม่,7,แม่อาย,สันต้นหมื้อ,1,1,11,เศรษฐกิจ,18
50,เชียงใหม่,7,แม่อาย,สันต้นหมื้อ,1,1,12,เสรีรวมไทย,1
50,เชียงใหม่,7,แม่อาย,สันต้นหมื้อ,1,1,13,รวมพลังประชาชน,9
50,เชียงใหม่,7,แม่อาย,สันต้นหมื้อ,1,1,14,ท้องที่ไทย,1
50,เชียงใหม่,7,แม่อาย,สันต้นหมื้อ,1,1,15,อนาคตไทย,0
50,เชียงใหม่,7,แม่อาย,สันต้นหมื้อ,1,1,16,พลังเพื่อไทย,1
50,เชียงใหม่,7,แม่อาย,สันต้นหมื้อ,1,1,17,ไทยชนะ,1
50,เชียงใหม่,7,แม่อาย,สันต้นหมื้อ,1,1,18,พลังสังคมใหม่,0
50,เชียงใหม่,7,แม่อาย,สันต้นหมื้อ,1,1,19,สังคมประชาธิปไตย,0
50,เชียงใหม่,7,แม่อาย,สันต้นหมื้อ,1,1,20,ฟิวชัน,0
50,เชียงใหม่,7,แม่อาย,สันต้นหมื้อ,1,1,21,ไทยรวมพลัง,0
50,เชียงใหม่,7,แม่อาย,สันต้นหมื้อ,1,1,22,ก้าวอิสระ,0
50,เชียงใหม่,7,แม่อาย,สันต้นหมื้อ,1,1,23,ปวงชนไทย,0
50,เชียงใหม่,7,แม่อาย,สันต้นหมื้อ,1,1,24,วิชชั่นใหม่,0
50,เชียงใหม่,7,แม่อาย,สันต้นหมื้อ,1,1,25,เพื่อชีวิตใหม่,0
50,เชียงใหม่,7,แม่อาย,สันต้นหมื้อ,1,1,26,คลองไทย,0
50,เชียงใหม่,7,แม่อาย,สันต้นหมื้อ,1,1,27,ประชาธิปัตย์,5
50,เชียงใหม่,7,แม่อาย,สันต้นหมื้อ,1,1,28,ไทยก้าวหน้า,0
50,เชียงใหม่,7,แม่อาย,สันต้นหมื้อ,1,1,29,ไทยภักดี,0
50,เชียงใหม่,7,แม่อาย,สันต้นหมื้อ,1,1,30,แรงงานสร้างชาติ,0
50,เชียงใหม่,7,แม่อาย,สันต้นหมื้อ,1,1,31,ประชากรไทย,1
50,เชียงใหม่,7,แม่อาย,สันต้นหมื้อ,1,1,32,ครูไทยเพื่อประชาชน,2
50,เชียงใหม่,7,แม่อาย,สันต้นหมื้อ,1,1,33,ประชาชาติ,1
50,เชียงใหม่,7,แม่อาย,สันต้นหมื้อ,1,1,34,สร้างอนาคตไทย,0
50,เชียงใหม่,7,แม่อาย,สันต้นหมื้อ,1,1,35,รักชาติ,2
50,เชียงใหม่,7,แม่อาย,สันต้นหมื้อ,1,1,36,ไทยพร้อม,1
50,เชียงใหม่,7,แม่อาย,สันต้นหมื้อ,1,1,37,ภูมิใจไทย,25
50,เชียงใหม่,7,แม่อาย,สันต้นหมื้อ,1,1,38,พลังธรรมใหม่,5
50,เชียงใหม่,7,แม่อาย,สันต้นหมื้อ,1,1,39,กรีน,0
50,เชียงใหม่,7,แม่อาย,สันต้นหมื้อ,1,1,40,ไทยธรรม,1
50,เชียงใหม่,7,แม่อาย,สันต้นหมื้อ,1,1,41,แผ่นดินธรรม,0
50,เชียงใหม่,7,แม่อาย,สันต้นหมื้อ,1,1,42,กล้าธรรม,20
50,เชียงใหม่,7,แม่อาย,สันต้นหมื้อ,1,1,43,พลังประชารัฐ,7
50,เชียงใหม่,7,แม่อาย,สันต้นหมื้อ,1,1,44,โอกาสใหม่,0
50,เชียงใหม่,7,แม่อาย,สันต้นหมื้อ,1,1,45,เป็นธรรม,1
50,เชียงใหม่,7,แม่อาย,สันต้นหมื้อ,1,1,46,ประชาชน,98
50,เชียงใหม่,7,แม่อาย,สันต้นหมื้อ,1,1,47,ประชาไทย,0
50,เชียงใหม่,7,แม่อาย,สันต้นหมื้อ,1,1,48,ไทยสร้างไทย,2
50,เชียงใหม่,7,แม่อาย,สันต้นหมื้อ,1,1,49,ไทยก้าวใหม่,1
50,เชียงใหม่,7,แม่อาย,สันต้นหมื้อ,1,1,50,ประชาอาสาชาติ,0
50,เชียงใหม่,7,แม่อาย,สันต้นหมื้อ,1,1,51,พร้อม,0
50,เชียงใหม่,7,แม่อาย,สันต้นหมื้อ,1,1,52,เครือข่ายชาวนาแห่งประเทศไทย,1
50,เชียงใหม่,7,แม่อาย,สันต้นหมื้อ,1,1,53,ไทยพิทักษ์ธรรม,0
50,เชียงใหม่,7,แม่อาย,สันต้นหมื้อ,1,1,54,ความหวังใหม่,1
50,เชียงใหม่,7,แม่อาย,สันต้นหมื้อ,1,1,55,ไทยรวมไทย,0
50,เชียงใหม่,7,แม่อาย,สันต้นหมื้อ,1,1,56,เพื่อบ้านเมือง,0
50,เชียงใหม่,7,แม่อาย,สันต้นหมื้อ,1,1,57,พลังไทยรักชาติ,0
50,เชียงใหม่,7,แม่อาย,สันต้นหมื้อ,2,2,1,ไทยทรัพย์ทวี,3
50,เชียงใหม่,7,แม่อาย,สันต้นหมื้อ,2,2,2,เพื่อชาติไทย,5
50,เชียงใหม่,7,แม่อาย,สันต้นหมื้อ,2,2,3,ใหม่,0
50,เชียงใหม่,7,แม่อาย,สันต้นหมื้อ,2,2,4,มิติใหม่,0
50,เชียงใหม่,7,แม่อาย,สันต้นหมื้อ,2,2,5,รวมใจไทย,5
50,เชียงใหม่,7,แม่อาย,สันต้นหมื้อ,2,2,6,รวมไทยสร้างชาติ,6
50,เชียงใหม่,7,แม่อาย,สันต้นหมื้อ,2,2,7,พลวัต,5
50,เชียงใหม่,7,แม่อาย,สันต้นหมื้อ,2,2,8,ประชาธิปไตยใหม่,1
50,เชียงใหม่,7,แม่อาย,สันต้นหมื้อ,2,2,9,เพื่อไทย,107
50,เชียงใหม่,7,แม่อาย,สันต้นหมื้อ,2,2,10,ทางเลือกใหม่,1
50,เชียงใหม่,7,แม่อาย,สันต้นหมื้อ,2,2,11,เศรษฐกิจ,5
50,เชียงใหม่,7,แม่อาย,สันต้นหมื้อ,2,2,12,เสรีรวมไทย,2
50,เชียงใหม่,7,แม่อาย,สันต้นหมื้อ,2,2,13,รวมพลังประชาชน,6
50,เชียงใหม่,7,แม่อาย,สันต้นหมื้อ,2,2,14,ท้องที่ไทย,0
50,เชียงใหม่,7,แม่อาย,สันต้นหมื้อ,2,2,15,อนาคตไทย,1
50,เชียงใหม่,7,แม่อาย,สันต้นหมื้อ,2,2,16,พลังเพื่อไทย,1
50,เชียงใหม่,7,แม่อาย,สันต้นหมื้อ,2,2,17,ไทยชนะ,1
50,เชียงใหม่,7,แม่อาย,สันต้นหมื้อ,2,2,18,พลังสังคมใหม่,0
50,เชียงใหม่,7,แม่อาย,สันต้นหมื้อ,2,2,19,สังคมประชาธิปไตย,0
50,เชียงใหม่,7,แม่อาย,สันต้นหมื้อ,2,2,20,ฟิวชัน,0
50,เชียงใหม่,7,แม่อาย,สันต้นหมื้อ,2,2,21,ไทยรวมพลัง,0
50,เชียงใหม่,7,แม่อาย,สันต้นหมื้อ,2,2,22,ก้าวอิสระ,0
50,เชียงใหม่,7,แม่อาย,สันต้นหมื้อ,2,2,23,ปวงชนไทย,0
50,เชียงใหม่,7,แม่อาย,สันต้นหมื้อ,2,2,24,วิชชั่นใหม่,0
50,เชียงใหม่,7,แม่อาย,สันต้นหมื้อ,2,2,25,เพื่อชีวิตใหม่,0
50,เชียงใหม่,7,แม่อาย,สันต้นหมื้อ,2,2,26,คลองไทย,0
50,เชียงใหม่,7,แม่อาย,สันต้นหมื้อ,2,2,27,ประชาธิปัตย์,2
50,เชียงใหม่,7,แม่อาย,สันต้นหมื้อ,2,2,28,ไทยก้าวหน้า,0
50,เชียงใหม่,7,แม่อาย,สันต้นหมื้อ,2,2,29,ไทยภักดี,0
50,เชียงใหม่,7,แม่อาย,สันต้นหมื้อ,2,2,30,แรงงานสร้างชาติ,0
50,เชียงใหม่,7,แม่อาย,สันต้นหมื้อ,2,2,31,ประชากรไทย,0
50,เชียงใหม่,7,แม่อาย,สันต้นหมื้อ,2,2,32,ครูไทยเพื่อประชาชน,0
50,เชียงใหม่,7,แม่อาย,สันต้นหมื้อ,2,2,33,ประชาชาติ,0
50,เชียงใหม่,7,แม่อาย,สันต้นหมื้อ,2,2,34,สร้างอนาคตไทย,0
50,เชียงใหม่,7,แม่อาย,สันต้นหมื้อ,2,2,35,รักชาติ,0
50,เชียงใหม่,7,แม่อาย,สันต้นหมื้อ,2,2,36,ไทยพร้อม,0
50,เชียงใหม่,7,แม่อาย,สันต้นหมื้อ,2,2,37,ภูมิใจไทย,15
50,เชียงใหม่,7,แม่อาย,สันต้นหมื้อ,2,2,38,พลังธรรมใหม่,2
50,เชียงใหม่,7,แม่อาย,สันต้นหมื้อ,2,2,39,กรีน,1
50,เชียงใหม่,7,แม่อาย,สันต้นหมื้อ,2,2,40,ไทยธรรม,0
50,เชียงใหม่,7,แม่อาย,สันต้นหมื้อ,2,2,41,แผ่นดินธรรม,0
50,เชียงใหม่,7,แม่อาย,สันต้นหมื้อ,2,2,42,กล้าธรรม,13
50,เชียงใหม่,7,แม่อาย,สันต้นหมื้อ,2,2,43,พลังประชารัฐ,2
50,เชียงใหม่,7,แม่อาย,สันต้นหมื้อ,2,2,44,โอกาสใหม่,0
50,เชียงใหม่,7,แม่อาย,สันต้นหมื้อ,2,2,45,เป็นธรรม,1
50,เชียงใหม่,7,แม่อาย,สันต้นหมื้อ,2,2,46,ประชาชน,67
50,เชียงใหม่,7,แม่อาย,สันต้นหมื้อ,2,2,47,ประชาไทย,0
50,เชียงใหม่,7,แม่อาย,สันต้นหมื้อ,2,2,48,ไทยสร้างไทย,0
50,เชียงใหม่,7,แม่อาย,สันต้นหมื้อ,2,2,49,ไทยก้าวใหม่,0
50,เชียงใหม่,7,แม่อาย,สันต้นหมื้อ,2,2,50,ประชาอาสาชาติ,0
50,เชียงใหม่,7,แม่อาย,สันต้นหมื้อ,2,2,51,พร้อม,0
50,เชียงใหม่,7,แม่อาย,สันต้นหมื้อ,2,2,52,เครือข่ายชาวนาแห่งประเทศไทย,0
50,เชียงใหม่,7,แม่อาย,สันต้นหมื้อ,2,2,53,ไทยพิทักษ์ธรรม,0
50,เชียงใหม่,7,แม่อาย,สันต้นหมื้อ,2,2,54,ความหวังใหม่,0
50,เชียงใหม่,7,แม่อาย,สันต้นหมื้อ,2,2,55,ไทยรวมไทย,0
50,เชียงใหม่,7,แม่อาย,สันต้นหมื้อ,2,2,56,เพื่อบ้านเมือง,0
50,เชียงใหม่,7,แม่อาย,สันต้นหมื้อ,2,2,57,พลังไทยรักชาติ,0
50,เชียงใหม่,7,แม่อาย,สันต้นหมื้อ,3,3,1,ไทยทรัพย์ทวี,1
50,เชียงใหม่,7,แม่อาย,สันต้นหมื้อ,3,3,2,เพื่อชาติไทย,7
50,เชียงใหม่,7,แม่อาย,สันต้นหมื้อ,3,3,3,ใหม่,1
50,เชียงใหม่,7,แม่อาย,สันต้นหมื้อ,3,3,4,มิติใหม่,0
50,เชียงใหม่,7,แม่อาย,สันต้นหมื้อ,3,3,5,รวมใจไทย,6
50,เชียงใหม่,7,แม่อาย,สันต้นหมื้อ,3,3,6,รวมไทยสร้างชาติ,11
50,เชียงใหม่,7,แม่อาย,สันต้นหมื้อ,3,3,7,พลวัต,4
50,เชียงใหม่,7,แม่อาย,สันต้นหมื้อ,3,3,8,ประชาธิปไตยใหม่,0
50,เชียงใหม่,7,แม่อาย,สันต้นหมื้อ,3,3,9,เพื่อไทย,85
50,เชียงใหม่,7,แม่อาย,สันต้นหมื้อ,3,3,10,ทางเลือกใหม่,1
50,เชียงใหม่,7,แม่อาย,สันต้นหมื้อ,3,3,11,เศรษฐกิจ,12
50,เชียงใหม่,7,แม่อาย,สันต้นหมื้อ,3,3,12,เสรีรวมไทย,1
50,เชียงใหม่,7,แม่อาย,สันต้นหมื้อ,3,3,13,รวมพลังประชาชน,1
50,เชียงใหม่,7,แม่อาย,สันต้นหมื้อ,3,3,14,ท้องที่ไทย,1
50,เชียงใหม่,7,แม่อาย,สันต้นหมื้อ,3,3,15,อนาคตไทย,0
50,เชียงใหม่,7,แม่อาย,สันต้นหมื้อ,3,3,16,พลังเพื่อไทย,0
50,เชียงใหม่,7,แม่อาย,สันต้นหมื้อ,3,3,17,ไทยชนะ,0
50,เชียงใหม่,7,แม่อาย,สันต้นหมื้อ,3,3,18,พลังสังคมใหม่,0
50,เชียงใหม่,7,แม่อาย,สันต้นหมื้อ,3,3,19,สังคมประชาธิปไตย,0
50,เชียงใหม่,7,แม่อาย,สันต้นหมื้อ,3,3,20,ฟิวชัน,0
50,เชียงใหม่,7,แม่อาย,สันต้นหมื้อ,3,3,21,ไทยรวมพลัง,0
50,เชียงใหม่,7,แม่อาย,สันต้นหมื้อ,3,3,22,ก้าวอิสระ,0
50,เชียงใหม่,7,แม่อาย,สันต้นหมื้อ,3,3,23,ปวงชนไทย,0
50,เชียงใหม่,7,แม่อาย,สันต้นหมื้อ,3,3,24,วิชชั่นใหม่,0
50,เชียงใหม่,7,แม่อาย,สันต้นหมื้อ,3,3,25,เพื่อชีวิตใหม่,0
50,เชียงใหม่,7,แม่อาย,สันต้นหมื้อ,3,3,26,คลองไทย,0
50,เชียงใหม่,7,แม่อาย,สันต้นหมื้อ,3,3,27,ประชาธิปัตย์,9
50,เชียงใหม่,7,แม่อาย,สันต้นหมื้อ,3,3,28,ไทยก้าวหน้า,1
50,เชียงใหม่,7,แม่อาย,สันต้นหมื้อ,3,3,29,ไทยภักดี,0
50,เชียงใหม่,7,แม่อาย,สันต้นหมื้อ,3,3,30,แรงงานสร้างชาติ,0
50,เชียงใหม่,7,แม่อาย,สันต้นหมื้อ,3,3,31,ประชากรไทย,1
50,เชียงใหม่,7,แม่อาย,สันต้นหมื้อ,3,3,32,ครูไทยเพื่อประชาชน,0
50,เชียงใหม่,7,แม่อาย,สันต้นหมื้อ,3,3,33,ประชาชาติ,1
50,เชียงใหม่,7,แม่อาย,สันต้นหมื้อ,3,3,34,สร้างอนาคตไทย,0
50,เชียงใหม่,7,แม่อาย,สันต้นหมื้อ,3,3,35,รักชาติ,0
50,เชียงใหม่,7,แม่อาย,สันต้นหมื้อ,3,3,36,ไทยพร้อม,1
50,เชียงใหม่,7,แม่อาย,สันต้นหมื้อ,3,3,37,ภูมิใจไทย,28
50,เชียงใหม่,7,แม่อาย,สันต้นหมื้อ,3,3,38,พลังธรรมใหม่,2
50,เชียงใหม่,7,แม่อาย,สันต้นหมื้อ,3,3,39,กรีน,0
50,เชียงใหม่,7,แม่อาย,สันต้นหมื้อ,3,3,40,ไทยธรรม,0
50,เชียงใหม่,7,แม่อาย,สันต้นหมื้อ,3,3,41,แผ่นดินธรรม,0
50,เชียงใหม่,7,แม่อาย,สันต้นหมื้อ,3,3,42,กล้าธรรม,12
50,เชียงใหม่,7,แม่อาย,สันต้นหมื้อ,3,3,43,พลังประชารัฐ,9
50,เชียงใหม่,7,แม่อาย,สันต้นหมื้อ,3,3,44,โอกาสใหม่,0
50,เชียงใหม่,7,แม่อาย,สันต้นหมื้อ,3,3,45,เป็นธรรม,1
50,เชียงใหม่,7,แม่อาย,สันต้นหมื้อ,3,3,46,ประชาชน,68
50,เชียงใหม่,7,แม่อาย,สันต้นหมื้อ,3,3,47,ประชาไทย,0
50,เชียงใหม่,7,แม่อาย,สันต้นหมื้อ,3,3,48,ไทยสร้างไทย,1
50,เชียงใหม่,7,แม่อาย,สันต้นหมื้อ,3,3,49,ไทยก้าวใหม่,0
50,เชียงใหม่,7,แม่อาย,สันต้นหมื้อ,3,3,50,ประชาอาสาชาติ,0
50,เชียงใหม่,7,แม่อาย,สันต้นหมื้อ,3,3,51,พร้อม,0
50,เชียงใหม่,7,แม่อาย,สันต้นหมื้อ,3,3,52,เครือข่ายชาวนาแห่งประเทศไทย,0
50,เชียงใหม่,7,แม่อาย,สันต้นหมื้อ,3,3,53,ไทยพิทักษ์ธรรม,0
50,เชียงใหม่,7,แม่อาย,สันต้นหมื้อ,3,3,54,ความหวังใหม่,1
50,เชียงใหม่,7,แม่อาย,สันต้นหมื้อ,3,3,55,ไทยรวมไทย,0
50,เชียงใหม่,7,แม่อาย,สันต้นหมื้อ,3,3,56,เพื่อบ้านเมือง,0
50,เชียงใหม่,7,แม่อาย,สันต้นหมื้อ,3,3,57,พลังไทยรักชาติ,0
50,เชียงใหม่,7,แม่อาย,สันต้นหมื้อ,4,4,1,ไทยทรัพย์ทวี,1
50,เชียงใหม่,7,แม่อาย,สันต้นหมื้อ,4,4,2,เพื่อชาติไทย,2
50,เชียงใหม่,7,แม่อาย,สันต้นหมื้อ,4,4,3,ใหม่,0
50,เชียงใหม่,7,แม่อาย,สันต้นหมื้อ,4,4,4,มิติใหม่,0
50,เชียงใหม่,7,แม่อาย,สันต้นหมื้อ,4,4,5,รวมใจไทย,10
50,เชียงใหม่,7,แม่อาย,สันต้นหมื้อ,4,4,6,รวมไทยสร้างชาติ,8
50,เชียงใหม่,7,แม่อาย,สันต้นหมื้อ,4,4,7,พลวัต,1
50,เชียงใหม่,7,แม่อาย,สันต้นหมื้อ,4,4,8,ประชาธิปไตยใหม่,0
50,เชียงใหม่,7,แม่อาย,สันต้นหมื้อ,4,4,9,เพื่อไทย,114
50,เชียงใหม่,7,แม่อาย,สันต้นหมื้อ,4,4,10,ทางเลือกใหม่,1
50,เชียงใหม่,7,แม่อาย,สันต้นหมื้อ,4,4,11,เศรษฐกิจ,2
50,เชียงใหม่,7,แม่อาย,สันต้นหมื้อ,4,4,12,เสรีรวมไทย,0
50,เชียงใหม่,7,แม่อาย,สันต้นหมื้อ,4,4,13,รวมพลังประชาชน,0
50,เชียงใหม่,7,แม่อาย,สันต้นหมื้อ,4,4,14,ท้องที่ไทย,1
50,เชียงใหม่,7,แม่อาย,สันต้นหมื้อ,4,4,15,อนาคตไทย,1
50,เชียงใหม่,7,แม่อาย,สันต้นหมื้อ,4,4,16,พลังเพื่อไทย,1
50,เชียงใหม่,7,แม่อาย,สันต้นหมื้อ,4,4,17,ไทยชนะ,0
50,เชียงใหม่,7,แม่อาย,สันต้นหมื้อ,4,4,18,พลังสังคมใหม่,0
50,เชียงใหม่,7,แม่อาย,สันต้นหมื้อ,4,4,19,สังคมประชาธิปไตย,0
50,เชียงใหม่,7,แม่อาย,สันต้นหมื้อ,4,4,20,ฟิวชัน,0
50,เชียงใหม่,7,แม่อาย,สันต้นหมื้อ,4,4,21,ไทยรวมพลัง,0
50,เชียงใหม่,7,แม่อาย,สันต้นหมื้อ,4,4,22,ก้าวอิสระ,0
50,เชียงใหม่,7,แม่อาย,สันต้นหมื้อ,4,4,23,ปวงชนไทย,0
50,เชียงใหม่,7,แม่อาย,สันต้นหมื้อ,4,4,24,วิชชั่นใหม่,0
50,เชียงใหม่,7,แม่อาย,สันต้นหมื้อ,4,4,25,เพื่อชีวิตใหม่,0
50,เชียงใหม่,7,แม่อาย,สันต้นหมื้อ,4,4,26,คลองไทย,0
50,เชียงใหม่,7,แม่อาย,สันต้นหมื้อ,4,4,27,ประชาธิปัตย์,4
50,เชียงใหม่,7,แม่อาย,สันต้นหมื้อ,4,4,28,ไทยก้าวหน้า,1
50,เชียงใหม่,7,แม่อาย,สันต้นหมื้อ,4,4,29,ไทยภักดี,0
50,เชียงใหม่,7,แม่อาย,สันต้นหมื้อ,4,4,30,แรงงานสร้างชาติ,1
50,เชียงใหม่,7,แม่อาย,สันต้นหมื้อ,4,4,31,ประชากรไทย,0
50,เชียงใหม่,7,แม่อาย,สันต้นหมื้อ,4,4,32,ครูไทยเพื่อประชาชน,0
50,เชียงใหม่,7,แม่อาย,สันต้นหมื้อ,4,4,33,ประชาชาติ,0
50,เชียงใหม่,7,แม่อาย,สันต้นหมื้อ,4,4,34,สร้างอนาคตไทย,0
50,เชียงใหม่,7,แม่อาย,สันต้นหมื้อ,4,4,35,รักชาติ,1
50,เชียงใหม่,7,แม่อาย,สันต้นหมื้อ,4,4,36,ไทยพร้อม,1
50,เชียงใหม่,7,แม่อาย,สันต้นหมื้อ,4,4,37,ภูมิใจไทย,13
50,เชียงใหม่,7,แม่อาย,สันต้นหมื้อ,4,4,38,พลังธรรมใหม่,1
50,เชียงใหม่,7,แม่อาย,สันต้นหมื้อ,4,4,39,กรีน,0
50,เชียงใหม่,7,แม่อาย,สันต้นหมื้อ,4,4,40,ไทยธรรม,1
50,เชียงใหม่,7,แม่อาย,สันต้นหมื้อ,4,4,41,แผ่นดินธรรม,0
50,เชียงใหม่,7,แม่อาย,สันต้นหมื้อ,4,4,42,กล้าธรรม,14
50,เชียงใหม่,7,แม่อาย,สันต้นหมื้อ,4,4,43,พลังประชารัฐ,2
50,เชียงใหม่,7,แม่อาย,สันต้นหมื้อ,4,4,44,โอกาสใหม่,0
50,เชียงใหม่,7,แม่อาย,สันต้นหมื้อ,4,4,45,เป็นธรรม,0
50,เชียงใหม่,7,แม่อาย,สันต้นหมื้อ,4,4,46,ประชาชน,87
50,เชียงใหม่,7,แม่อาย,สันต้นหมื้อ,4,4,47,ประชาไทย,0
50,เชียงใหม่,7,แม่อาย,สันต้นหมื้อ,4,4,48,ไทยสร้างไทย,3
50,เชียงใหม่,7,แม่อาย,สันต้นหมื้อ,4,4,49,ไทยก้าวใหม่,0
50,เชียงใหม่,7,แม่อาย,สันต้นหมื้อ,4,4,50,ประชาอาสาชาติ,0
50,เชียงใหม่,7,แม่อาย,สันต้นหมื้อ,4,4,51,พร้อม,0
50,เชียงใหม่,7,แม่อาย,สันต้นหมื้อ,4,4,52,เครือข่ายชาวนาแห่งประเทศไทย,0
50,เชียงใหม่,7,แม่อาย,สันต้นหมื้อ,4,4,53,ไทยพิทักษ์ธรรม,0
50,เชียงใหม่,7,แม่อาย,สันต้นหมื้อ,4,4,54,ความหวังใหม่,0
50,เชียงใหม่,7,แม่อาย,สันต้นหมื้อ,4,4,55,ไทยรวมไทย,0
50,เชียงใหม่,7,แม่อาย,สันต้นหมื้อ,4,4,56,เพื่อบ้านเมือง,0
50,เชียงใหม่,7,แม่อาย,สันต้นหมื้อ,4,4,57,พลังไทยรักชาติ,0
50,เชียงใหม่,7,แม่อาย,สันต้นหมื้อ,5,5,1,ไทยทรัพย์ทวี,2
50,เชียงใหม่,7,แม่อาย,สันต้นหมื้อ,5,5,2,เพื่อชาติไทย,10
50,เชียงใหม่,7,แม่อาย,สันต้นหมื้อ,5,5,3,ใหม่,0
50,เชียงใหม่,7,แม่อาย,สันต้นหมื้อ,5,5,4,มิติใหม่,1
50,เชียงใหม่,7,แม่อาย,สันต้นหมื้อ,5,5,5,รวมใจไทย,4
50,เชียงใหม่,7,แม่อาย,สันต้นหมื้อ,5,5,6,รวมไทยสร้างชาติ,10
50,เชียงใหม่,7,แม่อาย,สันต้นหมื้อ,5,5,7,พลวัต,4
50,เชียงใหม่,7,แม่อาย,สันต้นหมื้อ,5,5,8,ประชาธิปไตยใหม่,0
50,เชียงใหม่,7,แม่อาย,สันต้นหมื้อ,5,5,9,เพื่อไทย,119
50,เชียงใหม่,7,แม่อาย,สันต้นหมื้อ,5,5,10,ทางเลือกใหม่,1
50,เชียงใหม่,7,แม่อาย,สันต้นหมื้อ,5,5,11,เศรษฐกิจ,10
50,เชียงใหม่,7,แม่อาย,สันต้นหมื้อ,5,5,12,เสรีรวมไทย,4
50,เชียงใหม่,7,แม่อาย,สันต้นหมื้อ,5,5,13,รวมพลังประชาชน,0
50,เชียงใหม่,7,แม่อาย,สันต้นหมื้อ,5,5,14,ท้องที่ไทย,0
50,เชียงใหม่,7,แม่อาย,สันต้นหมื้อ,5,5,15,อนาคตไทย,0
50,เชียงใหม่,7,แม่อาย,สันต้นหมื้อ,5,5,16,พลังเพื่อไทย,1
50,เชียงใหม่,7,แม่อาย,สันต้นหมื้อ,5,5,17,ไทยชนะ,2
50,เชียงใหม่,7,แม่อาย,สันต้นหมื้อ,5,5,18,พลังสังคมใหม่,0
50,เชียงใหม่,7,แม่อาย,สันต้นหมื้อ,5,5,19,สังคมประชาธิปไตย,0
50,เชียงใหม่,7,แม่อาย,สันต้นหมื้อ,5,5,20,ฟิวชัน,0
50,เชียงใหม่,7,แม่อาย,สันต้นหมื้อ,5,5,21,ไทยรวมพลัง,0
50,เชียงใหม่,7,แม่อาย,สันต้นหมื้อ,5,5,22,ก้าวอิสระ,1
50,เชียงใหม่,7,แม่อาย,สันต้นหมื้อ,5,5,23,ปวงชนไทย,0
50,เชียงใหม่,7,แม่อาย,สันต้นหมื้อ,5,5,24,วิชชั่นใหม่,1
50,เชียงใหม่,7,แม่อาย,สันต้นหมื้อ,5,5,25,เพื่อชีวิตใหม่,0
50,เชียงใหม่,7,แม่อาย,สันต้นหมื้อ,5,5,26,คลองไทย,1
50,เชียงใหม่,7,แม่อาย,สันต้นหมื้อ,5,5,27,ประชาธิปัตย์,3
50,เชียงใหม่,7,แม่อาย,สันต้นหมื้อ,5,5,28,ไทยก้าวหน้า,0
50,เชียงใหม่,7,แม่อาย,สันต้นหมื้อ,5,5,29,ไทยภักดี,3
50,เชียงใหม่,7,แม่อาย,สันต้นหมื้อ,5,5,30,แรงงานสร้างชาติ,1
50,เชียงใหม่,7,แม่อาย,สันต้นหมื้อ,5,5,31,ประชากรไทย,0
50,เชียงใหม่,7,แม่อาย,สันต้นหมื้อ,5,5,32,ครูไทยเพื่อประชาชน,0
50,เชียงใหม่,7,แม่อาย,สันต้นหมื้อ,5,5,33,ประชาชาติ,0
50,เชียงใหม่,7,แม่อาย,สันต้นหมื้อ,5,5,34,สร้างอนาคตไทย,0
50,เชียงใหม่,7,แม่อาย,สันต้นหมื้อ,5,5,35,รักชาติ,1
50,เชียงใหม่,7,แม่อาย,สันต้นหมื้อ,5,5,36,ไทยพร้อม,0
50,เชียงใหม่,7,แม่อาย,สันต้นหมื้อ,5,5,37,ภูมิใจไทย,12
50,เชียงใหม่,7,แม่อาย,สันต้นหมื้อ,5,5,38,พลังธรรมใหม่,6
50,เชียงใหม่,7,แม่อาย,สันต้นหมื้อ,5,5,39,กรีน,2
50,เชียงใหม่,7,แม่อาย,สันต้นหมื้อ,5,5,40,ไทยธรรม,0
50,เชียงใหม่,7,แม่อาย,สันต้นหมื้อ,5,5,41,แผ่นดินธรรม,0
50,เชียงใหม่,7,แม่อาย,สันต้นหมื้อ,5,5,42,กล้าธรรม,10
50,เชียงใหม่,7,แม่อาย,สันต้นหมื้อ,5,5,43,พลังประชารัฐ,5
50,เชียงใหม่,7,แม่อาย,สันต้นหมื้อ,5,5,44,โอกาสใหม่,0
50,เชียงใหม่,7,แม่อาย,สันต้นหมื้อ,5,5,45,เป็นธรรม,1
50,เชียงใหม่,7,แม่อาย,สันต้นหมื้อ,5,5,46,ประชาชน,94
50,เชียงใหม่,7,แม่อาย,สันต้นหมื้อ,5,5,47,ประชาไทย,0
50,เชียงใหม่,7,แม่อาย,สันต้นหมื้อ,5,5,48,ไทยสร้างไทย,0
50,เชียงใหม่,7,แม่อาย,สันต้นหมื้อ,5,5,49,ไทยก้าวใหม่,2
50,เชียงใหม่,7,แม่อาย,สันต้นหมื้อ,5,5,50,ประชาอาสาชาติ,0
50,เชียงใหม่,7,แม่อาย,สันต้นหมื้อ,5,5,51,พร้อม,0
50,เชียงใหม่,7,แม่อาย,สันต้นหมื้อ,5,5,52,เครือข่ายชาวนาแห่งประเทศไทย,0
50,เชียงใหม่,7,แม่อาย,สันต้นหมื้อ,5,5,53,ไทยพิทักษ์ธรรม,0
50,เชียงใหม่,7,แม่อาย,สันต้นหมื้อ,5,5,54,ความหวังใหม่,0
50,เชียงใหม่,7,แม่อาย,สันต้นหมื้อ,5,5,55,ไทยรวมไทย,0
50,เชียงใหม่,7,แม่อาย,สันต้นหมื้อ,5,5,56,เพื่อบ้านเมือง,0
50,เชียงใหม่,7,แม่อาย,สันต้นหมื้อ,5,5,57,พลังไทยรักชาติ,1
50,เชียงใหม่,7,แม่อาย,สันต้นหมื้อ,6,6,1,ไทยทรัพย์ทวี,2
50,เชียงใหม่,7,แม่อาย,สันต้นหมื้อ,6,6,2,เพื่อชาติไทย,2
50,เชียงใหม่,7,แม่อาย,สันต้นหมื้อ,6,6,3,ใหม่,0
50,เชียงใหม่,7,แม่อาย,สันต้นหมื้อ,6,6,4,มิติใหม่,0
50,เชียงใหม่,7,แม่อาย,สันต้นหมื้อ,6,6,5,รวมใจไทย,7
50,เชียงใหม่,7,แม่อาย,สันต้นหมื้อ,6,6,6,รวมไทยสร้างชาติ,6
50,เชียงใหม่,7,แม่อาย,สันต้นหมื้อ,6,6,7,พลวัต,1
50,เชียงใหม่,7,แม่อาย,สันต้นหมื้อ,6,6,8,ประชาธิปไตยใหม่,0
50,เชียงใหม่,7,แม่อาย,สันต้นหมื้อ,6,6,9,เพื่อไทย,56
50,เชียงใหม่,7,แม่อาย,สันต้นหมื้อ,6,6,10,ทางเลือกใหม่,3
50,เชียงใหม่,7,แม่อาย,สันต้นหมื้อ,6,6,11,เศรษฐกิจ,11
50,เชียงใหม่,7,แม่อาย,สันต้นหมื้อ,6,6,12,เสรีรวมไทย,0
50,เชียงใหม่,7,แม่อาย,สันต้นหมื้อ,6,6,13,รวมพลังประชาชน,1
50,เชียงใหม่,7,แม่อาย,สันต้นหมื้อ,6,6,14,ท้องที่ไทย,1
50,เชียงใหม่,7,แม่อาย,สันต้นหมื้อ,6,6,15,อนาคตไทย,0
50,เชียงใหม่,7,แม่อาย,สันต้นหมื้อ,6,6,16,พลังเพื่อไทย,0
50,เชียงใหม่,7,แม่อาย,สันต้นหมื้อ,6,6,17,ไทยชนะ,0
50,เชียงใหม่,7,แม่อาย,สันต้นหมื้อ,6,6,18,พลังสังคมใหม่,0
50,เชียงใหม่,7,แม่อาย,สันต้นหมื้อ,6,6,19,สังคมประชาธิปไตย,0
50,เชียงใหม่,7,แม่อาย,สันต้นหมื้อ,6,6,20,ฟิวชัน,0
50,เชียงใหม่,7,แม่อาย,สันต้นหมื้อ,6,6,21,ไทยรวมพลัง,0
50,เชียงใหม่,7,แม่อาย,สันต้นหมื้อ,6,6,22,ก้าวอิสระ,0
50,เชียงใหม่,7,แม่อาย,สันต้นหมื้อ,6,6,23,ปวงชนไทย,0
50,เชียงใหม่,7,แม่อาย,สันต้นหมื้อ,6,6,24,วิชชั่นใหม่,0
50,เชียงใหม่,7,แม่อาย,สันต้นหมื้อ,6,6,25,เพื่อชีวิตใหม่,0
50,เชียงใหม่,7,แม่อาย,สันต้นหมื้อ,6,6,26,คลองไทย,0
50,เชียงใหม่,7,แม่อาย,สันต้นหมื้อ,6,6,27,ประชาธิปัตย์,1
50,เชียงใหม่,7,แม่อาย,สันต้นหมื้อ,6,6,28,ไทยก้าวหน้า,1
50,เชียงใหม่,7,แม่อาย,สันต้นหมื้อ,6,6,29,ไทยภักดี,1
50,เชียงใหม่,7,แม่อาย,สันต้นหมื้อ,6,6,30,แรงงานสร้างชาติ,1
50,เชียงใหม่,7,แม่อาย,สันต้นหมื้อ,6,6,31,ประชากรไทย,1
50,เชียงใหม่,7,แม่อาย,สันต้นหมื้อ,6,6,32,ครูไทยเพื่อประชาชน,0
50,เชียงใหม่,7,แม่อาย,สันต้นหมื้อ,6,6,33,ประชาชาติ,1
50,เชียงใหม่,7,แม่อาย,สันต้นหมื้อ,6,6,34,สร้างอนาคตไทย,1
50,เชียงใหม่,7,แม่อาย,สันต้นหมื้อ,6,6,35,รักชาติ,0
50,เชียงใหม่,7,แม่อาย,สันต้นหมื้อ,6,6,36,ไทยพร้อม,1
50,เชียงใหม่,7,แม่อาย,สันต้นหมื้อ,6,6,37,ภูมิใจไทย,17
50,เชียงใหม่,7,แม่อาย,สันต้นหมื้อ,6,6,38,พลังธรรมใหม่,0
50,เชียงใหม่,7,แม่อาย,สันต้นหมื้อ,6,6,39,กรีน,1
50,เชียงใหม่,7,แม่อาย,สันต้นหมื้อ,6,6,40,ไทยธรรม,0
50,เชียงใหม่,7,แม่อาย,สันต้นหมื้อ,6,6,41,แผ่นดินธรรม,0
50,เชียงใหม่,7,แม่อาย,สันต้นหมื้อ,6,6,42,กล้าธรรม,18
50,เชียงใหม่,7,แม่อาย,สันต้นหมื้อ,6,6,43,พลังประชารัฐ,3
50,เชียงใหม่,7,แม่อาย,สันต้นหมื้อ,6,6,44,โอกาสใหม่,0
50,เชียงใหม่,7,แม่อาย,สันต้นหมื้อ,6,6,45,เป็นธรรม,0
50,เชียงใหม่,7,แม่อาย,สันต้นหมื้อ,6,6,46,ประชาชน,83
50,เชียงใหม่,7,แม่อาย,สันต้นหมื้อ,6,6,47,ประชาไทย,0
50,เชียงใหม่,7,แม่อาย,สันต้นหมื้อ,6,6,48,ไทยสร้างไทย,0
50,เชียงใหม่,7,แม่อาย,สันต้นหมื้อ,6,6,49,ไทยก้าวใหม่,1
50,เชียงใหม่,7,แม่อาย,สันต้นหมื้อ,6,6,50,ประชาอาสาชาติ,0
50,เชียงใหม่,7,แม่อาย,สันต้นหมื้อ,6,6,51,พร้อม,0
50,เชียงใหม่,7,แม่อาย,สันต้นหมื้อ,6,6,52,เครือข่ายชาวนาแห่งประเทศไทย,0
50,เชียงใหม่,7,แม่อาย,สันต้นหมื้อ,6,6,53,ไทยพิทักษ์ธรรม,0
50,เชียงใหม่,7,แม่อาย,สันต้นหมื้อ,6,6,54,ความหวังใหม่,0
50,เชียงใหม่,7,แม่อาย,สันต้นหมื้อ,6,6,55,ไทยรวมไทย,0
50,เชียงใหม่,7,แม่อาย,สันต้นหมื้อ,6,6,56,เพื่อบ้านเมือง,0
50,เชียงใหม่,7,แม่อาย,สันต้นหมื้อ,6,6,57,พลังไทยรักชาติ,0
50,เชียงใหม่,7,แม่อาย,สันต้นหมื้อ,6,7,1,ไทยทรัพย์ทวี,2
50,เชียงใหม่,7,แม่อาย,สันต้นหมื้อ,6,7,2,เพื่อชาติไทย,1
50,เชียงใหม่,7,แม่อาย,สันต้นหมื้อ,6,7,3,ใหม่,1
50,เชียงใหม่,7,แม่อาย,สันต้นหมื้อ,6,7,4,มิติใหม่,0
50,เชียงใหม่,7,แม่อาย,สันต้นหมื้อ,6,7,5,รวมใจไทย,6
50,เชียงใหม่,7,แม่อาย,สันต้นหมื้อ,6,7,6,รวมไทยสร้างชาติ,4
50,เชียงใหม่,7,แม่อาย,สันต้นหมื้อ,6,7,7,พลวัต,3
50,เชียงใหม่,7,แม่อาย,สันต้นหมื้อ,6,7,8,ประชาธิปไตยใหม่,0
50,เชียงใหม่,7,แม่อาย,สันต้นหมื้อ,6,7,9,เพื่อไทย,56
50,เชียงใหม่,7,แม่อาย,สันต้นหมื้อ,6,7,10,ทางเลือกใหม่,2
50,เชียงใหม่,7,แม่อาย,สันต้นหมื้อ,6,7,11,เศรษฐกิจ,4
50,เชียงใหม่,7,แม่อาย,สันต้นหมื้อ,6,7,12,เสรีรวมไทย,0
50,เชียงใหม่,7,แม่อาย,สันต้นหมื้อ,6,7,13,รวมพลังประชาชน,1
50,เชียงใหม่,7,แม่อาย,สันต้นหมื้อ,6,7,14,ท้องที่ไทย,0
50,เชียงใหม่,7,แม่อาย,สันต้นหมื้อ,6,7,15,อนาคตไทย,0
50,เชียงใหม่,7,แม่อาย,สันต้นหมื้อ,6,7,16,พลังเพื่อไทย,0
50,เชียงใหม่,7,แม่อาย,สันต้นหมื้อ,6,7,17,ไทยชนะ,0
50,เชียงใหม่,7,แม่อาย,สันต้นหมื้อ,6,7,18,พลังสังคมใหม่,0
50,เชียงใหม่,7,แม่อาย,สันต้นหมื้อ,6,7,19,สังคมประชาธิปไตย,0
50,เชียงใหม่,7,แม่อาย,สันต้นหมื้อ,6,7,20,ฟิวชัน,0
50,เชียงใหม่,7,แม่อาย,สันต้นหมื้อ,6,7,21,ไทยรวมพลัง,0
50,เชียงใหม่,7,แม่อาย,สันต้นหมื้อ,6,7,22,ก้าวอิสระ,1
50,เชียงใหม่,7,แม่อาย,สันต้นหมื้อ,6,7,23,ปวงชนไทย,1
50,เชียงใหม่,7,แม่อาย,สันต้นหมื้อ,6,7,24,วิชชั่นใหม่,0
50,เชียงใหม่,7,แม่อาย,สันต้นหมื้อ,6,7,25,เพื่อชีวิตใหม่,0
50,เชียงใหม่,7,แม่อาย,สันต้นหมื้อ,6,7,26,คลองไทย,0
50,เชียงใหม่,7,แม่อาย,สันต้นหมื้อ,6,7,27,ประชาธิปัตย์,7
50,เชียงใหม่,7,แม่อาย,สันต้นหมื้อ,6,7,28,ไทยก้าวหน้า,1
50,เชียงใหม่,7,แม่อาย,สันต้นหมื้อ,6,7,29,ไทยภักดี,2
50,เชียงใหม่,7,แม่อาย,สันต้นหมื้อ,6,7,30,แรงงานสร้างชาติ,0
50,เชียงใหม่,7,แม่อาย,สันต้นหมื้อ,6,7,31,ประชากรไทย,0
50,เชียงใหม่,7,แม่อาย,สันต้นหมื้อ,6,7,32,ครูไทยเพื่อประชาชน,2
50,เชียงใหม่,7,แม่อาย,สันต้นหมื้อ,6,7,33,ประชาชาติ,0
50,เชียงใหม่,7,แม่อาย,สันต้นหมื้อ,6,7,34,สร้างอนาคตไทย,1
50,เชียงใหม่,7,แม่อาย,สันต้นหมื้อ,6,7,35,รักชาติ,0
50,เชียงใหม่,7,แม่อาย,สันต้นหมื้อ,6,7,36,ไทยพร้อม,0
50,เชียงใหม่,7,แม่อาย,สันต้นหมื้อ,6,7,37,ภูมิใจไทย,8
50,เชียงใหม่,7,แม่อาย,สันต้นหมื้อ,6,7,38,พลังธรรมใหม่,3
50,เชียงใหม่,7,แม่อาย,สันต้นหมื้อ,6,7,39,กรีน,0
50,เชียงใหม่,7,แม่อาย,สันต้นหมื้อ,6,7,40,ไทยธรรม,0
50,เชียงใหม่,7,แม่อาย,สันต้นหมื้อ,6,7,41,แผ่นดินธรรม,0
50,เชียงใหม่,7,แม่อาย,สันต้นหมื้อ,6,7,42,กล้าธรรม,21
50,เชียงใหม่,7,แม่อาย,สันต้นหมื้อ,6,7,43,พลังประชารัฐ,8
50,เชียงใหม่,7,แม่อาย,สันต้นหมื้อ,6,7,44,โอกาสใหม่,0
50,เชียงใหม่,7,แม่อาย,สันต้นหมื้อ,6,7,45,เป็นธรรม,0
50,เชียงใหม่,7,แม่อาย,สันต้นหมื้อ,6,7,46,ประชาชน,81
50,เชียงใหม่,7,แม่อาย,สันต้นหมื้อ,6,7,47,ประชาไทย,0
50,เชียงใหม่,7,แม่อาย,สันต้นหมื้อ,6,7,48,ไทยสร้างไทย,0
50,เชียงใหม่,7,แม่อาย,สันต้นหมื้อ,6,7,49,ไทยก้าวใหม่,0
50,เชียงใหม่,7,แม่อาย,สันต้นหมื้อ,6,7,50,ประชาอาสาชาติ,0
50,เชียงใหม่,7,แม่อาย,สันต้นหมื้อ,6,7,51,พร้อม,1
50,เชียงใหม่,7,แม่อาย,สันต้นหมื้อ,6,7,52,เครือข่ายชาวนาแห่งประเทศไทย,0
50,เชียงใหม่,7,แม่อาย,สันต้นหมื้อ,6,7,53,ไทยพิทักษ์ธรรม,0
50,เชียงใหม่,7,แม่อาย,สันต้นหมื้อ,6,7,54,ความหวังใหม่,0
50,เชียงใหม่,7,แม่อาย,สันต้นหมื้อ,6,7,55,ไทยรวมไทย,0
50,เชียงใหม่,7,แม่อาย,สันต้นหมื้อ,6,7,56,เพื่อบ้านเมือง,0
50,เชียงใหม่,7,แม่อาย,สันต้นหมื้อ,6,7,57,พลังไทยรักชาติ,0
50,เชียงใหม่,7,แม่อาย,สันต้นหมื้อ,7,8,1,ไทยทรัพย์ทวี,0
50,เชียงใหม่,7,แม่อาย,สันต้นหมื้อ,7,8,2,เพื่อชาติไทย,2
50,เชียงใหม่,7,แม่อาย,สันต้นหมื้อ,7,8,3,ใหม่,0
50,เชียงใหม่,7,แม่อาย,สันต้นหมื้อ,7,8,4,มิติใหม่,0
50,เชียงใหม่,7,แม่อาย,สันต้นหมื้อ,7,8,5,รวมใจไทย,4
50,เชียงใหม่,7,แม่อาย,สันต้นหมื้อ,7,8,6,รวมไทยสร้างชาติ,3
50,เชียงใหม่,7,แม่อาย,สันต้นหมื้อ,7,8,7,พลวัต,2
50,เชียงใหม่,7,แม่อาย,สันต้นหมื้อ,7,8,8,ประชาธิปไตยใหม่,0
50,เชียงใหม่,7,แม่อาย,สันต้นหมื้อ,7,8,9,เพื่อไทย,68
50,เชียงใหม่,7,แม่อาย,สันต้นหมื้อ,7,8,10,ทางเลือกใหม่,0
50,เชียงใหม่,7,แม่อาย,สันต้นหมื้อ,7,8,11,เศรษฐกิจ,0
50,เชียงใหม่,7,แม่อาย,สันต้นหมื้อ,7,8,12,เสรีรวมไทย,0
50,เชียงใหม่,7,แม่อาย,สันต้นหมื้อ,7,8,13,รวมพลังประชาชน,0
50,เชียงใหม่,7,แม่อาย,สันต้นหมื้อ,7,8,14,ท้องที่ไทย,0
50,เชียงใหม่,7,แม่อาย,สันต้นหมื้อ,7,8,15,อนาคตไทย,0
50,เชียงใหม่,7,แม่อาย,สันต้นหมื้อ,7,8,16,พลังเพื่อไทย,1
50,เชียงใหม่,7,แม่อาย,สันต้นหมื้อ,7,8,17,ไทยชนะ,0
50,เชียงใหม่,7,แม่อาย,สันต้นหมื้อ,7,8,18,พลังสังคมใหม่,0
50,เชียงใหม่,7,แม่อาย,สันต้นหมื้อ,7,8,19,สังคมประชาธิปไตย,0
50,เชียงใหม่,7,แม่อาย,สันต้นหมื้อ,7,8,20,ฟิวชัน,1
50,เชียงใหม่,7,แม่อาย,สันต้นหมื้อ,7,8,21,ไทยรวมพลัง,0
50,เชียงใหม่,7,แม่อาย,สันต้นหมื้อ,7,8,22,ก้าวอิสระ,0
50,เชียงใหม่,7,แม่อาย,สันต้นหมื้อ,7,8,23,ปวงชนไทย,0
50,เชียงใหม่,7,แม่อาย,สันต้นหมื้อ,7,8,24,วิชชั่นใหม่,1
50,เชียงใหม่,7,แม่อาย,สันต้นหมื้อ,7,8,25,เพื่อชีวิตใหม่,0
50,เชียงใหม่,7,แม่อาย,สันต้นหมื้อ,7,8,26,คลองไทย,0
50,เชียงใหม่,7,แม่อาย,สันต้นหมื้อ,7,8,27,ประชาธิปัตย์,1
50,เชียงใหม่,7,แม่อาย,สันต้นหมื้อ,7,8,28,ไทยก้าวหน้า,0
50,เชียงใหม่,7,แม่อาย,สันต้นหมื้อ,7,8,29,ไทยภักดี,1
50,เชียงใหม่,7,แม่อาย,สันต้นหมื้อ,7,8,30,แรงงานสร้างชาติ,0
50,เชียงใหม่,7,แม่อาย,สันต้นหมื้อ,7,8,31,ประชากรไทย,0
50,เชียงใหม่,7,แม่อาย,สันต้นหมื้อ,7,8,32,ครูไทยเพื่อประชาชน,0
50,เชียงใหม่,7,แม่อาย,สันต้นหมื้อ,7,8,33,ประชาชาติ,0
50,เชียงใหม่,7,แม่อาย,สันต้นหมื้อ,7,8,34,สร้างอนาคตไทย,1
50,เชียงใหม่,7,แม่อาย,สันต้นหมื้อ,7,8,35,รักชาติ,2
50,เชียงใหม่,7,แม่อาย,สันต้นหมื้อ,7,8,36,ไทยพร้อม,0
50,เชียงใหม่,7,แม่อาย,สันต้นหมื้อ,7,8,37,ภูมิใจไทย,10
50,เชียงใหม่,7,แม่อาย,สันต้นหมื้อ,7,8,38,พลังธรรมใหม่,5
50,เชียงใหม่,7,แม่อาย,สันต้นหมื้อ,7,8,39,กรีน,0
50,เชียงใหม่,7,แม่อาย,สันต้นหมื้อ,7,8,40,ไทยธรรม,0
50,เชียงใหม่,7,แม่อาย,สันต้นหมื้อ,7,8,41,แผ่นดินธรรม,1
50,เชียงใหม่,7,แม่อาย,สันต้นหมื้อ,7,8,42,กล้าธรรม,4
50,เชียงใหม่,7,แม่อาย,สันต้นหมื้อ,7,8,43,พลังประชารัฐ,2
50,เชียงใหม่,7,แม่อาย,สันต้นหมื้อ,7,8,44,โอกาสใหม่,0
50,เชียงใหม่,7,แม่อาย,สันต้นหมื้อ,7,8,45,เป็นธรรม,0
50,เชียงใหม่,7,แม่อาย,สันต้นหมื้อ,7,8,46,ประชาชน,48
50,เชียงใหม่,7,แม่อาย,สันต้นหมื้อ,7,8,47,ประชาไทย,0
50,เชียงใหม่,7,แม่อาย,สันต้นหมื้อ,7,8,48,ไทยสร้างไทย,0
50,เชียงใหม่,7,แม่อาย,สันต้นหมื้อ,7,8,49,ไทยก้าวใหม่,0
50,เชียงใหม่,7,แม่อาย,สันต้นหมื้อ,7,8,50,ประชาอาสาชาติ,0
50,เชียงใหม่,7,แม่อาย,สันต้นหมื้อ,7,8,51,พร้อม,0
50,เชียงใหม่,7,แม่อาย,สันต้นหมื้อ,7,8,52,เครือข่ายชาวนาแห่งประเทศไทย,0
50,เชียงใหม่,7,แม่อาย,สันต้นหมื้อ,7,8,53,ไทยพิทักษ์ธรรม,0
50,เชียงใหม่,7,แม่อาย,สันต้นหมื้อ,7,8,54,ความหวังใหม่,0
50,เชียงใหม่,7,แม่อาย,สันต้นหมื้อ,7,8,55,ไทยรวมไทย,0
50,เชียงใหม่,7,แม่อาย,สันต้นหมื้อ,7,8,56,เพื่อบ้านเมือง,0
50,เชียงใหม่,7,แม่อาย,สันต้นหมื้อ,7,8,57,พลังไทยรักชาติ,0
50,เชียงใหม่,7,แม่อาย,สันต้นหมื้อ,8,9,1,ไทยทรัพย์ทวี,0
50,เชียงใหม่,7,แม่อาย,สันต้นหมื้อ,8,9,2,เพื่อชาติไทย,3
50,เชียงใหม่,7,แม่อาย,สันต้นหมื้อ,8,9,3,ใหม่,1
50,เชียงใหม่,7,แม่อาย,สันต้นหมื้อ,8,9,4,มิติใหม่,1
50,เชียงใหม่,7,แม่อาย,สันต้นหมื้อ,8,9,5,รวมใจไทย,5
50,เชียงใหม่,7,แม่อาย,สันต้นหมื้อ,8,9,6,รวมไทยสร้างชาติ,8
50,เชียงใหม่,7,แม่อาย,สันต้นหมื้อ,8,9,7,พลวัต,3
50,เชียงใหม่,7,แม่อาย,สันต้นหมื้อ,8,9,8,ประชาธิปไตยใหม่,2
50,เชียงใหม่,7,แม่อาย,สันต้นหมื้อ,8,9,9,เพื่อไทย,91
50,เชียงใหม่,7,แม่อาย,สันต้นหมื้อ,8,9,10,ทางเลือกใหม่,0
50,เชียงใหม่,7,แม่อาย,สันต้นหมื้อ,8,9,11,เศรษฐกิจ,6
50,เชียงใหม่,7,แม่อาย,สันต้นหมื้อ,8,9,12,เสรีรวมไทย,0
50,เชียงใหม่,7,แม่อาย,สันต้นหมื้อ,8,9,13,รวมพลังประชาชน,1
50,เชียงใหม่,7,แม่อาย,สันต้นหมื้อ,8,9,14,ท้องที่ไทย,0
50,เชียงใหม่,7,แม่อาย,สันต้นหมื้อ,8,9,15,อนาคตไทย,0
50,เชียงใหม่,7,แม่อาย,สันต้นหมื้อ,8,9,16,พลังเพื่อไทย,0
50,เชียงใหม่,7,แม่อาย,สันต้นหมื้อ,8,9,17,ไทยชนะ,1
50,เชียงใหม่,7,แม่อาย,สันต้นหมื้อ,8,9,18,พลังสังคมใหม่,0
50,เชียงใหม่,7,แม่อาย,สันต้นหมื้อ,8,9,19,สังคมประชาธิปไตย,0
50,เชียงใหม่,7,แม่อาย,สันต้นหมื้อ,8,9,20,ฟิวชัน,0
50,เชียงใหม่,7,แม่อาย,สันต้นหมื้อ,8,9,21,ไทยรวมพลัง,0
50,เชียงใหม่,7,แม่อาย,สันต้นหมื้อ,8,9,22,ก้าวอิสระ,0
50,เชียงใหม่,7,แม่อาย,สันต้นหมื้อ,8,9,23,ปวงชนไทย,0
50,เชียงใหม่,7,แม่อาย,สันต้นหมื้อ,8,9,24,วิชชั่นใหม่,1
50,เชียงใหม่,7,แม่อาย,สันต้นหมื้อ,8,9,25,เพื่อชีวิตใหม่,0
50,เชียงใหม่,7,แม่อาย,สันต้นหมื้อ,8,9,26,คลองไทย,0
50,เชียงใหม่,7,แม่อาย,สันต้นหมื้อ,8,9,27,ประชาธิปัตย์,1
50,เชียงใหม่,7,แม่อาย,สันต้นหมื้อ,8,9,28,ไทยก้าวหน้า,1
50,เชียงใหม่,7,แม่อาย,สันต้นหมื้อ,8,9,29,ไทยภักดี,2
50,เชียงใหม่,7,แม่อาย,สันต้นหมื้อ,8,9,30,แรงงานสร้างชาติ,0
50,เชียงใหม่,7,แม่อาย,สันต้นหมื้อ,8,9,31,ประชากรไทย,1
50,เชียงใหม่,7,แม่อาย,สันต้นหมื้อ,8,9,32,ครูไทยเพื่อประชาชน,0
50,เชียงใหม่,7,แม่อาย,สันต้นหมื้อ,8,9,33,ประชาชาติ,0
50,เชียงใหม่,7,แม่อาย,สันต้นหมื้อ,8,9,34,สร้างอนาคตไทย,0
50,เชียงใหม่,7,แม่อาย,สันต้นหมื้อ,8,9,35,รักชาติ,1
50,เชียงใหม่,7,แม่อาย,สันต้นหมื้อ,8,9,36,ไทยพร้อม,1
50,เชียงใหม่,7,แม่อาย,สันต้นหมื้อ,8,9,37,ภูมิใจไทย,19
50,เชียงใหม่,7,แม่อาย,สันต้นหมื้อ,8,9,38,พลังธรรมใหม่,0
50,เชียงใหม่,7,แม่อาย,สันต้นหมื้อ,8,9,39,กรีน,0
50,เชียงใหม่,7,แม่อาย,สันต้นหมื้อ,8,9,40,ไทยธรรม,0
50,เชียงใหม่,7,แม่อาย,สันต้นหมื้อ,8,9,41,แผ่นดินธรรม,0
50,เชียงใหม่,7,แม่อาย,สันต้นหมื้อ,8,9,42,กล้าธรรม,16
50,เชียงใหม่,7,แม่อาย,สันต้นหมื้อ,8,9,43,พลังประชารัฐ,3
50,เชียงใหม่,7,แม่อาย,สันต้นหมื้อ,8,9,44,โอกาสใหม่,0
50,เชียงใหม่,7,แม่อาย,สันต้นหมื้อ,8,9,45,เป็นธรรม,0
50,เชียงใหม่,7,แม่อาย,สันต้นหมื้อ,8,9,46,ประชาชน,79
50,เชียงใหม่,7,แม่อาย,สันต้นหมื้อ,8,9,47,ประชาไทย,0
50,เชียงใหม่,7,แม่อาย,สันต้นหมื้อ,8,9,48,ไทยสร้างไทย,1
50,เชียงใหม่,7,แม่อาย,สันต้นหมื้อ,8,9,49,ไทยก้าวใหม่,0
50,เชียงใหม่,7,แม่อาย,สันต้นหมื้อ,8,9,50,ประชาอาสาชาติ,0
50,เชียงใหม่,7,แม่อาย,สันต้นหมื้อ,8,9,51,พร้อม,0
50,เชียงใหม่,7,แม่อาย,สันต้นหมื้อ,8,9,52,เครือข่ายชาวนาแห่งประเทศไทย,0
50,เชียงใหม่,7,แม่อาย,สันต้นหมื้อ,8,9,53,ไทยพิทักษ์ธรรม,0
50,เชียงใหม่,7,แม่อาย,สันต้นหมื้อ,8,9,54,ความหวังใหม่,0
50,เชียงใหม่,7,แม่อาย,สันต้นหมื้อ,8,9,55,ไทยรวมไทย,0
50,เชียงใหม่,7,แม่อาย,สันต้นหมื้อ,8,9,56,เพื่อบ้านเมือง,0
50,เชียงใหม่,7,แม่อาย,สันต้นหมื้อ,8,9,57,พลังไทยรักชาติ,0
50,เชียงใหม่,7,แม่อาย,สันต้นหมื้อ,9,10,1,ไทยทรัพย์ทวี,1
50,เชียงใหม่,7,แม่อาย,สันต้นหมื้อ,9,10,2,เพื่อชาติไทย,3
50,เชียงใหม่,7,แม่อาย,สันต้นหมื้อ,9,10,3,ใหม่,0
50,เชียงใหม่,7,แม่อาย,สันต้นหมื้อ,9,10,4,มิติใหม่,0
50,เชียงใหม่,7,แม่อาย,สันต้นหมื้อ,9,10,5,รวมใจไทย,2
50,เชียงใหม่,7,แม่อาย,สันต้นหมื้อ,9,10,6,รวมไทยสร้างชาติ,4
50,เชียงใหม่,7,แม่อาย,สันต้นหมื้อ,9,10,7,พลวัต,1
50,เชียงใหม่,7,แม่อาย,สันต้นหมื้อ,9,10,8,ประชาธิปไตยใหม่,0
50,เชียงใหม่,7,แม่อาย,สันต้นหมื้อ,9,10,9,เพื่อไทย,70
50,เชียงใหม่,7,แม่อาย,สันต้นหมื้อ,9,10,10,ทางเลือกใหม่,2
50,เชียงใหม่,7,แม่อาย,สันต้นหมื้อ,9,10,11,เศรษฐกิจ,0
50,เชียงใหม่,7,แม่อาย,สันต้นหมื้อ,9,10,12,เสรีรวมไทย,2
50,เชียงใหม่,7,แม่อาย,สันต้นหมื้อ,9,10,13,รวมพลังประชาชน,0
50,เชียงใหม่,7,แม่อาย,สันต้นหมื้อ,9,10,14,ท้องที่ไทย,0
50,เชียงใหม่,7,แม่อาย,สันต้นหมื้อ,9,10,15,อนาคตไทย,0
50,เชียงใหม่,7,แม่อาย,สันต้นหมื้อ,9,10,16,พลังเพื่อไทย,0
50,เชียงใหม่,7,แม่อาย,สันต้นหมื้อ,9,10,17,ไทยชนะ,0
50,เชียงใหม่,7,แม่อาย,สันต้นหมื้อ,9,10,18,พลังสังคมใหม่,0
50,เชียงใหม่,7,แม่อาย,สันต้นหมื้อ,9,10,19,สังคมประชาธิปไตย,0
50,เชียงใหม่,7,แม่อาย,สันต้นหมื้อ,9,10,20,ฟิวชัน,0
50,เชียงใหม่,7,แม่อาย,สันต้นหมื้อ,9,10,21,ไทยรวมพลัง,0
50,เชียงใหม่,7,แม่อาย,สันต้นหมื้อ,9,10,22,ก้าวอิสระ,0
50,เชียงใหม่,7,แม่อาย,สันต้นหมื้อ,9,10,23,ปวงชนไทย,0
50,เชียงใหม่,7,แม่อาย,สันต้นหมื้อ,9,10,24,วิชชั่นใหม่,0
50,เชียงใหม่,7,แม่อาย,สันต้นหมื้อ,9,10,25,เพื่อชีวิตใหม่,0
50,เชียงใหม่,7,แม่อาย,สันต้นหมื้อ,9,10,26,คลองไทย,0
50,เชียงใหม่,7,แม่อาย,สันต้นหมื้อ,9,10,27,ประชาธิปัตย์,0
50,เชียงใหม่,7,แม่อาย,สันต้นหมื้อ,9,10,28,ไทยก้าวหน้า,0
50,เชียงใหม่,7,แม่อาย,สันต้นหมื้อ,9,10,29,ไทยภักดี,0
50,เชียงใหม่,7,แม่อาย,สันต้นหมื้อ,9,10,30,แรงงานสร้างชาติ,0
50,เชียงใหม่,7,แม่อาย,สันต้นหมื้อ,9,10,31,ประชากรไทย,0
50,เชียงใหม่,7,แม่อาย,สันต้นหมื้อ,9,10,32,ครูไทยเพื่อประชาชน,0
50,เชียงใหม่,7,แม่อาย,สันต้นหมื้อ,9,10,33,ประชาชาติ,0
50,เชียงใหม่,7,แม่อาย,สันต้นหมื้อ,9,10,34,สร้างอนาคตไทย,0
50,เชียงใหม่,7,แม่อาย,สันต้นหมื้อ,9,10,35,รักชาติ,0
50,เชียงใหม่,7,แม่อาย,สันต้นหมื้อ,9,10,36,ไทยพร้อม,0
50,เชียงใหม่,7,แม่อาย,สันต้นหมื้อ,9,10,37,ภูมิใจไทย,4
50,เชียงใหม่,7,แม่อาย,สันต้นหมื้อ,9,10,38,พลังธรรมใหม่,0
50,เชียงใหม่,7,แม่อาย,สันต้นหมื้อ,9,10,39,กรีน,0
50,เชียงใหม่,7,แม่อาย,สันต้นหมื้อ,9,10,40,ไทยธรรม,0
50,เชียงใหม่,7,แม่อาย,สันต้นหมื้อ,9,10,41,แผ่นดินธรรม,0
50,เชียงใหม่,7,แม่อาย,สันต้นหมื้อ,9,10,42,กล้าธรรม,13
50,เชียงใหม่,7,แม่อาย,สันต้นหมื้อ,9,10,43,พลังประชารัฐ,4
50,เชียงใหม่,7,แม่อาย,สันต้นหมื้อ,9,10,44,โอกาสใหม่,0
50,เชียงใหม่,7,แม่อาย,สันต้นหมื้อ,9,10,45,เป็นธรรม,0
50,เชียงใหม่,7,แม่อาย,สันต้นหมื้อ,9,10,46,ประชาชน,39
50,เชียงใหม่,7,แม่อาย,สันต้นหมื้อ,9,10,47,ประชาไทย,0
50,เชียงใหม่,7,แม่อาย,สันต้นหมื้อ,9,10,48,ไทยสร้างไทย,1
50,เชียงใหม่,7,แม่อาย,สันต้นหมื้อ,9,10,49,ไทยก้าวใหม่,0
50,เชียงใหม่,7,แม่อาย,สันต้นหมื้อ,9,10,50,ประชาอาสาชาติ,0
50,เชียงใหม่,7,แม่อาย,สันต้นหมื้อ,9,10,51,พร้อม,0
50,เชียงใหม่,7,แม่อาย,สันต้นหมื้อ,9,10,52,เครือข่ายชาวนาแห่งประเทศไทย,0
50,เชียงใหม่,7,แม่อาย,สันต้นหมื้อ,9,10,53,ไทยพิทักษ์ธรรม,0
50,เชียงใหม่,7,แม่อาย,สันต้นหมื้อ,9,10,54,ความหวังใหม่,0
50,เชียงใหม่,7,แม่อาย,สันต้นหมื้อ,9,10,55,ไทยรวมไทย,0
50,เชียงใหม่,7,แม่อาย,สันต้นหมื้อ,9,10,56,เพื่อบ้านเมือง,0
50,เชียงใหม่,7,แม่อาย,สันต้นหมื้อ,9,10,57,พลังไทยรักชาติ,0
50,เชียงใหม่,7,แม่อาย,สันต้นหมื้อ,10,11,1,ไทยทรัพย์ทวี,2
50,เชียงใหม่,7,แม่อาย,สันต้นหมื้อ,10,11,2,เพื่อชาติไทย,2
50,เชียงใหม่,7,แม่อาย,สันต้นหมื้อ,10,11,3,ใหม่,0
50,เชียงใหม่,7,แม่อาย,สันต้นหมื้อ,10,11,4,มิติใหม่,0
50,เชียงใหม่,7,แม่อาย,สันต้นหมื้อ,10,11,5,รวมใจไทย,0
50,เชียงใหม่,7,แม่อาย,สันต้นหมื้อ,10,11,6,รวมไทยสร้างชาติ,6
50,เชียงใหม่,7,แม่อาย,สันต้นหมื้อ,10,11,7,พลวัต,1
50,เชียงใหม่,7,แม่อาย,สันต้นหมื้อ,10,11,8,ประชาธิปไตยใหม่,0
50,เชียงใหม่,7,แม่อาย,สันต้นหมื้อ,10,11,9,เพื่อไทย,71
50,เชียงใหม่,7,แม่อาย,สันต้นหมื้อ,10,11,10,ทางเลือกใหม่,0
50,เชียงใหม่,7,แม่อาย,สันต้นหมื้อ,10,11,11,เศรษฐกิจ,2
50,เชียงใหม่,7,แม่อาย,สันต้นหมื้อ,10,11,12,เสรีรวมไทย,0
50,เชียงใหม่,7,แม่อาย,สันต้นหมื้อ,10,11,13,รวมพลังประชาชน,1
50,เชียงใหม่,7,แม่อาย,สันต้นหมื้อ,10,11,14,ท้องที่ไทย,0
50,เชียงใหม่,7,แม่อาย,สันต้นหมื้อ,10,11,15,อนาคตไทย,0
50,เชียงใหม่,7,แม่อาย,สันต้นหมื้อ,10,11,16,พลังเพื่อไทย,2
50,เชียงใหม่,7,แม่อาย,สันต้นหมื้อ,10,11,17,ไทยชนะ,0
50,เชียงใหม่,7,แม่อาย,สันต้นหมื้อ,10,11,18,พลังสังคมใหม่,0
50,เชียงใหม่,7,แม่อาย,สันต้นหมื้อ,10,11,19,สังคมประชาธิปไตย,0
50,เชียงใหม่,7,แม่อาย,สันต้นหมื้อ,10,11,20,ฟิวชัน,0
50,เชียงใหม่,7,แม่อาย,สันต้นหมื้อ,10,11,21,ไทยรวมพลัง,0
50,เชียงใหม่,7,แม่อาย,สันต้นหมื้อ,10,11,22,ก้าวอิสระ,0
50,เชียงใหม่,7,แม่อาย,สันต้นหมื้อ,10,11,23,ปวงชนไทย,0
50,เชียงใหม่,7,แม่อาย,สันต้นหมื้อ,10,11,24,วิชชั่นใหม่,0
50,เชียงใหม่,7,แม่อาย,สันต้นหมื้อ,10,11,25,เพื่อชีวิตใหม่,0
50,เชียงใหม่,7,แม่อาย,สันต้นหมื้อ,10,11,26,คลองไทย,0
50,เชียงใหม่,7,แม่อาย,สันต้นหมื้อ,10,11,27,ประชาธิปัตย์,2
50,เชียงใหม่,7,แม่อาย,สันต้นหมื้อ,10,11,28,ไทยก้าวหน้า,0
50,เชียงใหม่,7,แม่อาย,สันต้นหมื้อ,10,11,29,ไทยภักดี,0
50,เชียงใหม่,7,แม่อาย,สันต้นหมื้อ,10,11,30,แรงงานสร้างชาติ,0
50,เชียงใหม่,7,แม่อาย,สันต้นหมื้อ,10,11,31,ประชากรไทย,1
50,เชียงใหม่,7,แม่อาย,สันต้นหมื้อ,10,11,32,ครูไทยเพื่อประชาชน,0
50,เชียงใหม่,7,แม่อาย,สันต้นหมื้อ,10,11,33,ประชาชาติ,0
50,เชียงใหม่,7,แม่อาย,สันต้นหมื้อ,10,11,34,สร้างอนาคตไทย,0
50,เชียงใหม่,7,แม่อาย,สันต้นหมื้อ,10,11,35,รักชาติ,1
50,เชียงใหม่,7,แม่อาย,สันต้นหมื้อ,10,11,36,ไทยพร้อม,0
50,เชียงใหม่,7,แม่อาย,สันต้นหมื้อ,10,11,37,ภูมิใจไทย,12
50,เชียงใหม่,7,แม่อาย,สันต้นหมื้อ,10,11,38,พลังธรรมใหม่,1
50,เชียงใหม่,7,แม่อาย,สันต้นหมื้อ,10,11,39,กรีน,0
50,เชียงใหม่,7,แม่อาย,สันต้นหมื้อ,10,11,40,ไทยธรรม,0
50,เชียงใหม่,7,แม่อาย,สันต้นหมื้อ,10,11,41,แผ่นดินธรรม,0
50,เชียงใหม่,7,แม่อาย,สันต้นหมื้อ,10,11,42,กล้าธรรม,10
50,เชียงใหม่,7,แม่อาย,สันต้นหมื้อ,10,11,43,พลังประชารัฐ,1
50,เชียงใหม่,7,แม่อาย,สันต้นหมื้อ,10,11,44,โอกาสใหม่,0
50,เชียงใหม่,7,แม่อาย,สันต้นหมื้อ,10,11,45,เป็นธรรม,0
50,เชียงใหม่,7,แม่อาย,สันต้นหมื้อ,10,11,46,ประชาชน,64
50,เชียงใหม่,7,แม่อาย,สันต้นหมื้อ,10,11,47,ประชาไทย,1
50,เชียงใหม่,7,แม่อาย,สันต้นหมื้อ,10,11,48,ไทยสร้างไทย,5
50,เชียงใหม่,7,แม่อาย,สันต้นหมื้อ,10,11,49,ไทยก้าวใหม่,0
50,เชียงใหม่,7,แม่อาย,สันต้นหมื้อ,10,11,50,ประชาอาสาชาติ,0
50,เชียงใหม่,7,แม่อาย,สันต้นหมื้อ,10,11,51,พร้อม,0
50,เชียงใหม่,7,แม่อาย,สันต้นหมื้อ,10,11,52,เครือข่ายชาวนาแห่งประเทศไทย,0
50,เชียงใหม่,7,แม่อาย,สันต้นหมื้อ,10,11,53,ไทยพิทักษ์ธรรม,0
50,เชียงใหม่,7,แม่อาย,สันต้นหมื้อ,10,11,54,ความหวังใหม่,0
50,เชียงใหม่,7,แม่อาย,สันต้นหมื้อ,10,11,55,ไทยรวมไทย,0
50,เชียงใหม่,7,แม่อาย,สันต้นหมื้อ,10,11,56,เพื่อบ้านเมือง,0
50,เชียงใหม่,7,แม่อาย,สันต้นหมื้อ,10,11,57,พลังไทยรักชาติ,0
50,เชียงใหม่,7,แม่อาย,สันต้นหมื้อ,11,12,1,ไทยทรัพย์ทวี,0
50,เชียงใหม่,7,แม่อาย,สันต้นหมื้อ,11,12,2,เพื่อชาติไทย,3
50,เชียงใหม่,7,แม่อาย,สันต้นหมื้อ,11,12,3,ใหม่,1
50,เชียงใหม่,7,แม่อาย,สันต้นหมื้อ,11,12,4,มิติใหม่,1
50,เชียงใหม่,7,แม่อาย,สันต้นหมื้อ,11,12,5,รวมใจไทย,5
50,เชียงใหม่,7,แม่อาย,สันต้นหมื้อ,11,12,6,รวมไทยสร้างชาติ,0
50,เชียงใหม่,7,แม่อาย,สันต้นหมื้อ,11,12,7,พลวัต,2
50,เชียงใหม่,7,แม่อาย,สันต้นหมื้อ,11,12,8,ประชาธิปไตยใหม่,1
50,เชียงใหม่,7,แม่อาย,สันต้นหมื้อ,11,12,9,เพื่อไทย,67
50,เชียงใหม่,7,แม่อาย,สันต้นหมื้อ,11,12,10,ทางเลือกใหม่,1
50,เชียงใหม่,7,แม่อาย,สันต้นหมื้อ,11,12,11,เศรษฐกิจ,7
50,เชียงใหม่,7,แม่อาย,สันต้นหมื้อ,11,12,12,เสรีรวมไทย,0
50,เชียงใหม่,7,แม่อาย,สันต้นหมื้อ,11,12,13,รวมพลังประชาชน,2
50,เชียงใหม่,7,แม่อาย,สันต้นหมื้อ,11,12,14,ท้องที่ไทย,0
50,เชียงใหม่,7,แม่อาย,สันต้นหมื้อ,11,12,15,อนาคตไทย,0
50,เชียงใหม่,7,แม่อาย,สันต้นหมื้อ,11,12,16,พลังเพื่อไทย,0
50,เชียงใหม่,7,แม่อาย,สันต้นหมื้อ,11,12,17,ไทยชนะ,0
50,เชียงใหม่,7,แม่อาย,สันต้นหมื้อ,11,12,18,พลังสังคมใหม่,0
50,เชียงใหม่,7,แม่อาย,สันต้นหมื้อ,11,12,19,สังคมประชาธิปไตย,0
50,เชียงใหม่,7,แม่อาย,สันต้นหมื้อ,11,12,20,ฟิวชัน,0
50,เชียงใหม่,7,แม่อาย,สันต้นหมื้อ,11,12,21,ไทยรวมพลัง,0
50,เชียงใหม่,7,แม่อาย,สันต้นหมื้อ,11,12,22,ก้าวอิสระ,1
50,เชียงใหม่,7,แม่อาย,สันต้นหมื้อ,11,12,23,ปวงชนไทย,0
50,เชียงใหม่,7,แม่อาย,สันต้นหมื้อ,11,12,24,วิชชั่นใหม่,1
50,เชียงใหม่,7,แม่อาย,สันต้นหมื้อ,11,12,25,เพื่อชีวิตใหม่,0
50,เชียงใหม่,7,แม่อาย,สันต้นหมื้อ,11,12,26,คลองไทย,0
50,เชียงใหม่,7,แม่อาย,สันต้นหมื้อ,11,12,27,ประชาธิปัตย์,4
50,เชียงใหม่,7,แม่อาย,สันต้นหมื้อ,11,12,28,ไทยก้าวหน้า,0
50,เชียงใหม่,7,แม่อาย,สันต้นหมื้อ,11,12,29,ไทยภักดี,0
50,เชียงใหม่,7,แม่อาย,สันต้นหมื้อ,11,12,30,แรงงานสร้างชาติ,0
50,เชียงใหม่,7,แม่อาย,สันต้นหมื้อ,11,12,31,ประชากรไทย,0
50,เชียงใหม่,7,แม่อาย,สันต้นหมื้อ,11,12,32,ครูไทยเพื่อประชาชน,0
50,เชียงใหม่,7,แม่อาย,สันต้นหมื้อ,11,12,33,ประชาชาติ,0
50,เชียงใหม่,7,แม่อาย,สันต้นหมื้อ,11,12,34,สร้างอนาคตไทย,0
50,เชียงใหม่,7,แม่อาย,สันต้นหมื้อ,11,12,35,รักชาติ,0
50,เชียงใหม่,7,แม่อาย,สันต้นหมื้อ,11,12,36,ไทยพร้อม,1
50,เชียงใหม่,7,แม่อาย,สันต้นหมื้อ,11,12,37,ภูมิใจไทย,15
50,เชียงใหม่,7,แม่อาย,สันต้นหมื้อ,11,12,38,พลังธรรมใหม่,0
50,เชียงใหม่,7,แม่อาย,สันต้นหมื้อ,11,12,39,กรีน,0
50,เชียงใหม่,7,แม่อาย,สันต้นหมื้อ,11,12,40,ไทยธรรม,0
50,เชียงใหม่,7,แม่อาย,สันต้นหมื้อ,11,12,41,แผ่นดินธรรม,0
50,เชียงใหม่,7,แม่อาย,สันต้นหมื้อ,11,12,42,กล้าธรรม,9
50,เชียงใหม่,7,แม่อาย,สันต้นหมื้อ,11,12,43,พลังประชารัฐ,0
50,เชียงใหม่,7,แม่อาย,สันต้นหมื้อ,11,12,44,โอกาสใหม่,0
50,เชียงใหม่,7,แม่อาย,สันต้นหมื้อ,11,12,45,เป็นธรรม,0
50,เชียงใหม่,7,แม่อาย,สันต้นหมื้อ,11,12,46,ประชาชน,51
50,เชียงใหม่,7,แม่อาย,สันต้นหมื้อ,11,12,47,ประชาไทย,0
50,เชียงใหม่,7,แม่อาย,สันต้นหมื้อ,11,12,48,ไทยสร้างไทย,1
50,เชียงใหม่,7,แม่อาย,สันต้นหมื้อ,11,12,49,ไทยก้าวใหม่,0
50,เชียงใหม่,7,แม่อาย,สันต้นหมื้อ,11,12,50,ประชาอาสาชาติ,0
50,เชียงใหม่,7,แม่อาย,สันต้นหมื้อ,11,12,51,พร้อม,0
50,เชียงใหม่,7,แม่อาย,สันต้นหมื้อ,11,12,52,เครือข่ายชาวนาแห่งประเทศไทย,0
50,เชียงใหม่,7,แม่อาย,สันต้นหมื้อ,11,12,53,ไทยพิทักษ์ธรรม,0
50,เชียงใหม่,7,แม่อาย,สันต้นหมื้อ,11,12,54,ความหวังใหม่,0
50,เชียงใหม่,7,แม่อาย,สันต้นหมื้อ,11,12,55,ไทยรวมไทย,0
50,เชียงใหม่,7,แม่อาย,สันต้นหมื้อ,11,12,56,เพื่อบ้านเมือง,0
50,เชียงใหม่,7,แม่อาย,สันต้นหมื้อ,11,12,57,พลังไทยรักชาติ,0
50,เชียงใหม่,7,แม่อาย,สันต้นหมื้อ,12,13,1,ไทยทรัพย์ทวี,1
50,เชียงใหม่,7,แม่อาย,สันต้นหมื้อ,12,13,2,เพื่อชาติไทย,1
50,เชียงใหม่,7,แม่อาย,สันต้นหมื้อ,12,13,3,ใหม่,0
50,เชียงใหม่,7,แม่อาย,สันต้นหมื้อ,12,13,4,มิติใหม่,1
50,เชียงใหม่,7,แม่อาย,สันต้นหมื้อ,12,13,5,รวมใจไทย,0
50,เชียงใหม่,7,แม่อาย,สันต้นหมื้อ,12,13,6,รวมไทยสร้างชาติ,5
50,เชียงใหม่,7,แม่อาย,สันต้นหมื้อ,12,13,7,พลวัต,1
50,เชียงใหม่,7,แม่อาย,สันต้นหมื้อ,12,13,8,ประชาธิปไตยใหม่,1
50,เชียงใหม่,7,แม่อาย,สันต้นหมื้อ,12,13,9,เพื่อไทย,80
50,เชียงใหม่,7,แม่อาย,สันต้นหมื้อ,12,13,10,ทางเลือกใหม่,0
50,เชียงใหม่,7,แม่อาย,สันต้นหมื้อ,12,13,11,เศรษฐกิจ,6
50,เชียงใหม่,7,แม่อาย,สันต้นหมื้อ,12,13,12,เสรีรวมไทย,0
50,เชียงใหม่,7,แม่อาย,สันต้นหมื้อ,12,13,13,รวมพลังประชาชน,0
50,เชียงใหม่,7,แม่อาย,สันต้นหมื้อ,12,13,14,ท้องที่ไทย,0
50,เชียงใหม่,7,แม่อาย,สันต้นหมื้อ,12,13,15,อนาคตไทย,0
50,เชียงใหม่,7,แม่อาย,สันต้นหมื้อ,12,13,16,พลังเพื่อไทย,2
50,เชียงใหม่,7,แม่อาย,สันต้นหมื้อ,12,13,17,ไทยชนะ,0
50,เชียงใหม่,7,แม่อาย,สันต้นหมื้อ,12,13,18,พลังสังคมใหม่,0
50,เชียงใหม่,7,แม่อาย,สันต้นหมื้อ,12,13,19,สังคมประชาธิปไตย,0
50,เชียงใหม่,7,แม่อาย,สันต้นหมื้อ,12,13,20,ฟิวชัน,0
50,เชียงใหม่,7,แม่อาย,สันต้นหมื้อ,12,13,21,ไทยรวมพลัง,0
50,เชียงใหม่,7,แม่อาย,สันต้นหมื้อ,12,13,22,ก้าวอิสระ,0
50,เชียงใหม่,7,แม่อาย,สันต้นหมื้อ,12,13,23,ปวงชนไทย,0
50,เชียงใหม่,7,แม่อาย,สันต้นหมื้อ,12,13,24,วิชชั่นใหม่,0
50,เชียงใหม่,7,แม่อาย,สันต้นหมื้อ,12,13,25,เพื่อชีวิตใหม่,0
50,เชียงใหม่,7,แม่อาย,สันต้นหมื้อ,12,13,26,คลองไทย,0
50,เชียงใหม่,7,แม่อาย,สันต้นหมื้อ,12,13,27,ประชาธิปัตย์,1
50,เชียงใหม่,7,แม่อาย,สันต้นหมื้อ,12,13,28,ไทยก้าวหน้า,0
50,เชียงใหม่,7,แม่อาย,สันต้นหมื้อ,12,13,29,ไทยภักดี,0
50,เชียงใหม่,7,แม่อาย,สันต้นหมื้อ,12,13,30,แรงงานสร้างชาติ,1
50,เชียงใหม่,7,แม่อาย,สันต้นหมื้อ,12,13,31,ประชากรไทย,0
50,เชียงใหม่,7,แม่อาย,สันต้นหมื้อ,12,13,32,ครูไทยเพื่อประชาชน,1
50,เชียงใหม่,7,แม่อาย,สันต้นหมื้อ,12,13,33,ประชาชาติ,1
50,เชียงใหม่,7,แม่อาย,สันต้นหมื้อ,12,13,34,สร้างอนาคตไทย,1
50,เชียงใหม่,7,แม่อาย,สันต้นหมื้อ,12,13,35,รักชาติ,0
50,เชียงใหม่,7,แม่อาย,สันต้นหมื้อ,12,13,36,ไทยพร้อม,1
50,เชียงใหม่,7,แม่อาย,สันต้นหมื้อ,12,13,37,ภูมิใจไทย,3
50,เชียงใหม่,7,แม่อาย,สันต้นหมื้อ,12,13,38,พลังธรรมใหม่,2
50,เชียงใหม่,7,แม่อาย,สันต้นหมื้อ,12,13,39,กรีน,0
50,เชียงใหม่,7,แม่อาย,สันต้นหมื้อ,12,13,40,ไทยธรรม,1
50,เชียงใหม่,7,แม่อาย,สันต้นหมื้อ,12,13,41,แผ่นดินธรรม,0
50,เชียงใหม่,7,แม่อาย,สันต้นหมื้อ,12,13,42,กล้าธรรม,13
50,เชียงใหม่,7,แม่อาย,สันต้นหมื้อ,12,13,43,พลังประชารัฐ,2
50,เชียงใหม่,7,แม่อาย,สันต้นหมื้อ,12,13,44,โอกาสใหม่,0
50,เชียงใหม่,7,แม่อาย,สันต้นหมื้อ,12,13,45,เป็นธรรม,0
50,เชียงใหม่,7,แม่อาย,สันต้นหมื้อ,12,13,46,ประชาชน,52
50,เชียงใหม่,7,แม่อาย,สันต้นหมื้อ,12,13,47,ประชาไทย,0
50,เชียงใหม่,7,แม่อาย,สันต้นหมื้อ,12,13,48,ไทยสร้างไทย,0
50,เชียงใหม่,7,แม่อาย,สันต้นหมื้อ,12,13,49,ไทยก้าวใหม่,0
50,เชียงใหม่,7,แม่อาย,สันต้นหมื้อ,12,13,50,ประชาอาสาชาติ,0
50,เชียงใหม่,7,แม่อาย,สันต้นหมื้อ,12,13,51,พร้อม,0
50,เชียงใหม่,7,แม่อาย,สันต้นหมื้อ,12,13,52,เครือข่ายชาวนาแห่งประเทศไทย,0
50,เชียงใหม่,7,แม่อาย,สันต้นหมื้อ,12,13,53,ไทยพิทักษ์ธรรม,0
50,เชียงใหม่,7,แม่อาย,สันต้นหมื้อ,12,13,54,ความหวังใหม่,0
50,เชียงใหม่,7,แม่อาย,สันต้นหมื้อ,12,13,55,ไทยรวมไทย,0
50,เชียงใหม่,7,แม่อาย,สันต้นหมื้อ,12,13,56,เพื่อบ้านเมือง,0
50,เชียงใหม่,7,แม่อาย,สันต้นหมื้อ,12,13,57,พลังไทยรักชาติ,0
