election_type,province_number,province,district,subdistrict,บช_ผู้มาใช้สิทธิ์,บช_ผู้มีสิทธิ์,party,votes
บัญชีรายชื่อ,7,เชียงใหม่,ฝาง,สันทราย,307,385,ก้าวไกล,130
บัญชีรายชื่อ,7,เชียงใหม่,ฝาง,สันทราย,451,544,ก้าวไกล,178
บัญชีรายชื่อ,7,เชียงใหม่,ฝาง,สันทราย,521,636,ก้าวไกล,224
บัญชีรายชื่อ,7,เชียงใหม่,ฝาง,สันทราย,631,841,ก้าวไกล,226
บัญชีรายชื่อ,7,เชียงใหม่,ฝาง,สันทราย,258,335,ก้าวไกล,104
บัญชีรายชื่อ,7,เชียงใหม่,ฝาง,สันทราย,593,776,ก้าวไกล,216
บัญชีรายชื่อ,7,เชียงใหม่,ฝาง,สันทราย,500,616,ก้าวไกล,179
บัญชีรายชื่อ,7,เชียงใหม่,ฝาง,ม่อนปิ่น,0,0,ก้าวไกล,0
บัญชีรายชื่อ,7,เชียงใหม่,ฝาง,ม่อนปิ่น,719,935,ก้าวไกล,259
บัญชีรายชื่อ,7,เชียงใหม่,ฝาง,ม่อนปิ่น,542,756,ก้าวไกล,110
บัญชีรายชื่อ,7,เชียงใหม่,ฝาง,ม่อนปิ่น,363,467,ก้าวไกล,161
บัญชีรายชื่อ,7,เชียงใหม่,ฝาง,ม่อนปิ่น,190,234,ก้าวไกล,103
บัญชีรายชื่อ,7,เชียงใหม่,ฝาง,ม่อนปิ่น,390,482,ก้าวไกล,127
บัญชีรายชื่อ,7,เชียงใหม่,ฝาง,ม่อนปิ่น,671,996,ก้าวไกล,267
บัญชีรายชื่อ,7,เชียงใหม่,ฝาง,ม่อนปิ่น,370,470,ก้าวไกล,183
บัญชีรายชื่อ,7,เชียงใหม่,ฝาง,ม่อนปิ่น,484,640,ก้าวไกล,207
บัญชีรายชื่อ,7,เชียงใหม่,ฝาง,ม่อนปิ่น,142,177,ก้าวไกล,65
บัญชีรายชื่อ,7,เชียงใหม่,ฝาง,ม่อนปิ่น,559,862,ก้าวไกล,313
บัญชีรายชื่อ,7,เชียงใหม่,ฝาง,ม่อนปิ่น,318,418,ก้าวไกล,157
บัญชีรายชื่อ,7,เชียงใหม่,ฝาง,ม่อนปิ่น,229,303,ก้าวไกล,113
บัญชีรายชื่อ,7,เชียงใหม่,ฝาง,ม่อนปิ่น,274,354,ก้าวไกล,121
บัญชีรายชื่อ,7,เชียงใหม่,ฝาง,ม่อนปิ่น,717,971,ก้าวไกล,436
บัญชีรายชื่อ,7,เชียงใหม่,ฝาง,สันทราย,403,520,ก้าวไกล,159
บัญชีรายชื่อ,7,เชียงใหม่,ฝาง,สันทราย,310,399,ก้าวไกล,130
บัญชีรายชื่อ,7,เชียงใหม่,ฝาง,สันทราย,489,616,ก้าวไกล,165
บัญชีรายชื่อ,7,เชียงใหม่,ฝาง,สันทราย,189,221,ก้าวไกล,79
บัญชีรายชื่อ,7,เชียงใหม่,ฝาง,สันทราย,487,676,ก้าวไกล,197
บัญชีรายชื่อ,7,เชียงใหม่,ฝาง,สันทราย,315,406,ก้าวไกล,130
บัญชีรายชื่อ,7,เชียงใหม่,ฝาง,สันทราย,338,400,ก้าวไกล,133
บัญชีรายชื่อ,7,เชียงใหม่,ฝาง,สันทราย,493,646,ก้าวไกล,194
บัญชีรายชื่อ,7,เชียงใหม่,ฝาง,สันทราย,278,342,ก้าวไกล,7
บัญชีรายชื่อ,7,เชียงใหม่,ฝาง,สันทราย,320,416,ก้าวไกล,121
บัญชีรายชื่อ,7,เชียงใหม่,ฝาง,เวียง,501,733,ก้าวไกล,224
บัญชีรายชื่อ,7,เชียงใหม่,ฝาง,เวียง,430,609,ก้าวไกล,202
บัญชีรายชื่อ,7,เชียงใหม่,ฝาง,เวียง,624,933,ก้าวไกล,240
บัญชีรายชื่อ,7,เชียงใหม่,ฝาง,เวียง,640,917,ก้าวไกล,290
บัญชีรายชื่อ,7,เชียงใหม่,ฝาง,เวียง,723,1070,ก้าวไกล,327
บัญชีรายชื่อ,7,เชียงใหม่,ฝาง,เวียง,473,6636,ก้าวไกล,188
บัญชีรายชื่อ,7,เชียงใหม่,ฝาง,เวียง,344,464,ก้าวไกล,165
บัญชีรายชื่อ,7,เชียงใหม่,ฝาง,เวียง,234,462,ก้าวไกล,86
บัญชีรายชื่อ,7,เชียงใหม่,ฝาง,เวียง,264,360,ก้าวไกล,91
บัญชีรายชื่อ,7,เชียงใหม่,ฝาง,เวียง,624,862,ก้าวไกล,6
บัญชีรายชื่อ,7,เชียงใหม่,ฝาง,เวียง,625,907,ก้าวไกล,226
บัญชีรายชื่อ,7,เชียงใหม่,ฝาง,เวียง,389,499,ก้าวไกล,191
บัญชีรายชื่อ,7,เชียงใหม่,ฝาง,เวียง,549,724,ก้าวไกล,166
บัญชีรายชื่อ,7,เชียงใหม่,ฝาง,เวียง,191,285,ก้าวไกล,71
บัญชีรายชื่อ,7,เชียงใหม่,ฝาง,เวียง,453,610,ก้าวไกล,225
บัญชีรายชื่อ,7,เชียงใหม่,ฝาง,เวียง,359,483,ก้าวไกล,136
บัญชีรายชื่อ,7,เชียงใหม่,ฝาง,เวียง,371,463,ก้าวไกล,149
บัญชีรายชื่อ,7,เชียงใหม่,ฝาง,เวียง,318,448,ก้าวไกล,164
บัญชีรายชื่อ,7,เชียงใหม่,ฝาง,เวียง,458,608,ก้าวไกล,205
บัญชีรายชื่อ,7,เชียงใหม่,ฝาง,เวียง,425,576,ก้าวไกล,197
บัญชีรายชื่อ,7,เชียงใหม่,ฝาง,เวียง,414,582,ก้าวไกล,236
บัญชีรายชื่อ,7,เชียงใหม่,ฝาง,เวียง,608,793,ก้าวไกล,210
บัญชีรายชื่อ,7,เชียงใหม่,ฝาง,เวียง,555,706,ก้าวไกล,242
บัญชีรายชื่อ,7,เชียงใหม่,ฝาง,เวียง,501,631,ก้าวไกล,220
บัญชีรายชื่อ,7,เชียงใหม่,ฝาง,เวียง,169,226,ก้าวไกล,76
บัญชีรายชื่อ,7,เชียงใหม่,ฝาง,เวียง,265,469,ก้าวไกล,89
บัญชีรายชื่อ,7,เชียงใหม่,ฝาง,แม่ข่า,391,498,ก้าวไกล,164
บัญชีรายชื่อ,7,เชียงใหม่,ฝาง,แม่ข่า,419,541,ก้าวไกล,190
บัญชีรายชื่อ,7,เชียงใหม่,ฝาง,แม่ข่า,421,542,ก้าวไกล,182
บัญชีรายชื่อ,7,เชียงใหม่,ฝาง,แม่ข่า,335,425,ก้าวไกล,121
บัญชีรายชื่อ,7,เชียงใหม่,ฝาง,แม่ข่า,337,444,ก้าวไกล,118
บัญชีรายชื่อ,7,เชียงใหม่,ฝาง,แม่ข่า,287,373,ก้าวไกล,87
บัญชีรายชื่อ,7,เชียงใหม่,ฝาง,แม่ข่า,543,687,ก้าวไกล,230
บัญชีรายชื่อ,7,เชียงใหม่,ฝาง,แม่ข่า,358,479,ก้าวไกล,165
บัญชีรายชื่อ,7,เชียงใหม่,ฝาง,แม่ข่า,628,763,ก้าวไกล,254
บัญชีรายชื่อ,7,เชียงใหม่,ฝาง,แม่ข่า,367,494,ก้าวไกล,146
บัญชีรายชื่อ,7,เชียงใหม่,ฝาง,แม่ข่า,419,546,ก้าวไกล,132
บัญชีรายชื่อ,7,เชียงใหม่,ฝาง,แม่ข่า,278,339,ก้าวไกล,95
บัญชีรายชื่อ,7,เชียงใหม่,ฝาง,แม่ข่า,469,586,ก้าวไกล,198
บัญชีรายชื่อ,7,เชียงใหม่,ฝาง,แม่ข่า,295,370,ก้าวไกล,11
บัญชีรายชื่อ,7,เชียงใหม่,ฝาง,แม่คะ,523,683,ก้าวไกล,212
บัญชีรายชื่อ,7,เชียงใหม่,ฝาง,แม่คะ,472,682,ก้าวไกล,170
บัญชีรายชื่อ,7,เชียงใหม่,ฝาง,แม่คะ,403,482,ก้าวไกล,158
บัญชีรายชื่อ,7,เชียงใหม่,ฝาง,แม่คะ,441,580,ก้าวไกล,161
บัญชีรายชื่อ,7,เชียงใหม่,ฝาง,แม่คะ,215,251,ก้าวไกล,66
บัญชีรายชื่อ,7,เชียงใหม่,ฝาง,แม่คะ,265,321,ก้าวไกล,108
บัญชีรายชื่อ,7,เชียงใหม่,ฝาง,แม่คะ,444,710,ก้าวไกล,174
บัญชีรายชื่อ,7,เชียงใหม่,ฝาง,แม่คะ,213,287,ก้าวไกล,65
บัญชีรายชื่อ,7,เชียงใหม่,ฝาง,แม่คะ,584,728,ก้าวไกล,209
บัญชีรายชื่อ,7,เชียงใหม่,ฝาง,แม่คะ,242,329,ก้าวไกล,94
บัญชีรายชื่อ,7,เชียงใหม่,ฝาง,แม่คะ,350,512,ก้าวไกล,129
บัญชีรายชื่อ,7,เชียงใหม่,ฝาง,แม่คะ,563,722,ก้าวไกล,193
บัญชีรายชื่อ,7,เชียงใหม่,ฝาง,แม่คะ,636,1089,ก้าวไกล,295
บัญชีรายชื่อ,7,เชียงใหม่,ฝาง,แม่คะ,500,610,ก้าวไกล,219
บัญชีรายชื่อ,7,เชียงใหม่,ฝาง,แม่คะ,167,207,ก้าวไกล,62
บัญชีรายชื่อ,7,เชียงใหม่,ฝาง,แม่คะ,522,692,ก้าวไกล,175
บัญชีรายชื่อ,7,เชียงใหม่,ฝาง,แม่งอน,297,386,ก้าวไกล,128
บัญชีรายชื่อ,7,เชียงใหม่,ฝาง,แม่งอน,209,630,ก้าวไกล,98
บัญชีรายชื่อ,7,เชียงใหม่,ฝาง,แม่งอน,360,414,ก้าวไกล,122
บัญชีรายชื่อ,7,เชียงใหม่,ฝาง,แม่งอน,328,393,ก้าวไกล,144
บัญชีรายชื่อ,7,เชียงใหม่,ฝาง,แม่งอน,346,763,ก้าวไกล,164
บัญชีรายชื่อ,7,เชียงใหม่,ฝาง,แม่งอน,265,315,ก้าวไกล,103
บัญชีรายชื่อ,7,เชียงใหม่,ฝาง,แม่งอน,268,331,ก้าวไกล,123
บัญชีรายชื่อ,7,เชียงใหม่,ฝาง,แม่งอน,310,406,ก้าวไกล,103
บัญชีรายชื่อ,7,เชียงใหม่,ฝาง,แม่งอน,507,674,ก้าวไกล,197
บัญชีรายชื่อ,7,เชียงใหม่,ฝาง,แม่งอน,298,372,ก้าวไกล,131
บัญชีรายชื่อ,7,เชียงใหม่,ฝาง,แม่งอน,508,639,ก้าวไกล,244
บัญชีรายชื่อ,7,เชียงใหม่,ฝาง,แม่งอน,380,880,ก้าวไกล,241
บัญชีรายชื่อ,7,เชียงใหม่,ฝาง,แม่งอน,292,531,ก้าวไกล,141
บัญชีรายชื่อ,7,เชียงใหม่,ฝาง,แม่งอน,405,694,ก้าวไกล,183
บัญชีรายชื่อ,7,เชียงใหม่,ฝาง,แม่งอน,499,681,ก้าวไกล,243
บัญชีรายชื่อ,7,เชียงใหม่,ฝาง,แม่งอน,435,562,ก้าวไกล,168
บัญชีรายชื่อ,7,เชียงใหม่,ฝาง,แม่สูน,386,532,ก้าวไกล,179
บัญชีรายชื่อ,7,เชียงใหม่,ฝาง,แม่สูน,614,846,ก้าวไกล,248
บัญชีรายชื่อ,7,เชียงใหม่,ฝาง,แม่สูน,617,7999,ก้าวไกล,216
บัญชีรายชื่อ,7,เชียงใหม่,ฝาง,แม่สูน,396,530,ก้าวไกล,189
บัญชีรายชื่อ,7,เชียงใหม่,ฝาง,แม่สูน,295,373,ก้าวไกล,134
บัญชีรายชื่อ,7,เชียงใหม่,ฝาง,แม่สูน,264,347,ก้าวไกล,119
บัญชีรายชื่อ,7,เชียงใหม่,ฝาง,แม่สูน,367,488,ก้าวไกล,168
บัญชีรายชื่อ,7,เชียงใหม่,ฝาง,แม่สูน,308,382,ก้าวไกล,133
บัญชีรายชื่อ,7,เชียงใหม่,ฝาง,แม่สูน,308,365,ก้าวไกล,142
บัญชีรายชื่อ,7,เชียงใหม่,ฝาง,แม่สูน,284,377,ก้าวไกล,129
บัญชีรายชื่อ,7,เชียงใหม่,ฝาง,แม่สูน,407,593,ก้าวไกล,200
บัญชีรายชื่อ,7,เชียงใหม่,ฝาง,แม่สูน,469,579,ก้าวไกล,189
บัญชีรายชื่อ,7,เชียงใหม่,ฝาง,แม่สูน,725,1000,ก้าวไกล,352
บัญชีรายชื่อ,7,เชียงใหม่,ฝาง,แม่สูน,479,623,ก้าวไกล,224
บัญชีรายชื่อ,7,เชียงใหม่,ฝาง,แม่สูน,301,403,ก้าวไกล,143
บัญชีรายชื่อ,7,เชียงใหม่,ฝาง,แม่สูน,330,433,ก้าวไกล,118
บัญชีรายชื่อ,7,เชียงใหม่,ฝาง,แม่สูน,607,824,ก้าวไกล,286
บัญชีรายชื่อ,7,เชียงใหม่,ฝาง,แม่สูน,101,118,ก้าวไกล,33
บัญชีรายชื่อ,7,เชียงใหม่,ฝาง,โป่งน้ำร้อน,214,275,ก้าวไกล,86
บัญชีรายชื่อ,7,เชียงใหม่,ฝาง,โป่งน้ำร้อน,327,413,ก้าวไกล,139
บัญชีรายชื่อ,7,เชียงใหม่,ฝาง,โป่งน้ำร้อน,502,794,ก้าวไกล,239
บัญชีรายชื่อ,7,เชียงใหม่,ฝาง,โป่งน้ำร้อน,269,356,ก้าวไกล,108
บัญชีรายชื่อ,7,เชียงใหม่,ฝาง,โป่งน้ำร้อน,348,415,ก้าวไกล,165
บัญชีรายชื่อ,7,เชียงใหม่,ฝาง,โป่งน้ำร้อน,462,610,ก้าวไกล,174
บัญชีรายชื่อ,7,เชียงใหม่,ฝาง,โป่งน้ำร้อน,324,418,ก้าวไกล,125
บัญชีรายชื่อ,7,เชียงใหม่,แม่อาย,ท่าตอน,448,647,ก้าวไกล,138
บัญชีรายชื่อ,7,เชียงใหม่,แม่อาย,ท่าตอน,81,139,ก้าวไกล,49
บัญชีรายชื่อ,7,เชียงใหม่,แม่อาย,ท่าตอน,500,741,ก้าวไกล,167
บัญชีรายชื่อ,7,เชียงใหม่,แม่อาย,ท่าตอน,332,527,ก้าวไกล,131
บัญชีรายชื่อ,7,เชียงใหม่,แม่อาย,ท่าตอน,523,953,ก้าวไกล,222
บัญชีรายชื่อ,7,เชียงใหม่,แม่อาย,ท่าตอน,516,982,ก้าวไกล,242
บัญชีรายชื่อ,7,เชียงใหม่,แม่อาย,ท่าตอน,252,418,ก้าวไกล,115
บัญชีรายชื่อ,7,เชียงใหม่,แม่อาย,ท่าตอน,650,889,ก้าวไกล,115
บัญชีรายชื่อ,7,เชียงใหม่,แม่อาย,ท่าตอน,458,640,ก้าวไกล,0
บัญชีรายชื่อ,7,เชียงใหม่,แม่อาย,ท่าตอน,461,742,ก้าวไกล,164
บัญชีรายชื่อ,7,เชียงใหม่,แม่อาย,ท่าตอน,199,305,ก้าวไกล,95
บัญชีรายชื่อ,7,เชียงใหม่,แม่อาย,ท่าตอน,495,718,ก้าวไกล,217
บัญชีรายชื่อ,7,เชียงใหม่,แม่อาย,ท่าตอน,505,933,ก้าวไกล,157
บัญชีรายชื่อ,7,เชียงใหม่,แม่อาย,ท่าตอน,525,804,ก้าวไกล,196
บัญชีรายชื่อ,7,เชียงใหม่,แม่อาย,ท่าตอน,197,284,ก้าวไกล,56
บัญชีรายชื่อ,7,เชียงใหม่,แม่อาย,ท่าตอน,467,692,ก้าวไกล,164
บัญชีรายชื่อ,7,เชียงใหม่,แม่อาย,ท่าตอน,125,199,ก้าวไกล,51
บัญชีรายชื่อ,7,เชียงใหม่,แม่อาย,ท่าตอน,264,382,ก้าวไกล,82
บัญชีรายชื่อ,7,เชียงใหม่,แม่อาย,ท่าตอน,0,0,ก้าวไกล,0
บัญชีรายชื่อ,7,เชียงใหม่,แม่อาย,ท่าตอน,504,867,ก้าวไกล,216
บัญชีรายชื่อ,7,เชียงใหม่,แม่อาย,บ้านหลวง,364,597,ก้าวไกล,140
บัญชีรายชื่อ,7,เชียงใหม่,แม่อาย,บ้านหลวง,283,404,ก้าวไกล,70
บัญชีรายชื่อ,7,เชียงใหม่,แม่อาย,บ้านหลวง,254,353,ก้าวไกล,116
บัญชีรายชื่อ,7,เชียงใหม่,แม่อาย,บ้านหลวง,520,674,ก้าวไกล,145
บัญชีรายชื่อ,7,เชียงใหม่,แม่อาย,บ้านหลวง,339,454,ก้าวไกล,92
บัญชีรายชื่อ,7,เชียงใหม่,แม่อาย,บ้านหลวง,287,382,ก้าวไกล,91
บัญชีรายชื่อ,7,เชียงใหม่,แม่อาย,บ้านหลวง,647,837,ก้าวไกล,142
บัญชีรายชื่อ,7,เชียงใหม่,แม่อาย,บ้านหลวง,274,328,ก้าวไกล,0
บัญชีรายชื่อ,7,เชียงใหม่,แม่อาย,บ้านหลวง,161,206,ก้าวไกล,45
บัญชีรายชื่อ,7,เชียงใหม่,แม่อาย,บ้านหลวง,303,396,ก้าวไกล,95
บัญชีรายชื่อ,7,เชียงใหม่,แม่อาย,บ้านหลวง,141,170,ก้าวไกล,36
บัญชีรายชื่อ,7,เชียงใหม่,แม่อาย,บ้านหลวง,129,168,ก้าวไกล,57
บัญชีรายชื่อ,7,เชียงใหม่,แม่อาย,บ้านหลวง,195,253,ก้าวไกล,56
บัญชีรายชื่อ,7,เชียงใหม่,แม่อาย,มะลิกา,151,196,ก้าวไกล,49
บัญชีรายชื่อ,7,เชียงใหม่,แม่อาย,มะลิกา,169,239,ก้าวไกล,75
บัญชีรายชื่อ,7,เชียงใหม่,แม่อาย,มะลิกา,195,378,ก้าวไกล,64
บัญชีรายชื่อ,7,เชียงใหม่,แม่อาย,มะลิกา,226,394,ก้าวไกล,71
บัญชีรายชื่อ,7,เชียงใหม่,แม่อาย,มะลิกา,290,408,ก้าวไกล,109
บัญชีรายชื่อ,7,เชียงใหม่,แม่อาย,มะลิกา,274,396,ก้าวไกล,102
บัญชีรายชื่อ,7,เชียงใหม่,แม่อาย,มะลิกา,308,448,ก้าวไกล,138
บัญชีรายชื่อ,7,เชียงใหม่,แม่อาย,มะลิกา,188,235,ก้าวไกล,60
บัญชีรายชื่อ,7,เชียงใหม่,แม่อาย,มะลิกา,195,291,ก้าวไกล,80
บัญชีรายชื่อ,7,เชียงใหม่,แม่อาย,มะลิกา,151,196,ก้าวไกล,49
บัญชีรายชื่อ,7,เชียงใหม่,แม่อาย,สันต้นหมื้อ,434,567,ก้าวไกล,138
บัญชีรายชื่อ,7,เชียงใหม่,แม่อาย,สันต้นหมื้อ,215,242,ก้าวไกล,65
บัญชีรายชื่อ,7,เชียงใหม่,แม่อาย,สันต้นหมื้อ,211,288,ก้าวไกล,77
บัญชีรายชื่อ,7,เชียงใหม่,แม่อาย,สันต้นหมื้อ,216,271,ก้าวไกล,58
บัญชีรายชื่อ,7,เชียงใหม่,แม่อาย,สันต้นหมื้อ,318,416,ก้าวไกล,115
บัญชีรายชื่อ,7,เชียงใหม่,แม่อาย,สันต้นหมื้อ,317,442,ก้าวไกล,90
บัญชีรายชื่อ,7,เชียงใหม่,แม่อาย,สันต้นหมื้อ,340,429,ก้าวไกล,123
บัญชีรายชื่อ,7,เชียงใหม่,แม่อาย,สันต้นหมื้อ,379,520,ก้าวไกล,129
บัญชีรายชื่อ,7,เชียงใหม่,แม่อาย,สันต้นหมื้อ,539,740,ก้าวไกล,228
บัญชีรายชื่อ,7,เชียงใหม่,แม่อาย,สันต้นหมื้อ,171,226,ก้าวไกล,42
บัญชีรายชื่อ,7,เชียงใหม่,แม่อาย,สันต้นหมื้อ,310,412,ก้าวไกล,118
บัญชีรายชื่อ,7,เชียงใหม่,แม่อาย,สันต้นหมื้อ,170,230,ก้าวไกล,39
บัญชีรายชื่อ,7,เชียงใหม่,แม่อาย,แม่นาวาง,287,404,ก้าวไกล,111
บัญชีรายชื่อ,7,เชียงใหม่,แม่อาย,แม่นาวาง,462,522,ก้าวไกล,0
บัญชีรายชื่อ,7,เชียงใหม่,แม่อาย,แม่นาวาง,212,287,ก้าวไกล,65
บัญชีรายชื่อ,7,เชียงใหม่,แม่อาย,แม่นาวาง,270,361,ก้าวไกล,101
บัญชีรายชื่อ,7,เชียงใหม่,แม่อาย,แม่นาวาง,406,530,ก้าวไกล,123
บัญชีรายชื่อ,7,เชียงใหม่,แม่อาย,แม่นาวาง,222,288,ก้าวไกล,49
บัญชีรายชื่อ,7,เชียงใหม่,แม่อาย,แม่นาวาง,520,782,ก้าวไกล,149
บัญชีรายชื่อ,7,เชียงใหม่,แม่อาย,แม่นาวาง,262,355,ก้าวไกล,91
บัญชีรายชื่อ,7,เชียงใหม่,แม่อาย,แม่นาวาง,412,577,ก้าวไกล,178
บัญชีรายชื่อ,7,เชียงใหม่,แม่อาย,แม่นาวาง,302,421,ก้าวไกล,74
บัญชีรายชื่อ,7,เชียงใหม่,แม่อาย,แม่นาวาง,336,445,ก้าวไกล,131
บัญชีรายชื่อ,7,เชียงใหม่,แม่อาย,แม่นาวาง,418,556,ก้าวไกล,154
บัญชีรายชื่อ,7,เชียงใหม่,แม่อาย,แม่นาวาง,327,441,ก้าวไกล,110
บัญชีรายชื่อ,7,เชียงใหม่,แม่อาย,แม่นาวาง,194,275,ก้าวไกล,76
บัญชีรายชื่อ,7,เชียงใหม่,แม่อาย,แม่นาวาง,387,501,ก้าวไกล,126
บัญชีรายชื่อ,7,เชียงใหม่,แม่อาย,แม่นาวาง,557,763,ก้าวไกล,178
บัญชีรายชื่อ,7,เชียงใหม่,แม่อาย,แม่นาวาง,418,519,ก้าวไกล,132
บัญชีรายชื่อ,7,เชียงใหม่,แม่อาย,แม่นาวาง,527,752,ก้าวไกล,158
บัญชีรายชื่อ,7,เชียงใหม่,แม่อาย,แม่นาวาง,656,901,ก้าวไกล,141
บัญชีรายชื่อ,7,เชียงใหม่,แม่อาย,แม่นาวาง,131,167,ก้าวไกล,32
บัญชีรายชื่อ,7,เชียงใหม่,แม่อาย,แม่สาว,255,375,ก้าวไกล,87
บัญชีรายชื่อ,7,เชียงใหม่,แม่อาย,แม่สาว,520,726,ก้าวไกล,274
บัญชีรายชื่อ,7,เชียงใหม่,แม่อาย,แม่สาว,428,537,ก้าวไกล,175
บัญชีรายชื่อ,7,เชียงใหม่,แม่อาย,แม่สาว,163,202,ก้าวไกล,74
บัญชีรายชื่อ,7,เชียงใหม่,แม่อาย,แม่สาว,244,307,ก้าวไกล,110
บัญชีรายชื่อ,7,เชียงใหม่,แม่อาย,แม่สาว,370,463,ก้าวไกล,139
บัญชีรายชื่อ,7,เชียงใหม่,แม่อาย,แม่สาว,638,926,ก้าวไกล,149
บัญชีรายชื่อ,7,เชียงใหม่,แม่อาย,แม่สาว,283,397,ก้าวไกล,100
บัญชีรายชื่อ,7,เชียงใหม่,แม่อาย,แม่สาว,285,345,ก้าวไกล,0
บัญชีรายชื่อ,7,เชียงใหม่,แม่อาย,แม่สาว,433,560,ก้าวไกล,186
บัญชีรายชื่อ,7,เชียงใหม่,แม่อาย,แม่สาว,383,458,ก้าวไกล,113
บัญชีรายชื่อ,7,เชียงใหม่,แม่อาย,แม่สาว,226,342,ก้าวไกล,82
บัญชีรายชื่อ,7,เชียงใหม่,แม่อาย,แม่สาว,414,540,ก้าวไกล,154
บัญชีรายชื่อ,7,เชียงใหม่,แม่อาย,แม่สาว,698,926,ก้าวไกล,244
บัญชีรายชื่อ,7,เชียงใหม่,แม่อาย,แม่สาว,236,292,ก้าวไกล,95
บัญชีรายชื่อ,7,เชียงใหม่,แม่อาย,แม่สาว,346,436,ก้าวไกล,121
บัญชีรายชื่อ,7,เชียงใหม่,แม่อาย,แม่สาว,153,199,ก้าวไกล,71
บัญชีรายชื่อ,7,เชียงใหม่,แม่อาย,แม่อาย,427,565,ก้าวไกล,179
บัญชีรายชื่อ,7,เชียงใหม่,แม่อาย,แม่อาย,262,363,ก้าวไกล,90
บัญชีรายชื่อ,7,เชียงใหม่,แม่อาย,แม่อาย,210,250,ก้าวไกล,87
บัญชีรายชื่อ,7,เชียงใหม่,แม่อาย,แม่อาย,238,328,ก้าวไกล,73
บัญชีรายชื่อ,7,เชียงใหม่,แม่อาย,แม่อาย,316,438,ก้าวไกล,116
บัญชีรายชื่อ,7,เชียงใหม่,แม่อาย,แม่อาย,250,368,ก้าวไกล,76
บัญชีรายชื่อ,7,เชียงใหม่,แม่อาย,แม่อาย,256,373,ก้าวไกล,96
บัญชีรายชื่อ,7,เชียงใหม่,แม่อาย,แม่อาย,287,374,ก้าวไกล,105
บัญชีรายชื่อ,7,เชียงใหม่,แม่อาย,แม่อาย,257,300,ก้าวไกล,95
บัญชีรายชื่อ,7,เชียงใหม่,แม่อาย,แม่อาย,467,612,ก้าวไกล,176
บัญชีรายชื่อ,7,เชียงใหม่,แม่อาย,แม่อาย,460,697,ก้าวไกล,177
บัญชีรายชื่อ,7,เชียงใหม่,แม่อาย,แม่อาย,201,258,ก้าวไกล,43
บัญชีรายชื่อ,7,เชียงใหม่,แม่อาย,แม่อาย,333,555,ก้าวไกล,136
บัญชีรายชื่อ,7,เชียงใหม่,แม่อาย,แม่อาย,233,335,ก้าวไกล,42
บัญชีรายชื่อ,7,เชียงใหม่,แม่อาย,แม่อาย,473,592,ก้าวไกล,150
บัญชีรายชื่อ,7,เชียงใหม่,แม่อาย,แม่อาย,120,167,ก้าวไกล,19
บัญชีรายชื่อ,7,เชียงใหม่,ไชยปราการ,ปงตำ,743,1004,ก้าวไกล,253
บัญชีรายชื่อ,7,เชียงใหม่,ไชยปราการ,ปงตำ,692,1011,ก้าวไกล,291
บัญชีรายชื่อ,7,เชียงใหม่,ไชยปราการ,ปงตำ,752,1018,ก้าวไกล,287
บัญชีรายชื่อ,7,เชียงใหม่,ไชยปราการ,ปงตำ,578,749,ก้าวไกล,239
บัญชีรายชื่อ,7,เชียงใหม่,ไชยปราการ,ปงตำ,242,333,ก้าวไกล,93
บัญชีรายชื่อ,7,เชียงใหม่,ไชยปราการ,ปงตำ,379,479,ก้าวไกล,111
บัญชีรายชื่อ,7,เชียงใหม่,ไชยปราการ,ปงตำ,517,674,ก้าวไกล,203
บัญชีรายชื่อ,7,เชียงใหม่,ไชยปราการ,ปงตำ,411,608,ก้าวไกล,163
บัญชีรายชื่อ,7,เชียงใหม่,ไชยปราการ,ปงตำ,135,186,ก้าวไกล,36
บัญชีรายชื่อ,7,เชียงใหม่,ไชยปราการ,แม่ทะลบ,529,657,ก้าวไกล,181
บัญชีรายชื่อ,7,เชียงใหม่,ไชยปราการ,แม่ทะลบ,469,605,ก้าวไกล,149
บัญชีรายชื่อ,7,เชียงใหม่,ไชยปราการ,แม่ทะลบ,470,578,ก้าวไกล,130
บัญชีรายชื่อ,7,เชียงใหม่,ไชยปราการ,แม่ทะลบ,730,968,ก้าวไกล,223
บัญชีรายชื่อ,7,เชียงใหม่,ไชยปราการ,แม่ทะลบ,535,684,ก้าวไกล,115
บัญชีรายชื่อ,7,เชียงใหม่,ไชยปราการ,แม่ทะลบ,447,554,ก้าวไกล,156
บัญชีรายชื่อ,7,เชียงใหม่,ไชยปราการ,แม่ทะลบ,363,460,ก้าวไกล,141
บัญชีรายชื่อ,7,เชียงใหม่,ไชยปราการ,แม่ทะลบ,388,509,ก้าวไกล,56
บัญชีรายชื่อ,7,เชียงใหม่,ไชยปราการ,แม่ทะลบ,410,537,ก้าวไกล,135
บัญชีรายชื่อ,7,เชียงใหม่,,,800,800,ก้าวไกล,608
บัญชีรายชื่อ,7,เชียงใหม่,,,799,800,ก้าวไกล,600
บัญชีรายชื่อ,7,เชียงใหม่,,,800,800,ก้าวไกล,576
บัญชีรายชื่อ,7,เชียงใหม่,,,800,800,ก้าวไกล,594
บัญชีรายชื่อ,7,เชียงใหม่,,,800,800,ก้าวไกล,604
บัญชีรายชื่อ,7,เชียงใหม่,,,800,800,ก้าวไกล,593
บัญชีรายชื่อ,7,เชียงใหม่,,,800,800,ก้าวไกล,593
บัญชีรายชื่อ,7,เชียงใหม่,,,482,482,ก้าวไกล,353
บัญชีรายชื่อ,7,เชียงใหม่,ฝาง,สันทราย,307,385,ชาติพัฒนากล้า,0
บัญชีรายชื่อ,7,เชียงใหม่,ฝาง,สันทราย,451,544,ชาติพัฒนากล้า,1
บัญชีรายชื่อ,7,เชียงใหม่,ฝาง,สันทราย,521,636,ชาติพัฒนากล้า,1
บัญชีรายชื่อ,7,เชียงใหม่,ฝาง,สันทราย,631,841,ชาติพัฒนากล้า,2
บัญชีรายชื่อ,7,เชียงใหม่,ฝาง,สันทราย,258,335,ชาติพัฒนากล้า,0
บัญชีรายชื่อ,7,เชียงใหม่,ฝาง,สันทราย,593,776,ชาติพัฒนากล้า,0
บัญชีรายชื่อ,7,เชียงใหม่,ฝาง,สันทราย,500,616,ชาติพัฒนากล้า,0
บัญชีรายชื่อ,7,เชียงใหม่,ฝาง,ม่อนปิ่น,0,0,ชาติพัฒนากล้า,0
บัญชีรายชื่อ,7,เชียงใหม่,ฝาง,ม่อนปิ่น,719,935,ชาติพัฒนากล้า,1
บัญชีรายชื่อ,7,เชียงใหม่,ฝาง,ม่อนปิ่น,542,756,ชาติพัฒนากล้า,1
บัญชีรายชื่อ,7,เชียงใหม่,ฝาง,ม่อนปิ่น,363,467,ชาติพัฒนากล้า,1
บัญชีรายชื่อ,7,เชียงใหม่,ฝาง,ม่อนปิ่น,190,234,ชาติพัฒนากล้า,0
บัญชีรายชื่อ,7,เชียงใหม่,ฝาง,ม่อนปิ่น,390,482,ชาติพัฒนากล้า,0
บัญชีรายชื่อ,7,เชียงใหม่,ฝาง,ม่อนปิ่น,671,996,ชาติพัฒนากล้า,3
บัญชีรายชื่อ,7,เชียงใหม่,ฝาง,ม่อนปิ่น,370,470,ชาติพัฒนากล้า,0
บัญชีรายชื่อ,7,เชียงใหม่,ฝาง,ม่อนปิ่น,484,640,ชาติพัฒนากล้า,1
บัญชีรายชื่อ,7,เชียงใหม่,ฝาง,ม่อนปิ่น,142,177,ชาติพัฒนากล้า,1
บัญชีรายชื่อ,7,เชียงใหม่,ฝาง,ม่อนปิ่น,559,862,ชาติพัฒนากล้า,1
บัญชีรายชื่อ,7,เชียงใหม่,ฝาง,ม่อนปิ่น,318,418,ชาติพัฒนากล้า,1
บัญชีรายชื่อ,7,เชียงใหม่,ฝาง,ม่อนปิ่น,229,303,ชาติพัฒนากล้า,1
บัญชีรายชื่อ,7,เชียงใหม่,ฝาง,ม่อนปิ่น,274,354,ชาติพัฒนากล้า,0
บัญชีรายชื่อ,7,เชียงใหม่,ฝาง,ม่อนปิ่น,717,971,ชาติพัฒนากล้า,0
บัญชีรายชื่อ,7,เชียงใหม่,ฝาง,สันทราย,403,520,ชาติพัฒนากล้า,0
บัญชีรายชื่อ,7,เชียงใหม่,ฝาง,สันทราย,310,399,ชาติพัฒนากล้า,0
บัญชีรายชื่อ,7,เชียงใหม่,ฝาง,สันทราย,489,616,ชาติพัฒนากล้า,1
บัญชีรายชื่อ,7,เชียงใหม่,ฝาง,สันทราย,189,221,ชาติพัฒนากล้า,0
บัญชีรายชื่อ,7,เชียงใหม่,ฝาง,สันทราย,487,676,ชาติพัฒนากล้า,1
บัญชีรายชื่อ,7,เชียงใหม่,ฝาง,สันทราย,315,406,ชาติพัฒนากล้า,0
บัญชีรายชื่อ,7,เชียงใหม่,ฝาง,สันทราย,338,400,ชาติพัฒนากล้า,0
บัญชีรายชื่อ,7,เชียงใหม่,ฝาง,สันทราย,493,646,ชาติพัฒนากล้า,0
บัญชีรายชื่อ,7,เชียงใหม่,ฝาง,สันทราย,278,342,ชาติพัฒนากล้า,0
บัญชีรายชื่อ,7,เชียงใหม่,ฝาง,สันทราย,320,416,ชาติพัฒนากล้า,0
บัญชีรายชื่อ,7,เชียงใหม่,ฝาง,เวียง,501,733,ชาติพัฒนากล้า,2
บัญชีรายชื่อ,7,เชียงใหม่,ฝาง,เวียง,430,609,ชาติพัฒนากล้า,0
บัญชีรายชื่อ,7,เชียงใหม่,ฝาง,เวียง,624,933,ชาติพัฒนากล้า,1
บัญชีรายชื่อ,7,เชียงใหม่,ฝาง,เวียง,640,917,ชาติพัฒนากล้า,0
บัญชีรายชื่อ,7,เชียงใหม่,ฝาง,เวียง,723,1070,ชาติพัฒนากล้า,1
บัญชีรายชื่อ,7,เชียงใหม่,ฝาง,เวียง,473,6636,ชาติพัฒนากล้า,1
บัญชีรายชื่อ,7,เชียงใหม่,ฝาง,เวียง,344,464,ชาติพัฒนากล้า,1
บัญชีรายชื่อ,7,เชียงใหม่,ฝาง,เวียง,234,462,ชาติพัฒนากล้า,1
บัญชีรายชื่อ,7,เชียงใหม่,ฝาง,เวียง,264,360,ชาติพัฒนากล้า,0
บัญชีรายชื่อ,7,เชียงใหม่,ฝาง,เวียง,624,862,ชาติพัฒนากล้า,1
บัญชีรายชื่อ,7,เชียงใหม่,ฝาง,เวียง,625,907,ชาติพัฒนากล้า,2
บัญชีรายชื่อ,7,เชียงใหม่,ฝาง,เวียง,389,499,ชาติพัฒนากล้า,0
บัญชีรายชื่อ,7,เชียงใหม่,ฝาง,เวียง,549,724,ชาติพัฒนากล้า,0
บัญชีรายชื่อ,7,เชียงใหม่,ฝาง,เวียง,191,285,ชาติพัฒนากล้า,0
บัญชีรายชื่อ,7,เชียงใหม่,ฝาง,เวียง,453,610,ชาติพัฒนากล้า,0
บัญชีรายชื่อ,7,เชียงใหม่,ฝาง,เวียง,359,483,ชาติพัฒนากล้า,0
บัญชีรายชื่อ,7,เชียงใหม่,ฝาง,เวียง,371,463,ชาติพัฒนากล้า,1
บัญชีรายชื่อ,7,เชียงใหม่,ฝาง,เวียง,318,448,ชาติพัฒนากล้า,0
บัญชีรายชื่อ,7,เชียงใหม่,ฝาง,เวียง,458,608,ชาติพัฒนากล้า,0
บัญชีรายชื่อ,7,เชียงใหม่,ฝาง,เวียง,425,576,ชาติพัฒนากล้า,1
บัญชีรายชื่อ,7,เชียงใหม่,ฝาง,เวียง,414,582,ชาติพัฒนากล้า,0
บัญชีรายชื่อ,7,เชียงใหม่,ฝาง,เวียง,608,793,ชาติพัฒนากล้า,0
บัญชีรายชื่อ,7,เชียงใหม่,ฝาง,เวียง,555,706,ชาติพัฒนากล้า,0
บัญชีรายชื่อ,7,เชียงใหม่,ฝาง,เวียง,501,631,ชาติพัฒนากล้า,0
บัญชีรายชื่อ,7,เชียงใหม่,ฝาง,เวียง,169,226,ชาติพัฒนากล้า,0
บัญชีรายชื่อ,7,เชียงใหม่,ฝาง,เวียง,265,469,ชาติพัฒนากล้า,0
บัญชีรายชื่อ,7,เชียงใหม่,ฝาง,แม่ข่า,391,498,ชาติพัฒนากล้า,0
บัญชีรายชื่อ,7,เชียงใหม่,ฝาง,แม่ข่า,419,541,ชาติพัฒนากล้า,0
บัญชีรายชื่อ,7,เชียงใหม่,ฝาง,แม่ข่า,421,542,ชาติพัฒนากล้า,0
บัญชีรายชื่อ,7,เชียงใหม่,ฝาง,แม่ข่า,335,425,ชาติพัฒนากล้า,0
บัญชีรายชื่อ,7,เชียงใหม่,ฝาง,แม่ข่า,337,444,ชาติพัฒนากล้า,0
บัญชีรายชื่อ,7,เชียงใหม่,ฝาง,แม่ข่า,287,373,ชาติพัฒนากล้า,1
บัญชีรายชื่อ,7,เชียงใหม่,ฝาง,แม่ข่า,543,687,ชาติพัฒนากล้า,0
บัญชีรายชื่อ,7,เชียงใหม่,ฝาง,แม่ข่า,358,479,ชาติพัฒนากล้า,1
บัญชีรายชื่อ,7,เชียงใหม่,ฝาง,แม่ข่า,628,763,ชาติพัฒนากล้า,0
บัญชีรายชื่อ,7,เชียงใหม่,ฝาง,แม่ข่า,367,494,ชาติพัฒนากล้า,1
บัญชีรายชื่อ,7,เชียงใหม่,ฝาง,แม่ข่า,419,546,ชาติพัฒนากล้า,1
บัญชีรายชื่อ,7,เชียงใหม่,ฝาง,แม่ข่า,278,339,ชาติพัฒนากล้า,0
บัญชีรายชื่อ,7,เชียงใหม่,ฝาง,แม่ข่า,469,586,ชาติพัฒนากล้า,1
บัญชีรายชื่อ,7,เชียงใหม่,ฝาง,แม่ข่า,295,370,ชาติพัฒนากล้า,0
บัญชีรายชื่อ,7,เชียงใหม่,ฝาง,แม่คะ,523,683,ชาติพัฒนากล้า,0
บัญชีรายชื่อ,7,เชียงใหม่,ฝาง,แม่คะ,472,682,ชาติพัฒนากล้า,2
บัญชีรายชื่อ,7,เชียงใหม่,ฝาง,แม่คะ,403,482,ชาติพัฒนากล้า,1
บัญชีรายชื่อ,7,เชียงใหม่,ฝาง,แม่คะ,441,580,ชาติพัฒนากล้า,1
บัญชีรายชื่อ,7,เชียงใหม่,ฝาง,แม่คะ,215,251,ชาติพัฒนากล้า,0
บัญชีรายชื่อ,7,เชียงใหม่,ฝาง,แม่คะ,265,321,ชาติพัฒนากล้า,0
บัญชีรายชื่อ,7,เชียงใหม่,ฝาง,แม่คะ,444,710,ชาติพัฒนากล้า,0
บัญชีรายชื่อ,7,เชียงใหม่,ฝาง,แม่คะ,213,287,ชาติพัฒนากล้า,1
บัญชีรายชื่อ,7,เชียงใหม่,ฝาง,แม่คะ,584,728,ชาติพัฒนากล้า,0
บัญชีรายชื่อ,7,เชียงใหม่,ฝาง,แม่คะ,242,329,ชาติพัฒนากล้า,0
บัญชีรายชื่อ,7,เชียงใหม่,ฝาง,แม่คะ,350,512,ชาติพัฒนากล้า,0
บัญชีรายชื่อ,7,เชียงใหม่,ฝาง,แม่คะ,563,722,ชาติพัฒนากล้า,0
บัญชีรายชื่อ,7,เชียงใหม่,ฝาง,แม่คะ,636,1089,ชาติพัฒนากล้า,2
บัญชีรายชื่อ,7,เชียงใหม่,ฝาง,แม่คะ,500,610,ชาติพัฒนากล้า,0
บัญชีรายชื่อ,7,เชียงใหม่,ฝาง,แม่คะ,167,207,ชาติพัฒนากล้า,0
บัญชีรายชื่อ,7,เชียงใหม่,ฝาง,แม่คะ,522,692,ชาติพัฒนากล้า,1
บัญชีรายชื่อ,7,เชียงใหม่,ฝาง,แม่งอน,297,386,ชาติพัฒนากล้า,0
บัญชีรายชื่อ,7,เชียงใหม่,ฝาง,แม่งอน,209,630,ชาติพัฒนากล้า,0
บัญชีรายชื่อ,7,เชียงใหม่,ฝาง,แม่งอน,360,414,ชาติพัฒนากล้า,0
บัญชีรายชื่อ,7,เชียงใหม่,ฝาง,แม่งอน,328,393,ชาติพัฒนากล้า,0
บัญชีรายชื่อ,7,เชียงใหม่,ฝาง,แม่งอน,346,763,ชาติพัฒนากล้า,0
บัญชีรายชื่อ,7,เชียงใหม่,ฝาง,แม่งอน,265,315,ชาติพัฒนากล้า,0
บัญชีรายชื่อ,7,เชียงใหม่,ฝาง,แม่งอน,268,331,ชาติพัฒนากล้า,0
บัญชีรายชื่อ,7,เชียงใหม่,ฝาง,แม่งอน,310,406,ชาติพัฒนากล้า,1
บัญชีรายชื่อ,7,เชียงใหม่,ฝาง,แม่งอน,507,674,ชาติพัฒนากล้า,2
บัญชีรายชื่อ,7,เชียงใหม่,ฝาง,แม่งอน,298,372,ชาติพัฒนากล้า,0
บัญชีรายชื่อ,7,เชียงใหม่,ฝาง,แม่งอน,508,639,ชาติพัฒนากล้า,0
บัญชีรายชื่อ,7,เชียงใหม่,ฝาง,แม่งอน,380,880,ชาติพัฒนากล้า,0
บัญชีรายชื่อ,7,เชียงใหม่,ฝาง,แม่งอน,292,531,ชาติพัฒนากล้า,0
บัญชีรายชื่อ,7,เชียงใหม่,ฝาง,แม่งอน,405,694,ชาติพัฒนากล้า,0
บัญชีรายชื่อ,7,เชียงใหม่,ฝาง,แม่งอน,499,681,ชาติพัฒนากล้า,1
บัญชีรายชื่อ,7,เชียงใหม่,ฝาง,แม่งอน,435,562,ชาติพัฒนากล้า,0
บัญชีรายชื่อ,7,เชียงใหม่,ฝาง,แม่สูน,386,532,ชาติพัฒนากล้า,0
บัญชีรายชื่อ,7,เชียงใหม่,ฝาง,แม่สูน,614,846,ชาติพัฒนากล้า,0
บัญชีรายชื่อ,7,เชียงใหม่,ฝาง,แม่สูน,617,7999,ชาติพัฒนากล้า,1
บัญชีรายชื่อ,7,เชียงใหม่,ฝาง,แม่สูน,396,530,ชาติพัฒนากล้า,0
บัญชีรายชื่อ,7,เชียงใหม่,ฝาง,แม่สูน,295,373,ชาติพัฒนากล้า,0
บัญชีรายชื่อ,7,เชียงใหม่,ฝาง,แม่สูน,264,347,ชาติพัฒนากล้า,1
บัญชีรายชื่อ,7,เชียงใหม่,ฝาง,แม่สูน,367,488,ชาติพัฒนากล้า,0
บัญชีรายชื่อ,7,เชียงใหม่,ฝาง,แม่สูน,308,382,ชาติพัฒนากล้า,1
บัญชีรายชื่อ,7,เชียงใหม่,ฝาง,แม่สูน,308,365,ชาติพัฒนากล้า,1
บัญชีรายชื่อ,7,เชียงใหม่,ฝาง,แม่สูน,284,377,ชาติพัฒนากล้า,0
บัญชีรายชื่อ,7,เชียงใหม่,ฝาง,แม่สูน,407,593,ชาติพัฒนากล้า,1
บัญชีรายชื่อ,7,เชียงใหม่,ฝาง,แม่สูน,469,579,ชาติพัฒนากล้า,0
บัญชีรายชื่อ,7,เชียงใหม่,ฝาง,แม่สูน,725,1000,ชาติพัฒนากล้า,0
บัญชีรายชื่อ,7,เชียงใหม่,ฝาง,แม่สูน,479,623,ชาติพัฒนากล้า,0
บัญชีรายชื่อ,7,เชียงใหม่,ฝาง,แม่สูน,301,403,ชาติพัฒนากล้า,0
บัญชีรายชื่อ,7,เชียงใหม่,ฝาง,แม่สูน,330,433,ชาติพัฒนากล้า,0
บัญชีรายชื่อ,7,เชียงใหม่,ฝาง,แม่สูน,607,824,ชาติพัฒนากล้า,1
บัญชีรายชื่อ,7,เชียงใหม่,ฝาง,แม่สูน,101,118,ชาติพัฒนากล้า,0
บัญชีรายชื่อ,7,เชียงใหม่,ฝาง,โป่งน้ำร้อน,214,275,ชาติพัฒนากล้า,0
บัญชีรายชื่อ,7,เชียงใหม่,ฝาง,โป่งน้ำร้อน,327,413,ชาติพัฒนากล้า,0
บัญชีรายชื่อ,7,เชียงใหม่,ฝาง,โป่งน้ำร้อน,502,794,ชาติพัฒนากล้า,0
บัญชีรายชื่อ,7,เชียงใหม่,ฝาง,โป่งน้ำร้อน,269,356,ชาติพัฒนากล้า,0
บัญชีรายชื่อ,7,เชียงใหม่,ฝาง,โป่งน้ำร้อน,348,415,ชาติพัฒนากล้า,0
บัญชีรายชื่อ,7,เชียงใหม่,ฝาง,โป่งน้ำร้อน,462,610,ชาติพัฒนากล้า,0
บัญชีรายชื่อ,7,เชียงใหม่,ฝาง,โป่งน้ำร้อน,324,418,ชาติพัฒนากล้า,0
บัญชีรายชื่อ,7,เชียงใหม่,แม่อาย,ท่าตอน,448,647,ชาติพัฒนากล้า,0
บัญชีรายชื่อ,7,เชียงใหม่,แม่อาย,ท่าตอน,81,139,ชาติพัฒนากล้า,0
บัญชีรายชื่อ,7,เชียงใหม่,แม่อาย,ท่าตอน,500,741,ชาติพัฒนากล้า,0
บัญชีรายชื่อ,7,เชียงใหม่,แม่อาย,ท่าตอน,332,527,ชาติพัฒนากล้า,0
บัญชีรายชื่อ,7,เชียงใหม่,แม่อาย,ท่าตอน,523,953,ชาติพัฒนากล้า,0
บัญชีรายชื่อ,7,เชียงใหม่,แม่อาย,ท่าตอน,516,982,ชาติพัฒนากล้า,2
บัญชีรายชื่อ,7,เชียงใหม่,แม่อาย,ท่าตอน,252,418,ชาติพัฒนากล้า,0
บัญชีรายชื่อ,7,เชียงใหม่,แม่อาย,ท่าตอน,650,889,ชาติพัฒนากล้า,0
บัญชีรายชื่อ,7,เชียงใหม่,แม่อาย,ท่าตอน,458,640,ชาติพัฒนากล้า,0
บัญชีรายชื่อ,7,เชียงใหม่,แม่อาย,ท่าตอน,461,742,ชาติพัฒนากล้า,2
บัญชีรายชื่อ,7,เชียงใหม่,แม่อาย,ท่าตอน,199,305,ชาติพัฒนากล้า,0
บัญชีรายชื่อ,7,เชียงใหม่,แม่อาย,ท่าตอน,495,718,ชาติพัฒนากล้า,0
บัญชีรายชื่อ,7,เชียงใหม่,แม่อาย,ท่าตอน,505,933,ชาติพัฒนากล้า,1
บัญชีรายชื่อ,7,เชียงใหม่,แม่อาย,ท่าตอน,525,804,ชาติพัฒนากล้า,1
บัญชีรายชื่อ,7,เชียงใหม่,แม่อาย,ท่าตอน,197,284,ชาติพัฒนากล้า,0
บัญชีรายชื่อ,7,เชียงใหม่,แม่อาย,ท่าตอน,467,692,ชาติพัฒนากล้า,1
บัญชีรายชื่อ,7,เชียงใหม่,แม่อาย,ท่าตอน,125,199,ชาติพัฒนากล้า,0
บัญชีรายชื่อ,7,เชียงใหม่,แม่อาย,ท่าตอน,264,382,ชาติพัฒนากล้า,1
บัญชีรายชื่อ,7,เชียงใหม่,แม่อาย,ท่าตอน,0,0,ชาติพัฒนากล้า,0
บัญชีรายชื่อ,7,เชียงใหม่,แม่อาย,ท่าตอน,504,867,ชาติพัฒนากล้า,2
บัญชีรายชื่อ,7,เชียงใหม่,แม่อาย,บ้านหลวง,364,597,ชาติพัฒนากล้า,0
บัญชีรายชื่อ,7,เชียงใหม่,แม่อาย,บ้านหลวง,283,404,ชาติพัฒนากล้า,2
บัญชีรายชื่อ,7,เชียงใหม่,แม่อาย,บ้านหลวง,254,353,ชาติพัฒนากล้า,1
บัญชีรายชื่อ,7,เชียงใหม่,แม่อาย,บ้านหลวง,520,674,ชาติพัฒนากล้า,1
บัญชีรายชื่อ,7,เชียงใหม่,แม่อาย,บ้านหลวง,339,454,ชาติพัฒนากล้า,0
บัญชีรายชื่อ,7,เชียงใหม่,แม่อาย,บ้านหลวง,287,382,ชาติพัฒนากล้า,0
บัญชีรายชื่อ,7,เชียงใหม่,แม่อาย,บ้านหลวง,647,837,ชาติพัฒนากล้า,2
บัญชีรายชื่อ,7,เชียงใหม่,แม่อาย,บ้านหลวง,274,328,ชาติพัฒนากล้า,0
บัญชีรายชื่อ,7,เชียงใหม่,แม่อาย,บ้านหลวง,161,206,ชาติพัฒนากล้า,0
บัญชีรายชื่อ,7,เชียงใหม่,แม่อาย,บ้านหลวง,303,396,ชาติพัฒนากล้า,0
บัญชีรายชื่อ,7,เชียงใหม่,แม่อาย,บ้านหลวง,141,170,ชาติพัฒนากล้า,0
บัญชีรายชื่อ,7,เชียงใหม่,แม่อาย,บ้านหลวง,129,168,ชาติพัฒนากล้า,0
บัญชีรายชื่อ,7,เชียงใหม่,แม่อาย,บ้านหลวง,195,253,ชาติพัฒนากล้า,0
บัญชีรายชื่อ,7,เชียงใหม่,แม่อาย,มะลิกา,151,196,ชาติพัฒนากล้า,1
บัญชีรายชื่อ,7,เชียงใหม่,แม่อาย,มะลิกา,169,239,ชาติพัฒนากล้า,0
บัญชีรายชื่อ,7,เชียงใหม่,แม่อาย,มะลิกา,195,378,ชาติพัฒนากล้า,0
บัญชีรายชื่อ,7,เชียงใหม่,แม่อาย,มะลิกา,226,394,ชาติพัฒนากล้า,0
บัญชีรายชื่อ,7,เชียงใหม่,แม่อาย,มะลิกา,290,408,ชาติพัฒนากล้า,0
บัญชีรายชื่อ,7,เชียงใหม่,แม่อาย,มะลิกา,274,396,ชาติพัฒนากล้า,0
บัญชีรายชื่อ,7,เชียงใหม่,แม่อาย,มะลิกา,308,448,ชาติพัฒนากล้า,0
บัญชีรายชื่อ,7,เชียงใหม่,แม่อาย,มะลิกา,188,235,ชาติพัฒนากล้า,0
บัญชีรายชื่อ,7,เชียงใหม่,แม่อาย,มะลิกา,195,291,ชาติพัฒนากล้า,0
บัญชีรายชื่อ,7,เชียงใหม่,แม่อาย,มะลิกา,151,196,ชาติพัฒนากล้า,1
บัญชีรายชื่อ,7,เชียงใหม่,แม่อาย,สันต้นหมื้อ,434,567,ชาติพัฒนากล้า,0
บัญชีรายชื่อ,7,เชียงใหม่,แม่อาย,สันต้นหมื้อ,215,242,ชาติพัฒนากล้า,0
บัญชีรายชื่อ,7,เชียงใหม่,แม่อาย,สันต้นหมื้อ,211,288,ชาติพัฒนากล้า,0
บัญชีรายชื่อ,7,เชียงใหม่,แม่อาย,สันต้นหมื้อ,216,271,ชาติพัฒนากล้า,0
บัญชีรายชื่อ,7,เชียงใหม่,แม่อาย,สันต้นหมื้อ,318,416,ชาติพัฒนากล้า,0
บัญชีรายชื่อ,7,เชียงใหม่,แม่อาย,สันต้นหมื้อ,317,442,ชาติพัฒนากล้า,1
บัญชีรายชื่อ,7,เชียงใหม่,แม่อาย,สันต้นหมื้อ,340,429,ชาติพัฒนากล้า,0
บัญชีรายชื่อ,7,เชียงใหม่,แม่อาย,สันต้นหมื้อ,379,520,ชาติพัฒนากล้า,1
บัญชีรายชื่อ,7,เชียงใหม่,แม่อาย,สันต้นหมื้อ,539,740,ชาติพัฒนากล้า,0
บัญชีรายชื่อ,7,เชียงใหม่,แม่อาย,สันต้นหมื้อ,171,226,ชาติพัฒนากล้า,0
บัญชีรายชื่อ,7,เชียงใหม่,แม่อาย,สันต้นหมื้อ,310,412,ชาติพัฒนากล้า,0
บัญชีรายชื่อ,7,เชียงใหม่,แม่อาย,สันต้นหมื้อ,170,230,ชาติพัฒนากล้า,0
บัญชีรายชื่อ,7,เชียงใหม่,แม่อาย,แม่นาวาง,287,404,ชาติพัฒนากล้า,0
บัญชีรายชื่อ,7,เชียงใหม่,แม่อาย,แม่นาวาง,462,522,ชาติพัฒนากล้า,0
บัญชีรายชื่อ,7,เชียงใหม่,แม่อาย,แม่นาวาง,212,287,ชาติพัฒนากล้า,0
บัญชีรายชื่อ,7,เชียงใหม่,แม่อาย,แม่นาวาง,270,361,ชาติพัฒนากล้า,0
บัญชีรายชื่อ,7,เชียงใหม่,แม่อาย,แม่นาวาง,406,530,ชาติพัฒนากล้า,1
บัญชีรายชื่อ,7,เชียงใหม่,แม่อาย,แม่นาวาง,222,288,ชาติพัฒนากล้า,0
บัญชีรายชื่อ,7,เชียงใหม่,แม่อาย,แม่นาวาง,520,782,ชาติพัฒนากล้า,2
บัญชีรายชื่อ,7,เชียงใหม่,แม่อาย,แม่นาวาง,262,355,ชาติพัฒนากล้า,0
บัญชีรายชื่อ,7,เชียงใหม่,แม่อาย,แม่นาวาง,412,577,ชาติพัฒนากล้า,0
บัญชีรายชื่อ,7,เชียงใหม่,แม่อาย,แม่นาวาง,302,421,ชาติพัฒนากล้า,2
บัญชีรายชื่อ,7,เชียงใหม่,แม่อาย,แม่นาวาง,336,445,ชาติพัฒนากล้า,0
บัญชีรายชื่อ,7,เชียงใหม่,แม่อาย,แม่นาวาง,418,556,ชาติพัฒนากล้า,1
บัญชีรายชื่อ,7,เชียงใหม่,แม่อาย,แม่นาวาง,327,441,ชาติพัฒนากล้า,1
บัญชีรายชื่อ,7,เชียงใหม่,แม่อาย,แม่นาวาง,194,275,ชาติพัฒนากล้า,0
บัญชีรายชื่อ,7,เชียงใหม่,แม่อาย,แม่นาวาง,387,501,ชาติพัฒนากล้า,0
บัญชีรายชื่อ,7,เชียงใหม่,แม่อาย,แม่นาวาง,557,763,ชาติพัฒนากล้า,0
บัญชีรายชื่อ,7,เชียงใหม่,แม่อาย,แม่นาวาง,418,519,ชาติพัฒนากล้า,1
บัญชีรายชื่อ,7,เชียงใหม่,แม่อาย,แม่นาวาง,527,752,ชาติพัฒนากล้า,0
บัญชีรายชื่อ,7,เชียงใหม่,แม่อาย,แม่นาวาง,656,901,ชาติพัฒนากล้า,3
บัญชีรายชื่อ,7,เชียงใหม่,แม่อาย,แม่นาวาง,131,167,ชาติพัฒนากล้า,0
บัญชีรายชื่อ,7,เชียงใหม่,แม่อาย,แม่สาว,255,375,ชาติพัฒนากล้า,0
บัญชีรายชื่อ,7,เชียงใหม่,แม่อาย,แม่สาว,520,726,ชาติพัฒนากล้า,0
บัญชีรายชื่อ,7,เชียงใหม่,แม่อาย,แม่สาว,428,537,ชาติพัฒนากล้า,0
บัญชีรายชื่อ,7,เชียงใหม่,แม่อาย,แม่สาว,163,202,ชาติพัฒนากล้า,0
บัญชีรายชื่อ,7,เชียงใหม่,แม่อาย,แม่สาว,244,307,ชาติพัฒนากล้า,0
บัญชีรายชื่อ,7,เชียงใหม่,แม่อาย,แม่สาว,370,463,ชาติพัฒนากล้า,0
บัญชีรายชื่อ,7,เชียงใหม่,แม่อาย,แม่สาว,638,926,ชาติพัฒนากล้า,1
บัญชีรายชื่อ,7,เชียงใหม่,แม่อาย,แม่สาว,283,397,ชาติพัฒนากล้า,0
บัญชีรายชื่อ,7,เชียงใหม่,แม่อาย,แม่สาว,285,345,ชาติพัฒนากล้า,0
บัญชีรายชื่อ,7,เชียงใหม่,แม่อาย,แม่สาว,433,560,ชาติพัฒนากล้า,1
บัญชีรายชื่อ,7,เชียงใหม่,แม่อาย,แม่สาว,383,458,ชาติพัฒนากล้า,1
บัญชีรายชื่อ,7,เชียงใหม่,แม่อาย,แม่สาว,226,342,ชาติพัฒนากล้า,0
บัญชีรายชื่อ,7,เชียงใหม่,แม่อาย,แม่สาว,414,540,ชาติพัฒนากล้า,0
บัญชีรายชื่อ,7,เชียงใหม่,แม่อาย,แม่สาว,698,926,ชาติพัฒนากล้า,1
บัญชีรายชื่อ,7,เชียงใหม่,แม่อาย,แม่สาว,236,292,ชาติพัฒนากล้า,1
บัญชีรายชื่อ,7,เชียงใหม่,แม่อาย,แม่สาว,346,436,ชาติพัฒนากล้า,0
บัญชีรายชื่อ,7,เชียงใหม่,แม่อาย,แม่สาว,153,199,ชาติพัฒนากล้า,0
บัญชีรายชื่อ,7,เชียงใหม่,แม่อาย,แม่อาย,427,565,ชาติพัฒนากล้า,0
บัญชีรายชื่อ,7,เชียงใหม่,แม่อาย,แม่อาย,262,363,ชาติพัฒนากล้า,0
บัญชีรายชื่อ,7,เชียงใหม่,แม่อาย,แม่อาย,210,250,ชาติพัฒนากล้า,0
บัญชีรายชื่อ,7,เชียงใหม่,แม่อาย,แม่อาย,238,328,ชาติพัฒนากล้า,0
บัญชีรายชื่อ,7,เชียงใหม่,แม่อาย,แม่อาย,316,438,ชาติพัฒนากล้า,0
บัญชีรายชื่อ,7,เชียงใหม่,แม่อาย,แม่อาย,250,368,ชาติพัฒนากล้า,0
บัญชีรายชื่อ,7,เชียงใหม่,แม่อาย,แม่อาย,256,373,ชาติพัฒนากล้า,0
บัญชีรายชื่อ,7,เชียงใหม่,แม่อาย,แม่อาย,287,374,ชาติพัฒนากล้า,0
บัญชีรายชื่อ,7,เชียงใหม่,แม่อาย,แม่อาย,257,300,ชาติพัฒนากล้า,0
บัญชีรายชื่อ,7,เชียงใหม่,แม่อาย,แม่อาย,467,612,ชาติพัฒนากล้า,0
บัญชีรายชื่อ,7,เชียงใหม่,แม่อาย,แม่อาย,460,697,ชาติพัฒนากล้า,0
บัญชีรายชื่อ,7,เชียงใหม่,แม่อาย,แม่อาย,201,258,ชาติพัฒนากล้า,0
บัญชีรายชื่อ,7,เชียงใหม่,แม่อาย,แม่อาย,333,555,ชาติพัฒนากล้า,0
บัญชีรายชื่อ,7,เชียงใหม่,แม่อาย,แม่อาย,233,335,ชาติพัฒนากล้า,0
บัญชีรายชื่อ,7,เชียงใหม่,แม่อาย,แม่อาย,473,592,ชาติพัฒนากล้า,0
บัญชีรายชื่อ,7,เชียงใหม่,แม่อาย,แม่อาย,120,167,ชาติพัฒนากล้า,0
บัญชีรายชื่อ,7,เชียงใหม่,ไชยปราการ,ปงตำ,743,1004,ชาติพัฒนากล้า,0
บัญชีรายชื่อ,7,เชียงใหม่,ไชยปราการ,ปงตำ,692,1011,ชาติพัฒนากล้า,3
บัญชีรายชื่อ,7,เชียงใหม่,ไชยปราการ,ปงตำ,752,1018,ชาติพัฒนากล้า,0
บัญชีรายชื่อ,7,เชียงใหม่,ไชยปราการ,ปงตำ,578,749,ชาติพัฒนากล้า,0
บัญชีรายชื่อ,7,เชียงใหม่,ไชยปราการ,ปงตำ,242,333,ชาติพัฒนากล้า,1
บัญชีรายชื่อ,7,เชียงใหม่,ไชยปราการ,ปงตำ,379,479,ชาติพัฒนากล้า,0
บัญชีรายชื่อ,7,เชียงใหม่,ไชยปราการ,ปงตำ,517,674,ชาติพัฒนากล้า,0
บัญชีรายชื่อ,7,เชียงใหม่,ไชยปราการ,ปงตำ,411,608,ชาติพัฒนากล้า,0
บัญชีรายชื่อ,7,เชียงใหม่,ไชยปราการ,ปงตำ,135,186,ชาติพัฒนากล้า,0
บัญชีรายชื่อ,7,เชียงใหม่,ไชยปราการ,แม่ทะลบ,529,657,ชาติพัฒนากล้า,0
บัญชีรายชื่อ,7,เชียงใหม่,ไชยปราการ,แม่ทะลบ,469,605,ชาติพัฒนากล้า,0
บัญชีรายชื่อ,7,เชียงใหม่,ไชยปราการ,แม่ทะลบ,470,578,ชาติพัฒนากล้า,0
บัญชีรายชื่อ,7,เชียงใหม่,ไชยปราการ,แม่ทะลบ,730,968,ชาติพัฒนากล้า,0
บัญชีรายชื่อ,7,เชียงใหม่,ไชยปราการ,แม่ทะลบ,535,684,ชาติพัฒนากล้า,0
บัญชีรายชื่อ,7,เชียงใหม่,ไชยปราการ,แม่ทะลบ,447,554,ชาติพัฒนากล้า,0
บัญชีรายชื่อ,7,เชียงใหม่,ไชยปราการ,แม่ทะลบ,363,460,ชาติพัฒนากล้า,0
บัญชีรายชื่อ,7,เชียงใหม่,ไชยปราการ,แม่ทะลบ,388,509,ชาติพัฒนากล้า,1
บัญชีรายชื่อ,7,เชียงใหม่,ไชยปราการ,แม่ทะลบ,410,537,ชาติพัฒนากล้า,2
บัญชีรายชื่อ,7,เชียงใหม่,,,800,800,ชาติพัฒนากล้า,2
บัญชีรายชื่อ,7,เชียงใหม่,,,799,800,ชาติพัฒนากล้า,4
บัญชีรายชื่อ,7,เชียงใหม่,,,800,800,ชาติพัฒนากล้า,2
บัญชีรายชื่อ,7,เชียงใหม่,,,800,800,ชาติพัฒนากล้า,3
บัญชีรายชื่อ,7,เชียงใหม่,,,800,800,ชาติพัฒนากล้า,0
บัญชีรายชื่อ,7,เชียงใหม่,,,800,800,ชาติพัฒนากล้า,1
บัญชีรายชื่อ,7,เชียงใหม่,,,800,800,ชาติพัฒนากล้า,1
บัญชีรายชื่อ,7,เชียงใหม่,,,482,482,ชาติพัฒนากล้า,2
บัญชีรายชื่อ,7,เชียงใหม่,ฝาง,สันทราย,307,385,ชาติไทยพัฒนา,0
บัญชีรายชื่อ,7,เชียงใหม่,ฝาง,สันทราย,451,544,ชาติไทยพัฒนา,0
บัญชีรายชื่อ,7,เชียงใหม่,ฝาง,สันทราย,521,636,ชาติไทยพัฒนา,0
บัญชีรายชื่อ,7,เชียงใหม่,ฝาง,สันทราย,631,841,ชาติไทยพัฒนา,0
บัญชีรายชื่อ,7,เชียงใหม่,ฝาง,สันทราย,258,335,ชาติไทยพัฒนา,0
บัญชีรายชื่อ,7,เชียงใหม่,ฝาง,สันทราย,593,776,ชาติไทยพัฒนา,0
บัญชีรายชื่อ,7,เชียงใหม่,ฝาง,สันทราย,500,616,ชาติไทยพัฒนา,0
บัญชีรายชื่อ,7,เชียงใหม่,ฝาง,ม่อนปิ่น,0,0,ชาติไทยพัฒนา,0
บัญชีรายชื่อ,7,เชียงใหม่,ฝาง,ม่อนปิ่น,719,935,ชาติไทยพัฒนา,0
บัญชีรายชื่อ,7,เชียงใหม่,ฝาง,ม่อนปิ่น,542,756,ชาติไทยพัฒนา,1
บัญชีรายชื่อ,7,เชียงใหม่,ฝาง,ม่อนปิ่น,363,467,ชาติไทยพัฒนา,0
บัญชีรายชื่อ,7,เชียงใหม่,ฝาง,ม่อนปิ่น,190,234,ชาติไทยพัฒนา,0
บัญชีรายชื่อ,7,เชียงใหม่,ฝาง,ม่อนปิ่น,390,482,ชาติไทยพัฒนา,0
บัญชีรายชื่อ,7,เชียงใหม่,ฝาง,ม่อนปิ่น,671,996,ชาติไทยพัฒนา,0
บัญชีรายชื่อ,7,เชียงใหม่,ฝาง,ม่อนปิ่น,370,470,ชาติไทยพัฒนา,0
บัญชีรายชื่อ,7,เชียงใหม่,ฝาง,ม่อนปิ่น,484,640,ชาติไทยพัฒนา,1
บัญชีรายชื่อ,7,เชียงใหม่,ฝาง,ม่อนปิ่น,142,177,ชาติไทยพัฒนา,0
บัญชีรายชื่อ,7,เชียงใหม่,ฝาง,ม่อนปิ่น,559,862,ชาติไทยพัฒนา,0
บัญชีรายชื่อ,7,เชียงใหม่,ฝาง,ม่อนปิ่น,318,418,ชาติไทยพัฒนา,0
บัญชีรายชื่อ,7,เชียงใหม่,ฝาง,ม่อนปิ่น,229,303,ชาติไทยพัฒนา,0
บัญชีรายชื่อ,7,เชียงใหม่,ฝาง,ม่อนปิ่น,274,354,ชาติไทยพัฒนา,0
บัญชีรายชื่อ,7,เชียงใหม่,ฝาง,ม่อนปิ่น,717,971,ชาติไทยพัฒนา,1
บัญชีรายชื่อ,7,เชียงใหม่,ฝาง,สันทราย,403,520,ชาติไทยพัฒนา,0
บัญชีรายชื่อ,7,เชียงใหม่,ฝาง,สันทราย,310,399,ชาติไทยพัฒนา,0
บัญชีรายชื่อ,7,เชียงใหม่,ฝาง,สันทราย,489,616,ชาติไทยพัฒนา,0
บัญชีรายชื่อ,7,เชียงใหม่,ฝาง,สันทราย,189,221,ชาติไทยพัฒนา,0
บัญชีรายชื่อ,7,เชียงใหม่,ฝาง,สันทราย,487,676,ชาติไทยพัฒนา,0
บัญชีรายชื่อ,7,เชียงใหม่,ฝาง,สันทราย,315,406,ชาติไทยพัฒนา,1
บัญชีรายชื่อ,7,เชียงใหม่,ฝาง,สันทราย,338,400,ชาติไทยพัฒนา,0
บัญชีรายชื่อ,7,เชียงใหม่,ฝาง,สันทราย,493,646,ชาติไทยพัฒนา,2
บัญชีรายชื่อ,7,เชียงใหม่,ฝาง,สันทราย,278,342,ชาติไทยพัฒนา,0
บัญชีรายชื่อ,7,เชียงใหม่,ฝาง,สันทราย,320,416,ชาติไทยพัฒนา,1
บัญชีรายชื่อ,7,เชียงใหม่,ฝาง,เวียง,501,733,ชาติไทยพัฒนา,0
บัญชีรายชื่อ,7,เชียงใหม่,ฝาง,เวียง,430,609,ชาติไทยพัฒนา,3
บัญชีรายชื่อ,7,เชียงใหม่,ฝาง,เวียง,624,933,ชาติไทยพัฒนา,0
บัญชีรายชื่อ,7,เชียงใหม่,ฝาง,เวียง,640,917,ชาติไทยพัฒนา,0
บัญชีรายชื่อ,7,เชียงใหม่,ฝาง,เวียง,723,1070,ชาติไทยพัฒนา,2
บัญชีรายชื่อ,7,เชียงใหม่,ฝาง,เวียง,473,6636,ชาติไทยพัฒนา,0
บัญชีรายชื่อ,7,เชียงใหม่,ฝาง,เวียง,344,464,ชาติไทยพัฒนา,0
บัญชีรายชื่อ,7,เชียงใหม่,ฝาง,เวียง,234,462,ชาติไทยพัฒนา,0
บัญชีรายชื่อ,7,เชียงใหม่,ฝาง,เวียง,264,360,ชาติไทยพัฒนา,2
บัญชีรายชื่อ,7,เชียงใหม่,ฝาง,เวียง,624,862,ชาติไทยพัฒนา,0
บัญชีรายชื่อ,7,เชียงใหม่,ฝาง,เวียง,625,907,ชาติไทยพัฒนา,0
บัญชีรายชื่อ,7,เชียงใหม่,ฝาง,เวียง,389,499,ชาติไทยพัฒนา,0
บัญชีรายชื่อ,7,เชียงใหม่,ฝาง,เวียง,549,724,ชาติไทยพัฒนา,0
บัญชีรายชื่อ,7,เชียงใหม่,ฝาง,เวียง,191,285,ชาติไทยพัฒนา,0
บัญชีรายชื่อ,7,เชียงใหม่,ฝาง,เวียง,453,610,ชาติไทยพัฒนา,0
บัญชีรายชื่อ,7,เชียงใหม่,ฝาง,เวียง,359,483,ชาติไทยพัฒนา,0
บัญชีรายชื่อ,7,เชียงใหม่,ฝาง,เวียง,371,463,ชาติไทยพัฒนา,2
บัญชีรายชื่อ,7,เชียงใหม่,ฝาง,เวียง,318,448,ชาติไทยพัฒนา,0
บัญชีรายชื่อ,7,เชียงใหม่,ฝาง,เวียง,458,608,ชาติไทยพัฒนา,0
บัญชีรายชื่อ,7,เชียงใหม่,ฝาง,เวียง,425,576,ชาติไทยพัฒนา,0
บัญชีรายชื่อ,7,เชียงใหม่,ฝาง,เวียง,414,582,ชาติไทยพัฒนา,2
บัญชีรายชื่อ,7,เชียงใหม่,ฝาง,เวียง,608,793,ชาติไทยพัฒนา,0
บัญชีรายชื่อ,7,เชียงใหม่,ฝาง,เวียง,555,706,ชาติไทยพัฒนา,1
บัญชีรายชื่อ,7,เชียงใหม่,ฝาง,เวียง,501,631,ชาติไทยพัฒนา,0
บัญชีรายชื่อ,7,เชียงใหม่,ฝาง,เวียง,169,226,ชาติไทยพัฒนา,0
บัญชีรายชื่อ,7,เชียงใหม่,ฝาง,เวียง,265,469,ชาติไทยพัฒนา,0
บัญชีรายชื่อ,7,เชียงใหม่,ฝาง,แม่ข่า,391,498,ชาติไทยพัฒนา,0
บัญชีรายชื่อ,7,เชียงใหม่,ฝาง,แม่ข่า,419,541,ชาติไทยพัฒนา,1
บัญชีรายชื่อ,7,เชียงใหม่,ฝาง,แม่ข่า,421,542,ชาติไทยพัฒนา,0
บัญชีรายชื่อ,7,เชียงใหม่,ฝาง,แม่ข่า,335,425,ชาติไทยพัฒนา,0
บัญชีรายชื่อ,7,เชียงใหม่,ฝาง,แม่ข่า,337,444,ชาติไทยพัฒนา,0
บัญชีรายชื่อ,7,เชียงใหม่,ฝาง,แม่ข่า,287,373,ชาติไทยพัฒนา,0
บัญชีรายชื่อ,7,เชียงใหม่,ฝาง,แม่ข่า,543,687,ชาติไทยพัฒนา,0
บัญชีรายชื่อ,7,เชียงใหม่,ฝาง,แม่ข่า,358,479,ชาติไทยพัฒนา,0
บัญชีรายชื่อ,7,เชียงใหม่,ฝาง,แม่ข่า,628,763,ชาติไทยพัฒนา,0
บัญชีรายชื่อ,7,เชียงใหม่,ฝาง,แม่ข่า,367,494,ชาติไทยพัฒนา,0
บัญชีรายชื่อ,7,เชียงใหม่,ฝาง,แม่ข่า,419,546,ชาติไทยพัฒนา,0
บัญชีรายชื่อ,7,เชียงใหม่,ฝาง,แม่ข่า,278,339,ชาติไทยพัฒนา,0
บัญชีรายชื่อ,7,เชียงใหม่,ฝาง,แม่ข่า,469,586,ชาติไทยพัฒนา,0
บัญชีรายชื่อ,7,เชียงใหม่,ฝาง,แม่ข่า,295,370,ชาติไทยพัฒนา,0
บัญชีรายชื่อ,7,เชียงใหม่,ฝาง,แม่คะ,523,683,ชาติไทยพัฒนา,0
บัญชีรายชื่อ,7,เชียงใหม่,ฝาง,แม่คะ,472,682,ชาติไทยพัฒนา,1
บัญชีรายชื่อ,7,เชียงใหม่,ฝาง,แม่คะ,403,482,ชาติไทยพัฒนา,0
บัญชีรายชื่อ,7,เชียงใหม่,ฝาง,แม่คะ,441,580,ชาติไทยพัฒนา,1
บัญชีรายชื่อ,7,เชียงใหม่,ฝาง,แม่คะ,215,251,ชาติไทยพัฒนา,0
บัญชีรายชื่อ,7,เชียงใหม่,ฝาง,แม่คะ,265,321,ชาติไทยพัฒนา,0
บัญชีรายชื่อ,7,เชียงใหม่,ฝาง,แม่คะ,444,710,ชาติไทยพัฒนา,0
บัญชีรายชื่อ,7,เชียงใหม่,ฝาง,แม่คะ,213,287,ชาติไทยพัฒนา,0
บัญชีรายชื่อ,7,เชียงใหม่,ฝาง,แม่คะ,584,728,ชาติไทยพัฒนา,0
บัญชีรายชื่อ,7,เชียงใหม่,ฝาง,แม่คะ,242,329,ชาติไทยพัฒนา,0
บัญชีรายชื่อ,7,เชียงใหม่,ฝาง,แม่คะ,350,512,ชาติไทยพัฒนา,0
บัญชีรายชื่อ,7,เชียงใหม่,ฝาง,แม่คะ,563,722,ชาติไทยพัฒนา,0
บัญชีรายชื่อ,7,เชียงใหม่,ฝาง,แม่คะ,636,1089,ชาติไทยพัฒนา,0
บัญชีรายชื่อ,7,เชียงใหม่,ฝาง,แม่คะ,500,610,ชาติไทยพัฒนา,0
บัญชีรายชื่อ,7,เชียงใหม่,ฝาง,แม่คะ,167,207,ชาติไทยพัฒนา,0
บัญชีรายชื่อ,7,เชียงใหม่,ฝาง,แม่คะ,522,692,ชาติไทยพัฒนา,2
บัญชีรายชื่อ,7,เชียงใหม่,ฝาง,แม่งอน,297,386,ชาติไทยพัฒนา,0
บัญชีรายชื่อ,7,เชียงใหม่,ฝาง,แม่งอน,209,630,ชาติไทยพัฒนา,0
บัญชีรายชื่อ,7,เชียงใหม่,ฝาง,แม่งอน,360,414,ชาติไทยพัฒนา,0
บัญชีรายชื่อ,7,เชียงใหม่,ฝาง,แม่งอน,328,393,ชาติไทยพัฒนา,0
บัญชีรายชื่อ,7,เชียงใหม่,ฝาง,แม่งอน,346,763,ชาติไทยพัฒนา,1
บัญชีรายชื่อ,7,เชียงใหม่,ฝาง,แม่งอน,265,315,ชาติไทยพัฒนา,1
บัญชีรายชื่อ,7,เชียงใหม่,ฝาง,แม่งอน,268,331,ชาติไทยพัฒนา,0
บัญชีรายชื่อ,7,เชียงใหม่,ฝาง,แม่งอน,310,406,ชาติไทยพัฒนา,0
บัญชีรายชื่อ,7,เชียงใหม่,ฝาง,แม่งอน,507,674,ชาติไทยพัฒนา,0
บัญชีรายชื่อ,7,เชียงใหม่,ฝาง,แม่งอน,298,372,ชาติไทยพัฒนา,0
บัญชีรายชื่อ,7,เชียงใหม่,ฝาง,แม่งอน,508,639,ชาติไทยพัฒนา,0
บัญชีรายชื่อ,7,เชียงใหม่,ฝาง,แม่งอน,380,880,ชาติไทยพัฒนา,1
บัญชีรายชื่อ,7,เชียงใหม่,ฝาง,แม่งอน,292,531,ชาติไทยพัฒนา,0
บัญชีรายชื่อ,7,เชียงใหม่,ฝาง,แม่งอน,405,694,ชาติไทยพัฒนา,0
บัญชีรายชื่อ,7,เชียงใหม่,ฝาง,แม่งอน,499,681,ชาติไทยพัฒนา,0
บัญชีรายชื่อ,7,เชียงใหม่,ฝาง,แม่งอน,435,562,ชาติไทยพัฒนา,0
บัญชีรายชื่อ,7,เชียงใหม่,ฝาง,แม่สูน,386,532,ชาติไทยพัฒนา,0
บัญชีรายชื่อ,7,เชียงใหม่,ฝาง,แม่สูน,614,846,ชาติไทยพัฒนา,0
บัญชีรายชื่อ,7,เชียงใหม่,ฝาง,แม่สูน,617,7999,ชาติไทยพัฒนา,0
บัญชีรายชื่อ,7,เชียงใหม่,ฝาง,แม่สูน,396,530,ชาติไทยพัฒนา,0
บัญชีรายชื่อ,7,เชียงใหม่,ฝาง,แม่สูน,295,373,ชาติไทยพัฒนา,0
บัญชีรายชื่อ,7,เชียงใหม่,ฝาง,แม่สูน,264,347,ชาติไทยพัฒนา,0
บัญชีรายชื่อ,7,เชียงใหม่,ฝาง,แม่สูน,367,488,ชาติไทยพัฒนา,1
บัญชีรายชื่อ,7,เชียงใหม่,ฝาง,แม่สูน,308,382,ชาติไทยพัฒนา,0
บัญชีรายชื่อ,7,เชียงใหม่,ฝาง,แม่สูน,308,365,ชาติไทยพัฒนา,0
บัญชีรายชื่อ,7,เชียงใหม่,ฝาง,แม่สูน,284,377,ชาติไทยพัฒนา,0
บัญชีรายชื่อ,7,เชียงใหม่,ฝาง,แม่สูน,407,593,ชาติไทยพัฒนา,0
บัญชีรายชื่อ,7,เชียงใหม่,ฝาง,แม่สูน,469,579,ชาติไทยพัฒนา,0
บัญชีรายชื่อ,7,เชียงใหม่,ฝาง,แม่สูน,725,1000,ชาติไทยพัฒนา,0
บัญชีรายชื่อ,7,เชียงใหม่,ฝาง,แม่สูน,479,623,ชาติไทยพัฒนา,0
บัญชีรายชื่อ,7,เชียงใหม่,ฝาง,แม่สูน,301,403,ชาติไทยพัฒนา,0
บัญชีรายชื่อ,7,เชียงใหม่,ฝาง,แม่สูน,330,433,ชาติไทยพัฒนา,1
บัญชีรายชื่อ,7,เชียงใหม่,ฝาง,แม่สูน,607,824,ชาติไทยพัฒนา,0
บัญชีรายชื่อ,7,เชียงใหม่,ฝาง,แม่สูน,101,118,ชาติไทยพัฒนา,0
บัญชีรายชื่อ,7,เชียงใหม่,ฝาง,โป่งน้ำร้อน,214,275,ชาติไทยพัฒนา,0
บัญชีรายชื่อ,7,เชียงใหม่,ฝาง,โป่งน้ำร้อน,327,413,ชาติไทยพัฒนา,0
บัญชีรายชื่อ,7,เชียงใหม่,ฝาง,โป่งน้ำร้อน,502,794,ชาติไทยพัฒนา,0
บัญชีรายชื่อ,7,เชียงใหม่,ฝาง,โป่งน้ำร้อน,269,356,ชาติไทยพัฒนา,0
บัญชีรายชื่อ,7,เชียงใหม่,ฝาง,โป่งน้ำร้อน,348,415,ชาติไทยพัฒนา,1
บัญชีรายชื่อ,7,เชียงใหม่,ฝาง,โป่งน้ำร้อน,462,610,ชาติไทยพัฒนา,0
บัญชีรายชื่อ,7,เชียงใหม่,ฝาง,โป่งน้ำร้อน,324,418,ชาติไทยพัฒนา,1
บัญชีรายชื่อ,7,เชียงใหม่,แม่อาย,ท่าตอน,448,647,ชาติไทยพัฒนา,1
บัญชีรายชื่อ,7,เชียงใหม่,แม่อาย,ท่าตอน,81,139,ชาติไทยพัฒนา,0
บัญชีรายชื่อ,7,เชียงใหม่,แม่อาย,ท่าตอน,500,741,ชาติไทยพัฒนา,2
บัญชีรายชื่อ,7,เชียงใหม่,แม่อาย,ท่าตอน,332,527,ชาติไทยพัฒนา,0
บัญชีรายชื่อ,7,เชียงใหม่,แม่อาย,ท่าตอน,523,953,ชาติไทยพัฒนา,1
บัญชีรายชื่อ,7,เชียงใหม่,แม่อาย,ท่าตอน,516,982,ชาติไทยพัฒนา,0
บัญชีรายชื่อ,7,เชียงใหม่,แม่อาย,ท่าตอน,252,418,ชาติไทยพัฒนา,1
บัญชีรายชื่อ,7,เชียงใหม่,แม่อาย,ท่าตอน,650,889,ชาติไทยพัฒนา,0
บัญชีรายชื่อ,7,เชียงใหม่,แม่อาย,ท่าตอน,458,640,ชาติไทยพัฒนา,0
บัญชีรายชื่อ,7,เชียงใหม่,แม่อาย,ท่าตอน,461,742,ชาติไทยพัฒนา,1
บัญชีรายชื่อ,7,เชียงใหม่,แม่อาย,ท่าตอน,199,305,ชาติไทยพัฒนา,1
บัญชีรายชื่อ,7,เชียงใหม่,แม่อาย,ท่าตอน,495,718,ชาติไทยพัฒนา,1
บัญชีรายชื่อ,7,เชียงใหม่,แม่อาย,ท่าตอน,505,933,ชาติไทยพัฒนา,1
บัญชีรายชื่อ,7,เชียงใหม่,แม่อาย,ท่าตอน,525,804,ชาติไทยพัฒนา,0
บัญชีรายชื่อ,7,เชียงใหม่,แม่อาย,ท่าตอน,197,284,ชาติไทยพัฒนา,1
บัญชีรายชื่อ,7,เชียงใหม่,แม่อาย,ท่าตอน,467,692,ชาติไทยพัฒนา,0
บัญชีรายชื่อ,7,เชียงใหม่,แม่อาย,ท่าตอน,125,199,ชาติไทยพัฒนา,0
บัญชีรายชื่อ,7,เชียงใหม่,แม่อาย,ท่าตอน,264,382,ชาติไทยพัฒนา,0
บัญชีรายชื่อ,7,เชียงใหม่,แม่อาย,ท่าตอน,0,0,ชาติไทยพัฒนา,0
บัญชีรายชื่อ,7,เชียงใหม่,แม่อาย,ท่าตอน,504,867,ชาติไทยพัฒนา,0
บัญชีรายชื่อ,7,เชียงใหม่,แม่อาย,บ้านหลวง,364,597,ชาติไทยพัฒนา,0
บัญชีรายชื่อ,7,เชียงใหม่,แม่อาย,บ้านหลวง,283,404,ชาติไทยพัฒนา,1
บัญชีรายชื่อ,7,เชียงใหม่,แม่อาย,บ้านหลวง,254,353,ชาติไทยพัฒนา,1
บัญชีรายชื่อ,7,เชียงใหม่,แม่อาย,บ้านหลวง,520,674,ชาติไทยพัฒนา,1
บัญชีรายชื่อ,7,เชียงใหม่,แม่อาย,บ้านหลวง,339,454,ชาติไทยพัฒนา,2
บัญชีรายชื่อ,7,เชียงใหม่,แม่อาย,บ้านหลวง,287,382,ชาติไทยพัฒนา,0
บัญชีรายชื่อ,7,เชียงใหม่,แม่อาย,บ้านหลวง,647,837,ชาติไทยพัฒนา,0
บัญชีรายชื่อ,7,เชียงใหม่,แม่อาย,บ้านหลวง,274,328,ชาติไทยพัฒนา,0
บัญชีรายชื่อ,7,เชียงใหม่,แม่อาย,บ้านหลวง,161,206,ชาติไทยพัฒนา,0
บัญชีรายชื่อ,7,เชียงใหม่,แม่อาย,บ้านหลวง,303,396,ชาติไทยพัฒนา,0
บัญชีรายชื่อ,7,เชียงใหม่,แม่อาย,บ้านหลวง,141,170,ชาติไทยพัฒนา,1
บัญชีรายชื่อ,7,เชียงใหม่,แม่อาย,บ้านหลวง,129,168,ชาติไทยพัฒนา,0
บัญชีรายชื่อ,7,เชียงใหม่,แม่อาย,บ้านหลวง,195,253,ชาติไทยพัฒนา,1
บัญชีรายชื่อ,7,เชียงใหม่,แม่อาย,มะลิกา,151,196,ชาติไทยพัฒนา,0
บัญชีรายชื่อ,7,เชียงใหม่,แม่อาย,มะลิกา,169,239,ชาติไทยพัฒนา,0
บัญชีรายชื่อ,7,เชียงใหม่,แม่อาย,มะลิกา,195,378,ชาติไทยพัฒนา,0
บัญชีรายชื่อ,7,เชียงใหม่,แม่อาย,มะลิกา,226,394,ชาติไทยพัฒนา,0
บัญชีรายชื่อ,7,เชียงใหม่,แม่อาย,มะลิกา,290,408,ชาติไทยพัฒนา,1
บัญชีรายชื่อ,7,เชียงใหม่,แม่อาย,มะลิกา,274,396,ชาติไทยพัฒนา,0
บัญชีรายชื่อ,7,เชียงใหม่,แม่อาย,มะลิกา,308,448,ชาติไทยพัฒนา,1
บัญชีรายชื่อ,7,เชียงใหม่,แม่อาย,มะลิกา,188,235,ชาติไทยพัฒนา,0
บัญชีรายชื่อ,7,เชียงใหม่,แม่อาย,มะลิกา,195,291,ชาติไทยพัฒนา,0
บัญชีรายชื่อ,7,เชียงใหม่,แม่อาย,มะลิกา,151,196,ชาติไทยพัฒนา,0
บัญชีรายชื่อ,7,เชียงใหม่,แม่อาย,สันต้นหมื้อ,434,567,ชาติไทยพัฒนา,0
บัญชีรายชื่อ,7,เชียงใหม่,แม่อาย,สันต้นหมื้อ,215,242,ชาติไทยพัฒนา,0
บัญชีรายชื่อ,7,เชียงใหม่,แม่อาย,สันต้นหมื้อ,211,288,ชาติไทยพัฒนา,0
บัญชีรายชื่อ,7,เชียงใหม่,แม่อาย,สันต้นหมื้อ,216,271,ชาติไทยพัฒนา,0
บัญชีรายชื่อ,7,เชียงใหม่,แม่อาย,สันต้นหมื้อ,318,416,ชาติไทยพัฒนา,0
บัญชีรายชื่อ,7,เชียงใหม่,แม่อาย,สันต้นหมื้อ,317,442,ชาติไทยพัฒนา,0
บัญชีรายชื่อ,7,เชียงใหม่,แม่อาย,สันต้นหมื้อ,340,429,ชาติไทยพัฒนา,1
บัญชีรายชื่อ,7,เชียงใหม่,แม่อาย,สันต้นหมื้อ,379,520,ชาติไทยพัฒนา,0
บัญชีรายชื่อ,7,เชียงใหม่,แม่อาย,สันต้นหมื้อ,539,740,ชาติไทยพัฒนา,1
บัญชีรายชื่อ,7,เชียงใหม่,แม่อาย,สันต้นหมื้อ,171,226,ชาติไทยพัฒนา,0
บัญชีรายชื่อ,7,เชียงใหม่,แม่อาย,สันต้นหมื้อ,310,412,ชาติไทยพัฒนา,0
บัญชีรายชื่อ,7,เชียงใหม่,แม่อาย,สันต้นหมื้อ,170,230,ชาติไทยพัฒนา,0
บัญชีรายชื่อ,7,เชียงใหม่,แม่อาย,แม่นาวาง,287,404,ชาติไทยพัฒนา,0
บัญชีรายชื่อ,7,เชียงใหม่,แม่อาย,แม่นาวาง,462,522,ชาติไทยพัฒนา,0
บัญชีรายชื่อ,7,เชียงใหม่,แม่อาย,แม่นาวาง,212,287,ชาติไทยพัฒนา,0
บัญชีรายชื่อ,7,เชียงใหม่,แม่อาย,แม่นาวาง,270,361,ชาติไทยพัฒนา,0
บัญชีรายชื่อ,7,เชียงใหม่,แม่อาย,แม่นาวาง,406,530,ชาติไทยพัฒนา,0
บัญชีรายชื่อ,7,เชียงใหม่,แม่อาย,แม่นาวาง,222,288,ชาติไทยพัฒนา,0
บัญชีรายชื่อ,7,เชียงใหม่,แม่อาย,แม่นาวาง,520,782,ชาติไทยพัฒนา,0
บัญชีรายชื่อ,7,เชียงใหม่,แม่อาย,แม่นาวาง,262,355,ชาติไทยพัฒนา,0
บัญชีรายชื่อ,7,เชียงใหม่,แม่อาย,แม่นาวาง,412,577,ชาติไทยพัฒนา,0
บัญชีรายชื่อ,7,เชียงใหม่,แม่อาย,แม่นาวาง,302,421,ชาติไทยพัฒนา,0
บัญชีรายชื่อ,7,เชียงใหม่,แม่อาย,แม่นาวาง,336,445,ชาติไทยพัฒนา,0
บัญชีรายชื่อ,7,เชียงใหม่,แม่อาย,แม่นาวาง,418,556,ชาติไทยพัฒนา,0
บัญชีรายชื่อ,7,เชียงใหม่,แม่อาย,แม่นาวาง,327,441,ชาติไทยพัฒนา,0
บัญชีรายชื่อ,7,เชียงใหม่,แม่อาย,แม่นาวาง,194,275,ชาติไทยพัฒนา,0
บัญชีรายชื่อ,7,เชียงใหม่,แม่อาย,แม่นาวาง,387,501,ชาติไทยพัฒนา,0
บัญชีรายชื่อ,7,เชียงใหม่,แม่อาย,แม่นาวาง,557,763,ชาติไทยพัฒนา,1
บัญชีรายชื่อ,7,เชียงใหม่,แม่อาย,แม่นาวาง,418,519,ชาติไทยพัฒนา,1
บัญชีรายชื่อ,7,เชียงใหม่,แม่อาย,แม่นาวาง,527,752,ชาติไทยพัฒนา,3
บัญชีรายชื่อ,7,เชียงใหม่,แม่อาย,แม่นาวาง,656,901,ชาติไทยพัฒนา,0
บัญชีรายชื่อ,7,เชียงใหม่,แม่อาย,แม่นาวาง,131,167,ชาติไทยพัฒนา,0
บัญชีรายชื่อ,7,เชียงใหม่,แม่อาย,แม่สาว,255,375,ชาติไทยพัฒนา,0
บัญชีรายชื่อ,7,เชียงใหม่,แม่อาย,แม่สาว,520,726,ชาติไทยพัฒนา,0
บัญชีรายชื่อ,7,เชียงใหม่,แม่อาย,แม่สาว,428,537,ชาติไทยพัฒนา,1
บัญชีรายชื่อ,7,เชียงใหม่,แม่อาย,แม่สาว,163,202,ชาติไทยพัฒนา,0
บัญชีรายชื่อ,7,เชียงใหม่,แม่อาย,แม่สาว,244,307,ชาติไทยพัฒนา,0
บัญชีรายชื่อ,7,เชียงใหม่,แม่อาย,แม่สาว,370,463,ชาติไทยพัฒนา,0
บัญชีรายชื่อ,7,เชียงใหม่,แม่อาย,แม่สาว,638,926,ชาติไทยพัฒนา,3
บัญชีรายชื่อ,7,เชียงใหม่,แม่อาย,แม่สาว,283,397,ชาติไทยพัฒนา,0
บัญชีรายชื่อ,7,เชียงใหม่,แม่อาย,แม่สาว,285,345,ชาติไทยพัฒนา,0
บัญชีรายชื่อ,7,เชียงใหม่,แม่อาย,แม่สาว,433,560,ชาติไทยพัฒนา,2
บัญชีรายชื่อ,7,เชียงใหม่,แม่อาย,แม่สาว,383,458,ชาติไทยพัฒนา,0
บัญชีรายชื่อ,7,เชียงใหม่,แม่อาย,แม่สาว,226,342,ชาติไทยพัฒนา,0
บัญชีรายชื่อ,7,เชียงใหม่,แม่อาย,แม่สาว,414,540,ชาติไทยพัฒนา,0
บัญชีรายชื่อ,7,เชียงใหม่,แม่อาย,แม่สาว,698,926,ชาติไทยพัฒนา,0
บัญชีรายชื่อ,7,เชียงใหม่,แม่อาย,แม่สาว,236,292,ชาติไทยพัฒนา,1
บัญชีรายชื่อ,7,เชียงใหม่,แม่อาย,แม่สาว,346,436,ชาติไทยพัฒนา,0
บัญชีรายชื่อ,7,เชียงใหม่,แม่อาย,แม่สาว,153,199,ชาติไทยพัฒนา,1
บัญชีรายชื่อ,7,เชียงใหม่,แม่อาย,แม่อาย,427,565,ชาติไทยพัฒนา,0
บัญชีรายชื่อ,7,เชียงใหม่,แม่อาย,แม่อาย,262,363,ชาติไทยพัฒนา,1
บัญชีรายชื่อ,7,เชียงใหม่,แม่อาย,แม่อาย,210,250,ชาติไทยพัฒนา,0
บัญชีรายชื่อ,7,เชียงใหม่,แม่อาย,แม่อาย,238,328,ชาติไทยพัฒนา,0
บัญชีรายชื่อ,7,เชียงใหม่,แม่อาย,แม่อาย,316,438,ชาติไทยพัฒนา,0
บัญชีรายชื่อ,7,เชียงใหม่,แม่อาย,แม่อาย,250,368,ชาติไทยพัฒนา,0
บัญชีรายชื่อ,7,เชียงใหม่,แม่อาย,แม่อาย,256,373,ชาติไทยพัฒนา,0
บัญชีรายชื่อ,7,เชียงใหม่,แม่อาย,แม่อาย,287,374,ชาติไทยพัฒนา,0
บัญชีรายชื่อ,7,เชียงใหม่,แม่อาย,แม่อาย,257,300,ชาติไทยพัฒนา,0
บัญชีรายชื่อ,7,เชียงใหม่,แม่อาย,แม่อาย,467,612,ชาติไทยพัฒนา,0
บัญชีรายชื่อ,7,เชียงใหม่,แม่อาย,แม่อาย,460,697,ชาติไทยพัฒนา,0
บัญชีรายชื่อ,7,เชียงใหม่,แม่อาย,แม่อาย,201,258,ชาติไทยพัฒนา,1
บัญชีรายชื่อ,7,เชียงใหม่,แม่อาย,แม่อาย,333,555,ชาติไทยพัฒนา,0
บัญชีรายชื่อ,7,เชียงใหม่,แม่อาย,แม่อาย,233,335,ชาติไทยพัฒนา,1
บัญชีรายชื่อ,7,เชียงใหม่,แม่อาย,แม่อาย,473,592,ชาติไทยพัฒนา,0
บัญชีรายชื่อ,7,เชียงใหม่,แม่อาย,แม่อาย,120,167,ชาติไทยพัฒนา,0
บัญชีรายชื่อ,7,เชียงใหม่,ไชยปราการ,ปงตำ,743,1004,ชาติไทยพัฒนา,1
บัญชีรายชื่อ,7,เชียงใหม่,ไชยปราการ,ปงตำ,692,1011,ชาติไทยพัฒนา,0
บัญชีรายชื่อ,7,เชียงใหม่,ไชยปราการ,ปงตำ,752,1018,ชาติไทยพัฒนา,0
บัญชีรายชื่อ,7,เชียงใหม่,ไชยปราการ,ปงตำ,578,749,ชาติไทยพัฒนา,0
บัญชีรายชื่อ,7,เชียงใหม่,ไชยปราการ,ปงตำ,242,333,ชาติไทยพัฒนา,0
บัญชีรายชื่อ,7,เชียงใหม่,ไชยปราการ,ปงตำ,379,479,ชาติไทยพัฒนา,0
บัญชีรายชื่อ,7,เชียงใหม่,ไชยปราการ,ปงตำ,517,674,ชาติไทยพัฒนา,0
บัญชีรายชื่อ,7,เชียงใหม่,ไชยปราการ,ปงตำ,411,608,ชาติไทยพัฒนา,0
บัญชีรายชื่อ,7,เชียงใหม่,ไชยปราการ,ปงตำ,135,186,ชาติไทยพัฒนา,0
บัญชีรายชื่อ,7,เชียงใหม่,ไชยปราการ,แม่ทะลบ,529,657,ชาติไทยพัฒนา,2
บัญชีรายชื่อ,7,เชียงใหม่,ไชยปราการ,แม่ทะลบ,469,605,ชาติไทยพัฒนา,0
บัญชีรายชื่อ,7,เชียงใหม่,ไชยปราการ,แม่ทะลบ,470,578,ชาติไทยพัฒนา,0
บัญชีรายชื่อ,7,เชียงใหม่,ไชยปราการ,แม่ทะลบ,730,968,ชาติไทยพัฒนา,0
บัญชีรายชื่อ,7,เชียงใหม่,ไชยปราการ,แม่ทะลบ,535,684,ชาติไทยพัฒนา,0
บัญชีรายชื่อ,7,เชียงใหม่,ไชยปราการ,แม่ทะลบ,447,554,ชาติไทยพัฒนา,2
บัญชีรายชื่อ,7,เชียงใหม่,ไชยปราการ,แม่ทะลบ,363,460,ชาติไทยพัฒนา,0
บัญชีรายชื่อ,7,เชียงใหม่,ไชยปราการ,แม่ทะลบ,388,509,ชาติไทยพัฒนา,0
บัญชีรายชื่อ,7,เชียงใหม่,ไชยปราการ,แม่ทะลบ,410,537,ชาติไทยพัฒนา,1
บัญชีรายชื่อ,7,เชียงใหม่,,,800,800,ชาติไทยพัฒนา,0
บัญชีรายชื่อ,7,เชียงใหม่,,,799,800,ชาติไทยพัฒนา,0
บัญชีรายชื่อ,7,เชียงใหม่,,,800,800,ชาติไทยพัฒนา,0
บัญชีรายชื่อ,7,เชียงใหม่,,,800,800,ชาติไทยพัฒนา,0
บัญชีรายชื่อ,7,เชียงใหม่,,,800,800,ชาติไทยพัฒนา,0
บัญชีรายชื่อ,7,เชียงใหม่,,,800,800,ชาติไทยพัฒนา,0
บัญชีรายชื่อ,7,เชียงใหม่,,,800,800,ชาติไทยพัฒนา,0
บัญชีรายชื่อ,7,เชียงใหม่,,,482,482,ชาติไทยพัฒนา,0
บัญชีรายชื่อ,7,เชียงใหม่,ฝาง,สันทราย,307,385,บัตรเสีย,13
บัญชีรายชื่อ,7,เชียงใหม่,ฝาง,สันทราย,451,544,บัตรเสีย,16
บัญชีรายชื่อ,7,เชียงใหม่,ฝาง,สันทราย,521,636,บัตรเสีย,29
บัญชีรายชื่อ,7,เชียงใหม่,ฝาง,สันทราย,631,841,บัตรเสีย,26
บัญชีรายชื่อ,7,เชียงใหม่,ฝาง,สันทราย,258,335,บัตรเสีย,11
บัญชีรายชื่อ,7,เชียงใหม่,ฝาง,สันทราย,593,776,บัตรเสีย,20
บัญชีรายชื่อ,7,เชียงใหม่,ฝาง,สันทราย,500,616,บัตรเสีย,21
บัญชีรายชื่อ,7,เชียงใหม่,ฝาง,ม่อนปิ่น,0,0,บัตรเสีย,0
บัญชีรายชื่อ,7,เชียงใหม่,ฝาง,ม่อนปิ่น,719,935,บัตรเสีย,45
บัญชีรายชื่อ,7,เชียงใหม่,ฝาง,ม่อนปิ่น,542,756,บัตรเสีย,63
บัญชีรายชื่อ,7,เชียงใหม่,ฝาง,ม่อนปิ่น,363,467,บัตรเสีย,15
บัญชีรายชื่อ,7,เชียงใหม่,ฝาง,ม่อนปิ่น,190,234,บัตรเสีย,10
บัญชีรายชื่อ,7,เชียงใหม่,ฝาง,ม่อนปิ่น,390,482,บัตรเสีย,29
บัญชีรายชื่อ,7,เชียงใหม่,ฝาง,ม่อนปิ่น,671,996,บัตรเสีย,62
บัญชีรายชื่อ,7,เชียงใหม่,ฝาง,ม่อนปิ่น,370,470,บัตรเสีย,29
บัญชีรายชื่อ,7,เชียงใหม่,ฝาง,ม่อนปิ่น,484,640,บัตรเสีย,16
บัญชีรายชื่อ,7,เชียงใหม่,ฝาง,ม่อนปิ่น,142,177,บัตรเสีย,6
บัญชีรายชื่อ,7,เชียงใหม่,ฝาง,ม่อนปิ่น,559,862,บัตรเสีย,17
บัญชีรายชื่อ,7,เชียงใหม่,ฝาง,ม่อนปิ่น,318,418,บัตรเสีย,10
บัญชีรายชื่อ,7,เชียงใหม่,ฝาง,ม่อนปิ่น,229,303,บัตรเสีย,15
บัญชีรายชื่อ,7,เชียงใหม่,ฝาง,ม่อนปิ่น,274,354,บัตรเสีย,11
บัญชีรายชื่อ,7,เชียงใหม่,ฝาง,ม่อนปิ่น,717,971,บัตรเสีย,23
บัญชีรายชื่อ,7,เชียงใหม่,ฝาง,สันทราย,403,520,บัตรเสีย,11
บัญชีรายชื่อ,7,เชียงใหม่,ฝาง,สันทราย,310,399,บัตรเสีย,7
บัญชีรายชื่อ,7,เชียงใหม่,ฝาง,สันทราย,489,616,บัตรเสีย,32
บัญชีรายชื่อ,7,เชียงใหม่,ฝาง,สันทราย,189,221,บัตรเสีย,5
บัญชีรายชื่อ,7,เชียงใหม่,ฝาง,สันทราย,487,676,บัตรเสีย,38
บัญชีรายชื่อ,7,เชียงใหม่,ฝาง,สันทราย,315,406,บัตรเสีย,8
บัญชีรายชื่อ,7,เชียงใหม่,ฝาง,สันทราย,338,400,บัตรเสีย,18
บัญชีรายชื่อ,7,เชียงใหม่,ฝาง,สันทราย,493,646,บัตรเสีย,26
บัญชีรายชื่อ,7,เชียงใหม่,ฝาง,สันทราย,278,342,บัตรเสีย,7
บัญชีรายชื่อ,7,เชียงใหม่,ฝาง,สันทราย,320,416,บัตรเสีย,26
บัญชีรายชื่อ,7,เชียงใหม่,ฝาง,เวียง,501,733,บัตรเสีย,33
บัญชีรายชื่อ,7,เชียงใหม่,ฝาง,เวียง,430,609,บัตรเสีย,20
บัญชีรายชื่อ,7,เชียงใหม่,ฝาง,เวียง,624,933,บัตรเสีย,20
บัญชีรายชื่อ,7,เชียงใหม่,ฝาง,เวียง,640,917,บัตรเสีย,19
บัญชีรายชื่อ,7,เชียงใหม่,ฝาง,เวียง,723,1070,บัตรเสีย,26
บัญชีรายชื่อ,7,เชียงใหม่,ฝาง,เวียง,473,6636,บัตรเสีย,14
บัญชีรายชื่อ,7,เชียงใหม่,ฝาง,เวียง,344,464,บัตรเสีย,14
บัญชีรายชื่อ,7,เชียงใหม่,ฝาง,เวียง,234,462,บัตรเสีย,27
บัญชีรายชื่อ,7,เชียงใหม่,ฝาง,เวียง,264,360,บัตรเสีย,9
บัญชีรายชื่อ,7,เชียงใหม่,ฝาง,เวียง,624,862,บัตรเสีย,35
บัญชีรายชื่อ,7,เชียงใหม่,ฝาง,เวียง,625,907,บัตรเสีย,58
บัญชีรายชื่อ,7,เชียงใหม่,ฝาง,เวียง,389,499,บัตรเสีย,9
บัญชีรายชื่อ,7,เชียงใหม่,ฝาง,เวียง,549,724,บัตรเสีย,38
บัญชีรายชื่อ,7,เชียงใหม่,ฝาง,เวียง,191,285,บัตรเสีย,8
บัญชีรายชื่อ,7,เชียงใหม่,ฝาง,เวียง,453,610,บัตรเสีย,9
บัญชีรายชื่อ,7,เชียงใหม่,ฝาง,เวียง,359,483,บัตรเสีย,10
บัญชีรายชื่อ,7,เชียงใหม่,ฝาง,เวียง,371,463,บัตรเสีย,17
บัญชีรายชื่อ,7,เชียงใหม่,ฝาง,เวียง,318,448,บัตรเสีย,11
บัญชีรายชื่อ,7,เชียงใหม่,ฝาง,เวียง,458,608,บัตรเสีย,12
บัญชีรายชื่อ,7,เชียงใหม่,ฝาง,เวียง,425,576,บัตรเสีย,19
บัญชีรายชื่อ,7,เชียงใหม่,ฝาง,เวียง,414,582,บัตรเสีย,4
บัญชีรายชื่อ,7,เชียงใหม่,ฝาง,เวียง,608,793,บัตรเสีย,30
บัญชีรายชื่อ,7,เชียงใหม่,ฝาง,เวียง,555,706,บัตรเสีย,21
บัญชีรายชื่อ,7,เชียงใหม่,ฝาง,เวียง,501,631,บัตรเสีย,19
บัญชีรายชื่อ,7,เชียงใหม่,ฝาง,เวียง,169,226,บัตรเสีย,2
บัญชีรายชื่อ,7,เชียงใหม่,ฝาง,เวียง,265,469,บัตรเสีย,23
บัญชีรายชื่อ,7,เชียงใหม่,ฝาง,แม่ข่า,391,498,บัตรเสีย,28
บัญชีรายชื่อ,7,เชียงใหม่,ฝาง,แม่ข่า,419,541,บัตรเสีย,14
บัญชีรายชื่อ,7,เชียงใหม่,ฝาง,แม่ข่า,421,542,บัตรเสีย,34
บัญชีรายชื่อ,7,เชียงใหม่,ฝาง,แม่ข่า,335,425,บัตรเสีย,10
บัญชีรายชื่อ,7,เชียงใหม่,ฝาง,แม่ข่า,337,444,บัตรเสีย,22
บัญชีรายชื่อ,7,เชียงใหม่,ฝาง,แม่ข่า,287,373,บัตรเสีย,18
บัญชีรายชื่อ,7,เชียงใหม่,ฝาง,แม่ข่า,543,687,บัตรเสีย,30
บัญชีรายชื่อ,7,เชียงใหม่,ฝาง,แม่ข่า,358,479,บัตรเสีย,11
บัญชีรายชื่อ,7,เชียงใหม่,ฝาง,แม่ข่า,628,763,บัตรเสีย,38
บัญชีรายชื่อ,7,เชียงใหม่,ฝาง,แม่ข่า,367,494,บัตรเสีย,15
บัญชีรายชื่อ,7,เชียงใหม่,ฝาง,แม่ข่า,419,546,บัตรเสีย,46
บัญชีรายชื่อ,7,เชียงใหม่,ฝาง,แม่ข่า,278,339,บัตรเสีย,13
บัญชีรายชื่อ,7,เชียงใหม่,ฝาง,แม่ข่า,469,586,บัตรเสีย,24
บัญชีรายชื่อ,7,เชียงใหม่,ฝาง,แม่ข่า,295,370,บัตรเสีย,16
บัญชีรายชื่อ,7,เชียงใหม่,ฝาง,แม่คะ,523,683,บัตรเสีย,25
บัญชีรายชื่อ,7,เชียงใหม่,ฝาง,แม่คะ,472,682,บัตรเสีย,46
บัญชีรายชื่อ,7,เชียงใหม่,ฝาง,แม่คะ,403,482,บัตรเสีย,16
บัญชีรายชื่อ,7,เชียงใหม่,ฝาง,แม่คะ,441,580,บัตรเสีย,18
บัญชีรายชื่อ,7,เชียงใหม่,ฝาง,แม่คะ,215,251,บัตรเสีย,15
บัญชีรายชื่อ,7,เชียงใหม่,ฝาง,แม่คะ,265,321,บัตรเสีย,6
บัญชีรายชื่อ,7,เชียงใหม่,ฝาง,แม่คะ,444,710,บัตรเสีย,48
บัญชีรายชื่อ,7,เชียงใหม่,ฝาง,แม่คะ,213,287,บัตรเสีย,17
บัญชีรายชื่อ,7,เชียงใหม่,ฝาง,แม่คะ,584,728,บัตรเสีย,21
บัญชีรายชื่อ,7,เชียงใหม่,ฝาง,แม่คะ,242,329,บัตรเสีย,9
บัญชีรายชื่อ,7,เชียงใหม่,ฝาง,แม่คะ,350,512,บัตรเสีย,11
บัญชีรายชื่อ,7,เชียงใหม่,ฝาง,แม่คะ,563,722,บัตรเสีย,44
บัญชีรายชื่อ,7,เชียงใหม่,ฝาง,แม่คะ,636,1089,บัตรเสีย,82
บัญชีรายชื่อ,7,เชียงใหม่,ฝาง,แม่คะ,500,610,บัตรเสีย,36
บัญชีรายชื่อ,7,เชียงใหม่,ฝาง,แม่คะ,167,207,บัตรเสีย,9
บัญชีรายชื่อ,7,เชียงใหม่,ฝาง,แม่คะ,522,692,บัตรเสีย,54
บัญชีรายชื่อ,7,เชียงใหม่,ฝาง,แม่งอน,297,386,บัตรเสีย,15
บัญชีรายชื่อ,7,เชียงใหม่,ฝาง,แม่งอน,209,630,บัตรเสีย,16
บัญชีรายชื่อ,7,เชียงใหม่,ฝาง,แม่งอน,360,414,บัตรเสีย,14
บัญชีรายชื่อ,7,เชียงใหม่,ฝาง,แม่งอน,328,393,บัตรเสีย,17
บัญชีรายชื่อ,7,เชียงใหม่,ฝาง,แม่งอน,346,763,บัตรเสีย,21
บัญชีรายชื่อ,7,เชียงใหม่,ฝาง,แม่งอน,265,315,บัตรเสีย,16
บัญชีรายชื่อ,7,เชียงใหม่,ฝาง,แม่งอน,268,331,บัตรเสีย,9
บัญชีรายชื่อ,7,เชียงใหม่,ฝาง,แม่งอน,310,406,บัตรเสีย,19
บัญชีรายชื่อ,7,เชียงใหม่,ฝาง,แม่งอน,507,674,บัตรเสีย,29
บัญชีรายชื่อ,7,เชียงใหม่,ฝาง,แม่งอน,298,372,บัตรเสีย,15
บัญชีรายชื่อ,7,เชียงใหม่,ฝาง,แม่งอน,508,639,บัตรเสีย,22
บัญชีรายชื่อ,7,เชียงใหม่,ฝาง,แม่งอน,380,880,บัตรเสีย,27
บัญชีรายชื่อ,7,เชียงใหม่,ฝาง,แม่งอน,292,531,บัตรเสีย,29
บัญชีรายชื่อ,7,เชียงใหม่,ฝาง,แม่งอน,405,694,บัตรเสีย,21
บัญชีรายชื่อ,7,เชียงใหม่,ฝาง,แม่งอน,499,681,บัตรเสีย,25
บัญชีรายชื่อ,7,เชียงใหม่,ฝาง,แม่งอน,435,562,บัตรเสีย,29
บัญชีรายชื่อ,7,เชียงใหม่,ฝาง,แม่สูน,386,532,บัตรเสีย,19
บัญชีรายชื่อ,7,เชียงใหม่,ฝาง,แม่สูน,614,846,บัตรเสีย,15
บัญชีรายชื่อ,7,เชียงใหม่,ฝาง,แม่สูน,617,7999,บัตรเสีย,29
บัญชีรายชื่อ,7,เชียงใหม่,ฝาง,แม่สูน,396,530,บัตรเสีย,26
บัญชีรายชื่อ,7,เชียงใหม่,ฝาง,แม่สูน,295,373,บัตรเสีย,13
บัญชีรายชื่อ,7,เชียงใหม่,ฝาง,แม่สูน,264,347,บัตรเสีย,20
บัญชีรายชื่อ,7,เชียงใหม่,ฝาง,แม่สูน,367,488,บัตรเสีย,26
บัญชีรายชื่อ,7,เชียงใหม่,ฝาง,แม่สูน,308,382,บัตรเสีย,22
บัญชีรายชื่อ,7,เชียงใหม่,ฝาง,แม่สูน,308,365,บัตรเสีย,16
บัญชีรายชื่อ,7,เชียงใหม่,ฝาง,แม่สูน,284,377,บัตรเสีย,9
บัญชีรายชื่อ,7,เชียงใหม่,ฝาง,แม่สูน,407,593,บัตรเสีย,22
บัญชีรายชื่อ,7,เชียงใหม่,ฝาง,แม่สูน,469,579,บัตรเสีย,24
บัญชีรายชื่อ,7,เชียงใหม่,ฝาง,แม่สูน,725,1000,บัตรเสีย,37
บัญชีรายชื่อ,7,เชียงใหม่,ฝาง,แม่สูน,479,623,บัตรเสีย,28
บัญชีรายชื่อ,7,เชียงใหม่,ฝาง,แม่สูน,301,403,บัตรเสีย,11
บัญชีรายชื่อ,7,เชียงใหม่,ฝาง,แม่สูน,330,433,บัตรเสีย,15
บัญชีรายชื่อ,7,เชียงใหม่,ฝาง,แม่สูน,607,824,บัตรเสีย,31
บัญชีรายชื่อ,7,เชียงใหม่,ฝาง,แม่สูน,101,118,บัตรเสีย,4
บัญชีรายชื่อ,7,เชียงใหม่,ฝาง,โป่งน้ำร้อน,214,275,บัตรเสีย,4
บัญชีรายชื่อ,7,เชียงใหม่,ฝาง,โป่งน้ำร้อน,327,413,บัตรเสีย,10
บัญชีรายชื่อ,7,เชียงใหม่,ฝาง,โป่งน้ำร้อน,502,794,บัตรเสีย,27
บัญชีรายชื่อ,7,เชียงใหม่,ฝาง,โป่งน้ำร้อน,269,356,บัตรเสีย,20
บัญชีรายชื่อ,7,เชียงใหม่,ฝาง,โป่งน้ำร้อน,348,415,บัตรเสีย,12
บัญชีรายชื่อ,7,เชียงใหม่,ฝาง,โป่งน้ำร้อน,462,610,บัตรเสีย,20
บัญชีรายชื่อ,7,เชียงใหม่,ฝาง,โป่งน้ำร้อน,324,418,บัตรเสีย,17
บัญชีรายชื่อ,7,เชียงใหม่,แม่อาย,ท่าตอน,448,647,บัตรเสีย,26
บัญชีรายชื่อ,7,เชียงใหม่,แม่อาย,ท่าตอน,81,139,บัตรเสีย,3
บัญชีรายชื่อ,7,เชียงใหม่,แม่อาย,ท่าตอน,500,741,บัตรเสีย,34
บัญชีรายชื่อ,7,เชียงใหม่,แม่อาย,ท่าตอน,332,527,บัตรเสีย,36
บัญชีรายชื่อ,7,เชียงใหม่,แม่อาย,ท่าตอน,523,953,บัตรเสีย,88
บัญชีรายชื่อ,7,เชียงใหม่,แม่อาย,ท่าตอน,516,982,บัตรเสีย,63
บัญชีรายชื่อ,7,เชียงใหม่,แม่อาย,ท่าตอน,252,418,บัตรเสีย,35
บัญชีรายชื่อ,7,เชียงใหม่,แม่อาย,ท่าตอน,650,889,บัตรเสีย,80
บัญชีรายชื่อ,7,เชียงใหม่,แม่อาย,ท่าตอน,458,640,บัตรเสีย,41
บัญชีรายชื่อ,7,เชียงใหม่,แม่อาย,ท่าตอน,461,742,บัตรเสีย,38
บัญชีรายชื่อ,7,เชียงใหม่,แม่อาย,ท่าตอน,199,305,บัตรเสีย,5
บัญชีรายชื่อ,7,เชียงใหม่,แม่อาย,ท่าตอน,495,718,บัตรเสีย,13
บัญชีรายชื่อ,7,เชียงใหม่,แม่อาย,ท่าตอน,505,933,บัตรเสีย,50
บัญชีรายชื่อ,7,เชียงใหม่,แม่อาย,ท่าตอน,525,804,บัตรเสีย,48
บัญชีรายชื่อ,7,เชียงใหม่,แม่อาย,ท่าตอน,197,284,บัตรเสีย,9
บัญชีรายชื่อ,7,เชียงใหม่,แม่อาย,ท่าตอน,467,692,บัตรเสีย,25
บัญชีรายชื่อ,7,เชียงใหม่,แม่อาย,ท่าตอน,125,199,บัตรเสีย,5
บัญชีรายชื่อ,7,เชียงใหม่,แม่อาย,ท่าตอน,264,382,บัตรเสีย,21
บัญชีรายชื่อ,7,เชียงใหม่,แม่อาย,ท่าตอน,0,0,บัตรเสีย,0
บัญชีรายชื่อ,7,เชียงใหม่,แม่อาย,ท่าตอน,504,867,บัตรเสีย,31
บัญชีรายชื่อ,7,เชียงใหม่,แม่อาย,บ้านหลวง,364,597,บัตรเสีย,32
บัญชีรายชื่อ,7,เชียงใหม่,แม่อาย,บ้านหลวง,283,404,บัตรเสีย,47
บัญชีรายชื่อ,7,เชียงใหม่,แม่อาย,บ้านหลวง,254,353,บัตรเสีย,23
บัญชีรายชื่อ,7,เชียงใหม่,แม่อาย,บ้านหลวง,520,674,บัตรเสีย,40
บัญชีรายชื่อ,7,เชียงใหม่,แม่อาย,บ้านหลวง,339,454,บัตรเสีย,24
บัญชีรายชื่อ,7,เชียงใหม่,แม่อาย,บ้านหลวง,287,382,บัตรเสีย,10
บัญชีรายชื่อ,7,เชียงใหม่,แม่อาย,บ้านหลวง,647,837,บัตรเสีย,79
บัญชีรายชื่อ,7,เชียงใหม่,แม่อาย,บ้านหลวง,274,328,บัตรเสีย,24
บัญชีรายชื่อ,7,เชียงใหม่,แม่อาย,บ้านหลวง,161,206,บัตรเสีย,5
บัญชีรายชื่อ,7,เชียงใหม่,แม่อาย,บ้านหลวง,303,396,บัตรเสีย,9
บัญชีรายชื่อ,7,เชียงใหม่,แม่อาย,บ้านหลวง,141,170,บัตรเสีย,10
บัญชีรายชื่อ,7,เชียงใหม่,แม่อาย,บ้านหลวง,129,168,บัตรเสีย,5
บัญชีรายชื่อ,7,เชียงใหม่,แม่อาย,บ้านหลวง,195,253,บัตรเสีย,14
บัญชีรายชื่อ,7,เชียงใหม่,แม่อาย,มะลิกา,151,196,บัตรเสีย,8
บัญชีรายชื่อ,7,เชียงใหม่,แม่อาย,มะลิกา,169,239,บัตรเสีย,8
บัญชีรายชื่อ,7,เชียงใหม่,แม่อาย,มะลิกา,195,378,บัตรเสีย,8
บัญชีรายชื่อ,7,เชียงใหม่,แม่อาย,มะลิกา,226,394,บัตรเสีย,11
บัญชีรายชื่อ,7,เชียงใหม่,แม่อาย,มะลิกา,290,408,บัตรเสีย,15
บัญชีรายชื่อ,7,เชียงใหม่,แม่อาย,มะลิกา,274,396,บัตรเสีย,17
บัญชีรายชื่อ,7,เชียงใหม่,แม่อาย,มะลิกา,308,448,บัตรเสีย,12
บัญชีรายชื่อ,7,เชียงใหม่,แม่อาย,มะลิกา,188,235,บัตรเสีย,9
บัญชีรายชื่อ,7,เชียงใหม่,แม่อาย,มะลิกา,195,291,บัตรเสีย,21
บัญชีรายชื่อ,7,เชียงใหม่,แม่อาย,มะลิกา,151,196,บัตรเสีย,8
บัญชีรายชื่อ,7,เชียงใหม่,แม่อาย,สันต้นหมื้อ,434,567,บัตรเสีย,27
บัญชีรายชื่อ,7,เชียงใหม่,แม่อาย,สันต้นหมื้อ,215,242,บัตรเสีย,6
บัญชีรายชื่อ,7,เชียงใหม่,แม่อาย,สันต้นหมื้อ,211,288,บัตรเสีย,9
บัญชีรายชื่อ,7,เชียงใหม่,แม่อาย,สันต้นหมื้อ,216,271,บัตรเสีย,10
บัญชีรายชื่อ,7,เชียงใหม่,แม่อาย,สันต้นหมื้อ,318,416,บัตรเสีย,13
บัญชีรายชื่อ,7,เชียงใหม่,แม่อาย,สันต้นหมื้อ,317,442,บัตรเสีย,13
บัญชีรายชื่อ,7,เชียงใหม่,แม่อาย,สันต้นหมื้อ,340,429,บัตรเสีย,26
บัญชีรายชื่อ,7,เชียงใหม่,แม่อาย,สันต้นหมื้อ,379,520,บัตรเสีย,27
บัญชีรายชื่อ,7,เชียงใหม่,แม่อาย,สันต้นหมื้อ,539,740,บัตรเสีย,21
บัญชีรายชื่อ,7,เชียงใหม่,แม่อาย,สันต้นหมื้อ,171,226,บัตรเสีย,7
บัญชีรายชื่อ,7,เชียงใหม่,แม่อาย,สันต้นหมื้อ,310,412,บัตรเสีย,12
บัญชีรายชื่อ,7,เชียงใหม่,แม่อาย,สันต้นหมื้อ,170,230,บัตรเสีย,11
บัญชีรายชื่อ,7,เชียงใหม่,แม่อาย,แม่นาวาง,287,404,บัตรเสีย,16
บัญชีรายชื่อ,7,เชียงใหม่,แม่อาย,แม่นาวาง,462,522,บัตรเสีย,39
บัญชีรายชื่อ,7,เชียงใหม่,แม่อาย,แม่นาวาง,212,287,บัตรเสีย,15
บัญชีรายชื่อ,7,เชียงใหม่,แม่อาย,แม่นาวาง,270,361,บัตรเสีย,14
บัญชีรายชื่อ,7,เชียงใหม่,แม่อาย,แม่นาวาง,406,530,บัตรเสีย,25
บัญชีรายชื่อ,7,เชียงใหม่,แม่อาย,แม่นาวาง,222,288,บัตรเสีย,11
บัญชีรายชื่อ,7,เชียงใหม่,แม่อาย,แม่นาวาง,520,782,บัตรเสีย,28
บัญชีรายชื่อ,7,เชียงใหม่,แม่อาย,แม่นาวาง,262,355,บัตรเสีย,25
บัญชีรายชื่อ,7,เชียงใหม่,แม่อาย,แม่นาวาง,412,577,บัตรเสีย,34
บัญชีรายชื่อ,7,เชียงใหม่,แม่อาย,แม่นาวาง,302,421,บัตรเสีย,16
บัญชีรายชื่อ,7,เชียงใหม่,แม่อาย,แม่นาวาง,336,445,บัตรเสีย,23
บัญชีรายชื่อ,7,เชียงใหม่,แม่อาย,แม่นาวาง,418,556,บัตรเสีย,18
บัญชีรายชื่อ,7,เชียงใหม่,แม่อาย,แม่นาวาง,327,441,บัตรเสีย,24
บัญชีรายชื่อ,7,เชียงใหม่,แม่อาย,แม่นาวาง,194,275,บัตรเสีย,16
บัญชีรายชื่อ,7,เชียงใหม่,แม่อาย,แม่นาวาง,387,501,บัตรเสีย,14
บัญชีรายชื่อ,7,เชียงใหม่,แม่อาย,แม่นาวาง,557,763,บัตรเสีย,53
บัญชีรายชื่อ,7,เชียงใหม่,แม่อาย,แม่นาวาง,418,519,บัตรเสีย,36
บัญชีรายชื่อ,7,เชียงใหม่,แม่อาย,แม่นาวาง,527,752,บัตรเสีย,42
บัญชีรายชื่อ,7,เชียงใหม่,แม่อาย,แม่นาวาง,656,901,บัตรเสีย,54
บัญชีรายชื่อ,7,เชียงใหม่,แม่อาย,แม่นาวาง,131,167,บัตรเสีย,9
บัญชีรายชื่อ,7,เชียงใหม่,แม่อาย,แม่สาว,255,375,บัตรเสีย,21
บัญชีรายชื่อ,7,เชียงใหม่,แม่อาย,แม่สาว,520,726,บัตรเสีย,24
บัญชีรายชื่อ,7,เชียงใหม่,แม่อาย,แม่สาว,428,537,บัตรเสีย,21
บัญชีรายชื่อ,7,เชียงใหม่,แม่อาย,แม่สาว,163,202,บัตรเสีย,4
บัญชีรายชื่อ,7,เชียงใหม่,แม่อาย,แม่สาว,244,307,บัตรเสีย,8
บัญชีรายชื่อ,7,เชียงใหม่,แม่อาย,แม่สาว,370,463,บัตรเสีย,13
บัญชีรายชื่อ,7,เชียงใหม่,แม่อาย,แม่สาว,638,926,บัตรเสีย,112
บัญชีรายชื่อ,7,เชียงใหม่,แม่อาย,แม่สาว,283,397,บัตรเสีย,7
บัญชีรายชื่อ,7,เชียงใหม่,แม่อาย,แม่สาว,285,345,บัตรเสีย,29
บัญชีรายชื่อ,7,เชียงใหม่,แม่อาย,แม่สาว,433,560,บัตรเสีย,19
บัญชีรายชื่อ,7,เชียงใหม่,แม่อาย,แม่สาว,383,458,บัตรเสีย,18
บัญชีรายชื่อ,7,เชียงใหม่,แม่อาย,แม่สาว,226,342,บัตรเสีย,12
บัญชีรายชื่อ,7,เชียงใหม่,แม่อาย,แม่สาว,414,540,บัตรเสีย,32
บัญชีรายชื่อ,7,เชียงใหม่,แม่อาย,แม่สาว,698,926,บัตรเสีย,49
บัญชีรายชื่อ,7,เชียงใหม่,แม่อาย,แม่สาว,236,292,บัตรเสีย,11
บัญชีรายชื่อ,7,เชียงใหม่,แม่อาย,แม่สาว,346,436,บัตรเสีย,13
บัญชีรายชื่อ,7,เชียงใหม่,แม่อาย,แม่สาว,153,199,บัตรเสีย,10
บัญชีรายชื่อ,7,เชียงใหม่,แม่อาย,แม่อาย,427,565,บัตรเสีย,27
บัญชีรายชื่อ,7,เชียงใหม่,แม่อาย,แม่อาย,262,363,บัตรเสีย,11
บัญชีรายชื่อ,7,เชียงใหม่,แม่อาย,แม่อาย,210,250,บัตรเสีย,12
บัญชีรายชื่อ,7,เชียงใหม่,แม่อาย,แม่อาย,238,328,บัตรเสีย,13
บัญชีรายชื่อ,7,เชียงใหม่,แม่อาย,แม่อาย,316,438,บัตรเสีย,16
บัญชีรายชื่อ,7,เชียงใหม่,แม่อาย,แม่อาย,250,368,บัตรเสีย,20
บัญชีรายชื่อ,7,เชียงใหม่,แม่อาย,แม่อาย,256,373,บัตรเสีย,17
บัญชีรายชื่อ,7,เชียงใหม่,แม่อาย,แม่อาย,287,374,บัตรเสีย,16
บัญชีรายชื่อ,7,เชียงใหม่,แม่อาย,แม่อาย,257,300,บัตรเสีย,12
บัญชีรายชื่อ,7,เชียงใหม่,แม่อาย,แม่อาย,467,612,บัตรเสีย,28
บัญชีรายชื่อ,7,เชียงใหม่,แม่อาย,แม่อาย,460,697,บัตรเสีย,22
บัญชีรายชื่อ,7,เชียงใหม่,แม่อาย,แม่อาย,201,258,บัตรเสีย,20
บัญชีรายชื่อ,7,เชียงใหม่,แม่อาย,แม่อาย,333,555,บัตรเสีย,16
บัญชีรายชื่อ,7,เชียงใหม่,แม่อาย,แม่อาย,233,335,บัตรเสีย,25
บัญชีรายชื่อ,7,เชียงใหม่,แม่อาย,แม่อาย,473,592,บัตรเสีย,60
บัญชีรายชื่อ,7,เชียงใหม่,แม่อาย,แม่อาย,120,167,บัตรเสีย,7
บัญชีรายชื่อ,7,เชียงใหม่,ไชยปราการ,ปงตำ,743,1004,บัตรเสีย,33
บัญชีรายชื่อ,7,เชียงใหม่,ไชยปราการ,ปงตำ,692,1011,บัตรเสีย,16
บัญชีรายชื่อ,7,เชียงใหม่,ไชยปราการ,ปงตำ,752,1018,บัตรเสีย,40
บัญชีรายชื่อ,7,เชียงใหม่,ไชยปราการ,ปงตำ,578,749,บัตรเสีย,49
บัญชีรายชื่อ,7,เชียงใหม่,ไชยปราการ,ปงตำ,242,333,บัตรเสีย,14
บัญชีรายชื่อ,7,เชียงใหม่,ไชยปราการ,ปงตำ,379,479,บัตรเสีย,18
บัญชีรายชื่อ,7,เชียงใหม่,ไชยปราการ,ปงตำ,517,674,บัตรเสีย,22
บัญชีรายชื่อ,7,เชียงใหม่,ไชยปราการ,ปงตำ,411,608,บัตรเสีย,25
บัญชีรายชื่อ,7,เชียงใหม่,ไชยปราการ,ปงตำ,135,186,บัตรเสีย,0
บัญชีรายชื่อ,7,เชียงใหม่,ไชยปราการ,แม่ทะลบ,529,657,บัตรเสีย,31
บัญชีรายชื่อ,7,เชียงใหม่,ไชยปราการ,แม่ทะลบ,469,605,บัตรเสีย,23
บัญชีรายชื่อ,7,เชียงใหม่,ไชยปราการ,แม่ทะลบ,470,578,บัตรเสีย,31
บัญชีรายชื่อ,7,เชียงใหม่,ไชยปราการ,แม่ทะลบ,730,968,บัตรเสีย,41
บัญชีรายชื่อ,7,เชียงใหม่,ไชยปราการ,แม่ทะลบ,535,684,บัตรเสีย,32
บัญชีรายชื่อ,7,เชียงใหม่,ไชยปราการ,แม่ทะลบ,447,554,บัตรเสีย,32
บัญชีรายชื่อ,7,เชียงใหม่,ไชยปราการ,แม่ทะลบ,363,460,บัตรเสีย,16
บัญชีรายชื่อ,7,เชียงใหม่,ไชยปราการ,แม่ทะลบ,388,509,บัตรเสีย,37
บัญชีรายชื่อ,7,เชียงใหม่,ไชยปราการ,แม่ทะลบ,410,537,บัตรเสีย,39
บัญชีรายชื่อ,7,เชียงใหม่,,,800,800,บัตรเสีย,6
บัญชีรายชื่อ,7,เชียงใหม่,,,799,800,บัตรเสีย,8
บัญชีรายชื่อ,7,เชียงใหม่,,,800,800,บัตรเสีย,10
บัญชีรายชื่อ,7,เชียงใหม่,,,800,800,บัตรเสีย,3
บัญชีรายชื่อ,7,เชียงใหม่,,,800,800,บัตรเสีย,4
บัญชีรายชื่อ,7,เชียงใหม่,,,800,800,บัตรเสีย,9
บัญชีรายชื่อ,7,เชียงใหม่,,,800,800,บัตรเสีย,5
บัญชีรายชื่อ,7,เชียงใหม่,,,482,482,บัตรเสีย,4
บัญชีรายชื่อ,7,เชียงใหม่,ฝาง,สันทราย,307,385,ประชาชาติ,0
บัญชีรายชื่อ,7,เชียงใหม่,ฝาง,สันทราย,451,544,ประชาชาติ,1
บัญชีรายชื่อ,7,เชียงใหม่,ฝาง,สันทราย,521,636,ประชาชาติ,0
บัญชีรายชื่อ,7,เชียงใหม่,ฝาง,สันทราย,631,841,ประชาชาติ,1
บัญชีรายชื่อ,7,เชียงใหม่,ฝาง,สันทราย,258,335,ประชาชาติ,0
บัญชีรายชื่อ,7,เชียงใหม่,ฝาง,สันทราย,593,776,ประชาชาติ,1
บัญชีรายชื่อ,7,เชียงใหม่,ฝาง,สันทราย,500,616,ประชาชาติ,0
บัญชีรายชื่อ,7,เชียงใหม่,ฝาง,ม่อนปิ่น,0,0,ประชาชาติ,0
บัญชีรายชื่อ,7,เชียงใหม่,ฝาง,ม่อนปิ่น,719,935,ประชาชาติ,0
บัญชีรายชื่อ,7,เชียงใหม่,ฝาง,ม่อนปิ่น,542,756,ประชาชาติ,1
บัญชีรายชื่อ,7,เชียงใหม่,ฝาง,ม่อนปิ่น,363,467,ประชาชาติ,0
บัญชีรายชื่อ,7,เชียงใหม่,ฝาง,ม่อนปิ่น,190,234,ประชาชาติ,2
บัญชีรายชื่อ,7,เชียงใหม่,ฝาง,ม่อนปิ่น,390,482,ประชาชาติ,0
บัญชีรายชื่อ,7,เชียงใหม่,ฝาง,ม่อนปิ่น,671,996,ประชาชาติ,5
บัญชีรายชื่อ,7,เชียงใหม่,ฝาง,ม่อนปิ่น,370,470,ประชาชาติ,1
บัญชีรายชื่อ,7,เชียงใหม่,ฝาง,ม่อนปิ่น,484,640,ประชาชาติ,1
บัญชีรายชื่อ,7,เชียงใหม่,ฝาง,ม่อนปิ่น,142,177,ประชาชาติ,0
บัญชีรายชื่อ,7,เชียงใหม่,ฝาง,ม่อนปิ่น,559,862,ประชาชาติ,1
บัญชีรายชื่อ,7,เชียงใหม่,ฝาง,ม่อนปิ่น,318,418,ประชาชาติ,0
บัญชีรายชื่อ,7,เชียงใหม่,ฝาง,ม่อนปิ่น,229,303,ประชาชาติ,0
บัญชีรายชื่อ,7,เชียงใหม่,ฝาง,ม่อนปิ่น,274,354,ประชาชาติ,0
บัญชีรายชื่อ,7,เชียงใหม่,ฝาง,ม่อนปิ่น,717,971,ประชาชาติ,0
บัญชีรายชื่อ,7,เชียงใหม่,ฝาง,สันทราย,403,520,ประชาชาติ,0
บัญชีรายชื่อ,7,เชียงใหม่,ฝาง,สันทราย,310,399,ประชาชาติ,0
บัญชีรายชื่อ,7,เชียงใหม่,ฝาง,สันทราย,489,616,ประชาชาติ,0
บัญชีรายชื่อ,7,เชียงใหม่,ฝาง,สันทราย,189,221,ประชาชาติ,0
บัญชีรายชื่อ,7,เชียงใหม่,ฝาง,สันทราย,487,676,ประชาชาติ,0
บัญชีรายชื่อ,7,เชียงใหม่,ฝาง,สันทราย,315,406,ประชาชาติ,1
บัญชีรายชื่อ,7,เชียงใหม่,ฝาง,สันทราย,338,400,ประชาชาติ,0
บัญชีรายชื่อ,7,เชียงใหม่,ฝาง,สันทราย,493,646,ประชาชาติ,2
บัญชีรายชื่อ,7,เชียงใหม่,ฝาง,สันทราย,278,342,ประชาชาติ,0
บัญชีรายชื่อ,7,เชียงใหม่,ฝาง,สันทราย,320,416,ประชาชาติ,1
บัญชีรายชื่อ,7,เชียงใหม่,ฝาง,เวียง,501,733,ประชาชาติ,0
บัญชีรายชื่อ,7,เชียงใหม่,ฝาง,เวียง,430,609,ประชาชาติ,0
บัญชีรายชื่อ,7,เชียงใหม่,ฝาง,เวียง,624,933,ประชาชาติ,0
บัญชีรายชื่อ,7,เชียงใหม่,ฝาง,เวียง,640,917,ประชาชาติ,0
บัญชีรายชื่อ,7,เชียงใหม่,ฝาง,เวียง,723,1070,ประชาชาติ,0
บัญชีรายชื่อ,7,เชียงใหม่,ฝาง,เวียง,473,6636,ประชาชาติ,0
บัญชีรายชื่อ,7,เชียงใหม่,ฝาง,เวียง,344,464,ประชาชาติ,0
บัญชีรายชื่อ,7,เชียงใหม่,ฝาง,เวียง,234,462,ประชาชาติ,0
บัญชีรายชื่อ,7,เชียงใหม่,ฝาง,เวียง,264,360,ประชาชาติ,0
บัญชีรายชื่อ,7,เชียงใหม่,ฝาง,เวียง,624,862,ประชาชาติ,0
บัญชีรายชื่อ,7,เชียงใหม่,ฝาง,เวียง,625,907,ประชาชาติ,2
บัญชีรายชื่อ,7,เชียงใหม่,ฝาง,เวียง,389,499,ประชาชาติ,0
บัญชีรายชื่อ,7,เชียงใหม่,ฝาง,เวียง,549,724,ประชาชาติ,1
บัญชีรายชื่อ,7,เชียงใหม่,ฝาง,เวียง,191,285,ประชาชาติ,1
บัญชีรายชื่อ,7,เชียงใหม่,ฝาง,เวียง,453,610,ประชาชาติ,1
บัญชีรายชื่อ,7,เชียงใหม่,ฝาง,เวียง,359,483,ประชาชาติ,0
บัญชีรายชื่อ,7,เชียงใหม่,ฝาง,เวียง,371,463,ประชาชาติ,1
บัญชีรายชื่อ,7,เชียงใหม่,ฝาง,เวียง,318,448,ประชาชาติ,0
บัญชีรายชื่อ,7,เชียงใหม่,ฝาง,เวียง,458,608,ประชาชาติ,1
บัญชีรายชื่อ,7,เชียงใหม่,ฝาง,เวียง,425,576,ประชาชาติ,0
บัญชีรายชื่อ,7,เชียงใหม่,ฝาง,เวียง,414,582,ประชาชาติ,0
บัญชีรายชื่อ,7,เชียงใหม่,ฝาง,เวียง,608,793,ประชาชาติ,0
บัญชีรายชื่อ,7,เชียงใหม่,ฝาง,เวียง,555,706,ประชาชาติ,0
บัญชีรายชื่อ,7,เชียงใหม่,ฝาง,เวียง,501,631,ประชาชาติ,0
บัญชีรายชื่อ,7,เชียงใหม่,ฝาง,เวียง,169,226,ประชาชาติ,0
บัญชีรายชื่อ,7,เชียงใหม่,ฝาง,เวียง,265,469,ประชาชาติ,0
บัญชีรายชื่อ,7,เชียงใหม่,ฝาง,แม่ข่า,391,498,ประชาชาติ,1
บัญชีรายชื่อ,7,เชียงใหม่,ฝาง,แม่ข่า,419,541,ประชาชาติ,0
บัญชีรายชื่อ,7,เชียงใหม่,ฝาง,แม่ข่า,421,542,ประชาชาติ,0
บัญชีรายชื่อ,7,เชียงใหม่,ฝาง,แม่ข่า,335,425,ประชาชาติ,0
บัญชีรายชื่อ,7,เชียงใหม่,ฝาง,แม่ข่า,337,444,ประชาชาติ,0
บัญชีรายชื่อ,7,เชียงใหม่,ฝาง,แม่ข่า,287,373,ประชาชาติ,1
บัญชีรายชื่อ,7,เชียงใหม่,ฝาง,แม่ข่า,543,687,ประชาชาติ,0
บัญชีรายชื่อ,7,เชียงใหม่,ฝาง,แม่ข่า,358,479,ประชาชาติ,0
บัญชีรายชื่อ,7,เชียงใหม่,ฝาง,แม่ข่า,628,763,ประชาชาติ,0
บัญชีรายชื่อ,7,เชียงใหม่,ฝาง,แม่ข่า,367,494,ประชาชาติ,0
บัญชีรายชื่อ,7,เชียงใหม่,ฝาง,แม่ข่า,419,546,ประชาชาติ,0
บัญชีรายชื่อ,7,เชียงใหม่,ฝาง,แม่ข่า,278,339,ประชาชาติ,0
บัญชีรายชื่อ,7,เชียงใหม่,ฝาง,แม่ข่า,469,586,ประชาชาติ,0
บัญชีรายชื่อ,7,เชียงใหม่,ฝาง,แม่ข่า,295,370,ประชาชาติ,0
บัญชีรายชื่อ,7,เชียงใหม่,ฝาง,แม่คะ,523,683,ประชาชาติ,0
บัญชีรายชื่อ,7,เชียงใหม่,ฝาง,แม่คะ,472,682,ประชาชาติ,0
บัญชีรายชื่อ,7,เชียงใหม่,ฝาง,แม่คะ,403,482,ประชาชาติ,0
บัญชีรายชื่อ,7,เชียงใหม่,ฝาง,แม่คะ,441,580,ประชาชาติ,3
บัญชีรายชื่อ,7,เชียงใหม่,ฝาง,แม่คะ,215,251,ประชาชาติ,0
บัญชีรายชื่อ,7,เชียงใหม่,ฝาง,แม่คะ,265,321,ประชาชาติ,1
บัญชีรายชื่อ,7,เชียงใหม่,ฝาง,แม่คะ,444,710,ประชาชาติ,0
บัญชีรายชื่อ,7,เชียงใหม่,ฝาง,แม่คะ,213,287,ประชาชาติ,1
บัญชีรายชื่อ,7,เชียงใหม่,ฝาง,แม่คะ,584,728,ประชาชาติ,0
บัญชีรายชื่อ,7,เชียงใหม่,ฝาง,แม่คะ,242,329,ประชาชาติ,1
บัญชีรายชื่อ,7,เชียงใหม่,ฝาง,แม่คะ,350,512,ประชาชาติ,0
บัญชีรายชื่อ,7,เชียงใหม่,ฝาง,แม่คะ,563,722,ประชาชาติ,1
บัญชีรายชื่อ,7,เชียงใหม่,ฝาง,แม่คะ,636,1089,ประชาชาติ,1
บัญชีรายชื่อ,7,เชียงใหม่,ฝาง,แม่คะ,500,610,ประชาชาติ,0
บัญชีรายชื่อ,7,เชียงใหม่,ฝาง,แม่คะ,167,207,ประชาชาติ,0
บัญชีรายชื่อ,7,เชียงใหม่,ฝาง,แม่คะ,522,692,ประชาชาติ,0
บัญชีรายชื่อ,7,เชียงใหม่,ฝาง,แม่งอน,297,386,ประชาชาติ,0
บัญชีรายชื่อ,7,เชียงใหม่,ฝาง,แม่งอน,209,630,ประชาชาติ,0
บัญชีรายชื่อ,7,เชียงใหม่,ฝาง,แม่งอน,360,414,ประชาชาติ,0
บัญชีรายชื่อ,7,เชียงใหม่,ฝาง,แม่งอน,328,393,ประชาชาติ,0
บัญชีรายชื่อ,7,เชียงใหม่,ฝาง,แม่งอน,346,763,ประชาชาติ,1
บัญชีรายชื่อ,7,เชียงใหม่,ฝาง,แม่งอน,265,315,ประชาชาติ,0
บัญชีรายชื่อ,7,เชียงใหม่,ฝาง,แม่งอน,268,331,ประชาชาติ,0
บัญชีรายชื่อ,7,เชียงใหม่,ฝาง,แม่งอน,310,406,ประชาชาติ,0
บัญชีรายชื่อ,7,เชียงใหม่,ฝาง,แม่งอน,507,674,ประชาชาติ,1
บัญชีรายชื่อ,7,เชียงใหม่,ฝาง,แม่งอน,298,372,ประชาชาติ,0
บัญชีรายชื่อ,7,เชียงใหม่,ฝาง,แม่งอน,508,639,ประชาชาติ,0
บัญชีรายชื่อ,7,เชียงใหม่,ฝาง,แม่งอน,380,880,ประชาชาติ,0
บัญชีรายชื่อ,7,เชียงใหม่,ฝาง,แม่งอน,292,531,ประชาชาติ,1
บัญชีรายชื่อ,7,เชียงใหม่,ฝาง,แม่งอน,405,694,ประชาชาติ,1
บัญชีรายชื่อ,7,เชียงใหม่,ฝาง,แม่งอน,499,681,ประชาชาติ,0
บัญชีรายชื่อ,7,เชียงใหม่,ฝาง,แม่งอน,435,562,ประชาชาติ,0
บัญชีรายชื่อ,7,เชียงใหม่,ฝาง,แม่สูน,386,532,ประชาชาติ,0
บัญชีรายชื่อ,7,เชียงใหม่,ฝาง,แม่สูน,614,846,ประชาชาติ,1
บัญชีรายชื่อ,7,เชียงใหม่,ฝาง,แม่สูน,617,7999,ประชาชาติ,2
บัญชีรายชื่อ,7,เชียงใหม่,ฝาง,แม่สูน,396,530,ประชาชาติ,0
บัญชีรายชื่อ,7,เชียงใหม่,ฝาง,แม่สูน,295,373,ประชาชาติ,0
บัญชีรายชื่อ,7,เชียงใหม่,ฝาง,แม่สูน,264,347,ประชาชาติ,0
บัญชีรายชื่อ,7,เชียงใหม่,ฝาง,แม่สูน,367,488,ประชาชาติ,0
บัญชีรายชื่อ,7,เชียงใหม่,ฝาง,แม่สูน,308,382,ประชาชาติ,0
บัญชีรายชื่อ,7,เชียงใหม่,ฝาง,แม่สูน,308,365,ประชาชาติ,0
บัญชีรายชื่อ,7,เชียงใหม่,ฝาง,แม่สูน,284,377,ประชาชาติ,0
บัญชีรายชื่อ,7,เชียงใหม่,ฝาง,แม่สูน,407,593,ประชาชาติ,1
บัญชีรายชื่อ,7,เชียงใหม่,ฝาง,แม่สูน,469,579,ประชาชาติ,0
บัญชีรายชื่อ,7,เชียงใหม่,ฝาง,แม่สูน,725,1000,ประชาชาติ,0
บัญชีรายชื่อ,7,เชียงใหม่,ฝาง,แม่สูน,479,623,ประชาชาติ,0
บัญชีรายชื่อ,7,เชียงใหม่,ฝาง,แม่สูน,301,403,ประชาชาติ,1
บัญชีรายชื่อ,7,เชียงใหม่,ฝาง,แม่สูน,330,433,ประชาชาติ,0
บัญชีรายชื่อ,7,เชียงใหม่,ฝาง,แม่สูน,607,824,ประชาชาติ,0
บัญชีรายชื่อ,7,เชียงใหม่,ฝาง,แม่สูน,101,118,ประชาชาติ,0
บัญชีรายชื่อ,7,เชียงใหม่,ฝาง,โป่งน้ำร้อน,214,275,ประชาชาติ,0
บัญชีรายชื่อ,7,เชียงใหม่,ฝาง,โป่งน้ำร้อน,327,413,ประชาชาติ,0
บัญชีรายชื่อ,7,เชียงใหม่,ฝาง,โป่งน้ำร้อน,502,794,ประชาชาติ,0
บัญชีรายชื่อ,7,เชียงใหม่,ฝาง,โป่งน้ำร้อน,269,356,ประชาชาติ,1
บัญชีรายชื่อ,7,เชียงใหม่,ฝาง,โป่งน้ำร้อน,348,415,ประชาชาติ,0
บัญชีรายชื่อ,7,เชียงใหม่,ฝาง,โป่งน้ำร้อน,462,610,ประชาชาติ,0
บัญชีรายชื่อ,7,เชียงใหม่,ฝาง,โป่งน้ำร้อน,324,418,ประชาชาติ,1
บัญชีรายชื่อ,7,เชียงใหม่,แม่อาย,ท่าตอน,448,647,ประชาชาติ,1
บัญชีรายชื่อ,7,เชียงใหม่,แม่อาย,ท่าตอน,81,139,ประชาชาติ,0
บัญชีรายชื่อ,7,เชียงใหม่,แม่อาย,ท่าตอน,500,741,ประชาชาติ,2
บัญชีรายชื่อ,7,เชียงใหม่,แม่อาย,ท่าตอน,332,527,ประชาชาติ,0
บัญชีรายชื่อ,7,เชียงใหม่,แม่อาย,ท่าตอน,523,953,ประชาชาติ,0
บัญชีรายชื่อ,7,เชียงใหม่,แม่อาย,ท่าตอน,516,982,ประชาชาติ,1
บัญชีรายชื่อ,7,เชียงใหม่,แม่อาย,ท่าตอน,252,418,ประชาชาติ,1
บัญชีรายชื่อ,7,เชียงใหม่,แม่อาย,ท่าตอน,650,889,ประชาชาติ,3
บัญชีรายชื่อ,7,เชียงใหม่,แม่อาย,ท่าตอน,458,640,ประชาชาติ,0
บัญชีรายชื่อ,7,เชียงใหม่,แม่อาย,ท่าตอน,461,742,ประชาชาติ,2
บัญชีรายชื่อ,7,เชียงใหม่,แม่อาย,ท่าตอน,199,305,ประชาชาติ,0
บัญชีรายชื่อ,7,เชียงใหม่,แม่อาย,ท่าตอน,495,718,ประชาชาติ,0
บัญชีรายชื่อ,7,เชียงใหม่,แม่อาย,ท่าตอน,505,933,ประชาชาติ,1
บัญชีรายชื่อ,7,เชียงใหม่,แม่อาย,ท่าตอน,525,804,ประชาชาติ,0
บัญชีรายชื่อ,7,เชียงใหม่,แม่อาย,ท่าตอน,197,284,ประชาชาติ,0
บัญชีรายชื่อ,7,เชียงใหม่,แม่อาย,ท่าตอน,467,692,ประชาชาติ,1
บัญชีรายชื่อ,7,เชียงใหม่,แม่อาย,ท่าตอน,125,199,ประชาชาติ,0
บัญชีรายชื่อ,7,เชียงใหม่,แม่อาย,ท่าตอน,264,382,ประชาชาติ,1
บัญชีรายชื่อ,7,เชียงใหม่,แม่อาย,ท่าตอน,0,0,ประชาชาติ,0
บัญชีรายชื่อ,7,เชียงใหม่,แม่อาย,ท่าตอน,504,867,ประชาชาติ,1
บัญชีรายชื่อ,7,เชียงใหม่,แม่อาย,บ้านหลวง,364,597,ประชาชาติ,0
บัญชีรายชื่อ,7,เชียงใหม่,แม่อาย,บ้านหลวง,283,404,ประชาชาติ,0
บัญชีรายชื่อ,7,เชียงใหม่,แม่อาย,บ้านหลวง,254,353,ประชาชาติ,1
บัญชีรายชื่อ,7,เชียงใหม่,แม่อาย,บ้านหลวง,520,674,ประชาชาติ,1
บัญชีรายชื่อ,7,เชียงใหม่,แม่อาย,บ้านหลวง,339,454,ประชาชาติ,1
บัญชีรายชื่อ,7,เชียงใหม่,แม่อาย,บ้านหลวง,287,382,ประชาชาติ,0
บัญชีรายชื่อ,7,เชียงใหม่,แม่อาย,บ้านหลวง,647,837,ประชาชาติ,1
บัญชีรายชื่อ,7,เชียงใหม่,แม่อาย,บ้านหลวง,274,328,ประชาชาติ,0
บัญชีรายชื่อ,7,เชียงใหม่,แม่อาย,บ้านหลวง,161,206,ประชาชาติ,0
บัญชีรายชื่อ,7,เชียงใหม่,แม่อาย,บ้านหลวง,303,396,ประชาชาติ,0
บัญชีรายชื่อ,7,เชียงใหม่,แม่อาย,บ้านหลวง,141,170,ประชาชาติ,0
บัญชีรายชื่อ,7,เชียงใหม่,แม่อาย,บ้านหลวง,129,168,ประชาชาติ,1
บัญชีรายชื่อ,7,เชียงใหม่,แม่อาย,บ้านหลวง,195,253,ประชาชาติ,0
บัญชีรายชื่อ,7,เชียงใหม่,แม่อาย,มะลิกา,151,196,ประชาชาติ,0
บัญชีรายชื่อ,7,เชียงใหม่,แม่อาย,มะลิกา,169,239,ประชาชาติ,1
บัญชีรายชื่อ,7,เชียงใหม่,แม่อาย,มะลิกา,195,378,ประชาชาติ,0
บัญชีรายชื่อ,7,เชียงใหม่,แม่อาย,มะลิกา,226,394,ประชาชาติ,0
บัญชีรายชื่อ,7,เชียงใหม่,แม่อาย,มะลิกา,290,408,ประชาชาติ,0
บัญชีรายชื่อ,7,เชียงใหม่,แม่อาย,มะลิกา,274,396,ประชาชาติ,0
บัญชีรายชื่อ,7,เชียงใหม่,แม่อาย,มะลิกา,308,448,ประชาชาติ,1
บัญชีรายชื่อ,7,เชียงใหม่,แม่อาย,มะลิกา,188,235,ประชาชาติ,0
บัญชีรายชื่อ,7,เชียงใหม่,แม่อาย,มะลิกา,195,291,ประชาชาติ,0
บัญชีรายชื่อ,7,เชียงใหม่,แม่อาย,มะลิกา,151,196,ประชาชาติ,0
บัญชีรายชื่อ,7,เชียงใหม่,แม่อาย,สันต้นหมื้อ,434,567,ประชาชาติ,0
บัญชีรายชื่อ,7,เชียงใหม่,แม่อาย,สันต้นหมื้อ,215,242,ประชาชาติ,0
บัญชีรายชื่อ,7,เชียงใหม่,แม่อาย,สันต้นหมื้อ,211,288,ประชาชาติ,0
บัญชีรายชื่อ,7,เชียงใหม่,แม่อาย,สันต้นหมื้อ,216,271,ประชาชาติ,1
บัญชีรายชื่อ,7,เชียงใหม่,แม่อาย,สันต้นหมื้อ,318,416,ประชาชาติ,0
บัญชีรายชื่อ,7,เชียงใหม่,แม่อาย,สันต้นหมื้อ,317,442,ประชาชาติ,0
บัญชีรายชื่อ,7,เชียงใหม่,แม่อาย,สันต้นหมื้อ,340,429,ประชาชาติ,0
บัญชีรายชื่อ,7,เชียงใหม่,แม่อาย,สันต้นหมื้อ,379,520,ประชาชาติ,0
บัญชีรายชื่อ,7,เชียงใหม่,แม่อาย,สันต้นหมื้อ,539,740,ประชาชาติ,0
บัญชีรายชื่อ,7,เชียงใหม่,แม่อาย,สันต้นหมื้อ,171,226,ประชาชาติ,0
บัญชีรายชื่อ,7,เชียงใหม่,แม่อาย,สันต้นหมื้อ,310,412,ประชาชาติ,0
บัญชีรายชื่อ,7,เชียงใหม่,แม่อาย,สันต้นหมื้อ,170,230,ประชาชาติ,0
บัญชีรายชื่อ,7,เชียงใหม่,แม่อาย,แม่นาวาง,287,404,ประชาชาติ,1
บัญชีรายชื่อ,7,เชียงใหม่,แม่อาย,แม่นาวาง,462,522,ประชาชาติ,0
บัญชีรายชื่อ,7,เชียงใหม่,แม่อาย,แม่นาวาง,212,287,ประชาชาติ,0
บัญชีรายชื่อ,7,เชียงใหม่,แม่อาย,แม่นาวาง,270,361,ประชาชาติ,0
บัญชีรายชื่อ,7,เชียงใหม่,แม่อาย,แม่นาวาง,406,530,ประชาชาติ,0
บัญชีรายชื่อ,7,เชียงใหม่,แม่อาย,แม่นาวาง,222,288,ประชาชาติ,0
บัญชีรายชื่อ,7,เชียงใหม่,แม่อาย,แม่นาวาง,520,782,ประชาชาติ,0
บัญชีรายชื่อ,7,เชียงใหม่,แม่อาย,แม่นาวาง,262,355,ประชาชาติ,0
บัญชีรายชื่อ,7,เชียงใหม่,แม่อาย,แม่นาวาง,412,577,ประชาชาติ,3
บัญชีรายชื่อ,7,เชียงใหม่,แม่อาย,แม่นาวาง,302,421,ประชาชาติ,0
บัญชีรายชื่อ,7,เชียงใหม่,แม่อาย,แม่นาวาง,336,445,ประชาชาติ,0
บัญชีรายชื่อ,7,เชียงใหม่,แม่อาย,แม่นาวาง,418,556,ประชาชาติ,0
บัญชีรายชื่อ,7,เชียงใหม่,แม่อาย,แม่นาวาง,327,441,ประชาชาติ,0
บัญชีรายชื่อ,7,เชียงใหม่,แม่อาย,แม่นาวาง,194,275,ประชาชาติ,0
บัญชีรายชื่อ,7,เชียงใหม่,แม่อาย,แม่นาวาง,387,501,ประชาชาติ,0
บัญชีรายชื่อ,7,เชียงใหม่,แม่อาย,แม่นาวาง,557,763,ประชาชาติ,0
บัญชีรายชื่อ,7,เชียงใหม่,แม่อาย,แม่นาวาง,418,519,ประชาชาติ,2
บัญชีรายชื่อ,7,เชียงใหม่,แม่อาย,แม่นาวาง,527,752,ประชาชาติ,0
บัญชีรายชื่อ,7,เชียงใหม่,แม่อาย,แม่นาวาง,656,901,ประชาชาติ,1
บัญชีรายชื่อ,7,เชียงใหม่,แม่อาย,แม่นาวาง,131,167,ประชาชาติ,0
บัญชีรายชื่อ,7,เชียงใหม่,แม่อาย,แม่สาว,255,375,ประชาชาติ,0
บัญชีรายชื่อ,7,เชียงใหม่,แม่อาย,แม่สาว,520,726,ประชาชาติ,0
บัญชีรายชื่อ,7,เชียงใหม่,แม่อาย,แม่สาว,428,537,ประชาชาติ,0
บัญชีรายชื่อ,7,เชียงใหม่,แม่อาย,แม่สาว,163,202,ประชาชาติ,0
บัญชีรายชื่อ,7,เชียงใหม่,แม่อาย,แม่สาว,244,307,ประชาชาติ,0
บัญชีรายชื่อ,7,เชียงใหม่,แม่อาย,แม่สาว,370,463,ประชาชาติ,1
บัญชีรายชื่อ,7,เชียงใหม่,แม่อาย,แม่สาว,638,926,ประชาชาติ,4
บัญชีรายชื่อ,7,เชียงใหม่,แม่อาย,แม่สาว,283,397,ประชาชาติ,0
บัญชีรายชื่อ,7,เชียงใหม่,แม่อาย,แม่สาว,285,345,ประชาชาติ,0
บัญชีรายชื่อ,7,เชียงใหม่,แม่อาย,แม่สาว,433,560,ประชาชาติ,0
บัญชีรายชื่อ,7,เชียงใหม่,แม่อาย,แม่สาว,383,458,ประชาชาติ,0
บัญชีรายชื่อ,7,เชียงใหม่,แม่อาย,แม่สาว,226,342,ประชาชาติ,1
บัญชีรายชื่อ,7,เชียงใหม่,แม่อาย,แม่สาว,414,540,ประชาชาติ,2
บัญชีรายชื่อ,7,เชียงใหม่,แม่อาย,แม่สาว,698,926,ประชาชาติ,2
บัญชีรายชื่อ,7,เชียงใหม่,แม่อาย,แม่สาว,236,292,ประชาชาติ,1
บัญชีรายชื่อ,7,เชียงใหม่,แม่อาย,แม่สาว,346,436,ประชาชาติ,2
บัญชีรายชื่อ,7,เชียงใหม่,แม่อาย,แม่สาว,153,199,ประชาชาติ,0
บัญชีรายชื่อ,7,เชียงใหม่,แม่อาย,แม่อาย,427,565,ประชาชาติ,0
บัญชีรายชื่อ,7,เชียงใหม่,แม่อาย,แม่อาย,262,363,ประชาชาติ,1
บัญชีรายชื่อ,7,เชียงใหม่,แม่อาย,แม่อาย,210,250,ประชาชาติ,0
บัญชีรายชื่อ,7,เชียงใหม่,แม่อาย,แม่อาย,238,328,ประชาชาติ,0
บัญชีรายชื่อ,7,เชียงใหม่,แม่อาย,แม่อาย,316,438,ประชาชาติ,0
บัญชีรายชื่อ,7,เชียงใหม่,แม่อาย,แม่อาย,250,368,ประชาชาติ,0
บัญชีรายชื่อ,7,เชียงใหม่,แม่อาย,แม่อาย,256,373,ประชาชาติ,0
บัญชีรายชื่อ,7,เชียงใหม่,แม่อาย,แม่อาย,287,374,ประชาชาติ,0
บัญชีรายชื่อ,7,เชียงใหม่,แม่อาย,แม่อาย,257,300,ประชาชาติ,1
บัญชีรายชื่อ,7,เชียงใหม่,แม่อาย,แม่อาย,467,612,ประชาชาติ,0
บัญชีรายชื่อ,7,เชียงใหม่,แม่อาย,แม่อาย,460,697,ประชาชาติ,0
บัญชีรายชื่อ,7,เชียงใหม่,แม่อาย,แม่อาย,201,258,ประชาชาติ,0
บัญชีรายชื่อ,7,เชียงใหม่,แม่อาย,แม่อาย,333,555,ประชาชาติ,0
บัญชีรายชื่อ,7,เชียงใหม่,แม่อาย,แม่อาย,233,335,ประชาชาติ,0
บัญชีรายชื่อ,7,เชียงใหม่,แม่อาย,แม่อาย,473,592,ประชาชาติ,5
บัญชีรายชื่อ,7,เชียงใหม่,แม่อาย,แม่อาย,120,167,ประชาชาติ,0
บัญชีรายชื่อ,7,เชียงใหม่,ไชยปราการ,ปงตำ,743,1004,ประชาชาติ,2
บัญชีรายชื่อ,7,เชียงใหม่,ไชยปราการ,ปงตำ,692,1011,ประชาชาติ,1
บัญชีรายชื่อ,7,เชียงใหม่,ไชยปราการ,ปงตำ,752,1018,ประชาชาติ,0
บัญชีรายชื่อ,7,เชียงใหม่,ไชยปราการ,ปงตำ,578,749,ประชาชาติ,1
บัญชีรายชื่อ,7,เชียงใหม่,ไชยปราการ,ปงตำ,242,333,ประชาชาติ,0
บัญชีรายชื่อ,7,เชียงใหม่,ไชยปราการ,ปงตำ,379,479,ประชาชาติ,0
บัญชีรายชื่อ,7,เชียงใหม่,ไชยปราการ,ปงตำ,517,674,ประชาชาติ,0
บัญชีรายชื่อ,7,เชียงใหม่,ไชยปราการ,ปงตำ,411,608,ประชาชาติ,1
บัญชีรายชื่อ,7,เชียงใหม่,ไชยปราการ,ปงตำ,135,186,ประชาชาติ,1
บัญชีรายชื่อ,7,เชียงใหม่,ไชยปราการ,แม่ทะลบ,529,657,ประชาชาติ,1
บัญชีรายชื่อ,7,เชียงใหม่,ไชยปราการ,แม่ทะลบ,469,605,ประชาชาติ,0
บัญชีรายชื่อ,7,เชียงใหม่,ไชยปราการ,แม่ทะลบ,470,578,ประชาชาติ,0
บัญชีรายชื่อ,7,เชียงใหม่,ไชยปราการ,แม่ทะลบ,730,968,ประชาชาติ,1
บัญชีรายชื่อ,7,เชียงใหม่,ไชยปราการ,แม่ทะลบ,535,684,ประชาชาติ,1
บัญชีรายชื่อ,7,เชียงใหม่,ไชยปราการ,แม่ทะลบ,447,554,ประชาชาติ,0
บัญชีรายชื่อ,7,เชียงใหม่,ไชยปราการ,แม่ทะลบ,363,460,ประชาชาติ,0
บัญชีรายชื่อ,7,เชียงใหม่,ไชยปราการ,แม่ทะลบ,388,509,ประชาชาติ,1
บัญชีรายชื่อ,7,เชียงใหม่,ไชยปราการ,แม่ทะลบ,410,537,ประชาชาติ,1
บัญชีรายชื่อ,7,เชียงใหม่,,,800,800,ประชาชาติ,0
บัญชีรายชื่อ,7,เชียงใหม่,,,799,800,ประชาชาติ,0
บัญชีรายชื่อ,7,เชียงใหม่,,,800,800,ประชาชาติ,0
บัญชีรายชื่อ,7,เชียงใหม่,,,800,800,ประชาชาติ,0
บัญชีรายชื่อ,7,เชียงใหม่,,,800,800,ประชาชาติ,0
บัญชีรายชื่อ,7,เชียงใหม่,,,800,800,ประชาชาติ,0
บัญชีรายชื่อ,7,เชียงใหม่,,,800,800,ประชาชาติ,0
บัญชีรายชื่อ,7,เชียงใหม่,,,482,482,ประชาชาติ,0
บัญชีรายชื่อ,7,เชียงใหม่,ฝาง,สันทราย,307,385,ประชาธิปัตย์,6
บัญชีรายชื่อ,7,เชียงใหม่,ฝาง,สันทราย,451,544,ประชาธิปัตย์,7
บัญชีรายชื่อ,7,เชียงใหม่,ฝาง,สันทราย,521,636,ประชาธิปัตย์,5
บัญชีรายชื่อ,7,เชียงใหม่,ฝาง,สันทราย,631,841,ประชาธิปัตย์,8
บัญชีรายชื่อ,7,เชียงใหม่,ฝาง,สันทราย,258,335,ประชาธิปัตย์,3
บัญชีรายชื่อ,7,เชียงใหม่,ฝาง,สันทราย,593,776,ประชาธิปัตย์,11
บัญชีรายชื่อ,7,เชียงใหม่,ฝาง,สันทราย,500,616,ประชาธิปัตย์,2
บัญชีรายชื่อ,7,เชียงใหม่,ฝาง,ม่อนปิ่น,0,0,ประชาธิปัตย์,0
บัญชีรายชื่อ,7,เชียงใหม่,ฝาง,ม่อนปิ่น,719,935,ประชาธิปัตย์,3
บัญชีรายชื่อ,7,เชียงใหม่,ฝาง,ม่อนปิ่น,542,756,ประชาธิปัตย์,2
บัญชีรายชื่อ,7,เชียงใหม่,ฝาง,ม่อนปิ่น,363,467,ประชาธิปัตย์,6
บัญชีรายชื่อ,7,เชียงใหม่,ฝาง,ม่อนปิ่น,190,234,ประชาธิปัตย์,2
บัญชีรายชื่อ,7,เชียงใหม่,ฝาง,ม่อนปิ่น,390,482,ประชาธิปัตย์,2
บัญชีรายชื่อ,7,เชียงใหม่,ฝาง,ม่อนปิ่น,671,996,ประชาธิปัตย์,4
บัญชีรายชื่อ,7,เชียงใหม่,ฝาง,ม่อนปิ่น,370,470,ประชาธิปัตย์,9
บัญชีรายชื่อ,7,เชียงใหม่,ฝาง,ม่อนปิ่น,484,640,ประชาธิปัตย์,3
บัญชีรายชื่อ,7,เชียงใหม่,ฝาง,ม่อนปิ่น,142,177,ประชาธิปัตย์,1
บัญชีรายชื่อ,7,เชียงใหม่,ฝาง,ม่อนปิ่น,559,862,ประชาธิปัตย์,7
บัญชีรายชื่อ,7,เชียงใหม่,ฝาง,ม่อนปิ่น,318,418,ประชาธิปัตย์,2
บัญชีรายชื่อ,7,เชียงใหม่,ฝาง,ม่อนปิ่น,229,303,ประชาธิปัตย์,0
บัญชีรายชื่อ,7,เชียงใหม่,ฝาง,ม่อนปิ่น,274,354,ประชาธิปัตย์,4
บัญชีรายชื่อ,7,เชียงใหม่,ฝาง,ม่อนปิ่น,717,971,ประชาธิปัตย์,1
บัญชีรายชื่อ,7,เชียงใหม่,ฝาง,สันทราย,403,520,ประชาธิปัตย์,1
บัญชีรายชื่อ,7,เชียงใหม่,ฝาง,สันทราย,310,399,ประชาธิปัตย์,6
บัญชีรายชื่อ,7,เชียงใหม่,ฝาง,สันทราย,489,616,ประชาธิปัตย์,6
บัญชีรายชื่อ,7,เชียงใหม่,ฝาง,สันทราย,189,221,ประชาธิปัตย์,3
บัญชีรายชื่อ,7,เชียงใหม่,ฝาง,สันทราย,487,676,ประชาธิปัตย์,2
บัญชีรายชื่อ,7,เชียงใหม่,ฝาง,สันทราย,315,406,ประชาธิปัตย์,2
บัญชีรายชื่อ,7,เชียงใหม่,ฝาง,สันทราย,338,400,ประชาธิปัตย์,10
บัญชีรายชื่อ,7,เชียงใหม่,ฝาง,สันทราย,493,646,ประชาธิปัตย์,6
บัญชีรายชื่อ,7,เชียงใหม่,ฝาง,สันทราย,278,342,ประชาธิปัตย์,3
บัญชีรายชื่อ,7,เชียงใหม่,ฝาง,สันทราย,320,416,ประชาธิปัตย์,0
บัญชีรายชื่อ,7,เชียงใหม่,ฝาง,เวียง,501,733,ประชาธิปัตย์,1
บัญชีรายชื่อ,7,เชียงใหม่,ฝาง,เวียง,430,609,ประชาธิปัตย์,5
บัญชีรายชื่อ,7,เชียงใหม่,ฝาง,เวียง,624,933,ประชาธิปัตย์,4
บัญชีรายชื่อ,7,เชียงใหม่,ฝาง,เวียง,640,917,ประชาธิปัตย์,5
บัญชีรายชื่อ,7,เชียงใหม่,ฝาง,เวียง,723,1070,ประชาธิปัตย์,9
บัญชีรายชื่อ,7,เชียงใหม่,ฝาง,เวียง,473,6636,ประชาธิปัตย์,4
บัญชีรายชื่อ,7,เชียงใหม่,ฝาง,เวียง,344,464,ประชาธิปัตย์,7
บัญชีรายชื่อ,7,เชียงใหม่,ฝาง,เวียง,234,462,ประชาธิปัตย์,2
บัญชีรายชื่อ,7,เชียงใหม่,ฝาง,เวียง,264,360,ประชาธิปัตย์,3
บัญชีรายชื่อ,7,เชียงใหม่,ฝาง,เวียง,624,862,ประชาธิปัตย์,178
บัญชีรายชื่อ,7,เชียงใหม่,ฝาง,เวียง,625,907,ประชาธิปัตย์,1
บัญชีรายชื่อ,7,เชียงใหม่,ฝาง,เวียง,389,499,ประชาธิปัตย์,2
บัญชีรายชื่อ,7,เชียงใหม่,ฝาง,เวียง,549,724,ประชาธิปัตย์,7
บัญชีรายชื่อ,7,เชียงใหม่,ฝาง,เวียง,191,285,ประชาธิปัตย์,0
บัญชีรายชื่อ,7,เชียงใหม่,ฝาง,เวียง,453,610,ประชาธิปัตย์,3
บัญชีรายชื่อ,7,เชียงใหม่,ฝาง,เวียง,359,483,ประชาธิปัตย์,2
บัญชีรายชื่อ,7,เชียงใหม่,ฝาง,เวียง,371,463,ประชาธิปัตย์,1
บัญชีรายชื่อ,7,เชียงใหม่,ฝาง,เวียง,318,448,ประชาธิปัตย์,2
บัญชีรายชื่อ,7,เชียงใหม่,ฝาง,เวียง,458,608,ประชาธิปัตย์,11
บัญชีรายชื่อ,7,เชียงใหม่,ฝาง,เวียง,425,576,ประชาธิปัตย์,1
บัญชีรายชื่อ,7,เชียงใหม่,ฝาง,เวียง,414,582,ประชาธิปัตย์,3
บัญชีรายชื่อ,7,เชียงใหม่,ฝาง,เวียง,608,793,ประชาธิปัตย์,3
บัญชีรายชื่อ,7,เชียงใหม่,ฝาง,เวียง,555,706,ประชาธิปัตย์,2
บัญชีรายชื่อ,7,เชียงใหม่,ฝาง,เวียง,501,631,ประชาธิปัตย์,4
บัญชีรายชื่อ,7,เชียงใหม่,ฝาง,เวียง,169,226,ประชาธิปัตย์,3
บัญชีรายชื่อ,7,เชียงใหม่,ฝาง,เวียง,265,469,ประชาธิปัตย์,3
บัญชีรายชื่อ,7,เชียงใหม่,ฝาง,แม่ข่า,391,498,ประชาธิปัตย์,1
บัญชีรายชื่อ,7,เชียงใหม่,ฝาง,แม่ข่า,419,541,ประชาธิปัตย์,3
บัญชีรายชื่อ,7,เชียงใหม่,ฝาง,แม่ข่า,421,542,ประชาธิปัตย์,2
บัญชีรายชื่อ,7,เชียงใหม่,ฝาง,แม่ข่า,335,425,ประชาธิปัตย์,1
บัญชีรายชื่อ,7,เชียงใหม่,ฝาง,แม่ข่า,337,444,ประชาธิปัตย์,3
บัญชีรายชื่อ,7,เชียงใหม่,ฝาง,แม่ข่า,287,373,ประชาธิปัตย์,2
บัญชีรายชื่อ,7,เชียงใหม่,ฝาง,แม่ข่า,543,687,ประชาธิปัตย์,6
บัญชีรายชื่อ,7,เชียงใหม่,ฝาง,แม่ข่า,358,479,ประชาธิปัตย์,1
บัญชีรายชื่อ,7,เชียงใหม่,ฝาง,แม่ข่า,628,763,ประชาธิปัตย์,6
บัญชีรายชื่อ,7,เชียงใหม่,ฝาง,แม่ข่า,367,494,ประชาธิปัตย์,5
บัญชีรายชื่อ,7,เชียงใหม่,ฝาง,แม่ข่า,419,546,ประชาธิปัตย์,5
บัญชีรายชื่อ,7,เชียงใหม่,ฝาง,แม่ข่า,278,339,ประชาธิปัตย์,1
บัญชีรายชื่อ,7,เชียงใหม่,ฝาง,แม่ข่า,469,586,ประชาธิปัตย์,9
บัญชีรายชื่อ,7,เชียงใหม่,ฝาง,แม่ข่า,295,370,ประชาธิปัตย์,2
บัญชีรายชื่อ,7,เชียงใหม่,ฝาง,แม่คะ,523,683,ประชาธิปัตย์,1
บัญชีรายชื่อ,7,เชียงใหม่,ฝาง,แม่คะ,472,682,ประชาธิปัตย์,2
บัญชีรายชื่อ,7,เชียงใหม่,ฝาง,แม่คะ,403,482,ประชาธิปัตย์,3
บัญชีรายชื่อ,7,เชียงใหม่,ฝาง,แม่คะ,441,580,ประชาธิปัตย์,3
บัญชีรายชื่อ,7,เชียงใหม่,ฝาง,แม่คะ,215,251,ประชาธิปัตย์,1
บัญชีรายชื่อ,7,เชียงใหม่,ฝาง,แม่คะ,265,321,ประชาธิปัตย์,1
บัญชีรายชื่อ,7,เชียงใหม่,ฝาง,แม่คะ,444,710,ประชาธิปัตย์,1
บัญชีรายชื่อ,7,เชียงใหม่,ฝาง,แม่คะ,213,287,ประชาธิปัตย์,1
บัญชีรายชื่อ,7,เชียงใหม่,ฝาง,แม่คะ,584,728,ประชาธิปัตย์,7
บัญชีรายชื่อ,7,เชียงใหม่,ฝาง,แม่คะ,242,329,ประชาธิปัตย์,1
บัญชีรายชื่อ,7,เชียงใหม่,ฝาง,แม่คะ,350,512,ประชาธิปัตย์,1
บัญชีรายชื่อ,7,เชียงใหม่,ฝาง,แม่คะ,563,722,ประชาธิปัตย์,5
บัญชีรายชื่อ,7,เชียงใหม่,ฝาง,แม่คะ,636,1089,ประชาธิปัตย์,0
บัญชีรายชื่อ,7,เชียงใหม่,ฝาง,แม่คะ,500,610,ประชาธิปัตย์,11
บัญชีรายชื่อ,7,เชียงใหม่,ฝาง,แม่คะ,167,207,ประชาธิปัตย์,0
บัญชีรายชื่อ,7,เชียงใหม่,ฝาง,แม่คะ,522,692,ประชาธิปัตย์,7
บัญชีรายชื่อ,7,เชียงใหม่,ฝาง,แม่งอน,297,386,ประชาธิปัตย์,0
บัญชีรายชื่อ,7,เชียงใหม่,ฝาง,แม่งอน,209,630,ประชาธิปัตย์,4
บัญชีรายชื่อ,7,เชียงใหม่,ฝาง,แม่งอน,360,414,ประชาธิปัตย์,1
บัญชีรายชื่อ,7,เชียงใหม่,ฝาง,แม่งอน,328,393,ประชาธิปัตย์,2
บัญชีรายชื่อ,7,เชียงใหม่,ฝาง,แม่งอน,346,763,ประชาธิปัตย์,5
บัญชีรายชื่อ,7,เชียงใหม่,ฝาง,แม่งอน,265,315,ประชาธิปัตย์,1
บัญชีรายชื่อ,7,เชียงใหม่,ฝาง,แม่งอน,268,331,ประชาธิปัตย์,2
บัญชีรายชื่อ,7,เชียงใหม่,ฝาง,แม่งอน,310,406,ประชาธิปัตย์,1
บัญชีรายชื่อ,7,เชียงใหม่,ฝาง,แม่งอน,507,674,ประชาธิปัตย์,6
บัญชีรายชื่อ,7,เชียงใหม่,ฝาง,แม่งอน,298,372,ประชาธิปัตย์,4
บัญชีรายชื่อ,7,เชียงใหม่,ฝาง,แม่งอน,508,639,ประชาธิปัตย์,6
บัญชีรายชื่อ,7,เชียงใหม่,ฝาง,แม่งอน,380,880,ประชาธิปัตย์,1
บัญชีรายชื่อ,7,เชียงใหม่,ฝาง,แม่งอน,292,531,ประชาธิปัตย์,2
บัญชีรายชื่อ,7,เชียงใหม่,ฝาง,แม่งอน,405,694,ประชาธิปัตย์,1
บัญชีรายชื่อ,7,เชียงใหม่,ฝาง,แม่งอน,499,681,ประชาธิปัตย์,8
บัญชีรายชื่อ,7,เชียงใหม่,ฝาง,แม่งอน,435,562,ประชาธิปัตย์,4
บัญชีรายชื่อ,7,เชียงใหม่,ฝาง,แม่สูน,386,532,ประชาธิปัตย์,4
บัญชีรายชื่อ,7,เชียงใหม่,ฝาง,แม่สูน,614,846,ประชาธิปัตย์,3
บัญชีรายชื่อ,7,เชียงใหม่,ฝาง,แม่สูน,617,7999,ประชาธิปัตย์,4
บัญชีรายชื่อ,7,เชียงใหม่,ฝาง,แม่สูน,396,530,ประชาธิปัตย์,11
บัญชีรายชื่อ,7,เชียงใหม่,ฝาง,แม่สูน,295,373,ประชาธิปัตย์,1
บัญชีรายชื่อ,7,เชียงใหม่,ฝาง,แม่สูน,264,347,ประชาธิปัตย์,1
บัญชีรายชื่อ,7,เชียงใหม่,ฝาง,แม่สูน,367,488,ประชาธิปัตย์,2
บัญชีรายชื่อ,7,เชียงใหม่,ฝาง,แม่สูน,308,382,ประชาธิปัตย์,3
บัญชีรายชื่อ,7,เชียงใหม่,ฝาง,แม่สูน,308,365,ประชาธิปัตย์,11
บัญชีรายชื่อ,7,เชียงใหม่,ฝาง,แม่สูน,284,377,ประชาธิปัตย์,2
บัญชีรายชื่อ,7,เชียงใหม่,ฝาง,แม่สูน,407,593,ประชาธิปัตย์,3
บัญชีรายชื่อ,7,เชียงใหม่,ฝาง,แม่สูน,469,579,ประชาธิปัตย์,5
บัญชีรายชื่อ,7,เชียงใหม่,ฝาง,แม่สูน,725,1000,ประชาธิปัตย์,14
บัญชีรายชื่อ,7,เชียงใหม่,ฝาง,แม่สูน,479,623,ประชาธิปัตย์,7
บัญชีรายชื่อ,7,เชียงใหม่,ฝาง,แม่สูน,301,403,ประชาธิปัตย์,2
บัญชีรายชื่อ,7,เชียงใหม่,ฝาง,แม่สูน,330,433,ประชาธิปัตย์,7
บัญชีรายชื่อ,7,เชียงใหม่,ฝาง,แม่สูน,607,824,ประชาธิปัตย์,25
บัญชีรายชื่อ,7,เชียงใหม่,ฝาง,แม่สูน,101,118,ประชาธิปัตย์,1
บัญชีรายชื่อ,7,เชียงใหม่,ฝาง,โป่งน้ำร้อน,214,275,ประชาธิปัตย์,1
บัญชีรายชื่อ,7,เชียงใหม่,ฝาง,โป่งน้ำร้อน,327,413,ประชาธิปัตย์,1
บัญชีรายชื่อ,7,เชียงใหม่,ฝาง,โป่งน้ำร้อน,502,794,ประชาธิปัตย์,8
บัญชีรายชื่อ,7,เชียงใหม่,ฝาง,โป่งน้ำร้อน,269,356,ประชาธิปัตย์,2
บัญชีรายชื่อ,7,เชียงใหม่,ฝาง,โป่งน้ำร้อน,348,415,ประชาธิปัตย์,2
บัญชีรายชื่อ,7,เชียงใหม่,ฝาง,โป่งน้ำร้อน,462,610,ประชาธิปัตย์,2
บัญชีรายชื่อ,7,เชียงใหม่,ฝาง,โป่งน้ำร้อน,324,418,ประชาธิปัตย์,3
บัญชีรายชื่อ,7,เชียงใหม่,แม่อาย,ท่าตอน,448,647,ประชาธิปัตย์,2
บัญชีรายชื่อ,7,เชียงใหม่,แม่อาย,ท่าตอน,81,139,ประชาธิปัตย์,0
บัญชีรายชื่อ,7,เชียงใหม่,แม่อาย,ท่าตอน,500,741,ประชาธิปัตย์,2
บัญชีรายชื่อ,7,เชียงใหม่,แม่อาย,ท่าตอน,332,527,ประชาธิปัตย์,3
บัญชีรายชื่อ,7,เชียงใหม่,แม่อาย,ท่าตอน,523,953,ประชาธิปัตย์,2
บัญชีรายชื่อ,7,เชียงใหม่,แม่อาย,ท่าตอน,516,982,ประชาธิปัตย์,5
บัญชีรายชื่อ,7,เชียงใหม่,แม่อาย,ท่าตอน,252,418,ประชาธิปัตย์,2
บัญชีรายชื่อ,7,เชียงใหม่,แม่อาย,ท่าตอน,650,889,ประชาธิปัตย์,85
บัญชีรายชื่อ,7,เชียงใหม่,แม่อาย,ท่าตอน,458,640,ประชาธิปัตย์,0
บัญชีรายชื่อ,7,เชียงใหม่,แม่อาย,ท่าตอน,461,742,ประชาธิปัตย์,21
บัญชีรายชื่อ,7,เชียงใหม่,แม่อาย,ท่าตอน,199,305,ประชาธิปัตย์,10
บัญชีรายชื่อ,7,เชียงใหม่,แม่อาย,ท่าตอน,495,718,ประชาธิปัตย์,11
บัญชีรายชื่อ,7,เชียงใหม่,แม่อาย,ท่าตอน,505,933,ประชาธิปัตย์,10
บัญชีรายชื่อ,7,เชียงใหม่,แม่อาย,ท่าตอน,525,804,ประชาธิปัตย์,23
บัญชีรายชื่อ,7,เชียงใหม่,แม่อาย,ท่าตอน,197,284,ประชาธิปัตย์,19
บัญชีรายชื่อ,7,เชียงใหม่,แม่อาย,ท่าตอน,467,692,ประชาธิปัตย์,7
บัญชีรายชื่อ,7,เชียงใหม่,แม่อาย,ท่าตอน,125,199,ประชาธิปัตย์,0
บัญชีรายชื่อ,7,เชียงใหม่,แม่อาย,ท่าตอน,264,382,ประชาธิปัตย์,0
บัญชีรายชื่อ,7,เชียงใหม่,แม่อาย,ท่าตอน,0,0,ประชาธิปัตย์,0
บัญชีรายชื่อ,7,เชียงใหม่,แม่อาย,ท่าตอน,504,867,ประชาธิปัตย์,1
บัญชีรายชื่อ,7,เชียงใหม่,แม่อาย,บ้านหลวง,364,597,ประชาธิปัตย์,1
บัญชีรายชื่อ,7,เชียงใหม่,แม่อาย,บ้านหลวง,283,404,ประชาธิปัตย์,0
บัญชีรายชื่อ,7,เชียงใหม่,แม่อาย,บ้านหลวง,254,353,ประชาธิปัตย์,1
บัญชีรายชื่อ,7,เชียงใหม่,แม่อาย,บ้านหลวง,520,674,ประชาธิปัตย์,1
บัญชีรายชื่อ,7,เชียงใหม่,แม่อาย,บ้านหลวง,339,454,ประชาธิปัตย์,4
บัญชีรายชื่อ,7,เชียงใหม่,แม่อาย,บ้านหลวง,287,382,ประชาธิปัตย์,3
บัญชีรายชื่อ,7,เชียงใหม่,แม่อาย,บ้านหลวง,647,837,ประชาธิปัตย์,5
บัญชีรายชื่อ,7,เชียงใหม่,แม่อาย,บ้านหลวง,274,328,ประชาธิปัตย์,0
บัญชีรายชื่อ,7,เชียงใหม่,แม่อาย,บ้านหลวง,161,206,ประชาธิปัตย์,0
บัญชีรายชื่อ,7,เชียงใหม่,แม่อาย,บ้านหลวง,303,396,ประชาธิปัตย์,1
บัญชีรายชื่อ,7,เชียงใหม่,แม่อาย,บ้านหลวง,141,170,ประชาธิปัตย์,0
บัญชีรายชื่อ,7,เชียงใหม่,แม่อาย,บ้านหลวง,129,168,ประชาธิปัตย์,0
บัญชีรายชื่อ,7,เชียงใหม่,แม่อาย,บ้านหลวง,195,253,ประชาธิปัตย์,0
บัญชีรายชื่อ,7,เชียงใหม่,แม่อาย,มะลิกา,151,196,ประชาธิปัตย์,0
บัญชีรายชื่อ,7,เชียงใหม่,แม่อาย,มะลิกา,169,239,ประชาธิปัตย์,4
บัญชีรายชื่อ,7,เชียงใหม่,แม่อาย,มะลิกา,195,378,ประชาธิปัตย์,3
บัญชีรายชื่อ,7,เชียงใหม่,แม่อาย,มะลิกา,226,394,ประชาธิปัตย์,1
บัญชีรายชื่อ,7,เชียงใหม่,แม่อาย,มะลิกา,290,408,ประชาธิปัตย์,0
บัญชีรายชื่อ,7,เชียงใหม่,แม่อาย,มะลิกา,274,396,ประชาธิปัตย์,1
บัญชีรายชื่อ,7,เชียงใหม่,แม่อาย,มะลิกา,308,448,ประชาธิปัตย์,1
บัญชีรายชื่อ,7,เชียงใหม่,แม่อาย,มะลิกา,188,235,ประชาธิปัตย์,1
บัญชีรายชื่อ,7,เชียงใหม่,แม่อาย,มะลิกา,195,291,ประชาธิปัตย์,0
บัญชีรายชื่อ,7,เชียงใหม่,แม่อาย,มะลิกา,151,196,ประชาธิปัตย์,0
บัญชีรายชื่อ,7,เชียงใหม่,แม่อาย,สันต้นหมื้อ,434,567,ประชาธิปัตย์,3
บัญชีรายชื่อ,7,เชียงใหม่,แม่อาย,สันต้นหมื้อ,215,242,ประชาธิปัตย์,1
บัญชีรายชื่อ,7,เชียงใหม่,แม่อาย,สันต้นหมื้อ,211,288,ประชาธิปัตย์,3
บัญชีรายชื่อ,7,เชียงใหม่,แม่อาย,สันต้นหมื้อ,216,271,ประชาธิปัตย์,0
บัญชีรายชื่อ,7,เชียงใหม่,แม่อาย,สันต้นหมื้อ,318,416,ประชาธิปัตย์,3
บัญชีรายชื่อ,7,เชียงใหม่,แม่อาย,สันต้นหมื้อ,317,442,ประชาธิปัตย์,3
บัญชีรายชื่อ,7,เชียงใหม่,แม่อาย,สันต้นหมื้อ,340,429,ประชาธิปัตย์,0
บัญชีรายชื่อ,7,เชียงใหม่,แม่อาย,สันต้นหมื้อ,379,520,ประชาธิปัตย์,0
บัญชีรายชื่อ,7,เชียงใหม่,แม่อาย,สันต้นหมื้อ,539,740,ประชาธิปัตย์,3
บัญชีรายชื่อ,7,เชียงใหม่,แม่อาย,สันต้นหมื้อ,171,226,ประชาธิปัตย์,2
บัญชีรายชื่อ,7,เชียงใหม่,แม่อาย,สันต้นหมื้อ,310,412,ประชาธิปัตย์,1
บัญชีรายชื่อ,7,เชียงใหม่,แม่อาย,สันต้นหมื้อ,170,230,ประชาธิปัตย์,2
บัญชีรายชื่อ,7,เชียงใหม่,แม่อาย,แม่นาวาง,287,404,ประชาธิปัตย์,2
บัญชีรายชื่อ,7,เชียงใหม่,แม่อาย,แม่นาวาง,462,522,ประชาธิปัตย์,0
บัญชีรายชื่อ,7,เชียงใหม่,แม่อาย,แม่นาวาง,212,287,ประชาธิปัตย์,0
บัญชีรายชื่อ,7,เชียงใหม่,แม่อาย,แม่นาวาง,270,361,ประชาธิปัตย์,0
บัญชีรายชื่อ,7,เชียงใหม่,แม่อาย,แม่นาวาง,406,530,ประชาธิปัตย์,8
บัญชีรายชื่อ,7,เชียงใหม่,แม่อาย,แม่นาวาง,222,288,ประชาธิปัตย์,0
บัญชีรายชื่อ,7,เชียงใหม่,แม่อาย,แม่นาวาง,520,782,ประชาธิปัตย์,1
บัญชีรายชื่อ,7,เชียงใหม่,แม่อาย,แม่นาวาง,262,355,ประชาธิปัตย์,2
บัญชีรายชื่อ,7,เชียงใหม่,แม่อาย,แม่นาวาง,412,577,ประชาธิปัตย์,1
บัญชีรายชื่อ,7,เชียงใหม่,แม่อาย,แม่นาวาง,302,421,ประชาธิปัตย์,1
บัญชีรายชื่อ,7,เชียงใหม่,แม่อาย,แม่นาวาง,336,445,ประชาธิปัตย์,3
บัญชีรายชื่อ,7,เชียงใหม่,แม่อาย,แม่นาวาง,418,556,ประชาธิปัตย์,3
บัญชีรายชื่อ,7,เชียงใหม่,แม่อาย,แม่นาวาง,327,441,ประชาธิปัตย์,2
บัญชีรายชื่อ,7,เชียงใหม่,แม่อาย,แม่นาวาง,194,275,ประชาธิปัตย์,0
บัญชีรายชื่อ,7,เชียงใหม่,แม่อาย,แม่นาวาง,387,501,ประชาธิปัตย์,5
บัญชีรายชื่อ,7,เชียงใหม่,แม่อาย,แม่นาวาง,557,763,ประชาธิปัตย์,4
บัญชีรายชื่อ,7,เชียงใหม่,แม่อาย,แม่นาวาง,418,519,ประชาธิปัตย์,42
บัญชีรายชื่อ,7,เชียงใหม่,แม่อาย,แม่นาวาง,527,752,ประชาธิปัตย์,7
บัญชีรายชื่อ,7,เชียงใหม่,แม่อาย,แม่นาวาง,656,901,ประชาธิปัตย์,2
บัญชีรายชื่อ,7,เชียงใหม่,แม่อาย,แม่นาวาง,131,167,ประชาธิปัตย์,0
บัญชีรายชื่อ,7,เชียงใหม่,แม่อาย,แม่สาว,255,375,ประชาธิปัตย์,0
บัญชีรายชื่อ,7,เชียงใหม่,แม่อาย,แม่สาว,520,726,ประชาธิปัตย์,0
บัญชีรายชื่อ,7,เชียงใหม่,แม่อาย,แม่สาว,428,537,ประชาธิปัตย์,0
บัญชีรายชื่อ,7,เชียงใหม่,แม่อาย,แม่สาว,163,202,ประชาธิปัตย์,0
บัญชีรายชื่อ,7,เชียงใหม่,แม่อาย,แม่สาว,244,307,ประชาธิปัตย์,0
บัญชีรายชื่อ,7,เชียงใหม่,แม่อาย,แม่สาว,370,463,ประชาธิปัตย์,4
บัญชีรายชื่อ,7,เชียงใหม่,แม่อาย,แม่สาว,638,926,ประชาธิปัตย์,3
บัญชีรายชื่อ,7,เชียงใหม่,แม่อาย,แม่สาว,283,397,ประชาธิปัตย์,2
บัญชีรายชื่อ,7,เชียงใหม่,แม่อาย,แม่สาว,285,345,ประชาธิปัตย์,0
บัญชีรายชื่อ,7,เชียงใหม่,แม่อาย,แม่สาว,433,560,ประชาธิปัตย์,1
บัญชีรายชื่อ,7,เชียงใหม่,แม่อาย,แม่สาว,383,458,ประชาธิปัตย์,0
บัญชีรายชื่อ,7,เชียงใหม่,แม่อาย,แม่สาว,226,342,ประชาธิปัตย์,1
บัญชีรายชื่อ,7,เชียงใหม่,แม่อาย,แม่สาว,414,540,ประชาธิปัตย์,1
บัญชีรายชื่อ,7,เชียงใหม่,แม่อาย,แม่สาว,698,926,ประชาธิปัตย์,1
บัญชีรายชื่อ,7,เชียงใหม่,แม่อาย,แม่สาว,236,292,ประชาธิปัตย์,0
บัญชีรายชื่อ,7,เชียงใหม่,แม่อาย,แม่สาว,346,436,ประชาธิปัตย์,0
บัญชีรายชื่อ,7,เชียงใหม่,แม่อาย,แม่สาว,153,199,ประชาธิปัตย์,0
บัญชีรายชื่อ,7,เชียงใหม่,แม่อาย,แม่อาย,427,565,ประชาธิปัตย์,6
บัญชีรายชื่อ,7,เชียงใหม่,แม่อาย,แม่อาย,262,363,ประชาธิปัตย์,1
บัญชีรายชื่อ,7,เชียงใหม่,แม่อาย,แม่อาย,210,250,ประชาธิปัตย์,1
บัญชีรายชื่อ,7,เชียงใหม่,แม่อาย,แม่อาย,238,328,ประชาธิปัตย์,2
บัญชีรายชื่อ,7,เชียงใหม่,แม่อาย,แม่อาย,316,438,ประชาธิปัตย์,3
บัญชีรายชื่อ,7,เชียงใหม่,แม่อาย,แม่อาย,250,368,ประชาธิปัตย์,2
บัญชีรายชื่อ,7,เชียงใหม่,แม่อาย,แม่อาย,256,373,ประชาธิปัตย์,1
บัญชีรายชื่อ,7,เชียงใหม่,แม่อาย,แม่อาย,287,374,ประชาธิปัตย์,4
บัญชีรายชื่อ,7,เชียงใหม่,แม่อาย,แม่อาย,257,300,ประชาธิปัตย์,1
บัญชีรายชื่อ,7,เชียงใหม่,แม่อาย,แม่อาย,467,612,ประชาธิปัตย์,8
บัญชีรายชื่อ,7,เชียงใหม่,แม่อาย,แม่อาย,460,697,ประชาธิปัตย์,4
บัญชีรายชื่อ,7,เชียงใหม่,แม่อาย,แม่อาย,201,258,ประชาธิปัตย์,4
บัญชีรายชื่อ,7,เชียงใหม่,แม่อาย,แม่อาย,333,555,ประชาธิปัตย์,2
บัญชีรายชื่อ,7,เชียงใหม่,แม่อาย,แม่อาย,233,335,ประชาธิปัตย์,0
บัญชีรายชื่อ,7,เชียงใหม่,แม่อาย,แม่อาย,473,592,ประชาธิปัตย์,2
บัญชีรายชื่อ,7,เชียงใหม่,แม่อาย,แม่อาย,120,167,ประชาธิปัตย์,0
บัญชีรายชื่อ,7,เชียงใหม่,ไชยปราการ,ปงตำ,743,1004,ประชาธิปัตย์,9
บัญชีรายชื่อ,7,เชียงใหม่,ไชยปราการ,ปงตำ,692,1011,ประชาธิปัตย์,2
บัญชีรายชื่อ,7,เชียงใหม่,ไชยปราการ,ปงตำ,752,1018,ประชาธิปัตย์,4
บัญชีรายชื่อ,7,เชียงใหม่,ไชยปราการ,ปงตำ,578,749,ประชาธิปัตย์,6
บัญชีรายชื่อ,7,เชียงใหม่,ไชยปราการ,ปงตำ,242,333,ประชาธิปัตย์,1
บัญชีรายชื่อ,7,เชียงใหม่,ไชยปราการ,ปงตำ,379,479,ประชาธิปัตย์,1
บัญชีรายชื่อ,7,เชียงใหม่,ไชยปราการ,ปงตำ,517,674,ประชาธิปัตย์,2
บัญชีรายชื่อ,7,เชียงใหม่,ไชยปราการ,ปงตำ,411,608,ประชาธิปัตย์,5
บัญชีรายชื่อ,7,เชียงใหม่,ไชยปราการ,ปงตำ,135,186,ประชาธิปัตย์,3
บัญชีรายชื่อ,7,เชียงใหม่,ไชยปราการ,แม่ทะลบ,529,657,ประชาธิปัตย์,4
บัญชีรายชื่อ,7,เชียงใหม่,ไชยปราการ,แม่ทะลบ,469,605,ประชาธิปัตย์,3
บัญชีรายชื่อ,7,เชียงใหม่,ไชยปราการ,แม่ทะลบ,470,578,ประชาธิปัตย์,3
บัญชีรายชื่อ,7,เชียงใหม่,ไชยปราการ,แม่ทะลบ,730,968,ประชาธิปัตย์,16
บัญชีรายชื่อ,7,เชียงใหม่,ไชยปราการ,แม่ทะลบ,535,684,ประชาธิปัตย์,0
บัญชีรายชื่อ,7,เชียงใหม่,ไชยปราการ,แม่ทะลบ,447,554,ประชาธิปัตย์,6
บัญชีรายชื่อ,7,เชียงใหม่,ไชยปราการ,แม่ทะลบ,363,460,ประชาธิปัตย์,1
บัญชีรายชื่อ,7,เชียงใหม่,ไชยปราการ,แม่ทะลบ,388,509,ประชาธิปัตย์,2
บัญชีรายชื่อ,7,เชียงใหม่,ไชยปราการ,แม่ทะลบ,410,537,ประชาธิปัตย์,5
บัญชีรายชื่อ,7,เชียงใหม่,,,800,800,ประชาธิปัตย์,3
บัญชีรายชื่อ,7,เชียงใหม่,,,799,800,ประชาธิปัตย์,2
บัญชีรายชื่อ,7,เชียงใหม่,,,800,800,ประชาธิปัตย์,6
บัญชีรายชื่อ,7,เชียงใหม่,,,800,800,ประชาธิปัตย์,6
บัญชีรายชื่อ,7,เชียงใหม่,,,800,800,ประชาธิปัตย์,3
บัญชีรายชื่อ,7,เชียงใหม่,,,800,800,ประชาธิปัตย์,2
บัญชีรายชื่อ,7,เชียงใหม่,,,800,800,ประชาธิปัตย์,2
บัญชีรายชื่อ,7,เชียงใหม่,,,482,482,ประชาธิปัตย์,3
บัญชีรายชื่อ,7,เชียงใหม่,ฝาง,สันทราย,307,385,พลังประชารัฐ,3
บัญชีรายชื่อ,7,เชียงใหม่,ฝาง,สันทราย,451,544,พลังประชารัฐ,3
บัญชีรายชื่อ,7,เชียงใหม่,ฝาง,สันทราย,521,636,พลังประชารัฐ,2
บัญชีรายชื่อ,7,เชียงใหม่,ฝาง,สันทราย,631,841,พลังประชารัฐ,3
บัญชีรายชื่อ,7,เชียงใหม่,ฝาง,สันทราย,258,335,พลังประชารัฐ,2
บัญชีรายชื่อ,7,เชียงใหม่,ฝาง,สันทราย,593,776,พลังประชารัฐ,0
บัญชีรายชื่อ,7,เชียงใหม่,ฝาง,สันทราย,500,616,พลังประชารัฐ,4
บัญชีรายชื่อ,7,เชียงใหม่,ฝาง,ม่อนปิ่น,0,0,พลังประชารัฐ,0
บัญชีรายชื่อ,7,เชียงใหม่,ฝาง,ม่อนปิ่น,719,935,พลังประชารัฐ,4
บัญชีรายชื่อ,7,เชียงใหม่,ฝาง,ม่อนปิ่น,542,756,พลังประชารัฐ,0
บัญชีรายชื่อ,7,เชียงใหม่,ฝาง,ม่อนปิ่น,363,467,พลังประชารัฐ,3
บัญชีรายชื่อ,7,เชียงใหม่,ฝาง,ม่อนปิ่น,190,234,พลังประชารัฐ,2
บัญชีรายชื่อ,7,เชียงใหม่,ฝาง,ม่อนปิ่น,390,482,พลังประชารัฐ,2
บัญชีรายชื่อ,7,เชียงใหม่,ฝาง,ม่อนปิ่น,671,996,พลังประชารัฐ,4
บัญชีรายชื่อ,7,เชียงใหม่,ฝาง,ม่อนปิ่น,370,470,พลังประชารัฐ,1
บัญชีรายชื่อ,7,เชียงใหม่,ฝาง,ม่อนปิ่น,484,640,พลังประชารัฐ,2
บัญชีรายชื่อ,7,เชียงใหม่,ฝาง,ม่อนปิ่น,142,177,พลังประชารัฐ,1
บัญชีรายชื่อ,7,เชียงใหม่,ฝาง,ม่อนปิ่น,559,862,พลังประชารัฐ,3
บัญชีรายชื่อ,7,เชียงใหม่,ฝาง,ม่อนปิ่น,318,418,พลังประชารัฐ,2
บัญชีรายชื่อ,7,เชียงใหม่,ฝาง,ม่อนปิ่น,229,303,พลังประชารัฐ,1
บัญชีรายชื่อ,7,เชียงใหม่,ฝาง,ม่อนปิ่น,274,354,พลังประชารัฐ,2
บัญชีรายชื่อ,7,เชียงใหม่,ฝาง,ม่อนปิ่น,717,971,พลังประชารัฐ,4
บัญชีรายชื่อ,7,เชียงใหม่,ฝาง,สันทราย,403,520,พลังประชารัฐ,3
บัญชีรายชื่อ,7,เชียงใหม่,ฝาง,สันทราย,310,399,พลังประชารัฐ,0
บัญชีรายชื่อ,7,เชียงใหม่,ฝาง,สันทราย,489,616,พลังประชารัฐ,2
บัญชีรายชื่อ,7,เชียงใหม่,ฝาง,สันทราย,189,221,พลังประชารัฐ,1
บัญชีรายชื่อ,7,เชียงใหม่,ฝาง,สันทราย,487,676,พลังประชารัฐ,0
บัญชีรายชื่อ,7,เชียงใหม่,ฝาง,สันทราย,315,406,พลังประชารัฐ,1
บัญชีรายชื่อ,7,เชียงใหม่,ฝาง,สันทราย,338,400,พลังประชารัฐ,1
บัญชีรายชื่อ,7,เชียงใหม่,ฝาง,สันทราย,493,646,พลังประชารัฐ,2
บัญชีรายชื่อ,7,เชียงใหม่,ฝาง,สันทราย,278,342,พลังประชารัฐ,2
บัญชีรายชื่อ,7,เชียงใหม่,ฝาง,สันทราย,320,416,พลังประชารัฐ,1
บัญชีรายชื่อ,7,เชียงใหม่,ฝาง,เวียง,501,733,พลังประชารัฐ,1
บัญชีรายชื่อ,7,เชียงใหม่,ฝาง,เวียง,430,609,พลังประชารัฐ,3
บัญชีรายชื่อ,7,เชียงใหม่,ฝาง,เวียง,624,933,พลังประชารัฐ,6
บัญชีรายชื่อ,7,เชียงใหม่,ฝาง,เวียง,640,917,พลังประชารัฐ,3
บัญชีรายชื่อ,7,เชียงใหม่,ฝาง,เวียง,723,1070,พลังประชารัฐ,6
บัญชีรายชื่อ,7,เชียงใหม่,ฝาง,เวียง,473,6636,พลังประชารัฐ,2
บัญชีรายชื่อ,7,เชียงใหม่,ฝาง,เวียง,344,464,พลังประชารัฐ,3
บัญชีรายชื่อ,7,เชียงใหม่,ฝาง,เวียง,234,462,พลังประชารัฐ,0
บัญชีรายชื่อ,7,เชียงใหม่,ฝาง,เวียง,264,360,พลังประชารัฐ,3
บัญชีรายชื่อ,7,เชียงใหม่,ฝาง,เวียง,624,862,พลังประชารัฐ,0
บัญชีรายชื่อ,7,เชียงใหม่,ฝาง,เวียง,625,907,พลังประชารัฐ,9
บัญชีรายชื่อ,7,เชียงใหม่,ฝาง,เวียง,389,499,พลังประชารัฐ,3
บัญชีรายชื่อ,7,เชียงใหม่,ฝาง,เวียง,549,724,พลังประชารัฐ,8
บัญชีรายชื่อ,7,เชียงใหม่,ฝาง,เวียง,191,285,พลังประชารัฐ,0
บัญชีรายชื่อ,7,เชียงใหม่,ฝาง,เวียง,453,610,พลังประชารัฐ,3
บัญชีรายชื่อ,7,เชียงใหม่,ฝาง,เวียง,359,483,พลังประชารัฐ,2
บัญชีรายชื่อ,7,เชียงใหม่,ฝาง,เวียง,371,463,พลังประชารัฐ,2
บัญชีรายชื่อ,7,เชียงใหม่,ฝาง,เวียง,318,448,พลังประชารัฐ,1
บัญชีรายชื่อ,7,เชียงใหม่,ฝาง,เวียง,458,608,พลังประชารัฐ,1
บัญชีรายชื่อ,7,เชียงใหม่,ฝาง,เวียง,425,576,พลังประชารัฐ,0
บัญชีรายชื่อ,7,เชียงใหม่,ฝาง,เวียง,414,582,พลังประชารัฐ,1
บัญชีรายชื่อ,7,เชียงใหม่,ฝาง,เวียง,608,793,พลังประชารัฐ,1
บัญชีรายชื่อ,7,เชียงใหม่,ฝาง,เวียง,555,706,พลังประชารัฐ,2
บัญชีรายชื่อ,7,เชียงใหม่,ฝาง,เวียง,501,631,พลังประชารัฐ,3
บัญชีรายชื่อ,7,เชียงใหม่,ฝาง,เวียง,169,226,พลังประชารัฐ,0
บัญชีรายชื่อ,7,เชียงใหม่,ฝาง,เวียง,265,469,พลังประชารัฐ,1
บัญชีรายชื่อ,7,เชียงใหม่,ฝาง,แม่ข่า,391,498,พลังประชารัฐ,1
บัญชีรายชื่อ,7,เชียงใหม่,ฝาง,แม่ข่า,419,541,พลังประชารัฐ,6
บัญชีรายชื่อ,7,เชียงใหม่,ฝาง,แม่ข่า,421,542,พลังประชารัฐ,0
บัญชีรายชื่อ,7,เชียงใหม่,ฝาง,แม่ข่า,335,425,พลังประชารัฐ,2
บัญชีรายชื่อ,7,เชียงใหม่,ฝาง,แม่ข่า,337,444,พลังประชารัฐ,6
บัญชีรายชื่อ,7,เชียงใหม่,ฝาง,แม่ข่า,287,373,พลังประชารัฐ,0
บัญชีรายชื่อ,7,เชียงใหม่,ฝาง,แม่ข่า,543,687,พลังประชารัฐ,4
บัญชีรายชื่อ,7,เชียงใหม่,ฝาง,แม่ข่า,358,479,พลังประชารัฐ,1
บัญชีรายชื่อ,7,เชียงใหม่,ฝาง,แม่ข่า,628,763,พลังประชารัฐ,1
บัญชีรายชื่อ,7,เชียงใหม่,ฝาง,แม่ข่า,367,494,พลังประชารัฐ,1
บัญชีรายชื่อ,7,เชียงใหม่,ฝาง,แม่ข่า,419,546,พลังประชารัฐ,3
บัญชีรายชื่อ,7,เชียงใหม่,ฝาง,แม่ข่า,278,339,พลังประชารัฐ,1
บัญชีรายชื่อ,7,เชียงใหม่,ฝาง,แม่ข่า,469,586,พลังประชารัฐ,1
บัญชีรายชื่อ,7,เชียงใหม่,ฝาง,แม่ข่า,295,370,พลังประชารัฐ,6
บัญชีรายชื่อ,7,เชียงใหม่,ฝาง,แม่คะ,523,683,พลังประชารัฐ,3
บัญชีรายชื่อ,7,เชียงใหม่,ฝาง,แม่คะ,472,682,พลังประชารัฐ,9
บัญชีรายชื่อ,7,เชียงใหม่,ฝาง,แม่คะ,403,482,พลังประชารัฐ,5
บัญชีรายชื่อ,7,เชียงใหม่,ฝาง,แม่คะ,441,580,พลังประชารัฐ,3
บัญชีรายชื่อ,7,เชียงใหม่,ฝาง,แม่คะ,215,251,พลังประชารัฐ,0
บัญชีรายชื่อ,7,เชียงใหม่,ฝาง,แม่คะ,265,321,พลังประชารัฐ,1
บัญชีรายชื่อ,7,เชียงใหม่,ฝาง,แม่คะ,444,710,พลังประชารัฐ,4
บัญชีรายชื่อ,7,เชียงใหม่,ฝาง,แม่คะ,213,287,พลังประชารัฐ,1
บัญชีรายชื่อ,7,เชียงใหม่,ฝาง,แม่คะ,584,728,พลังประชารัฐ,5
บัญชีรายชื่อ,7,เชียงใหม่,ฝาง,แม่คะ,242,329,พลังประชารัฐ,2
บัญชีรายชื่อ,7,เชียงใหม่,ฝาง,แม่คะ,350,512,พลังประชารัฐ,4
บัญชีรายชื่อ,7,เชียงใหม่,ฝาง,แม่คะ,563,722,พลังประชารัฐ,4
บัญชีรายชื่อ,7,เชียงใหม่,ฝาง,แม่คะ,636,1089,พลังประชารัฐ,1
บัญชีรายชื่อ,7,เชียงใหม่,ฝาง,แม่คะ,500,610,พลังประชารัฐ,3
บัญชีรายชื่อ,7,เชียงใหม่,ฝาง,แม่คะ,167,207,พลังประชารัฐ,0
บัญชีรายชื่อ,7,เชียงใหม่,ฝาง,แม่คะ,522,692,พลังประชารัฐ,13
บัญชีรายชื่อ,7,เชียงใหม่,ฝาง,แม่งอน,297,386,พลังประชารัฐ,0
บัญชีรายชื่อ,7,เชียงใหม่,ฝาง,แม่งอน,209,630,พลังประชารัฐ,1
บัญชีรายชื่อ,7,เชียงใหม่,ฝาง,แม่งอน,360,414,พลังประชารัฐ,2
บัญชีรายชื่อ,7,เชียงใหม่,ฝาง,แม่งอน,328,393,พลังประชารัฐ,2
บัญชีรายชื่อ,7,เชียงใหม่,ฝาง,แม่งอน,346,763,พลังประชารัฐ,1
บัญชีรายชื่อ,7,เชียงใหม่,ฝาง,แม่งอน,265,315,พลังประชารัฐ,0
บัญชีรายชื่อ,7,เชียงใหม่,ฝาง,แม่งอน,268,331,พลังประชารัฐ,0
บัญชีรายชื่อ,7,เชียงใหม่,ฝาง,แม่งอน,310,406,พลังประชารัฐ,2
บัญชีรายชื่อ,7,เชียงใหม่,ฝาง,แม่งอน,507,674,พลังประชารัฐ,3
บัญชีรายชื่อ,7,เชียงใหม่,ฝาง,แม่งอน,298,372,พลังประชารัฐ,1
บัญชีรายชื่อ,7,เชียงใหม่,ฝาง,แม่งอน,508,639,พลังประชารัฐ,3
บัญชีรายชื่อ,7,เชียงใหม่,ฝาง,แม่งอน,380,880,พลังประชารัฐ,4
บัญชีรายชื่อ,7,เชียงใหม่,ฝาง,แม่งอน,292,531,พลังประชารัฐ,3
บัญชีรายชื่อ,7,เชียงใหม่,ฝาง,แม่งอน,405,694,พลังประชารัฐ,2
บัญชีรายชื่อ,7,เชียงใหม่,ฝาง,แม่งอน,499,681,พลังประชารัฐ,4
บัญชีรายชื่อ,7,เชียงใหม่,ฝาง,แม่งอน,435,562,พลังประชารัฐ,3
บัญชีรายชื่อ,7,เชียงใหม่,ฝาง,แม่สูน,386,532,พลังประชารัฐ,3
บัญชีรายชื่อ,7,เชียงใหม่,ฝาง,แม่สูน,614,846,พลังประชารัฐ,2
บัญชีรายชื่อ,7,เชียงใหม่,ฝาง,แม่สูน,617,7999,พลังประชารัฐ,1
บัญชีรายชื่อ,7,เชียงใหม่,ฝาง,แม่สูน,396,530,พลังประชารัฐ,1
บัญชีรายชื่อ,7,เชียงใหม่,ฝาง,แม่สูน,295,373,พลังประชารัฐ,0
บัญชีรายชื่อ,7,เชียงใหม่,ฝาง,แม่สูน,264,347,พลังประชารัฐ,1
บัญชีรายชื่อ,7,เชียงใหม่,ฝาง,แม่สูน,367,488,พลังประชารัฐ,4
บัญชีรายชื่อ,7,เชียงใหม่,ฝาง,แม่สูน,308,382,พลังประชารัฐ,3
บัญชีรายชื่อ,7,เชียงใหม่,ฝาง,แม่สูน,308,365,พลังประชารัฐ,0
บัญชีรายชื่อ,7,เชียงใหม่,ฝาง,แม่สูน,284,377,พลังประชารัฐ,2
บัญชีรายชื่อ,7,เชียงใหม่,ฝาง,แม่สูน,407,593,พลังประชารัฐ,4
บัญชีรายชื่อ,7,เชียงใหม่,ฝาง,แม่สูน,469,579,พลังประชารัฐ,4
บัญชีรายชื่อ,7,เชียงใหม่,ฝาง,แม่สูน,725,1000,พลังประชารัฐ,1
บัญชีรายชื่อ,7,เชียงใหม่,ฝาง,แม่สูน,479,623,พลังประชารัฐ,1
บัญชีรายชื่อ,7,เชียงใหม่,ฝาง,แม่สูน,301,403,พลังประชารัฐ,0
บัญชีรายชื่อ,7,เชียงใหม่,ฝาง,แม่สูน,330,433,พลังประชารัฐ,2
บัญชีรายชื่อ,7,เชียงใหม่,ฝาง,แม่สูน,607,824,พลังประชารัฐ,2
บัญชีรายชื่อ,7,เชียงใหม่,ฝาง,แม่สูน,101,118,พลังประชารัฐ,0
บัญชีรายชื่อ,7,เชียงใหม่,ฝาง,โป่งน้ำร้อน,214,275,พลังประชารัฐ,0
บัญชีรายชื่อ,7,เชียงใหม่,ฝาง,โป่งน้ำร้อน,327,413,พลังประชารัฐ,1
บัญชีรายชื่อ,7,เชียงใหม่,ฝาง,โป่งน้ำร้อน,502,794,พลังประชารัฐ,1
บัญชีรายชื่อ,7,เชียงใหม่,ฝาง,โป่งน้ำร้อน,269,356,พลังประชารัฐ,3
บัญชีรายชื่อ,7,เชียงใหม่,ฝาง,โป่งน้ำร้อน,348,415,พลังประชารัฐ,0
บัญชีรายชื่อ,7,เชียงใหม่,ฝาง,โป่งน้ำร้อน,462,610,พลังประชารัฐ,0
บัญชีรายชื่อ,7,เชียงใหม่,ฝาง,โป่งน้ำร้อน,324,418,พลังประชารัฐ,4
บัญชีรายชื่อ,7,เชียงใหม่,แม่อาย,ท่าตอน,448,647,พลังประชารัฐ,2
บัญชีรายชื่อ,7,เชียงใหม่,แม่อาย,ท่าตอน,81,139,พลังประชารัฐ,1
บัญชีรายชื่อ,7,เชียงใหม่,แม่อาย,ท่าตอน,500,741,พลังประชารัฐ,1
บัญชีรายชื่อ,7,เชียงใหม่,แม่อาย,ท่าตอน,332,527,พลังประชารัฐ,2
บัญชีรายชื่อ,7,เชียงใหม่,แม่อาย,ท่าตอน,523,953,พลังประชารัฐ,4
บัญชีรายชื่อ,7,เชียงใหม่,แม่อาย,ท่าตอน,516,982,พลังประชารัฐ,3
บัญชีรายชื่อ,7,เชียงใหม่,แม่อาย,ท่าตอน,252,418,พลังประชารัฐ,1
บัญชีรายชื่อ,7,เชียงใหม่,แม่อาย,ท่าตอน,650,889,พลังประชารัฐ,5
บัญชีรายชื่อ,7,เชียงใหม่,แม่อาย,ท่าตอน,458,640,พลังประชารัฐ,0
บัญชีรายชื่อ,7,เชียงใหม่,แม่อาย,ท่าตอน,461,742,พลังประชารัฐ,5
บัญชีรายชื่อ,7,เชียงใหม่,แม่อาย,ท่าตอน,199,305,พลังประชารัฐ,2
บัญชีรายชื่อ,7,เชียงใหม่,แม่อาย,ท่าตอน,495,718,พลังประชารัฐ,1
บัญชีรายชื่อ,7,เชียงใหม่,แม่อาย,ท่าตอน,505,933,พลังประชารัฐ,3
บัญชีรายชื่อ,7,เชียงใหม่,แม่อาย,ท่าตอน,525,804,พลังประชารัฐ,3
บัญชีรายชื่อ,7,เชียงใหม่,แม่อาย,ท่าตอน,197,284,พลังประชารัฐ,2
บัญชีรายชื่อ,7,เชียงใหม่,แม่อาย,ท่าตอน,467,692,พลังประชารัฐ,3
บัญชีรายชื่อ,7,เชียงใหม่,แม่อาย,ท่าตอน,125,199,พลังประชารัฐ,0
บัญชีรายชื่อ,7,เชียงใหม่,แม่อาย,ท่าตอน,264,382,พลังประชารัฐ,1
บัญชีรายชื่อ,7,เชียงใหม่,แม่อาย,ท่าตอน,0,0,พลังประชารัฐ,0
บัญชีรายชื่อ,7,เชียงใหม่,แม่อาย,ท่าตอน,504,867,พลังประชารัฐ,2
บัญชีรายชื่อ,7,เชียงใหม่,แม่อาย,บ้านหลวง,364,597,พลังประชารัฐ,0
บัญชีรายชื่อ,7,เชียงใหม่,แม่อาย,บ้านหลวง,283,404,พลังประชารัฐ,1
บัญชีรายชื่อ,7,เชียงใหม่,แม่อาย,บ้านหลวง,254,353,พลังประชารัฐ,0
บัญชีรายชื่อ,7,เชียงใหม่,แม่อาย,บ้านหลวง,520,674,พลังประชารัฐ,4
บัญชีรายชื่อ,7,เชียงใหม่,แม่อาย,บ้านหลวง,339,454,พลังประชารัฐ,4
บัญชีรายชื่อ,7,เชียงใหม่,แม่อาย,บ้านหลวง,287,382,พลังประชารัฐ,0
บัญชีรายชื่อ,7,เชียงใหม่,แม่อาย,บ้านหลวง,647,837,พลังประชารัฐ,6
บัญชีรายชื่อ,7,เชียงใหม่,แม่อาย,บ้านหลวง,274,328,พลังประชารัฐ,0
บัญชีรายชื่อ,7,เชียงใหม่,แม่อาย,บ้านหลวง,161,206,พลังประชารัฐ,1
บัญชีรายชื่อ,7,เชียงใหม่,แม่อาย,บ้านหลวง,303,396,พลังประชารัฐ,0
บัญชีรายชื่อ,7,เชียงใหม่,แม่อาย,บ้านหลวง,141,170,พลังประชารัฐ,0
บัญชีรายชื่อ,7,เชียงใหม่,แม่อาย,บ้านหลวง,129,168,พลังประชารัฐ,0
บัญชีรายชื่อ,7,เชียงใหม่,แม่อาย,บ้านหลวง,195,253,พลังประชารัฐ,1
บัญชีรายชื่อ,7,เชียงใหม่,แม่อาย,มะลิกา,151,196,พลังประชารัฐ,0
บัญชีรายชื่อ,7,เชียงใหม่,แม่อาย,มะลิกา,169,239,พลังประชารัฐ,0
บัญชีรายชื่อ,7,เชียงใหม่,แม่อาย,มะลิกา,195,378,พลังประชารัฐ,2
บัญชีรายชื่อ,7,เชียงใหม่,แม่อาย,มะลิกา,226,394,พลังประชารัฐ,0
บัญชีรายชื่อ,7,เชียงใหม่,แม่อาย,มะลิกา,290,408,พลังประชารัฐ,0
บัญชีรายชื่อ,7,เชียงใหม่,แม่อาย,มะลิกา,274,396,พลังประชารัฐ,1
บัญชีรายชื่อ,7,เชียงใหม่,แม่อาย,มะลิกา,308,448,พลังประชารัฐ,2
บัญชีรายชื่อ,7,เชียงใหม่,แม่อาย,มะลิกา,188,235,พลังประชารัฐ,1
บัญชีรายชื่อ,7,เชียงใหม่,แม่อาย,มะลิกา,195,291,พลังประชารัฐ,1
บัญชีรายชื่อ,7,เชียงใหม่,แม่อาย,มะลิกา,151,196,พลังประชารัฐ,0
บัญชีรายชื่อ,7,เชียงใหม่,แม่อาย,สันต้นหมื้อ,434,567,พลังประชารัฐ,2
บัญชีรายชื่อ,7,เชียงใหม่,แม่อาย,สันต้นหมื้อ,215,242,พลังประชารัฐ,0
บัญชีรายชื่อ,7,เชียงใหม่,แม่อาย,สันต้นหมื้อ,211,288,พลังประชารัฐ,0
บัญชีรายชื่อ,7,เชียงใหม่,แม่อาย,สันต้นหมื้อ,216,271,พลังประชารัฐ,2
บัญชีรายชื่อ,7,เชียงใหม่,แม่อาย,สันต้นหมื้อ,318,416,พลังประชารัฐ,1
บัญชีรายชื่อ,7,เชียงใหม่,แม่อาย,สันต้นหมื้อ,317,442,พลังประชารัฐ,3
บัญชีรายชื่อ,7,เชียงใหม่,แม่อาย,สันต้นหมื้อ,340,429,พลังประชารัฐ,0
บัญชีรายชื่อ,7,เชียงใหม่,แม่อาย,สันต้นหมื้อ,379,520,พลังประชารัฐ,2
บัญชีรายชื่อ,7,เชียงใหม่,แม่อาย,สันต้นหมื้อ,539,740,พลังประชารัฐ,2
บัญชีรายชื่อ,7,เชียงใหม่,แม่อาย,สันต้นหมื้อ,171,226,พลังประชารัฐ,0
บัญชีรายชื่อ,7,เชียงใหม่,แม่อาย,สันต้นหมื้อ,310,412,พลังประชารัฐ,1
บัญชีรายชื่อ,7,เชียงใหม่,แม่อาย,สันต้นหมื้อ,170,230,พลังประชารัฐ,0
บัญชีรายชื่อ,7,เชียงใหม่,แม่อาย,แม่นาวาง,287,404,พลังประชารัฐ,1
บัญชีรายชื่อ,7,เชียงใหม่,แม่อาย,แม่นาวาง,462,522,พลังประชารัฐ,0
บัญชีรายชื่อ,7,เชียงใหม่,แม่อาย,แม่นาวาง,212,287,พลังประชารัฐ,0
บัญชีรายชื่อ,7,เชียงใหม่,แม่อาย,แม่นาวาง,270,361,พลังประชารัฐ,2
บัญชีรายชื่อ,7,เชียงใหม่,แม่อาย,แม่นาวาง,406,530,พลังประชารัฐ,3
บัญชีรายชื่อ,7,เชียงใหม่,แม่อาย,แม่นาวาง,222,288,พลังประชารัฐ,0
บัญชีรายชื่อ,7,เชียงใหม่,แม่อาย,แม่นาวาง,520,782,พลังประชารัฐ,0
บัญชีรายชื่อ,7,เชียงใหม่,แม่อาย,แม่นาวาง,262,355,พลังประชารัฐ,3
บัญชีรายชื่อ,7,เชียงใหม่,แม่อาย,แม่นาวาง,412,577,พลังประชารัฐ,0
บัญชีรายชื่อ,7,เชียงใหม่,แม่อาย,แม่นาวาง,302,421,พลังประชารัฐ,2
บัญชีรายชื่อ,7,เชียงใหม่,แม่อาย,แม่นาวาง,336,445,พลังประชารัฐ,0
บัญชีรายชื่อ,7,เชียงใหม่,แม่อาย,แม่นาวาง,418,556,พลังประชารัฐ,1
บัญชีรายชื่อ,7,เชียงใหม่,แม่อาย,แม่นาวาง,327,441,พลังประชารัฐ,1
บัญชีรายชื่อ,7,เชียงใหม่,แม่อาย,แม่นาวาง,194,275,พลังประชารัฐ,1
บัญชีรายชื่อ,7,เชียงใหม่,แม่อาย,แม่นาวาง,387,501,พลังประชารัฐ,4
บัญชีรายชื่อ,7,เชียงใหม่,แม่อาย,แม่นาวาง,557,763,พลังประชารัฐ,0
บัญชีรายชื่อ,7,เชียงใหม่,แม่อาย,แม่นาวาง,418,519,พลังประชารัฐ,2
บัญชีรายชื่อ,7,เชียงใหม่,แม่อาย,แม่นาวาง,527,752,พลังประชารัฐ,2
บัญชีรายชื่อ,7,เชียงใหม่,แม่อาย,แม่นาวาง,656,901,พลังประชารัฐ,11
บัญชีรายชื่อ,7,เชียงใหม่,แม่อาย,แม่นาวาง,131,167,พลังประชารัฐ,8
บัญชีรายชื่อ,7,เชียงใหม่,แม่อาย,แม่สาว,255,375,พลังประชารัฐ,0
บัญชีรายชื่อ,7,เชียงใหม่,แม่อาย,แม่สาว,520,726,พลังประชารัฐ,0
บัญชีรายชื่อ,7,เชียงใหม่,แม่อาย,แม่สาว,428,537,พลังประชารัฐ,3
บัญชีรายชื่อ,7,เชียงใหม่,แม่อาย,แม่สาว,163,202,พลังประชารัฐ,0
บัญชีรายชื่อ,7,เชียงใหม่,แม่อาย,แม่สาว,244,307,พลังประชารัฐ,0
บัญชีรายชื่อ,7,เชียงใหม่,แม่อาย,แม่สาว,370,463,พลังประชารัฐ,0
บัญชีรายชื่อ,7,เชียงใหม่,แม่อาย,แม่สาว,638,926,พลังประชารัฐ,4
บัญชีรายชื่อ,7,เชียงใหม่,แม่อาย,แม่สาว,283,397,พลังประชารัฐ,0
บัญชีรายชื่อ,7,เชียงใหม่,แม่อาย,แม่สาว,285,345,พลังประชารัฐ,6
บัญชีรายชื่อ,7,เชียงใหม่,แม่อาย,แม่สาว,433,560,พลังประชารัฐ,1
บัญชีรายชื่อ,7,เชียงใหม่,แม่อาย,แม่สาว,383,458,พลังประชารัฐ,0
บัญชีรายชื่อ,7,เชียงใหม่,แม่อาย,แม่สาว,226,342,พลังประชารัฐ,0
บัญชีรายชื่อ,7,เชียงใหม่,แม่อาย,แม่สาว,414,540,พลังประชารัฐ,1
บัญชีรายชื่อ,7,เชียงใหม่,แม่อาย,แม่สาว,698,926,พลังประชารัฐ,7
บัญชีรายชื่อ,7,เชียงใหม่,แม่อาย,แม่สาว,236,292,พลังประชารัฐ,1
บัญชีรายชื่อ,7,เชียงใหม่,แม่อาย,แม่สาว,346,436,พลังประชารัฐ,2
บัญชีรายชื่อ,7,เชียงใหม่,แม่อาย,แม่สาว,153,199,พลังประชารัฐ,2
บัญชีรายชื่อ,7,เชียงใหม่,แม่อาย,แม่อาย,427,565,พลังประชารัฐ,0
บัญชีรายชื่อ,7,เชียงใหม่,แม่อาย,แม่อาย,262,363,พลังประชารัฐ,0
บัญชีรายชื่อ,7,เชียงใหม่,แม่อาย,แม่อาย,210,250,พลังประชารัฐ,0
บัญชีรายชื่อ,7,เชียงใหม่,แม่อาย,แม่อาย,238,328,พลังประชารัฐ,1
บัญชีรายชื่อ,7,เชียงใหม่,แม่อาย,แม่อาย,316,438,พลังประชารัฐ,0
บัญชีรายชื่อ,7,เชียงใหม่,แม่อาย,แม่อาย,250,368,พลังประชารัฐ,1
บัญชีรายชื่อ,7,เชียงใหม่,แม่อาย,แม่อาย,256,373,พลังประชารัฐ,2
บัญชีรายชื่อ,7,เชียงใหม่,แม่อาย,แม่อาย,287,374,พลังประชารัฐ,0
บัญชีรายชื่อ,7,เชียงใหม่,แม่อาย,แม่อาย,257,300,พลังประชารัฐ,3
บัญชีรายชื่อ,7,เชียงใหม่,แม่อาย,แม่อาย,467,612,พลังประชารัฐ,1
บัญชีรายชื่อ,7,เชียงใหม่,แม่อาย,แม่อาย,460,697,พลังประชารัฐ,2
บัญชีรายชื่อ,7,เชียงใหม่,แม่อาย,แม่อาย,201,258,พลังประชารัฐ,1
บัญชีรายชื่อ,7,เชียงใหม่,แม่อาย,แม่อาย,333,555,พลังประชารัฐ,2
บัญชีรายชื่อ,7,เชียงใหม่,แม่อาย,แม่อาย,233,335,พลังประชารัฐ,4
บัญชีรายชื่อ,7,เชียงใหม่,แม่อาย,แม่อาย,473,592,พลังประชารัฐ,1
บัญชีรายชื่อ,7,เชียงใหม่,แม่อาย,แม่อาย,120,167,พลังประชารัฐ,1
บัญชีรายชื่อ,7,เชียงใหม่,ไชยปราการ,ปงตำ,743,1004,พลังประชารัฐ,4
บัญชีรายชื่อ,7,เชียงใหม่,ไชยปราการ,ปงตำ,692,1011,พลังประชารัฐ,2
บัญชีรายชื่อ,7,เชียงใหม่,ไชยปราการ,ปงตำ,752,1018,พลังประชารัฐ,5
บัญชีรายชื่อ,7,เชียงใหม่,ไชยปราการ,ปงตำ,578,749,พลังประชารัฐ,2
บัญชีรายชื่อ,7,เชียงใหม่,ไชยปราการ,ปงตำ,242,333,พลังประชารัฐ,0
บัญชีรายชื่อ,7,เชียงใหม่,ไชยปราการ,ปงตำ,379,479,พลังประชารัฐ,2
บัญชีรายชื่อ,7,เชียงใหม่,ไชยปราการ,ปงตำ,517,674,พลังประชารัฐ,4
บัญชีรายชื่อ,7,เชียงใหม่,ไชยปราการ,ปงตำ,411,608,พลังประชารัฐ,7
บัญชีรายชื่อ,7,เชียงใหม่,ไชยปราการ,ปงตำ,135,186,พลังประชารัฐ,1
บัญชีรายชื่อ,7,เชียงใหม่,ไชยปราการ,แม่ทะลบ,529,657,พลังประชารัฐ,2
บัญชีรายชื่อ,7,เชียงใหม่,ไชยปราการ,แม่ทะลบ,469,605,พลังประชารัฐ,0
บัญชีรายชื่อ,7,เชียงใหม่,ไชยปราการ,แม่ทะลบ,470,578,พลังประชารัฐ,1
บัญชีรายชื่อ,7,เชียงใหม่,ไชยปราการ,แม่ทะลบ,730,968,พลังประชารัฐ,5
บัญชีรายชื่อ,7,เชียงใหม่,ไชยปราการ,แม่ทะลบ,535,684,พลังประชารัฐ,2
บัญชีรายชื่อ,7,เชียงใหม่,ไชยปราการ,แม่ทะลบ,447,554,พลังประชารัฐ,0
บัญชีรายชื่อ,7,เชียงใหม่,ไชยปราการ,แม่ทะลบ,363,460,พลังประชารัฐ,0
บัญชีรายชื่อ,7,เชียงใหม่,ไชยปราการ,แม่ทะลบ,388,509,พลังประชารัฐ,1
บัญชีรายชื่อ,7,เชียงใหม่,ไชยปราการ,แม่ทะลบ,410,537,พลังประชารัฐ,6
บัญชีรายชื่อ,7,เชียงใหม่,,,800,800,พลังประชารัฐ,1
บัญชีรายชื่อ,7,เชียงใหม่,,,799,800,พลังประชารัฐ,3
บัญชีรายชื่อ,7,เชียงใหม่,,,800,800,พลังประชารัฐ,1
บัญชีรายชื่อ,7,เชียงใหม่,,,800,800,พลังประชารัฐ,2
บัญชีรายชื่อ,7,เชียงใหม่,,,800,800,พลังประชารัฐ,1
บัญชีรายชื่อ,7,เชียงใหม่,,,800,800,พลังประชารัฐ,2
บัญชีรายชื่อ,7,เชียงใหม่,,,800,800,พลังประชารัฐ,1
บัญชีรายชื่อ,7,เชียงใหม่,,,482,482,พลังประชารัฐ,1
บัญชีรายชื่อ,7,เชียงใหม่,ฝาง,สันทราย,307,385,ภูมิใจไทย,5
บัญชีรายชื่อ,7,เชียงใหม่,ฝาง,สันทราย,451,544,ภูมิใจไทย,5
บัญชีรายชื่อ,7,เชียงใหม่,ฝาง,สันทราย,521,636,ภูมิใจไทย,5
บัญชีรายชื่อ,7,เชียงใหม่,ฝาง,สันทราย,631,841,ภูมิใจไทย,19
บัญชีรายชื่อ,7,เชียงใหม่,ฝาง,สันทราย,258,335,ภูมิใจไทย,7
บัญชีรายชื่อ,7,เชียงใหม่,ฝาง,สันทราย,593,776,ภูมิใจไทย,7
บัญชีรายชื่อ,7,เชียงใหม่,ฝาง,สันทราย,500,616,ภูมิใจไทย,12
บัญชีรายชื่อ,7,เชียงใหม่,ฝาง,ม่อนปิ่น,0,0,ภูมิใจไทย,0
บัญชีรายชื่อ,7,เชียงใหม่,ฝาง,ม่อนปิ่น,719,935,ภูมิใจไทย,11
บัญชีรายชื่อ,7,เชียงใหม่,ฝาง,ม่อนปิ่น,542,756,ภูมิใจไทย,28
บัญชีรายชื่อ,7,เชียงใหม่,ฝาง,ม่อนปิ่น,363,467,ภูมิใจไทย,4
บัญชีรายชื่อ,7,เชียงใหม่,ฝาง,ม่อนปิ่น,190,234,ภูมิใจไทย,1
บัญชีรายชื่อ,7,เชียงใหม่,ฝาง,ม่อนปิ่น,390,482,ภูมิใจไทย,22
บัญชีรายชื่อ,7,เชียงใหม่,ฝาง,ม่อนปิ่น,671,996,ภูมิใจไทย,12
บัญชีรายชื่อ,7,เชียงใหม่,ฝาง,ม่อนปิ่น,370,470,ภูมิใจไทย,2
บัญชีรายชื่อ,7,เชียงใหม่,ฝาง,ม่อนปิ่น,484,640,ภูมิใจไทย,2
บัญชีรายชื่อ,7,เชียงใหม่,ฝาง,ม่อนปิ่น,142,177,ภูมิใจไทย,1
บัญชีรายชื่อ,7,เชียงใหม่,ฝาง,ม่อนปิ่น,559,862,ภูมิใจไทย,5
บัญชีรายชื่อ,7,เชียงใหม่,ฝาง,ม่อนปิ่น,318,418,ภูมิใจไทย,4
บัญชีรายชื่อ,7,เชียงใหม่,ฝาง,ม่อนปิ่น,229,303,ภูมิใจไทย,4
บัญชีรายชื่อ,7,เชียงใหม่,ฝาง,ม่อนปิ่น,274,354,ภูมิใจไทย,5
บัญชีรายชื่อ,7,เชียงใหม่,ฝาง,ม่อนปิ่น,717,971,ภูมิใจไทย,8
บัญชีรายชื่อ,7,เชียงใหม่,ฝาง,สันทราย,403,520,ภูมิใจไทย,9
บัญชีรายชื่อ,7,เชียงใหม่,ฝาง,สันทราย,310,399,ภูมิใจไทย,3
บัญชีรายชื่อ,7,เชียงใหม่,ฝาง,สันทราย,489,616,ภูมิใจไทย,6
บัญชีรายชื่อ,7,เชียงใหม่,ฝาง,สันทราย,189,221,ภูมิใจไทย,3
บัญชีรายชื่อ,7,เชียงใหม่,ฝาง,สันทราย,487,676,ภูมิใจไทย,4
บัญชีรายชื่อ,7,เชียงใหม่,ฝาง,สันทราย,315,406,ภูมิใจไทย,3
บัญชีรายชื่อ,7,เชียงใหม่,ฝาง,สันทราย,338,400,ภูมิใจไทย,3
บัญชีรายชื่อ,7,เชียงใหม่,ฝาง,สันทราย,493,646,ภูมิใจไทย,2
บัญชีรายชื่อ,7,เชียงใหม่,ฝาง,สันทราย,278,342,ภูมิใจไทย,3
บัญชีรายชื่อ,7,เชียงใหม่,ฝาง,สันทราย,320,416,ภูมิใจไทย,6
บัญชีรายชื่อ,7,เชียงใหม่,ฝาง,เวียง,501,733,ภูมิใจไทย,4
บัญชีรายชื่อ,7,เชียงใหม่,ฝาง,เวียง,430,609,ภูมิใจไทย,3
บัญชีรายชื่อ,7,เชียงใหม่,ฝาง,เวียง,624,933,ภูมิใจไทย,8
บัญชีรายชื่อ,7,เชียงใหม่,ฝาง,เวียง,640,917,ภูมิใจไทย,5
บัญชีรายชื่อ,7,เชียงใหม่,ฝาง,เวียง,723,1070,ภูมิใจไทย,4
บัญชีรายชื่อ,7,เชียงใหม่,ฝาง,เวียง,473,6636,ภูมิใจไทย,1
บัญชีรายชื่อ,7,เชียงใหม่,ฝาง,เวียง,344,464,ภูมิใจไทย,3
บัญชีรายชื่อ,7,เชียงใหม่,ฝาง,เวียง,234,462,ภูมิใจไทย,4
บัญชีรายชื่อ,7,เชียงใหม่,ฝาง,เวียง,264,360,ภูมิใจไทย,5
บัญชีรายชื่อ,7,เชียงใหม่,ฝาง,เวียง,624,862,ภูมิใจไทย,10
บัญชีรายชื่อ,7,เชียงใหม่,ฝาง,เวียง,625,907,ภูมิใจไทย,11
บัญชีรายชื่อ,7,เชียงใหม่,ฝาง,เวียง,389,499,ภูมิใจไทย,5
บัญชีรายชื่อ,7,เชียงใหม่,ฝาง,เวียง,549,724,ภูมิใจไทย,12
บัญชีรายชื่อ,7,เชียงใหม่,ฝาง,เวียง,191,285,ภูมิใจไทย,3
บัญชีรายชื่อ,7,เชียงใหม่,ฝาง,เวียง,453,610,ภูมิใจไทย,4
บัญชีรายชื่อ,7,เชียงใหม่,ฝาง,เวียง,359,483,ภูมิใจไทย,13
บัญชีรายชื่อ,7,เชียงใหม่,ฝาง,เวียง,371,463,ภูมิใจไทย,3
บัญชีรายชื่อ,7,เชียงใหม่,ฝาง,เวียง,318,448,ภูมิใจไทย,4
บัญชีรายชื่อ,7,เชียงใหม่,ฝาง,เวียง,458,608,ภูมิใจไทย,4
บัญชีรายชื่อ,7,เชียงใหม่,ฝาง,เวียง,425,576,ภูมิใจไทย,9
บัญชีรายชื่อ,7,เชียงใหม่,ฝาง,เวียง,414,582,ภูมิใจไทย,1
บัญชีรายชื่อ,7,เชียงใหม่,ฝาง,เวียง,608,793,ภูมิใจไทย,9
บัญชีรายชื่อ,7,เชียงใหม่,ฝาง,เวียง,555,706,ภูมิใจไทย,6
บัญชีรายชื่อ,7,เชียงใหม่,ฝาง,เวียง,501,631,ภูมิใจไทย,8
บัญชีรายชื่อ,7,เชียงใหม่,ฝาง,เวียง,169,226,ภูมิใจไทย,1
บัญชีรายชื่อ,7,เชียงใหม่,ฝาง,เวียง,265,469,ภูมิใจไทย,3
บัญชีรายชื่อ,7,เชียงใหม่,ฝาง,แม่ข่า,391,498,ภูมิใจไทย,6
บัญชีรายชื่อ,7,เชียงใหม่,ฝาง,แม่ข่า,419,541,ภูมิใจไทย,1
บัญชีรายชื่อ,7,เชียงใหม่,ฝาง,แม่ข่า,421,542,ภูมิใจไทย,4
บัญชีรายชื่อ,7,เชียงใหม่,ฝาง,แม่ข่า,335,425,ภูมิใจไทย,10
บัญชีรายชื่อ,7,เชียงใหม่,ฝาง,แม่ข่า,337,444,ภูมิใจไทย,7
บัญชีรายชื่อ,7,เชียงใหม่,ฝาง,แม่ข่า,287,373,ภูมิใจไทย,5
บัญชีรายชื่อ,7,เชียงใหม่,ฝาง,แม่ข่า,543,687,ภูมิใจไทย,12
บัญชีรายชื่อ,7,เชียงใหม่,ฝาง,แม่ข่า,358,479,ภูมิใจไทย,7
บัญชีรายชื่อ,7,เชียงใหม่,ฝาง,แม่ข่า,628,763,ภูมิใจไทย,17
บัญชีรายชื่อ,7,เชียงใหม่,ฝาง,แม่ข่า,367,494,ภูมิใจไทย,3
บัญชีรายชื่อ,7,เชียงใหม่,ฝาง,แม่ข่า,419,546,ภูมิใจไทย,4
บัญชีรายชื่อ,7,เชียงใหม่,ฝาง,แม่ข่า,278,339,ภูมิใจไทย,9
บัญชีรายชื่อ,7,เชียงใหม่,ฝาง,แม่ข่า,469,586,ภูมิใจไทย,12
บัญชีรายชื่อ,7,เชียงใหม่,ฝาง,แม่ข่า,295,370,ภูมิใจไทย,6
บัญชีรายชื่อ,7,เชียงใหม่,ฝาง,แม่คะ,523,683,ภูมิใจไทย,9
บัญชีรายชื่อ,7,เชียงใหม่,ฝาง,แม่คะ,472,682,ภูมิใจไทย,3
บัญชีรายชื่อ,7,เชียงใหม่,ฝาง,แม่คะ,403,482,ภูมิใจไทย,4
บัญชีรายชื่อ,7,เชียงใหม่,ฝาง,แม่คะ,441,580,ภูมิใจไทย,11
บัญชีรายชื่อ,7,เชียงใหม่,ฝาง,แม่คะ,215,251,ภูมิใจไทย,3
บัญชีรายชื่อ,7,เชียงใหม่,ฝาง,แม่คะ,265,321,ภูมิใจไทย,3
บัญชีรายชื่อ,7,เชียงใหม่,ฝาง,แม่คะ,444,710,ภูมิใจไทย,12
บัญชีรายชื่อ,7,เชียงใหม่,ฝาง,แม่คะ,213,287,ภูมิใจไทย,6
บัญชีรายชื่อ,7,เชียงใหม่,ฝาง,แม่คะ,584,728,ภูมิใจไทย,6
บัญชีรายชื่อ,7,เชียงใหม่,ฝาง,แม่คะ,242,329,ภูมิใจไทย,4
บัญชีรายชื่อ,7,เชียงใหม่,ฝาง,แม่คะ,350,512,ภูมิใจไทย,4
บัญชีรายชื่อ,7,เชียงใหม่,ฝาง,แม่คะ,563,722,ภูมิใจไทย,5
บัญชีรายชื่อ,7,เชียงใหม่,ฝาง,แม่คะ,636,1089,ภูมิใจไทย,22
บัญชีรายชื่อ,7,เชียงใหม่,ฝาง,แม่คะ,500,610,ภูมิใจไทย,4
บัญชีรายชื่อ,7,เชียงใหม่,ฝาง,แม่คะ,167,207,ภูมิใจไทย,2
บัญชีรายชื่อ,7,เชียงใหม่,ฝาง,แม่คะ,522,692,ภูมิใจไทย,5
บัญชีรายชื่อ,7,เชียงใหม่,ฝาง,แม่งอน,297,386,ภูมิใจไทย,6
บัญชีรายชื่อ,7,เชียงใหม่,ฝาง,แม่งอน,209,630,ภูมิใจไทย,5
บัญชีรายชื่อ,7,เชียงใหม่,ฝาง,แม่งอน,360,414,ภูมิใจไทย,11
บัญชีรายชื่อ,7,เชียงใหม่,ฝาง,แม่งอน,328,393,ภูมิใจไทย,8
บัญชีรายชื่อ,7,เชียงใหม่,ฝาง,แม่งอน,346,763,ภูมิใจไทย,2
บัญชีรายชื่อ,7,เชียงใหม่,ฝาง,แม่งอน,265,315,ภูมิใจไทย,9
บัญชีรายชื่อ,7,เชียงใหม่,ฝาง,แม่งอน,268,331,ภูมิใจไทย,1
บัญชีรายชื่อ,7,เชียงใหม่,ฝาง,แม่งอน,310,406,ภูมิใจไทย,6
บัญชีรายชื่อ,7,เชียงใหม่,ฝาง,แม่งอน,507,674,ภูมิใจไทย,8
บัญชีรายชื่อ,7,เชียงใหม่,ฝาง,แม่งอน,298,372,ภูมิใจไทย,4
บัญชีรายชื่อ,7,เชียงใหม่,ฝาง,แม่งอน,508,639,ภูมิใจไทย,14
บัญชีรายชื่อ,7,เชียงใหม่,ฝาง,แม่งอน,380,880,ภูมิใจไทย,5
บัญชีรายชื่อ,7,เชียงใหม่,ฝาง,แม่งอน,292,531,ภูมิใจไทย,9
บัญชีรายชื่อ,7,เชียงใหม่,ฝาง,แม่งอน,405,694,ภูมิใจไทย,7
บัญชีรายชื่อ,7,เชียงใหม่,ฝาง,แม่งอน,499,681,ภูมิใจไทย,7
บัญชีรายชื่อ,7,เชียงใหม่,ฝาง,แม่งอน,435,562,ภูมิใจไทย,5
บัญชีรายชื่อ,7,เชียงใหม่,ฝาง,แม่สูน,386,532,ภูมิใจไทย,5
บัญชีรายชื่อ,7,เชียงใหม่,ฝาง,แม่สูน,614,846,ภูมิใจไทย,8
บัญชีรายชื่อ,7,เชียงใหม่,ฝาง,แม่สูน,617,7999,ภูมิใจไทย,11
บัญชีรายชื่อ,7,เชียงใหม่,ฝาง,แม่สูน,396,530,ภูมิใจไทย,1
บัญชีรายชื่อ,7,เชียงใหม่,ฝาง,แม่สูน,295,373,ภูมิใจไทย,1
บัญชีรายชื่อ,7,เชียงใหม่,ฝาง,แม่สูน,264,347,ภูมิใจไทย,5
บัญชีรายชื่อ,7,เชียงใหม่,ฝาง,แม่สูน,367,488,ภูมิใจไทย,5
บัญชีรายชื่อ,7,เชียงใหม่,ฝาง,แม่สูน,308,382,ภูมิใจไทย,6
บัญชีรายชื่อ,7,เชียงใหม่,ฝาง,แม่สูน,308,365,ภูมิใจไทย,2
บัญชีรายชื่อ,7,เชียงใหม่,ฝาง,แม่สูน,284,377,ภูมิใจไทย,7
บัญชีรายชื่อ,7,เชียงใหม่,ฝาง,แม่สูน,407,593,ภูมิใจไทย,10
บัญชีรายชื่อ,7,เชียงใหม่,ฝาง,แม่สูน,469,579,ภูมิใจไทย,3
บัญชีรายชื่อ,7,เชียงใหม่,ฝาง,แม่สูน,725,1000,ภูมิใจไทย,15
บัญชีรายชื่อ,7,เชียงใหม่,ฝาง,แม่สูน,479,623,ภูมิใจไทย,11
บัญชีรายชื่อ,7,เชียงใหม่,ฝาง,แม่สูน,301,403,ภูมิใจไทย,5
บัญชีรายชื่อ,7,เชียงใหม่,ฝาง,แม่สูน,330,433,ภูมิใจไทย,4
บัญชีรายชื่อ,7,เชียงใหม่,ฝาง,แม่สูน,607,824,ภูมิใจไทย,7
บัญชีรายชื่อ,7,เชียงใหม่,ฝาง,แม่สูน,101,118,ภูมิใจไทย,1
บัญชีรายชื่อ,7,เชียงใหม่,ฝาง,โป่งน้ำร้อน,214,275,ภูมิใจไทย,1
บัญชีรายชื่อ,7,เชียงใหม่,ฝาง,โป่งน้ำร้อน,327,413,ภูมิใจไทย,3
บัญชีรายชื่อ,7,เชียงใหม่,ฝาง,โป่งน้ำร้อน,502,794,ภูมิใจไทย,10
บัญชีรายชื่อ,7,เชียงใหม่,ฝาง,โป่งน้ำร้อน,269,356,ภูมิใจไทย,2
บัญชีรายชื่อ,7,เชียงใหม่,ฝาง,โป่งน้ำร้อน,348,415,ภูมิใจไทย,9
บัญชีรายชื่อ,7,เชียงใหม่,ฝาง,โป่งน้ำร้อน,462,610,ภูมิใจไทย,12
บัญชีรายชื่อ,7,เชียงใหม่,ฝาง,โป่งน้ำร้อน,324,418,ภูมิใจไทย,4
บัญชีรายชื่อ,7,เชียงใหม่,แม่อาย,ท่าตอน,448,647,ภูมิใจไทย,8
บัญชีรายชื่อ,7,เชียงใหม่,แม่อาย,ท่าตอน,81,139,ภูมิใจไทย,1
บัญชีรายชื่อ,7,เชียงใหม่,แม่อาย,ท่าตอน,500,741,ภูมิใจไทย,7
บัญชีรายชื่อ,7,เชียงใหม่,แม่อาย,ท่าตอน,332,527,ภูมิใจไทย,4
บัญชีรายชื่อ,7,เชียงใหม่,แม่อาย,ท่าตอน,523,953,ภูมิใจไทย,8
บัญชีรายชื่อ,7,เชียงใหม่,แม่อาย,ท่าตอน,516,982,ภูมิใจไทย,9
บัญชีรายชื่อ,7,เชียงใหม่,แม่อาย,ท่าตอน,252,418,ภูมิใจไทย,2
บัญชีรายชื่อ,7,เชียงใหม่,แม่อาย,ท่าตอน,650,889,ภูมิใจไทย,10
บัญชีรายชื่อ,7,เชียงใหม่,แม่อาย,ท่าตอน,458,640,ภูมิใจไทย,7
บัญชีรายชื่อ,7,เชียงใหม่,แม่อาย,ท่าตอน,461,742,ภูมิใจไทย,12
บัญชีรายชื่อ,7,เชียงใหม่,แม่อาย,ท่าตอน,199,305,ภูมิใจไทย,3
บัญชีรายชื่อ,7,เชียงใหม่,แม่อาย,ท่าตอน,495,718,ภูมิใจไทย,6
บัญชีรายชื่อ,7,เชียงใหม่,แม่อาย,ท่าตอน,505,933,ภูมิใจไทย,9
บัญชีรายชื่อ,7,เชียงใหม่,แม่อาย,ท่าตอน,525,804,ภูมิใจไทย,7
บัญชีรายชื่อ,7,เชียงใหม่,แม่อาย,ท่าตอน,197,284,ภูมิใจไทย,1
บัญชีรายชื่อ,7,เชียงใหม่,แม่อาย,ท่าตอน,467,692,ภูมิใจไทย,9
บัญชีรายชื่อ,7,เชียงใหม่,แม่อาย,ท่าตอน,125,199,ภูมิใจไทย,2
บัญชีรายชื่อ,7,เชียงใหม่,แม่อาย,ท่าตอน,264,382,ภูมิใจไทย,2
บัญชีรายชื่อ,7,เชียงใหม่,แม่อาย,ท่าตอน,0,0,ภูมิใจไทย,0
บัญชีรายชื่อ,7,เชียงใหม่,แม่อาย,ท่าตอน,504,867,ภูมิใจไทย,14
บัญชีรายชื่อ,7,เชียงใหม่,แม่อาย,บ้านหลวง,364,597,ภูมิใจไทย,8
บัญชีรายชื่อ,7,เชียงใหม่,แม่อาย,บ้านหลวง,283,404,ภูมิใจไทย,4
บัญชีรายชื่อ,7,เชียงใหม่,แม่อาย,บ้านหลวง,254,353,ภูมิใจไทย,6
บัญชีรายชื่อ,7,เชียงใหม่,แม่อาย,บ้านหลวง,520,674,ภูมิใจไทย,14
บัญชีรายชื่อ,7,เชียงใหม่,แม่อาย,บ้านหลวง,339,454,ภูมิใจไทย,9
บัญชีรายชื่อ,7,เชียงใหม่,แม่อาย,บ้านหลวง,287,382,ภูมิใจไทย,4
บัญชีรายชื่อ,7,เชียงใหม่,แม่อาย,บ้านหลวง,647,837,ภูมิใจไทย,19
บัญชีรายชื่อ,7,เชียงใหม่,แม่อาย,บ้านหลวง,274,328,ภูมิใจไทย,6
บัญชีรายชื่อ,7,เชียงใหม่,แม่อาย,บ้านหลวง,161,206,ภูมิใจไทย,4
บัญชีรายชื่อ,7,เชียงใหม่,แม่อาย,บ้านหลวง,303,396,ภูมิใจไทย,5
บัญชีรายชื่อ,7,เชียงใหม่,แม่อาย,บ้านหลวง,141,170,ภูมิใจไทย,1
บัญชีรายชื่อ,7,เชียงใหม่,แม่อาย,บ้านหลวง,129,168,ภูมิใจไทย,2
บัญชีรายชื่อ,7,เชียงใหม่,แม่อาย,บ้านหลวง,195,253,ภูมิใจไทย,5
บัญชีรายชื่อ,7,เชียงใหม่,แม่อาย,มะลิกา,151,196,ภูมิใจไทย,2
บัญชีรายชื่อ,7,เชียงใหม่,แม่อาย,มะลิกา,169,239,ภูมิใจไทย,2
บัญชีรายชื่อ,7,เชียงใหม่,แม่อาย,มะลิกา,195,378,ภูมิใจไทย,7
บัญชีรายชื่อ,7,เชียงใหม่,แม่อาย,มะลิกา,226,394,ภูมิใจไทย,2
บัญชีรายชื่อ,7,เชียงใหม่,แม่อาย,มะลิกา,290,408,ภูมิใจไทย,4
บัญชีรายชื่อ,7,เชียงใหม่,แม่อาย,มะลิกา,274,396,ภูมิใจไทย,5
บัญชีรายชื่อ,7,เชียงใหม่,แม่อาย,มะลิกา,308,448,ภูมิใจไทย,3
บัญชีรายชื่อ,7,เชียงใหม่,แม่อาย,มะลิกา,188,235,ภูมิใจไทย,7
บัญชีรายชื่อ,7,เชียงใหม่,แม่อาย,มะลิกา,195,291,ภูมิใจไทย,2
บัญชีรายชื่อ,7,เชียงใหม่,แม่อาย,มะลิกา,151,196,ภูมิใจไทย,2
บัญชีรายชื่อ,7,เชียงใหม่,แม่อาย,สันต้นหมื้อ,434,567,ภูมิใจไทย,10
บัญชีรายชื่อ,7,เชียงใหม่,แม่อาย,สันต้นหมื้อ,215,242,ภูมิใจไทย,4
บัญชีรายชื่อ,7,เชียงใหม่,แม่อาย,สันต้นหมื้อ,211,288,ภูมิใจไทย,1
บัญชีรายชื่อ,7,เชียงใหม่,แม่อาย,สันต้นหมื้อ,216,271,ภูมิใจไทย,1
บัญชีรายชื่อ,7,เชียงใหม่,แม่อาย,สันต้นหมื้อ,318,416,ภูมิใจไทย,3
บัญชีรายชื่อ,7,เชียงใหม่,แม่อาย,สันต้นหมื้อ,317,442,ภูมิใจไทย,10
บัญชีรายชื่อ,7,เชียงใหม่,แม่อาย,สันต้นหมื้อ,340,429,ภูมิใจไทย,2
บัญชีรายชื่อ,7,เชียงใหม่,แม่อาย,สันต้นหมื้อ,379,520,ภูมิใจไทย,7
บัญชีรายชื่อ,7,เชียงใหม่,แม่อาย,สันต้นหมื้อ,539,740,ภูมิใจไทย,8
บัญชีรายชื่อ,7,เชียงใหม่,แม่อาย,สันต้นหมื้อ,171,226,ภูมิใจไทย,2
บัญชีรายชื่อ,7,เชียงใหม่,แม่อาย,สันต้นหมื้อ,310,412,ภูมิใจไทย,7
บัญชีรายชื่อ,7,เชียงใหม่,แม่อาย,สันต้นหมื้อ,170,230,ภูมิใจไทย,6
บัญชีรายชื่อ,7,เชียงใหม่,แม่อาย,แม่นาวาง,287,404,ภูมิใจไทย,4
บัญชีรายชื่อ,7,เชียงใหม่,แม่อาย,แม่นาวาง,462,522,ภูมิใจไทย,7
บัญชีรายชื่อ,7,เชียงใหม่,แม่อาย,แม่นาวาง,212,287,ภูมิใจไทย,6
บัญชีรายชื่อ,7,เชียงใหม่,แม่อาย,แม่นาวาง,270,361,ภูมิใจไทย,3
บัญชีรายชื่อ,7,เชียงใหม่,แม่อาย,แม่นาวาง,406,530,ภูมิใจไทย,4
บัญชีรายชื่อ,7,เชียงใหม่,แม่อาย,แม่นาวาง,222,288,ภูมิใจไทย,3
บัญชีรายชื่อ,7,เชียงใหม่,แม่อาย,แม่นาวาง,520,782,ภูมิใจไทย,4
บัญชีรายชื่อ,7,เชียงใหม่,แม่อาย,แม่นาวาง,262,355,ภูมิใจไทย,5
บัญชีรายชื่อ,7,เชียงใหม่,แม่อาย,แม่นาวาง,412,577,ภูมิใจไทย,4
บัญชีรายชื่อ,7,เชียงใหม่,แม่อาย,แม่นาวาง,302,421,ภูมิใจไทย,1
บัญชีรายชื่อ,7,เชียงใหม่,แม่อาย,แม่นาวาง,336,445,ภูมิใจไทย,8
บัญชีรายชื่อ,7,เชียงใหม่,แม่อาย,แม่นาวาง,418,556,ภูมิใจไทย,10
บัญชีรายชื่อ,7,เชียงใหม่,แม่อาย,แม่นาวาง,327,441,ภูมิใจไทย,5
บัญชีรายชื่อ,7,เชียงใหม่,แม่อาย,แม่นาวาง,194,275,ภูมิใจไทย,0
บัญชีรายชื่อ,7,เชียงใหม่,แม่อาย,แม่นาวาง,387,501,ภูมิใจไทย,6
บัญชีรายชื่อ,7,เชียงใหม่,แม่อาย,แม่นาวาง,557,763,ภูมิใจไทย,10
บัญชีรายชื่อ,7,เชียงใหม่,แม่อาย,แม่นาวาง,418,519,ภูมิใจไทย,7
บัญชีรายชื่อ,7,เชียงใหม่,แม่อาย,แม่นาวาง,527,752,ภูมิใจไทย,18
บัญชีรายชื่อ,7,เชียงใหม่,แม่อาย,แม่นาวาง,656,901,ภูมิใจไทย,8
บัญชีรายชื่อ,7,เชียงใหม่,แม่อาย,แม่นาวาง,131,167,ภูมิใจไทย,2
บัญชีรายชื่อ,7,เชียงใหม่,แม่อาย,แม่สาว,255,375,ภูมิใจไทย,5
บัญชีรายชื่อ,7,เชียงใหม่,แม่อาย,แม่สาว,520,726,ภูมิใจไทย,4
บัญชีรายชื่อ,7,เชียงใหม่,แม่อาย,แม่สาว,428,537,ภูมิใจไทย,3
บัญชีรายชื่อ,7,เชียงใหม่,แม่อาย,แม่สาว,163,202,ภูมิใจไทย,2
บัญชีรายชื่อ,7,เชียงใหม่,แม่อาย,แม่สาว,244,307,ภูมิใจไทย,2
บัญชีรายชื่อ,7,เชียงใหม่,แม่อาย,แม่สาว,370,463,ภูมิใจไทย,8
บัญชีรายชื่อ,7,เชียงใหม่,แม่อาย,แม่สาว,638,926,ภูมิใจไทย,6
บัญชีรายชื่อ,7,เชียงใหม่,แม่อาย,แม่สาว,283,397,ภูมิใจไทย,3
บัญชีรายชื่อ,7,เชียงใหม่,แม่อาย,แม่สาว,285,345,ภูมิใจไทย,4
บัญชีรายชื่อ,7,เชียงใหม่,แม่อาย,แม่สาว,433,560,ภูมิใจไทย,9
บัญชีรายชื่อ,7,เชียงใหม่,แม่อาย,แม่สาว,383,458,ภูมิใจไทย,3
บัญชีรายชื่อ,7,เชียงใหม่,แม่อาย,แม่สาว,226,342,ภูมิใจไทย,2
บัญชีรายชื่อ,7,เชียงใหม่,แม่อาย,แม่สาว,414,540,ภูมิใจไทย,6
บัญชีรายชื่อ,7,เชียงใหม่,แม่อาย,แม่สาว,698,926,ภูมิใจไทย,15
บัญชีรายชื่อ,7,เชียงใหม่,แม่อาย,แม่สาว,236,292,ภูมิใจไทย,2
บัญชีรายชื่อ,7,เชียงใหม่,แม่อาย,แม่สาว,346,436,ภูมิใจไทย,3
บัญชีรายชื่อ,7,เชียงใหม่,แม่อาย,แม่สาว,153,199,ภูมิใจไทย,1
บัญชีรายชื่อ,7,เชียงใหม่,แม่อาย,แม่อาย,427,565,ภูมิใจไทย,2
บัญชีรายชื่อ,7,เชียงใหม่,แม่อาย,แม่อาย,262,363,ภูมิใจไทย,0
บัญชีรายชื่อ,7,เชียงใหม่,แม่อาย,แม่อาย,210,250,ภูมิใจไทย,5
บัญชีรายชื่อ,7,เชียงใหม่,แม่อาย,แม่อาย,238,328,ภูมิใจไทย,6
บัญชีรายชื่อ,7,เชียงใหม่,แม่อาย,แม่อาย,316,438,ภูมิใจไทย,6
บัญชีรายชื่อ,7,เชียงใหม่,แม่อาย,แม่อาย,250,368,ภูมิใจไทย,4
บัญชีรายชื่อ,7,เชียงใหม่,แม่อาย,แม่อาย,256,373,ภูมิใจไทย,4
บัญชีรายชื่อ,7,เชียงใหม่,แม่อาย,แม่อาย,287,374,ภูมิใจไทย,3
บัญชีรายชื่อ,7,เชียงใหม่,แม่อาย,แม่อาย,257,300,ภูมิใจไทย,4
บัญชีรายชื่อ,7,เชียงใหม่,แม่อาย,แม่อาย,467,612,ภูมิใจไทย,9
บัญชีรายชื่อ,7,เชียงใหม่,แม่อาย,แม่อาย,460,697,ภูมิใจไทย,9
บัญชีรายชื่อ,7,เชียงใหม่,แม่อาย,แม่อาย,201,258,ภูมิใจไทย,1
บัญชีรายชื่อ,7,เชียงใหม่,แม่อาย,แม่อาย,333,555,ภูมิใจไทย,6
บัญชีรายชื่อ,7,เชียงใหม่,แม่อาย,แม่อาย,233,335,ภูมิใจไทย,3
บัญชีรายชื่อ,7,เชียงใหม่,แม่อาย,แม่อาย,473,592,ภูมิใจไทย,1
บัญชีรายชื่อ,7,เชียงใหม่,แม่อาย,แม่อาย,120,167,ภูมิใจไทย,3
บัญชีรายชื่อ,7,เชียงใหม่,ไชยปราการ,ปงตำ,743,1004,ภูมิใจไทย,4
บัญชีรายชื่อ,7,เชียงใหม่,ไชยปราการ,ปงตำ,692,1011,ภูมิใจไทย,6
บัญชีรายชื่อ,7,เชียงใหม่,ไชยปราการ,ปงตำ,752,1018,ภูมิใจไทย,6
บัญชีรายชื่อ,7,เชียงใหม่,ไชยปราการ,ปงตำ,578,749,ภูมิใจไทย,12
บัญชีรายชื่อ,7,เชียงใหม่,ไชยปราการ,ปงตำ,242,333,ภูมิใจไทย,4
บัญชีรายชื่อ,7,เชียงใหม่,ไชยปราการ,ปงตำ,379,479,ภูมิใจไทย,5
บัญชีรายชื่อ,7,เชียงใหม่,ไชยปราการ,ปงตำ,517,674,ภูมิใจไทย,13
บัญชีรายชื่อ,7,เชียงใหม่,ไชยปราการ,ปงตำ,411,608,ภูมิใจไทย,6
บัญชีรายชื่อ,7,เชียงใหม่,ไชยปราการ,ปงตำ,135,186,ภูมิใจไทย,5
บัญชีรายชื่อ,7,เชียงใหม่,ไชยปราการ,แม่ทะลบ,529,657,ภูมิใจไทย,12
บัญชีรายชื่อ,7,เชียงใหม่,ไชยปราการ,แม่ทะลบ,469,605,ภูมิใจไทย,9
บัญชีรายชื่อ,7,เชียงใหม่,ไชยปราการ,แม่ทะลบ,470,578,ภูมิใจไทย,7
บัญชีรายชื่อ,7,เชียงใหม่,ไชยปราการ,แม่ทะลบ,730,968,ภูมิใจไทย,12
บัญชีรายชื่อ,7,เชียงใหม่,ไชยปราการ,แม่ทะลบ,535,684,ภูมิใจไทย,12
บัญชีรายชื่อ,7,เชียงใหม่,ไชยปราการ,แม่ทะลบ,447,554,ภูมิใจไทย,11
บัญชีรายชื่อ,7,เชียงใหม่,ไชยปราการ,แม่ทะลบ,363,460,ภูมิใจไทย,10
บัญชีรายชื่อ,7,เชียงใหม่,ไชยปราการ,แม่ทะลบ,388,509,ภูมิใจไทย,6
บัญชีรายชื่อ,7,เชียงใหม่,ไชยปราการ,แม่ทะลบ,410,537,ภูมิใจไทย,11
บัญชีรายชื่อ,7,เชียงใหม่,,,800,800,ภูมิใจไทย,1
บัญชีรายชื่อ,7,เชียงใหม่,,,799,800,ภูมิใจไทย,2
บัญชีรายชื่อ,7,เชียงใหม่,,,800,800,ภูมิใจไทย,4
บัญชีรายชื่อ,7,เชียงใหม่,,,800,800,ภูมิใจไทย,2
บัญชีรายชื่อ,7,เชียงใหม่,,,800,800,ภูมิใจไทย,2
บัญชีรายชื่อ,7,เชียงใหม่,,,800,800,ภูมิใจไทย,0
บัญชีรายชื่อ,7,เชียงใหม่,,,800,800,ภูมิใจไทย,0
บัญชีรายชื่อ,7,เชียงใหม่,,,482,482,ภูมิใจไทย,0
บัญชีรายชื่อ,7,เชียงใหม่,ฝาง,สันทราย,307,385,รวมไทยสร้างชาติ,18
บัญชีรายชื่อ,7,เชียงใหม่,ฝาง,สันทราย,451,544,รวมไทยสร้างชาติ,64
บัญชีรายชื่อ,7,เชียงใหม่,ฝาง,สันทราย,521,636,รวมไทยสร้างชาติ,41
บัญชีรายชื่อ,7,เชียงใหม่,ฝาง,สันทราย,631,841,รวมไทยสร้างชาติ,49
บัญชีรายชื่อ,7,เชียงใหม่,ฝาง,สันทราย,258,335,รวมไทยสร้างชาติ,27
บัญชีรายชื่อ,7,เชียงใหม่,ฝาง,สันทราย,593,776,รวมไทยสร้างชาติ,62
บัญชีรายชื่อ,7,เชียงใหม่,ฝาง,สันทราย,500,616,รวมไทยสร้างชาติ,26
บัญชีรายชื่อ,7,เชียงใหม่,ฝาง,ม่อนปิ่น,0,0,รวมไทยสร้างชาติ,0
บัญชีรายชื่อ,7,เชียงใหม่,ฝาง,ม่อนปิ่น,719,935,รวมไทยสร้างชาติ,84
บัญชีรายชื่อ,7,เชียงใหม่,ฝาง,ม่อนปิ่น,542,756,รวมไทยสร้างชาติ,11
บัญชีรายชื่อ,7,เชียงใหม่,ฝาง,ม่อนปิ่น,363,467,รวมไทยสร้างชาติ,23
บัญชีรายชื่อ,7,เชียงใหม่,ฝาง,ม่อนปิ่น,190,234,รวมไทยสร้างชาติ,17
บัญชีรายชื่อ,7,เชียงใหม่,ฝาง,ม่อนปิ่น,390,482,รวมไทยสร้างชาติ,9
บัญชีรายชื่อ,7,เชียงใหม่,ฝาง,ม่อนปิ่น,671,996,รวมไทยสร้างชาติ,51
บัญชีรายชื่อ,7,เชียงใหม่,ฝาง,ม่อนปิ่น,370,470,รวมไทยสร้างชาติ,40
บัญชีรายชื่อ,7,เชียงใหม่,ฝาง,ม่อนปิ่น,484,640,รวมไทยสร้างชาติ,31
บัญชีรายชื่อ,7,เชียงใหม่,ฝาง,ม่อนปิ่น,142,177,รวมไทยสร้างชาติ,10
บัญชีรายชื่อ,7,เชียงใหม่,ฝาง,ม่อนปิ่น,559,862,รวมไทยสร้างชาติ,34
บัญชีรายชื่อ,7,เชียงใหม่,ฝาง,ม่อนปิ่น,318,418,รวมไทยสร้างชาติ,23
บัญชีรายชื่อ,7,เชียงใหม่,ฝาง,ม่อนปิ่น,229,303,รวมไทยสร้างชาติ,10
บัญชีรายชื่อ,7,เชียงใหม่,ฝาง,ม่อนปิ่น,274,354,รวมไทยสร้างชาติ,32
บัญชีรายชื่อ,7,เชียงใหม่,ฝาง,ม่อนปิ่น,717,971,รวมไทยสร้างชาติ,29
บัญชีรายชื่อ,7,เชียงใหม่,ฝาง,สันทราย,403,520,รวมไทยสร้างชาติ,25
บัญชีรายชื่อ,7,เชียงใหม่,ฝาง,สันทราย,310,399,รวมไทยสร้างชาติ,17
บัญชีรายชื่อ,7,เชียงใหม่,ฝาง,สันทราย,489,616,รวมไทยสร้างชาติ,30
บัญชีรายชื่อ,7,เชียงใหม่,ฝาง,สันทราย,189,221,รวมไทยสร้างชาติ,8
บัญชีรายชื่อ,7,เชียงใหม่,ฝาง,สันทราย,487,676,รวมไทยสร้างชาติ,23
บัญชีรายชื่อ,7,เชียงใหม่,ฝาง,สันทราย,315,406,รวมไทยสร้างชาติ,21
บัญชีรายชื่อ,7,เชียงใหม่,ฝาง,สันทราย,338,400,รวมไทยสร้างชาติ,22
บัญชีรายชื่อ,7,เชียงใหม่,ฝาง,สันทราย,493,646,รวมไทยสร้างชาติ,66
บัญชีรายชื่อ,7,เชียงใหม่,ฝาง,สันทราย,278,342,รวมไทยสร้างชาติ,42
บัญชีรายชื่อ,7,เชียงใหม่,ฝาง,สันทราย,320,416,รวมไทยสร้างชาติ,22
บัญชีรายชื่อ,7,เชียงใหม่,ฝาง,เวียง,501,733,รวมไทยสร้างชาติ,46
บัญชีรายชื่อ,7,เชียงใหม่,ฝาง,เวียง,430,609,รวมไทยสร้างชาติ,44
บัญชีรายชื่อ,7,เชียงใหม่,ฝาง,เวียง,624,933,รวมไทยสร้างชาติ,69
บัญชีรายชื่อ,7,เชียงใหม่,ฝาง,เวียง,640,917,รวมไทยสร้างชาติ,83
บัญชีรายชื่อ,7,เชียงใหม่,ฝาง,เวียง,723,1070,รวมไทยสร้างชาติ,100
บัญชีรายชื่อ,7,เชียงใหม่,ฝาง,เวียง,473,6636,รวมไทยสร้างชาติ,49
บัญชีรายชื่อ,7,เชียงใหม่,ฝาง,เวียง,344,464,รวมไทยสร้างชาติ,21
บัญชีรายชื่อ,7,เชียงใหม่,ฝาง,เวียง,234,462,รวมไทยสร้างชาติ,19
บัญชีรายชื่อ,7,เชียงใหม่,ฝาง,เวียง,264,360,รวมไทยสร้างชาติ,12
บัญชีรายชื่อ,7,เชียงใหม่,ฝาง,เวียง,624,862,รวมไทยสร้างชาติ,156
บัญชีรายชื่อ,7,เชียงใหม่,ฝาง,เวียง,625,907,รวมไทยสร้างชาติ,77
บัญชีรายชื่อ,7,เชียงใหม่,ฝาง,เวียง,389,499,รวมไทยสร้างชาติ,28
บัญชีรายชื่อ,7,เชียงใหม่,ฝาง,เวียง,549,724,รวมไทยสร้างชาติ,84
บัญชีรายชื่อ,7,เชียงใหม่,ฝาง,เวียง,191,285,รวมไทยสร้างชาติ,11
บัญชีรายชื่อ,7,เชียงใหม่,ฝาง,เวียง,453,610,รวมไทยสร้างชาติ,21
บัญชีรายชื่อ,7,เชียงใหม่,ฝาง,เวียง,359,483,รวมไทยสร้างชาติ,22
บัญชีรายชื่อ,7,เชียงใหม่,ฝาง,เวียง,371,463,รวมไทยสร้างชาติ,21
บัญชีรายชื่อ,7,เชียงใหม่,ฝาง,เวียง,318,448,รวมไทยสร้างชาติ,20
บัญชีรายชื่อ,7,เชียงใหม่,ฝาง,เวียง,458,608,รวมไทยสร้างชาติ,33
บัญชีรายชื่อ,7,เชียงใหม่,ฝาง,เวียง,425,576,รวมไทยสร้างชาติ,24
บัญชีรายชื่อ,7,เชียงใหม่,ฝาง,เวียง,414,582,รวมไทยสร้างชาติ,37
บัญชีรายชื่อ,7,เชียงใหม่,ฝาง,เวียง,608,793,รวมไทยสร้างชาติ,30
บัญชีรายชื่อ,7,เชียงใหม่,ฝาง,เวียง,555,706,รวมไทยสร้างชาติ,29
บัญชีรายชื่อ,7,เชียงใหม่,ฝาง,เวียง,501,631,รวมไทยสร้างชาติ,46
บัญชีรายชื่อ,7,เชียงใหม่,ฝาง,เวียง,169,226,รวมไทยสร้างชาติ,16
บัญชีรายชื่อ,7,เชียงใหม่,ฝาง,เวียง,265,469,รวมไทยสร้างชาติ,20
บัญชีรายชื่อ,7,เชียงใหม่,ฝาง,แม่ข่า,391,498,รวมไทยสร้างชาติ,9
บัญชีรายชื่อ,7,เชียงใหม่,ฝาง,แม่ข่า,419,541,รวมไทยสร้างชาติ,41
บัญชีรายชื่อ,7,เชียงใหม่,ฝาง,แม่ข่า,421,542,รวมไทยสร้างชาติ,31
บัญชีรายชื่อ,7,เชียงใหม่,ฝาง,แม่ข่า,335,425,รวมไทยสร้างชาติ,9
บัญชีรายชื่อ,7,เชียงใหม่,ฝาง,แม่ข่า,337,444,รวมไทยสร้างชาติ,28
บัญชีรายชื่อ,7,เชียงใหม่,ฝาง,แม่ข่า,287,373,รวมไทยสร้างชาติ,17
บัญชีรายชื่อ,7,เชียงใหม่,ฝาง,แม่ข่า,543,687,รวมไทยสร้างชาติ,40
บัญชีรายชื่อ,7,เชียงใหม่,ฝาง,แม่ข่า,358,479,รวมไทยสร้างชาติ,23
บัญชีรายชื่อ,7,เชียงใหม่,ฝาง,แม่ข่า,628,763,รวมไทยสร้างชาติ,18
บัญชีรายชื่อ,7,เชียงใหม่,ฝาง,แม่ข่า,367,494,รวมไทยสร้างชาติ,6
บัญชีรายชื่อ,7,เชียงใหม่,ฝาง,แม่ข่า,419,546,รวมไทยสร้างชาติ,58
บัญชีรายชื่อ,7,เชียงใหม่,ฝาง,แม่ข่า,278,339,รวมไทยสร้างชาติ,16
บัญชีรายชื่อ,7,เชียงใหม่,ฝาง,แม่ข่า,469,586,รวมไทยสร้างชาติ,24
บัญชีรายชื่อ,7,เชียงใหม่,ฝาง,แม่ข่า,295,370,รวมไทยสร้างชาติ,12
บัญชีรายชื่อ,7,เชียงใหม่,ฝาง,แม่คะ,523,683,รวมไทยสร้างชาติ,43
บัญชีรายชื่อ,7,เชียงใหม่,ฝาง,แม่คะ,472,682,รวมไทยสร้างชาติ,78
บัญชีรายชื่อ,7,เชียงใหม่,ฝาง,แม่คะ,403,482,รวมไทยสร้างชาติ,15
บัญชีรายชื่อ,7,เชียงใหม่,ฝาง,แม่คะ,441,580,รวมไทยสร้างชาติ,25
บัญชีรายชื่อ,7,เชียงใหม่,ฝาง,แม่คะ,215,251,รวมไทยสร้างชาติ,6
บัญชีรายชื่อ,7,เชียงใหม่,ฝาง,แม่คะ,265,321,รวมไทยสร้างชาติ,12
บัญชีรายชื่อ,7,เชียงใหม่,ฝาง,แม่คะ,444,710,รวมไทยสร้างชาติ,38
บัญชีรายชื่อ,7,เชียงใหม่,ฝาง,แม่คะ,213,287,รวมไทยสร้างชาติ,26
บัญชีรายชื่อ,7,เชียงใหม่,ฝาง,แม่คะ,584,728,รวมไทยสร้างชาติ,21
บัญชีรายชื่อ,7,เชียงใหม่,ฝาง,แม่คะ,242,329,รวมไทยสร้างชาติ,21
บัญชีรายชื่อ,7,เชียงใหม่,ฝาง,แม่คะ,350,512,รวมไทยสร้างชาติ,15
บัญชีรายชื่อ,7,เชียงใหม่,ฝาง,แม่คะ,563,722,รวมไทยสร้างชาติ,46
บัญชีรายชื่อ,7,เชียงใหม่,ฝาง,แม่คะ,636,1089,รวมไทยสร้างชาติ,27
บัญชีรายชื่อ,7,เชียงใหม่,ฝาง,แม่คะ,500,610,รวมไทยสร้างชาติ,25
บัญชีรายชื่อ,7,เชียงใหม่,ฝาง,แม่คะ,167,207,รวมไทยสร้างชาติ,16
บัญชีรายชื่อ,7,เชียงใหม่,ฝาง,แม่คะ,522,692,รวมไทยสร้างชาติ,79
บัญชีรายชื่อ,7,เชียงใหม่,ฝาง,แม่งอน,297,386,รวมไทยสร้างชาติ,9
บัญชีรายชื่อ,7,เชียงใหม่,ฝาง,แม่งอน,209,630,รวมไทยสร้างชาติ,21
บัญชีรายชื่อ,7,เชียงใหม่,ฝาง,แม่งอน,360,414,รวมไทยสร้างชาติ,19
บัญชีรายชื่อ,7,เชียงใหม่,ฝาง,แม่งอน,328,393,รวมไทยสร้างชาติ,33
บัญชีรายชื่อ,7,เชียงใหม่,ฝาง,แม่งอน,346,763,รวมไทยสร้างชาติ,40
บัญชีรายชื่อ,7,เชียงใหม่,ฝาง,แม่งอน,265,315,รวมไทยสร้างชาติ,14
บัญชีรายชื่อ,7,เชียงใหม่,ฝาง,แม่งอน,268,331,รวมไทยสร้างชาติ,25
บัญชีรายชื่อ,7,เชียงใหม่,ฝาง,แม่งอน,310,406,รวมไทยสร้างชาติ,37
บัญชีรายชื่อ,7,เชียงใหม่,ฝาง,แม่งอน,507,674,รวมไทยสร้างชาติ,21
บัญชีรายชื่อ,7,เชียงใหม่,ฝาง,แม่งอน,298,372,รวมไทยสร้างชาติ,6
บัญชีรายชื่อ,7,เชียงใหม่,ฝาง,แม่งอน,508,639,รวมไทยสร้างชาติ,20
บัญชีรายชื่อ,7,เชียงใหม่,ฝาง,แม่งอน,380,880,รวมไทยสร้างชาติ,14
บัญชีรายชื่อ,7,เชียงใหม่,ฝาง,แม่งอน,292,531,รวมไทยสร้างชาติ,12
บัญชีรายชื่อ,7,เชียงใหม่,ฝาง,แม่งอน,405,694,รวมไทยสร้างชาติ,25
บัญชีรายชื่อ,7,เชียงใหม่,ฝาง,แม่งอน,499,681,รวมไทยสร้างชาติ,49
บัญชีรายชื่อ,7,เชียงใหม่,ฝาง,แม่งอน,435,562,รวมไทยสร้างชาติ,24
บัญชีรายชื่อ,7,เชียงใหม่,ฝาง,แม่สูน,386,532,รวมไทยสร้างชาติ,38
บัญชีรายชื่อ,7,เชียงใหม่,ฝาง,แม่สูน,614,846,รวมไทยสร้างชาติ,60
บัญชีรายชื่อ,7,เชียงใหม่,ฝาง,แม่สูน,617,7999,รวมไทยสร้างชาติ,89
บัญชีรายชื่อ,7,เชียงใหม่,ฝาง,แม่สูน,396,530,รวมไทยสร้างชาติ,19
บัญชีรายชื่อ,7,เชียงใหม่,ฝาง,แม่สูน,295,373,รวมไทยสร้างชาติ,9
บัญชีรายชื่อ,7,เชียงใหม่,ฝาง,แม่สูน,264,347,รวมไทยสร้างชาติ,16
บัญชีรายชื่อ,7,เชียงใหม่,ฝาง,แม่สูน,367,488,รวมไทยสร้างชาติ,24
บัญชีรายชื่อ,7,เชียงใหม่,ฝาง,แม่สูน,308,382,รวมไทยสร้างชาติ,48
บัญชีรายชื่อ,7,เชียงใหม่,ฝาง,แม่สูน,308,365,รวมไทยสร้างชาติ,14
บัญชีรายชื่อ,7,เชียงใหม่,ฝาง,แม่สูน,284,377,รวมไทยสร้างชาติ,21
บัญชีรายชื่อ,7,เชียงใหม่,ฝาง,แม่สูน,407,593,รวมไทยสร้างชาติ,37
บัญชีรายชื่อ,7,เชียงใหม่,ฝาง,แม่สูน,469,579,รวมไทยสร้างชาติ,33
บัญชีรายชื่อ,7,เชียงใหม่,ฝาง,แม่สูน,725,1000,รวมไทยสร้างชาติ,40
บัญชีรายชื่อ,7,เชียงใหม่,ฝาง,แม่สูน,479,623,รวมไทยสร้างชาติ,43
บัญชีรายชื่อ,7,เชียงใหม่,ฝาง,แม่สูน,301,403,รวมไทยสร้างชาติ,17
บัญชีรายชื่อ,7,เชียงใหม่,ฝาง,แม่สูน,330,433,รวมไทยสร้างชาติ,47
บัญชีรายชื่อ,7,เชียงใหม่,ฝาง,แม่สูน,607,824,รวมไทยสร้างชาติ,43
บัญชีรายชื่อ,7,เชียงใหม่,ฝาง,แม่สูน,101,118,รวมไทยสร้างชาติ,3
บัญชีรายชื่อ,7,เชียงใหม่,ฝาง,โป่งน้ำร้อน,214,275,รวมไทยสร้างชาติ,13
บัญชีรายชื่อ,7,เชียงใหม่,ฝาง,โป่งน้ำร้อน,327,413,รวมไทยสร้างชาติ,14
บัญชีรายชื่อ,7,เชียงใหม่,ฝาง,โป่งน้ำร้อน,502,794,รวมไทยสร้างชาติ,56
บัญชีรายชื่อ,7,เชียงใหม่,ฝาง,โป่งน้ำร้อน,269,356,รวมไทยสร้างชาติ,14
บัญชีรายชื่อ,7,เชียงใหม่,ฝาง,โป่งน้ำร้อน,348,415,รวมไทยสร้างชาติ,10
บัญชีรายชื่อ,7,เชียงใหม่,ฝาง,โป่งน้ำร้อน,462,610,รวมไทยสร้างชาติ,13
บัญชีรายชื่อ,7,เชียงใหม่,ฝาง,โป่งน้ำร้อน,324,418,รวมไทยสร้างชาติ,27
บัญชีรายชื่อ,7,เชียงใหม่,แม่อาย,ท่าตอน,448,647,รวมไทยสร้างชาติ,26
บัญชีรายชื่อ,7,เชียงใหม่,แม่อาย,ท่าตอน,81,139,รวมไทยสร้างชาติ,4
บัญชีรายชื่อ,7,เชียงใหม่,แม่อาย,ท่าตอน,500,741,รวมไทยสร้างชาติ,7
บัญชีรายชื่อ,7,เชียงใหม่,แม่อาย,ท่าตอน,332,527,รวมไทยสร้างชาติ,12
บัญชีรายชื่อ,7,เชียงใหม่,แม่อาย,ท่าตอน,523,953,รวมไทยสร้างชาติ,25
บัญชีรายชื่อ,7,เชียงใหม่,แม่อาย,ท่าตอน,516,982,รวมไทยสร้างชาติ,39
บัญชีรายชื่อ,7,เชียงใหม่,แม่อาย,ท่าตอน,252,418,รวมไทยสร้างชาติ,7
บัญชีรายชื่อ,7,เชียงใหม่,แม่อาย,ท่าตอน,650,889,รวมไทยสร้างชาติ,135
บัญชีรายชื่อ,7,เชียงใหม่,แม่อาย,ท่าตอน,458,640,รวมไทยสร้างชาติ,0
บัญชีรายชื่อ,7,เชียงใหม่,แม่อาย,ท่าตอน,461,742,รวมไทยสร้างชาติ,52
บัญชีรายชื่อ,7,เชียงใหม่,แม่อาย,ท่าตอน,199,305,รวมไทยสร้างชาติ,19
บัญชีรายชื่อ,7,เชียงใหม่,แม่อาย,ท่าตอน,495,718,รวมไทยสร้างชาติ,53
บัญชีรายชื่อ,7,เชียงใหม่,แม่อาย,ท่าตอน,505,933,รวมไทยสร้างชาติ,14
บัญชีรายชื่อ,7,เชียงใหม่,แม่อาย,ท่าตอน,525,804,รวมไทยสร้างชาติ,58
บัญชีรายชื่อ,7,เชียงใหม่,แม่อาย,ท่าตอน,197,284,รวมไทยสร้างชาติ,31
บัญชีรายชื่อ,7,เชียงใหม่,แม่อาย,ท่าตอน,467,692,รวมไทยสร้างชาติ,31
บัญชีรายชื่อ,7,เชียงใหม่,แม่อาย,ท่าตอน,125,199,รวมไทยสร้างชาติ,5
บัญชีรายชื่อ,7,เชียงใหม่,แม่อาย,ท่าตอน,264,382,รวมไทยสร้างชาติ,64
บัญชีรายชื่อ,7,เชียงใหม่,แม่อาย,ท่าตอน,0,0,รวมไทยสร้างชาติ,0
บัญชีรายชื่อ,7,เชียงใหม่,แม่อาย,ท่าตอน,504,867,รวมไทยสร้างชาติ,48
บัญชีรายชื่อ,7,เชียงใหม่,แม่อาย,บ้านหลวง,364,597,รวมไทยสร้างชาติ,14
บัญชีรายชื่อ,7,เชียงใหม่,แม่อาย,บ้านหลวง,283,404,รวมไทยสร้างชาติ,7
บัญชีรายชื่อ,7,เชียงใหม่,แม่อาย,บ้านหลวง,254,353,รวมไทยสร้างชาติ,17
บัญชีรายชื่อ,7,เชียงใหม่,แม่อาย,บ้านหลวง,520,674,รวมไทยสร้างชาติ,39
บัญชีรายชื่อ,7,เชียงใหม่,แม่อาย,บ้านหลวง,339,454,รวมไทยสร้างชาติ,41
บัญชีรายชื่อ,7,เชียงใหม่,แม่อาย,บ้านหลวง,287,382,รวมไทยสร้างชาติ,6
บัญชีรายชื่อ,7,เชียงใหม่,แม่อาย,บ้านหลวง,647,837,รวมไทยสร้างชาติ,74
บัญชีรายชื่อ,7,เชียงใหม่,แม่อาย,บ้านหลวง,274,328,รวมไทยสร้างชาติ,0
บัญชีรายชื่อ,7,เชียงใหม่,แม่อาย,บ้านหลวง,161,206,รวมไทยสร้างชาติ,3
บัญชีรายชื่อ,7,เชียงใหม่,แม่อาย,บ้านหลวง,303,396,รวมไทยสร้างชาติ,27
บัญชีรายชื่อ,7,เชียงใหม่,แม่อาย,บ้านหลวง,141,170,รวมไทยสร้างชาติ,1
บัญชีรายชื่อ,7,เชียงใหม่,แม่อาย,บ้านหลวง,129,168,รวมไทยสร้างชาติ,10
บัญชีรายชื่อ,7,เชียงใหม่,แม่อาย,บ้านหลวง,195,253,รวมไทยสร้างชาติ,7
บัญชีรายชื่อ,7,เชียงใหม่,แม่อาย,มะลิกา,151,196,รวมไทยสร้างชาติ,2
บัญชีรายชื่อ,7,เชียงใหม่,แม่อาย,มะลิกา,169,239,รวมไทยสร้างชาติ,14
บัญชีรายชื่อ,7,เชียงใหม่,แม่อาย,มะลิกา,195,378,รวมไทยสร้างชาติ,14
บัญชีรายชื่อ,7,เชียงใหม่,แม่อาย,มะลิกา,226,394,รวมไทยสร้างชาติ,18
บัญชีรายชื่อ,7,เชียงใหม่,แม่อาย,มะลิกา,290,408,รวมไทยสร้างชาติ,21
บัญชีรายชื่อ,7,เชียงใหม่,แม่อาย,มะลิกา,274,396,รวมไทยสร้างชาติ,11
บัญชีรายชื่อ,7,เชียงใหม่,แม่อาย,มะลิกา,308,448,รวมไทยสร้างชาติ,28
บัญชีรายชื่อ,7,เชียงใหม่,แม่อาย,มะลิกา,188,235,รวมไทยสร้างชาติ,9
บัญชีรายชื่อ,7,เชียงใหม่,แม่อาย,มะลิกา,195,291,รวมไทยสร้างชาติ,12
บัญชีรายชื่อ,7,เชียงใหม่,แม่อาย,มะลิกา,151,196,รวมไทยสร้างชาติ,2
บัญชีรายชื่อ,7,เชียงใหม่,แม่อาย,สันต้นหมื้อ,434,567,รวมไทยสร้างชาติ,28
บัญชีรายชื่อ,7,เชียงใหม่,แม่อาย,สันต้นหมื้อ,215,242,รวมไทยสร้างชาติ,5
บัญชีรายชื่อ,7,เชียงใหม่,แม่อาย,สันต้นหมื้อ,211,288,รวมไทยสร้างชาติ,4
บัญชีรายชื่อ,7,เชียงใหม่,แม่อาย,สันต้นหมื้อ,216,271,รวมไทยสร้างชาติ,5
บัญชีรายชื่อ,7,เชียงใหม่,แม่อาย,สันต้นหมื้อ,318,416,รวมไทยสร้างชาติ,16
บัญชีรายชื่อ,7,เชียงใหม่,แม่อาย,สันต้นหมื้อ,317,442,รวมไทยสร้างชาติ,19
บัญชีรายชื่อ,7,เชียงใหม่,แม่อาย,สันต้นหมื้อ,340,429,รวมไทยสร้างชาติ,8
บัญชีรายชื่อ,7,เชียงใหม่,แม่อาย,สันต้นหมื้อ,379,520,รวมไทยสร้างชาติ,20
บัญชีรายชื่อ,7,เชียงใหม่,แม่อาย,สันต้นหมื้อ,539,740,รวมไทยสร้างชาติ,19
บัญชีรายชื่อ,7,เชียงใหม่,แม่อาย,สันต้นหมื้อ,171,226,รวมไทยสร้างชาติ,7
บัญชีรายชื่อ,7,เชียงใหม่,แม่อาย,สันต้นหมื้อ,310,412,รวมไทยสร้างชาติ,10
บัญชีรายชื่อ,7,เชียงใหม่,แม่อาย,สันต้นหมื้อ,170,230,รวมไทยสร้างชาติ,0
บัญชีรายชื่อ,7,เชียงใหม่,แม่อาย,แม่นาวาง,287,404,รวมไทยสร้างชาติ,21
บัญชีรายชื่อ,7,เชียงใหม่,แม่อาย,แม่นาวาง,462,522,รวมไทยสร้างชาติ,0
บัญชีรายชื่อ,7,เชียงใหม่,แม่อาย,แม่นาวาง,212,287,รวมไทยสร้างชาติ,7
บัญชีรายชื่อ,7,เชียงใหม่,แม่อาย,แม่นาวาง,270,361,รวมไทยสร้างชาติ,9
บัญชีรายชื่อ,7,เชียงใหม่,แม่อาย,แม่นาวาง,406,530,รวมไทยสร้างชาติ,62
บัญชีรายชื่อ,7,เชียงใหม่,แม่อาย,แม่นาวาง,222,288,รวมไทยสร้างชาติ,6
บัญชีรายชื่อ,7,เชียงใหม่,แม่อาย,แม่นาวาง,520,782,รวมไทยสร้างชาติ,134
บัญชีรายชื่อ,7,เชียงใหม่,แม่อาย,แม่นาวาง,262,355,รวมไทยสร้างชาติ,55
บัญชีรายชื่อ,7,เชียงใหม่,แม่อาย,แม่นาวาง,412,577,รวมไทยสร้างชาติ,37
บัญชีรายชื่อ,7,เชียงใหม่,แม่อาย,แม่นาวาง,302,421,รวมไทยสร้างชาติ,16
บัญชีรายชื่อ,7,เชียงใหม่,แม่อาย,แม่นาวาง,336,445,รวมไทยสร้างชาติ,15
บัญชีรายชื่อ,7,เชียงใหม่,แม่อาย,แม่นาวาง,418,556,รวมไทยสร้างชาติ,63
บัญชีรายชื่อ,7,เชียงใหม่,แม่อาย,แม่นาวาง,327,441,รวมไทยสร้างชาติ,16
บัญชีรายชื่อ,7,เชียงใหม่,แม่อาย,แม่นาวาง,194,275,รวมไทยสร้างชาติ,18
บัญชีรายชื่อ,7,เชียงใหม่,แม่อาย,แม่นาวาง,387,501,รวมไทยสร้างชาติ,32
บัญชีรายชื่อ,7,เชียงใหม่,แม่อาย,แม่นาวาง,557,763,รวมไทยสร้างชาติ,36
บัญชีรายชื่อ,7,เชียงใหม่,แม่อาย,แม่นาวาง,418,519,รวมไทยสร้างชาติ,57
บัญชีรายชื่อ,7,เชียงใหม่,แม่อาย,แม่นาวาง,527,752,รวมไทยสร้างชาติ,89
บัญชีรายชื่อ,7,เชียงใหม่,แม่อาย,แม่นาวาง,656,901,รวมไทยสร้างชาติ,159
บัญชีรายชื่อ,7,เชียงใหม่,แม่อาย,แม่นาวาง,131,167,รวมไทยสร้างชาติ,29
บัญชีรายชื่อ,7,เชียงใหม่,แม่อาย,แม่สาว,255,375,รวมไทยสร้างชาติ,13
บัญชีรายชื่อ,7,เชียงใหม่,แม่อาย,แม่สาว,520,726,รวมไทยสร้างชาติ,16
บัญชีรายชื่อ,7,เชียงใหม่,แม่อาย,แม่สาว,428,537,รวมไทยสร้างชาติ,13
บัญชีรายชื่อ,7,เชียงใหม่,แม่อาย,แม่สาว,163,202,รวมไทยสร้างชาติ,11
บัญชีรายชื่อ,7,เชียงใหม่,แม่อาย,แม่สาว,244,307,รวมไทยสร้างชาติ,5
บัญชีรายชื่อ,7,เชียงใหม่,แม่อาย,แม่สาว,370,463,รวมไทยสร้างชาติ,14
บัญชีรายชื่อ,7,เชียงใหม่,แม่อาย,แม่สาว,638,926,รวมไทยสร้างชาติ,155
บัญชีรายชื่อ,7,เชียงใหม่,แม่อาย,แม่สาว,283,397,รวมไทยสร้างชาติ,9
บัญชีรายชื่อ,7,เชียงใหม่,แม่อาย,แม่สาว,285,345,รวมไทยสร้างชาติ,0
บัญชีรายชื่อ,7,เชียงใหม่,แม่อาย,แม่สาว,433,560,รวมไทยสร้างชาติ,14
บัญชีรายชื่อ,7,เชียงใหม่,แม่อาย,แม่สาว,383,458,รวมไทยสร้างชาติ,12
บัญชีรายชื่อ,7,เชียงใหม่,แม่อาย,แม่สาว,226,342,รวมไทยสร้างชาติ,11
บัญชีรายชื่อ,7,เชียงใหม่,แม่อาย,แม่สาว,414,540,รวมไทยสร้างชาติ,35
บัญชีรายชื่อ,7,เชียงใหม่,แม่อาย,แม่สาว,698,926,รวมไทยสร้างชาติ,69
บัญชีรายชื่อ,7,เชียงใหม่,แม่อาย,แม่สาว,236,292,รวมไทยสร้างชาติ,12
บัญชีรายชื่อ,7,เชียงใหม่,แม่อาย,แม่สาว,346,436,รวมไทยสร้างชาติ,14
บัญชีรายชื่อ,7,เชียงใหม่,แม่อาย,แม่สาว,153,199,รวมไทยสร้างชาติ,2
บัญชีรายชื่อ,7,เชียงใหม่,แม่อาย,แม่อาย,427,565,รวมไทยสร้างชาติ,15
บัญชีรายชื่อ,7,เชียงใหม่,แม่อาย,แม่อาย,262,363,รวมไทยสร้างชาติ,14
บัญชีรายชื่อ,7,เชียงใหม่,แม่อาย,แม่อาย,210,250,รวมไทยสร้างชาติ,6
บัญชีรายชื่อ,7,เชียงใหม่,แม่อาย,แม่อาย,238,328,รวมไทยสร้างชาติ,8
บัญชีรายชื่อ,7,เชียงใหม่,แม่อาย,แม่อาย,316,438,รวมไทยสร้างชาติ,15
บัญชีรายชื่อ,7,เชียงใหม่,แม่อาย,แม่อาย,250,368,รวมไทยสร้างชาติ,14
บัญชีรายชื่อ,7,เชียงใหม่,แม่อาย,แม่อาย,256,373,รวมไทยสร้างชาติ,0
บัญชีรายชื่อ,7,เชียงใหม่,แม่อาย,แม่อาย,287,374,รวมไทยสร้างชาติ,26
บัญชีรายชื่อ,7,เชียงใหม่,แม่อาย,แม่อาย,257,300,รวมไทยสร้างชาติ,3
บัญชีรายชื่อ,7,เชียงใหม่,แม่อาย,แม่อาย,467,612,รวมไทยสร้างชาติ,40
บัญชีรายชื่อ,7,เชียงใหม่,แม่อาย,แม่อาย,460,697,รวมไทยสร้างชาติ,32
บัญชีรายชื่อ,7,เชียงใหม่,แม่อาย,แม่อาย,201,258,รวมไทยสร้างชาติ,68
บัญชีรายชื่อ,7,เชียงใหม่,แม่อาย,แม่อาย,333,555,รวมไทยสร้างชาติ,6
บัญชีรายชื่อ,7,เชียงใหม่,แม่อาย,แม่อาย,233,335,รวมไทยสร้างชาติ,91
บัญชีรายชื่อ,7,เชียงใหม่,แม่อาย,แม่อาย,473,592,รวมไทยสร้างชาติ,39
บัญชีรายชื่อ,7,เชียงใหม่,แม่อาย,แม่อาย,120,167,รวมไทยสร้างชาติ,42
บัญชีรายชื่อ,7,เชียงใหม่,ไชยปราการ,ปงตำ,743,1004,รวมไทยสร้างชาติ,44
บัญชีรายชื่อ,7,เชียงใหม่,ไชยปราการ,ปงตำ,692,1011,รวมไทยสร้างชาติ,53
บัญชีรายชื่อ,7,เชียงใหม่,ไชยปราการ,ปงตำ,752,1018,รวมไทยสร้างชาติ,51
บัญชีรายชื่อ,7,เชียงใหม่,ไชยปราการ,ปงตำ,578,749,รวมไทยสร้างชาติ,28
บัญชีรายชื่อ,7,เชียงใหม่,ไชยปราการ,ปงตำ,242,333,รวมไทยสร้างชาติ,7
บัญชีรายชื่อ,7,เชียงใหม่,ไชยปราการ,ปงตำ,379,479,รวมไทยสร้างชาติ,32
บัญชีรายชื่อ,7,เชียงใหม่,ไชยปราการ,ปงตำ,517,674,รวมไทยสร้างชาติ,9
บัญชีรายชื่อ,7,เชียงใหม่,ไชยปราการ,ปงตำ,411,608,รวมไทยสร้างชาติ,35
บัญชีรายชื่อ,7,เชียงใหม่,ไชยปราการ,ปงตำ,135,186,รวมไทยสร้างชาติ,4
บัญชีรายชื่อ,7,เชียงใหม่,ไชยปราการ,แม่ทะลบ,529,657,รวมไทยสร้างชาติ,37
บัญชีรายชื่อ,7,เชียงใหม่,ไชยปราการ,แม่ทะลบ,469,605,รวมไทยสร้างชาติ,20
บัญชีรายชื่อ,7,เชียงใหม่,ไชยปราการ,แม่ทะลบ,470,578,รวมไทยสร้างชาติ,19
บัญชีรายชื่อ,7,เชียงใหม่,ไชยปราการ,แม่ทะลบ,730,968,รวมไทยสร้างชาติ,55
บัญชีรายชื่อ,7,เชียงใหม่,ไชยปราการ,แม่ทะลบ,535,684,รวมไทยสร้างชาติ,129
บัญชีรายชื่อ,7,เชียงใหม่,ไชยปราการ,แม่ทะลบ,447,554,รวมไทยสร้างชาติ,32
บัญชีรายชื่อ,7,เชียงใหม่,ไชยปราการ,แม่ทะลบ,363,460,รวมไทยสร้างชาติ,5
บัญชีรายชื่อ,7,เชียงใหม่,ไชยปราการ,แม่ทะลบ,388,509,รวมไทยสร้างชาติ,130
บัญชีรายชื่อ,7,เชียงใหม่,ไชยปราการ,แม่ทะลบ,410,537,รวมไทยสร้างชาติ,28
บัญชีรายชื่อ,7,เชียงใหม่,,,800,800,รวมไทยสร้างชาติ,18
บัญชีรายชื่อ,7,เชียงใหม่,,,799,800,รวมไทยสร้างชาติ,17
บัญชีรายชื่อ,7,เชียงใหม่,,,800,800,รวมไทยสร้างชาติ,33
บัญชีรายชื่อ,7,เชียงใหม่,,,800,800,รวมไทยสร้างชาติ,28
บัญชีรายชื่อ,7,เชียงใหม่,,,800,800,รวมไทยสร้างชาติ,23
บัญชีรายชื่อ,7,เชียงใหม่,,,800,800,รวมไทยสร้างชาติ,25
บัญชีรายชื่อ,7,เชียงใหม่,,,800,800,รวมไทยสร้างชาติ,26
บัญชีรายชื่อ,7,เชียงใหม่,,,482,482,รวมไทยสร้างชาติ,11
บัญชีรายชื่อ,7,เชียงใหม่,ฝาง,สันทราย,307,385,เพื่อไทย,96
บัญชีรายชื่อ,7,เชียงใหม่,ฝาง,สันทราย,451,544,เพื่อไทย,138
บัญชีรายชื่อ,7,เชียงใหม่,ฝาง,สันทราย,521,636,เพื่อไทย,151
บัญชีรายชื่อ,7,เชียงใหม่,ฝาง,สันทราย,631,841,เพื่อไทย,221
บัญชีรายชื่อ,7,เชียงใหม่,ฝาง,สันทราย,258,335,เพื่อไทย,87
บัญชีรายชื่อ,7,เชียงใหม่,ฝาง,สันทราย,593,776,เพื่อไทย,236
บัญชีรายชื่อ,7,เชียงใหม่,ฝาง,สันทราย,500,616,เพื่อไทย,191
บัญชีรายชื่อ,7,เชียงใหม่,ฝาง,ม่อนปิ่น,0,0,เพื่อไทย,0
บัญชีรายชื่อ,7,เชียงใหม่,ฝาง,ม่อนปิ่น,719,935,เพื่อไทย,207
บัญชีรายชื่อ,7,เชียงใหม่,ฝาง,ม่อนปิ่น,542,756,เพื่อไทย,226
บัญชีรายชื่อ,7,เชียงใหม่,ฝาง,ม่อนปิ่น,363,467,เพื่อไทย,128
บัญชีรายชื่อ,7,เชียงใหม่,ฝาง,ม่อนปิ่น,190,234,เพื่อไทย,40
บัญชีรายชื่อ,7,เชียงใหม่,ฝาง,ม่อนปิ่น,390,482,เพื่อไทย,147
บัญชีรายชื่อ,7,เชียงใหม่,ฝาง,ม่อนปิ่น,671,996,เพื่อไทย,108
บัญชีรายชื่อ,7,เชียงใหม่,ฝาง,ม่อนปิ่น,370,470,เพื่อไทย,78
บัญชีรายชื่อ,7,เชียงใหม่,ฝาง,ม่อนปิ่น,484,640,เพื่อไทย,172
บัญชีรายชื่อ,7,เชียงใหม่,ฝาง,ม่อนปิ่น,142,177,เพื่อไทย,45
บัญชีรายชื่อ,7,เชียงใหม่,ฝาง,ม่อนปิ่น,559,862,เพื่อไทย,121
บัญชีรายชื่อ,7,เชียงใหม่,ฝาง,ม่อนปิ่น,318,418,เพื่อไทย,75
บัญชีรายชื่อ,7,เชียงใหม่,ฝาง,ม่อนปิ่น,229,303,เพื่อไทย,56
บัญชีรายชื่อ,7,เชียงใหม่,ฝาง,ม่อนปิ่น,274,354,เพื่อไทย,71
บัญชีรายชื่อ,7,เชียงใหม่,ฝาง,ม่อนปิ่น,717,971,เพื่อไทย,161
บัญชีรายชื่อ,7,เชียงใหม่,ฝาง,สันทราย,403,520,เพื่อไทย,166
บัญชีรายชื่อ,7,เชียงใหม่,ฝาง,สันทราย,310,399,เพื่อไทย,130
บัญชีรายชื่อ,7,เชียงใหม่,ฝาง,สันทราย,489,616,เพื่อไทย,186
บัญชีรายชื่อ,7,เชียงใหม่,ฝาง,สันทราย,189,221,เพื่อไทย,74
บัญชีรายชื่อ,7,เชียงใหม่,ฝาง,สันทราย,487,676,เพื่อไทย,187
บัญชีรายชื่อ,7,เชียงใหม่,ฝาง,สันทราย,315,406,เพื่อไทย,119
บัญชีรายชื่อ,7,เชียงใหม่,ฝาง,สันทราย,338,400,เพื่อไทย,127
บัญชีรายชื่อ,7,เชียงใหม่,ฝาง,สันทราย,493,646,เพื่อไทย,139
บัญชีรายชื่อ,7,เชียงใหม่,ฝาง,สันทราย,278,342,เพื่อไทย,94
บัญชีรายชื่อ,7,เชียงใหม่,ฝาง,สันทราย,320,416,เพื่อไทย,119
บัญชีรายชื่อ,7,เชียงใหม่,ฝาง,เวียง,501,733,เพื่อไทย,149
บัญชีรายชื่อ,7,เชียงใหม่,ฝาง,เวียง,430,609,เพื่อไทย,105
บัญชีรายชื่อ,7,เชียงใหม่,ฝาง,เวียง,624,933,เพื่อไทย,227
บัญชีรายชื่อ,7,เชียงใหม่,ฝาง,เวียง,640,917,เพื่อไทย,189
บัญชีรายชื่อ,7,เชียงใหม่,ฝาง,เวียง,723,1070,เพื่อไทย,177
บัญชีรายชื่อ,7,เชียงใหม่,ฝาง,เวียง,473,6636,เพื่อไทย,165
บัญชีรายชื่อ,7,เชียงใหม่,ฝาง,เวียง,344,464,เพื่อไทย,89
บัญชีรายชื่อ,7,เชียงใหม่,ฝาง,เวียง,234,462,เพื่อไทย,38
บัญชีรายชื่อ,7,เชียงใหม่,ฝาง,เวียง,264,360,เพื่อไทย,107
บัญชีรายชื่อ,7,เชียงใหม่,ฝาง,เวียง,624,862,เพื่อไทย,2
บัญชีรายชื่อ,7,เชียงใหม่,ฝาง,เวียง,625,907,เพื่อไทย,98
บัญชีรายชื่อ,7,เชียงใหม่,ฝาง,เวียง,389,499,เพื่อไทย,123
บัญชีรายชื่อ,7,เชียงใหม่,ฝาง,เวียง,549,724,เพื่อไทย,121
บัญชีรายชื่อ,7,เชียงใหม่,ฝาง,เวียง,191,285,เพื่อไทย,82
บัญชีรายชื่อ,7,เชียงใหม่,ฝาง,เวียง,453,610,เพื่อไทย,160
บัญชีรายชื่อ,7,เชียงใหม่,ฝาง,เวียง,359,483,เพื่อไทย,135
บัญชีรายชื่อ,7,เชียงใหม่,ฝาง,เวียง,371,463,เพื่อไทย,124
บัญชีรายชื่อ,7,เชียงใหม่,ฝาง,เวียง,318,448,เพื่อไทย,92
บัญชีรายชื่อ,7,เชียงใหม่,ฝาง,เวียง,458,608,เพื่อไทย,147
บัญชีรายชื่อ,7,เชียงใหม่,ฝาง,เวียง,425,576,เพื่อไทย,118
บัญชีรายชื่อ,7,เชียงใหม่,ฝาง,เวียง,414,582,เพื่อไทย,109
บัญชีรายชื่อ,7,เชียงใหม่,ฝาง,เวียง,608,793,เพื่อไทย,272
บัญชีรายชื่อ,7,เชียงใหม่,ฝาง,เวียง,555,706,เพื่อไทย,182
บัญชีรายชื่อ,7,เชียงใหม่,ฝาง,เวียง,501,631,เพื่อไทย,139
บัญชีรายชื่อ,7,เชียงใหม่,ฝาง,เวียง,169,226,เพื่อไทย,63
บัญชีรายชื่อ,7,เชียงใหม่,ฝาง,เวียง,265,469,เพื่อไทย,76
บัญชีรายชื่อ,7,เชียงใหม่,ฝาง,แม่ข่า,391,498,เพื่อไทย,151
บัญชีรายชื่อ,7,เชียงใหม่,ฝาง,แม่ข่า,419,541,เพื่อไทย,122
บัญชีรายชื่อ,7,เชียงใหม่,ฝาง,แม่ข่า,421,542,เพื่อไทย,122
บัญชีรายชื่อ,7,เชียงใหม่,ฝาง,แม่ข่า,335,425,เพื่อไทย,146
บัญชีรายชื่อ,7,เชียงใหม่,ฝาง,แม่ข่า,337,444,เพื่อไทย,121
บัญชีรายชื่อ,7,เชียงใหม่,ฝาง,แม่ข่า,287,373,เพื่อไทย,129
บัญชีรายชื่อ,7,เชียงใหม่,ฝาง,แม่ข่า,543,687,เพื่อไทย,159
บัญชีรายชื่อ,7,เชียงใหม่,ฝาง,แม่ข่า,358,479,เพื่อไทย,124
บัญชีรายชื่อ,7,เชียงใหม่,ฝาง,แม่ข่า,628,763,เพื่อไทย,234
บัญชีรายชื่อ,7,เชียงใหม่,ฝาง,แม่ข่า,367,494,เพื่อไทย,158
บัญชีรายชื่อ,7,เชียงใหม่,ฝาง,แม่ข่า,419,546,เพื่อไทย,96
บัญชีรายชื่อ,7,เชียงใหม่,ฝาง,แม่ข่า,278,339,เพื่อไทย,112
บัญชีรายชื่อ,7,เชียงใหม่,ฝาง,แม่ข่า,469,586,เพื่อไทย,144
บัญชีรายชื่อ,7,เชียงใหม่,ฝาง,แม่ข่า,295,370,เพื่อไทย,109
บัญชีรายชื่อ,7,เชียงใหม่,ฝาง,แม่คะ,523,683,เพื่อไทย,183
บัญชีรายชื่อ,7,เชียงใหม่,ฝาง,แม่คะ,472,682,เพื่อไทย,85
บัญชีรายชื่อ,7,เชียงใหม่,ฝาง,แม่คะ,403,482,เพื่อไทย,164
บัญชีรายชื่อ,7,เชียงใหม่,ฝาง,แม่คะ,441,580,เพื่อไทย,149
บัญชีรายชื่อ,7,เชียงใหม่,ฝาง,แม่คะ,215,251,เพื่อไทย,94
บัญชีรายชื่อ,7,เชียงใหม่,ฝาง,แม่คะ,265,321,เพื่อไทย,107
บัญชีรายชื่อ,7,เชียงใหม่,ฝาง,แม่คะ,444,710,เพื่อไทย,105
บัญชีรายชื่อ,7,เชียงใหม่,ฝาง,แม่คะ,213,287,เพื่อไทย,55
บัญชีรายชื่อ,7,เชียงใหม่,ฝาง,แม่คะ,584,728,เพื่อไทย,273
บัญชีรายชื่อ,7,เชียงใหม่,ฝาง,แม่คะ,242,329,เพื่อไทย,93
บัญชีรายชื่อ,7,เชียงใหม่,ฝาง,แม่คะ,350,512,เพื่อไทย,135
บัญชีรายชื่อ,7,เชียงใหม่,ฝาง,แม่คะ,563,722,เพื่อไทย,187
บัญชีรายชื่อ,7,เชียงใหม่,ฝาง,แม่คะ,636,1089,เพื่อไทย,119
บัญชีรายชื่อ,7,เชียงใหม่,ฝาง,แม่คะ,500,610,เพื่อไทย,160
บัญชีรายชื่อ,7,เชียงใหม่,ฝาง,แม่คะ,167,207,เพื่อไทย,66
บัญชีรายชื่อ,7,เชียงใหม่,ฝาง,แม่คะ,522,692,เพื่อไทย,67
บัญชีรายชื่อ,7,เชียงใหม่,ฝาง,แม่งอน,297,386,เพื่อไทย,113
บัญชีรายชื่อ,7,เชียงใหม่,ฝาง,แม่งอน,209,630,เพื่อไทย,38
บัญชีรายชื่อ,7,เชียงใหม่,ฝาง,แม่งอน,360,414,เพื่อไทย,163
บัญชีรายชื่อ,7,เชียงใหม่,ฝาง,แม่งอน,328,393,เพื่อไทย,103
บัญชีรายชื่อ,7,เชียงใหม่,ฝาง,แม่งอน,346,763,เพื่อไทย,74
บัญชีรายชื่อ,7,เชียงใหม่,ฝาง,แม่งอน,265,315,เพื่อไทย,84
บัญชีรายชื่อ,7,เชียงใหม่,ฝาง,แม่งอน,268,331,เพื่อไทย,83
บัญชีรายชื่อ,7,เชียงใหม่,ฝาง,แม่งอน,310,406,เพื่อไทย,101
บัญชีรายชื่อ,7,เชียงใหม่,ฝาง,แม่งอน,507,674,เพื่อไทย,203
บัญชีรายชื่อ,7,เชียงใหม่,ฝาง,แม่งอน,298,372,เพื่อไทย,124
บัญชีรายชื่อ,7,เชียงใหม่,ฝาง,แม่งอน,508,639,เพื่อไทย,155
บัญชีรายชื่อ,7,เชียงใหม่,ฝาง,แม่งอน,380,880,เพื่อไทย,66
บัญชีรายชื่อ,7,เชียงใหม่,ฝาง,แม่งอน,292,531,เพื่อไทย,57
บัญชีรายชื่อ,7,เชียงใหม่,ฝาง,แม่งอน,405,694,เพื่อไทย,115
บัญชีรายชื่อ,7,เชียงใหม่,ฝาง,แม่งอน,499,681,เพื่อไทย,118
บัญชีรายชื่อ,7,เชียงใหม่,ฝาง,แม่งอน,435,562,เพื่อไทย,175
บัญชีรายชื่อ,7,เชียงใหม่,ฝาง,แม่สูน,386,532,เพื่อไทย,117
บัญชีรายชื่อ,7,เชียงใหม่,ฝาง,แม่สูน,614,846,เพื่อไทย,197
บัญชีรายชื่อ,7,เชียงใหม่,ฝาง,แม่สูน,617,7999,เพื่อไทย,224
บัญชีรายชื่อ,7,เชียงใหม่,ฝาง,แม่สูน,396,530,เพื่อไทย,103
บัญชีรายชื่อ,7,เชียงใหม่,ฝาง,แม่สูน,295,373,เพื่อไทย,111
บัญชีรายชื่อ,7,เชียงใหม่,ฝาง,แม่สูน,264,347,เพื่อไทย,75
บัญชีรายชื่อ,7,เชียงใหม่,ฝาง,แม่สูน,367,488,เพื่อไทย,104
บัญชีรายชื่อ,7,เชียงใหม่,ฝาง,แม่สูน,308,382,เพื่อไทย,68
บัญชีรายชื่อ,7,เชียงใหม่,ฝาง,แม่สูน,308,365,เพื่อไทย,87
บัญชีรายชื่อ,7,เชียงใหม่,ฝาง,แม่สูน,284,377,เพื่อไทย,104
บัญชีรายชื่อ,7,เชียงใหม่,ฝาง,แม่สูน,407,593,เพื่อไทย,85
บัญชีรายชื่อ,7,เชียงใหม่,ฝาง,แม่สูน,469,579,เพื่อไทย,150
บัญชีรายชื่อ,7,เชียงใหม่,ฝาง,แม่สูน,725,1000,เพื่อไทย,211
บัญชีรายชื่อ,7,เชียงใหม่,ฝาง,แม่สูน,479,623,เพื่อไทย,128
บัญชีรายชื่อ,7,เชียงใหม่,ฝาง,แม่สูน,301,403,เพื่อไทย,101
บัญชีรายชื่อ,7,เชียงใหม่,ฝาง,แม่สูน,330,433,เพื่อไทย,89
บัญชีรายชื่อ,7,เชียงใหม่,ฝาง,แม่สูน,607,824,เพื่อไทย,154
บัญชีรายชื่อ,7,เชียงใหม่,ฝาง,แม่สูน,101,118,เพื่อไทย,52
บัญชีรายชื่อ,7,เชียงใหม่,ฝาง,โป่งน้ำร้อน,214,275,เพื่อไทย,88
บัญชีรายชื่อ,7,เชียงใหม่,ฝาง,โป่งน้ำร้อน,327,413,เพื่อไทย,133
บัญชีรายชื่อ,7,เชียงใหม่,ฝาง,โป่งน้ำร้อน,502,794,เพื่อไทย,103
บัญชีรายชื่อ,7,เชียงใหม่,ฝาง,โป่งน้ำร้อน,269,356,เพื่อไทย,90
บัญชีรายชื่อ,7,เชียงใหม่,ฝาง,โป่งน้ำร้อน,348,415,เพื่อไทย,128
บัญชีรายชื่อ,7,เชียงใหม่,ฝาง,โป่งน้ำร้อน,462,610,เพื่อไทย,200
บัญชีรายชื่อ,7,เชียงใหม่,ฝาง,โป่งน้ำร้อน,324,418,เพื่อไทย,109
บัญชีรายชื่อ,7,เชียงใหม่,แม่อาย,ท่าตอน,448,647,เพื่อไทย,182
บัญชีรายชื่อ,7,เชียงใหม่,แม่อาย,ท่าตอน,81,139,เพื่อไทย,14
บัญชีรายชื่อ,7,เชียงใหม่,แม่อาย,ท่าตอน,500,741,เพื่อไทย,213
บัญชีรายชื่อ,7,เชียงใหม่,แม่อาย,ท่าตอน,332,527,เพื่อไทย,52
บัญชีรายชื่อ,7,เชียงใหม่,แม่อาย,ท่าตอน,523,953,เพื่อไทย,46
บัญชีรายชื่อ,7,เชียงใหม่,แม่อาย,ท่าตอน,516,982,เพื่อไทย,69
บัญชีรายชื่อ,7,เชียงใหม่,แม่อาย,ท่าตอน,252,418,เพื่อไทย,29
บัญชีรายชื่อ,7,เชียงใหม่,แม่อาย,ท่าตอน,650,889,เพื่อไทย,83
บัญชีรายชื่อ,7,เชียงใหม่,แม่อาย,ท่าตอน,458,640,เพื่อไทย,0
บัญชีรายชื่อ,7,เชียงใหม่,แม่อาย,ท่าตอน,461,742,เพื่อไทย,102
บัญชีรายชื่อ,7,เชียงใหม่,แม่อาย,ท่าตอน,199,305,เพื่อไทย,47
บัญชีรายชื่อ,7,เชียงใหม่,แม่อาย,ท่าตอน,495,718,เพื่อไทย,133
บัญชีรายชื่อ,7,เชียงใหม่,แม่อาย,ท่าตอน,505,933,เพื่อไทย,124
บัญชีรายชื่อ,7,เชียงใหม่,แม่อาย,ท่าตอน,525,804,เพื่อไทย,106
บัญชีรายชื่อ,7,เชียงใหม่,แม่อาย,ท่าตอน,197,284,เพื่อไทย,44
บัญชีรายชื่อ,7,เชียงใหม่,แม่อาย,ท่าตอน,467,692,เพื่อไทย,142
บัญชีรายชื่อ,7,เชียงใหม่,แม่อาย,ท่าตอน,125,199,เพื่อไทย,44
บัญชีรายชื่อ,7,เชียงใหม่,แม่อาย,ท่าตอน,264,382,เพื่อไทย,54
บัญชีรายชื่อ,7,เชียงใหม่,แม่อาย,ท่าตอน,0,0,เพื่อไทย,0
บัญชีรายชื่อ,7,เชียงใหม่,แม่อาย,ท่าตอน,504,867,เพื่อไทย,113
บัญชีรายชื่อ,7,เชียงใหม่,แม่อาย,บ้านหลวง,364,597,เพื่อไทย,140
บัญชีรายชื่อ,7,เชียงใหม่,แม่อาย,บ้านหลวง,283,404,เพื่อไทย,102
บัญชีรายชื่อ,7,เชียงใหม่,แม่อาย,บ้านหลวง,254,353,เพื่อไทย,33
บัญชีรายชื่อ,7,เชียงใหม่,แม่อาย,บ้านหลวง,520,674,เพื่อไทย,178
บัญชีรายชื่อ,7,เชียงใหม่,แม่อาย,บ้านหลวง,339,454,เพื่อไทย,77
บัญชีรายชื่อ,7,เชียงใหม่,แม่อาย,บ้านหลวง,287,382,เพื่อไทย,123
บัญชีรายชื่อ,7,เชียงใหม่,แม่อาย,บ้านหลวง,647,837,เพื่อไทย,178
บัญชีรายชื่อ,7,เชียงใหม่,แม่อาย,บ้านหลวง,274,328,เพื่อไทย,0
บัญชีรายชื่อ,7,เชียงใหม่,แม่อาย,บ้านหลวง,161,206,เพื่อไทย,87
บัญชีรายชื่อ,7,เชียงใหม่,แม่อาย,บ้านหลวง,303,396,เพื่อไทย,138
บัญชีรายชื่อ,7,เชียงใหม่,แม่อาย,บ้านหลวง,141,170,เพื่อไทย,77
บัญชีรายชื่อ,7,เชียงใหม่,แม่อาย,บ้านหลวง,129,168,เพื่อไทย,46
บัญชีรายชื่อ,7,เชียงใหม่,แม่อาย,บ้านหลวง,195,253,เพื่อไทย,87
บัญชีรายชื่อ,7,เชียงใหม่,แม่อาย,มะลิกา,151,196,เพื่อไทย,59
บัญชีรายชื่อ,7,เชียงใหม่,แม่อาย,มะลิกา,169,239,เพื่อไทย,50
บัญชีรายชื่อ,7,เชียงใหม่,แม่อาย,มะลิกา,195,378,เพื่อไทย,70
บัญชีรายชื่อ,7,เชียงใหม่,แม่อาย,มะลิกา,226,394,เพื่อไทย,96
บัญชีรายชื่อ,7,เชียงใหม่,แม่อาย,มะลิกา,290,408,เพื่อไทย,100
บัญชีรายชื่อ,7,เชียงใหม่,แม่อาย,มะลิกา,274,396,เพื่อไทย,80
บัญชีรายชื่อ,7,เชียงใหม่,แม่อาย,มะลิกา,308,448,เพื่อไทย,83
บัญชีรายชื่อ,7,เชียงใหม่,แม่อาย,มะลิกา,188,235,เพื่อไทย,81
บัญชีรายชื่อ,7,เชียงใหม่,แม่อาย,มะลิกา,195,291,เพื่อไทย,48
บัญชีรายชื่อ,7,เชียงใหม่,แม่อาย,มะลิกา,151,196,เพื่อไทย,59
บัญชีรายชื่อ,7,เชียงใหม่,แม่อาย,สันต้นหมื้อ,434,567,เพื่อไทย,172
บัญชีรายชื่อ,7,เชียงใหม่,แม่อาย,สันต้นหมื้อ,215,242,เพื่อไทย,115
บัญชีรายชื่อ,7,เชียงใหม่,แม่อาย,สันต้นหมื้อ,211,288,เพื่อไทย,97
บัญชีรายชื่อ,7,เชียงใหม่,แม่อาย,สันต้นหมื้อ,216,271,เพื่อไทย,113
บัญชีรายชื่อ,7,เชียงใหม่,แม่อาย,สันต้นหมื้อ,318,416,เพื่อไทย,137
บัญชีรายชื่อ,7,เชียงใหม่,แม่อาย,สันต้นหมื้อ,317,442,เพื่อไทย,137
บัญชีรายชื่อ,7,เชียงใหม่,แม่อาย,สันต้นหมื้อ,340,429,เพื่อไทย,155
บัญชีรายชื่อ,7,เชียงใหม่,แม่อาย,สันต้นหมื้อ,379,520,เพื่อไทย,143
บัญชีรายชื่อ,7,เชียงใหม่,แม่อาย,สันต้นหมื้อ,539,740,เพื่อไทย,208
บัญชีรายชื่อ,7,เชียงใหม่,แม่อาย,สันต้นหมื้อ,171,226,เพื่อไทย,96
บัญชีรายชื่อ,7,เชียงใหม่,แม่อาย,สันต้นหมื้อ,310,412,เพื่อไทย,139
บัญชีรายชื่อ,7,เชียงใหม่,แม่อาย,สันต้นหมื้อ,170,230,เพื่อไทย,100
บัญชีรายชื่อ,7,เชียงใหม่,แม่อาย,แม่นาวาง,287,404,เพื่อไทย,100
บัญชีรายชื่อ,7,เชียงใหม่,แม่อาย,แม่นาวาง,462,522,เพื่อไทย,0
บัญชีรายชื่อ,7,เชียงใหม่,แม่อาย,แม่นาวาง,212,287,เพื่อไทย,95
บัญชีรายชื่อ,7,เชียงใหม่,แม่อาย,แม่นาวาง,270,361,เพื่อไทย,115
บัญชีรายชื่อ,7,เชียงใหม่,แม่อาย,แม่นาวาง,406,530,เพื่อไทย,100
บัญชีรายชื่อ,7,เชียงใหม่,แม่อาย,แม่นาวาง,222,288,เพื่อไทย,131
บัญชีรายชื่อ,7,เชียงใหม่,แม่อาย,แม่นาวาง,520,782,เพื่อไทย,87
บัญชีรายชื่อ,7,เชียงใหม่,แม่อาย,แม่นาวาง,262,355,เพื่อไทย,34
บัญชีรายชื่อ,7,เชียงใหม่,แม่อาย,แม่นาวาง,412,577,เพื่อไทย,75
บัญชีรายชื่อ,7,เชียงใหม่,แม่อาย,แม่นาวาง,302,421,เพื่อไทย,154
บัญชีรายชื่อ,7,เชียงใหม่,แม่อาย,แม่นาวาง,336,445,เพื่อไทย,114
บัญชีรายชื่อ,7,เชียงใหม่,แม่อาย,แม่นาวาง,418,556,เพื่อไทย,126
บัญชีรายชื่อ,7,เชียงใหม่,แม่อาย,แม่นาวาง,327,441,เพื่อไทย,120
บัญชีรายชื่อ,7,เชียงใหม่,แม่อาย,แม่นาวาง,194,275,เพื่อไทย,62
บัญชีรายชื่อ,7,เชียงใหม่,แม่อาย,แม่นาวาง,387,501,เพื่อไทย,144
บัญชีรายชื่อ,7,เชียงใหม่,แม่อาย,แม่นาวาง,557,763,เพื่อไทย,171
บัญชีรายชื่อ,7,เชียงใหม่,แม่อาย,แม่นาวาง,418,519,เพื่อไทย,36
บัญชีรายชื่อ,7,เชียงใหม่,แม่อาย,แม่นาวาง,527,752,เพื่อไทย,116
บัญชีรายชื่อ,7,เชียงใหม่,แม่อาย,แม่นาวาง,656,901,เพื่อไทย,147
บัญชีรายชื่อ,7,เชียงใหม่,แม่อาย,แม่นาวาง,131,167,เพื่อไทย,22
บัญชีรายชื่อ,7,เชียงใหม่,แม่อาย,แม่สาว,255,375,เพื่อไทย,105
บัญชีรายชื่อ,7,เชียงใหม่,แม่อาย,แม่สาว,520,726,เพื่อไทย,143
บัญชีรายชื่อ,7,เชียงใหม่,แม่อาย,แม่สาว,428,537,เพื่อไทย,170
บัญชีรายชื่อ,7,เชียงใหม่,แม่อาย,แม่สาว,163,202,เพื่อไทย,59
บัญชีรายชื่อ,7,เชียงใหม่,แม่อาย,แม่สาว,244,307,เพื่อไทย,90
บัญชีรายชื่อ,7,เชียงใหม่,แม่อาย,แม่สาว,370,463,เพื่อไทย,135
บัญชีรายชื่อ,7,เชียงใหม่,แม่อาย,แม่สาว,638,926,เพื่อไทย,48
บัญชีรายชื่อ,7,เชียงใหม่,แม่อาย,แม่สาว,283,397,เพื่อไทย,117
บัญชีรายชื่อ,7,เชียงใหม่,แม่อาย,แม่สาว,285,345,เพื่อไทย,0
บัญชีรายชื่อ,7,เชียงใหม่,แม่อาย,แม่สาว,433,560,เพื่อไทย,155
บัญชีรายชื่อ,7,เชียงใหม่,แม่อาย,แม่สาว,383,458,เพื่อไทย,200
บัญชีรายชื่อ,7,เชียงใหม่,แม่อาย,แม่สาว,226,342,เพื่อไทย,90
บัญชีรายชื่อ,7,เชียงใหม่,แม่อาย,แม่สาว,414,540,เพื่อไทย,125
บัญชีรายชื่อ,7,เชียงใหม่,แม่อาย,แม่สาว,698,926,เพื่อไทย,186
บัญชีรายชื่อ,7,เชียงใหม่,แม่อาย,แม่สาว,236,292,เพื่อไทย,81
บัญชีรายชื่อ,7,เชียงใหม่,แม่อาย,แม่สาว,346,436,เพื่อไทย,148
บัญชีรายชื่อ,7,เชียงใหม่,แม่อาย,แม่สาว,153,199,เพื่อไทย,49
บัญชีรายชื่อ,7,เชียงใหม่,แม่อาย,แม่อาย,427,565,เพื่อไทย,158
บัญชีรายชื่อ,7,เชียงใหม่,แม่อาย,แม่อาย,262,363,เพื่อไทย,121
บัญชีรายชื่อ,7,เชียงใหม่,แม่อาย,แม่อาย,210,250,เพื่อไทย,75
บัญชีรายชื่อ,7,เชียงใหม่,แม่อาย,แม่อาย,238,328,เพื่อไทย,107
บัญชีรายชื่อ,7,เชียงใหม่,แม่อาย,แม่อาย,316,438,เพื่อไทย,127
บัญชีรายชื่อ,7,เชียงใหม่,แม่อาย,แม่อาย,250,368,เพื่อไทย,96
บัญชีรายชื่อ,7,เชียงใหม่,แม่อาย,แม่อาย,256,373,เพื่อไทย,103
บัญชีรายชื่อ,7,เชียงใหม่,แม่อาย,แม่อาย,287,374,เพื่อไทย,94
บัญชีรายชื่อ,7,เชียงใหม่,แม่อาย,แม่อาย,257,300,เพื่อไทย,114
บัญชีรายชื่อ,7,เชียงใหม่,แม่อาย,แม่อาย,467,612,เพื่อไทย,151
บัญชีรายชื่อ,7,เชียงใหม่,แม่อาย,แม่อาย,460,697,เพื่อไทย,171
บัญชีรายชื่อ,7,เชียงใหม่,แม่อาย,แม่อาย,201,258,เพื่อไทย,11
บัญชีรายชื่อ,7,เชียงใหม่,แม่อาย,แม่อาย,333,555,เพื่อไทย,108
บัญชีรายชื่อ,7,เชียงใหม่,แม่อาย,แม่อาย,233,335,เพื่อไทย,16
บัญชีรายชื่อ,7,เชียงใหม่,แม่อาย,แม่อาย,473,592,เพื่อไทย,80
บัญชีรายชื่อ,7,เชียงใหม่,แม่อาย,แม่อาย,120,167,เพื่อไทย,11
บัญชีรายชื่อ,7,เชียงใหม่,ไชยปราการ,ปงตำ,743,1004,เพื่อไทย,32
บัญชีรายชื่อ,7,เชียงใหม่,ไชยปราการ,ปงตำ,692,1011,เพื่อไทย,264
บัญชีรายชื่อ,7,เชียงใหม่,ไชยปราการ,ปงตำ,752,1018,เพื่อไทย,314
บัญชีรายชื่อ,7,เชียงใหม่,ไชยปราการ,ปงตำ,578,749,เพื่อไทย,201
บัญชีรายชื่อ,7,เชียงใหม่,ไชยปราการ,ปงตำ,242,333,เพื่อไทย,98
บัญชีรายชื่อ,7,เชียงใหม่,ไชยปราการ,ปงตำ,379,479,เพื่อไทย,174
บัญชีรายชื่อ,7,เชียงใหม่,ไชยปราการ,ปงตำ,517,674,เพื่อไทย,224
บัญชีรายชื่อ,7,เชียงใหม่,ไชยปราการ,ปงตำ,411,608,เพื่อไทย,53
บัญชีรายชื่อ,7,เชียงใหม่,ไชยปราการ,ปงตำ,135,186,เพื่อไทย,60
บัญชีรายชื่อ,7,เชียงใหม่,ไชยปราการ,แม่ทะลบ,529,657,เพื่อไทย,205
บัญชีรายชื่อ,7,เชียงใหม่,ไชยปราการ,แม่ทะลบ,469,605,เพื่อไทย,228
บัญชีรายชื่อ,7,เชียงใหม่,ไชยปราการ,แม่ทะลบ,470,578,เพื่อไทย,239
บัญชีรายชื่อ,7,เชียงใหม่,ไชยปราการ,แม่ทะลบ,730,968,เพื่อไทย,270
บัญชีรายชื่อ,7,เชียงใหม่,ไชยปราการ,แม่ทะลบ,535,684,เพื่อไทย,127
บัญชีรายชื่อ,7,เชียงใหม่,ไชยปราการ,แม่ทะลบ,447,554,เพื่อไทย,180
บัญชีรายชื่อ,7,เชียงใหม่,ไชยปราการ,แม่ทะลบ,363,460,เพื่อไทย,158
บัญชีรายชื่อ,7,เชียงใหม่,ไชยปราการ,แม่ทะลบ,388,509,เพื่อไทย,89
บัญชีรายชื่อ,7,เชียงใหม่,ไชยปราการ,แม่ทะลบ,410,537,เพื่อไทย,72
บัญชีรายชื่อ,7,เชียงใหม่,,,800,800,เพื่อไทย,148
บัญชีรายชื่อ,7,เชียงใหม่,,,799,800,เพื่อไทย,142
บัญชีรายชื่อ,7,เชียงใหม่,,,800,800,เพื่อไทย,146
บัญชีรายชื่อ,7,เชียงใหม่,,,800,800,เพื่อไทย,141
บัญชีรายชื่อ,7,เชียงใหม่,,,800,800,เพื่อไทย,143
บัญชีรายชื่อ,7,เชียงใหม่,,,800,800,เพื่อไทย,155
บัญชีรายชื่อ,7,เชียงใหม่,,,800,800,เพื่อไทย,150
บัญชีรายชื่อ,7,เชียงใหม่,,,482,482,เพื่อไทย,93
บัญชีรายชื่อ,7,เชียงใหม่,ฝาง,สันทราย,307,385,เสรีรวมไทย,5
บัญชีรายชื่อ,7,เชียงใหม่,ฝาง,สันทราย,451,544,เสรีรวมไทย,6
บัญชีรายชื่อ,7,เชียงใหม่,ฝาง,สันทราย,521,636,เสรีรวมไทย,6
บัญชีรายชื่อ,7,เชียงใหม่,ฝาง,สันทราย,631,841,เสรีรวมไทย,3
บัญชีรายชื่อ,7,เชียงใหม่,ฝาง,สันทราย,258,335,เสรีรวมไทย,2
บัญชีรายชื่อ,7,เชียงใหม่,ฝาง,สันทราย,593,776,เสรีรวมไทย,9
บัญชีรายชื่อ,7,เชียงใหม่,ฝาง,สันทราย,500,616,เสรีรวมไทย,2
บัญชีรายชื่อ,7,เชียงใหม่,ฝาง,ม่อนปิ่น,0,0,เสรีรวมไทย,0
บัญชีรายชื่อ,7,เชียงใหม่,ฝาง,ม่อนปิ่น,719,935,เสรีรวมไทย,2
บัญชีรายชื่อ,7,เชียงใหม่,ฝาง,ม่อนปิ่น,542,756,เสรีรวมไทย,3
บัญชีรายชื่อ,7,เชียงใหม่,ฝาง,ม่อนปิ่น,363,467,เสรีรวมไทย,0
บัญชีรายชื่อ,7,เชียงใหม่,ฝาง,ม่อนปิ่น,190,234,เสรีรวมไทย,2
บัญชีรายชื่อ,7,เชียงใหม่,ฝาง,ม่อนปิ่น,390,482,เสรีรวมไทย,0
บัญชีรายชื่อ,7,เชียงใหม่,ฝาง,ม่อนปิ่น,671,996,เสรีรวมไทย,9
บัญชีรายชื่อ,7,เชียงใหม่,ฝาง,ม่อนปิ่น,370,470,เสรีรวมไทย,2
บัญชีรายชื่อ,7,เชียงใหม่,ฝาง,ม่อนปิ่น,484,640,เสรีรวมไทย,2
บัญชีรายชื่อ,7,เชียงใหม่,ฝาง,ม่อนปิ่น,142,177,เสรีรวมไทย,1
บัญชีรายชื่อ,7,เชียงใหม่,ฝาง,ม่อนปิ่น,559,862,เสรีรวมไทย,2
บัญชีรายชื่อ,7,เชียงใหม่,ฝาง,ม่อนปิ่น,318,418,เสรีรวมไทย,2
บัญชีรายชื่อ,7,เชียงใหม่,ฝาง,ม่อนปิ่น,229,303,เสรีรวมไทย,2
บัญชีรายชื่อ,7,เชียงใหม่,ฝาง,ม่อนปิ่น,274,354,เสรีรวมไทย,1
บัญชีรายชื่อ,7,เชียงใหม่,ฝาง,ม่อนปิ่น,717,971,เสรีรวมไทย,3
บัญชีรายชื่อ,7,เชียงใหม่,ฝาง,สันทราย,403,520,เสรีรวมไทย,2
บัญชีรายชื่อ,7,เชียงใหม่,ฝาง,สันทราย,310,399,เสรีรวมไทย,2
บัญชีรายชื่อ,7,เชียงใหม่,ฝาง,สันทราย,489,616,เสรีรวมไทย,1
บัญชีรายชื่อ,7,เชียงใหม่,ฝาง,สันทราย,189,221,เสรีรวมไทย,3
บัญชีรายชื่อ,7,เชียงใหม่,ฝาง,สันทราย,487,676,เสรีรวมไทย,2
บัญชีรายชื่อ,7,เชียงใหม่,ฝาง,สันทราย,315,406,เสรีรวมไทย,3
บัญชีรายชื่อ,7,เชียงใหม่,ฝาง,สันทราย,338,400,เสรีรวมไทย,1
บัญชีรายชื่อ,7,เชียงใหม่,ฝาง,สันทราย,493,646,เสรีรวมไทย,6
บัญชีรายชื่อ,7,เชียงใหม่,ฝาง,สันทราย,278,342,เสรีรวมไทย,0
บัญชีรายชื่อ,7,เชียงใหม่,ฝาง,สันทราย,320,416,เสรีรวมไทย,1
บัญชีรายชื่อ,7,เชียงใหม่,ฝาง,เวียง,501,733,เสรีรวมไทย,4
บัญชีรายชื่อ,7,เชียงใหม่,ฝาง,เวียง,430,609,เสรีรวมไทย,2
บัญชีรายชื่อ,7,เชียงใหม่,ฝาง,เวียง,624,933,เสรีรวมไทย,11
บัญชีรายชื่อ,7,เชียงใหม่,ฝาง,เวียง,640,917,เสรีรวมไทย,3
บัญชีรายชื่อ,7,เชียงใหม่,ฝาง,เวียง,723,1070,เสรีรวมไทย,16
บัญชีรายชื่อ,7,เชียงใหม่,ฝาง,เวียง,473,6636,เสรีรวมไทย,6
บัญชีรายชื่อ,7,เชียงใหม่,ฝาง,เวียง,344,464,เสรีรวมไทย,4
บัญชีรายชื่อ,7,เชียงใหม่,ฝาง,เวียง,234,462,เสรีรวมไทย,0
บัญชีรายชื่อ,7,เชียงใหม่,ฝาง,เวียง,264,360,เสรีรวมไทย,2
บัญชีรายชื่อ,7,เชียงใหม่,ฝาง,เวียง,624,862,เสรีรวมไทย,154
บัญชีรายชื่อ,7,เชียงใหม่,ฝาง,เวียง,625,907,เสรีรวมไทย,3
บัญชีรายชื่อ,7,เชียงใหม่,ฝาง,เวียง,389,499,เสรีรวมไทย,0
บัญชีรายชื่อ,7,เชียงใหม่,ฝาง,เวียง,549,724,เสรีรวมไทย,2
บัญชีรายชื่อ,7,เชียงใหม่,ฝาง,เวียง,191,285,เสรีรวมไทย,0
บัญชีรายชื่อ,7,เชียงใหม่,ฝาง,เวียง,453,610,เสรีรวมไทย,1
บัญชีรายชื่อ,7,เชียงใหม่,ฝาง,เวียง,359,483,เสรีรวมไทย,2
บัญชีรายชื่อ,7,เชียงใหม่,ฝาง,เวียง,371,463,เสรีรวมไทย,5
บัญชีรายชื่อ,7,เชียงใหม่,ฝาง,เวียง,318,448,เสรีรวมไทย,4
บัญชีรายชื่อ,7,เชียงใหม่,ฝาง,เวียง,458,608,เสรีรวมไทย,3
บัญชีรายชื่อ,7,เชียงใหม่,ฝาง,เวียง,425,576,เสรีรวมไทย,4
บัญชีรายชื่อ,7,เชียงใหม่,ฝาง,เวียง,414,582,เสรีรวมไทย,5
บัญชีรายชื่อ,7,เชียงใหม่,ฝาง,เวียง,608,793,เสรีรวมไทย,2
บัญชีรายชื่อ,7,เชียงใหม่,ฝาง,เวียง,555,706,เสรีรวมไทย,13
บัญชีรายชื่อ,7,เชียงใหม่,ฝาง,เวียง,501,631,เสรีรวมไทย,6
บัญชีรายชื่อ,7,เชียงใหม่,ฝาง,เวียง,169,226,เสรีรวมไทย,0
บัญชีรายชื่อ,7,เชียงใหม่,ฝาง,เวียง,265,469,เสรีรวมไทย,0
บัญชีรายชื่อ,7,เชียงใหม่,ฝาง,แม่ข่า,391,498,เสรีรวมไทย,1
บัญชีรายชื่อ,7,เชียงใหม่,ฝาง,แม่ข่า,419,541,เสรีรวมไทย,7
บัญชีรายชื่อ,7,เชียงใหม่,ฝาง,แม่ข่า,421,542,เสรีรวมไทย,5
บัญชีรายชื่อ,7,เชียงใหม่,ฝาง,แม่ข่า,335,425,เสรีรวมไทย,0
บัญชีรายชื่อ,7,เชียงใหม่,ฝาง,แม่ข่า,337,444,เสรีรวมไทย,1
บัญชีรายชื่อ,7,เชียงใหม่,ฝาง,แม่ข่า,287,373,เสรีรวมไทย,1
บัญชีรายชื่อ,7,เชียงใหม่,ฝาง,แม่ข่า,543,687,เสรีรวมไทย,2
บัญชีรายชื่อ,7,เชียงใหม่,ฝาง,แม่ข่า,358,479,เสรีรวมไทย,1
บัญชีรายชื่อ,7,เชียงใหม่,ฝาง,แม่ข่า,628,763,เสรีรวมไทย,0
บัญชีรายชื่อ,7,เชียงใหม่,ฝาง,แม่ข่า,367,494,เสรีรวมไทย,2
บัญชีรายชื่อ,7,เชียงใหม่,ฝาง,แม่ข่า,419,546,เสรีรวมไทย,1
บัญชีรายชื่อ,7,เชียงใหม่,ฝาง,แม่ข่า,278,339,เสรีรวมไทย,2
บัญชีรายชื่อ,7,เชียงใหม่,ฝาง,แม่ข่า,469,586,เสรีรวมไทย,4
บัญชีรายชื่อ,7,เชียงใหม่,ฝาง,แม่ข่า,295,370,เสรีรวมไทย,0
บัญชีรายชื่อ,7,เชียงใหม่,ฝาง,แม่คะ,523,683,เสรีรวมไทย,6
บัญชีรายชื่อ,7,เชียงใหม่,ฝาง,แม่คะ,472,682,เสรีรวมไทย,0
บัญชีรายชื่อ,7,เชียงใหม่,ฝาง,แม่คะ,403,482,เสรีรวมไทย,3
บัญชีรายชื่อ,7,เชียงใหม่,ฝาง,แม่คะ,441,580,เสรีรวมไทย,4
บัญชีรายชื่อ,7,เชียงใหม่,ฝาง,แม่คะ,215,251,เสรีรวมไทย,0
บัญชีรายชื่อ,7,เชียงใหม่,ฝาง,แม่คะ,265,321,เสรีรวมไทย,2
บัญชีรายชื่อ,7,เชียงใหม่,ฝาง,แม่คะ,444,710,เสรีรวมไทย,0
บัญชีรายชื่อ,7,เชียงใหม่,ฝาง,แม่คะ,213,287,เสรีรวมไทย,0
บัญชีรายชื่อ,7,เชียงใหม่,ฝาง,แม่คะ,584,728,เสรีรวมไทย,3
บัญชีรายชื่อ,7,เชียงใหม่,ฝาง,แม่คะ,242,329,เสรีรวมไทย,5
บัญชีรายชื่อ,7,เชียงใหม่,ฝาง,แม่คะ,350,512,เสรีรวมไทย,2
บัญชีรายชื่อ,7,เชียงใหม่,ฝาง,แม่คะ,563,722,เสรีรวมไทย,1
บัญชีรายชื่อ,7,เชียงใหม่,ฝาง,แม่คะ,636,1089,เสรีรวมไทย,0
บัญชีรายชื่อ,7,เชียงใหม่,ฝาง,แม่คะ,500,610,เสรีรวมไทย,1
บัญชีรายชื่อ,7,เชียงใหม่,ฝาง,แม่คะ,167,207,เสรีรวมไทย,2
บัญชีรายชื่อ,7,เชียงใหม่,ฝาง,แม่คะ,522,692,เสรีรวมไทย,3
บัญชีรายชื่อ,7,เชียงใหม่,ฝาง,แม่งอน,297,386,เสรีรวมไทย,5
บัญชีรายชื่อ,7,เชียงใหม่,ฝาง,แม่งอน,209,630,เสรีรวมไทย,1
บัญชีรายชื่อ,7,เชียงใหม่,ฝาง,แม่งอน,360,414,เสรีรวมไทย,1
บัญชีรายชื่อ,7,เชียงใหม่,ฝาง,แม่งอน,328,393,เสรีรวมไทย,2
บัญชีรายชื่อ,7,เชียงใหม่,ฝาง,แม่งอน,346,763,เสรีรวมไทย,2
บัญชีรายชื่อ,7,เชียงใหม่,ฝาง,แม่งอน,265,315,เสรีรวมไทย,1
บัญชีรายชื่อ,7,เชียงใหม่,ฝาง,แม่งอน,268,331,เสรีรวมไทย,3
บัญชีรายชื่อ,7,เชียงใหม่,ฝาง,แม่งอน,310,406,เสรีรวมไทย,4
บัญชีรายชื่อ,7,เชียงใหม่,ฝาง,แม่งอน,507,674,เสรีรวมไทย,1
บัญชีรายชื่อ,7,เชียงใหม่,ฝาง,แม่งอน,298,372,เสรีรวมไทย,1
บัญชีรายชื่อ,7,เชียงใหม่,ฝาง,แม่งอน,508,639,เสรีรวมไทย,4
บัญชีรายชื่อ,7,เชียงใหม่,ฝาง,แม่งอน,380,880,เสรีรวมไทย,0
บัญชีรายชื่อ,7,เชียงใหม่,ฝาง,แม่งอน,292,531,เสรีรวมไทย,0
บัญชีรายชื่อ,7,เชียงใหม่,ฝาง,แม่งอน,405,694,เสรีรวมไทย,1
บัญชีรายชื่อ,7,เชียงใหม่,ฝาง,แม่งอน,499,681,เสรีรวมไทย,2
บัญชีรายชื่อ,7,เชียงใหม่,ฝาง,แม่งอน,435,562,เสรีรวมไทย,2
บัญชีรายชื่อ,7,เชียงใหม่,ฝาง,แม่สูน,386,532,เสรีรวมไทย,3
บัญชีรายชื่อ,7,เชียงใหม่,ฝาง,แม่สูน,614,846,เสรีรวมไทย,8
บัญชีรายชื่อ,7,เชียงใหม่,ฝาง,แม่สูน,617,7999,เสรีรวมไทย,3
บัญชีรายชื่อ,7,เชียงใหม่,ฝาง,แม่สูน,396,530,เสรีรวมไทย,4
บัญชีรายชื่อ,7,เชียงใหม่,ฝาง,แม่สูน,295,373,เสรีรวมไทย,3
บัญชีรายชื่อ,7,เชียงใหม่,ฝาง,แม่สูน,264,347,เสรีรวมไทย,0
บัญชีรายชื่อ,7,เชียงใหม่,ฝาง,แม่สูน,367,488,เสรีรวมไทย,2
บัญชีรายชื่อ,7,เชียงใหม่,ฝาง,แม่สูน,308,382,เสรีรวมไทย,3
บัญชีรายชื่อ,7,เชียงใหม่,ฝาง,แม่สูน,308,365,เสรีรวมไทย,5
บัญชีรายชื่อ,7,เชียงใหม่,ฝาง,แม่สูน,284,377,เสรีรวมไทย,3
บัญชีรายชื่อ,7,เชียงใหม่,ฝาง,แม่สูน,407,593,เสรีรวมไทย,2
บัญชีรายชื่อ,7,เชียงใหม่,ฝาง,แม่สูน,469,579,เสรีรวมไทย,2
บัญชีรายชื่อ,7,เชียงใหม่,ฝาง,แม่สูน,725,1000,เสรีรวมไทย,2
บัญชีรายชื่อ,7,เชียงใหม่,ฝาง,แม่สูน,479,623,เสรีรวมไทย,2
บัญชีรายชื่อ,7,เชียงใหม่,ฝาง,แม่สูน,301,403,เสรีรวมไทย,2
บัญชีรายชื่อ,7,เชียงใหม่,ฝาง,แม่สูน,330,433,เสรีรวมไทย,2
บัญชีรายชื่อ,7,เชียงใหม่,ฝาง,แม่สูน,607,824,เสรีรวมไทย,5
บัญชีรายชื่อ,7,เชียงใหม่,ฝาง,แม่สูน,101,118,เสรีรวมไทย,1
บัญชีรายชื่อ,7,เชียงใหม่,ฝาง,โป่งน้ำร้อน,214,275,เสรีรวมไทย,0
บัญชีรายชื่อ,7,เชียงใหม่,ฝาง,โป่งน้ำร้อน,327,413,เสรีรวมไทย,0
บัญชีรายชื่อ,7,เชียงใหม่,ฝาง,โป่งน้ำร้อน,502,794,เสรีรวมไทย,1
บัญชีรายชื่อ,7,เชียงใหม่,ฝาง,โป่งน้ำร้อน,269,356,เสรีรวมไทย,1
บัญชีรายชื่อ,7,เชียงใหม่,ฝาง,โป่งน้ำร้อน,348,415,เสรีรวมไทย,1
บัญชีรายชื่อ,7,เชียงใหม่,ฝาง,โป่งน้ำร้อน,462,610,เสรีรวมไทย,0
บัญชีรายชื่อ,7,เชียงใหม่,ฝาง,โป่งน้ำร้อน,324,418,เสรีรวมไทย,4
บัญชีรายชื่อ,7,เชียงใหม่,แม่อาย,ท่าตอน,448,647,เสรีรวมไทย,2
บัญชีรายชื่อ,7,เชียงใหม่,แม่อาย,ท่าตอน,81,139,เสรีรวมไทย,1
บัญชีรายชื่อ,7,เชียงใหม่,แม่อาย,ท่าตอน,500,741,เสรีรวมไทย,0
บัญชีรายชื่อ,7,เชียงใหม่,แม่อาย,ท่าตอน,332,527,เสรีรวมไทย,2
บัญชีรายชื่อ,7,เชียงใหม่,แม่อาย,ท่าตอน,523,953,เสรีรวมไทย,1
บัญชีรายชื่อ,7,เชียงใหม่,แม่อาย,ท่าตอน,516,982,เสรีรวมไทย,1
บัญชีรายชื่อ,7,เชียงใหม่,แม่อาย,ท่าตอน,252,418,เสรีรวมไทย,1
บัญชีรายชื่อ,7,เชียงใหม่,แม่อาย,ท่าตอน,650,889,เสรีรวมไทย,3
บัญชีรายชื่อ,7,เชียงใหม่,แม่อาย,ท่าตอน,458,640,เสรีรวมไทย,0
บัญชีรายชื่อ,7,เชียงใหม่,แม่อาย,ท่าตอน,461,742,เสรีรวมไทย,3
บัญชีรายชื่อ,7,เชียงใหม่,แม่อาย,ท่าตอน,199,305,เสรีรวมไทย,1
บัญชีรายชื่อ,7,เชียงใหม่,แม่อาย,ท่าตอน,495,718,เสรีรวมไทย,4
บัญชีรายชื่อ,7,เชียงใหม่,แม่อาย,ท่าตอน,505,933,เสรีรวมไทย,1
บัญชีรายชื่อ,7,เชียงใหม่,แม่อาย,ท่าตอน,525,804,เสรีรวมไทย,4
บัญชีรายชื่อ,7,เชียงใหม่,แม่อาย,ท่าตอน,197,284,เสรีรวมไทย,1
บัญชีรายชื่อ,7,เชียงใหม่,แม่อาย,ท่าตอน,467,692,เสรีรวมไทย,2
บัญชีรายชื่อ,7,เชียงใหม่,แม่อาย,ท่าตอน,125,199,เสรีรวมไทย,0
บัญชีรายชื่อ,7,เชียงใหม่,แม่อาย,ท่าตอน,264,382,เสรีรวมไทย,2
บัญชีรายชื่อ,7,เชียงใหม่,แม่อาย,ท่าตอน,0,0,เสรีรวมไทย,0
บัญชีรายชื่อ,7,เชียงใหม่,แม่อาย,ท่าตอน,504,867,เสรีรวมไทย,5
บัญชีรายชื่อ,7,เชียงใหม่,แม่อาย,บ้านหลวง,364,597,เสรีรวมไทย,1
บัญชีรายชื่อ,7,เชียงใหม่,แม่อาย,บ้านหลวง,283,404,เสรีรวมไทย,0
บัญชีรายชื่อ,7,เชียงใหม่,แม่อาย,บ้านหลวง,254,353,เสรีรวมไทย,0
บัญชีรายชื่อ,7,เชียงใหม่,แม่อาย,บ้านหลวง,520,674,เสรีรวมไทย,2
บัญชีรายชื่อ,7,เชียงใหม่,แม่อาย,บ้านหลวง,339,454,เสรีรวมไทย,0
บัญชีรายชื่อ,7,เชียงใหม่,แม่อาย,บ้านหลวง,287,382,เสรีรวมไทย,5
บัญชีรายชื่อ,7,เชียงใหม่,แม่อาย,บ้านหลวง,647,837,เสรีรวมไทย,1
บัญชีรายชื่อ,7,เชียงใหม่,แม่อาย,บ้านหลวง,274,328,เสรีรวมไทย,0
บัญชีรายชื่อ,7,เชียงใหม่,แม่อาย,บ้านหลวง,161,206,เสรีรวมไทย,1
บัญชีรายชื่อ,7,เชียงใหม่,แม่อาย,บ้านหลวง,303,396,เสรีรวมไทย,3
บัญชีรายชื่อ,7,เชียงใหม่,แม่อาย,บ้านหลวง,141,170,เสรีรวมไทย,0
บัญชีรายชื่อ,7,เชียงใหม่,แม่อาย,บ้านหลวง,129,168,เสรีรวมไทย,0
บัญชีรายชื่อ,7,เชียงใหม่,แม่อาย,บ้านหลวง,195,253,เสรีรวมไทย,1
บัญชีรายชื่อ,7,เชียงใหม่,แม่อาย,มะลิกา,151,196,เสรีรวมไทย,0
บัญชีรายชื่อ,7,เชียงใหม่,แม่อาย,มะลิกา,169,239,เสรีรวมไทย,0
บัญชีรายชื่อ,7,เชียงใหม่,แม่อาย,มะลิกา,195,378,เสรีรวมไทย,1
บัญชีรายชื่อ,7,เชียงใหม่,แม่อาย,มะลิกา,226,394,เสรีรวมไทย,1
บัญชีรายชื่อ,7,เชียงใหม่,แม่อาย,มะลิกา,290,408,เสรีรวมไทย,0
บัญชีรายชื่อ,7,เชียงใหม่,แม่อาย,มะลิกา,274,396,เสรีรวมไทย,4
บัญชีรายชื่อ,7,เชียงใหม่,แม่อาย,มะลิกา,308,448,เสรีรวมไทย,11
บัญชีรายชื่อ,7,เชียงใหม่,แม่อาย,มะลิกา,188,235,เสรีรวมไทย,2
บัญชีรายชื่อ,7,เชียงใหม่,แม่อาย,มะลิกา,195,291,เสรีรวมไทย,5
บัญชีรายชื่อ,7,เชียงใหม่,แม่อาย,มะลิกา,151,196,เสรีรวมไทย,0
บัญชีรายชื่อ,7,เชียงใหม่,แม่อาย,สันต้นหมื้อ,434,567,เสรีรวมไทย,3
บัญชีรายชื่อ,7,เชียงใหม่,แม่อาย,สันต้นหมื้อ,215,242,เสรีรวมไทย,3
บัญชีรายชื่อ,7,เชียงใหม่,แม่อาย,สันต้นหมื้อ,211,288,เสรีรวมไทย,2
บัญชีรายชื่อ,7,เชียงใหม่,แม่อาย,สันต้นหมื้อ,216,271,เสรีรวมไทย,1
บัญชีรายชื่อ,7,เชียงใหม่,แม่อาย,สันต้นหมื้อ,318,416,เสรีรวมไทย,5
บัญชีรายชื่อ,7,เชียงใหม่,แม่อาย,สันต้นหมื้อ,317,442,เสรีรวมไทย,6
บัญชีรายชื่อ,7,เชียงใหม่,แม่อาย,สันต้นหมื้อ,340,429,เสรีรวมไทย,2
บัญชีรายชื่อ,7,เชียงใหม่,แม่อาย,สันต้นหมื้อ,379,520,เสรีรวมไทย,3
บัญชีรายชื่อ,7,เชียงใหม่,แม่อาย,สันต้นหมื้อ,539,740,เสรีรวมไทย,6
บัญชีรายชื่อ,7,เชียงใหม่,แม่อาย,สันต้นหมื้อ,171,226,เสรีรวมไทย,0
บัญชีรายชื่อ,7,เชียงใหม่,แม่อาย,สันต้นหมื้อ,310,412,เสรีรวมไทย,3
บัญชีรายชื่อ,7,เชียงใหม่,แม่อาย,สันต้นหมื้อ,170,230,เสรีรวมไทย,0
บัญชีรายชื่อ,7,เชียงใหม่,แม่อาย,แม่นาวาง,287,404,เสรีรวมไทย,2
บัญชีรายชื่อ,7,เชียงใหม่,แม่อาย,แม่นาวาง,462,522,เสรีรวมไทย,0
บัญชีรายชื่อ,7,เชียงใหม่,แม่อาย,แม่นาวาง,212,287,เสรีรวมไทย,2
บัญชีรายชื่อ,7,เชียงใหม่,แม่อาย,แม่นาวาง,270,361,เสรีรวมไทย,4
บัญชีรายชื่อ,7,เชียงใหม่,แม่อาย,แม่นาวาง,406,530,เสรีรวมไทย,5
บัญชีรายชื่อ,7,เชียงใหม่,แม่อาย,แม่นาวาง,222,288,เสรีรวมไทย,1
บัญชีรายชื่อ,7,เชียงใหม่,แม่อาย,แม่นาวาง,520,782,เสรีรวมไทย,0
บัญชีรายชื่อ,7,เชียงใหม่,แม่อาย,แม่นาวาง,262,355,เสรีรวมไทย,1
บัญชีรายชื่อ,7,เชียงใหม่,แม่อาย,แม่นาวาง,412,577,เสรีรวมไทย,0
บัญชีรายชื่อ,7,เชียงใหม่,แม่อาย,แม่นาวาง,302,421,เสรีรวมไทย,1
บัญชีรายชื่อ,7,เชียงใหม่,แม่อาย,แม่นาวาง,336,445,เสรีรวมไทย,0
บัญชีรายชื่อ,7,เชียงใหม่,แม่อาย,แม่นาวาง,418,556,เสรีรวมไทย,2
บัญชีรายชื่อ,7,เชียงใหม่,แม่อาย,แม่นาวาง,327,441,เสรีรวมไทย,3
บัญชีรายชื่อ,7,เชียงใหม่,แม่อาย,แม่นาวาง,194,275,เสรีรวมไทย,2
บัญชีรายชื่อ,7,เชียงใหม่,แม่อาย,แม่นาวาง,387,501,เสรีรวมไทย,1
บัญชีรายชื่อ,7,เชียงใหม่,แม่อาย,แม่นาวาง,557,763,เสรีรวมไทย,3
บัญชีรายชื่อ,7,เชียงใหม่,แม่อาย,แม่นาวาง,418,519,เสรีรวมไทย,5
บัญชีรายชื่อ,7,เชียงใหม่,แม่อาย,แม่นาวาง,527,752,เสรีรวมไทย,2
บัญชีรายชื่อ,7,เชียงใหม่,แม่อาย,แม่นาวาง,656,901,เสรีรวมไทย,3
บัญชีรายชื่อ,7,เชียงใหม่,แม่อาย,แม่นาวาง,131,167,เสรีรวมไทย,0
บัญชีรายชื่อ,7,เชียงใหม่,แม่อาย,แม่สาว,255,375,เสรีรวมไทย,1
บัญชีรายชื่อ,7,เชียงใหม่,แม่อาย,แม่สาว,520,726,เสรีรวมไทย,1
บัญชีรายชื่อ,7,เชียงใหม่,แม่อาย,แม่สาว,428,537,เสรีรวมไทย,3
บัญชีรายชื่อ,7,เชียงใหม่,แม่อาย,แม่สาว,163,202,เสรีรวมไทย,1
บัญชีรายชื่อ,7,เชียงใหม่,แม่อาย,แม่สาว,244,307,เสรีรวมไทย,2
บัญชีรายชื่อ,7,เชียงใหม่,แม่อาย,แม่สาว,370,463,เสรีรวมไทย,4
บัญชีรายชื่อ,7,เชียงใหม่,แม่อาย,แม่สาว,638,926,เสรีรวมไทย,1
บัญชีรายชื่อ,7,เชียงใหม่,แม่อาย,แม่สาว,283,397,เสรีรวมไทย,4
บัญชีรายชื่อ,7,เชียงใหม่,แม่อาย,แม่สาว,285,345,เสรีรวมไทย,0
บัญชีรายชื่อ,7,เชียงใหม่,แม่อาย,แม่สาว,433,560,เสรีรวมไทย,3
บัญชีรายชื่อ,7,เชียงใหม่,แม่อาย,แม่สาว,383,458,เสรีรวมไทย,3
บัญชีรายชื่อ,7,เชียงใหม่,แม่อาย,แม่สาว,226,342,เสรีรวมไทย,0
บัญชีรายชื่อ,7,เชียงใหม่,แม่อาย,แม่สาว,414,540,เสรีรวมไทย,7
บัญชีรายชื่อ,7,เชียงใหม่,แม่อาย,แม่สาว,698,926,เสรีรวมไทย,1
บัญชีรายชื่อ,7,เชียงใหม่,แม่อาย,แม่สาว,236,292,เสรีรวมไทย,5
บัญชีรายชื่อ,7,เชียงใหม่,แม่อาย,แม่สาว,346,436,เสรีรวมไทย,1
บัญชีรายชื่อ,7,เชียงใหม่,แม่อาย,แม่สาว,153,199,เสรีรวมไทย,1
บัญชีรายชื่อ,7,เชียงใหม่,แม่อาย,แม่อาย,427,565,เสรีรวมไทย,4
บัญชีรายชื่อ,7,เชียงใหม่,แม่อาย,แม่อาย,262,363,เสรีรวมไทย,0
บัญชีรายชื่อ,7,เชียงใหม่,แม่อาย,แม่อาย,210,250,เสรีรวมไทย,0
บัญชีรายชื่อ,7,เชียงใหม่,แม่อาย,แม่อาย,238,328,เสรีรวมไทย,4
บัญชีรายชื่อ,7,เชียงใหม่,แม่อาย,แม่อาย,316,438,เสรีรวมไทย,1
บัญชีรายชื่อ,7,เชียงใหม่,แม่อาย,แม่อาย,250,368,เสรีรวมไทย,5
บัญชีรายชื่อ,7,เชียงใหม่,แม่อาย,แม่อาย,256,373,เสรีรวมไทย,3
บัญชีรายชื่อ,7,เชียงใหม่,แม่อาย,แม่อาย,287,374,เสรีรวมไทย,3
บัญชีรายชื่อ,7,เชียงใหม่,แม่อาย,แม่อาย,257,300,เสรีรวมไทย,1
บัญชีรายชื่อ,7,เชียงใหม่,แม่อาย,แม่อาย,467,612,เสรีรวมไทย,5
บัญชีรายชื่อ,7,เชียงใหม่,แม่อาย,แม่อาย,460,697,เสรีรวมไทย,0
บัญชีรายชื่อ,7,เชียงใหม่,แม่อาย,แม่อาย,201,258,เสรีรวมไทย,0
บัญชีรายชื่อ,7,เชียงใหม่,แม่อาย,แม่อาย,333,555,เสรีรวมไทย,1
บัญชีรายชื่อ,7,เชียงใหม่,แม่อาย,แม่อาย,233,335,เสรีรวมไทย,2
บัญชีรายชื่อ,7,เชียงใหม่,แม่อาย,แม่อาย,473,592,เสรีรวมไทย,2
บัญชีรายชื่อ,7,เชียงใหม่,แม่อาย,แม่อาย,120,167,เสรีรวมไทย,0
บัญชีรายชื่อ,7,เชียงใหม่,ไชยปราการ,ปงตำ,743,1004,เสรีรวมไทย,9
บัญชีรายชื่อ,7,เชียงใหม่,ไชยปราการ,ปงตำ,692,1011,เสรีรวมไทย,10
บัญชีรายชื่อ,7,เชียงใหม่,ไชยปราการ,ปงตำ,752,1018,เสรีรวมไทย,6
บัญชีรายชื่อ,7,เชียงใหม่,ไชยปราการ,ปงตำ,578,749,เสรีรวมไทย,1
บัญชีรายชื่อ,7,เชียงใหม่,ไชยปราการ,ปงตำ,242,333,เสรีรวมไทย,0
บัญชีรายชื่อ,7,เชียงใหม่,ไชยปราการ,ปงตำ,379,479,เสรีรวมไทย,0
บัญชีรายชื่อ,7,เชียงใหม่,ไชยปราการ,ปงตำ,517,674,เสรีรวมไทย,3
บัญชีรายชื่อ,7,เชียงใหม่,ไชยปราการ,ปงตำ,411,608,เสรีรวมไทย,2
บัญชีรายชื่อ,7,เชียงใหม่,ไชยปราการ,ปงตำ,135,186,เสรีรวมไทย,2
บัญชีรายชื่อ,7,เชียงใหม่,ไชยปราการ,แม่ทะลบ,529,657,เสรีรวมไทย,4
บัญชีรายชื่อ,7,เชียงใหม่,ไชยปราการ,แม่ทะลบ,469,605,เสรีรวมไทย,1
บัญชีรายชื่อ,7,เชียงใหม่,ไชยปราการ,แม่ทะลบ,470,578,เสรีรวมไทย,2
บัญชีรายชื่อ,7,เชียงใหม่,ไชยปราการ,แม่ทะลบ,730,968,เสรีรวมไทย,1
บัญชีรายชื่อ,7,เชียงใหม่,ไชยปราการ,แม่ทะลบ,535,684,เสรีรวมไทย,1
บัญชีรายชื่อ,7,เชียงใหม่,ไชยปราการ,แม่ทะลบ,447,554,เสรีรวมไทย,0
บัญชีรายชื่อ,7,เชียงใหม่,ไชยปราการ,แม่ทะลบ,363,460,เสรีรวมไทย,2
บัญชีรายชื่อ,7,เชียงใหม่,ไชยปราการ,แม่ทะลบ,388,509,เสรีรวมไทย,0
บัญชีรายชื่อ,7,เชียงใหม่,ไชยปราการ,แม่ทะลบ,410,537,เสรีรวมไทย,0
บัญชีรายชื่อ,7,เชียงใหม่,,,800,800,เสรีรวมไทย,0
บัญชีรายชื่อ,7,เชียงใหม่,,,799,800,เสรีรวมไทย,3
บัญชีรายชื่อ,7,เชียงใหม่,,,800,800,เสรีรวมไทย,5
บัญชีรายชื่อ,7,เชียงใหม่,,,800,800,เสรีรวมไทย,5
บัญชีรายชื่อ,7,เชียงใหม่,,,800,800,เสรีรวมไทย,3
บัญชีรายชื่อ,7,เชียงใหม่,,,800,800,เสรีรวมไทย,1
บัญชีรายชื่อ,7,เชียงใหม่,,,800,800,เสรีรวมไทย,5
บัญชีรายชื่อ,7,เชียงใหม่,,,482,482,เสรีรวมไทย,3
บัญชีรายชื่อ,7,เชียงใหม่,ฝาง,สันทราย,307,385,ไทยสร้างไทย,7
บัญชีรายชื่อ,7,เชียงใหม่,ฝาง,สันทราย,451,544,ไทยสร้างไทย,4
บัญชีรายชื่อ,7,เชียงใหม่,ฝาง,สันทราย,521,636,ไทยสร้างไทย,7
บัญชีรายชื่อ,7,เชียงใหม่,ฝาง,สันทราย,631,841,ไทยสร้างไทย,5
บัญชีรายชื่อ,7,เชียงใหม่,ฝาง,สันทราย,258,335,ไทยสร้างไทย,0
บัญชีรายชื่อ,7,เชียงใหม่,ฝาง,สันทราย,593,776,ไทยสร้างไทย,3
บัญชีรายชื่อ,7,เชียงใหม่,ฝาง,สันทราย,500,616,ไทยสร้างไทย,6
บัญชีรายชื่อ,7,เชียงใหม่,ฝาง,ม่อนปิ่น,0,0,ไทยสร้างไทย,0
บัญชีรายชื่อ,7,เชียงใหม่,ฝาง,ม่อนปิ่น,719,935,ไทยสร้างไทย,2
บัญชีรายชื่อ,7,เชียงใหม่,ฝาง,ม่อนปิ่น,542,756,ไทยสร้างไทย,2
บัญชีรายชื่อ,7,เชียงใหม่,ฝาง,ม่อนปิ่น,363,467,ไทยสร้างไทย,1
บัญชีรายชื่อ,7,เชียงใหม่,ฝาง,ม่อนปิ่น,190,234,ไทยสร้างไทย,2
บัญชีรายชื่อ,7,เชียงใหม่,ฝาง,ม่อนปิ่น,390,482,ไทยสร้างไทย,0
บัญชีรายชื่อ,7,เชียงใหม่,ฝาง,ม่อนปิ่น,671,996,ไทยสร้างไทย,3
บัญชีรายชื่อ,7,เชียงใหม่,ฝาง,ม่อนปิ่น,370,470,ไทยสร้างไทย,7
บัญชีรายชื่อ,7,เชียงใหม่,ฝาง,ม่อนปิ่น,484,640,ไทยสร้างไทย,5
บัญชีรายชื่อ,7,เชียงใหม่,ฝาง,ม่อนปิ่น,142,177,ไทยสร้างไทย,0
บัญชีรายชื่อ,7,เชียงใหม่,ฝาง,ม่อนปิ่น,559,862,ไทยสร้างไทย,6
บัญชีรายชื่อ,7,เชียงใหม่,ฝาง,ม่อนปิ่น,318,418,ไทยสร้างไทย,4
บัญชีรายชื่อ,7,เชียงใหม่,ฝาง,ม่อนปิ่น,229,303,ไทยสร้างไทย,3
บัญชีรายชื่อ,7,เชียงใหม่,ฝาง,ม่อนปิ่น,274,354,ไทยสร้างไทย,5
บัญชีรายชื่อ,7,เชียงใหม่,ฝาง,ม่อนปิ่น,717,971,ไทยสร้างไทย,4
บัญชีรายชื่อ,7,เชียงใหม่,ฝาง,สันทราย,403,520,ไทยสร้างไทย,4
บัญชีรายชื่อ,7,เชียงใหม่,ฝาง,สันทราย,310,399,ไทยสร้างไทย,2
บัญชีรายชื่อ,7,เชียงใหม่,ฝาง,สันทราย,489,616,ไทยสร้างไทย,2
บัญชีรายชื่อ,7,เชียงใหม่,ฝาง,สันทราย,189,221,ไทยสร้างไทย,1
บัญชีรายชื่อ,7,เชียงใหม่,ฝาง,สันทราย,487,676,ไทยสร้างไทย,2
บัญชีรายชื่อ,7,เชียงใหม่,ฝาง,สันทราย,315,406,ไทยสร้างไทย,1
บัญชีรายชื่อ,7,เชียงใหม่,ฝาง,สันทราย,338,400,ไทยสร้างไทย,2
บัญชีรายชื่อ,7,เชียงใหม่,ฝาง,สันทราย,493,646,ไทยสร้างไทย,1
บัญชีรายชื่อ,7,เชียงใหม่,ฝาง,สันทราย,278,342,ไทยสร้างไทย,0
บัญชีรายชื่อ,7,เชียงใหม่,ฝาง,สันทราย,320,416,ไทยสร้างไทย,1
บัญชีรายชื่อ,7,เชียงใหม่,ฝาง,เวียง,501,733,ไทยสร้างไทย,4
บัญชีรายชื่อ,7,เชียงใหม่,ฝาง,เวียง,430,609,ไทยสร้างไทย,7
บัญชีรายชื่อ,7,เชียงใหม่,ฝาง,เวียง,624,933,ไทยสร้างไทย,9
บัญชีรายชื่อ,7,เชียงใหม่,ฝาง,เวียง,640,917,ไทยสร้างไทย,12
บัญชีรายชื่อ,7,เชียงใหม่,ฝาง,เวียง,723,1070,ไทยสร้างไทย,9
บัญชีรายชื่อ,7,เชียงใหม่,ฝาง,เวียง,473,6636,ไทยสร้างไทย,9
บัญชีรายชื่อ,7,เชียงใหม่,ฝาง,เวียง,344,464,ไทยสร้างไทย,9
บัญชีรายชื่อ,7,เชียงใหม่,ฝาง,เวียง,234,462,ไทยสร้างไทย,2
บัญชีรายชื่อ,7,เชียงใหม่,ฝาง,เวียง,264,360,ไทยสร้างไทย,2
บัญชีรายชื่อ,7,เชียงใหม่,ฝาง,เวียง,624,862,ไทยสร้างไทย,0
บัญชีรายชื่อ,7,เชียงใหม่,ฝาง,เวียง,625,907,ไทยสร้างไทย,28
บัญชีรายชื่อ,7,เชียงใหม่,ฝาง,เวียง,389,499,ไทยสร้างไทย,3
บัญชีรายชื่อ,7,เชียงใหม่,ฝาง,เวียง,549,724,ไทยสร้างไทย,6
บัญชีรายชื่อ,7,เชียงใหม่,ฝาง,เวียง,191,285,ไทยสร้างไทย,3
บัญชีรายชื่อ,7,เชียงใหม่,ฝาง,เวียง,453,610,ไทยสร้างไทย,6
บัญชีรายชื่อ,7,เชียงใหม่,ฝาง,เวียง,359,483,ไทยสร้างไทย,7
บัญชีรายชื่อ,7,เชียงใหม่,ฝาง,เวียง,371,463,ไทยสร้างไทย,16
บัญชีรายชื่อ,7,เชียงใหม่,ฝาง,เวียง,318,448,ไทยสร้างไทย,2
บัญชีรายชื่อ,7,เชียงใหม่,ฝาง,เวียง,458,608,ไทยสร้างไทย,5
บัญชีรายชื่อ,7,เชียงใหม่,ฝาง,เวียง,425,576,ไทยสร้างไทย,19
บัญชีรายชื่อ,7,เชียงใหม่,ฝาง,เวียง,414,582,ไทยสร้างไทย,2
บัญชีรายชื่อ,7,เชียงใหม่,ฝาง,เวียง,608,793,ไทยสร้างไทย,9
บัญชีรายชื่อ,7,เชียงใหม่,ฝาง,เวียง,555,706,ไทยสร้างไทย,9
บัญชีรายชื่อ,7,เชียงใหม่,ฝาง,เวียง,501,631,ไทยสร้างไทย,27
บัญชีรายชื่อ,7,เชียงใหม่,ฝาง,เวียง,169,226,ไทยสร้างไทย,2
บัญชีรายชื่อ,7,เชียงใหม่,ฝาง,เวียง,265,469,ไทยสร้างไทย,16
บัญชีรายชื่อ,7,เชียงใหม่,ฝาง,แม่ข่า,391,498,ไทยสร้างไทย,2
บัญชีรายชื่อ,7,เชียงใหม่,ฝาง,แม่ข่า,419,541,ไทยสร้างไทย,2
บัญชีรายชื่อ,7,เชียงใหม่,ฝาง,แม่ข่า,421,542,ไทยสร้างไทย,5
บัญชีรายชื่อ,7,เชียงใหม่,ฝาง,แม่ข่า,335,425,ไทยสร้างไทย,3
บัญชีรายชื่อ,7,เชียงใหม่,ฝาง,แม่ข่า,337,444,ไทยสร้างไทย,4
บัญชีรายชื่อ,7,เชียงใหม่,ฝาง,แม่ข่า,287,373,ไทยสร้างไทย,2
บัญชีรายชื่อ,7,เชียงใหม่,ฝาง,แม่ข่า,543,687,ไทยสร้างไทย,5
บัญชีรายชื่อ,7,เชียงใหม่,ฝาง,แม่ข่า,358,479,ไทยสร้างไทย,5
บัญชีรายชื่อ,7,เชียงใหม่,ฝาง,แม่ข่า,628,763,ไทยสร้างไทย,7
บัญชีรายชื่อ,7,เชียงใหม่,ฝาง,แม่ข่า,367,494,ไทยสร้างไทย,3
บัญชีรายชื่อ,7,เชียงใหม่,ฝาง,แม่ข่า,419,546,ไทยสร้างไทย,1
บัญชีรายชื่อ,7,เชียงใหม่,ฝาง,แม่ข่า,278,339,ไทยสร้างไทย,4
บัญชีรายชื่อ,7,เชียงใหม่,ฝาง,แม่ข่า,469,586,ไทยสร้างไทย,9
บัญชีรายชื่อ,7,เชียงใหม่,ฝาง,แม่ข่า,295,370,ไทยสร้างไทย,1
บัญชีรายชื่อ,7,เชียงใหม่,ฝาง,แม่คะ,523,683,ไทยสร้างไทย,6
บัญชีรายชื่อ,7,เชียงใหม่,ฝาง,แม่คะ,472,682,ไทยสร้างไทย,1
บัญชีรายชื่อ,7,เชียงใหม่,ฝาง,แม่คะ,403,482,ไทยสร้างไทย,5
บัญชีรายชื่อ,7,เชียงใหม่,ฝาง,แม่คะ,441,580,ไทยสร้างไทย,2
บัญชีรายชื่อ,7,เชียงใหม่,ฝาง,แม่คะ,215,251,ไทยสร้างไทย,1
บัญชีรายชื่อ,7,เชียงใหม่,ฝาง,แม่คะ,265,321,ไทยสร้างไทย,0
บัญชีรายชื่อ,7,เชียงใหม่,ฝาง,แม่คะ,444,710,ไทยสร้างไทย,1
บัญชีรายชื่อ,7,เชียงใหม่,ฝาง,แม่คะ,213,287,ไทยสร้างไทย,2
บัญชีรายชื่อ,7,เชียงใหม่,ฝาง,แม่คะ,584,728,ไทยสร้างไทย,4
บัญชีรายชื่อ,7,เชียงใหม่,ฝาง,แม่คะ,242,329,ไทยสร้างไทย,0
บัญชีรายชื่อ,7,เชียงใหม่,ฝาง,แม่คะ,350,512,ไทยสร้างไทย,4
บัญชีรายชื่อ,7,เชียงใหม่,ฝาง,แม่คะ,563,722,ไทยสร้างไทย,3
บัญชีรายชื่อ,7,เชียงใหม่,ฝาง,แม่คะ,636,1089,ไทยสร้างไทย,2
บัญชีรายชื่อ,7,เชียงใหม่,ฝาง,แม่คะ,500,610,ไทยสร้างไทย,1
บัญชีรายชื่อ,7,เชียงใหม่,ฝาง,แม่คะ,167,207,ไทยสร้างไทย,2
บัญชีรายชื่อ,7,เชียงใหม่,ฝาง,แม่คะ,522,692,ไทยสร้างไทย,2
บัญชีรายชื่อ,7,เชียงใหม่,ฝาง,แม่งอน,297,386,ไทยสร้างไทย,1
บัญชีรายชื่อ,7,เชียงใหม่,ฝาง,แม่งอน,209,630,ไทยสร้างไทย,0
บัญชีรายชื่อ,7,เชียงใหม่,ฝาง,แม่งอน,360,414,ไทยสร้างไทย,2
บัญชีรายชื่อ,7,เชียงใหม่,ฝาง,แม่งอน,328,393,ไทยสร้างไทย,0
บัญชีรายชื่อ,7,เชียงใหม่,ฝาง,แม่งอน,346,763,ไทยสร้างไทย,3
บัญชีรายชื่อ,7,เชียงใหม่,ฝาง,แม่งอน,265,315,ไทยสร้างไทย,2
บัญชีรายชื่อ,7,เชียงใหม่,ฝาง,แม่งอน,268,331,ไทยสร้างไทย,5
บัญชีรายชื่อ,7,เชียงใหม่,ฝาง,แม่งอน,310,406,ไทยสร้างไทย,2
บัญชีรายชื่อ,7,เชียงใหม่,ฝาง,แม่งอน,507,674,ไทยสร้างไทย,3
บัญชีรายชื่อ,7,เชียงใหม่,ฝาง,แม่งอน,298,372,ไทยสร้างไทย,1
บัญชีรายชื่อ,7,เชียงใหม่,ฝาง,แม่งอน,508,639,ไทยสร้างไทย,1
บัญชีรายชื่อ,7,เชียงใหม่,ฝาง,แม่งอน,380,880,ไทยสร้างไทย,3
บัญชีรายชื่อ,7,เชียงใหม่,ฝาง,แม่งอน,292,531,ไทยสร้างไทย,2
บัญชีรายชื่อ,7,เชียงใหม่,ฝาง,แม่งอน,405,694,ไทยสร้างไทย,1
บัญชีรายชื่อ,7,เชียงใหม่,ฝาง,แม่งอน,499,681,ไทยสร้างไทย,6
บัญชีรายชื่อ,7,เชียงใหม่,ฝาง,แม่งอน,435,562,ไทยสร้างไทย,4
บัญชีรายชื่อ,7,เชียงใหม่,ฝาง,แม่สูน,386,532,ไทยสร้างไทย,2
บัญชีรายชื่อ,7,เชียงใหม่,ฝาง,แม่สูน,614,846,ไทยสร้างไทย,5
บัญชีรายชื่อ,7,เชียงใหม่,ฝาง,แม่สูน,617,7999,ไทยสร้างไทย,0
บัญชีรายชื่อ,7,เชียงใหม่,ฝาง,แม่สูน,396,530,ไทยสร้างไทย,3
บัญชีรายชื่อ,7,เชียงใหม่,ฝาง,แม่สูน,295,373,ไทยสร้างไทย,3
บัญชีรายชื่อ,7,เชียงใหม่,ฝาง,แม่สูน,264,347,ไทยสร้างไทย,1
บัญชีรายชื่อ,7,เชียงใหม่,ฝาง,แม่สูน,367,488,ไทยสร้างไทย,3
บัญชีรายชื่อ,7,เชียงใหม่,ฝาง,แม่สูน,308,382,ไทยสร้างไทย,0
บัญชีรายชื่อ,7,เชียงใหม่,ฝาง,แม่สูน,308,365,ไทยสร้างไทย,0
บัญชีรายชื่อ,7,เชียงใหม่,ฝาง,แม่สูน,284,377,ไทยสร้างไทย,0
บัญชีรายชื่อ,7,เชียงใหม่,ฝาง,แม่สูน,407,593,ไทยสร้างไทย,3
บัญชีรายชื่อ,7,เชียงใหม่,ฝาง,แม่สูน,469,579,ไทยสร้างไทย,4
บัญชีรายชื่อ,7,เชียงใหม่,ฝาง,แม่สูน,725,1000,ไทยสร้างไทย,4
บัญชีรายชื่อ,7,เชียงใหม่,ฝาง,แม่สูน,479,623,ไทยสร้างไทย,4
บัญชีรายชื่อ,7,เชียงใหม่,ฝาง,แม่สูน,301,403,ไทยสร้างไทย,0
บัญชีรายชื่อ,7,เชียงใหม่,ฝาง,แม่สูน,330,433,ไทยสร้างไทย,3
บัญชีรายชื่อ,7,เชียงใหม่,ฝาง,แม่สูน,607,824,ไทยสร้างไทย,3
บัญชีรายชื่อ,7,เชียงใหม่,ฝาง,แม่สูน,101,118,ไทยสร้างไทย,1
บัญชีรายชื่อ,7,เชียงใหม่,ฝาง,โป่งน้ำร้อน,214,275,ไทยสร้างไทย,3
บัญชีรายชื่อ,7,เชียงใหม่,ฝาง,โป่งน้ำร้อน,327,413,ไทยสร้างไทย,2
บัญชีรายชื่อ,7,เชียงใหม่,ฝาง,โป่งน้ำร้อน,502,794,ไทยสร้างไทย,7
บัญชีรายชื่อ,7,เชียงใหม่,ฝาง,โป่งน้ำร้อน,269,356,ไทยสร้างไทย,1
บัญชีรายชื่อ,7,เชียงใหม่,ฝาง,โป่งน้ำร้อน,348,415,ไทยสร้างไทย,4
บัญชีรายชื่อ,7,เชียงใหม่,ฝาง,โป่งน้ำร้อน,462,610,ไทยสร้างไทย,2
บัญชีรายชื่อ,7,เชียงใหม่,ฝาง,โป่งน้ำร้อน,324,418,ไทยสร้างไทย,2
บัญชีรายชื่อ,7,เชียงใหม่,แม่อาย,ท่าตอน,448,647,ไทยสร้างไทย,3
บัญชีรายชื่อ,7,เชียงใหม่,แม่อาย,ท่าตอน,81,139,ไทยสร้างไทย,2
บัญชีรายชื่อ,7,เชียงใหม่,แม่อาย,ท่าตอน,500,741,ไทยสร้างไทย,2
บัญชีรายชื่อ,7,เชียงใหม่,แม่อาย,ท่าตอน,332,527,ไทยสร้างไทย,2
บัญชีรายชื่อ,7,เชียงใหม่,แม่อาย,ท่าตอน,523,953,ไทยสร้างไทย,3
บัญชีรายชื่อ,7,เชียงใหม่,แม่อาย,ท่าตอน,516,982,ไทยสร้างไทย,5
บัญชีรายชื่อ,7,เชียงใหม่,แม่อาย,ท่าตอน,252,418,ไทยสร้างไทย,3
บัญชีรายชื่อ,7,เชียงใหม่,แม่อาย,ท่าตอน,650,889,ไทยสร้างไทย,7
บัญชีรายชื่อ,7,เชียงใหม่,แม่อาย,ท่าตอน,458,640,ไทยสร้างไทย,0
บัญชีรายชื่อ,7,เชียงใหม่,แม่อาย,ท่าตอน,461,742,ไทยสร้างไทย,3
บัญชีรายชื่อ,7,เชียงใหม่,แม่อาย,ท่าตอน,199,305,ไทยสร้างไทย,3
บัญชีรายชื่อ,7,เชียงใหม่,แม่อาย,ท่าตอน,495,718,ไทยสร้างไทย,4
บัญชีรายชื่อ,7,เชียงใหม่,แม่อาย,ท่าตอน,505,933,ไทยสร้างไทย,3
บัญชีรายชื่อ,7,เชียงใหม่,แม่อาย,ท่าตอน,525,804,ไทยสร้างไทย,4
บัญชีรายชื่อ,7,เชียงใหม่,แม่อาย,ท่าตอน,197,284,ไทยสร้างไทย,0
บัญชีรายชื่อ,7,เชียงใหม่,แม่อาย,ท่าตอน,467,692,ไทยสร้างไทย,9
บัญชีรายชื่อ,7,เชียงใหม่,แม่อาย,ท่าตอน,125,199,ไทยสร้างไทย,3
บัญชีรายชื่อ,7,เชียงใหม่,แม่อาย,ท่าตอน,264,382,ไทยสร้างไทย,5
บัญชีรายชื่อ,7,เชียงใหม่,แม่อาย,ท่าตอน,0,0,ไทยสร้างไทย,0
บัญชีรายชื่อ,7,เชียงใหม่,แม่อาย,ท่าตอน,504,867,ไทยสร้างไทย,5
บัญชีรายชื่อ,7,เชียงใหม่,แม่อาย,บ้านหลวง,364,597,ไทยสร้างไทย,2
บัญชีรายชื่อ,7,เชียงใหม่,แม่อาย,บ้านหลวง,283,404,ไทยสร้างไทย,2
บัญชีรายชื่อ,7,เชียงใหม่,แม่อาย,บ้านหลวง,254,353,ไทยสร้างไทย,1
บัญชีรายชื่อ,7,เชียงใหม่,แม่อาย,บ้านหลวง,520,674,ไทยสร้างไทย,1
บัญชีรายชื่อ,7,เชียงใหม่,แม่อาย,บ้านหลวง,339,454,ไทยสร้างไทย,4
บัญชีรายชื่อ,7,เชียงใหม่,แม่อาย,บ้านหลวง,287,382,ไทยสร้างไทย,6
บัญชีรายชื่อ,7,เชียงใหม่,แม่อาย,บ้านหลวง,647,837,ไทยสร้างไทย,6
บัญชีรายชื่อ,7,เชียงใหม่,แม่อาย,บ้านหลวง,274,328,ไทยสร้างไทย,0
บัญชีรายชื่อ,7,เชียงใหม่,แม่อาย,บ้านหลวง,161,206,ไทยสร้างไทย,3
บัญชีรายชื่อ,7,เชียงใหม่,แม่อาย,บ้านหลวง,303,396,ไทยสร้างไทย,2
บัญชีรายชื่อ,7,เชียงใหม่,แม่อาย,บ้านหลวง,141,170,ไทยสร้างไทย,0
บัญชีรายชื่อ,7,เชียงใหม่,แม่อาย,บ้านหลวง,129,168,ไทยสร้างไทย,2
บัญชีรายชื่อ,7,เชียงใหม่,แม่อาย,บ้านหลวง,195,253,ไทยสร้างไทย,0
บัญชีรายชื่อ,7,เชียงใหม่,แม่อาย,มะลิกา,151,196,ไทยสร้างไทย,3
บัญชีรายชื่อ,7,เชียงใหม่,แม่อาย,มะลิกา,169,239,ไทยสร้างไทย,6
บัญชีรายชื่อ,7,เชียงใหม่,แม่อาย,มะลิกา,195,378,ไทยสร้างไทย,8
บัญชีรายชื่อ,7,เชียงใหม่,แม่อาย,มะลิกา,226,394,ไทยสร้างไทย,8
บัญชีรายชื่อ,7,เชียงใหม่,แม่อาย,มะลิกา,290,408,ไทยสร้างไทย,10
บัญชีรายชื่อ,7,เชียงใหม่,แม่อาย,มะลิกา,274,396,ไทยสร้างไทย,23
บัญชีรายชื่อ,7,เชียงใหม่,แม่อาย,มะลิกา,308,448,ไทยสร้างไทย,7
บัญชีรายชื่อ,7,เชียงใหม่,แม่อาย,มะลิกา,188,235,ไทยสร้างไทย,1
บัญชีรายชื่อ,7,เชียงใหม่,แม่อาย,มะลิกา,195,291,ไทยสร้างไทย,4
บัญชีรายชื่อ,7,เชียงใหม่,แม่อาย,มะลิกา,151,196,ไทยสร้างไทย,3
บัญชีรายชื่อ,7,เชียงใหม่,แม่อาย,สันต้นหมื้อ,434,567,ไทยสร้างไทย,19
บัญชีรายชื่อ,7,เชียงใหม่,แม่อาย,สันต้นหมื้อ,215,242,ไทยสร้างไทย,2
บัญชีรายชื่อ,7,เชียงใหม่,แม่อาย,สันต้นหมื้อ,211,288,ไทยสร้างไทย,5
บัญชีรายชื่อ,7,เชียงใหม่,แม่อาย,สันต้นหมื้อ,216,271,ไทยสร้างไทย,3
บัญชีรายชื่อ,7,เชียงใหม่,แม่อาย,สันต้นหมื้อ,318,416,ไทยสร้างไทย,5
บัญชีรายชื่อ,7,เชียงใหม่,แม่อาย,สันต้นหมื้อ,317,442,ไทยสร้างไทย,9
บัญชีรายชื่อ,7,เชียงใหม่,แม่อาย,สันต้นหมื้อ,340,429,ไทยสร้างไทย,2
บัญชีรายชื่อ,7,เชียงใหม่,แม่อาย,สันต้นหมื้อ,379,520,ไทยสร้างไทย,11
บัญชีรายชื่อ,7,เชียงใหม่,แม่อาย,สันต้นหมื้อ,539,740,ไทยสร้างไทย,15
บัญชีรายชื่อ,7,เชียงใหม่,แม่อาย,สันต้นหมื้อ,171,226,ไทยสร้างไทย,2
บัญชีรายชื่อ,7,เชียงใหม่,แม่อาย,สันต้นหมื้อ,310,412,ไทยสร้างไทย,4
บัญชีรายชื่อ,7,เชียงใหม่,แม่อาย,สันต้นหมื้อ,170,230,ไทยสร้างไทย,5
บัญชีรายชื่อ,7,เชียงใหม่,แม่อาย,แม่นาวาง,287,404,ไทยสร้างไทย,3
บัญชีรายชื่อ,7,เชียงใหม่,แม่อาย,แม่นาวาง,462,522,ไทยสร้างไทย,0
บัญชีรายชื่อ,7,เชียงใหม่,แม่อาย,แม่นาวาง,212,287,ไทยสร้างไทย,5
บัญชีรายชื่อ,7,เชียงใหม่,แม่อาย,แม่นาวาง,270,361,ไทยสร้างไทย,8
บัญชีรายชื่อ,7,เชียงใหม่,แม่อาย,แม่นาวาง,406,530,ไทยสร้างไทย,9
บัญชีรายชื่อ,7,เชียงใหม่,แม่อาย,แม่นาวาง,222,288,ไทยสร้างไทย,11
บัญชีรายชื่อ,7,เชียงใหม่,แม่อาย,แม่นาวาง,520,782,ไทยสร้างไทย,8
บัญชีรายชื่อ,7,เชียงใหม่,แม่อาย,แม่นาวาง,262,355,ไทยสร้างไทย,8
บัญชีรายชื่อ,7,เชียงใหม่,แม่อาย,แม่นาวาง,412,577,ไทยสร้างไทย,10
บัญชีรายชื่อ,7,เชียงใหม่,แม่อาย,แม่นาวาง,302,421,ไทยสร้างไทย,4
บัญชีรายชื่อ,7,เชียงใหม่,แม่อาย,แม่นาวาง,336,445,ไทยสร้างไทย,8
บัญชีรายชื่อ,7,เชียงใหม่,แม่อาย,แม่นาวาง,418,556,ไทยสร้างไทย,7
บัญชีรายชื่อ,7,เชียงใหม่,แม่อาย,แม่นาวาง,327,441,ไทยสร้างไทย,12
บัญชีรายชื่อ,7,เชียงใหม่,แม่อาย,แม่นาวาง,194,275,ไทยสร้างไทย,4
บัญชีรายชื่อ,7,เชียงใหม่,แม่อาย,แม่นาวาง,387,501,ไทยสร้างไทย,18
บัญชีรายชื่อ,7,เชียงใหม่,แม่อาย,แม่นาวาง,557,763,ไทยสร้างไทย,6
บัญชีรายชื่อ,7,เชียงใหม่,แม่อาย,แม่นาวาง,418,519,ไทยสร้างไทย,2
บัญชีรายชื่อ,7,เชียงใหม่,แม่อาย,แม่นาวาง,527,752,ไทยสร้างไทย,0
บัญชีรายชื่อ,7,เชียงใหม่,แม่อาย,แม่นาวาง,656,901,ไทยสร้างไทย,7
บัญชีรายชื่อ,7,เชียงใหม่,แม่อาย,แม่นาวาง,131,167,ไทยสร้างไทย,4
บัญชีรายชื่อ,7,เชียงใหม่,แม่อาย,แม่สาว,255,375,ไทยสร้างไทย,4
บัญชีรายชื่อ,7,เชียงใหม่,แม่อาย,แม่สาว,520,726,ไทยสร้างไทย,12
บัญชีรายชื่อ,7,เชียงใหม่,แม่อาย,แม่สาว,428,537,ไทยสร้างไทย,5
บัญชีรายชื่อ,7,เชียงใหม่,แม่อาย,แม่สาว,163,202,ไทยสร้างไทย,0
บัญชีรายชื่อ,7,เชียงใหม่,แม่อาย,แม่สาว,244,307,ไทยสร้างไทย,3
บัญชีรายชื่อ,7,เชียงใหม่,แม่อาย,แม่สาว,370,463,ไทยสร้างไทย,19
บัญชีรายชื่อ,7,เชียงใหม่,แม่อาย,แม่สาว,638,926,ไทยสร้างไทย,2
บัญชีรายชื่อ,7,เชียงใหม่,แม่อาย,แม่สาว,283,397,ไทยสร้างไทย,15
บัญชีรายชื่อ,7,เชียงใหม่,แม่อาย,แม่สาว,285,345,ไทยสร้างไทย,0
บัญชีรายชื่อ,7,เชียงใหม่,แม่อาย,แม่สาว,433,560,ไทยสร้างไทย,5
บัญชีรายชื่อ,7,เชียงใหม่,แม่อาย,แม่สาว,383,458,ไทยสร้างไทย,6
บัญชีรายชื่อ,7,เชียงใหม่,แม่อาย,แม่สาว,226,342,ไทยสร้างไทย,5
บัญชีรายชื่อ,7,เชียงใหม่,แม่อาย,แม่สาว,414,540,ไทยสร้างไทย,16
บัญชีรายชื่อ,7,เชียงใหม่,แม่อาย,แม่สาว,698,926,ไทยสร้างไทย,5
บัญชีรายชื่อ,7,เชียงใหม่,แม่อาย,แม่สาว,236,292,ไทยสร้างไทย,7
บัญชีรายชื่อ,7,เชียงใหม่,แม่อาย,แม่สาว,346,436,ไทยสร้างไทย,18
บัญชีรายชื่อ,7,เชียงใหม่,แม่อาย,แม่สาว,153,199,ไทยสร้างไทย,1
บัญชีรายชื่อ,7,เชียงใหม่,แม่อาย,แม่อาย,427,565,ไทยสร้างไทย,8
บัญชีรายชื่อ,7,เชียงใหม่,แม่อาย,แม่อาย,262,363,ไทยสร้างไทย,4
บัญชีรายชื่อ,7,เชียงใหม่,แม่อาย,แม่อาย,210,250,ไทยสร้างไทย,1
บัญชีรายชื่อ,7,เชียงใหม่,แม่อาย,แม่อาย,238,328,ไทยสร้างไทย,1
บัญชีรายชื่อ,7,เชียงใหม่,แม่อาย,แม่อาย,316,438,ไทยสร้างไทย,4
บัญชีรายชื่อ,7,เชียงใหม่,แม่อาย,แม่อาย,250,368,ไทยสร้างไทย,3
บัญชีรายชื่อ,7,เชียงใหม่,แม่อาย,แม่อาย,256,373,ไทยสร้างไทย,2
บัญชีรายชื่อ,7,เชียงใหม่,แม่อาย,แม่อาย,287,374,ไทยสร้างไทย,2
บัญชีรายชื่อ,7,เชียงใหม่,แม่อาย,แม่อาย,257,300,ไทยสร้างไทย,4
บัญชีรายชื่อ,7,เชียงใหม่,แม่อาย,แม่อาย,467,612,ไทยสร้างไทย,10
บัญชีรายชื่อ,7,เชียงใหม่,แม่อาย,แม่อาย,460,697,ไทยสร้างไทย,8
บัญชีรายชื่อ,7,เชียงใหม่,แม่อาย,แม่อาย,201,258,ไทยสร้างไทย,3
บัญชีรายชื่อ,7,เชียงใหม่,แม่อาย,แม่อาย,333,555,ไทยสร้างไทย,14
บัญชีรายชื่อ,7,เชียงใหม่,แม่อาย,แม่อาย,233,335,ไทยสร้างไทย,0
บัญชีรายชื่อ,7,เชียงใหม่,แม่อาย,แม่อาย,473,592,ไทยสร้างไทย,6
บัญชีรายชื่อ,7,เชียงใหม่,แม่อาย,แม่อาย,120,167,ไทยสร้างไทย,2
บัญชีรายชื่อ,7,เชียงใหม่,ไชยปราการ,ปงตำ,743,1004,ไทยสร้างไทย,3
บัญชีรายชื่อ,7,เชียงใหม่,ไชยปราการ,ปงตำ,692,1011,ไทยสร้างไทย,2
บัญชีรายชื่อ,7,เชียงใหม่,ไชยปราการ,ปงตำ,752,1018,ไทยสร้างไทย,2
บัญชีรายชื่อ,7,เชียงใหม่,ไชยปราการ,ปงตำ,578,749,ไทยสร้างไทย,3
บัญชีรายชื่อ,7,เชียงใหม่,ไชยปราการ,ปงตำ,242,333,ไทยสร้างไทย,2
บัญชีรายชื่อ,7,เชียงใหม่,ไชยปราการ,ปงตำ,379,479,ไทยสร้างไทย,2
บัญชีรายชื่อ,7,เชียงใหม่,ไชยปราการ,ปงตำ,517,674,ไทยสร้างไทย,6
บัญชีรายชื่อ,7,เชียงใหม่,ไชยปราการ,ปงตำ,411,608,ไทยสร้างไทย,1
บัญชีรายชื่อ,7,เชียงใหม่,ไชยปราการ,ปงตำ,135,186,ไทยสร้างไทย,2
บัญชีรายชื่อ,7,เชียงใหม่,ไชยปราการ,แม่ทะลบ,529,657,ไทยสร้างไทย,4
บัญชีรายชื่อ,7,เชียงใหม่,ไชยปราการ,แม่ทะลบ,469,605,ไทยสร้างไทย,1
บัญชีรายชื่อ,7,เชียงใหม่,ไชยปราการ,แม่ทะลบ,470,578,ไทยสร้างไทย,1
บัญชีรายชื่อ,7,เชียงใหม่,ไชยปราการ,แม่ทะลบ,730,968,ไทยสร้างไทย,5
บัญชีรายชื่อ,7,เชียงใหม่,ไชยปราการ,แม่ทะลบ,535,684,ไทยสร้างไทย,2
บัญชีรายชื่อ,7,เชียงใหม่,ไชยปราการ,แม่ทะลบ,447,554,ไทยสร้างไทย,0
บัญชีรายชื่อ,7,เชียงใหม่,ไชยปราการ,แม่ทะลบ,363,460,ไทยสร้างไทย,1
บัญชีรายชื่อ,7,เชียงใหม่,ไชยปราการ,แม่ทะลบ,388,509,ไทยสร้างไทย,6
บัญชีรายชื่อ,7,เชียงใหม่,ไชยปราการ,แม่ทะลบ,410,537,ไทยสร้างไทย,3
บัญชีรายชื่อ,7,เชียงใหม่,,,800,800,ไทยสร้างไทย,2
บัญชีรายชื่อ,7,เชียงใหม่,,,799,800,ไทยสร้างไทย,1
บัญชีรายชื่อ,7,เชียงใหม่,,,800,800,ไทยสร้างไทย,1
บัญชีรายชื่อ,7,เชียงใหม่,,,800,800,ไทยสร้างไทย,1
บัญชีรายชื่อ,7,เชียงใหม่,,,800,800,ไทยสร้างไทย,1
บัญชีรายชื่อ,7,เชียงใหม่,,,800,800,ไทยสร้างไทย,0
บัญชีรายชื่อ,7,เชียงใหม่,,,800,800,ไทยสร้างไทย,4
บัญชีรายชื่อ,7,เชียงใหม่,,,482,482,ไทยสร้างไทย,2
บัญชีรายชื่อ,7,เชียงใหม่,ฝาง,สันทราย,307,385,ไม่เลือกผู้ใด,2
บัญชีรายชื่อ,7,เชียงใหม่,ฝาง,สันทราย,451,544,ไม่เลือกผู้ใด,3
บัญชีรายชื่อ,7,เชียงใหม่,ฝาง,สันทราย,521,636,ไม่เลือกผู้ใด,1
บัญชีรายชื่อ,7,เชียงใหม่,ฝาง,สันทราย,631,841,ไม่เลือกผู้ใด,12
บัญชีรายชื่อ,7,เชียงใหม่,ฝาง,สันทราย,258,335,ไม่เลือกผู้ใด,0
บัญชีรายชื่อ,7,เชียงใหม่,ฝาง,สันทราย,593,776,ไม่เลือกผู้ใด,4
บัญชีรายชื่อ,7,เชียงใหม่,ฝาง,สันทราย,500,616,ไม่เลือกผู้ใด,11
บัญชีรายชื่อ,7,เชียงใหม่,ฝาง,ม่อนปิ่น,0,0,ไม่เลือกผู้ใด,0
บัญชีรายชื่อ,7,เชียงใหม่,ฝาง,ม่อนปิ่น,719,935,ไม่เลือกผู้ใด,9
บัญชีรายชื่อ,7,เชียงใหม่,ฝาง,ม่อนปิ่น,542,756,ไม่เลือกผู้ใด,0
บัญชีรายชื่อ,7,เชียงใหม่,ฝาง,ม่อนปิ่น,363,467,ไม่เลือกผู้ใด,2
บัญชีรายชื่อ,7,เชียงใหม่,ฝาง,ม่อนปิ่น,190,234,ไม่เลือกผู้ใด,1
บัญชีรายชื่อ,7,เชียงใหม่,ฝาง,ม่อนปิ่น,390,482,ไม่เลือกผู้ใด,0
บัญชีรายชื่อ,7,เชียงใหม่,ฝาง,ม่อนปิ่น,671,996,ไม่เลือกผู้ใด,2
บัญชีรายชื่อ,7,เชียงใหม่,ฝาง,ม่อนปิ่น,370,470,ไม่เลือกผู้ใด,1
บัญชีรายชื่อ,7,เชียงใหม่,ฝาง,ม่อนปิ่น,484,640,ไม่เลือกผู้ใด,8
บัญชีรายชื่อ,7,เชียงใหม่,ฝาง,ม่อนปิ่น,142,177,ไม่เลือกผู้ใด,2
บัญชีรายชื่อ,7,เชียงใหม่,ฝาง,ม่อนปิ่น,559,862,ไม่เลือกผู้ใด,6
บัญชีรายชื่อ,7,เชียงใหม่,ฝาง,ม่อนปิ่น,318,418,ไม่เลือกผู้ใด,6
บัญชีรายชื่อ,7,เชียงใหม่,ฝาง,ม่อนปิ่น,229,303,ไม่เลือกผู้ใด,1
บัญชีรายชื่อ,7,เชียงใหม่,ฝาง,ม่อนปิ่น,274,354,ไม่เลือกผู้ใด,5
บัญชีรายชื่อ,7,เชียงใหม่,ฝาง,ม่อนปิ่น,717,971,ไม่เลือกผู้ใด,3
บัญชีรายชื่อ,7,เชียงใหม่,ฝาง,สันทราย,403,520,ไม่เลือกผู้ใด,5
บัญชีรายชื่อ,7,เชียงใหม่,ฝาง,สันทราย,310,399,ไม่เลือกผู้ใด,2
บัญชีรายชื่อ,7,เชียงใหม่,ฝาง,สันทราย,489,616,ไม่เลือกผู้ใด,14
บัญชีรายชื่อ,7,เชียงใหม่,ฝาง,สันทราย,189,221,ไม่เลือกผู้ใด,0
บัญชีรายชื่อ,7,เชียงใหม่,ฝาง,สันทราย,487,676,ไม่เลือกผู้ใด,1
บัญชีรายชื่อ,7,เชียงใหม่,ฝาง,สันทราย,315,406,ไม่เลือกผู้ใด,4
บัญชีรายชื่อ,7,เชียงใหม่,ฝาง,สันทราย,338,400,ไม่เลือกผู้ใด,4
บัญชีรายชื่อ,7,เชียงใหม่,ฝาง,สันทราย,493,646,ไม่เลือกผู้ใด,6
บัญชีรายชื่อ,7,เชียงใหม่,ฝาง,สันทราย,278,342,ไม่เลือกผู้ใด,2
บัญชีรายชื่อ,7,เชียงใหม่,ฝาง,สันทราย,320,416,ไม่เลือกผู้ใด,1
บัญชีรายชื่อ,7,เชียงใหม่,ฝาง,เวียง,501,733,ไม่เลือกผู้ใด,5
บัญชีรายชื่อ,7,เชียงใหม่,ฝาง,เวียง,430,609,ไม่เลือกผู้ใด,9
บัญชีรายชื่อ,7,เชียงใหม่,ฝาง,เวียง,624,933,ไม่เลือกผู้ใด,13
บัญชีรายชื่อ,7,เชียงใหม่,ฝาง,เวียง,640,917,ไม่เลือกผู้ใด,10
บัญชีรายชื่อ,7,เชียงใหม่,ฝาง,เวียง,723,1070,ไม่เลือกผู้ใด,17
บัญชีรายชื่อ,7,เชียงใหม่,ฝาง,เวียง,473,6636,ไม่เลือกผู้ใด,7
บัญชีรายชื่อ,7,เชียงใหม่,ฝาง,เวียง,344,464,ไม่เลือกผู้ใด,4
บัญชีรายชื่อ,7,เชียงใหม่,ฝาง,เวียง,234,462,ไม่เลือกผู้ใด,0
บัญชีรายชื่อ,7,เชียงใหม่,ฝาง,เวียง,264,360,ไม่เลือกผู้ใด,8
บัญชีรายชื่อ,7,เชียงใหม่,ฝาง,เวียง,624,862,ไม่เลือกผู้ใด,1
บัญชีรายชื่อ,7,เชียงใหม่,ฝาง,เวียง,625,907,ไม่เลือกผู้ใด,1
บัญชีรายชื่อ,7,เชียงใหม่,ฝาง,เวียง,389,499,ไม่เลือกผู้ใด,7
บัญชีรายชื่อ,7,เชียงใหม่,ฝาง,เวียง,549,724,ไม่เลือกผู้ใด,4
บัญชีรายชื่อ,7,เชียงใหม่,ฝาง,เวียง,191,285,ไม่เลือกผู้ใด,2
บัญชีรายชื่อ,7,เชียงใหม่,ฝาง,เวียง,453,610,ไม่เลือกผู้ใด,3
บัญชีรายชื่อ,7,เชียงใหม่,ฝาง,เวียง,359,483,ไม่เลือกผู้ใด,7
บัญชีรายชื่อ,7,เชียงใหม่,ฝาง,เวียง,371,463,ไม่เลือกผู้ใด,3
บัญชีรายชื่อ,7,เชียงใหม่,ฝาง,เวียง,318,448,ไม่เลือกผู้ใด,4
บัญชีรายชื่อ,7,เชียงใหม่,ฝาง,เวียง,458,608,ไม่เลือกผู้ใด,6
บัญชีรายชื่อ,7,เชียงใหม่,ฝาง,เวียง,425,576,ไม่เลือกผู้ใด,4
บัญชีรายชื่อ,7,เชียงใหม่,ฝาง,เวียง,414,582,ไม่เลือกผู้ใด,4
บัญชีรายชื่อ,7,เชียงใหม่,ฝาง,เวียง,608,793,ไม่เลือกผู้ใด,9
บัญชีรายชื่อ,7,เชียงใหม่,ฝาง,เวียง,555,706,ไม่เลือกผู้ใด,11
บัญชีรายชื่อ,7,เชียงใหม่,ฝาง,เวียง,501,631,ไม่เลือกผู้ใด,5
บัญชีรายชื่อ,7,เชียงใหม่,ฝาง,เวียง,169,226,ไม่เลือกผู้ใด,2
บัญชีรายชื่อ,7,เชียงใหม่,ฝาง,เวียง,265,469,ไม่เลือกผู้ใด,3
บัญชีรายชื่อ,7,เชียงใหม่,ฝาง,แม่ข่า,391,498,ไม่เลือกผู้ใด,5
บัญชีรายชื่อ,7,เชียงใหม่,ฝาง,แม่ข่า,419,541,ไม่เลือกผู้ใด,8
บัญชีรายชื่อ,7,เชียงใหม่,ฝาง,แม่ข่า,421,542,ไม่เลือกผู้ใด,8
บัญชีรายชื่อ,7,เชียงใหม่,ฝาง,แม่ข่า,335,425,ไม่เลือกผู้ใด,13
บัญชีรายชื่อ,7,เชียงใหม่,ฝาง,แม่ข่า,337,444,ไม่เลือกผู้ใด,4
บัญชีรายชื่อ,7,เชียงใหม่,ฝาง,แม่ข่า,287,373,ไม่เลือกผู้ใด,4
บัญชีรายชื่อ,7,เชียงใหม่,ฝาง,แม่ข่า,543,687,ไม่เลือกผู้ใด,5
บัญชีรายชื่อ,7,เชียงใหม่,ฝาง,แม่ข่า,358,479,ไม่เลือกผู้ใด,0
บัญชีรายชื่อ,7,เชียงใหม่,ฝาง,แม่ข่า,628,763,ไม่เลือกผู้ใด,6
บัญชีรายชื่อ,7,เชียงใหม่,ฝาง,แม่ข่า,367,494,ไม่เลือกผู้ใด,7
บัญชีรายชื่อ,7,เชียงใหม่,ฝาง,แม่ข่า,419,546,ไม่เลือกผู้ใด,1
บัญชีรายชื่อ,7,เชียงใหม่,ฝาง,แม่ข่า,278,339,ไม่เลือกผู้ใด,0
บัญชีรายชื่อ,7,เชียงใหม่,ฝาง,แม่ข่า,469,586,ไม่เลือกผู้ใด,2
บัญชีรายชื่อ,7,เชียงใหม่,ฝาง,แม่ข่า,295,370,ไม่เลือกผู้ใด,3
บัญชีรายชื่อ,7,เชียงใหม่,ฝาง,แม่คะ,523,683,ไม่เลือกผู้ใด,9
บัญชีรายชื่อ,7,เชียงใหม่,ฝาง,แม่คะ,472,682,ไม่เลือกผู้ใด,2
บัญชีรายชื่อ,7,เชียงใหม่,ฝาง,แม่คะ,403,482,ไม่เลือกผู้ใด,2
บัญชีรายชื่อ,7,เชียงใหม่,ฝาง,แม่คะ,441,580,ไม่เลือกผู้ใด,7
บัญชีรายชื่อ,7,เชียงใหม่,ฝาง,แม่คะ,215,251,ไม่เลือกผู้ใด,3
บัญชีรายชื่อ,7,เชียงใหม่,ฝาง,แม่คะ,265,321,ไม่เลือกผู้ใด,1
บัญชีรายชื่อ,7,เชียงใหม่,ฝาง,แม่คะ,444,710,ไม่เลือกผู้ใด,0
บัญชีรายชื่อ,7,เชียงใหม่,ฝาง,แม่คะ,213,287,ไม่เลือกผู้ใด,1
บัญชีรายชื่อ,7,เชียงใหม่,ฝาง,แม่คะ,584,728,ไม่เลือกผู้ใด,15
บัญชีรายชื่อ,7,เชียงใหม่,ฝาง,แม่คะ,242,329,ไม่เลือกผู้ใด,4
บัญชีรายชื่อ,7,เชียงใหม่,ฝาง,แม่คะ,350,512,ไม่เลือกผู้ใด,2
บัญชีรายชื่อ,7,เชียงใหม่,ฝาง,แม่คะ,563,722,ไม่เลือกผู้ใด,14
บัญชีรายชื่อ,7,เชียงใหม่,ฝาง,แม่คะ,636,1089,ไม่เลือกผู้ใด,2
บัญชีรายชื่อ,7,เชียงใหม่,ฝาง,แม่คะ,500,610,ไม่เลือกผู้ใด,2
บัญชีรายชื่อ,7,เชียงใหม่,ฝาง,แม่คะ,167,207,ไม่เลือกผู้ใด,2
บัญชีรายชื่อ,7,เชียงใหม่,ฝาง,แม่คะ,522,692,ไม่เลือกผู้ใด,1
บัญชีรายชื่อ,7,เชียงใหม่,ฝาง,แม่งอน,297,386,ไม่เลือกผู้ใด,4
บัญชีรายชื่อ,7,เชียงใหม่,ฝาง,แม่งอน,209,630,ไม่เลือกผู้ใด,3
บัญชีรายชื่อ,7,เชียงใหม่,ฝาง,แม่งอน,360,414,ไม่เลือกผู้ใด,2
บัญชีรายชื่อ,7,เชียงใหม่,ฝาง,แม่งอน,328,393,ไม่เลือกผู้ใด,3
บัญชีรายชื่อ,7,เชียงใหม่,ฝาง,แม่งอน,346,763,ไม่เลือกผู้ใด,1
บัญชีรายชื่อ,7,เชียงใหม่,ฝาง,แม่งอน,265,315,ไม่เลือกผู้ใด,3
บัญชีรายชื่อ,7,เชียงใหม่,ฝาง,แม่งอน,268,331,ไม่เลือกผู้ใด,3
บัญชีรายชื่อ,7,เชียงใหม่,ฝาง,แม่งอน,310,406,ไม่เลือกผู้ใด,3
บัญชีรายชื่อ,7,เชียงใหม่,ฝาง,แม่งอน,507,674,ไม่เลือกผู้ใด,6
บัญชีรายชื่อ,7,เชียงใหม่,ฝาง,แม่งอน,298,372,ไม่เลือกผู้ใด,1
บัญชีรายชื่อ,7,เชียงใหม่,ฝาง,แม่งอน,508,639,ไม่เลือกผู้ใด,6
บัญชีรายชื่อ,7,เชียงใหม่,ฝาง,แม่งอน,380,880,ไม่เลือกผู้ใด,3
บัญชีรายชื่อ,7,เชียงใหม่,ฝาง,แม่งอน,292,531,ไม่เลือกผู้ใด,4
บัญชีรายชื่อ,7,เชียงใหม่,ฝาง,แม่งอน,405,694,ไม่เลือกผู้ใด,3
บัญชีรายชื่อ,7,เชียงใหม่,ฝาง,แม่งอน,499,681,ไม่เลือกผู้ใด,1
บัญชีรายชื่อ,7,เชียงใหม่,ฝาง,แม่งอน,435,562,ไม่เลือกผู้ใด,4
บัญชีรายชื่อ,7,เชียงใหม่,ฝาง,แม่สูน,386,532,ไม่เลือกผู้ใด,1
บัญชีรายชื่อ,7,เชียงใหม่,ฝาง,แม่สูน,614,846,ไม่เลือกผู้ใด,16
บัญชีรายชื่อ,7,เชียงใหม่,ฝาง,แม่สูน,617,7999,ไม่เลือกผู้ใด,7
บัญชีรายชื่อ,7,เชียงใหม่,ฝาง,แม่สูน,396,530,ไม่เลือกผู้ใด,6
บัญชีรายชื่อ,7,เชียงใหม่,ฝาง,แม่สูน,295,373,ไม่เลือกผู้ใด,2
บัญชีรายชื่อ,7,เชียงใหม่,ฝาง,แม่สูน,264,347,ไม่เลือกผู้ใด,3
บัญชีรายชื่อ,7,เชียงใหม่,ฝาง,แม่สูน,367,488,ไม่เลือกผู้ใด,4
บัญชีรายชื่อ,7,เชียงใหม่,ฝาง,แม่สูน,308,382,ไม่เลือกผู้ใด,7
บัญชีรายชื่อ,7,เชียงใหม่,ฝาง,แม่สูน,308,365,ไม่เลือกผู้ใด,12
บัญชีรายชื่อ,7,เชียงใหม่,ฝาง,แม่สูน,284,377,ไม่เลือกผู้ใด,0
บัญชีรายชื่อ,7,เชียงใหม่,ฝาง,แม่สูน,407,593,ไม่เลือกผู้ใด,4
บัญชีรายชื่อ,7,เชียงใหม่,ฝาง,แม่สูน,469,579,ไม่เลือกผู้ใด,7
บัญชีรายชื่อ,7,เชียงใหม่,ฝาง,แม่สูน,725,1000,ไม่เลือกผู้ใด,10
บัญชีรายชื่อ,7,เชียงใหม่,ฝาง,แม่สูน,479,623,ไม่เลือกผู้ใด,5
บัญชีรายชื่อ,7,เชียงใหม่,ฝาง,แม่สูน,301,403,ไม่เลือกผู้ใด,4
บัญชีรายชื่อ,7,เชียงใหม่,ฝาง,แม่สูน,330,433,ไม่เลือกผู้ใด,0
บัญชีรายชื่อ,7,เชียงใหม่,ฝาง,แม่สูน,607,824,ไม่เลือกผู้ใด,11
บัญชีรายชื่อ,7,เชียงใหม่,ฝาง,แม่สูน,101,118,ไม่เลือกผู้ใด,0
บัญชีรายชื่อ,7,เชียงใหม่,ฝาง,โป่งน้ำร้อน,214,275,ไม่เลือกผู้ใด,5
บัญชีรายชื่อ,7,เชียงใหม่,ฝาง,โป่งน้ำร้อน,327,413,ไม่เลือกผู้ใด,3
บัญชีรายชื่อ,7,เชียงใหม่,ฝาง,โป่งน้ำร้อน,502,794,ไม่เลือกผู้ใด,3
บัญชีรายชื่อ,7,เชียงใหม่,ฝาง,โป่งน้ำร้อน,269,356,ไม่เลือกผู้ใด,6
บัญชีรายชื่อ,7,เชียงใหม่,ฝาง,โป่งน้ำร้อน,348,415,ไม่เลือกผู้ใด,4
บัญชีรายชื่อ,7,เชียงใหม่,ฝาง,โป่งน้ำร้อน,462,610,ไม่เลือกผู้ใด,7
บัญชีรายชื่อ,7,เชียงใหม่,ฝาง,โป่งน้ำร้อน,324,418,ไม่เลือกผู้ใด,8
บัญชีรายชื่อ,7,เชียงใหม่,แม่อาย,ท่าตอน,448,647,ไม่เลือกผู้ใด,4
บัญชีรายชื่อ,7,เชียงใหม่,แม่อาย,ท่าตอน,81,139,ไม่เลือกผู้ใด,1
บัญชีรายชื่อ,7,เชียงใหม่,แม่อาย,ท่าตอน,500,741,ไม่เลือกผู้ใด,3
บัญชีรายชื่อ,7,เชียงใหม่,แม่อาย,ท่าตอน,332,527,ไม่เลือกผู้ใด,1
บัญชีรายชื่อ,7,เชียงใหม่,แม่อาย,ท่าตอน,523,953,ไม่เลือกผู้ใด,0
บัญชีรายชื่อ,7,เชียงใหม่,แม่อาย,ท่าตอน,516,982,ไม่เลือกผู้ใด,5
บัญชีรายชื่อ,7,เชียงใหม่,แม่อาย,ท่าตอน,252,418,ไม่เลือกผู้ใด,0
บัญชีรายชื่อ,7,เชียงใหม่,แม่อาย,ท่าตอน,650,889,ไม่เลือกผู้ใด,1
บัญชีรายชื่อ,7,เชียงใหม่,แม่อาย,ท่าตอน,458,640,ไม่เลือกผู้ใด,1
บัญชีรายชื่อ,7,เชียงใหม่,แม่อาย,ท่าตอน,461,742,ไม่เลือกผู้ใด,2
บัญชีรายชื่อ,7,เชียงใหม่,แม่อาย,ท่าตอน,199,305,ไม่เลือกผู้ใด,0
บัญชีรายชื่อ,7,เชียงใหม่,แม่อาย,ท่าตอน,495,718,ไม่เลือกผู้ใด,15
บัญชีรายชื่อ,7,เชียงใหม่,แม่อาย,ท่าตอน,505,933,ไม่เลือกผู้ใด,0
บัญชีรายชื่อ,7,เชียงใหม่,แม่อาย,ท่าตอน,525,804,ไม่เลือกผู้ใด,6
บัญชีรายชื่อ,7,เชียงใหม่,แม่อาย,ท่าตอน,197,284,ไม่เลือกผู้ใด,3
บัญชีรายชื่อ,7,เชียงใหม่,แม่อาย,ท่าตอน,467,692,ไม่เลือกผู้ใด,5
บัญชีรายชื่อ,7,เชียงใหม่,แม่อาย,ท่าตอน,125,199,ไม่เลือกผู้ใด,0
บัญชีรายชื่อ,7,เชียงใหม่,แม่อาย,ท่าตอน,264,382,ไม่เลือกผู้ใด,2
บัญชีรายชื่อ,7,เชียงใหม่,แม่อาย,ท่าตอน,0,0,ไม่เลือกผู้ใด,0
บัญชีรายชื่อ,7,เชียงใหม่,แม่อาย,ท่าตอน,504,867,ไม่เลือกผู้ใด,4
บัญชีรายชื่อ,7,เชียงใหม่,แม่อาย,บ้านหลวง,364,597,ไม่เลือกผู้ใด,0
บัญชีรายชื่อ,7,เชียงใหม่,แม่อาย,บ้านหลวง,283,404,ไม่เลือกผู้ใด,0
บัญชีรายชื่อ,7,เชียงใหม่,แม่อาย,บ้านหลวง,254,353,ไม่เลือกผู้ใด,1
บัญชีรายชื่อ,7,เชียงใหม่,แม่อาย,บ้านหลวง,520,674,ไม่เลือกผู้ใด,2
บัญชีรายชื่อ,7,เชียงใหม่,แม่อาย,บ้านหลวง,339,454,ไม่เลือกผู้ใด,2
บัญชีรายชื่อ,7,เชียงใหม่,แม่อาย,บ้านหลวง,287,382,ไม่เลือกผู้ใด,4
บัญชีรายชื่อ,7,เชียงใหม่,แม่อาย,บ้านหลวง,647,837,ไม่เลือกผู้ใด,3
บัญชีรายชื่อ,7,เชียงใหม่,แม่อาย,บ้านหลวง,274,328,ไม่เลือกผู้ใด,0
บัญชีรายชื่อ,7,เชียงใหม่,แม่อาย,บ้านหลวง,161,206,ไม่เลือกผู้ใด,0
บัญชีรายชื่อ,7,เชียงใหม่,แม่อาย,บ้านหลวง,303,396,ไม่เลือกผู้ใด,1
บัญชีรายชื่อ,7,เชียงใหม่,แม่อาย,บ้านหลวง,141,170,ไม่เลือกผู้ใด,4
บัญชีรายชื่อ,7,เชียงใหม่,แม่อาย,บ้านหลวง,129,168,ไม่เลือกผู้ใด,1
บัญชีรายชื่อ,7,เชียงใหม่,แม่อาย,บ้านหลวง,195,253,ไม่เลือกผู้ใด,0
บัญชีรายชื่อ,7,เชียงใหม่,แม่อาย,มะลิกา,151,196,ไม่เลือกผู้ใด,1
บัญชีรายชื่อ,7,เชียงใหม่,แม่อาย,มะลิกา,169,239,ไม่เลือกผู้ใด,1
บัญชีรายชื่อ,7,เชียงใหม่,แม่อาย,มะลิกา,195,378,ไม่เลือกผู้ใด,2
บัญชีรายชื่อ,7,เชียงใหม่,แม่อาย,มะลิกา,226,394,ไม่เลือกผู้ใด,2
บัญชีรายชื่อ,7,เชียงใหม่,แม่อาย,มะลิกา,290,408,ไม่เลือกผู้ใด,3
บัญชีรายชื่อ,7,เชียงใหม่,แม่อาย,มะลิกา,274,396,ไม่เลือกผู้ใด,4
บัญชีรายชื่อ,7,เชียงใหม่,แม่อาย,มะลิกา,308,448,ไม่เลือกผู้ใด,4
บัญชีรายชื่อ,7,เชียงใหม่,แม่อาย,มะลิกา,188,235,ไม่เลือกผู้ใด,4
บัญชีรายชื่อ,7,เชียงใหม่,แม่อาย,มะลิกา,195,291,ไม่เลือกผู้ใด,1
บัญชีรายชื่อ,7,เชียงใหม่,แม่อาย,มะลิกา,151,196,ไม่เลือกผู้ใด,1
บัญชีรายชื่อ,7,เชียงใหม่,แม่อาย,สันต้นหมื้อ,434,567,ไม่เลือกผู้ใด,0
บัญชีรายชื่อ,7,เชียงใหม่,แม่อาย,สันต้นหมื้อ,215,242,ไม่เลือกผู้ใด,0
บัญชีรายชื่อ,7,เชียงใหม่,แม่อาย,สันต้นหมื้อ,211,288,ไม่เลือกผู้ใด,2
บัญชีรายชื่อ,7,เชียงใหม่,แม่อาย,สันต้นหมื้อ,216,271,ไม่เลือกผู้ใด,3
บัญชีรายชื่อ,7,เชียงใหม่,แม่อาย,สันต้นหมื้อ,318,416,ไม่เลือกผู้ใด,5
บัญชีรายชื่อ,7,เชียงใหม่,แม่อาย,สันต้นหมื้อ,317,442,ไม่เลือกผู้ใด,3
บัญชีรายชื่อ,7,เชียงใหม่,แม่อาย,สันต้นหมื้อ,340,429,ไม่เลือกผู้ใด,0
บัญชีรายชื่อ,7,เชียงใหม่,แม่อาย,สันต้นหมื้อ,379,520,ไม่เลือกผู้ใด,0
บัญชีรายชื่อ,7,เชียงใหม่,แม่อาย,สันต้นหมื้อ,539,740,ไม่เลือกผู้ใด,6
บัญชีรายชื่อ,7,เชียงใหม่,แม่อาย,สันต้นหมื้อ,171,226,ไม่เลือกผู้ใด,4
บัญชีรายชื่อ,7,เชียงใหม่,แม่อาย,สันต้นหมื้อ,310,412,ไม่เลือกผู้ใด,1
บัญชีรายชื่อ,7,เชียงใหม่,แม่อาย,สันต้นหมื้อ,170,230,ไม่เลือกผู้ใด,2
บัญชีรายชื่อ,7,เชียงใหม่,แม่อาย,แม่นาวาง,287,404,ไม่เลือกผู้ใด,2
บัญชีรายชื่อ,7,เชียงใหม่,แม่อาย,แม่นาวาง,462,522,ไม่เลือกผู้ใด,5
บัญชีรายชื่อ,7,เชียงใหม่,แม่อาย,แม่นาวาง,212,287,ไม่เลือกผู้ใด,2
บัญชีรายชื่อ,7,เชียงใหม่,แม่อาย,แม่นาวาง,270,361,ไม่เลือกผู้ใด,0
บัญชีรายชื่อ,7,เชียงใหม่,แม่อาย,แม่นาวาง,406,530,ไม่เลือกผู้ใด,2
บัญชีรายชื่อ,7,เชียงใหม่,แม่อาย,แม่นาวาง,222,288,ไม่เลือกผู้ใด,0
บัญชีรายชื่อ,7,เชียงใหม่,แม่อาย,แม่นาวาง,520,782,ไม่เลือกผู้ใด,0
บัญชีรายชื่อ,7,เชียงใหม่,แม่อาย,แม่นาวาง,262,355,ไม่เลือกผู้ใด,2
บัญชีรายชื่อ,7,เชียงใหม่,แม่อาย,แม่นาวาง,412,577,ไม่เลือกผู้ใด,5
บัญชีรายชื่อ,7,เชียงใหม่,แม่อาย,แม่นาวาง,302,421,ไม่เลือกผู้ใด,1
บัญชีรายชื่อ,7,เชียงใหม่,แม่อาย,แม่นาวาง,336,445,ไม่เลือกผู้ใด,2
บัญชีรายชื่อ,7,เชียงใหม่,แม่อาย,แม่นาวาง,418,556,ไม่เลือกผู้ใด,2
บัญชีรายชื่อ,7,เชียงใหม่,แม่อาย,แม่นาวาง,327,441,ไม่เลือกผู้ใด,3
บัญชีรายชื่อ,7,เชียงใหม่,แม่อาย,แม่นาวาง,194,275,ไม่เลือกผู้ใด,1
บัญชีรายชื่อ,7,เชียงใหม่,แม่อาย,แม่นาวาง,387,501,ไม่เลือกผู้ใด,4
บัญชีรายชื่อ,7,เชียงใหม่,แม่อาย,แม่นาวาง,557,763,ไม่เลือกผู้ใด,0
บัญชีรายชื่อ,7,เชียงใหม่,แม่อาย,แม่นาวาง,418,519,ไม่เลือกผู้ใด,0
บัญชีรายชื่อ,7,เชียงใหม่,แม่อาย,แม่นาวาง,527,752,ไม่เลือกผู้ใด,2
บัญชีรายชื่อ,7,เชียงใหม่,แม่อาย,แม่นาวาง,656,901,ไม่เลือกผู้ใด,3
บัญชีรายชื่อ,7,เชียงใหม่,แม่อาย,แม่นาวาง,131,167,ไม่เลือกผู้ใด,0
บัญชีรายชื่อ,7,เชียงใหม่,แม่อาย,แม่สาว,255,375,ไม่เลือกผู้ใด,5
บัญชีรายชื่อ,7,เชียงใหม่,แม่อาย,แม่สาว,520,726,ไม่เลือกผู้ใด,2
บัญชีรายชื่อ,7,เชียงใหม่,แม่อาย,แม่สาว,428,537,ไม่เลือกผู้ใด,1
บัญชีรายชื่อ,7,เชียงใหม่,แม่อาย,แม่สาว,163,202,ไม่เลือกผู้ใด,5
บัญชีรายชื่อ,7,เชียงใหม่,แม่อาย,แม่สาว,244,307,ไม่เลือกผู้ใด,6
บัญชีรายชื่อ,7,เชียงใหม่,แม่อาย,แม่สาว,370,463,ไม่เลือกผู้ใด,8
บัญชีรายชื่อ,7,เชียงใหม่,แม่อาย,แม่สาว,638,926,ไม่เลือกผู้ใด,0
บัญชีรายชื่อ,7,เชียงใหม่,แม่อาย,แม่สาว,283,397,ไม่เลือกผู้ใด,1
บัญชีรายชื่อ,7,เชียงใหม่,แม่อาย,แม่สาว,285,345,ไม่เลือกผู้ใด,0
บัญชีรายชื่อ,7,เชียงใหม่,แม่อาย,แม่สาว,433,560,ไม่เลือกผู้ใด,4
บัญชีรายชื่อ,7,เชียงใหม่,แม่อาย,แม่สาว,383,458,ไม่เลือกผู้ใด,1
บัญชีรายชื่อ,7,เชียงใหม่,แม่อาย,แม่สาว,226,342,ไม่เลือกผู้ใด,3
บัญชีรายชื่อ,7,เชียงใหม่,แม่อาย,แม่สาว,414,540,ไม่เลือกผู้ใด,4
บัญชีรายชื่อ,7,เชียงใหม่,แม่อาย,แม่สาว,698,926,ไม่เลือกผู้ใด,3
บัญชีรายชื่อ,7,เชียงใหม่,แม่อาย,แม่สาว,236,292,ไม่เลือกผู้ใด,4
บัญชีรายชื่อ,7,เชียงใหม่,แม่อาย,แม่สาว,346,436,ไม่เลือกผู้ใด,3
บัญชีรายชื่อ,7,เชียงใหม่,แม่อาย,แม่สาว,153,199,ไม่เลือกผู้ใด,2
บัญชีรายชื่อ,7,เชียงใหม่,แม่อาย,แม่อาย,427,565,ไม่เลือกผู้ใด,3
บัญชีรายชื่อ,7,เชียงใหม่,แม่อาย,แม่อาย,262,363,ไม่เลือกผู้ใด,2
บัญชีรายชื่อ,7,เชียงใหม่,แม่อาย,แม่อาย,210,250,ไม่เลือกผู้ใด,1
บัญชีรายชื่อ,7,เชียงใหม่,แม่อาย,แม่อาย,238,328,ไม่เลือกผู้ใด,3
บัญชีรายชื่อ,7,เชียงใหม่,แม่อาย,แม่อาย,316,438,ไม่เลือกผู้ใด,3
บัญชีรายชื่อ,7,เชียงใหม่,แม่อาย,แม่อาย,250,368,ไม่เลือกผู้ใด,2
บัญชีรายชื่อ,7,เชียงใหม่,แม่อาย,แม่อาย,256,373,ไม่เลือกผู้ใด,1
บัญชีรายชื่อ,7,เชียงใหม่,แม่อาย,แม่อาย,287,374,ไม่เลือกผู้ใด,4
บัญชีรายชื่อ,7,เชียงใหม่,แม่อาย,แม่อาย,257,300,ไม่เลือกผู้ใด,0
บัญชีรายชื่อ,7,เชียงใหม่,แม่อาย,แม่อาย,467,612,ไม่เลือกผู้ใด,5
บัญชีรายชื่อ,7,เชียงใหม่,แม่อาย,แม่อาย,460,697,ไม่เลือกผู้ใด,1
บัญชีรายชื่อ,7,เชียงใหม่,แม่อาย,แม่อาย,201,258,ไม่เลือกผู้ใด,1
บัญชีรายชื่อ,7,เชียงใหม่,แม่อาย,แม่อาย,333,555,ไม่เลือกผู้ใด,2
บัญชีรายชื่อ,7,เชียงใหม่,แม่อาย,แม่อาย,233,335,ไม่เลือกผู้ใด,0
บัญชีรายชื่อ,7,เชียงใหม่,แม่อาย,แม่อาย,473,592,ไม่เลือกผู้ใด,0
บัญชีรายชื่อ,7,เชียงใหม่,แม่อาย,แม่อาย,120,167,ไม่เลือกผู้ใด,0
บัญชีรายชื่อ,7,เชียงใหม่,ไชยปราการ,ปงตำ,743,1004,ไม่เลือกผู้ใด,11
บัญชีรายชื่อ,7,เชียงใหม่,ไชยปราการ,ปงตำ,692,1011,ไม่เลือกผู้ใด,24
บัญชีรายชื่อ,7,เชียงใหม่,ไชยปราการ,ปงตำ,752,1018,ไม่เลือกผู้ใด,8
บัญชีรายชื่อ,7,เชียงใหม่,ไชยปราการ,ปงตำ,578,749,ไม่เลือกผู้ใด,0
บัญชีรายชื่อ,7,เชียงใหม่,ไชยปราการ,ปงตำ,242,333,ไม่เลือกผู้ใด,5
บัญชีรายชื่อ,7,เชียงใหม่,ไชยปราการ,ปงตำ,379,479,ไม่เลือกผู้ใด,1
บัญชีรายชื่อ,7,เชียงใหม่,ไชยปราการ,ปงตำ,517,674,ไม่เลือกผู้ใด,3
บัญชีรายชื่อ,7,เชียงใหม่,ไชยปราการ,ปงตำ,411,608,ไม่เลือกผู้ใด,8
บัญชีรายชื่อ,7,เชียงใหม่,ไชยปราการ,ปงตำ,135,186,ไม่เลือกผู้ใด,1
บัญชีรายชื่อ,7,เชียงใหม่,ไชยปราการ,แม่ทะลบ,529,657,ไม่เลือกผู้ใด,5
บัญชีรายชื่อ,7,เชียงใหม่,ไชยปราการ,แม่ทะลบ,469,605,ไม่เลือกผู้ใด,5
บัญชีรายชื่อ,7,เชียงใหม่,ไชยปราการ,แม่ทะลบ,470,578,ไม่เลือกผู้ใด,3
บัญชีรายชื่อ,7,เชียงใหม่,ไชยปราการ,แม่ทะลบ,730,968,ไม่เลือกผู้ใด,7
บัญชีรายชื่อ,7,เชียงใหม่,ไชยปราการ,แม่ทะลบ,535,684,ไม่เลือกผู้ใด,5
บัญชีรายชื่อ,7,เชียงใหม่,ไชยปราการ,แม่ทะลบ,447,554,ไม่เลือกผู้ใด,4
บัญชีรายชื่อ,7,เชียงใหม่,ไชยปราการ,แม่ทะลบ,363,460,ไม่เลือกผู้ใด,4
บัญชีรายชื่อ,7,เชียงใหม่,ไชยปราการ,แม่ทะลบ,388,509,ไม่เลือกผู้ใด,0
บัญชีรายชื่อ,7,เชียงใหม่,ไชยปราการ,แม่ทะลบ,410,537,ไม่เลือกผู้ใด,3
บัญชีรายชื่อ,7,เชียงใหม่,,,800,800,ไม่เลือกผู้ใด,4
บัญชีรายชื่อ,7,เชียงใหม่,,,799,800,ไม่เลือกผู้ใด,7
บัญชีรายชื่อ,7,เชียงใหม่,,,800,800,ไม่เลือกผู้ใด,5
บัญชีรายชื่อ,7,เชียงใหม่,,,800,800,ไม่เลือกผู้ใด,6
บัญชีรายชื่อ,7,เชียงใหม่,,,800,800,ไม่เลือกผู้ใด,8
บัญชีรายชื่อ,7,เชียงใหม่,,,800,800,ไม่เลือกผู้ใด,4
บัญชีรายชื่อ,7,เชียงใหม่,,,800,800,ไม่เลือกผู้ใด,3
บัญชีรายชื่อ,7,เชียงใหม่,,,482,482,ไม่เลือกผู้ใด,7
